state,district,category,indicator_no,indicator,nfhs6_value,nfhs5_value,small_sample_flag,boundary_change_single_round
Assam,Baksa,Population and Household Profile,1,Population below age 5 years (%),6.6,8.6,False,False
Assam,Baksa,Population and Household Profile,2,Population below age 15 years (%),23.9,26.5,False,False
Assam,Baksa,Population and Household Profile,3,Population age 60 years and above (%),11.3,8.8,False,False
Assam,Baksa,Population and Household Profile,4,Population living in households with electricity (%),98.4,98.1,False,False
Assam,Baksa,Population and Household Profile,5,Population living in households with an improved drinking-water source1 (%),95.1,89.8,False,False
Assam,Baksa,Population and Household Profile,6,Households using iodized salt (%),99.3,98.9,False,False
Assam,Baksa,Population and Household Profile,7,Households with any usual member covered under a health insurance/financing scheme (%),76.7,75.2,False,False
Assam,Baksa,Population and Household Profile,8,Households with any usual member having a bank account/post office account (%),97.5,95.7,False,False
Assam,Baksa,Population and Household Profile,9,Female population age 6 years and above who ever attended school (%),77.0,74.1,False,False
Assam,Baksa,Population and Household Profile,10,Households with any usual female members owning a house and/or land (alone or jointly with others) (%),6.7,10.5,False,False
Assam,Baksa,Population and Household Profile,11,Children age 2-4 years who attended pre-school (%),59.2,44.8,False,False
Assam,Baksa,Characteristics of Adults (age 15-49 years),12,Women with 10 or more years of schooling (%),39.8,27.8,False,False
Assam,Baksa,Characteristics of Adults (age 15-49 years),13,Men with 10 or more years of schooling (%),46.1,38.7,False,False
Assam,Baksa,Characteristics of Adults (age 15-49 years),14,Women who have ever used the internet (%),64.0,26.1,False,False
Assam,Baksa,Characteristics of Adults (age 15-49 years),15,Men who have ever used the internet (%),65.5,42.9,False,False
Assam,Baksa,Marriage and Fertility,16,Women age 20-24 years married before age 18 years (%),24.9,24.9,False,False
Assam,Baksa,Marriage and Fertility,17,Men age 25-29 years married before age 21 years (%),*,*,True,False
Assam,Baksa,Marriage and Fertility,18,Three or more births in the 5 years preceding the survey (%),0.0,0.0,False,False
Assam,Baksa,Marriage and Fertility,19,Women age 15-19 years who were already mothers or pregnant at the time of the survey (%),3.1,12.3,False,False
Assam,Baksa,Marriage and Fertility,20,Any method2 (%),69.4,59.2,False,False
Assam,Baksa,Marriage and Fertility,21,Any modern method2 (%),57.4,47.3,False,False
Assam,Baksa,Marriage and Fertility,22,Any traditional method (%),12.0,11.9,False,False
Assam,Baksa,Marriage and Fertility,23,Female sterilization (%),7.4,7.1,False,False
Assam,Baksa,Marriage and Fertility,24,Male sterilization (%),0.1,0.0,False,False
Assam,Baksa,Marriage and Fertility,25,Total unmet need3 (%),5.7,12.5,False,False
Assam,Baksa,Marriage and Fertility,26,Unmet need for spacing3 (%),3.1,5.6,False,False
Assam,Baksa,Marriage and Fertility,27,Unmet need for limiting3 (%),2.6,6.9,False,False
Assam,Baksa,Antenatal Care (for last birth in the 5 years before the survey),28,Mothers who had an antenatal check-up in the first trimester (%),72.7,61.1,False,False
Assam,Baksa,Antenatal Care (for last birth in the 5 years before the survey),29,Mothers who had any antenatal care visits (%),92.0,97.7,False,False
Assam,Baksa,Antenatal Care (for last birth in the 5 years before the survey),30,Mothers who had at least 4 antenatal care visits (%),41.9,56.0,False,False
Assam,Baksa,Antenatal Care (for last birth in the 5 years before the survey),31,Mothers whose last birth was protected against neonatal tetanus4 (%),94.1,95.0,False,False
Assam,Baksa,Antenatal Care (for last birth in the 5 years before the survey),32,Mothers who consumed iron folic acid for 100 days or more when they were pregnant (%),74.1,56.2,False,False
Assam,Baksa,Antenatal Care (for last birth in the 5 years before the survey),33,Mothers who consumed iron folic acid for 180 days or more when they were pregnant (%),52.0,30.2,False,False
Assam,Baksa,Antenatal Care (for last birth in the 5 years before the survey),34,Registered pregnancies for which the mother received a Mother and Child Protection (MCP) card (%),97.9,99.8,False,False
Assam,Baksa,Delivery Care (for births in the 5 years before the survey),35,Institutional births (%),96.1,89.9,False,False
Assam,Baksa,Delivery Care (for births in the 5 years before the survey),36,Institutional births in public facility (%),83.4,82.2,False,False
Assam,Baksa,Delivery Care (for births in the 5 years before the survey),37,Births attended by skilled health personnel5 (%),98.5,92.1,False,False
Assam,Baksa,Delivery Care (for births in the 5 years before the survey),38,Births delivered by caesarean section (%),24.8,17.6,False,False
Assam,Baksa,Delivery Care (for births in the 5 years before the survey),39,Births in a private health facility that were delivered by caesarean section (%),89.9,81.7,True,False
Assam,Baksa,Delivery Care (for births in the 5 years before the survey),40,Births in a public health facility that were delivered by caesarean section (%),16.0,13.8,False,False
Assam,Baksa,Postnatal Care (for last birth in the 5 years before the survey),41,Mothers who received postnatal care from a doctor/nurse/LHV/ANM/midwife/other health personnel within 2,61.6,65.0,False,False
Assam,Baksa,Postnatal Care (for last birth in the 5 years before the survey),42,Children born at home who were taken to a health facility for a check-up within 24 hours of birth (%),*,3.4,True,False
Assam,Baksa,Postnatal Care (for last birth in the 5 years before the survey),43,Children who received postnatal care from a doctor/nurse/LHV/ANM/midwife/other health personnel within 2,63.4,70.9,False,False
Assam,Baksa,Child Vaccinations and Vitamin A Supplementation,44,Children age 12-23 months fully vaccinated based on information from either vaccination card or mother's,83.7,70.5,True,False
Assam,Baksa,Child Vaccinations and Vitamin A Supplementation,45,Children age 12-23 months fully vaccinated based on information from vaccination card only7 (%),80.5,67.3,True,False
Assam,Baksa,Child Vaccinations and Vitamin A Supplementation,46,Children age 12-23 months who have received any vaccine (%),94.9,95.2,True,False
Assam,Baksa,Child Vaccinations and Vitamin A Supplementation,47,Children age 12-23 months who have received BCG (%),94.9,93.6,True,False
Assam,Baksa,Child Vaccinations and Vitamin A Supplementation,48,Children age 12-23 months who have received 3 doses of polio vaccine8 (%),83.7,78.3,True,False
Assam,Baksa,Child Vaccinations and Vitamin A Supplementation,49,Children age 12-23 months who have received 3 doses of pentavalent vaccine (%),94.9,87.2,True,False
Assam,Baksa,Child Vaccinations and Vitamin A Supplementation,50,Children age 12-23 months who have received the first dose of measles-containing vaccine (MCV) (%),94.9,91.9,True,False
Assam,Baksa,Child Vaccinations and Vitamin A Supplementation,51,Children age 24-35 months who have received a second dose of measles-containing vaccine (MCV) (%),74.7,47.7,True,False
Assam,Baksa,Child Vaccinations and Vitamin A Supplementation,52,Children age 12-23 months who have received birth dose of hepatitis B vaccine (%),79.2,63.8,True,False
Assam,Baksa,Child Vaccinations and Vitamin A Supplementation,53,Children age 12-23 months who have received 3 doses of rotavirus vaccine (%),89.2,53.8,True,False
Assam,Baksa,Child Vaccinations and Vitamin A Supplementation,54,Children age 9-35 months who received a vitamin A dose in the last 6 months (%),85.1,55.8,False,False
Assam,Baksa,Child Vaccinations and Vitamin A Supplementation,55,Children age 12-23 months who received most of their vaccinations in a public health facility (%),96.5,100.0,True,False
Assam,Baksa,Child Vaccinations and Vitamin A Supplementation,56,Children age 12-23 months who received most of their vaccinations in a private health facility (%),2.7,0.0,True,False
Assam,Baksa,Treatment of Childhood Diseases (children under age 5 years),57,Prevalence of diarrhoea in the 2 weeks preceding the survey (%),0.5,5.8,False,False
Assam,Baksa,Treatment of Childhood Diseases (children under age 5 years),58,Prevalence of symptoms of acute respiratory infection (ARI) in the 2 weeks preceding the survey (%),0.7,0.8,False,False
Assam,Baksa,Treatment of Childhood Diseases (children under age 5 years),59,Children with fever or symptoms of ARI in the 2 weeks preceding the survey taken to a health facility or,*,59.0,True,False
Assam,Baksa,Child Feeding Practices and Nutritional Status of Children,60,Children under age 3 years breastfed within one hour of birth9 (%),52.0,34.9,False,False
Assam,Baksa,Child Feeding Practices and Nutritional Status of Children,61,Children under age 6 months exclusively breastfed10 (%),37.0,60.6,True,False
Assam,Baksa,Child Feeding Practices and Nutritional Status of Children,62,Children under age 6 months currently breastfeeding10 (%),100.0,98.1,True,False
Assam,Baksa,Child Feeding Practices and Nutritional Status of Children,63,Children under age 6 months exclusively breastfed or breastfeeding and consuming plain water/other,80.6,80.2,True,False
Assam,Baksa,Child Feeding Practices and Nutritional Status of Children,64,Children age 6-8 months receiving solid or semi-solid food and breastmilk10 (%),*,69.4,True,False
Assam,Baksa,Child Feeding Practices and Nutritional Status of Children,65,"Breastfeeding children age 6-23 months receiving an adequate diet10, 11 (%)",13.9,12.6,False,False
Assam,Baksa,Child Feeding Practices and Nutritional Status of Children,66,"Non-breastfeeding children age 6-23 months receiving an adequate diet10, 11 (%)",*,*,True,False
Assam,Baksa,Child Feeding Practices and Nutritional Status of Children,67,"Total children age 6-23 months receiving an adequate diet10, 11 (%)",18.4,14.0,False,False
Assam,Baksa,Child Feeding Practices and Nutritional Status of Children,68,Children under 5 years who are stunted (height-for-age)12 (%),31.3,41.2,False,False
Assam,Baksa,Child Feeding Practices and Nutritional Status of Children,69,Children under 5 years who are wasted (weight-for-height)12 (%),23.3,17.0,False,False
Assam,Baksa,Child Feeding Practices and Nutritional Status of Children,70,Children under 5 years who are severely wasted (weight-for-height)13 (%),5.9,6.2,False,False
Assam,Baksa,Child Feeding Practices and Nutritional Status of Children,71,Children under 5 years who are underweight (weight-for-age)12 (%),32.1,34.0,False,False
Assam,Baksa,Child Feeding Practices and Nutritional Status of Children,72,Children under 5 years who are overweight (weight-for-height)14 (%),4.4,8.6,False,False
Assam,Baksa,Nutritional Status of Adults (age 15-49 years),73,Women whose Body Mass Index (BMI) is below normal (BMI <18.5 kg/m2)15 (%),12.1,15.1,False,False
Assam,Baksa,Nutritional Status of Adults (age 15-49 years),74,Women who are overweight or obese (BMI ≥25.0 kg/m2)15 (%),17.7,18.8,False,False
Assam,Baksa,Women,75,Blood sugar level - high (141-160 mg/dl)16 (%),6.2,8.7,False,False
Assam,Baksa,Women,76,Blood sugar level - very high (>160 mg/dl)16 (%),6.1,4.0,False,False
Assam,Baksa,Women,77,Blood sugar level - high or very high (>140 mg/dl) or taking medicine to control blood sugar level16 (%),12.9,13.4,False,False
Assam,Baksa,Men,78,Blood sugar level - high (141-160 mg/dl)16 (%),6.9,9.4,False,False
Assam,Baksa,Men,79,Blood sugar level - very high (>160 mg/dl)16 (%),8.3,6.3,False,False
Assam,Baksa,Men,80,Blood sugar level - high or very high (>140 mg/dl) or taking medicine to control blood sugar level16 (%),15.7,16.1,False,False
Assam,Baksa,Women,81,Mildly elevated blood pressure (Systolic 140-159 mm of Hg and/or Diastolic 90-99 mm of Hg) (%),14.8,14.9,False,False
Assam,Baksa,Women,82,Moderately or severely elevated blood pressure (Systolic ≥160 mm of Hg and/or Diastolic ≥100 mm,6.6,7.2,False,False
Assam,Baksa,Women,83,Elevated blood pressure (Systolic ≥140 mm of Hg and/or Diastolic ≥90 mm of Hg) or taking medicine to,24.1,24.5,False,False
Assam,Baksa,Men,84,Mildly elevated blood pressure (Systolic 140-159 mm of Hg and/or Diastolic 90-99 mm of Hg) (%),17.5,17.8,False,False
Assam,Baksa,Men,85,Moderately or severely elevated blood pressure (Systolic ≥160 mm of Hg and/or Diastolic ≥100 mm,5.6,5.3,False,False
Assam,Baksa,Men,86,Elevated blood pressure (Systolic ≥140 mm of Hg and/or Diastolic ≥90 mm of Hg) or taking medicine to,25.7,25.0,False,False
Assam,Baksa,Men,87,Women having a bank or savings account that they themselves use (%),92.7,85.5,False,False
Assam,Baksa,Men,88,Women having a mobile phone that they themselves use (%),70.7,65.8,False,False
Assam,Baksa,Men,89,Women age 15-24 years who use hygienic methods of protection during their menstrual period17 (%),89.3,67.0,False,False
Assam,Baksa,Tobacco Use and Alcohol Consumption among Adults (age 15 years and above),90,Women age 15 years and above who use any kind of tobacco (%),11.7,14.9,False,False
Assam,Baksa,Tobacco Use and Alcohol Consumption among Adults (age 15 years and above),91,Men age 15 years and above who use any kind of tobacco (%),45.9,57.6,False,False
Assam,Baksa,Tobacco Use and Alcohol Consumption among Adults (age 15 years and above),92,Women age 15 years and above who consume alcohol (%),10.9,11.9,False,False
Assam,Baksa,Tobacco Use and Alcohol Consumption among Adults (age 15 years and above),93,Men age 15 years and above who consume alcohol (%),34.6,33.4,False,False
Assam,Barpeta,Population and Household Profile,1,Population below age 5 years (%),8.3,8.5,False,False
Assam,Barpeta,Population and Household Profile,2,Population below age 15 years (%),27.6,30.1,False,False
Assam,Barpeta,Population and Household Profile,3,Population age 60 years and above (%),10.2,7.4,False,False
Assam,Barpeta,Population and Household Profile,4,Population living in households with electricity (%),97.2,88.9,False,False
Assam,Barpeta,Population and Household Profile,5,Population living in households with an improved drinking-water source1 (%),99.2,98.1,False,False
Assam,Barpeta,Population and Household Profile,6,Households using iodized salt (%),96.7,96.3,False,False
Assam,Barpeta,Population and Household Profile,7,Households with any usual member covered under a health insurance/financing scheme (%),76.1,64.6,False,False
Assam,Barpeta,Population and Household Profile,8,Households with any usual member having a bank account/post office account (%),99.6,95.8,False,False
Assam,Barpeta,Population and Household Profile,9,Female population age 6 years and above who ever attended school (%),75.9,75.4,False,False
Assam,Barpeta,Population and Household Profile,10,Households with any usual female members owning a house and/or land (alone or jointly with others) (%),9.7,7.8,False,False
Assam,Barpeta,Population and Household Profile,11,Children age 2-4 years who attended pre-school (%),64.2,41.3,False,False
Assam,Barpeta,Characteristics of Adults (age 15-49 years),12,Women with 10 or more years of schooling (%),34.2,31.7,False,False
Assam,Barpeta,Characteristics of Adults (age 15-49 years),13,Men with 10 or more years of schooling (%),41.8,34.3,False,False
Assam,Barpeta,Characteristics of Adults (age 15-49 years),14,Women who have ever used the internet (%),47.7,16.8,False,False
Assam,Barpeta,Characteristics of Adults (age 15-49 years),15,Men who have ever used the internet (%),48.7,33.1,False,False
Assam,Barpeta,Marriage and Fertility,16,Women age 20-24 years married before age 18 years (%),45.3,40.1,False,False
Assam,Barpeta,Marriage and Fertility,17,Men age 25-29 years married before age 21 years (%),18.0,*,True,False
Assam,Barpeta,Marriage and Fertility,18,Three or more births in the 5 years preceding the survey (%),0.0,0.0,False,False
Assam,Barpeta,Marriage and Fertility,19,Women age 15-19 years who were already mothers or pregnant at the time of the survey (%),9.1,14.2,False,False
Assam,Barpeta,Marriage and Fertility,20,Any method2 (%),77.1,57.3,False,False
Assam,Barpeta,Marriage and Fertility,21,Any modern method2 (%),64.4,47.4,False,False
Assam,Barpeta,Marriage and Fertility,22,Any traditional method (%),12.7,9.9,False,False
Assam,Barpeta,Marriage and Fertility,23,Female sterilization (%),6.5,5.5,False,False
Assam,Barpeta,Marriage and Fertility,24,Male sterilization (%),0.4,0.1,False,False
Assam,Barpeta,Marriage and Fertility,25,Total unmet need3 (%),6.2,12.3,False,False
Assam,Barpeta,Marriage and Fertility,26,Unmet need for spacing3 (%),3.2,3.9,False,False
Assam,Barpeta,Marriage and Fertility,27,Unmet need for limiting3 (%),3.0,8.4,False,False
Assam,Barpeta,Antenatal Care (for last birth in the 5 years before the survey),28,Mothers who had an antenatal check-up in the first trimester (%),67.0,62.2,False,False
Assam,Barpeta,Antenatal Care (for last birth in the 5 years before the survey),29,Mothers who had any antenatal care visits (%),91.1,95.2,False,False
Assam,Barpeta,Antenatal Care (for last birth in the 5 years before the survey),30,Mothers who had at least 4 antenatal care visits (%),38.7,43.6,False,False
Assam,Barpeta,Antenatal Care (for last birth in the 5 years before the survey),31,Mothers whose last birth was protected against neonatal tetanus4 (%),90.9,94.9,False,False
Assam,Barpeta,Antenatal Care (for last birth in the 5 years before the survey),32,Mothers who consumed iron folic acid for 100 days or more when they were pregnant (%),58.3,49.4,False,False
Assam,Barpeta,Antenatal Care (for last birth in the 5 years before the survey),33,Mothers who consumed iron folic acid for 180 days or more when they were pregnant (%),29.6,21.8,False,False
Assam,Barpeta,Antenatal Care (for last birth in the 5 years before the survey),34,Registered pregnancies for which the mother received a Mother and Child Protection (MCP) card (%),98.2,99.1,False,False
Assam,Barpeta,Delivery Care (for births in the 5 years before the survey),35,Institutional births (%),85.9,87.6,False,False
Assam,Barpeta,Delivery Care (for births in the 5 years before the survey),36,Institutional births in public facility (%),78.1,82.3,False,False
Assam,Barpeta,Delivery Care (for births in the 5 years before the survey),37,Births attended by skilled health personnel5 (%),87.1,87.6,False,False
Assam,Barpeta,Delivery Care (for births in the 5 years before the survey),38,Births delivered by caesarean section (%),22.3,12.7,False,False
Assam,Barpeta,Delivery Care (for births in the 5 years before the survey),39,Births in a private health facility that were delivered by caesarean section (%),85.1,*,True,False
Assam,Barpeta,Delivery Care (for births in the 5 years before the survey),40,Births in a public health facility that were delivered by caesarean section (%),20.0,12.4,False,False
Assam,Barpeta,Postnatal Care (for last birth in the 5 years before the survey),41,Mothers who received postnatal care from a doctor/nurse/LHV/ANM/midwife/other health personnel within 2,61.3,70.5,False,False
Assam,Barpeta,Postnatal Care (for last birth in the 5 years before the survey),42,Children born at home who were taken to a health facility for a check-up within 24 hours of birth (%),2.1,0.0,True,False
Assam,Barpeta,Postnatal Care (for last birth in the 5 years before the survey),43,Children who received postnatal care from a doctor/nurse/LHV/ANM/midwife/other health personnel within 2,62.2,73.9,False,False
Assam,Barpeta,Child Vaccinations and Vitamin A Supplementation,44,Children age 12-23 months fully vaccinated based on information from either vaccination card or mother's,89.1,54.6,False,False
Assam,Barpeta,Child Vaccinations and Vitamin A Supplementation,45,Children age 12-23 months fully vaccinated based on information from vaccination card only7 (%),91.3,59.6,False,False
Assam,Barpeta,Child Vaccinations and Vitamin A Supplementation,46,Children age 12-23 months who have received any vaccine (%),98.9,97.2,False,False
Assam,Barpeta,Child Vaccinations and Vitamin A Supplementation,47,Children age 12-23 months who have received BCG (%),94.0,94.3,False,False
Assam,Barpeta,Child Vaccinations and Vitamin A Supplementation,48,Children age 12-23 months who have received 3 doses of polio vaccine8 (%),92.2,67.5,False,False
Assam,Barpeta,Child Vaccinations and Vitamin A Supplementation,49,Children age 12-23 months who have received 3 doses of pentavalent vaccine (%),92.2,73.6,False,False
Assam,Barpeta,Child Vaccinations and Vitamin A Supplementation,50,Children age 12-23 months who have received the first dose of measles-containing vaccine (MCV) (%),95.2,83.8,False,False
Assam,Barpeta,Child Vaccinations and Vitamin A Supplementation,51,Children age 24-35 months who have received a second dose of measles-containing vaccine (MCV) (%),80.3,24.5,False,False
Assam,Barpeta,Child Vaccinations and Vitamin A Supplementation,52,Children age 12-23 months who have received birth dose of hepatitis B vaccine (%),62.3,62.3,False,False
Assam,Barpeta,Child Vaccinations and Vitamin A Supplementation,53,Children age 12-23 months who have received 3 doses of rotavirus vaccine (%),92.1,40.8,False,False
Assam,Barpeta,Child Vaccinations and Vitamin A Supplementation,54,Children age 9-35 months who received a vitamin A dose in the last 6 months (%),83.7,48.2,False,False
Assam,Barpeta,Child Vaccinations and Vitamin A Supplementation,55,Children age 12-23 months who received most of their vaccinations in a public health facility (%),98.5,97.4,False,False
Assam,Barpeta,Child Vaccinations and Vitamin A Supplementation,56,Children age 12-23 months who received most of their vaccinations in a private health facility (%),0.0,1.4,False,False
Assam,Barpeta,Treatment of Childhood Diseases (children under age 5 years),57,Prevalence of diarrhoea in the 2 weeks preceding the survey (%),0.8,1.7,False,False
Assam,Barpeta,Treatment of Childhood Diseases (children under age 5 years),58,Prevalence of symptoms of acute respiratory infection (ARI) in the 2 weeks preceding the survey (%),0.6,1.5,False,False
Assam,Barpeta,Treatment of Childhood Diseases (children under age 5 years),59,Children with fever or symptoms of ARI in the 2 weeks preceding the survey taken to a health facility or,41.3,64.9,True,False
Assam,Barpeta,Child Feeding Practices and Nutritional Status of Children,60,Children under age 3 years breastfed within one hour of birth9 (%),64.1,45.9,False,False
Assam,Barpeta,Child Feeding Practices and Nutritional Status of Children,61,Children under age 6 months exclusively breastfed10 (%),32.1,65.1,True,False
Assam,Barpeta,Child Feeding Practices and Nutritional Status of Children,62,Children under age 6 months currently breastfeeding10 (%),94.8,96.9,True,False
Assam,Barpeta,Child Feeding Practices and Nutritional Status of Children,63,Children under age 6 months exclusively breastfed or breastfeeding and consuming plain water/other,69.1,82.5,True,False
Assam,Barpeta,Child Feeding Practices and Nutritional Status of Children,64,Children age 6-8 months receiving solid or semi-solid food and breastmilk10 (%),*,*,True,False
Assam,Barpeta,Child Feeding Practices and Nutritional Status of Children,65,"Breastfeeding children age 6-23 months receiving an adequate diet10, 11 (%)",8.0,5.9,False,False
Assam,Barpeta,Child Feeding Practices and Nutritional Status of Children,66,"Non-breastfeeding children age 6-23 months receiving an adequate diet10, 11 (%)",*,*,True,False
Assam,Barpeta,Child Feeding Practices and Nutritional Status of Children,67,"Total children age 6-23 months receiving an adequate diet10, 11 (%)",8.0,5.5,False,False
Assam,Barpeta,Child Feeding Practices and Nutritional Status of Children,68,Children under 5 years who are stunted (height-for-age)12 (%),34.1,29.8,False,False
Assam,Barpeta,Child Feeding Practices and Nutritional Status of Children,69,Children under 5 years who are wasted (weight-for-height)12 (%),20.4,19.5,False,False
Assam,Barpeta,Child Feeding Practices and Nutritional Status of Children,70,Children under 5 years who are severely wasted (weight-for-height)13 (%),6.9,7.5,False,False
Assam,Barpeta,Child Feeding Practices and Nutritional Status of Children,71,Children under 5 years who are underweight (weight-for-age)12 (%),35.5,26.2,False,False
Assam,Barpeta,Child Feeding Practices and Nutritional Status of Children,72,Children under 5 years who are overweight (weight-for-height)14 (%),3.7,6.1,False,False
Assam,Barpeta,Nutritional Status of Adults (age 15-49 years),73,Women whose Body Mass Index (BMI) is below normal (BMI <18.5 kg/m2)15 (%),16.2,14.6,False,False
Assam,Barpeta,Nutritional Status of Adults (age 15-49 years),74,Women who are overweight or obese (BMI ≥25.0 kg/m2)15 (%),20.1,16.5,False,False
Assam,Barpeta,Women,75,Blood sugar level - high (141-160 mg/dl)16 (%),5.9,8.1,False,False
Assam,Barpeta,Women,76,Blood sugar level - very high (>160 mg/dl)16 (%),6.4,4.3,False,False
Assam,Barpeta,Women,77,Blood sugar level - high or very high (>140 mg/dl) or taking medicine to control blood sugar level16 (%),12.4,14.0,False,False
Assam,Barpeta,Men,78,Blood sugar level - high (141-160 mg/dl)16 (%),7.0,10.2,False,False
Assam,Barpeta,Men,79,Blood sugar level - very high (>160 mg/dl)16 (%),9.1,4.8,False,False
Assam,Barpeta,Men,80,Blood sugar level - high or very high (>140 mg/dl) or taking medicine to control blood sugar level16 (%),16.4,17.0,False,False
Assam,Barpeta,Women,81,Mildly elevated blood pressure (Systolic 140-159 mm of Hg and/or Diastolic 90-99 mm of Hg) (%),9.9,9.6,False,False
Assam,Barpeta,Women,82,Moderately or severely elevated blood pressure (Systolic ≥160 mm of Hg and/or Diastolic ≥100 mm,4.1,3.9,False,False
Assam,Barpeta,Women,83,Elevated blood pressure (Systolic ≥140 mm of Hg and/or Diastolic ≥90 mm of Hg) or taking medicine to,16.6,17.9,False,False
Assam,Barpeta,Men,84,Mildly elevated blood pressure (Systolic 140-159 mm of Hg and/or Diastolic 90-99 mm of Hg) (%),10.5,10.0,False,False
Assam,Barpeta,Men,85,Moderately or severely elevated blood pressure (Systolic ≥160 mm of Hg and/or Diastolic ≥100 mm,4.2,3.0,False,False
Assam,Barpeta,Men,86,Elevated blood pressure (Systolic ≥140 mm of Hg and/or Diastolic ≥90 mm of Hg) or taking medicine to,17.1,16.7,False,False
Assam,Barpeta,Men,87,Women having a bank or savings account that they themselves use (%),92.5,76.3,False,False
Assam,Barpeta,Men,88,Women having a mobile phone that they themselves use (%),54.9,50.4,False,False
Assam,Barpeta,Men,89,Women age 15-24 years who use hygienic methods of protection during their menstrual period17 (%),73.3,63.5,False,False
Assam,Barpeta,Tobacco Use and Alcohol Consumption among Adults (age 15 years and above),90,Women age 15 years and above who use any kind of tobacco (%),15.8,14.3,False,False
Assam,Barpeta,Tobacco Use and Alcohol Consumption among Adults (age 15 years and above),91,Men age 15 years and above who use any kind of tobacco (%),45.2,46.4,False,False
Assam,Barpeta,Tobacco Use and Alcohol Consumption among Adults (age 15 years and above),92,Women age 15 years and above who consume alcohol (%),0.9,0.7,False,False
Assam,Barpeta,Tobacco Use and Alcohol Consumption among Adults (age 15 years and above),93,Men age 15 years and above who consume alcohol (%),7.7,8.0,False,False
Assam,Biswanath,Population and Household Profile,1,Population below age 5 years (%),5.4,7.7,False,False
Assam,Biswanath,Population and Household Profile,2,Population below age 15 years (%),24.4,28.7,False,False
Assam,Biswanath,Population and Household Profile,3,Population age 60 years and above (%),9.3,8.6,False,False
Assam,Biswanath,Population and Household Profile,4,Population living in households with electricity (%),96.3,91.1,False,False
Assam,Biswanath,Population and Household Profile,5,Population living in households with an improved drinking-water source1 (%),85.2,76.2,False,False
Assam,Biswanath,Population and Household Profile,6,Households using iodized salt (%),98.7,98.0,False,False
Assam,Biswanath,Population and Household Profile,7,Households with any usual member covered under a health insurance/financing scheme (%),73.8,78.4,False,False
Assam,Biswanath,Population and Household Profile,8,Households with any usual member having a bank account/post office account (%),97.6,97.0,False,False
Assam,Biswanath,Population and Household Profile,9,Female population age 6 years and above who ever attended school (%),75.1,72.1,False,False
Assam,Biswanath,Population and Household Profile,10,Households with any usual female members owning a house and/or land (alone or jointly with others) (%),7.4,9.5,False,False
Assam,Biswanath,Population and Household Profile,11,Children age 2-4 years who attended pre-school (%),50.7,39.8,False,False
Assam,Biswanath,Characteristics of Adults (age 15-49 years),12,Women with 10 or more years of schooling (%),38.8,23.0,False,False
Assam,Biswanath,Characteristics of Adults (age 15-49 years),13,Men with 10 or more years of schooling (%),48.4,40.0,False,False
Assam,Biswanath,Characteristics of Adults (age 15-49 years),14,Women who have ever used the internet (%),57.7,31.5,False,False
Assam,Biswanath,Characteristics of Adults (age 15-49 years),15,Men who have ever used the internet (%),74.2,55.6,False,False
Assam,Biswanath,Marriage and Fertility,16,Women age 20-24 years married before age 18 years (%),24.1,25.3,False,False
Assam,Biswanath,Marriage and Fertility,17,Men age 25-29 years married before age 21 years (%),*,*,True,False
Assam,Biswanath,Marriage and Fertility,18,Three or more births in the 5 years preceding the survey (%),0.0,0.8,False,False
Assam,Biswanath,Marriage and Fertility,19,Women age 15-19 years who were already mothers or pregnant at the time of the survey (%),3.8,9.0,False,False
Assam,Biswanath,Marriage and Fertility,20,Any method2 (%),74.9,72.4,False,False
Assam,Biswanath,Marriage and Fertility,21,Any modern method2 (%),63.4,56.1,False,False
Assam,Biswanath,Marriage and Fertility,22,Any traditional method (%),11.5,16.3,False,False
Assam,Biswanath,Marriage and Fertility,23,Female sterilization (%),6.8,11.9,False,False
Assam,Biswanath,Marriage and Fertility,24,Male sterilization (%),0.5,0.3,False,False
Assam,Biswanath,Marriage and Fertility,25,Total unmet need3 (%),7.4,5.3,False,False
Assam,Biswanath,Marriage and Fertility,26,Unmet need for spacing3 (%),3.1,1.4,False,False
Assam,Biswanath,Marriage and Fertility,27,Unmet need for limiting3 (%),4.3,3.9,False,False
Assam,Biswanath,Antenatal Care (for last birth in the 5 years before the survey),28,Mothers who had an antenatal check-up in the first trimester (%),73.5,41.2,False,False
Assam,Biswanath,Antenatal Care (for last birth in the 5 years before the survey),29,Mothers who had any antenatal care visits (%),89.2,94.7,False,False
Assam,Biswanath,Antenatal Care (for last birth in the 5 years before the survey),30,Mothers who had at least 4 antenatal care visits (%),54.1,46.5,False,False
Assam,Biswanath,Antenatal Care (for last birth in the 5 years before the survey),31,Mothers whose last birth was protected against neonatal tetanus4 (%),95.7,94.6,False,False
Assam,Biswanath,Antenatal Care (for last birth in the 5 years before the survey),32,Mothers who consumed iron folic acid for 100 days or more when they were pregnant (%),80.1,63.7,False,False
Assam,Biswanath,Antenatal Care (for last birth in the 5 years before the survey),33,Mothers who consumed iron folic acid for 180 days or more when they were pregnant (%),52.3,21.4,False,False
Assam,Biswanath,Antenatal Care (for last birth in the 5 years before the survey),34,Registered pregnancies for which the mother received a Mother and Child Protection (MCP) card (%),98.4,99.3,False,False
Assam,Biswanath,Delivery Care (for births in the 5 years before the survey),35,Institutional births (%),95.6,84.3,False,False
Assam,Biswanath,Delivery Care (for births in the 5 years before the survey),36,Institutional births in public facility (%),85.9,74.0,False,False
Assam,Biswanath,Delivery Care (for births in the 5 years before the survey),37,Births attended by skilled health personnel5 (%),96.0,84.6,False,False
Assam,Biswanath,Delivery Care (for births in the 5 years before the survey),38,Births delivered by caesarean section (%),17.5,15.3,False,False
Assam,Biswanath,Delivery Care (for births in the 5 years before the survey),39,Births in a private health facility that were delivered by caesarean section (%),*,70.6,True,False
Assam,Biswanath,Delivery Care (for births in the 5 years before the survey),40,Births in a public health facility that were delivered by caesarean section (%),13.7,11.0,False,False
Assam,Biswanath,Postnatal Care (for last birth in the 5 years before the survey),41,Mothers who received postnatal care from a doctor/nurse/LHV/ANM/midwife/other health personnel within 2,78.8,56.5,False,False
Assam,Biswanath,Postnatal Care (for last birth in the 5 years before the survey),42,Children born at home who were taken to a health facility for a check-up within 24 hours of birth (%),*,2.8,True,False
Assam,Biswanath,Postnatal Care (for last birth in the 5 years before the survey),43,Children who received postnatal care from a doctor/nurse/LHV/ANM/midwife/other health personnel within 2,78.0,58.1,False,False
Assam,Biswanath,Child Vaccinations and Vitamin A Supplementation,44,Children age 12-23 months fully vaccinated based on information from either vaccination card or mother's,77.4,66.2,False,False
Assam,Biswanath,Child Vaccinations and Vitamin A Supplementation,45,Children age 12-23 months fully vaccinated based on information from vaccination card only7 (%),82.7,74.3,True,False
Assam,Biswanath,Child Vaccinations and Vitamin A Supplementation,46,Children age 12-23 months who have received any vaccine (%),96.9,92.9,False,False
Assam,Biswanath,Child Vaccinations and Vitamin A Supplementation,47,Children age 12-23 months who have received BCG (%),94.4,88.3,False,False
Assam,Biswanath,Child Vaccinations and Vitamin A Supplementation,48,Children age 12-23 months who have received 3 doses of polio vaccine8 (%),83.4,69.2,False,False
Assam,Biswanath,Child Vaccinations and Vitamin A Supplementation,49,Children age 12-23 months who have received 3 doses of pentavalent vaccine (%),84.9,82.5,False,False
Assam,Biswanath,Child Vaccinations and Vitamin A Supplementation,50,Children age 12-23 months who have received the first dose of measles-containing vaccine (MCV) (%),87.4,87.2,False,False
Assam,Biswanath,Child Vaccinations and Vitamin A Supplementation,51,Children age 24-35 months who have received a second dose of measles-containing vaccine (MCV) (%),71.9,37.9,True,False
Assam,Biswanath,Child Vaccinations and Vitamin A Supplementation,52,Children age 12-23 months who have received birth dose of hepatitis B vaccine (%),70.2,61.6,False,False
Assam,Biswanath,Child Vaccinations and Vitamin A Supplementation,53,Children age 12-23 months who have received 3 doses of rotavirus vaccine (%),85.0,54.0,False,False
Assam,Biswanath,Child Vaccinations and Vitamin A Supplementation,54,Children age 9-35 months who received a vitamin A dose in the last 6 months (%),89.6,61.4,False,False
Assam,Biswanath,Child Vaccinations and Vitamin A Supplementation,55,Children age 12-23 months who received most of their vaccinations in a public health facility (%),100.0,100.0,True,False
Assam,Biswanath,Child Vaccinations and Vitamin A Supplementation,56,Children age 12-23 months who received most of their vaccinations in a private health facility (%),0.0,0.0,True,False
Assam,Biswanath,Treatment of Childhood Diseases (children under age 5 years),57,Prevalence of diarrhoea in the 2 weeks preceding the survey (%),0.0,3.7,False,False
Assam,Biswanath,Treatment of Childhood Diseases (children under age 5 years),58,Prevalence of symptoms of acute respiratory infection (ARI) in the 2 weeks preceding the survey (%),0.2,2.0,False,False
Assam,Biswanath,Treatment of Childhood Diseases (children under age 5 years),59,Children with fever or symptoms of ARI in the 2 weeks preceding the survey taken to a health facility or,60.5,49.1,True,False
Assam,Biswanath,Child Feeding Practices and Nutritional Status of Children,60,Children under age 3 years breastfed within one hour of birth9 (%),68.4,62.7,False,False
Assam,Biswanath,Child Feeding Practices and Nutritional Status of Children,61,Children under age 6 months exclusively breastfed10 (%),*,68.0,True,False
Assam,Biswanath,Child Feeding Practices and Nutritional Status of Children,62,Children under age 6 months currently breastfeeding10 (%),*,100.0,True,False
Assam,Biswanath,Child Feeding Practices and Nutritional Status of Children,63,Children under age 6 months exclusively breastfed or breastfeeding and consuming plain water/other,*,84.1,True,False
Assam,Biswanath,Child Feeding Practices and Nutritional Status of Children,64,Children age 6-8 months receiving solid or semi-solid food and breastmilk10 (%),*,*,True,False
Assam,Biswanath,Child Feeding Practices and Nutritional Status of Children,65,"Breastfeeding children age 6-23 months receiving an adequate diet10, 11 (%)",18.9,14.8,False,False
Assam,Biswanath,Child Feeding Practices and Nutritional Status of Children,66,"Non-breastfeeding children age 6-23 months receiving an adequate diet10, 11 (%)",*,*,True,False
Assam,Biswanath,Child Feeding Practices and Nutritional Status of Children,67,"Total children age 6-23 months receiving an adequate diet10, 11 (%)",18.2,14.5,False,False
Assam,Biswanath,Child Feeding Practices and Nutritional Status of Children,68,Children under 5 years who are stunted (height-for-age)12 (%),29.6,42.7,False,False
Assam,Biswanath,Child Feeding Practices and Nutritional Status of Children,69,Children under 5 years who are wasted (weight-for-height)12 (%),24.4,27.1,False,False
Assam,Biswanath,Child Feeding Practices and Nutritional Status of Children,70,Children under 5 years who are severely wasted (weight-for-height)13 (%),10.3,13.7,False,False
Assam,Biswanath,Child Feeding Practices and Nutritional Status of Children,71,Children under 5 years who are underweight (weight-for-age)12 (%),27.0,41.0,False,False
Assam,Biswanath,Child Feeding Practices and Nutritional Status of Children,72,Children under 5 years who are overweight (weight-for-height)14 (%),2.6,3.3,False,False
Assam,Biswanath,Nutritional Status of Adults (age 15-49 years),73,Women whose Body Mass Index (BMI) is below normal (BMI <18.5 kg/m2)15 (%),16.1,22.0,False,False
Assam,Biswanath,Nutritional Status of Adults (age 15-49 years),74,Women who are overweight or obese (BMI ≥25.0 kg/m2)15 (%),12.8,10.6,False,False
Assam,Biswanath,Women,75,Blood sugar level - high (141-160 mg/dl)16 (%),3.9,5.5,False,False
Assam,Biswanath,Women,76,Blood sugar level - very high (>160 mg/dl)16 (%),3.3,2.6,False,False
Assam,Biswanath,Women,77,Blood sugar level - high or very high (>140 mg/dl) or taking medicine to control blood sugar level16 (%),7.7,8.1,False,False
Assam,Biswanath,Men,78,Blood sugar level - high (141-160 mg/dl)16 (%),7.2,5.7,False,False
Assam,Biswanath,Men,79,Blood sugar level - very high (>160 mg/dl)16 (%),5.2,4.4,False,False
Assam,Biswanath,Men,80,Blood sugar level - high or very high (>140 mg/dl) or taking medicine to control blood sugar level16 (%),13.2,10.4,False,False
Assam,Biswanath,Women,81,Mildly elevated blood pressure (Systolic 140-159 mm of Hg and/or Diastolic 90-99 mm of Hg) (%),13.3,14.5,False,False
Assam,Biswanath,Women,82,Moderately or severely elevated blood pressure (Systolic ≥160 mm of Hg and/or Diastolic ≥100 mm,5.5,7.0,False,False
Assam,Biswanath,Women,83,Elevated blood pressure (Systolic ≥140 mm of Hg and/or Diastolic ≥90 mm of Hg) or taking medicine to,20.8,23.5,False,False
Assam,Biswanath,Men,84,Mildly elevated blood pressure (Systolic 140-159 mm of Hg and/or Diastolic 90-99 mm of Hg) (%),15.9,19.1,False,False
Assam,Biswanath,Men,85,Moderately or severely elevated blood pressure (Systolic ≥160 mm of Hg and/or Diastolic ≥100 mm,5.6,7.6,False,False
Assam,Biswanath,Men,86,Elevated blood pressure (Systolic ≥140 mm of Hg and/or Diastolic ≥90 mm of Hg) or taking medicine to,24.5,28.4,False,False
Assam,Biswanath,Men,87,Women having a bank or savings account that they themselves use (%),91.9,77.2,False,False
Assam,Biswanath,Men,88,Women having a mobile phone that they themselves use (%),73.9,57.9,False,False
Assam,Biswanath,Men,89,Women age 15-24 years who use hygienic methods of protection during their menstrual period17 (%),84.3,70.9,False,False
Assam,Biswanath,Tobacco Use and Alcohol Consumption among Adults (age 15 years and above),90,Women age 15 years and above who use any kind of tobacco (%),22.7,27.8,False,False
Assam,Biswanath,Tobacco Use and Alcohol Consumption among Adults (age 15 years and above),91,Men age 15 years and above who use any kind of tobacco (%),53.4,61.6,False,False
Assam,Biswanath,Tobacco Use and Alcohol Consumption among Adults (age 15 years and above),92,Women age 15 years and above who consume alcohol (%),9.8,11.5,False,False
Assam,Biswanath,Tobacco Use and Alcohol Consumption among Adults (age 15 years and above),93,Men age 15 years and above who consume alcohol (%),35.2,40.5,False,False
Assam,Bongaigaon,Population and Household Profile,1,Population below age 5 years (%),7.7,8.1,False,False
Assam,Bongaigaon,Population and Household Profile,2,Population below age 15 years (%),26.3,28.9,False,False
Assam,Bongaigaon,Population and Household Profile,3,Population age 60 years and above (%),8.8,7.5,False,False
Assam,Bongaigaon,Population and Household Profile,4,Population living in households with electricity (%),98.1,97.0,False,False
Assam,Bongaigaon,Population and Household Profile,5,Population living in households with an improved drinking-water source1 (%),93.5,95.3,False,False
Assam,Bongaigaon,Population and Household Profile,6,Households using iodized salt (%),95.9,98.3,False,False
Assam,Bongaigaon,Population and Household Profile,7,Households with any usual member covered under a health insurance/financing scheme (%),69.8,61.7,False,False
Assam,Bongaigaon,Population and Household Profile,8,Households with any usual member having a bank account/post office account (%),97.7,96.6,False,False
Assam,Bongaigaon,Population and Household Profile,9,Female population age 6 years and above who ever attended school (%),79.0,77.0,False,False
Assam,Bongaigaon,Population and Household Profile,10,Households with any usual female members owning a house and/or land (alone or jointly with others) (%),8.4,8.2,False,False
Assam,Bongaigaon,Population and Household Profile,11,Children age 2-4 years who attended pre-school (%),51.4,54.4,False,False
Assam,Bongaigaon,Characteristics of Adults (age 15-49 years),12,Women with 10 or more years of schooling (%),31.1,28.6,False,False
Assam,Bongaigaon,Characteristics of Adults (age 15-49 years),13,Men with 10 or more years of schooling (%),35.2,34.6,False,False
Assam,Bongaigaon,Characteristics of Adults (age 15-49 years),14,Women who have ever used the internet (%),42.9,26.8,False,False
Assam,Bongaigaon,Characteristics of Adults (age 15-49 years),15,Men who have ever used the internet (%),52.1,40.3,False,False
Assam,Bongaigaon,Marriage and Fertility,16,Women age 20-24 years married before age 18 years (%),32.6,41.7,False,False
Assam,Bongaigaon,Marriage and Fertility,17,Men age 25-29 years married before age 21 years (%),*,*,True,False
Assam,Bongaigaon,Marriage and Fertility,18,Three or more births in the 5 years preceding the survey (%),0.3,0.9,False,False
Assam,Bongaigaon,Marriage and Fertility,19,Women age 15-19 years who were already mothers or pregnant at the time of the survey (%),15.1,15.4,False,False
Assam,Bongaigaon,Marriage and Fertility,20,Any method2 (%),79.4,57.6,False,False
Assam,Bongaigaon,Marriage and Fertility,21,Any modern method2 (%),61.2,45.3,False,False
Assam,Bongaigaon,Marriage and Fertility,22,Any traditional method (%),18.2,12.3,False,False
Assam,Bongaigaon,Marriage and Fertility,23,Female sterilization (%),4.5,5.9,False,False
Assam,Bongaigaon,Marriage and Fertility,24,Male sterilization (%),0.0,0.1,False,False
Assam,Bongaigaon,Marriage and Fertility,25,Total unmet need3 (%),4.0,16.1,False,False
Assam,Bongaigaon,Marriage and Fertility,26,Unmet need for spacing3 (%),2.9,5.1,False,False
Assam,Bongaigaon,Marriage and Fertility,27,Unmet need for limiting3 (%),1.1,11.0,False,False
Assam,Bongaigaon,Antenatal Care (for last birth in the 5 years before the survey),28,Mothers who had an antenatal check-up in the first trimester (%),68.1,65.1,False,False
Assam,Bongaigaon,Antenatal Care (for last birth in the 5 years before the survey),29,Mothers who had any antenatal care visits (%),92.5,91.9,False,False
Assam,Bongaigaon,Antenatal Care (for last birth in the 5 years before the survey),30,Mothers who had at least 4 antenatal care visits (%),45.5,33.9,False,False
Assam,Bongaigaon,Antenatal Care (for last birth in the 5 years before the survey),31,Mothers whose last birth was protected against neonatal tetanus4 (%),93.0,91.8,False,False
Assam,Bongaigaon,Antenatal Care (for last birth in the 5 years before the survey),32,Mothers who consumed iron folic acid for 100 days or more when they were pregnant (%),63.9,46.7,False,False
Assam,Bongaigaon,Antenatal Care (for last birth in the 5 years before the survey),33,Mothers who consumed iron folic acid for 180 days or more when they were pregnant (%),30.6,22.3,False,False
Assam,Bongaigaon,Antenatal Care (for last birth in the 5 years before the survey),34,Registered pregnancies for which the mother received a Mother and Child Protection (MCP) card (%),99.5,98.5,False,False
Assam,Bongaigaon,Delivery Care (for births in the 5 years before the survey),35,Institutional births (%),88.9,84.5,False,False
Assam,Bongaigaon,Delivery Care (for births in the 5 years before the survey),36,Institutional births in public facility (%),78.5,74.9,False,False
Assam,Bongaigaon,Delivery Care (for births in the 5 years before the survey),37,Births attended by skilled health personnel5 (%),92.4,89.1,False,False
Assam,Bongaigaon,Delivery Care (for births in the 5 years before the survey),38,Births delivered by caesarean section (%),26.1,15.2,False,False
Assam,Bongaigaon,Delivery Care (for births in the 5 years before the survey),39,Births in a private health facility that were delivered by caesarean section (%),88.0,78.7,True,False
Assam,Bongaigaon,Delivery Care (for births in the 5 years before the survey),40,Births in a public health facility that were delivered by caesarean section (%),21.7,10.2,False,False
Assam,Bongaigaon,Postnatal Care (for last birth in the 5 years before the survey),41,Mothers who received postnatal care from a doctor/nurse/LHV/ANM/midwife/other health personnel within 2,75.8,57.0,False,False
Assam,Bongaigaon,Postnatal Care (for last birth in the 5 years before the survey),42,Children born at home who were taken to a health facility for a check-up within 24 hours of birth (%),18.3,2.4,True,False
Assam,Bongaigaon,Postnatal Care (for last birth in the 5 years before the survey),43,Children who received postnatal care from a doctor/nurse/LHV/ANM/midwife/other health personnel within 2,75.8,63.3,False,False
Assam,Bongaigaon,Child Vaccinations and Vitamin A Supplementation,44,Children age 12-23 months fully vaccinated based on information from either vaccination card or mother's,86.6,67.9,False,False
Assam,Bongaigaon,Child Vaccinations and Vitamin A Supplementation,45,Children age 12-23 months fully vaccinated based on information from vaccination card only7 (%),91.6,73.2,False,False
Assam,Bongaigaon,Child Vaccinations and Vitamin A Supplementation,46,Children age 12-23 months who have received any vaccine (%),95.3,94.1,False,False
Assam,Bongaigaon,Child Vaccinations and Vitamin A Supplementation,47,Children age 12-23 months who have received BCG (%),95.3,94.1,False,False
Assam,Bongaigaon,Child Vaccinations and Vitamin A Supplementation,48,Children age 12-23 months who have received 3 doses of polio vaccine8 (%),90.3,74.7,False,False
Assam,Bongaigaon,Child Vaccinations and Vitamin A Supplementation,49,Children age 12-23 months who have received 3 doses of pentavalent vaccine (%),89.0,80.4,False,False
Assam,Bongaigaon,Child Vaccinations and Vitamin A Supplementation,50,Children age 12-23 months who have received the first dose of measles-containing vaccine (MCV) (%),86.6,84.2,False,False
Assam,Bongaigaon,Child Vaccinations and Vitamin A Supplementation,51,Children age 24-35 months who have received a second dose of measles-containing vaccine (MCV) (%),67.7,34.9,False,False
Assam,Bongaigaon,Child Vaccinations and Vitamin A Supplementation,52,Children age 12-23 months who have received birth dose of hepatitis B vaccine (%),62.9,61.3,False,False
Assam,Bongaigaon,Child Vaccinations and Vitamin A Supplementation,53,Children age 12-23 months who have received 3 doses of rotavirus vaccine (%),85.1,40.0,False,False
Assam,Bongaigaon,Child Vaccinations and Vitamin A Supplementation,54,Children age 9-35 months who received a vitamin A dose in the last 6 months (%),86.4,65.0,False,False
Assam,Bongaigaon,Child Vaccinations and Vitamin A Supplementation,55,Children age 12-23 months who received most of their vaccinations in a public health facility (%),98.2,96.8,False,False
Assam,Bongaigaon,Child Vaccinations and Vitamin A Supplementation,56,Children age 12-23 months who received most of their vaccinations in a private health facility (%),0.0,3.2,False,False
Assam,Bongaigaon,Treatment of Childhood Diseases (children under age 5 years),57,Prevalence of diarrhoea in the 2 weeks preceding the survey (%),2.7,4.4,False,False
Assam,Bongaigaon,Treatment of Childhood Diseases (children under age 5 years),58,Prevalence of symptoms of acute respiratory infection (ARI) in the 2 weeks preceding the survey (%),2.1,1.6,False,False
Assam,Bongaigaon,Treatment of Childhood Diseases (children under age 5 years),59,Children with fever or symptoms of ARI in the 2 weeks preceding the survey taken to a health facility or,34.4,46.6,True,False
Assam,Bongaigaon,Child Feeding Practices and Nutritional Status of Children,60,Children under age 3 years breastfed within one hour of birth9 (%),53.9,46.7,False,False
Assam,Bongaigaon,Child Feeding Practices and Nutritional Status of Children,61,Children under age 6 months exclusively breastfed10 (%),33.1,*,True,False
Assam,Bongaigaon,Child Feeding Practices and Nutritional Status of Children,62,Children under age 6 months currently breastfeeding10 (%),97.3,*,True,False
Assam,Bongaigaon,Child Feeding Practices and Nutritional Status of Children,63,Children under age 6 months exclusively breastfed or breastfeeding and consuming plain water/other,46.4,*,True,False
Assam,Bongaigaon,Child Feeding Practices and Nutritional Status of Children,64,Children age 6-8 months receiving solid or semi-solid food and breastmilk10 (%),*,*,True,False
Assam,Bongaigaon,Child Feeding Practices and Nutritional Status of Children,65,"Breastfeeding children age 6-23 months receiving an adequate diet10, 11 (%)",28.7,17.0,False,False
Assam,Bongaigaon,Child Feeding Practices and Nutritional Status of Children,66,"Non-breastfeeding children age 6-23 months receiving an adequate diet10, 11 (%)",*,*,True,False
Assam,Bongaigaon,Child Feeding Practices and Nutritional Status of Children,67,"Total children age 6-23 months receiving an adequate diet10, 11 (%)",29.8,16.5,False,False
Assam,Bongaigaon,Child Feeding Practices and Nutritional Status of Children,68,Children under 5 years who are stunted (height-for-age)12 (%),32.7,46.2,False,False
Assam,Bongaigaon,Child Feeding Practices and Nutritional Status of Children,69,Children under 5 years who are wasted (weight-for-height)12 (%),22.5,20.2,False,False
Assam,Bongaigaon,Child Feeding Practices and Nutritional Status of Children,70,Children under 5 years who are severely wasted (weight-for-height)13 (%),8.8,7.4,False,False
Assam,Bongaigaon,Child Feeding Practices and Nutritional Status of Children,71,Children under 5 years who are underweight (weight-for-age)12 (%),32.5,35.3,False,False
Assam,Bongaigaon,Child Feeding Practices and Nutritional Status of Children,72,Children under 5 years who are overweight (weight-for-height)14 (%),6.0,8.8,False,False
Assam,Bongaigaon,Nutritional Status of Adults (age 15-49 years),73,Women whose Body Mass Index (BMI) is below normal (BMI <18.5 kg/m2)15 (%),14.3,13.1,False,False
Assam,Bongaigaon,Nutritional Status of Adults (age 15-49 years),74,Women who are overweight or obese (BMI ≥25.0 kg/m2)15 (%),18.5,16.9,False,False
Assam,Bongaigaon,Women,75,Blood sugar level - high (141-160 mg/dl)16 (%),5.5,7.6,False,False
Assam,Bongaigaon,Women,76,Blood sugar level - very high (>160 mg/dl)16 (%),6.0,4.0,False,False
Assam,Bongaigaon,Women,77,Blood sugar level - high or very high (>140 mg/dl) or taking medicine to control blood sugar level16 (%),11.7,12.6,False,False
Assam,Bongaigaon,Men,78,Blood sugar level - high (141-160 mg/dl)16 (%),7.2,8.5,False,False
Assam,Bongaigaon,Men,79,Blood sugar level - very high (>160 mg/dl)16 (%),7.1,5.8,False,False
Assam,Bongaigaon,Men,80,Blood sugar level - high or very high (>140 mg/dl) or taking medicine to control blood sugar level16 (%),14.7,15.0,False,False
Assam,Bongaigaon,Women,81,Mildly elevated blood pressure (Systolic 140-159 mm of Hg and/or Diastolic 90-99 mm of Hg) (%),10.8,7.8,False,False
Assam,Bongaigaon,Women,82,Moderately or severely elevated blood pressure (Systolic ≥160 mm of Hg and/or Diastolic ≥100 mm,3.9,4.0,False,False
Assam,Bongaigaon,Women,83,Elevated blood pressure (Systolic ≥140 mm of Hg and/or Diastolic ≥90 mm of Hg) or taking medicine to,16.2,13.6,False,False
Assam,Bongaigaon,Men,84,Mildly elevated blood pressure (Systolic 140-159 mm of Hg and/or Diastolic 90-99 mm of Hg) (%),11.1,9.9,False,False
Assam,Bongaigaon,Men,85,Moderately or severely elevated blood pressure (Systolic ≥160 mm of Hg and/or Diastolic ≥100 mm,5.2,3.6,False,False
Assam,Bongaigaon,Men,86,Elevated blood pressure (Systolic ≥140 mm of Hg and/or Diastolic ≥90 mm of Hg) or taking medicine to,17.1,15.9,False,False
Assam,Bongaigaon,Men,87,Women having a bank or savings account that they themselves use (%),92.9,87.0,False,False
Assam,Bongaigaon,Men,88,Women having a mobile phone that they themselves use (%),59.4,63.5,False,False
Assam,Bongaigaon,Men,89,Women age 15-24 years who use hygienic methods of protection during their menstrual period17 (%),56.5,69.0,False,False
Assam,Bongaigaon,Tobacco Use and Alcohol Consumption among Adults (age 15 years and above),90,Women age 15 years and above who use any kind of tobacco (%),15.5,18.8,False,False
Assam,Bongaigaon,Tobacco Use and Alcohol Consumption among Adults (age 15 years and above),91,Men age 15 years and above who use any kind of tobacco (%),41.4,45.7,False,False
Assam,Bongaigaon,Tobacco Use and Alcohol Consumption among Adults (age 15 years and above),92,Women age 15 years and above who consume alcohol (%),0.3,1.0,False,False
Assam,Bongaigaon,Tobacco Use and Alcohol Consumption among Adults (age 15 years and above),93,Men age 15 years and above who consume alcohol (%),10.8,13.2,False,False
Assam,Cachar,Population and Household Profile,1,Population below age 5 years (%),6.3,9.6,False,False
Assam,Cachar,Population and Household Profile,2,Population below age 15 years (%),27.0,30.9,False,False
Assam,Cachar,Population and Household Profile,3,Population age 60 years and above (%),9.7,7.9,False,False
Assam,Cachar,Population and Household Profile,4,Population living in households with electricity (%),94.6,81.7,False,False
Assam,Cachar,Population and Household Profile,5,Population living in households with an improved drinking-water source1 (%),83.1,43.8,False,False
Assam,Cachar,Population and Household Profile,6,Households using iodized salt (%),99.7,98.6,False,False
Assam,Cachar,Population and Household Profile,7,Households with any usual member covered under a health insurance/financing scheme (%),65.1,66.2,False,False
Assam,Cachar,Population and Household Profile,8,Households with any usual member having a bank account/post office account (%),98.6,93.8,False,False
Assam,Cachar,Population and Household Profile,9,Female population age 6 years and above who ever attended school (%),78.2,80.5,False,False
Assam,Cachar,Population and Household Profile,10,Households with any usual female members owning a house and/or land (alone or jointly with others) (%),6.2,4.5,False,False
Assam,Cachar,Population and Household Profile,11,Children age 2-4 years who attended pre-school (%),32.8,28.1,False,False
Assam,Cachar,Characteristics of Adults (age 15-49 years),12,Women with 10 or more years of schooling (%),30.1,25.8,False,False
Assam,Cachar,Characteristics of Adults (age 15-49 years),13,Men with 10 or more years of schooling (%),42.2,39.4,False,False
Assam,Cachar,Characteristics of Adults (age 15-49 years),14,Women who have ever used the internet (%),50.8,33.5,False,False
Assam,Cachar,Characteristics of Adults (age 15-49 years),15,Men who have ever used the internet (%),86.5,50.0,False,False
Assam,Cachar,Marriage and Fertility,16,Women age 20-24 years married before age 18 years (%),11.3,29.9,False,False
Assam,Cachar,Marriage and Fertility,17,Men age 25-29 years married before age 21 years (%),*,*,True,False
Assam,Cachar,Marriage and Fertility,18,Three or more births in the 5 years preceding the survey (%),0.6,1.0,False,False
Assam,Cachar,Marriage and Fertility,19,Women age 15-19 years who were already mothers or pregnant at the time of the survey (%),2.3,8.5,False,False
Assam,Cachar,Marriage and Fertility,20,Any method2 (%),55.7,48.0,False,False
Assam,Cachar,Marriage and Fertility,21,Any modern method2 (%),39.4,38.2,False,False
Assam,Cachar,Marriage and Fertility,22,Any traditional method (%),16.3,9.8,False,False
Assam,Cachar,Marriage and Fertility,23,Female sterilization (%),3.4,6.9,False,False
Assam,Cachar,Marriage and Fertility,24,Male sterilization (%),0.4,0.1,False,False
Assam,Cachar,Marriage and Fertility,25,Total unmet need3 (%),7.8,15.6,False,False
Assam,Cachar,Marriage and Fertility,26,Unmet need for spacing3 (%),5.3,6.8,False,False
Assam,Cachar,Marriage and Fertility,27,Unmet need for limiting3 (%),2.5,8.8,False,False
Assam,Cachar,Antenatal Care (for last birth in the 5 years before the survey),28,Mothers who had an antenatal check-up in the first trimester (%),77.7,52.0,False,False
Assam,Cachar,Antenatal Care (for last birth in the 5 years before the survey),29,Mothers who had any antenatal care visits (%),92.7,92.0,False,False
Assam,Cachar,Antenatal Care (for last birth in the 5 years before the survey),30,Mothers who had at least 4 antenatal care visits (%),41.9,32.7,False,False
Assam,Cachar,Antenatal Care (for last birth in the 5 years before the survey),31,Mothers whose last birth was protected against neonatal tetanus4 (%),98.3,90.0,False,False
Assam,Cachar,Antenatal Care (for last birth in the 5 years before the survey),32,Mothers who consumed iron folic acid for 100 days or more when they were pregnant (%),62.8,35.6,False,False
Assam,Cachar,Antenatal Care (for last birth in the 5 years before the survey),33,Mothers who consumed iron folic acid for 180 days or more when they were pregnant (%),41.5,12.0,False,False
Assam,Cachar,Antenatal Care (for last birth in the 5 years before the survey),34,Registered pregnancies for which the mother received a Mother and Child Protection (MCP) card (%),99.3,98.2,False,False
Assam,Cachar,Delivery Care (for births in the 5 years before the survey),35,Institutional births (%),79.6,79.2,False,False
Assam,Cachar,Delivery Care (for births in the 5 years before the survey),36,Institutional births in public facility (%),75.4,74.9,False,False
Assam,Cachar,Delivery Care (for births in the 5 years before the survey),37,Births attended by skilled health personnel5 (%),89.5,80.2,False,False
Assam,Cachar,Delivery Care (for births in the 5 years before the survey),38,Births delivered by caesarean section (%),11.0,12.5,False,False
Assam,Cachar,Delivery Care (for births in the 5 years before the survey),39,Births in a private health facility that were delivered by caesarean section (%),*,*,True,False
Assam,Cachar,Delivery Care (for births in the 5 years before the survey),40,Births in a public health facility that were delivered by caesarean section (%),9.7,13.2,False,False
Assam,Cachar,Postnatal Care (for last birth in the 5 years before the survey),41,Mothers who received postnatal care from a doctor/nurse/LHV/ANM/midwife/other health personnel within 2,54.9,57.3,False,False
Assam,Cachar,Postnatal Care (for last birth in the 5 years before the survey),42,Children born at home who were taken to a health facility for a check-up within 24 hours of birth (%),*,1.8,True,False
Assam,Cachar,Postnatal Care (for last birth in the 5 years before the survey),43,Children who received postnatal care from a doctor/nurse/LHV/ANM/midwife/other health personnel within 2,54.4,61.4,False,False
Assam,Cachar,Child Vaccinations and Vitamin A Supplementation,44,Children age 12-23 months fully vaccinated based on information from either vaccination card or mother's,70.1,70.4,True,False
Assam,Cachar,Child Vaccinations and Vitamin A Supplementation,45,Children age 12-23 months fully vaccinated based on information from vaccination card only7 (%),81.4,82.1,True,False
Assam,Cachar,Child Vaccinations and Vitamin A Supplementation,46,Children age 12-23 months who have received any vaccine (%),96.1,88.3,True,False
Assam,Cachar,Child Vaccinations and Vitamin A Supplementation,47,Children age 12-23 months who have received BCG (%),95.2,88.3,True,False
Assam,Cachar,Child Vaccinations and Vitamin A Supplementation,48,Children age 12-23 months who have received 3 doses of polio vaccine8 (%),76.7,74.4,True,False
Assam,Cachar,Child Vaccinations and Vitamin A Supplementation,49,Children age 12-23 months who have received 3 doses of pentavalent vaccine (%),83.2,82.5,True,False
Assam,Cachar,Child Vaccinations and Vitamin A Supplementation,50,Children age 12-23 months who have received the first dose of measles-containing vaccine (MCV) (%),88.9,76.9,True,False
Assam,Cachar,Child Vaccinations and Vitamin A Supplementation,51,Children age 24-35 months who have received a second dose of measles-containing vaccine (MCV) (%),35.3,22.1,True,False
Assam,Cachar,Child Vaccinations and Vitamin A Supplementation,52,Children age 12-23 months who have received birth dose of hepatitis B vaccine (%),86.0,43.1,True,False
Assam,Cachar,Child Vaccinations and Vitamin A Supplementation,53,Children age 12-23 months who have received 3 doses of rotavirus vaccine (%),85.1,39.9,True,False
Assam,Cachar,Child Vaccinations and Vitamin A Supplementation,54,Children age 9-35 months who received a vitamin A dose in the last 6 months (%),82.1,67.9,False,False
Assam,Cachar,Child Vaccinations and Vitamin A Supplementation,55,Children age 12-23 months who received most of their vaccinations in a public health facility (%),100.0,98.6,True,False
Assam,Cachar,Child Vaccinations and Vitamin A Supplementation,56,Children age 12-23 months who received most of their vaccinations in a private health facility (%),0.0,0.0,True,False
Assam,Cachar,Treatment of Childhood Diseases (children under age 5 years),57,Prevalence of diarrhoea in the 2 weeks preceding the survey (%),1.5,4.2,False,False
Assam,Cachar,Treatment of Childhood Diseases (children under age 5 years),58,Prevalence of symptoms of acute respiratory infection (ARI) in the 2 weeks preceding the survey (%),0.3,2.1,False,False
Assam,Cachar,Treatment of Childhood Diseases (children under age 5 years),59,Children with fever or symptoms of ARI in the 2 weeks preceding the survey taken to a health facility or,*,50.4,True,False
Assam,Cachar,Child Feeding Practices and Nutritional Status of Children,60,Children under age 3 years breastfed within one hour of birth9 (%),53.8,29.8,False,False
Assam,Cachar,Child Feeding Practices and Nutritional Status of Children,61,Children under age 6 months exclusively breastfed10 (%),*,50.8,True,False
Assam,Cachar,Child Feeding Practices and Nutritional Status of Children,62,Children under age 6 months currently breastfeeding10 (%),*,84.3,True,False
Assam,Cachar,Child Feeding Practices and Nutritional Status of Children,63,Children under age 6 months exclusively breastfed or breastfeeding and consuming plain water/other,*,63.8,True,False
Assam,Cachar,Child Feeding Practices and Nutritional Status of Children,64,Children age 6-8 months receiving solid or semi-solid food and breastmilk10 (%),*,*,True,False
Assam,Cachar,Child Feeding Practices and Nutritional Status of Children,65,"Breastfeeding children age 6-23 months receiving an adequate diet10, 11 (%)",4.5,2.9,False,False
Assam,Cachar,Child Feeding Practices and Nutritional Status of Children,66,"Non-breastfeeding children age 6-23 months receiving an adequate diet10, 11 (%)",*,*,True,False
Assam,Cachar,Child Feeding Practices and Nutritional Status of Children,67,"Total children age 6-23 months receiving an adequate diet10, 11 (%)",5.5,2.7,False,False
Assam,Cachar,Child Feeding Practices and Nutritional Status of Children,68,Children under 5 years who are stunted (height-for-age)12 (%),28.3,28.7,False,False
Assam,Cachar,Child Feeding Practices and Nutritional Status of Children,69,Children under 5 years who are wasted (weight-for-height)12 (%),29.9,30.7,False,False
Assam,Cachar,Child Feeding Practices and Nutritional Status of Children,70,Children under 5 years who are severely wasted (weight-for-height)13 (%),16.7,12.5,False,False
Assam,Cachar,Child Feeding Practices and Nutritional Status of Children,71,Children under 5 years who are underweight (weight-for-age)12 (%),32.9,38.2,False,False
Assam,Cachar,Child Feeding Practices and Nutritional Status of Children,72,Children under 5 years who are overweight (weight-for-height)14 (%),1.9,3.3,False,False
Assam,Cachar,Nutritional Status of Adults (age 15-49 years),73,Women whose Body Mass Index (BMI) is below normal (BMI <18.5 kg/m2)15 (%),12.0,19.7,False,False
Assam,Cachar,Nutritional Status of Adults (age 15-49 years),74,Women who are overweight or obese (BMI ≥25.0 kg/m2)15 (%),12.0,9.1,False,False
Assam,Cachar,Women,75,Blood sugar level - high (141-160 mg/dl)16 (%),3.9,6.4,False,False
Assam,Cachar,Women,76,Blood sugar level - very high (>160 mg/dl)16 (%),3.8,6.1,False,False
Assam,Cachar,Women,77,Blood sugar level - high or very high (>140 mg/dl) or taking medicine to control blood sugar level16 (%),8.3,13.1,False,False
Assam,Cachar,Men,78,Blood sugar level - high (141-160 mg/dl)16 (%),6.9,7.3,False,False
Assam,Cachar,Men,79,Blood sugar level - very high (>160 mg/dl)16 (%),4.5,4.5,False,False
Assam,Cachar,Men,80,Blood sugar level - high or very high (>140 mg/dl) or taking medicine to control blood sugar level16 (%),11.8,14.4,False,False
Assam,Cachar,Women,81,Mildly elevated blood pressure (Systolic 140-159 mm of Hg and/or Diastolic 90-99 mm of Hg) (%),9.5,9.7,False,False
Assam,Cachar,Women,82,Moderately or severely elevated blood pressure (Systolic ≥160 mm of Hg and/or Diastolic ≥100 mm,3.5,3.7,False,False
Assam,Cachar,Women,83,Elevated blood pressure (Systolic ≥140 mm of Hg and/or Diastolic ≥90 mm of Hg) or taking medicine to,16.4,17.0,False,False
Assam,Cachar,Men,84,Mildly elevated blood pressure (Systolic 140-159 mm of Hg and/or Diastolic 90-99 mm of Hg) (%),11.9,9.1,False,False
Assam,Cachar,Men,85,Moderately or severely elevated blood pressure (Systolic ≥160 mm of Hg and/or Diastolic ≥100 mm,4.7,2.9,False,False
Assam,Cachar,Men,86,Elevated blood pressure (Systolic ≥140 mm of Hg and/or Diastolic ≥90 mm of Hg) or taking medicine to,17.9,15.4,False,False
Assam,Cachar,Men,87,Women having a bank or savings account that they themselves use (%),92.7,80.3,False,False
Assam,Cachar,Men,88,Women having a mobile phone that they themselves use (%),69.2,57.0,False,False
Assam,Cachar,Men,89,Women age 15-24 years who use hygienic methods of protection during their menstrual period17 (%),81.4,58.1,False,False
Assam,Cachar,Tobacco Use and Alcohol Consumption among Adults (age 15 years and above),90,Women age 15 years and above who use any kind of tobacco (%),16.7,33.2,False,False
Assam,Cachar,Tobacco Use and Alcohol Consumption among Adults (age 15 years and above),91,Men age 15 years and above who use any kind of tobacco (%),48.9,51.0,False,False
Assam,Cachar,Tobacco Use and Alcohol Consumption among Adults (age 15 years and above),92,Women age 15 years and above who consume alcohol (%),2.3,2.5,False,False
Assam,Cachar,Tobacco Use and Alcohol Consumption among Adults (age 15 years and above),93,Men age 15 years and above who consume alcohol (%),24.3,14.6,False,False
Assam,Charaideo,Population and Household Profile,1,Population below age 5 years (%),7.0,6.8,False,False
Assam,Charaideo,Population and Household Profile,2,Population below age 15 years (%),21.9,25.8,False,False
Assam,Charaideo,Population and Household Profile,3,Population age 60 years and above (%),12.6,8.7,False,False
Assam,Charaideo,Population and Household Profile,4,Population living in households with electricity (%),96.6,91.7,False,False
Assam,Charaideo,Population and Household Profile,5,Population living in households with an improved drinking-water source1 (%),97.4,96.4,False,False
Assam,Charaideo,Population and Household Profile,6,Households using iodized salt (%),99.8,99.7,False,False
Assam,Charaideo,Population and Household Profile,7,Households with any usual member covered under a health insurance/financing scheme (%),75.7,74.8,False,False
Assam,Charaideo,Population and Household Profile,8,Households with any usual member having a bank account/post office account (%),98.4,95.6,False,False
Assam,Charaideo,Population and Household Profile,9,Female population age 6 years and above who ever attended school (%),77.2,75.0,False,False
Assam,Charaideo,Population and Household Profile,10,Households with any usual female members owning a house and/or land (alone or jointly with others) (%),16.4,10.7,False,False
Assam,Charaideo,Population and Household Profile,11,Children age 2-4 years who attended pre-school (%),54.3,37.0,False,False
Assam,Charaideo,Characteristics of Adults (age 15-49 years),12,Women with 10 or more years of schooling (%),31.1,26.2,False,False
Assam,Charaideo,Characteristics of Adults (age 15-49 years),13,Men with 10 or more years of schooling (%),30.3,25.3,False,False
Assam,Charaideo,Characteristics of Adults (age 15-49 years),14,Women who have ever used the internet (%),50.4,32.6,False,False
Assam,Charaideo,Characteristics of Adults (age 15-49 years),15,Men who have ever used the internet (%),71.9,32.2,False,False
Assam,Charaideo,Marriage and Fertility,16,Women age 20-24 years married before age 18 years (%),17.6,22.6,False,False
Assam,Charaideo,Marriage and Fertility,17,Men age 25-29 years married before age 21 years (%),*,13.1,True,False
Assam,Charaideo,Marriage and Fertility,18,Three or more births in the 5 years preceding the survey (%),0.3,0.0,False,False
Assam,Charaideo,Marriage and Fertility,19,Women age 15-19 years who were already mothers or pregnant at the time of the survey (%),1.6,3.8,False,False
Assam,Charaideo,Marriage and Fertility,20,Any method2 (%),73.3,67.0,False,False
Assam,Charaideo,Marriage and Fertility,21,Any modern method2 (%),44.2,43.9,False,False
Assam,Charaideo,Marriage and Fertility,22,Any traditional method (%),29.1,23.1,False,False
Assam,Charaideo,Marriage and Fertility,23,Female sterilization (%),18.5,20.1,False,False
Assam,Charaideo,Marriage and Fertility,24,Male sterilization (%),0.2,0.1,False,False
Assam,Charaideo,Marriage and Fertility,25,Total unmet need3 (%),8.3,8.3,False,False
Assam,Charaideo,Marriage and Fertility,26,Unmet need for spacing3 (%),5.5,3.8,False,False
Assam,Charaideo,Marriage and Fertility,27,Unmet need for limiting3 (%),2.8,4.5,False,False
Assam,Charaideo,Antenatal Care (for last birth in the 5 years before the survey),28,Mothers who had an antenatal check-up in the first trimester (%),88.8,74.1,False,False
Assam,Charaideo,Antenatal Care (for last birth in the 5 years before the survey),29,Mothers who had any antenatal care visits (%),98.7,96.3,False,False
Assam,Charaideo,Antenatal Care (for last birth in the 5 years before the survey),30,Mothers who had at least 4 antenatal care visits (%),70.3,64.5,False,False
Assam,Charaideo,Antenatal Care (for last birth in the 5 years before the survey),31,Mothers whose last birth was protected against neonatal tetanus4 (%),96.7,95.9,False,False
Assam,Charaideo,Antenatal Care (for last birth in the 5 years before the survey),32,Mothers who consumed iron folic acid for 100 days or more when they were pregnant (%),87.5,51.7,False,False
Assam,Charaideo,Antenatal Care (for last birth in the 5 years before the survey),33,Mothers who consumed iron folic acid for 180 days or more when they were pregnant (%),66.1,19.4,False,False
Assam,Charaideo,Antenatal Care (for last birth in the 5 years before the survey),34,Registered pregnancies for which the mother received a Mother and Child Protection (MCP) card (%),99.6,98.7,False,False
Assam,Charaideo,Delivery Care (for births in the 5 years before the survey),35,Institutional births (%),89.4,88.2,False,False
Assam,Charaideo,Delivery Care (for births in the 5 years before the survey),36,Institutional births in public facility (%),75.6,76.7,False,False
Assam,Charaideo,Delivery Care (for births in the 5 years before the survey),37,Births attended by skilled health personnel5 (%),90.5,90.5,False,False
Assam,Charaideo,Delivery Care (for births in the 5 years before the survey),38,Births delivered by caesarean section (%),24.9,20.0,False,False
Assam,Charaideo,Delivery Care (for births in the 5 years before the survey),39,Births in a private health facility that were delivered by caesarean section (%),72.9,62.5,True,False
Assam,Charaideo,Delivery Care (for births in the 5 years before the survey),40,Births in a public health facility that were delivered by caesarean section (%),19.7,16.7,False,False
Assam,Charaideo,Postnatal Care (for last birth in the 5 years before the survey),41,Mothers who received postnatal care from a doctor/nurse/LHV/ANM/midwife/other health personnel within 2,84.5,70.5,False,False
Assam,Charaideo,Postnatal Care (for last birth in the 5 years before the survey),42,Children born at home who were taken to a health facility for a check-up within 24 hours of birth (%),*,7.0,True,False
Assam,Charaideo,Postnatal Care (for last birth in the 5 years before the survey),43,Children who received postnatal care from a doctor/nurse/LHV/ANM/midwife/other health personnel within 2,87.0,72.8,False,False
Assam,Charaideo,Child Vaccinations and Vitamin A Supplementation,44,Children age 12-23 months fully vaccinated based on information from either vaccination card or mother's,79.0,74.0,True,False
Assam,Charaideo,Child Vaccinations and Vitamin A Supplementation,45,Children age 12-23 months fully vaccinated based on information from vaccination card only7 (%),90.4,81.5,True,False
Assam,Charaideo,Child Vaccinations and Vitamin A Supplementation,46,Children age 12-23 months who have received any vaccine (%),91.1,98.1,True,False
Assam,Charaideo,Child Vaccinations and Vitamin A Supplementation,47,Children age 12-23 months who have received BCG (%),87.7,96.2,True,False
Assam,Charaideo,Child Vaccinations and Vitamin A Supplementation,48,Children age 12-23 months who have received 3 doses of polio vaccine8 (%),82.4,82.0,True,False
Assam,Charaideo,Child Vaccinations and Vitamin A Supplementation,49,Children age 12-23 months who have received 3 doses of pentavalent vaccine (%),89.4,90.1,True,False
Assam,Charaideo,Child Vaccinations and Vitamin A Supplementation,50,Children age 12-23 months who have received the first dose of measles-containing vaccine (MCV) (%),89.4,90.0,True,False
Assam,Charaideo,Child Vaccinations and Vitamin A Supplementation,51,Children age 24-35 months who have received a second dose of measles-containing vaccine (MCV) (%),86.2,38.9,True,False
Assam,Charaideo,Child Vaccinations and Vitamin A Supplementation,52,Children age 12-23 months who have received birth dose of hepatitis B vaccine (%),68.9,66.8,True,False
Assam,Charaideo,Child Vaccinations and Vitamin A Supplementation,53,Children age 12-23 months who have received 3 doses of rotavirus vaccine (%),87.7,35.9,True,False
Assam,Charaideo,Child Vaccinations and Vitamin A Supplementation,54,Children age 9-35 months who received a vitamin A dose in the last 6 months (%),73.1,58.0,False,False
Assam,Charaideo,Child Vaccinations and Vitamin A Supplementation,55,Children age 12-23 months who received most of their vaccinations in a public health facility (%),98.2,87.7,True,False
Assam,Charaideo,Child Vaccinations and Vitamin A Supplementation,56,Children age 12-23 months who received most of their vaccinations in a private health facility (%),1.8,7.6,True,False
Assam,Charaideo,Treatment of Childhood Diseases (children under age 5 years),57,Prevalence of diarrhoea in the 2 weeks preceding the survey (%),1.9,9.8,False,False
Assam,Charaideo,Treatment of Childhood Diseases (children under age 5 years),58,Prevalence of symptoms of acute respiratory infection (ARI) in the 2 weeks preceding the survey (%),0.7,2.2,False,False
Assam,Charaideo,Treatment of Childhood Diseases (children under age 5 years),59,Children with fever or symptoms of ARI in the 2 weeks preceding the survey taken to a health facility or,*,58.7,True,False
Assam,Charaideo,Child Feeding Practices and Nutritional Status of Children,60,Children under age 3 years breastfed within one hour of birth9 (%),64.7,58.3,False,False
Assam,Charaideo,Child Feeding Practices and Nutritional Status of Children,61,Children under age 6 months exclusively breastfed10 (%),*,*,True,False
Assam,Charaideo,Child Feeding Practices and Nutritional Status of Children,62,Children under age 6 months currently breastfeeding10 (%),*,*,True,False
Assam,Charaideo,Child Feeding Practices and Nutritional Status of Children,63,Children under age 6 months exclusively breastfed or breastfeeding and consuming plain water/other,*,*,True,False
Assam,Charaideo,Child Feeding Practices and Nutritional Status of Children,64,Children age 6-8 months receiving solid or semi-solid food and breastmilk10 (%),*,*,True,False
Assam,Charaideo,Child Feeding Practices and Nutritional Status of Children,65,"Breastfeeding children age 6-23 months receiving an adequate diet10, 11 (%)",37.4,10.5,False,False
Assam,Charaideo,Child Feeding Practices and Nutritional Status of Children,66,"Non-breastfeeding children age 6-23 months receiving an adequate diet10, 11 (%)",*,*,True,False
Assam,Charaideo,Child Feeding Practices and Nutritional Status of Children,67,"Total children age 6-23 months receiving an adequate diet10, 11 (%)",35.3,9.9,False,False
Assam,Charaideo,Child Feeding Practices and Nutritional Status of Children,68,Children under 5 years who are stunted (height-for-age)12 (%),31.5,39.0,False,False
Assam,Charaideo,Child Feeding Practices and Nutritional Status of Children,69,Children under 5 years who are wasted (weight-for-height)12 (%),11.2,23.5,False,False
Assam,Charaideo,Child Feeding Practices and Nutritional Status of Children,70,Children under 5 years who are severely wasted (weight-for-height)13 (%),3.3,7.3,False,False
Assam,Charaideo,Child Feeding Practices and Nutritional Status of Children,71,Children under 5 years who are underweight (weight-for-age)12 (%),22.4,34.8,False,False
Assam,Charaideo,Child Feeding Practices and Nutritional Status of Children,72,Children under 5 years who are overweight (weight-for-height)14 (%),4.7,4.0,False,False
Assam,Charaideo,Nutritional Status of Adults (age 15-49 years),73,Women whose Body Mass Index (BMI) is below normal (BMI <18.5 kg/m2)15 (%),27.3,24.7,False,False
Assam,Charaideo,Nutritional Status of Adults (age 15-49 years),74,Women who are overweight or obese (BMI ≥25.0 kg/m2)15 (%),18.4,10.3,False,False
Assam,Charaideo,Women,75,Blood sugar level - high (141-160 mg/dl)16 (%),5.9,7.1,False,False
Assam,Charaideo,Women,76,Blood sugar level - very high (>160 mg/dl)16 (%),4.8,4.1,False,False
Assam,Charaideo,Women,77,Blood sugar level - high or very high (>140 mg/dl) or taking medicine to control blood sugar level16 (%),10.9,11.9,False,False
Assam,Charaideo,Men,78,Blood sugar level - high (141-160 mg/dl)16 (%),8.0,8.8,False,False
Assam,Charaideo,Men,79,Blood sugar level - very high (>160 mg/dl)16 (%),7.5,5.0,False,False
Assam,Charaideo,Men,80,Blood sugar level - high or very high (>140 mg/dl) or taking medicine to control blood sugar level16 (%),15.7,14.9,False,False
Assam,Charaideo,Women,81,Mildly elevated blood pressure (Systolic 140-159 mm of Hg and/or Diastolic 90-99 mm of Hg) (%),14.7,9.3,False,False
Assam,Charaideo,Women,82,Moderately or severely elevated blood pressure (Systolic ≥160 mm of Hg and/or Diastolic ≥100 mm,10.1,5.2,False,False
Assam,Charaideo,Women,83,Elevated blood pressure (Systolic ≥140 mm of Hg and/or Diastolic ≥90 mm of Hg) or taking medicine to,26.8,18.2,False,False
Assam,Charaideo,Men,84,Mildly elevated blood pressure (Systolic 140-159 mm of Hg and/or Diastolic 90-99 mm of Hg) (%),21.9,12.6,False,False
Assam,Charaideo,Men,85,Moderately or severely elevated blood pressure (Systolic ≥160 mm of Hg and/or Diastolic ≥100 mm,10.6,3.0,False,False
Assam,Charaideo,Men,86,Elevated blood pressure (Systolic ≥140 mm of Hg and/or Diastolic ≥90 mm of Hg) or taking medicine to,35.0,17.9,False,False
Assam,Charaideo,Men,87,Women having a bank or savings account that they themselves use (%),89.6,76.6,False,False
Assam,Charaideo,Men,88,Women having a mobile phone that they themselves use (%),61.3,58.9,False,False
Assam,Charaideo,Men,89,Women age 15-24 years who use hygienic methods of protection during their menstrual period17 (%),70.7,68.7,False,False
Assam,Charaideo,Tobacco Use and Alcohol Consumption among Adults (age 15 years and above),90,Women age 15 years and above who use any kind of tobacco (%),23.3,25.4,False,False
Assam,Charaideo,Tobacco Use and Alcohol Consumption among Adults (age 15 years and above),91,Men age 15 years and above who use any kind of tobacco (%),52.3,57.9,False,False
Assam,Charaideo,Tobacco Use and Alcohol Consumption among Adults (age 15 years and above),92,Women age 15 years and above who consume alcohol (%),10.8,17.7,False,False
Assam,Charaideo,Tobacco Use and Alcohol Consumption among Adults (age 15 years and above),93,Men age 15 years and above who consume alcohol (%),45.8,50.4,False,False
Assam,Chirang,Population and Household Profile,1,Population below age 5 years (%),6.7,8.1,False,False
Assam,Chirang,Population and Household Profile,2,Population below age 15 years (%),24.9,28.0,False,False
Assam,Chirang,Population and Household Profile,3,Population age 60 years and above (%),9.8,8.6,False,False
Assam,Chirang,Population and Household Profile,4,Population living in households with electricity (%),97.4,97.8,False,False
Assam,Chirang,Population and Household Profile,5,Population living in households with an improved drinking-water source1 (%),85.7,92.1,False,False
Assam,Chirang,Population and Household Profile,6,Households using iodized salt (%),98.5,98.6,False,False
Assam,Chirang,Population and Household Profile,7,Households with any usual member covered under a health insurance/financing scheme (%),74.9,67.4,False,False
Assam,Chirang,Population and Household Profile,8,Households with any usual member having a bank account/post office account (%),98.9,97.2,False,False
Assam,Chirang,Population and Household Profile,9,Female population age 6 years and above who ever attended school (%),76.7,71.5,False,False
Assam,Chirang,Population and Household Profile,10,Households with any usual female members owning a house and/or land (alone or jointly with others) (%),10.5,9.0,False,False
Assam,Chirang,Population and Household Profile,11,Children age 2-4 years who attended pre-school (%),58.6,37.5,False,False
Assam,Chirang,Characteristics of Adults (age 15-49 years),12,Women with 10 or more years of schooling (%),32.9,23.0,False,False
Assam,Chirang,Characteristics of Adults (age 15-49 years),13,Men with 10 or more years of schooling (%),36.3,21.0,False,False
Assam,Chirang,Characteristics of Adults (age 15-49 years),14,Women who have ever used the internet (%),68.5,24.4,False,False
Assam,Chirang,Characteristics of Adults (age 15-49 years),15,Men who have ever used the internet (%),75.7,42.6,False,False
Assam,Chirang,Marriage and Fertility,16,Women age 20-24 years married before age 18 years (%),25.6,30.9,False,False
Assam,Chirang,Marriage and Fertility,17,Men age 25-29 years married before age 21 years (%),*,*,True,False
Assam,Chirang,Marriage and Fertility,18,Three or more births in the 5 years preceding the survey (%),0.0,0.0,False,False
Assam,Chirang,Marriage and Fertility,19,Women age 15-19 years who were already mothers or pregnant at the time of the survey (%),6.6,13.7,False,False
Assam,Chirang,Marriage and Fertility,20,Any method2 (%),75.2,65.8,False,False
Assam,Chirang,Marriage and Fertility,21,Any modern method2 (%),50.3,55.6,False,False
Assam,Chirang,Marriage and Fertility,22,Any traditional method (%),24.9,10.2,False,False
Assam,Chirang,Marriage and Fertility,23,Female sterilization (%),4.6,3.9,False,False
Assam,Chirang,Marriage and Fertility,24,Male sterilization (%),0.3,0.1,False,False
Assam,Chirang,Marriage and Fertility,25,Total unmet need3 (%),8.4,9.8,False,False
Assam,Chirang,Marriage and Fertility,26,Unmet need for spacing3 (%),4.1,3.6,False,False
Assam,Chirang,Marriage and Fertility,27,Unmet need for limiting3 (%),4.3,6.2,False,False
Assam,Chirang,Antenatal Care (for last birth in the 5 years before the survey),28,Mothers who had an antenatal check-up in the first trimester (%),80.6,55.9,False,False
Assam,Chirang,Antenatal Care (for last birth in the 5 years before the survey),29,Mothers who had any antenatal care visits (%),93.9,96.9,False,False
Assam,Chirang,Antenatal Care (for last birth in the 5 years before the survey),30,Mothers who had at least 4 antenatal care visits (%),61.7,56.5,False,False
Assam,Chirang,Antenatal Care (for last birth in the 5 years before the survey),31,Mothers whose last birth was protected against neonatal tetanus4 (%),93.9,96.1,False,False
Assam,Chirang,Antenatal Care (for last birth in the 5 years before the survey),32,Mothers who consumed iron folic acid for 100 days or more when they were pregnant (%),66.8,47.1,False,False
Assam,Chirang,Antenatal Care (for last birth in the 5 years before the survey),33,Mothers who consumed iron folic acid for 180 days or more when they were pregnant (%),50.0,22.8,False,False
Assam,Chirang,Antenatal Care (for last birth in the 5 years before the survey),34,Registered pregnancies for which the mother received a Mother and Child Protection (MCP) card (%),97.4,99.2,False,False
Assam,Chirang,Delivery Care (for births in the 5 years before the survey),35,Institutional births (%),83.4,83.7,False,False
Assam,Chirang,Delivery Care (for births in the 5 years before the survey),36,Institutional births in public facility (%),70.1,71.1,False,False
Assam,Chirang,Delivery Care (for births in the 5 years before the survey),37,Births attended by skilled health personnel5 (%),90.6,82.9,False,False
Assam,Chirang,Delivery Care (for births in the 5 years before the survey),38,Births delivered by caesarean section (%),29.5,15.3,False,False
Assam,Chirang,Delivery Care (for births in the 5 years before the survey),39,Births in a private health facility that were delivered by caesarean section (%),89.4,69.0,True,False
Assam,Chirang,Delivery Care (for births in the 5 years before the survey),40,Births in a public health facility that were delivered by caesarean section (%),25.2,9.3,False,False
Assam,Chirang,Postnatal Care (for last birth in the 5 years before the survey),41,Mothers who received postnatal care from a doctor/nurse/LHV/ANM/midwife/other health personnel within 2,76.7,59.7,False,False
Assam,Chirang,Postnatal Care (for last birth in the 5 years before the survey),42,Children born at home who were taken to a health facility for a check-up within 24 hours of birth (%),2.2,4.3,True,False
Assam,Chirang,Postnatal Care (for last birth in the 5 years before the survey),43,Children who received postnatal care from a doctor/nurse/LHV/ANM/midwife/other health personnel within 2,73.2,63.0,False,False
Assam,Chirang,Child Vaccinations and Vitamin A Supplementation,44,Children age 12-23 months fully vaccinated based on information from either vaccination card or mother's,82.1,71.1,False,False
Assam,Chirang,Child Vaccinations and Vitamin A Supplementation,45,Children age 12-23 months fully vaccinated based on information from vaccination card only7 (%),84.6,68.2,True,False
Assam,Chirang,Child Vaccinations and Vitamin A Supplementation,46,Children age 12-23 months who have received any vaccine (%),96.6,100.0,False,False
Assam,Chirang,Child Vaccinations and Vitamin A Supplementation,47,Children age 12-23 months who have received BCG (%),93.2,98.2,False,False
Assam,Chirang,Child Vaccinations and Vitamin A Supplementation,48,Children age 12-23 months who have received 3 doses of polio vaccine8 (%),82.1,77.9,False,False
Assam,Chirang,Child Vaccinations and Vitamin A Supplementation,49,Children age 12-23 months who have received 3 doses of pentavalent vaccine (%),91.1,86.4,False,False
Assam,Chirang,Child Vaccinations and Vitamin A Supplementation,50,Children age 12-23 months who have received the first dose of measles-containing vaccine (MCV) (%),92.5,89.3,False,False
Assam,Chirang,Child Vaccinations and Vitamin A Supplementation,51,Children age 24-35 months who have received a second dose of measles-containing vaccine (MCV) (%),61.4,33.0,False,False
Assam,Chirang,Child Vaccinations and Vitamin A Supplementation,52,Children age 12-23 months who have received birth dose of hepatitis B vaccine (%),62.6,57.7,False,False
Assam,Chirang,Child Vaccinations and Vitamin A Supplementation,53,Children age 12-23 months who have received 3 doses of rotavirus vaccine (%),91.1,43.8,False,False
Assam,Chirang,Child Vaccinations and Vitamin A Supplementation,54,Children age 9-35 months who received a vitamin A dose in the last 6 months (%),75.1,63.7,False,False
Assam,Chirang,Child Vaccinations and Vitamin A Supplementation,55,Children age 12-23 months who received most of their vaccinations in a public health facility (%),94.2,96.5,False,False
Assam,Chirang,Child Vaccinations and Vitamin A Supplementation,56,Children age 12-23 months who received most of their vaccinations in a private health facility (%),0.0,3.5,False,False
Assam,Chirang,Treatment of Childhood Diseases (children under age 5 years),57,Prevalence of diarrhoea in the 2 weeks preceding the survey (%),0.4,6.3,False,False
Assam,Chirang,Treatment of Childhood Diseases (children under age 5 years),58,Prevalence of symptoms of acute respiratory infection (ARI) in the 2 weeks preceding the survey (%),0.4,1.6,False,False
Assam,Chirang,Treatment of Childhood Diseases (children under age 5 years),59,Children with fever or symptoms of ARI in the 2 weeks preceding the survey taken to a health facility or,33.2,33.2,True,False
Assam,Chirang,Child Feeding Practices and Nutritional Status of Children,60,Children under age 3 years breastfed within one hour of birth9 (%),66.4,40.5,False,False
Assam,Chirang,Child Feeding Practices and Nutritional Status of Children,61,Children under age 6 months exclusively breastfed10 (%),*,76.8,True,False
Assam,Chirang,Child Feeding Practices and Nutritional Status of Children,62,Children under age 6 months currently breastfeeding10 (%),*,96.7,True,False
Assam,Chirang,Child Feeding Practices and Nutritional Status of Children,63,Children under age 6 months exclusively breastfed or breastfeeding and consuming plain water/other,*,85.5,True,False
Assam,Chirang,Child Feeding Practices and Nutritional Status of Children,64,Children age 6-8 months receiving solid or semi-solid food and breastmilk10 (%),*,*,True,False
Assam,Chirang,Child Feeding Practices and Nutritional Status of Children,65,"Breastfeeding children age 6-23 months receiving an adequate diet10, 11 (%)",15.9,9.9,False,False
Assam,Chirang,Child Feeding Practices and Nutritional Status of Children,66,"Non-breastfeeding children age 6-23 months receiving an adequate diet10, 11 (%)",*,*,True,False
Assam,Chirang,Child Feeding Practices and Nutritional Status of Children,67,"Total children age 6-23 months receiving an adequate diet10, 11 (%)",15.7,9.7,False,False
Assam,Chirang,Child Feeding Practices and Nutritional Status of Children,68,Children under 5 years who are stunted (height-for-age)12 (%),26.5,42.7,False,False
Assam,Chirang,Child Feeding Practices and Nutritional Status of Children,69,Children under 5 years who are wasted (weight-for-height)12 (%),24.7,19.5,False,False
Assam,Chirang,Child Feeding Practices and Nutritional Status of Children,70,Children under 5 years who are severely wasted (weight-for-height)13 (%),11.1,8.5,False,False
Assam,Chirang,Child Feeding Practices and Nutritional Status of Children,71,Children under 5 years who are underweight (weight-for-age)12 (%),27.4,39.7,False,False
Assam,Chirang,Child Feeding Practices and Nutritional Status of Children,72,Children under 5 years who are overweight (weight-for-height)14 (%),2.6,4.5,False,False
Assam,Chirang,Nutritional Status of Adults (age 15-49 years),73,Women whose Body Mass Index (BMI) is below normal (BMI <18.5 kg/m2)15 (%),14.6,17.2,False,False
Assam,Chirang,Nutritional Status of Adults (age 15-49 years),74,Women who are overweight or obese (BMI ≥25.0 kg/m2)15 (%),22.6,13.3,False,False
Assam,Chirang,Women,75,Blood sugar level - high (141-160 mg/dl)16 (%),6.0,5.7,False,False
Assam,Chirang,Women,76,Blood sugar level - very high (>160 mg/dl)16 (%),6.3,2.6,False,False
Assam,Chirang,Women,77,Blood sugar level - high or very high (>140 mg/dl) or taking medicine to control blood sugar level16 (%),12.6,8.8,False,False
Assam,Chirang,Men,78,Blood sugar level - high (141-160 mg/dl)16 (%),8.0,8.9,False,False
Assam,Chirang,Men,79,Blood sugar level - very high (>160 mg/dl)16 (%),6.4,4.1,False,False
Assam,Chirang,Men,80,Blood sugar level - high or very high (>140 mg/dl) or taking medicine to control blood sugar level16 (%),14.7,13.3,False,False
Assam,Chirang,Women,81,Mildly elevated blood pressure (Systolic 140-159 mm of Hg and/or Diastolic 90-99 mm of Hg) (%),10.2,13.8,False,False
Assam,Chirang,Women,82,Moderately or severely elevated blood pressure (Systolic ≥160 mm of Hg and/or Diastolic ≥100 mm,4.1,5.2,False,False
Assam,Chirang,Women,83,Elevated blood pressure (Systolic ≥140 mm of Hg and/or Diastolic ≥90 mm of Hg) or taking medicine to,16.7,20.8,False,False
Assam,Chirang,Men,84,Mildly elevated blood pressure (Systolic 140-159 mm of Hg and/or Diastolic 90-99 mm of Hg) (%),14.4,18.5,False,False
Assam,Chirang,Men,85,Moderately or severely elevated blood pressure (Systolic ≥160 mm of Hg and/or Diastolic ≥100 mm,4.4,6.4,False,False
Assam,Chirang,Men,86,Elevated blood pressure (Systolic ≥140 mm of Hg and/or Diastolic ≥90 mm of Hg) or taking medicine to,20.6,25.6,False,False
Assam,Chirang,Men,87,Women having a bank or savings account that they themselves use (%),93.3,68.2,False,False
Assam,Chirang,Men,88,Women having a mobile phone that they themselves use (%),70.7,53.8,False,False
Assam,Chirang,Men,89,Women age 15-24 years who use hygienic methods of protection during their menstrual period17 (%),71.2,63.5,False,False
Assam,Chirang,Tobacco Use and Alcohol Consumption among Adults (age 15 years and above),90,Women age 15 years and above who use any kind of tobacco (%),12.6,18.6,False,False
Assam,Chirang,Tobacco Use and Alcohol Consumption among Adults (age 15 years and above),91,Men age 15 years and above who use any kind of tobacco (%),42.2,55.1,False,False
Assam,Chirang,Tobacco Use and Alcohol Consumption among Adults (age 15 years and above),92,Women age 15 years and above who consume alcohol (%),17.0,8.9,False,False
Assam,Chirang,Tobacco Use and Alcohol Consumption among Adults (age 15 years and above),93,Men age 15 years and above who consume alcohol (%),35.6,30.9,False,False
Assam,Darrang,Population and Household Profile,1,Population below age 5 years (%),7.7,8.6,False,False
Assam,Darrang,Population and Household Profile,2,Population below age 15 years (%),27.2,29.2,False,False
Assam,Darrang,Population and Household Profile,3,Population age 60 years and above (%),11.1,8.7,False,False
Assam,Darrang,Population and Household Profile,4,Population living in households with electricity (%),92.7,89.5,False,False
Assam,Darrang,Population and Household Profile,5,Population living in households with an improved drinking-water source1 (%),99.4,99.7,False,False
Assam,Darrang,Population and Household Profile,6,Households using iodized salt (%),96.1,97.4,False,False
Assam,Darrang,Population and Household Profile,7,Households with any usual member covered under a health insurance/financing scheme (%),82.2,59.5,False,False
Assam,Darrang,Population and Household Profile,8,Households with any usual member having a bank account/post office account (%),98.4,95.5,False,False
Assam,Darrang,Population and Household Profile,9,Female population age 6 years and above who ever attended school (%),79.1,75.2,False,False
Assam,Darrang,Population and Household Profile,10,Households with any usual female members owning a house and/or land (alone or jointly with others) (%),9.1,8.8,False,False
Assam,Darrang,Population and Household Profile,11,Children age 2-4 years who attended pre-school (%),61.6,36.9,False,False
Assam,Darrang,Characteristics of Adults (age 15-49 years),12,Women with 10 or more years of schooling (%),33.8,27.5,False,False
Assam,Darrang,Characteristics of Adults (age 15-49 years),13,Men with 10 or more years of schooling (%),40.5,33.0,False,False
Assam,Darrang,Characteristics of Adults (age 15-49 years),14,Women who have ever used the internet (%),52.0,13.9,False,False
Assam,Darrang,Characteristics of Adults (age 15-49 years),15,Men who have ever used the internet (%),74.2,41.9,False,False
Assam,Darrang,Marriage and Fertility,16,Women age 20-24 years married before age 18 years (%),34.3,42.8,False,False
Assam,Darrang,Marriage and Fertility,17,Men age 25-29 years married before age 21 years (%),*,28.7,True,False
Assam,Darrang,Marriage and Fertility,18,Three or more births in the 5 years preceding the survey (%),0.0,0.6,False,False
Assam,Darrang,Marriage and Fertility,19,Women age 15-19 years who were already mothers or pregnant at the time of the survey (%),11.4,16.1,False,False
Assam,Darrang,Marriage and Fertility,20,Any method2 (%),77.9,46.8,False,False
Assam,Darrang,Marriage and Fertility,21,Any modern method2 (%),54.5,36.5,False,False
Assam,Darrang,Marriage and Fertility,22,Any traditional method (%),23.4,10.3,False,False
Assam,Darrang,Marriage and Fertility,23,Female sterilization (%),5.9,3.5,False,False
Assam,Darrang,Marriage and Fertility,24,Male sterilization (%),0.2,0.1,False,False
Assam,Darrang,Marriage and Fertility,25,Total unmet need3 (%),5.5,14.8,False,False
Assam,Darrang,Marriage and Fertility,26,Unmet need for spacing3 (%),2.9,5.8,False,False
Assam,Darrang,Marriage and Fertility,27,Unmet need for limiting3 (%),2.6,9.0,False,False
Assam,Darrang,Antenatal Care (for last birth in the 5 years before the survey),28,Mothers who had an antenatal check-up in the first trimester (%),69.0,56.5,False,False
Assam,Darrang,Antenatal Care (for last birth in the 5 years before the survey),29,Mothers who had any antenatal care visits (%),90.5,86.6,False,False
Assam,Darrang,Antenatal Care (for last birth in the 5 years before the survey),30,Mothers who had at least 4 antenatal care visits (%),61.1,37.5,False,False
Assam,Darrang,Antenatal Care (for last birth in the 5 years before the survey),31,Mothers whose last birth was protected against neonatal tetanus4 (%),97.9,91.1,False,False
Assam,Darrang,Antenatal Care (for last birth in the 5 years before the survey),32,Mothers who consumed iron folic acid for 100 days or more when they were pregnant (%),76.6,43.3,False,False
Assam,Darrang,Antenatal Care (for last birth in the 5 years before the survey),33,Mothers who consumed iron folic acid for 180 days or more when they were pregnant (%),47.9,22.3,False,False
Assam,Darrang,Antenatal Care (for last birth in the 5 years before the survey),34,Registered pregnancies for which the mother received a Mother and Child Protection (MCP) card (%),99.2,99.0,False,False
Assam,Darrang,Delivery Care (for births in the 5 years before the survey),35,Institutional births (%),93.0,84.4,False,False
Assam,Darrang,Delivery Care (for births in the 5 years before the survey),36,Institutional births in public facility (%),85.9,81.1,False,False
Assam,Darrang,Delivery Care (for births in the 5 years before the survey),37,Births attended by skilled health personnel5 (%),95.2,87.0,False,False
Assam,Darrang,Delivery Care (for births in the 5 years before the survey),38,Births delivered by caesarean section (%),19.7,10.8,False,False
Assam,Darrang,Delivery Care (for births in the 5 years before the survey),39,Births in a private health facility that were delivered by caesarean section (%),*,*,True,False
Assam,Darrang,Delivery Care (for births in the 5 years before the survey),40,Births in a public health facility that were delivered by caesarean section (%),15.0,10.0,False,False
Assam,Darrang,Postnatal Care (for last birth in the 5 years before the survey),41,Mothers who received postnatal care from a doctor/nurse/LHV/ANM/midwife/other health personnel within 2,73.0,53.2,False,False
Assam,Darrang,Postnatal Care (for last birth in the 5 years before the survey),42,Children born at home who were taken to a health facility for a check-up within 24 hours of birth (%),*,6.0,True,False
Assam,Darrang,Postnatal Care (for last birth in the 5 years before the survey),43,Children who received postnatal care from a doctor/nurse/LHV/ANM/midwife/other health personnel within 2,71.9,66.3,False,False
Assam,Darrang,Child Vaccinations and Vitamin A Supplementation,44,Children age 12-23 months fully vaccinated based on information from either vaccination card or mother's,86.8,57.1,False,False
Assam,Darrang,Child Vaccinations and Vitamin A Supplementation,45,Children age 12-23 months fully vaccinated based on information from vaccination card only7 (%),91.0,58.1,False,False
Assam,Darrang,Child Vaccinations and Vitamin A Supplementation,46,Children age 12-23 months who have received any vaccine (%),97.1,96.1,False,False
Assam,Darrang,Child Vaccinations and Vitamin A Supplementation,47,Children age 12-23 months who have received BCG (%),93.8,94.9,False,False
Assam,Darrang,Child Vaccinations and Vitamin A Supplementation,48,Children age 12-23 months who have received 3 doses of polio vaccine8 (%),90.1,68.7,False,False
Assam,Darrang,Child Vaccinations and Vitamin A Supplementation,49,Children age 12-23 months who have received 3 doses of pentavalent vaccine (%),94.6,76.7,False,False
Assam,Darrang,Child Vaccinations and Vitamin A Supplementation,50,Children age 12-23 months who have received the first dose of measles-containing vaccine (MCV) (%),94.6,82.2,False,False
Assam,Darrang,Child Vaccinations and Vitamin A Supplementation,51,Children age 24-35 months who have received a second dose of measles-containing vaccine (MCV) (%),78.5,24.9,False,False
Assam,Darrang,Child Vaccinations and Vitamin A Supplementation,52,Children age 12-23 months who have received birth dose of hepatitis B vaccine (%),79.3,58.1,False,False
Assam,Darrang,Child Vaccinations and Vitamin A Supplementation,53,Children age 12-23 months who have received 3 doses of rotavirus vaccine (%),94.6,34.4,False,False
Assam,Darrang,Child Vaccinations and Vitamin A Supplementation,54,Children age 9-35 months who received a vitamin A dose in the last 6 months (%),81.4,48.2,False,False
Assam,Darrang,Child Vaccinations and Vitamin A Supplementation,55,Children age 12-23 months who received most of their vaccinations in a public health facility (%),97.5,98.9,False,False
Assam,Darrang,Child Vaccinations and Vitamin A Supplementation,56,Children age 12-23 months who received most of their vaccinations in a private health facility (%),0.0,1.1,False,False
Assam,Darrang,Treatment of Childhood Diseases (children under age 5 years),57,Prevalence of diarrhoea in the 2 weeks preceding the survey (%),1.3,2.1,False,False
Assam,Darrang,Treatment of Childhood Diseases (children under age 5 years),58,Prevalence of symptoms of acute respiratory infection (ARI) in the 2 weeks preceding the survey (%),0.0,2.3,False,False
Assam,Darrang,Treatment of Childhood Diseases (children under age 5 years),59,Children with fever or symptoms of ARI in the 2 weeks preceding the survey taken to a health facility or,37.5,62.4,True,False
Assam,Darrang,Child Feeding Practices and Nutritional Status of Children,60,Children under age 3 years breastfed within one hour of birth9 (%),69.1,51.7,False,False
Assam,Darrang,Child Feeding Practices and Nutritional Status of Children,61,Children under age 6 months exclusively breastfed10 (%),56.2,61.1,True,False
Assam,Darrang,Child Feeding Practices and Nutritional Status of Children,62,Children under age 6 months currently breastfeeding10 (%),100.0,93.2,True,False
Assam,Darrang,Child Feeding Practices and Nutritional Status of Children,63,Children under age 6 months exclusively breastfed or breastfeeding and consuming plain water/other,86.9,74.4,True,False
Assam,Darrang,Child Feeding Practices and Nutritional Status of Children,64,Children age 6-8 months receiving solid or semi-solid food and breastmilk10 (%),*,*,True,False
Assam,Darrang,Child Feeding Practices and Nutritional Status of Children,65,"Breastfeeding children age 6-23 months receiving an adequate diet10, 11 (%)",16.3,9.2,False,False
Assam,Darrang,Child Feeding Practices and Nutritional Status of Children,66,"Non-breastfeeding children age 6-23 months receiving an adequate diet10, 11 (%)",*,*,True,False
Assam,Darrang,Child Feeding Practices and Nutritional Status of Children,67,"Total children age 6-23 months receiving an adequate diet10, 11 (%)",16.1,9.1,False,False
Assam,Darrang,Child Feeding Practices and Nutritional Status of Children,68,Children under 5 years who are stunted (height-for-age)12 (%),25.9,42.0,False,False
Assam,Darrang,Child Feeding Practices and Nutritional Status of Children,69,Children under 5 years who are wasted (weight-for-height)12 (%),18.4,27.0,False,False
Assam,Darrang,Child Feeding Practices and Nutritional Status of Children,70,Children under 5 years who are severely wasted (weight-for-height)13 (%),5.8,9.1,False,False
Assam,Darrang,Child Feeding Practices and Nutritional Status of Children,71,Children under 5 years who are underweight (weight-for-age)12 (%),29.5,33.1,False,False
Assam,Darrang,Child Feeding Practices and Nutritional Status of Children,72,Children under 5 years who are overweight (weight-for-height)14 (%),0.9,5.6,False,False
Assam,Darrang,Nutritional Status of Adults (age 15-49 years),73,Women whose Body Mass Index (BMI) is below normal (BMI <18.5 kg/m2)15 (%),19.4,17.4,False,False
Assam,Darrang,Nutritional Status of Adults (age 15-49 years),74,Women who are overweight or obese (BMI ≥25.0 kg/m2)15 (%),18.9,13.3,False,False
Assam,Darrang,Women,75,Blood sugar level - high (141-160 mg/dl)16 (%),6.6,7.0,False,False
Assam,Darrang,Women,76,Blood sugar level - very high (>160 mg/dl)16 (%),6.8,3.4,False,False
Assam,Darrang,Women,77,Blood sugar level - high or very high (>140 mg/dl) or taking medicine to control blood sugar level16 (%),14.4,11.0,False,False
Assam,Darrang,Men,78,Blood sugar level - high (141-160 mg/dl)16 (%),7.1,8.3,False,False
Assam,Darrang,Men,79,Blood sugar level - very high (>160 mg/dl)16 (%),8.6,4.8,False,False
Assam,Darrang,Men,80,Blood sugar level - high or very high (>140 mg/dl) or taking medicine to control blood sugar level16 (%),16.7,14.2,False,False
Assam,Darrang,Women,81,Mildly elevated blood pressure (Systolic 140-159 mm of Hg and/or Diastolic 90-99 mm of Hg) (%),9.2,9.6,False,False
Assam,Darrang,Women,82,Moderately or severely elevated blood pressure (Systolic ≥160 mm of Hg and/or Diastolic ≥100 mm,5.7,4.3,False,False
Assam,Darrang,Women,83,Elevated blood pressure (Systolic ≥140 mm of Hg and/or Diastolic ≥90 mm of Hg) or taking medicine to,18.9,16.7,False,False
Assam,Darrang,Men,84,Mildly elevated blood pressure (Systolic 140-159 mm of Hg and/or Diastolic 90-99 mm of Hg) (%),11.5,8.9,False,False
Assam,Darrang,Men,85,Moderately or severely elevated blood pressure (Systolic ≥160 mm of Hg and/or Diastolic ≥100 mm,5.5,2.0,False,False
Assam,Darrang,Men,86,Elevated blood pressure (Systolic ≥140 mm of Hg and/or Diastolic ≥90 mm of Hg) or taking medicine to,21.2,14.5,False,False
Assam,Darrang,Men,87,Women having a bank or savings account that they themselves use (%),95.1,72.4,False,False
Assam,Darrang,Men,88,Women having a mobile phone that they themselves use (%),57.1,47.2,False,False
Assam,Darrang,Men,89,Women age 15-24 years who use hygienic methods of protection during their menstrual period17 (%),64.7,63.8,False,False
Assam,Darrang,Tobacco Use and Alcohol Consumption among Adults (age 15 years and above),90,Women age 15 years and above who use any kind of tobacco (%),14.1,10.2,False,False
Assam,Darrang,Tobacco Use and Alcohol Consumption among Adults (age 15 years and above),91,Men age 15 years and above who use any kind of tobacco (%),47.1,43.0,False,False
Assam,Darrang,Tobacco Use and Alcohol Consumption among Adults (age 15 years and above),92,Women age 15 years and above who consume alcohol (%),0.4,0.3,False,False
Assam,Darrang,Tobacco Use and Alcohol Consumption among Adults (age 15 years and above),93,Men age 15 years and above who consume alcohol (%),9.6,7.8,False,False
Assam,Dhemaji,Population and Household Profile,1,Population below age 5 years (%),6.2,7.6,False,False
Assam,Dhemaji,Population and Household Profile,2,Population below age 15 years (%),24.7,30.6,False,False
Assam,Dhemaji,Population and Household Profile,3,Population age 60 years and above (%),9.0,8.4,False,False
Assam,Dhemaji,Population and Household Profile,4,Population living in households with electricity (%),98.6,95.0,False,False
Assam,Dhemaji,Population and Household Profile,5,Population living in households with an improved drinking-water source1 (%),99.4,95.3,False,False
Assam,Dhemaji,Population and Household Profile,6,Households using iodized salt (%),99.6,99.6,False,False
Assam,Dhemaji,Population and Household Profile,7,Households with any usual member covered under a health insurance/financing scheme (%),83.2,72.9,False,False
Assam,Dhemaji,Population and Household Profile,8,Households with any usual member having a bank account/post office account (%),98.7,96.1,False,False
Assam,Dhemaji,Population and Household Profile,9,Female population age 6 years and above who ever attended school (%),82.9,77.3,False,False
Assam,Dhemaji,Population and Household Profile,10,Households with any usual female members owning a house and/or land (alone or jointly with others) (%),7.6,5.1,False,False
Assam,Dhemaji,Population and Household Profile,11,Children age 2-4 years who attended pre-school (%),48.5,34.8,False,False
Assam,Dhemaji,Characteristics of Adults (age 15-49 years),12,Women with 10 or more years of schooling (%),60.9,43.6,False,False
Assam,Dhemaji,Characteristics of Adults (age 15-49 years),13,Men with 10 or more years of schooling (%),59.5,49.2,False,False
Assam,Dhemaji,Characteristics of Adults (age 15-49 years),14,Women who have ever used the internet (%),57.9,32.3,False,False
Assam,Dhemaji,Characteristics of Adults (age 15-49 years),15,Men who have ever used the internet (%),71.9,54.6,False,False
Assam,Dhemaji,Marriage and Fertility,16,Women age 20-24 years married before age 18 years (%),21.6,32.0,False,False
Assam,Dhemaji,Marriage and Fertility,17,Men age 25-29 years married before age 21 years (%),*,*,True,False
Assam,Dhemaji,Marriage and Fertility,18,Three or more births in the 5 years preceding the survey (%),0.0,0.6,False,False
Assam,Dhemaji,Marriage and Fertility,19,Women age 15-19 years who were already mothers or pregnant at the time of the survey (%),3.9,10.8,False,False
Assam,Dhemaji,Marriage and Fertility,20,Any method2 (%),74.9,72.6,False,False
Assam,Dhemaji,Marriage and Fertility,21,Any modern method2 (%),53.9,45.0,False,False
Assam,Dhemaji,Marriage and Fertility,22,Any traditional method (%),21.0,27.6,False,False
Assam,Dhemaji,Marriage and Fertility,23,Female sterilization (%),9.3,14.6,False,False
Assam,Dhemaji,Marriage and Fertility,24,Male sterilization (%),0.9,0.0,False,False
Assam,Dhemaji,Marriage and Fertility,25,Total unmet need3 (%),8.9,7.1,False,False
Assam,Dhemaji,Marriage and Fertility,26,Unmet need for spacing3 (%),4.3,3.5,False,False
Assam,Dhemaji,Marriage and Fertility,27,Unmet need for limiting3 (%),4.6,3.6,False,False
Assam,Dhemaji,Antenatal Care (for last birth in the 5 years before the survey),28,Mothers who had an antenatal check-up in the first trimester (%),79.0,76.2,False,False
Assam,Dhemaji,Antenatal Care (for last birth in the 5 years before the survey),29,Mothers who had any antenatal care visits (%),95.1,97.9,False,False
Assam,Dhemaji,Antenatal Care (for last birth in the 5 years before the survey),30,Mothers who had at least 4 antenatal care visits (%),55.9,62.2,False,False
Assam,Dhemaji,Antenatal Care (for last birth in the 5 years before the survey),31,Mothers whose last birth was protected against neonatal tetanus4 (%),97.3,96.5,False,False
Assam,Dhemaji,Antenatal Care (for last birth in the 5 years before the survey),32,Mothers who consumed iron folic acid for 100 days or more when they were pregnant (%),77.2,45.3,False,False
Assam,Dhemaji,Antenatal Care (for last birth in the 5 years before the survey),33,Mothers who consumed iron folic acid for 180 days or more when they were pregnant (%),54.0,14.6,False,False
Assam,Dhemaji,Antenatal Care (for last birth in the 5 years before the survey),34,Registered pregnancies for which the mother received a Mother and Child Protection (MCP) card (%),100.0,98.9,False,False
Assam,Dhemaji,Delivery Care (for births in the 5 years before the survey),35,Institutional births (%),97.5,87.3,False,False
Assam,Dhemaji,Delivery Care (for births in the 5 years before the survey),36,Institutional births in public facility (%),89.9,84.1,False,False
Assam,Dhemaji,Delivery Care (for births in the 5 years before the survey),37,Births attended by skilled health personnel5 (%),99.2,91.5,False,False
Assam,Dhemaji,Delivery Care (for births in the 5 years before the survey),38,Births delivered by caesarean section (%),20.9,16.1,False,False
Assam,Dhemaji,Delivery Care (for births in the 5 years before the survey),39,Births in a private health facility that were delivered by caesarean section (%),*,*,True,False
Assam,Dhemaji,Delivery Care (for births in the 5 years before the survey),40,Births in a public health facility that were delivered by caesarean section (%),16.3,15.8,False,False
Assam,Dhemaji,Postnatal Care (for last birth in the 5 years before the survey),41,Mothers who received postnatal care from a doctor/nurse/LHV/ANM/midwife/other health personnel within 2,74.1,72.8,False,False
Assam,Dhemaji,Postnatal Care (for last birth in the 5 years before the survey),42,Children born at home who were taken to a health facility for a check-up within 24 hours of birth (%),*,3.1,True,False
Assam,Dhemaji,Postnatal Care (for last birth in the 5 years before the survey),43,Children who received postnatal care from a doctor/nurse/LHV/ANM/midwife/other health personnel within 2,81.8,75.4,False,False
Assam,Dhemaji,Child Vaccinations and Vitamin A Supplementation,44,Children age 12-23 months fully vaccinated based on information from either vaccination card or mother's,80.2,89.7,True,False
Assam,Dhemaji,Child Vaccinations and Vitamin A Supplementation,45,Children age 12-23 months fully vaccinated based on information from vaccination card only7 (%),86.3,90.8,True,False
Assam,Dhemaji,Child Vaccinations and Vitamin A Supplementation,46,Children age 12-23 months who have received any vaccine (%),94.4,98.5,True,False
Assam,Dhemaji,Child Vaccinations and Vitamin A Supplementation,47,Children age 12-23 months who have received BCG (%),94.4,96.7,True,False
Assam,Dhemaji,Child Vaccinations and Vitamin A Supplementation,48,Children age 12-23 months who have received 3 doses of polio vaccine8 (%),87.7,95.3,True,False
Assam,Dhemaji,Child Vaccinations and Vitamin A Supplementation,49,Children age 12-23 months who have received 3 doses of pentavalent vaccine (%),83.6,94.7,True,False
Assam,Dhemaji,Child Vaccinations and Vitamin A Supplementation,50,Children age 12-23 months who have received the first dose of measles-containing vaccine (MCV) (%),85.8,93.2,True,False
Assam,Dhemaji,Child Vaccinations and Vitamin A Supplementation,51,Children age 24-35 months who have received a second dose of measles-containing vaccine (MCV) (%),72.0,33.9,True,False
Assam,Dhemaji,Child Vaccinations and Vitamin A Supplementation,52,Children age 12-23 months who have received birth dose of hepatitis B vaccine (%),82.9,43.2,True,False
Assam,Dhemaji,Child Vaccinations and Vitamin A Supplementation,53,Children age 12-23 months who have received 3 doses of rotavirus vaccine (%),83.8,76.7,True,False
Assam,Dhemaji,Child Vaccinations and Vitamin A Supplementation,54,Children age 9-35 months who received a vitamin A dose in the last 6 months (%),82.3,64.1,False,False
Assam,Dhemaji,Child Vaccinations and Vitamin A Supplementation,55,Children age 12-23 months who received most of their vaccinations in a public health facility (%),100.0,98.3,True,False
Assam,Dhemaji,Child Vaccinations and Vitamin A Supplementation,56,Children age 12-23 months who received most of their vaccinations in a private health facility (%),0.0,0.0,True,False
Assam,Dhemaji,Treatment of Childhood Diseases (children under age 5 years),57,Prevalence of diarrhoea in the 2 weeks preceding the survey (%),0.5,0.9,False,False
Assam,Dhemaji,Treatment of Childhood Diseases (children under age 5 years),58,Prevalence of symptoms of acute respiratory infection (ARI) in the 2 weeks preceding the survey (%),0.2,3.0,False,False
Assam,Dhemaji,Treatment of Childhood Diseases (children under age 5 years),59,Children with fever or symptoms of ARI in the 2 weeks preceding the survey taken to a health facility or,*,40.0,True,False
Assam,Dhemaji,Child Feeding Practices and Nutritional Status of Children,60,Children under age 3 years breastfed within one hour of birth9 (%),78.4,45.5,False,False
Assam,Dhemaji,Child Feeding Practices and Nutritional Status of Children,61,Children under age 6 months exclusively breastfed10 (%),46.0,75.5,True,False
Assam,Dhemaji,Child Feeding Practices and Nutritional Status of Children,62,Children under age 6 months currently breastfeeding10 (%),100.0,100.0,True,False
Assam,Dhemaji,Child Feeding Practices and Nutritional Status of Children,63,Children under age 6 months exclusively breastfed or breastfeeding and consuming plain water/other,69.9,86.7,True,False
Assam,Dhemaji,Child Feeding Practices and Nutritional Status of Children,64,Children age 6-8 months receiving solid or semi-solid food and breastmilk10 (%),*,*,True,False
Assam,Dhemaji,Child Feeding Practices and Nutritional Status of Children,65,"Breastfeeding children age 6-23 months receiving an adequate diet10, 11 (%)",15.0,6.9,False,False
Assam,Dhemaji,Child Feeding Practices and Nutritional Status of Children,66,"Non-breastfeeding children age 6-23 months receiving an adequate diet10, 11 (%)",*,*,True,False
Assam,Dhemaji,Child Feeding Practices and Nutritional Status of Children,67,"Total children age 6-23 months receiving an adequate diet10, 11 (%)",17.5,6.8,False,False
Assam,Dhemaji,Child Feeding Practices and Nutritional Status of Children,68,Children under 5 years who are stunted (height-for-age)12 (%),19.9,37.2,False,False
Assam,Dhemaji,Child Feeding Practices and Nutritional Status of Children,69,Children under 5 years who are wasted (weight-for-height)12 (%),14.3,18.3,False,False
Assam,Dhemaji,Child Feeding Practices and Nutritional Status of Children,70,Children under 5 years who are severely wasted (weight-for-height)13 (%),7.5,10.1,False,False
Assam,Dhemaji,Child Feeding Practices and Nutritional Status of Children,71,Children under 5 years who are underweight (weight-for-age)12 (%),18.6,25.7,False,False
Assam,Dhemaji,Child Feeding Practices and Nutritional Status of Children,72,Children under 5 years who are overweight (weight-for-height)14 (%),5.5,3.5,False,False
Assam,Dhemaji,Nutritional Status of Adults (age 15-49 years),73,Women whose Body Mass Index (BMI) is below normal (BMI <18.5 kg/m2)15 (%),7.9,12.1,False,False
Assam,Dhemaji,Nutritional Status of Adults (age 15-49 years),74,Women who are overweight or obese (BMI ≥25.0 kg/m2)15 (%),18.7,15.6,False,False
Assam,Dhemaji,Women,75,Blood sugar level - high (141-160 mg/dl)16 (%),4.9,4.9,False,False
Assam,Dhemaji,Women,76,Blood sugar level - very high (>160 mg/dl)16 (%),3.1,2.2,False,False
Assam,Dhemaji,Women,77,Blood sugar level - high or very high (>140 mg/dl) or taking medicine to control blood sugar level16 (%),8.3,7.8,False,False
Assam,Dhemaji,Men,78,Blood sugar level - high (141-160 mg/dl)16 (%),7.3,9.2,False,False
Assam,Dhemaji,Men,79,Blood sugar level - very high (>160 mg/dl)16 (%),6.1,3.7,False,False
Assam,Dhemaji,Men,80,Blood sugar level - high or very high (>140 mg/dl) or taking medicine to control blood sugar level16 (%),13.7,13.3,False,False
Assam,Dhemaji,Women,81,Mildly elevated blood pressure (Systolic 140-159 mm of Hg and/or Diastolic 90-99 mm of Hg) (%),11.6,10.0,False,False
Assam,Dhemaji,Women,82,Moderately or severely elevated blood pressure (Systolic ≥160 mm of Hg and/or Diastolic ≥100 mm,7.1,4.6,False,False
Assam,Dhemaji,Women,83,Elevated blood pressure (Systolic ≥140 mm of Hg and/or Diastolic ≥90 mm of Hg) or taking medicine to,20.4,16.0,False,False
Assam,Dhemaji,Men,84,Mildly elevated blood pressure (Systolic 140-159 mm of Hg and/or Diastolic 90-99 mm of Hg) (%),17.4,17.4,False,False
Assam,Dhemaji,Men,85,Moderately or severely elevated blood pressure (Systolic ≥160 mm of Hg and/or Diastolic ≥100 mm,7.2,5.4,False,False
Assam,Dhemaji,Men,86,Elevated blood pressure (Systolic ≥140 mm of Hg and/or Diastolic ≥90 mm of Hg) or taking medicine to,25.8,24.1,False,False
Assam,Dhemaji,Men,87,Women having a bank or savings account that they themselves use (%),95.9,78.1,False,False
Assam,Dhemaji,Men,88,Women having a mobile phone that they themselves use (%),81.7,54.8,False,False
Assam,Dhemaji,Men,89,Women age 15-24 years who use hygienic methods of protection during their menstrual period17 (%),92.0,77.7,False,False
Assam,Dhemaji,Tobacco Use and Alcohol Consumption among Adults (age 15 years and above),90,Women age 15 years and above who use any kind of tobacco (%),22.0,26.2,False,False
Assam,Dhemaji,Tobacco Use and Alcohol Consumption among Adults (age 15 years and above),91,Men age 15 years and above who use any kind of tobacco (%),49.7,62.7,False,False
Assam,Dhemaji,Tobacco Use and Alcohol Consumption among Adults (age 15 years and above),92,Women age 15 years and above who consume alcohol (%),19.8,30.6,False,False
Assam,Dhemaji,Tobacco Use and Alcohol Consumption among Adults (age 15 years and above),93,Men age 15 years and above who consume alcohol (%),50.6,59.5,False,False
Assam,Dhubri,Population and Household Profile,1,Population below age 5 years (%),8.6,9.5,False,False
Assam,Dhubri,Population and Household Profile,2,Population below age 15 years (%),29.6,32.3,False,False
Assam,Dhubri,Population and Household Profile,3,Population age 60 years and above (%),8.4,7.7,False,False
Assam,Dhubri,Population and Household Profile,4,Population living in households with electricity (%),94.2,92.5,False,False
Assam,Dhubri,Population and Household Profile,5,Population living in households with an improved drinking-water source1 (%),97.8,96.7,False,False
Assam,Dhubri,Population and Household Profile,6,Households using iodized salt (%),91.4,99.1,False,False
Assam,Dhubri,Population and Household Profile,7,Households with any usual member covered under a health insurance/financing scheme (%),64.8,65.8,False,False
Assam,Dhubri,Population and Household Profile,8,Households with any usual member having a bank account/post office account (%),96.7,96.4,False,False
Assam,Dhubri,Population and Household Profile,9,Female population age 6 years and above who ever attended school (%),75.8,71.8,False,False
Assam,Dhubri,Population and Household Profile,10,Households with any usual female members owning a house and/or land (alone or jointly with others) (%),7.3,6.0,False,False
Assam,Dhubri,Population and Household Profile,11,Children age 2-4 years who attended pre-school (%),50.7,34.1,False,False
Assam,Dhubri,Characteristics of Adults (age 15-49 years),12,Women with 10 or more years of schooling (%),29.2,20.4,False,False
Assam,Dhubri,Characteristics of Adults (age 15-49 years),13,Men with 10 or more years of schooling (%),28.9,37.7,False,False
Assam,Dhubri,Characteristics of Adults (age 15-49 years),14,Women who have ever used the internet (%),41.2,23.2,False,False
Assam,Dhubri,Characteristics of Adults (age 15-49 years),15,Men who have ever used the internet (%),57.4,44.7,False,False
Assam,Dhubri,Marriage and Fertility,16,Women age 20-24 years married before age 18 years (%),37.2,50.8,False,False
Assam,Dhubri,Marriage and Fertility,17,Men age 25-29 years married before age 21 years (%),29.5,*,True,False
Assam,Dhubri,Marriage and Fertility,18,Three or more births in the 5 years preceding the survey (%),0.6,1.0,False,False
Assam,Dhubri,Marriage and Fertility,19,Women age 15-19 years who were already mothers or pregnant at the time of the survey (%),18.2,22.4,False,False
Assam,Dhubri,Marriage and Fertility,20,Any method2 (%),70.5,64.1,False,False
Assam,Dhubri,Marriage and Fertility,21,Any modern method2 (%),57.1,53.2,False,False
Assam,Dhubri,Marriage and Fertility,22,Any traditional method (%),13.4,10.9,False,False
Assam,Dhubri,Marriage and Fertility,23,Female sterilization (%),4.0,1.8,False,False
Assam,Dhubri,Marriage and Fertility,24,Male sterilization (%),0.1,0.0,False,False
Assam,Dhubri,Marriage and Fertility,25,Total unmet need3 (%),9.1,11.5,False,False
Assam,Dhubri,Marriage and Fertility,26,Unmet need for spacing3 (%),4.2,4.1,False,False
Assam,Dhubri,Marriage and Fertility,27,Unmet need for limiting3 (%),4.9,7.4,False,False
Assam,Dhubri,Antenatal Care (for last birth in the 5 years before the survey),28,Mothers who had an antenatal check-up in the first trimester (%),66.5,49.9,False,False
Assam,Dhubri,Antenatal Care (for last birth in the 5 years before the survey),29,Mothers who had any antenatal care visits (%),87.4,92.8,False,False
Assam,Dhubri,Antenatal Care (for last birth in the 5 years before the survey),30,Mothers who had at least 4 antenatal care visits (%),35.1,37.6,False,False
Assam,Dhubri,Antenatal Care (for last birth in the 5 years before the survey),31,Mothers whose last birth was protected against neonatal tetanus4 (%),87.0,97.0,False,False
Assam,Dhubri,Antenatal Care (for last birth in the 5 years before the survey),32,Mothers who consumed iron folic acid for 100 days or more when they were pregnant (%),44.2,47.6,False,False
Assam,Dhubri,Antenatal Care (for last birth in the 5 years before the survey),33,Mothers who consumed iron folic acid for 180 days or more when they were pregnant (%),24.0,14.6,False,False
Assam,Dhubri,Antenatal Care (for last birth in the 5 years before the survey),34,Registered pregnancies for which the mother received a Mother and Child Protection (MCP) card (%),95.4,98.2,False,False
Assam,Dhubri,Delivery Care (for births in the 5 years before the survey),35,Institutional births (%),70.8,64.2,False,False
Assam,Dhubri,Delivery Care (for births in the 5 years before the survey),36,Institutional births in public facility (%),66.5,61.8,False,False
Assam,Dhubri,Delivery Care (for births in the 5 years before the survey),37,Births attended by skilled health personnel5 (%),78.8,68.9,False,False
Assam,Dhubri,Delivery Care (for births in the 5 years before the survey),38,Births delivered by caesarean section (%),9.3,6.9,False,False
Assam,Dhubri,Delivery Care (for births in the 5 years before the survey),39,Births in a private health facility that were delivered by caesarean section (%),*,*,True,False
Assam,Dhubri,Delivery Care (for births in the 5 years before the survey),40,Births in a public health facility that were delivered by caesarean section (%),8.5,8.0,False,False
Assam,Dhubri,Postnatal Care (for last birth in the 5 years before the survey),41,Mothers who received postnatal care from a doctor/nurse/LHV/ANM/midwife/other health personnel within 2,52.8,48.4,False,False
Assam,Dhubri,Postnatal Care (for last birth in the 5 years before the survey),42,Children born at home who were taken to a health facility for a check-up within 24 hours of birth (%),8.0,0.8,False,False
Assam,Dhubri,Postnatal Care (for last birth in the 5 years before the survey),43,Children who received postnatal care from a doctor/nurse/LHV/ANM/midwife/other health personnel within 2,52.2,54.5,False,False
Assam,Dhubri,Child Vaccinations and Vitamin A Supplementation,44,Children age 12-23 months fully vaccinated based on information from either vaccination card or mother's,82.6,71.6,False,False
Assam,Dhubri,Child Vaccinations and Vitamin A Supplementation,45,Children age 12-23 months fully vaccinated based on information from vaccination card only7 (%),83.0,69.5,False,False
Assam,Dhubri,Child Vaccinations and Vitamin A Supplementation,46,Children age 12-23 months who have received any vaccine (%),93.8,94.8,False,False
Assam,Dhubri,Child Vaccinations and Vitamin A Supplementation,47,Children age 12-23 months who have received BCG (%),92.5,90.5,False,False
Assam,Dhubri,Child Vaccinations and Vitamin A Supplementation,48,Children age 12-23 months who have received 3 doses of polio vaccine8 (%),83.8,77.3,False,False
Assam,Dhubri,Child Vaccinations and Vitamin A Supplementation,49,Children age 12-23 months who have received 3 doses of pentavalent vaccine (%),87.8,82.7,False,False
Assam,Dhubri,Child Vaccinations and Vitamin A Supplementation,50,Children age 12-23 months who have received the first dose of measles-containing vaccine (MCV) (%),89.1,84.0,False,False
Assam,Dhubri,Child Vaccinations and Vitamin A Supplementation,51,Children age 24-35 months who have received a second dose of measles-containing vaccine (MCV) (%),60.5,44.9,False,False
Assam,Dhubri,Child Vaccinations and Vitamin A Supplementation,52,Children age 12-23 months who have received birth dose of hepatitis B vaccine (%),52.0,56.7,False,False
Assam,Dhubri,Child Vaccinations and Vitamin A Supplementation,53,Children age 12-23 months who have received 3 doses of rotavirus vaccine (%),86.6,47.4,False,False
Assam,Dhubri,Child Vaccinations and Vitamin A Supplementation,54,Children age 9-35 months who received a vitamin A dose in the last 6 months (%),70.5,50.6,False,False
Assam,Dhubri,Child Vaccinations and Vitamin A Supplementation,55,Children age 12-23 months who received most of their vaccinations in a public health facility (%),95.5,96.9,False,False
Assam,Dhubri,Child Vaccinations and Vitamin A Supplementation,56,Children age 12-23 months who received most of their vaccinations in a private health facility (%),0.0,0.0,False,False
Assam,Dhubri,Treatment of Childhood Diseases (children under age 5 years),57,Prevalence of diarrhoea in the 2 weeks preceding the survey (%),5.0,9.8,False,False
Assam,Dhubri,Treatment of Childhood Diseases (children under age 5 years),58,Prevalence of symptoms of acute respiratory infection (ARI) in the 2 weeks preceding the survey (%),1.1,1.7,False,False
Assam,Dhubri,Treatment of Childhood Diseases (children under age 5 years),59,Children with fever or symptoms of ARI in the 2 weeks preceding the survey taken to a health facility or,40.0,39.7,False,False
Assam,Dhubri,Child Feeding Practices and Nutritional Status of Children,60,Children under age 3 years breastfed within one hour of birth9 (%),49.4,57.9,False,False
Assam,Dhubri,Child Feeding Practices and Nutritional Status of Children,61,Children under age 6 months exclusively breastfed10 (%),62.1,66.4,True,False
Assam,Dhubri,Child Feeding Practices and Nutritional Status of Children,62,Children under age 6 months currently breastfeeding10 (%),100.0,92.6,True,False
Assam,Dhubri,Child Feeding Practices and Nutritional Status of Children,63,Children under age 6 months exclusively breastfed or breastfeeding and consuming plain water/other,76.1,76.9,True,False
Assam,Dhubri,Child Feeding Practices and Nutritional Status of Children,64,Children age 6-8 months receiving solid or semi-solid food and breastmilk10 (%),*,*,True,False
Assam,Dhubri,Child Feeding Practices and Nutritional Status of Children,65,"Breastfeeding children age 6-23 months receiving an adequate diet10, 11 (%)",9.4,6.6,False,False
Assam,Dhubri,Child Feeding Practices and Nutritional Status of Children,66,"Non-breastfeeding children age 6-23 months receiving an adequate diet10, 11 (%)",*,*,True,False
Assam,Dhubri,Child Feeding Practices and Nutritional Status of Children,67,"Total children age 6-23 months receiving an adequate diet10, 11 (%)",9.6,7.4,False,False
Assam,Dhubri,Child Feeding Practices and Nutritional Status of Children,68,Children under 5 years who are stunted (height-for-age)12 (%),34.3,48.5,False,False
Assam,Dhubri,Child Feeding Practices and Nutritional Status of Children,69,Children under 5 years who are wasted (weight-for-height)12 (%),22.3,21.5,False,False
Assam,Dhubri,Child Feeding Practices and Nutritional Status of Children,70,Children under 5 years who are severely wasted (weight-for-height)13 (%),10.0,6.7,False,False
Assam,Dhubri,Child Feeding Practices and Nutritional Status of Children,71,Children under 5 years who are underweight (weight-for-age)12 (%),42.5,37.8,False,False
Assam,Dhubri,Child Feeding Practices and Nutritional Status of Children,72,Children under 5 years who are overweight (weight-for-height)14 (%),6.6,6.0,False,False
Assam,Dhubri,Nutritional Status of Adults (age 15-49 years),73,Women whose Body Mass Index (BMI) is below normal (BMI <18.5 kg/m2)15 (%),19.5,22.2,False,False
Assam,Dhubri,Nutritional Status of Adults (age 15-49 years),74,Women who are overweight or obese (BMI ≥25.0 kg/m2)15 (%),15.8,12.4,False,False
Assam,Dhubri,Women,75,Blood sugar level - high (141-160 mg/dl)16 (%),5.1,4.6,False,False
Assam,Dhubri,Women,76,Blood sugar level - very high (>160 mg/dl)16 (%),5.8,3.1,False,False
Assam,Dhubri,Women,77,Blood sugar level - high or very high (>140 mg/dl) or taking medicine to control blood sugar level16 (%),11.1,8.2,False,False
Assam,Dhubri,Men,78,Blood sugar level - high (141-160 mg/dl)16 (%),4.9,5.9,False,False
Assam,Dhubri,Men,79,Blood sugar level - very high (>160 mg/dl)16 (%),4.7,4.4,False,False
Assam,Dhubri,Men,80,Blood sugar level - high or very high (>140 mg/dl) or taking medicine to control blood sugar level16 (%),9.8,10.4,False,False
Assam,Dhubri,Women,81,Mildly elevated blood pressure (Systolic 140-159 mm of Hg and/or Diastolic 90-99 mm of Hg) (%),9.8,11.3,False,False
Assam,Dhubri,Women,82,Moderately or severely elevated blood pressure (Systolic ≥160 mm of Hg and/or Diastolic ≥100 mm,4.6,5.5,False,False
Assam,Dhubri,Women,83,Elevated blood pressure (Systolic ≥140 mm of Hg and/or Diastolic ≥90 mm of Hg) or taking medicine to,16.3,18.2,False,False
Assam,Dhubri,Men,84,Mildly elevated blood pressure (Systolic 140-159 mm of Hg and/or Diastolic 90-99 mm of Hg) (%),10.5,13.4,False,False
Assam,Dhubri,Men,85,Moderately or severely elevated blood pressure (Systolic ≥160 mm of Hg and/or Diastolic ≥100 mm,3.4,4.8,False,False
Assam,Dhubri,Men,86,Elevated blood pressure (Systolic ≥140 mm of Hg and/or Diastolic ≥90 mm of Hg) or taking medicine to,15.4,19.0,False,False
Assam,Dhubri,Men,87,Women having a bank or savings account that they themselves use (%),91.1,74.9,False,False
Assam,Dhubri,Men,88,Women having a mobile phone that they themselves use (%),57.1,56.0,False,False
Assam,Dhubri,Men,89,Women age 15-24 years who use hygienic methods of protection during their menstrual period17 (%),61.3,48.8,False,False
Assam,Dhubri,Tobacco Use and Alcohol Consumption among Adults (age 15 years and above),90,Women age 15 years and above who use any kind of tobacco (%),15.1,21.8,False,False
Assam,Dhubri,Tobacco Use and Alcohol Consumption among Adults (age 15 years and above),91,Men age 15 years and above who use any kind of tobacco (%),37.7,55.0,False,False
Assam,Dhubri,Tobacco Use and Alcohol Consumption among Adults (age 15 years and above),92,Women age 15 years and above who consume alcohol (%),0.7,0.3,False,False
Assam,Dhubri,Tobacco Use and Alcohol Consumption among Adults (age 15 years and above),93,Men age 15 years and above who consume alcohol (%),5.3,5.1,False,False
Assam,Dibrugarh,Population and Household Profile,1,Population below age 5 years (%),6.5,7.3,False,False
Assam,Dibrugarh,Population and Household Profile,2,Population below age 15 years (%),23.6,24.0,False,False
Assam,Dibrugarh,Population and Household Profile,3,Population age 60 years and above (%),10.5,10.0,False,False
Assam,Dibrugarh,Population and Household Profile,4,Population living in households with electricity (%),97.4,94.4,False,False
Assam,Dibrugarh,Population and Household Profile,5,Population living in households with an improved drinking-water source1 (%),99.3,98.1,False,False
Assam,Dibrugarh,Population and Household Profile,6,Households using iodized salt (%),99.7,99.5,False,False
Assam,Dibrugarh,Population and Household Profile,7,Households with any usual member covered under a health insurance/financing scheme (%),72.0,68.3,False,False
Assam,Dibrugarh,Population and Household Profile,8,Households with any usual member having a bank account/post office account (%),98.4,95.8,False,False
Assam,Dibrugarh,Population and Household Profile,9,Female population age 6 years and above who ever attended school (%),79.6,79.5,False,False
Assam,Dibrugarh,Population and Household Profile,10,Households with any usual female members owning a house and/or land (alone or jointly with others) (%),11.3,7.8,False,False
Assam,Dibrugarh,Population and Household Profile,11,Children age 2-4 years who attended pre-school (%),56.6,55.1,False,False
Assam,Dibrugarh,Characteristics of Adults (age 15-49 years),12,Women with 10 or more years of schooling (%),35.9,33.7,False,False
Assam,Dibrugarh,Characteristics of Adults (age 15-49 years),13,Men with 10 or more years of schooling (%),44.1,36.1,False,False
Assam,Dibrugarh,Characteristics of Adults (age 15-49 years),14,Women who have ever used the internet (%),53.1,37.4,False,False
Assam,Dibrugarh,Characteristics of Adults (age 15-49 years),15,Men who have ever used the internet (%),81.7,45.0,False,False
Assam,Dibrugarh,Marriage and Fertility,16,Women age 20-24 years married before age 18 years (%),15.9,23.0,False,False
Assam,Dibrugarh,Marriage and Fertility,17,Men age 25-29 years married before age 21 years (%),*,*,True,False
Assam,Dibrugarh,Marriage and Fertility,18,Three or more births in the 5 years preceding the survey (%),0.4,0.0,False,False
Assam,Dibrugarh,Marriage and Fertility,19,Women age 15-19 years who were already mothers or pregnant at the time of the survey (%),2.3,4.8,False,False
Assam,Dibrugarh,Marriage and Fertility,20,Any method2 (%),72.7,64.6,False,False
Assam,Dibrugarh,Marriage and Fertility,21,Any modern method2 (%),45.5,43.6,False,False
Assam,Dibrugarh,Marriage and Fertility,22,Any traditional method (%),27.2,21.0,False,False
Assam,Dibrugarh,Marriage and Fertility,23,Female sterilization (%),20.7,24.3,False,False
Assam,Dibrugarh,Marriage and Fertility,24,Male sterilization (%),0.6,0.1,False,False
Assam,Dibrugarh,Marriage and Fertility,25,Total unmet need3 (%),6.9,8.7,False,False
Assam,Dibrugarh,Marriage and Fertility,26,Unmet need for spacing3 (%),3.6,4.7,False,False
Assam,Dibrugarh,Marriage and Fertility,27,Unmet need for limiting3 (%),3.3,4.0,False,False
Assam,Dibrugarh,Antenatal Care (for last birth in the 5 years before the survey),28,Mothers who had an antenatal check-up in the first trimester (%),86.6,75.8,False,False
Assam,Dibrugarh,Antenatal Care (for last birth in the 5 years before the survey),29,Mothers who had any antenatal care visits (%),98.3,97.9,False,False
Assam,Dibrugarh,Antenatal Care (for last birth in the 5 years before the survey),30,Mothers who had at least 4 antenatal care visits (%),66.5,75.6,False,False
Assam,Dibrugarh,Antenatal Care (for last birth in the 5 years before the survey),31,Mothers whose last birth was protected against neonatal tetanus4 (%),91.9,94.1,False,False
Assam,Dibrugarh,Antenatal Care (for last birth in the 5 years before the survey),32,Mothers who consumed iron folic acid for 100 days or more when they were pregnant (%),72.7,58.9,False,False
Assam,Dibrugarh,Antenatal Care (for last birth in the 5 years before the survey),33,Mothers who consumed iron folic acid for 180 days or more when they were pregnant (%),55.5,28.0,False,False
Assam,Dibrugarh,Antenatal Care (for last birth in the 5 years before the survey),34,Registered pregnancies for which the mother received a Mother and Child Protection (MCP) card (%),97.3,99.6,False,False
Assam,Dibrugarh,Delivery Care (for births in the 5 years before the survey),35,Institutional births (%),91.2,93.1,False,False
Assam,Dibrugarh,Delivery Care (for births in the 5 years before the survey),36,Institutional births in public facility (%),78.4,71.6,False,False
Assam,Dibrugarh,Delivery Care (for births in the 5 years before the survey),37,Births attended by skilled health personnel5 (%),97.7,95.3,False,False
Assam,Dibrugarh,Delivery Care (for births in the 5 years before the survey),38,Births delivered by caesarean section (%),24.9,27.7,False,False
Assam,Dibrugarh,Delivery Care (for births in the 5 years before the survey),39,Births in a private health facility that were delivered by caesarean section (%),64.7,62.9,True,False
Assam,Dibrugarh,Delivery Care (for births in the 5 years before the survey),40,Births in a public health facility that were delivered by caesarean section (%),21.1,19.9,False,False
Assam,Dibrugarh,Postnatal Care (for last birth in the 5 years before the survey),41,Mothers who received postnatal care from a doctor/nurse/LHV/ANM/midwife/other health personnel within 2,75.0,82.1,False,False
Assam,Dibrugarh,Postnatal Care (for last birth in the 5 years before the survey),42,Children born at home who were taken to a health facility for a check-up within 24 hours of birth (%),*,*,True,False
Assam,Dibrugarh,Postnatal Care (for last birth in the 5 years before the survey),43,Children who received postnatal care from a doctor/nurse/LHV/ANM/midwife/other health personnel within 2,77.3,87.0,False,False
Assam,Dibrugarh,Child Vaccinations and Vitamin A Supplementation,44,Children age 12-23 months fully vaccinated based on information from either vaccination card or mother's,89.9,83.8,True,False
Assam,Dibrugarh,Child Vaccinations and Vitamin A Supplementation,45,Children age 12-23 months fully vaccinated based on information from vaccination card only7 (%),91.4,85.5,True,False
Assam,Dibrugarh,Child Vaccinations and Vitamin A Supplementation,46,Children age 12-23 months who have received any vaccine (%),98.2,97.8,True,False
Assam,Dibrugarh,Child Vaccinations and Vitamin A Supplementation,47,Children age 12-23 months who have received BCG (%),98.2,97.8,True,False
Assam,Dibrugarh,Child Vaccinations and Vitamin A Supplementation,48,Children age 12-23 months who have received 3 doses of polio vaccine8 (%),91.4,83.8,True,False
Assam,Dibrugarh,Child Vaccinations and Vitamin A Supplementation,49,Children age 12-23 months who have received 3 doses of pentavalent vaccine (%),96.6,93.0,True,False
Assam,Dibrugarh,Child Vaccinations and Vitamin A Supplementation,50,Children age 12-23 months who have received the first dose of measles-containing vaccine (MCV) (%),98.2,97.8,True,False
Assam,Dibrugarh,Child Vaccinations and Vitamin A Supplementation,51,Children age 24-35 months who have received a second dose of measles-containing vaccine (MCV) (%),88.2,54.2,True,False
Assam,Dibrugarh,Child Vaccinations and Vitamin A Supplementation,52,Children age 12-23 months who have received birth dose of hepatitis B vaccine (%),90.8,74.7,True,False
Assam,Dibrugarh,Child Vaccinations and Vitamin A Supplementation,53,Children age 12-23 months who have received 3 doses of rotavirus vaccine (%),98.2,50.0,True,False
Assam,Dibrugarh,Child Vaccinations and Vitamin A Supplementation,54,Children age 9-35 months who received a vitamin A dose in the last 6 months (%),83.2,56.5,False,False
Assam,Dibrugarh,Child Vaccinations and Vitamin A Supplementation,55,Children age 12-23 months who received most of their vaccinations in a public health facility (%),96.8,87.2,True,False
Assam,Dibrugarh,Child Vaccinations and Vitamin A Supplementation,56,Children age 12-23 months who received most of their vaccinations in a private health facility (%),3.2,7.6,True,False
Assam,Dibrugarh,Treatment of Childhood Diseases (children under age 5 years),57,Prevalence of diarrhoea in the 2 weeks preceding the survey (%),0.0,5.8,False,False
Assam,Dibrugarh,Treatment of Childhood Diseases (children under age 5 years),58,Prevalence of symptoms of acute respiratory infection (ARI) in the 2 weeks preceding the survey (%),1.1,2.5,False,False
Assam,Dibrugarh,Treatment of Childhood Diseases (children under age 5 years),59,Children with fever or symptoms of ARI in the 2 weeks preceding the survey taken to a health facility or,53.3,56.1,True,False
Assam,Dibrugarh,Child Feeding Practices and Nutritional Status of Children,60,Children under age 3 years breastfed within one hour of birth9 (%),49.9,52.6,False,False
Assam,Dibrugarh,Child Feeding Practices and Nutritional Status of Children,61,Children under age 6 months exclusively breastfed10 (%),91.1,*,True,False
Assam,Dibrugarh,Child Feeding Practices and Nutritional Status of Children,62,Children under age 6 months currently breastfeeding10 (%),100.0,*,True,False
Assam,Dibrugarh,Child Feeding Practices and Nutritional Status of Children,63,Children under age 6 months exclusively breastfed or breastfeeding and consuming plain water/other,95.1,*,True,False
Assam,Dibrugarh,Child Feeding Practices and Nutritional Status of Children,64,Children age 6-8 months receiving solid or semi-solid food and breastmilk10 (%),*,*,True,False
Assam,Dibrugarh,Child Feeding Practices and Nutritional Status of Children,65,"Breastfeeding children age 6-23 months receiving an adequate diet10, 11 (%)",13.6,5.7,False,False
Assam,Dibrugarh,Child Feeding Practices and Nutritional Status of Children,66,"Non-breastfeeding children age 6-23 months receiving an adequate diet10, 11 (%)",*,*,True,False
Assam,Dibrugarh,Child Feeding Practices and Nutritional Status of Children,67,"Total children age 6-23 months receiving an adequate diet10, 11 (%)",14.5,5.6,False,False
Assam,Dibrugarh,Child Feeding Practices and Nutritional Status of Children,68,Children under 5 years who are stunted (height-for-age)12 (%),34.6,27.3,False,False
Assam,Dibrugarh,Child Feeding Practices and Nutritional Status of Children,69,Children under 5 years who are wasted (weight-for-height)12 (%),18.4,20.6,False,False
Assam,Dibrugarh,Child Feeding Practices and Nutritional Status of Children,70,Children under 5 years who are severely wasted (weight-for-height)13 (%),6.1,8.4,False,False
Assam,Dibrugarh,Child Feeding Practices and Nutritional Status of Children,71,Children under 5 years who are underweight (weight-for-age)12 (%),30.0,32.0,False,False
Assam,Dibrugarh,Child Feeding Practices and Nutritional Status of Children,72,Children under 5 years who are overweight (weight-for-height)14 (%),5.5,2.0,False,False
Assam,Dibrugarh,Nutritional Status of Adults (age 15-49 years),73,Women whose Body Mass Index (BMI) is below normal (BMI <18.5 kg/m2)15 (%),21.9,20.3,False,False
Assam,Dibrugarh,Nutritional Status of Adults (age 15-49 years),74,Women who are overweight or obese (BMI ≥25.0 kg/m2)15 (%),23.0,20.9,False,False
Assam,Dibrugarh,Women,75,Blood sugar level - high (141-160 mg/dl)16 (%),5.4,7.9,False,False
Assam,Dibrugarh,Women,76,Blood sugar level - very high (>160 mg/dl)16 (%),6.8,6.6,False,False
Assam,Dibrugarh,Women,77,Blood sugar level - high or very high (>140 mg/dl) or taking medicine to control blood sugar level16 (%),13.3,15.4,False,False
Assam,Dibrugarh,Men,78,Blood sugar level - high (141-160 mg/dl)16 (%),6.7,9.1,False,False
Assam,Dibrugarh,Men,79,Blood sugar level - very high (>160 mg/dl)16 (%),8.7,9.0,False,False
Assam,Dibrugarh,Men,80,Blood sugar level - high or very high (>140 mg/dl) or taking medicine to control blood sugar level16 (%),16.6,19.2,False,False
Assam,Dibrugarh,Women,81,Mildly elevated blood pressure (Systolic 140-159 mm of Hg and/or Diastolic 90-99 mm of Hg) (%),14.2,10.7,False,False
Assam,Dibrugarh,Women,82,Moderately or severely elevated blood pressure (Systolic ≥160 mm of Hg and/or Diastolic ≥100 mm,8.5,4.3,False,False
Assam,Dibrugarh,Women,83,Elevated blood pressure (Systolic ≥140 mm of Hg and/or Diastolic ≥90 mm of Hg) or taking medicine to,26.0,18.1,False,False
Assam,Dibrugarh,Men,84,Mildly elevated blood pressure (Systolic 140-159 mm of Hg and/or Diastolic 90-99 mm of Hg) (%),17.2,13.5,False,False
Assam,Dibrugarh,Men,85,Moderately or severely elevated blood pressure (Systolic ≥160 mm of Hg and/or Diastolic ≥100 mm,8.2,4.3,False,False
Assam,Dibrugarh,Men,86,Elevated blood pressure (Systolic ≥140 mm of Hg and/or Diastolic ≥90 mm of Hg) or taking medicine to,28.1,21.4,False,False
Assam,Dibrugarh,Men,87,Women having a bank or savings account that they themselves use (%),90.6,81.2,False,False
Assam,Dibrugarh,Men,88,Women having a mobile phone that they themselves use (%),65.0,57.7,False,False
Assam,Dibrugarh,Men,89,Women age 15-24 years who use hygienic methods of protection during their menstrual period17 (%),85.9,79.8,False,False
Assam,Dibrugarh,Tobacco Use and Alcohol Consumption among Adults (age 15 years and above),90,Women age 15 years and above who use any kind of tobacco (%),12.2,27.9,False,False
Assam,Dibrugarh,Tobacco Use and Alcohol Consumption among Adults (age 15 years and above),91,Men age 15 years and above who use any kind of tobacco (%),45.4,57.7,False,False
Assam,Dibrugarh,Tobacco Use and Alcohol Consumption among Adults (age 15 years and above),92,Women age 15 years and above who consume alcohol (%),10.7,19.0,False,False
Assam,Dibrugarh,Tobacco Use and Alcohol Consumption among Adults (age 15 years and above),93,Men age 15 years and above who consume alcohol (%),44.7,51.9,False,False
Assam,Dima Hasao,Population and Household Profile,1,Population below age 5 years (%),3.0,6.4,False,False
Assam,Dima Hasao,Population and Household Profile,2,Population below age 15 years (%),21.6,27.7,False,False
Assam,Dima Hasao,Population and Household Profile,3,Population age 60 years and above (%),7.1,7.9,False,False
Assam,Dima Hasao,Population and Household Profile,4,Population living in households with electricity (%),98.4,95.9,False,False
Assam,Dima Hasao,Population and Household Profile,5,Population living in households with an improved drinking-water source1 (%),76.9,50.2,False,False
Assam,Dima Hasao,Population and Household Profile,6,Households using iodized salt (%),94.8,99.4,False,False
Assam,Dima Hasao,Population and Household Profile,7,Households with any usual member covered under a health insurance/financing scheme (%),72.5,65.4,False,False
Assam,Dima Hasao,Population and Household Profile,8,Households with any usual member having a bank account/post office account (%),97.3,95.6,False,False
Assam,Dima Hasao,Population and Household Profile,9,Female population age 6 years and above who ever attended school (%),86.3,85.1,False,False
Assam,Dima Hasao,Population and Household Profile,10,Households with any usual female members owning a house and/or land (alone or jointly with others) (%),8.1,6.2,False,False
Assam,Dima Hasao,Population and Household Profile,11,Children age 2-4 years who attended pre-school (%),44.8,20.0,False,False
Assam,Dima Hasao,Characteristics of Adults (age 15-49 years),12,Women with 10 or more years of schooling (%),57.6,42.4,False,False
Assam,Dima Hasao,Characteristics of Adults (age 15-49 years),13,Men with 10 or more years of schooling (%),68.1,45.4,False,False
Assam,Dima Hasao,Characteristics of Adults (age 15-49 years),14,Women who have ever used the internet (%),69.8,30.8,False,False
Assam,Dima Hasao,Characteristics of Adults (age 15-49 years),15,Men who have ever used the internet (%),86.6,47.5,False,False
Assam,Dima Hasao,Marriage and Fertility,16,Women age 20-24 years married before age 18 years (%),11.6,16.5,False,False
Assam,Dima Hasao,Marriage and Fertility,17,Men age 25-29 years married before age 21 years (%),*,*,True,False
Assam,Dima Hasao,Marriage and Fertility,18,Three or more births in the 5 years preceding the survey (%),0.0,0.7,False,False
Assam,Dima Hasao,Marriage and Fertility,19,Women age 15-19 years who were already mothers or pregnant at the time of the survey (%),1.4,5.4,False,False
Assam,Dima Hasao,Marriage and Fertility,20,Any method2 (%),62.8,65.5,False,False
Assam,Dima Hasao,Marriage and Fertility,21,Any modern method2 (%),51.8,44.9,False,False
Assam,Dima Hasao,Marriage and Fertility,22,Any traditional method (%),11.0,20.6,False,False
Assam,Dima Hasao,Marriage and Fertility,23,Female sterilization (%),3.2,10.2,False,False
Assam,Dima Hasao,Marriage and Fertility,24,Male sterilization (%),0.1,0.2,False,False
Assam,Dima Hasao,Marriage and Fertility,25,Total unmet need3 (%),5.7,9.7,False,False
Assam,Dima Hasao,Marriage and Fertility,26,Unmet need for spacing3 (%),4.4,2.6,False,False
Assam,Dima Hasao,Marriage and Fertility,27,Unmet need for limiting3 (%),1.3,7.1,False,False
Assam,Dima Hasao,Antenatal Care (for last birth in the 5 years before the survey),28,Mothers who had an antenatal check-up in the first trimester (%),53.1,58.9,False,False
Assam,Dima Hasao,Antenatal Care (for last birth in the 5 years before the survey),29,Mothers who had any antenatal care visits (%),77.6,96.2,False,False
Assam,Dima Hasao,Antenatal Care (for last birth in the 5 years before the survey),30,Mothers who had at least 4 antenatal care visits (%),59.3,46.9,False,False
Assam,Dima Hasao,Antenatal Care (for last birth in the 5 years before the survey),31,Mothers whose last birth was protected against neonatal tetanus4 (%),90.4,96.8,False,False
Assam,Dima Hasao,Antenatal Care (for last birth in the 5 years before the survey),32,Mothers who consumed iron folic acid for 100 days or more when they were pregnant (%),64.5,40.8,False,False
Assam,Dima Hasao,Antenatal Care (for last birth in the 5 years before the survey),33,Mothers who consumed iron folic acid for 180 days or more when they were pregnant (%),44.6,17.6,False,False
Assam,Dima Hasao,Antenatal Care (for last birth in the 5 years before the survey),34,Registered pregnancies for which the mother received a Mother and Child Protection (MCP) card (%),99.1,99.2,False,False
Assam,Dima Hasao,Delivery Care (for births in the 5 years before the survey),35,Institutional births (%),93.3,89.5,False,False
Assam,Dima Hasao,Delivery Care (for births in the 5 years before the survey),36,Institutional births in public facility (%),91.2,84.6,False,False
Assam,Dima Hasao,Delivery Care (for births in the 5 years before the survey),37,Births attended by skilled health personnel5 (%),96.7,91.9,False,False
Assam,Dima Hasao,Delivery Care (for births in the 5 years before the survey),38,Births delivered by caesarean section (%),14.6,19.7,False,False
Assam,Dima Hasao,Delivery Care (for births in the 5 years before the survey),39,Births in a private health facility that were delivered by caesarean section (%),*,*,True,False
Assam,Dima Hasao,Delivery Care (for births in the 5 years before the survey),40,Births in a public health facility that were delivered by caesarean section (%),13.8,18.5,False,False
Assam,Dima Hasao,Postnatal Care (for last birth in the 5 years before the survey),41,Mothers who received postnatal care from a doctor/nurse/LHV/ANM/midwife/other health personnel within 2,83.7,73.8,False,False
Assam,Dima Hasao,Postnatal Care (for last birth in the 5 years before the survey),42,Children born at home who were taken to a health facility for a check-up within 24 hours of birth (%),*,*,True,False
Assam,Dima Hasao,Postnatal Care (for last birth in the 5 years before the survey),43,Children who received postnatal care from a doctor/nurse/LHV/ANM/midwife/other health personnel within 2,81.4,76.8,False,False
Assam,Dima Hasao,Child Vaccinations and Vitamin A Supplementation,44,Children age 12-23 months fully vaccinated based on information from either vaccination card or mother's,*,63.6,True,False
Assam,Dima Hasao,Child Vaccinations and Vitamin A Supplementation,45,Children age 12-23 months fully vaccinated based on information from vaccination card only7 (%),*,63.8,True,False
Assam,Dima Hasao,Child Vaccinations and Vitamin A Supplementation,46,Children age 12-23 months who have received any vaccine (%),*,91.3,True,False
Assam,Dima Hasao,Child Vaccinations and Vitamin A Supplementation,47,Children age 12-23 months who have received BCG (%),*,91.3,True,False
Assam,Dima Hasao,Child Vaccinations and Vitamin A Supplementation,48,Children age 12-23 months who have received 3 doses of polio vaccine8 (%),*,73.6,True,False
Assam,Dima Hasao,Child Vaccinations and Vitamin A Supplementation,49,Children age 12-23 months who have received 3 doses of pentavalent vaccine (%),*,71.9,True,False
Assam,Dima Hasao,Child Vaccinations and Vitamin A Supplementation,50,Children age 12-23 months who have received the first dose of measles-containing vaccine (MCV) (%),*,71.7,True,False
Assam,Dima Hasao,Child Vaccinations and Vitamin A Supplementation,51,Children age 24-35 months who have received a second dose of measles-containing vaccine (MCV) (%),85.0,34.4,True,False
Assam,Dima Hasao,Child Vaccinations and Vitamin A Supplementation,52,Children age 12-23 months who have received birth dose of hepatitis B vaccine (%),*,63.8,True,False
Assam,Dima Hasao,Child Vaccinations and Vitamin A Supplementation,53,Children age 12-23 months who have received 3 doses of rotavirus vaccine (%),*,46.1,True,False
Assam,Dima Hasao,Child Vaccinations and Vitamin A Supplementation,54,Children age 9-35 months who received a vitamin A dose in the last 6 months (%),71.0,63.3,False,False
Assam,Dima Hasao,Child Vaccinations and Vitamin A Supplementation,55,Children age 12-23 months who received most of their vaccinations in a public health facility (%),*,98.1,True,False
Assam,Dima Hasao,Child Vaccinations and Vitamin A Supplementation,56,Children age 12-23 months who received most of their vaccinations in a private health facility (%),*,0.0,True,False
Assam,Dima Hasao,Treatment of Childhood Diseases (children under age 5 years),57,Prevalence of diarrhoea in the 2 weeks preceding the survey (%),1.1,7.0,False,False
Assam,Dima Hasao,Treatment of Childhood Diseases (children under age 5 years),58,Prevalence of symptoms of acute respiratory infection (ARI) in the 2 weeks preceding the survey (%),1.5,2.7,False,False
Assam,Dima Hasao,Treatment of Childhood Diseases (children under age 5 years),59,Children with fever or symptoms of ARI in the 2 weeks preceding the survey taken to a health facility or,*,39.9,True,False
Assam,Dima Hasao,Child Feeding Practices and Nutritional Status of Children,60,Children under age 3 years breastfed within one hour of birth9 (%),54.1,58.0,False,False
Assam,Dima Hasao,Child Feeding Practices and Nutritional Status of Children,61,Children under age 6 months exclusively breastfed10 (%),*,*,True,False
Assam,Dima Hasao,Child Feeding Practices and Nutritional Status of Children,62,Children under age 6 months currently breastfeeding10 (%),*,*,True,False
Assam,Dima Hasao,Child Feeding Practices and Nutritional Status of Children,63,Children under age 6 months exclusively breastfed or breastfeeding and consuming plain water/other,*,*,True,False
Assam,Dima Hasao,Child Feeding Practices and Nutritional Status of Children,64,Children age 6-8 months receiving solid or semi-solid food and breastmilk10 (%),*,*,True,False
Assam,Dima Hasao,Child Feeding Practices and Nutritional Status of Children,65,"Breastfeeding children age 6-23 months receiving an adequate diet10, 11 (%)",*,9.3,True,False
Assam,Dima Hasao,Child Feeding Practices and Nutritional Status of Children,66,"Non-breastfeeding children age 6-23 months receiving an adequate diet10, 11 (%)",*,*,True,False
Assam,Dima Hasao,Child Feeding Practices and Nutritional Status of Children,67,"Total children age 6-23 months receiving an adequate diet10, 11 (%)",29.5,8.7,True,False
Assam,Dima Hasao,Child Feeding Practices and Nutritional Status of Children,68,Children under 5 years who are stunted (height-for-age)12 (%),27.2,30.6,False,False
Assam,Dima Hasao,Child Feeding Practices and Nutritional Status of Children,69,Children under 5 years who are wasted (weight-for-height)12 (%),27.4,23.6,False,False
Assam,Dima Hasao,Child Feeding Practices and Nutritional Status of Children,70,Children under 5 years who are severely wasted (weight-for-height)13 (%),13.3,11.3,False,False
Assam,Dima Hasao,Child Feeding Practices and Nutritional Status of Children,71,Children under 5 years who are underweight (weight-for-age)12 (%),26.3,21.7,False,False
Assam,Dima Hasao,Child Feeding Practices and Nutritional Status of Children,72,Children under 5 years who are overweight (weight-for-height)14 (%),2.9,12.5,False,False
Assam,Dima Hasao,Nutritional Status of Adults (age 15-49 years),73,Women whose Body Mass Index (BMI) is below normal (BMI <18.5 kg/m2)15 (%),6.4,10.0,False,False
Assam,Dima Hasao,Nutritional Status of Adults (age 15-49 years),74,Women who are overweight or obese (BMI ≥25.0 kg/m2)15 (%),13.2,16.2,False,False
Assam,Dima Hasao,Women,75,Blood sugar level - high (141-160 mg/dl)16 (%),3.9,5.6,False,False
Assam,Dima Hasao,Women,76,Blood sugar level - very high (>160 mg/dl)16 (%),2.6,2.4,False,False
Assam,Dima Hasao,Women,77,Blood sugar level - high or very high (>140 mg/dl) or taking medicine to control blood sugar level16 (%),6.8,9.8,False,False
Assam,Dima Hasao,Men,78,Blood sugar level - high (141-160 mg/dl)16 (%),5.0,8.7,False,False
Assam,Dima Hasao,Men,79,Blood sugar level - very high (>160 mg/dl)16 (%),3.4,2.8,False,False
Assam,Dima Hasao,Men,80,Blood sugar level - high or very high (>140 mg/dl) or taking medicine to control blood sugar level16 (%),8.8,13.3,False,False
Assam,Dima Hasao,Women,81,Mildly elevated blood pressure (Systolic 140-159 mm of Hg and/or Diastolic 90-99 mm of Hg) (%),10.3,11.1,False,False
Assam,Dima Hasao,Women,82,Moderately or severely elevated blood pressure (Systolic ≥160 mm of Hg and/or Diastolic ≥100 mm,1.7,3.5,False,False
Assam,Dima Hasao,Women,83,Elevated blood pressure (Systolic ≥140 mm of Hg and/or Diastolic ≥90 mm of Hg) or taking medicine to,12.9,17.1,False,False
Assam,Dima Hasao,Men,84,Mildly elevated blood pressure (Systolic 140-159 mm of Hg and/or Diastolic 90-99 mm of Hg) (%),12.3,16.9,False,False
Assam,Dima Hasao,Men,85,Moderately or severely elevated blood pressure (Systolic ≥160 mm of Hg and/or Diastolic ≥100 mm,2.5,4.0,False,False
Assam,Dima Hasao,Men,86,Elevated blood pressure (Systolic ≥140 mm of Hg and/or Diastolic ≥90 mm of Hg) or taking medicine to,16.3,23.5,False,False
Assam,Dima Hasao,Men,87,Women having a bank or savings account that they themselves use (%),88.9,76.6,False,False
Assam,Dima Hasao,Men,88,Women having a mobile phone that they themselves use (%),89.0,65.8,False,False
Assam,Dima Hasao,Men,89,Women age 15-24 years who use hygienic methods of protection during their menstrual period17 (%),81.4,79.1,False,False
Assam,Dima Hasao,Tobacco Use and Alcohol Consumption among Adults (age 15 years and above),90,Women age 15 years and above who use any kind of tobacco (%),16.5,21.3,False,False
Assam,Dima Hasao,Tobacco Use and Alcohol Consumption among Adults (age 15 years and above),91,Men age 15 years and above who use any kind of tobacco (%),45.4,55.2,False,False
Assam,Dima Hasao,Tobacco Use and Alcohol Consumption among Adults (age 15 years and above),92,Women age 15 years and above who consume alcohol (%),21.0,23.9,False,False
Assam,Dima Hasao,Tobacco Use and Alcohol Consumption among Adults (age 15 years and above),93,Men age 15 years and above who consume alcohol (%),52.1,57.2,False,False
Assam,Goalpara,Population and Household Profile,1,Population below age 5 years (%),8.6,8.1,False,False
Assam,Goalpara,Population and Household Profile,2,Population below age 15 years (%),29.0,30.0,False,False
Assam,Goalpara,Population and Household Profile,3,Population age 60 years and above (%),8.9,6.8,False,False
Assam,Goalpara,Population and Household Profile,4,Population living in households with electricity (%),98.1,89.6,False,False
Assam,Goalpara,Population and Household Profile,5,Population living in households with an improved drinking-water source1 (%),87.6,90.7,False,False
Assam,Goalpara,Population and Household Profile,6,Households using iodized salt (%),96.7,99.1,False,False
Assam,Goalpara,Population and Household Profile,7,Households with any usual member covered under a health insurance/financing scheme (%),63.1,76.5,False,False
Assam,Goalpara,Population and Household Profile,8,Households with any usual member having a bank account/post office account (%),97.8,93.4,False,False
Assam,Goalpara,Population and Household Profile,9,Female population age 6 years and above who ever attended school (%),76.9,78.5,False,False
Assam,Goalpara,Population and Household Profile,10,Households with any usual female members owning a house and/or land (alone or jointly with others) (%),7.9,12.1,False,False
Assam,Goalpara,Population and Household Profile,11,Children age 2-4 years who attended pre-school (%),59.6,38.9,False,False
Assam,Goalpara,Characteristics of Adults (age 15-49 years),12,Women with 10 or more years of schooling (%),27.7,23.4,False,False
Assam,Goalpara,Characteristics of Adults (age 15-49 years),13,Men with 10 or more years of schooling (%),28.6,29.0,False,False
Assam,Goalpara,Characteristics of Adults (age 15-49 years),14,Women who have ever used the internet (%),47.6,20.9,False,False
Assam,Goalpara,Characteristics of Adults (age 15-49 years),15,Men who have ever used the internet (%),62.9,38.2,False,False
Assam,Goalpara,Marriage and Fertility,16,Women age 20-24 years married before age 18 years (%),36.5,41.8,False,False
Assam,Goalpara,Marriage and Fertility,17,Men age 25-29 years married before age 21 years (%),*,*,True,False
Assam,Goalpara,Marriage and Fertility,18,Three or more births in the 5 years preceding the survey (%),0.0,0.3,False,False
Assam,Goalpara,Marriage and Fertility,19,Women age 15-19 years who were already mothers or pregnant at the time of the survey (%),9.5,13.3,False,False
Assam,Goalpara,Marriage and Fertility,20,Any method2 (%),79.5,66.8,False,False
Assam,Goalpara,Marriage and Fertility,21,Any modern method2 (%),73.9,55.1,False,False
Assam,Goalpara,Marriage and Fertility,22,Any traditional method (%),5.6,11.7,False,False
Assam,Goalpara,Marriage and Fertility,23,Female sterilization (%),3.1,6.0,False,False
Assam,Goalpara,Marriage and Fertility,24,Male sterilization (%),0.1,0.1,False,False
Assam,Goalpara,Marriage and Fertility,25,Total unmet need3 (%),6.1,7.4,False,False
Assam,Goalpara,Marriage and Fertility,26,Unmet need for spacing3 (%),3.9,2.1,False,False
Assam,Goalpara,Marriage and Fertility,27,Unmet need for limiting3 (%),2.2,5.3,False,False
Assam,Goalpara,Antenatal Care (for last birth in the 5 years before the survey),28,Mothers who had an antenatal check-up in the first trimester (%),70.7,65.3,False,False
Assam,Goalpara,Antenatal Care (for last birth in the 5 years before the survey),29,Mothers who had any antenatal care visits (%),87.2,95.6,False,False
Assam,Goalpara,Antenatal Care (for last birth in the 5 years before the survey),30,Mothers who had at least 4 antenatal care visits (%),38.7,44.1,False,False
Assam,Goalpara,Antenatal Care (for last birth in the 5 years before the survey),31,Mothers whose last birth was protected against neonatal tetanus4 (%),91.7,96.6,False,False
Assam,Goalpara,Antenatal Care (for last birth in the 5 years before the survey),32,Mothers who consumed iron folic acid for 100 days or more when they were pregnant (%),51.8,52.2,False,False
Assam,Goalpara,Antenatal Care (for last birth in the 5 years before the survey),33,Mothers who consumed iron folic acid for 180 days or more when they were pregnant (%),42.9,20.4,False,False
Assam,Goalpara,Antenatal Care (for last birth in the 5 years before the survey),34,Registered pregnancies for which the mother received a Mother and Child Protection (MCP) card (%),99.4,98.6,False,False
Assam,Goalpara,Delivery Care (for births in the 5 years before the survey),35,Institutional births (%),90.1,92.3,False,False
Assam,Goalpara,Delivery Care (for births in the 5 years before the survey),36,Institutional births in public facility (%),83.3,87.2,False,False
Assam,Goalpara,Delivery Care (for births in the 5 years before the survey),37,Births attended by skilled health personnel5 (%),93.2,94.2,False,False
Assam,Goalpara,Delivery Care (for births in the 5 years before the survey),38,Births delivered by caesarean section (%),15.8,16.2,False,False
Assam,Goalpara,Delivery Care (for births in the 5 years before the survey),39,Births in a private health facility that were delivered by caesarean section (%),100.0,*,True,False
Assam,Goalpara,Delivery Care (for births in the 5 years before the survey),40,Births in a public health facility that were delivered by caesarean section (%),10.7,13.4,False,False
Assam,Goalpara,Postnatal Care (for last birth in the 5 years before the survey),41,Mothers who received postnatal care from a doctor/nurse/LHV/ANM/midwife/other health personnel within 2,56.4,73.5,False,False
Assam,Goalpara,Postnatal Care (for last birth in the 5 years before the survey),42,Children born at home who were taken to a health facility for a check-up within 24 hours of birth (%),14.9,*,True,False
Assam,Goalpara,Postnatal Care (for last birth in the 5 years before the survey),43,Children who received postnatal care from a doctor/nurse/LHV/ANM/midwife/other health personnel within 2,66.7,80.0,False,False
Assam,Goalpara,Child Vaccinations and Vitamin A Supplementation,44,Children age 12-23 months fully vaccinated based on information from either vaccination card or mother's,80.8,70.3,False,False
Assam,Goalpara,Child Vaccinations and Vitamin A Supplementation,45,Children age 12-23 months fully vaccinated based on information from vaccination card only7 (%),80.1,72.7,False,False
Assam,Goalpara,Child Vaccinations and Vitamin A Supplementation,46,Children age 12-23 months who have received any vaccine (%),97.2,98.4,False,False
Assam,Goalpara,Child Vaccinations and Vitamin A Supplementation,47,Children age 12-23 months who have received BCG (%),95.8,98.4,False,False
Assam,Goalpara,Child Vaccinations and Vitamin A Supplementation,48,Children age 12-23 months who have received 3 doses of polio vaccine8 (%),82.2,71.9,False,False
Assam,Goalpara,Child Vaccinations and Vitamin A Supplementation,49,Children age 12-23 months who have received 3 doses of pentavalent vaccine (%),88.1,90.6,False,False
Assam,Goalpara,Child Vaccinations and Vitamin A Supplementation,50,Children age 12-23 months who have received the first dose of measles-containing vaccine (MCV) (%),88.1,90.6,False,False
Assam,Goalpara,Child Vaccinations and Vitamin A Supplementation,51,Children age 24-35 months who have received a second dose of measles-containing vaccine (MCV) (%),79.7,38.9,False,False
Assam,Goalpara,Child Vaccinations and Vitamin A Supplementation,52,Children age 12-23 months who have received birth dose of hepatitis B vaccine (%),61.5,66.8,False,False
Assam,Goalpara,Child Vaccinations and Vitamin A Supplementation,53,Children age 12-23 months who have received 3 doses of rotavirus vaccine (%),87.2,52.0,False,False
Assam,Goalpara,Child Vaccinations and Vitamin A Supplementation,54,Children age 9-35 months who received a vitamin A dose in the last 6 months (%),80.3,57.8,False,False
Assam,Goalpara,Child Vaccinations and Vitamin A Supplementation,55,Children age 12-23 months who received most of their vaccinations in a public health facility (%),97.2,100.0,False,False
Assam,Goalpara,Child Vaccinations and Vitamin A Supplementation,56,Children age 12-23 months who received most of their vaccinations in a private health facility (%),1.4,0.0,False,False
Assam,Goalpara,Treatment of Childhood Diseases (children under age 5 years),57,Prevalence of diarrhoea in the 2 weeks preceding the survey (%),2.0,7.8,False,False
Assam,Goalpara,Treatment of Childhood Diseases (children under age 5 years),58,Prevalence of symptoms of acute respiratory infection (ARI) in the 2 weeks preceding the survey (%),0.8,2.1,False,False
Assam,Goalpara,Treatment of Childhood Diseases (children under age 5 years),59,Children with fever or symptoms of ARI in the 2 weeks preceding the survey taken to a health facility or,46.8,50.9,False,False
Assam,Goalpara,Child Feeding Practices and Nutritional Status of Children,60,Children under age 3 years breastfed within one hour of birth9 (%),70.9,45.7,False,False
Assam,Goalpara,Child Feeding Practices and Nutritional Status of Children,61,Children under age 6 months exclusively breastfed10 (%),39.1,*,True,False
Assam,Goalpara,Child Feeding Practices and Nutritional Status of Children,62,Children under age 6 months currently breastfeeding10 (%),100.0,*,True,False
Assam,Goalpara,Child Feeding Practices and Nutritional Status of Children,63,Children under age 6 months exclusively breastfed or breastfeeding and consuming plain water/other,67.1,*,True,False
Assam,Goalpara,Child Feeding Practices and Nutritional Status of Children,64,Children age 6-8 months receiving solid or semi-solid food and breastmilk10 (%),*,*,True,False
Assam,Goalpara,Child Feeding Practices and Nutritional Status of Children,65,"Breastfeeding children age 6-23 months receiving an adequate diet10, 11 (%)",10.0,8.0,False,False
Assam,Goalpara,Child Feeding Practices and Nutritional Status of Children,66,"Non-breastfeeding children age 6-23 months receiving an adequate diet10, 11 (%)",*,*,True,False
Assam,Goalpara,Child Feeding Practices and Nutritional Status of Children,67,"Total children age 6-23 months receiving an adequate diet10, 11 (%)",10.6,7.5,False,False
Assam,Goalpara,Child Feeding Practices and Nutritional Status of Children,68,Children under 5 years who are stunted (height-for-age)12 (%),33.3,38.9,False,False
Assam,Goalpara,Child Feeding Practices and Nutritional Status of Children,69,Children under 5 years who are wasted (weight-for-height)12 (%),27.7,24.3,False,False
Assam,Goalpara,Child Feeding Practices and Nutritional Status of Children,70,Children under 5 years who are severely wasted (weight-for-height)13 (%),12.5,14.3,False,False
Assam,Goalpara,Child Feeding Practices and Nutritional Status of Children,71,Children under 5 years who are underweight (weight-for-age)12 (%),36.5,35.4,False,False
Assam,Goalpara,Child Feeding Practices and Nutritional Status of Children,72,Children under 5 years who are overweight (weight-for-height)14 (%),5.2,5.4,False,False
Assam,Goalpara,Nutritional Status of Adults (age 15-49 years),73,Women whose Body Mass Index (BMI) is below normal (BMI <18.5 kg/m2)15 (%),13.2,12.2,False,False
Assam,Goalpara,Nutritional Status of Adults (age 15-49 years),74,Women who are overweight or obese (BMI ≥25.0 kg/m2)15 (%),17.5,15.3,False,False
Assam,Goalpara,Women,75,Blood sugar level - high (141-160 mg/dl)16 (%),5.5,6.0,False,False
Assam,Goalpara,Women,76,Blood sugar level - very high (>160 mg/dl)16 (%),4.7,3.0,False,False
Assam,Goalpara,Women,77,Blood sugar level - high or very high (>140 mg/dl) or taking medicine to control blood sugar level16 (%),10.6,10.2,False,False
Assam,Goalpara,Men,78,Blood sugar level - high (141-160 mg/dl)16 (%),6.0,7.7,False,False
Assam,Goalpara,Men,79,Blood sugar level - very high (>160 mg/dl)16 (%),6.2,3.8,False,False
Assam,Goalpara,Men,80,Blood sugar level - high or very high (>140 mg/dl) or taking medicine to control blood sugar level16 (%),12.6,13.2,False,False
Assam,Goalpara,Women,81,Mildly elevated blood pressure (Systolic 140-159 mm of Hg and/or Diastolic 90-99 mm of Hg) (%),10.1,11.1,False,False
Assam,Goalpara,Women,82,Moderately or severely elevated blood pressure (Systolic ≥160 mm of Hg and/or Diastolic ≥100 mm,3.8,3.3,False,False
Assam,Goalpara,Women,83,Elevated blood pressure (Systolic ≥140 mm of Hg and/or Diastolic ≥90 mm of Hg) or taking medicine to,16.5,16.8,False,False
Assam,Goalpara,Men,84,Mildly elevated blood pressure (Systolic 140-159 mm of Hg and/or Diastolic 90-99 mm of Hg) (%),10.5,11.5,False,False
Assam,Goalpara,Men,85,Moderately or severely elevated blood pressure (Systolic ≥160 mm of Hg and/or Diastolic ≥100 mm,3.5,3.5,False,False
Assam,Goalpara,Men,86,Elevated blood pressure (Systolic ≥140 mm of Hg and/or Diastolic ≥90 mm of Hg) or taking medicine to,15.7,17.9,False,False
Assam,Goalpara,Men,87,Women having a bank or savings account that they themselves use (%),92.2,77.8,False,False
Assam,Goalpara,Men,88,Women having a mobile phone that they themselves use (%),54.1,47.3,False,False
Assam,Goalpara,Men,89,Women age 15-24 years who use hygienic methods of protection during their menstrual period17 (%),69.8,64.7,False,False
Assam,Goalpara,Tobacco Use and Alcohol Consumption among Adults (age 15 years and above),90,Women age 15 years and above who use any kind of tobacco (%),18.7,15.6,False,False
Assam,Goalpara,Tobacco Use and Alcohol Consumption among Adults (age 15 years and above),91,Men age 15 years and above who use any kind of tobacco (%),47.0,52.0,False,False
Assam,Goalpara,Tobacco Use and Alcohol Consumption among Adults (age 15 years and above),92,Women age 15 years and above who consume alcohol (%),6.0,5.0,False,False
Assam,Goalpara,Tobacco Use and Alcohol Consumption among Adults (age 15 years and above),93,Men age 15 years and above who consume alcohol (%),14.3,16.2,False,False
Assam,Golaghat,Population and Household Profile,1,Population below age 5 years (%),6.5,6.3,False,False
Assam,Golaghat,Population and Household Profile,2,Population below age 15 years (%),22.7,24.3,False,False
Assam,Golaghat,Population and Household Profile,3,Population age 60 years and above (%),11.3,8.8,False,False
Assam,Golaghat,Population and Household Profile,4,Population living in households with electricity (%),97.2,96.4,False,False
Assam,Golaghat,Population and Household Profile,5,Population living in households with an improved drinking-water source1 (%),96.7,93.7,False,False
Assam,Golaghat,Population and Household Profile,6,Households using iodized salt (%),99.7,98.7,False,False
Assam,Golaghat,Population and Household Profile,7,Households with any usual member covered under a health insurance/financing scheme (%),79.0,79.3,False,False
Assam,Golaghat,Population and Household Profile,8,Households with any usual member having a bank account/post office account (%),97.8,95.4,False,False
Assam,Golaghat,Population and Household Profile,9,Female population age 6 years and above who ever attended school (%),80.6,77.6,False,False
Assam,Golaghat,Population and Household Profile,10,Households with any usual female members owning a house and/or land (alone or jointly with others) (%),15.2,7.9,False,False
Assam,Golaghat,Population and Household Profile,11,Children age 2-4 years who attended pre-school (%),62.4,47.5,False,False
Assam,Golaghat,Characteristics of Adults (age 15-49 years),12,Women with 10 or more years of schooling (%),34.6,27.9,False,False
Assam,Golaghat,Characteristics of Adults (age 15-49 years),13,Men with 10 or more years of schooling (%),39.6,27.5,False,False
Assam,Golaghat,Characteristics of Adults (age 15-49 years),14,Women who have ever used the internet (%),60.4,19.5,False,False
Assam,Golaghat,Characteristics of Adults (age 15-49 years),15,Men who have ever used the internet (%),66.2,26.0,False,False
Assam,Golaghat,Marriage and Fertility,16,Women age 20-24 years married before age 18 years (%),20.3,20.7,False,False
Assam,Golaghat,Marriage and Fertility,17,Men age 25-29 years married before age 21 years (%),15.2,*,True,False
Assam,Golaghat,Marriage and Fertility,18,Three or more births in the 5 years preceding the survey (%),0.9,0.0,False,False
Assam,Golaghat,Marriage and Fertility,19,Women age 15-19 years who were already mothers or pregnant at the time of the survey (%),3.8,9.5,False,False
Assam,Golaghat,Marriage and Fertility,20,Any method2 (%),72.7,61.6,False,False
Assam,Golaghat,Marriage and Fertility,21,Any modern method2 (%),48.0,35.7,False,False
Assam,Golaghat,Marriage and Fertility,22,Any traditional method (%),24.7,25.9,False,False
Assam,Golaghat,Marriage and Fertility,23,Female sterilization (%),9.1,13.2,False,False
Assam,Golaghat,Marriage and Fertility,24,Male sterilization (%),0.5,0.0,False,False
Assam,Golaghat,Marriage and Fertility,25,Total unmet need3 (%),6.1,10.9,False,False
Assam,Golaghat,Marriage and Fertility,26,Unmet need for spacing3 (%),3.8,4.7,False,False
Assam,Golaghat,Marriage and Fertility,27,Unmet need for limiting3 (%),2.3,6.2,False,False
Assam,Golaghat,Antenatal Care (for last birth in the 5 years before the survey),28,Mothers who had an antenatal check-up in the first trimester (%),74.9,76.1,False,False
Assam,Golaghat,Antenatal Care (for last birth in the 5 years before the survey),29,Mothers who had any antenatal care visits (%),93.8,97.8,False,False
Assam,Golaghat,Antenatal Care (for last birth in the 5 years before the survey),30,Mothers who had at least 4 antenatal care visits (%),65.3,65.7,False,False
Assam,Golaghat,Antenatal Care (for last birth in the 5 years before the survey),31,Mothers whose last birth was protected against neonatal tetanus4 (%),95.5,97.7,False,False
Assam,Golaghat,Antenatal Care (for last birth in the 5 years before the survey),32,Mothers who consumed iron folic acid for 100 days or more when they were pregnant (%),79.4,63.7,False,False
Assam,Golaghat,Antenatal Care (for last birth in the 5 years before the survey),33,Mothers who consumed iron folic acid for 180 days or more when they were pregnant (%),58.8,26.2,False,False
Assam,Golaghat,Antenatal Care (for last birth in the 5 years before the survey),34,Registered pregnancies for which the mother received a Mother and Child Protection (MCP) card (%),99.2,100.0,False,False
Assam,Golaghat,Delivery Care (for births in the 5 years before the survey),35,Institutional births (%),89.5,90.4,False,False
Assam,Golaghat,Delivery Care (for births in the 5 years before the survey),36,Institutional births in public facility (%),77.4,81.4,False,False
Assam,Golaghat,Delivery Care (for births in the 5 years before the survey),37,Births attended by skilled health personnel5 (%),91.4,92.1,False,False
Assam,Golaghat,Delivery Care (for births in the 5 years before the survey),38,Births delivered by caesarean section (%),28.4,22.6,False,False
Assam,Golaghat,Delivery Care (for births in the 5 years before the survey),39,Births in a private health facility that were delivered by caesarean section (%),74.7,*,True,False
Assam,Golaghat,Delivery Care (for births in the 5 years before the survey),40,Births in a public health facility that were delivered by caesarean section (%),25.0,19.6,False,False
Assam,Golaghat,Postnatal Care (for last birth in the 5 years before the survey),41,Mothers who received postnatal care from a doctor/nurse/LHV/ANM/midwife/other health personnel within 2,81.1,73.5,False,False
Assam,Golaghat,Postnatal Care (for last birth in the 5 years before the survey),42,Children born at home who were taken to a health facility for a check-up within 24 hours of birth (%),*,*,True,False
Assam,Golaghat,Postnatal Care (for last birth in the 5 years before the survey),43,Children who received postnatal care from a doctor/nurse/LHV/ANM/midwife/other health personnel within 2,81.6,83.5,False,False
Assam,Golaghat,Child Vaccinations and Vitamin A Supplementation,44,Children age 12-23 months fully vaccinated based on information from either vaccination card or mother's,93.3,72.4,True,False
Assam,Golaghat,Child Vaccinations and Vitamin A Supplementation,45,Children age 12-23 months fully vaccinated based on information from vaccination card only7 (%),95.7,75.9,True,False
Assam,Golaghat,Child Vaccinations and Vitamin A Supplementation,46,Children age 12-23 months who have received any vaccine (%),100.0,95.1,True,False
Assam,Golaghat,Child Vaccinations and Vitamin A Supplementation,47,Children age 12-23 months who have received BCG (%),97.5,92.6,True,False
Assam,Golaghat,Child Vaccinations and Vitamin A Supplementation,48,Children age 12-23 months who have received 3 doses of polio vaccine8 (%),93.3,79.7,True,False
Assam,Golaghat,Child Vaccinations and Vitamin A Supplementation,49,Children age 12-23 months who have received 3 doses of pentavalent vaccine (%),95.4,84.9,True,False
Assam,Golaghat,Child Vaccinations and Vitamin A Supplementation,50,Children age 12-23 months who have received the first dose of measles-containing vaccine (MCV) (%),93.3,87.5,True,False
Assam,Golaghat,Child Vaccinations and Vitamin A Supplementation,51,Children age 24-35 months who have received a second dose of measles-containing vaccine (MCV) (%),70.7,49.4,True,False
Assam,Golaghat,Child Vaccinations and Vitamin A Supplementation,52,Children age 12-23 months who have received birth dose of hepatitis B vaccine (%),82.2,47.4,True,False
Assam,Golaghat,Child Vaccinations and Vitamin A Supplementation,53,Children age 12-23 months who have received 3 doses of rotavirus vaccine (%),95.4,47.2,True,False
Assam,Golaghat,Child Vaccinations and Vitamin A Supplementation,54,Children age 9-35 months who received a vitamin A dose in the last 6 months (%),77.9,61.1,False,False
Assam,Golaghat,Child Vaccinations and Vitamin A Supplementation,55,Children age 12-23 months who received most of their vaccinations in a public health facility (%),95.4,95.5,True,False
Assam,Golaghat,Child Vaccinations and Vitamin A Supplementation,56,Children age 12-23 months who received most of their vaccinations in a private health facility (%),0.0,2.2,True,False
Assam,Golaghat,Treatment of Childhood Diseases (children under age 5 years),57,Prevalence of diarrhoea in the 2 weeks preceding the survey (%),1.3,8.0,False,False
Assam,Golaghat,Treatment of Childhood Diseases (children under age 5 years),58,Prevalence of symptoms of acute respiratory infection (ARI) in the 2 weeks preceding the survey (%),1.1,4.1,False,False
Assam,Golaghat,Treatment of Childhood Diseases (children under age 5 years),59,Children with fever or symptoms of ARI in the 2 weeks preceding the survey taken to a health facility or,62.9,54.4,True,False
Assam,Golaghat,Child Feeding Practices and Nutritional Status of Children,60,Children under age 3 years breastfed within one hour of birth9 (%),59.6,53.2,False,False
Assam,Golaghat,Child Feeding Practices and Nutritional Status of Children,61,Children under age 6 months exclusively breastfed10 (%),*,*,True,False
Assam,Golaghat,Child Feeding Practices and Nutritional Status of Children,62,Children under age 6 months currently breastfeeding10 (%),*,*,True,False
Assam,Golaghat,Child Feeding Practices and Nutritional Status of Children,63,Children under age 6 months exclusively breastfed or breastfeeding and consuming plain water/other,*,*,True,False
Assam,Golaghat,Child Feeding Practices and Nutritional Status of Children,64,Children age 6-8 months receiving solid or semi-solid food and breastmilk10 (%),*,*,True,False
Assam,Golaghat,Child Feeding Practices and Nutritional Status of Children,65,"Breastfeeding children age 6-23 months receiving an adequate diet10, 11 (%)",17.6,4.8,False,False
Assam,Golaghat,Child Feeding Practices and Nutritional Status of Children,66,"Non-breastfeeding children age 6-23 months receiving an adequate diet10, 11 (%)",*,*,True,False
Assam,Golaghat,Child Feeding Practices and Nutritional Status of Children,67,"Total children age 6-23 months receiving an adequate diet10, 11 (%)",17.6,4.4,False,False
Assam,Golaghat,Child Feeding Practices and Nutritional Status of Children,68,Children under 5 years who are stunted (height-for-age)12 (%),26.3,26.3,False,False
Assam,Golaghat,Child Feeding Practices and Nutritional Status of Children,69,Children under 5 years who are wasted (weight-for-height)12 (%),22.6,19.2,False,False
Assam,Golaghat,Child Feeding Practices and Nutritional Status of Children,70,Children under 5 years who are severely wasted (weight-for-height)13 (%),8.0,5.4,False,False
Assam,Golaghat,Child Feeding Practices and Nutritional Status of Children,71,Children under 5 years who are underweight (weight-for-age)12 (%),23.4,25.5,False,False
Assam,Golaghat,Child Feeding Practices and Nutritional Status of Children,72,Children under 5 years who are overweight (weight-for-height)14 (%),2.9,2.4,False,False
Assam,Golaghat,Nutritional Status of Adults (age 15-49 years),73,Women whose Body Mass Index (BMI) is below normal (BMI <18.5 kg/m2)15 (%),19.9,25.1,False,False
Assam,Golaghat,Nutritional Status of Adults (age 15-49 years),74,Women who are overweight or obese (BMI ≥25.0 kg/m2)15 (%),17.5,16.1,False,False
Assam,Golaghat,Women,75,Blood sugar level - high (141-160 mg/dl)16 (%),6.4,6.4,False,False
Assam,Golaghat,Women,76,Blood sugar level - very high (>160 mg/dl)16 (%),7.3,4.7,False,False
Assam,Golaghat,Women,77,Blood sugar level - high or very high (>140 mg/dl) or taking medicine to control blood sugar level16 (%),14.2,11.6,False,False
Assam,Golaghat,Men,78,Blood sugar level - high (141-160 mg/dl)16 (%),10.8,6.7,False,False
Assam,Golaghat,Men,79,Blood sugar level - very high (>160 mg/dl)16 (%),7.9,6.6,False,False
Assam,Golaghat,Men,80,Blood sugar level - high or very high (>140 mg/dl) or taking medicine to control blood sugar level16 (%),19.2,14.4,False,False
Assam,Golaghat,Women,81,Mildly elevated blood pressure (Systolic 140-159 mm of Hg and/or Diastolic 90-99 mm of Hg) (%),11.1,10.6,False,False
Assam,Golaghat,Women,82,Moderately or severely elevated blood pressure (Systolic ≥160 mm of Hg and/or Diastolic ≥100 mm,5.7,6.9,False,False
Assam,Golaghat,Women,83,Elevated blood pressure (Systolic ≥140 mm of Hg and/or Diastolic ≥90 mm of Hg) or taking medicine to,20.8,20.5,False,False
Assam,Golaghat,Men,84,Mildly elevated blood pressure (Systolic 140-159 mm of Hg and/or Diastolic 90-99 mm of Hg) (%),14.5,13.9,False,False
Assam,Golaghat,Men,85,Moderately or severely elevated blood pressure (Systolic ≥160 mm of Hg and/or Diastolic ≥100 mm,5.9,6.3,False,False
Assam,Golaghat,Men,86,Elevated blood pressure (Systolic ≥140 mm of Hg and/or Diastolic ≥90 mm of Hg) or taking medicine to,23.5,22.0,False,False
Assam,Golaghat,Men,87,Women having a bank or savings account that they themselves use (%),93.2,79.1,False,False
Assam,Golaghat,Men,88,Women having a mobile phone that they themselves use (%),68.8,52.8,False,False
Assam,Golaghat,Men,89,Women age 15-24 years who use hygienic methods of protection during their menstrual period17 (%),77.8,70.6,False,False
Assam,Golaghat,Tobacco Use and Alcohol Consumption among Adults (age 15 years and above),90,Women age 15 years and above who use any kind of tobacco (%),11.6,21.6,False,False
Assam,Golaghat,Tobacco Use and Alcohol Consumption among Adults (age 15 years and above),91,Men age 15 years and above who use any kind of tobacco (%),41.7,52.0,False,False
Assam,Golaghat,Tobacco Use and Alcohol Consumption among Adults (age 15 years and above),92,Women age 15 years and above who consume alcohol (%),4.4,10.4,False,False
Assam,Golaghat,Tobacco Use and Alcohol Consumption among Adults (age 15 years and above),93,Men age 15 years and above who consume alcohol (%),30.3,38.2,False,False
Assam,Hailakandi,Population and Household Profile,1,Population below age 5 years (%),6.9,10.4,False,False
Assam,Hailakandi,Population and Household Profile,2,Population below age 15 years (%),30.2,33.7,False,False
Assam,Hailakandi,Population and Household Profile,3,Population age 60 years and above (%),9.0,8.8,False,False
Assam,Hailakandi,Population and Household Profile,4,Population living in households with electricity (%),96.5,91.2,False,False
Assam,Hailakandi,Population and Household Profile,5,Population living in households with an improved drinking-water source1 (%),75.7,41.2,False,False
Assam,Hailakandi,Population and Household Profile,6,Households using iodized salt (%),97.0,97.6,False,False
Assam,Hailakandi,Population and Household Profile,7,Households with any usual member covered under a health insurance/financing scheme (%),74.3,62.1,False,False
Assam,Hailakandi,Population and Household Profile,8,Households with any usual member having a bank account/post office account (%),98.3,96.7,False,False
Assam,Hailakandi,Population and Household Profile,9,Female population age 6 years and above who ever attended school (%),81.8,81.5,False,False
Assam,Hailakandi,Population and Household Profile,10,Households with any usual female members owning a house and/or land (alone or jointly with others) (%),6.8,6.6,False,False
Assam,Hailakandi,Population and Household Profile,11,Children age 2-4 years who attended pre-school (%),43.5,27.9,False,False
Assam,Hailakandi,Characteristics of Adults (age 15-49 years),12,Women with 10 or more years of schooling (%),37.3,25.3,False,False
Assam,Hailakandi,Characteristics of Adults (age 15-49 years),13,Men with 10 or more years of schooling (%),31.9,31.0,False,False
Assam,Hailakandi,Characteristics of Adults (age 15-49 years),14,Women who have ever used the internet (%),54.8,18.5,False,False
Assam,Hailakandi,Characteristics of Adults (age 15-49 years),15,Men who have ever used the internet (%),73.6,30.2,False,False
Assam,Hailakandi,Marriage and Fertility,16,Women age 20-24 years married before age 18 years (%),21.4,32.9,False,False
Assam,Hailakandi,Marriage and Fertility,17,Men age 25-29 years married before age 21 years (%),*,*,True,False
Assam,Hailakandi,Marriage and Fertility,18,Three or more births in the 5 years preceding the survey (%),1.2,1.7,False,False
Assam,Hailakandi,Marriage and Fertility,19,Women age 15-19 years who were already mothers or pregnant at the time of the survey (%),3.6,10.4,False,False
Assam,Hailakandi,Marriage and Fertility,20,Any method2 (%),71.5,66.8,False,False
Assam,Hailakandi,Marriage and Fertility,21,Any modern method2 (%),47.5,49.5,False,False
Assam,Hailakandi,Marriage and Fertility,22,Any traditional method (%),24.0,17.3,False,False
Assam,Hailakandi,Marriage and Fertility,23,Female sterilization (%),3.3,4.1,False,False
Assam,Hailakandi,Marriage and Fertility,24,Male sterilization (%),0.1,0.0,False,False
Assam,Hailakandi,Marriage and Fertility,25,Total unmet need3 (%),5.9,8.6,False,False
Assam,Hailakandi,Marriage and Fertility,26,Unmet need for spacing3 (%),3.4,4.2,False,False
Assam,Hailakandi,Marriage and Fertility,27,Unmet need for limiting3 (%),2.5,4.4,False,False
Assam,Hailakandi,Antenatal Care (for last birth in the 5 years before the survey),28,Mothers who had an antenatal check-up in the first trimester (%),68.5,77.6,False,False
Assam,Hailakandi,Antenatal Care (for last birth in the 5 years before the survey),29,Mothers who had any antenatal care visits (%),90.5,98.7,False,False
Assam,Hailakandi,Antenatal Care (for last birth in the 5 years before the survey),30,Mothers who had at least 4 antenatal care visits (%),50.3,43.1,False,False
Assam,Hailakandi,Antenatal Care (for last birth in the 5 years before the survey),31,Mothers whose last birth was protected against neonatal tetanus4 (%),96.6,96.2,False,False
Assam,Hailakandi,Antenatal Care (for last birth in the 5 years before the survey),32,Mothers who consumed iron folic acid for 100 days or more when they were pregnant (%),79.6,29.0,False,False
Assam,Hailakandi,Antenatal Care (for last birth in the 5 years before the survey),33,Mothers who consumed iron folic acid for 180 days or more when they were pregnant (%),54.1,8.3,False,False
Assam,Hailakandi,Antenatal Care (for last birth in the 5 years before the survey),34,Registered pregnancies for which the mother received a Mother and Child Protection (MCP) card (%),97.9,100.0,False,False
Assam,Hailakandi,Delivery Care (for births in the 5 years before the survey),35,Institutional births (%),92.4,83.0,False,False
Assam,Hailakandi,Delivery Care (for births in the 5 years before the survey),36,Institutional births in public facility (%),87.1,75.1,False,False
Assam,Hailakandi,Delivery Care (for births in the 5 years before the survey),37,Births attended by skilled health personnel5 (%),96.3,84.8,False,False
Assam,Hailakandi,Delivery Care (for births in the 5 years before the survey),38,Births delivered by caesarean section (%),13.1,12.8,False,False
Assam,Hailakandi,Delivery Care (for births in the 5 years before the survey),39,Births in a private health facility that were delivered by caesarean section (%),*,69.3,True,False
Assam,Hailakandi,Delivery Care (for births in the 5 years before the survey),40,Births in a public health facility that were delivered by caesarean section (%),10.9,9.7,False,False
Assam,Hailakandi,Postnatal Care (for last birth in the 5 years before the survey),41,Mothers who received postnatal care from a doctor/nurse/LHV/ANM/midwife/other health personnel within 2,71.7,68.8,False,False
Assam,Hailakandi,Postnatal Care (for last birth in the 5 years before the survey),42,Children born at home who were taken to a health facility for a check-up within 24 hours of birth (%),*,3.7,True,False
Assam,Hailakandi,Postnatal Care (for last birth in the 5 years before the survey),43,Children who received postnatal care from a doctor/nurse/LHV/ANM/midwife/other health personnel within 2,77.6,70.1,False,False
Assam,Hailakandi,Child Vaccinations and Vitamin A Supplementation,44,Children age 12-23 months fully vaccinated based on information from either vaccination card or mother's,80.1,68.6,False,False
Assam,Hailakandi,Child Vaccinations and Vitamin A Supplementation,45,Children age 12-23 months fully vaccinated based on information from vaccination card only7 (%),87.6,76.9,True,False
Assam,Hailakandi,Child Vaccinations and Vitamin A Supplementation,46,Children age 12-23 months who have received any vaccine (%),98.1,96.8,False,False
Assam,Hailakandi,Child Vaccinations and Vitamin A Supplementation,47,Children age 12-23 months who have received BCG (%),94.4,95.4,False,False
Assam,Hailakandi,Child Vaccinations and Vitamin A Supplementation,48,Children age 12-23 months who have received 3 doses of polio vaccine8 (%),85.5,77.8,False,False
Assam,Hailakandi,Child Vaccinations and Vitamin A Supplementation,49,Children age 12-23 months who have received 3 doses of pentavalent vaccine (%),88.5,78.9,False,False
Assam,Hailakandi,Child Vaccinations and Vitamin A Supplementation,50,Children age 12-23 months who have received the first dose of measles-containing vaccine (MCV) (%),88.5,85.6,False,False
Assam,Hailakandi,Child Vaccinations and Vitamin A Supplementation,51,Children age 24-35 months who have received a second dose of measles-containing vaccine (MCV) (%),72.7,33.9,False,False
Assam,Hailakandi,Child Vaccinations and Vitamin A Supplementation,52,Children age 12-23 months who have received birth dose of hepatitis B vaccine (%),83.4,40.5,False,False
Assam,Hailakandi,Child Vaccinations and Vitamin A Supplementation,53,Children age 12-23 months who have received 3 doses of rotavirus vaccine (%),88.5,50.0,False,False
Assam,Hailakandi,Child Vaccinations and Vitamin A Supplementation,54,Children age 9-35 months who received a vitamin A dose in the last 6 months (%),82.5,80.0,False,False
Assam,Hailakandi,Child Vaccinations and Vitamin A Supplementation,55,Children age 12-23 months who received most of their vaccinations in a public health facility (%),100.0,100.0,False,False
Assam,Hailakandi,Child Vaccinations and Vitamin A Supplementation,56,Children age 12-23 months who received most of their vaccinations in a private health facility (%),0.0,0.0,False,False
Assam,Hailakandi,Treatment of Childhood Diseases (children under age 5 years),57,Prevalence of diarrhoea in the 2 weeks preceding the survey (%),1.2,5.1,False,False
Assam,Hailakandi,Treatment of Childhood Diseases (children under age 5 years),58,Prevalence of symptoms of acute respiratory infection (ARI) in the 2 weeks preceding the survey (%),0.4,4.9,False,False
Assam,Hailakandi,Treatment of Childhood Diseases (children under age 5 years),59,Children with fever or symptoms of ARI in the 2 weeks preceding the survey taken to a health facility or,*,45.4,True,False
Assam,Hailakandi,Child Feeding Practices and Nutritional Status of Children,60,Children under age 3 years breastfed within one hour of birth9 (%),61.6,24.4,False,False
Assam,Hailakandi,Child Feeding Practices and Nutritional Status of Children,61,Children under age 6 months exclusively breastfed10 (%),*,50.9,True,False
Assam,Hailakandi,Child Feeding Practices and Nutritional Status of Children,62,Children under age 6 months currently breastfeeding10 (%),*,95.9,True,False
Assam,Hailakandi,Child Feeding Practices and Nutritional Status of Children,63,Children under age 6 months exclusively breastfed or breastfeeding and consuming plain water/other,*,68.1,True,False
Assam,Hailakandi,Child Feeding Practices and Nutritional Status of Children,64,Children age 6-8 months receiving solid or semi-solid food and breastmilk10 (%),*,25.8,True,False
Assam,Hailakandi,Child Feeding Practices and Nutritional Status of Children,65,"Breastfeeding children age 6-23 months receiving an adequate diet10, 11 (%)",27.0,1.7,False,False
Assam,Hailakandi,Child Feeding Practices and Nutritional Status of Children,66,"Non-breastfeeding children age 6-23 months receiving an adequate diet10, 11 (%)",*,*,True,False
Assam,Hailakandi,Child Feeding Practices and Nutritional Status of Children,67,"Total children age 6-23 months receiving an adequate diet10, 11 (%)",26.3,1.6,False,False
Assam,Hailakandi,Child Feeding Practices and Nutritional Status of Children,68,Children under 5 years who are stunted (height-for-age)12 (%),31.5,42.9,False,False
Assam,Hailakandi,Child Feeding Practices and Nutritional Status of Children,69,Children under 5 years who are wasted (weight-for-height)12 (%),26.8,22.2,False,False
Assam,Hailakandi,Child Feeding Practices and Nutritional Status of Children,70,Children under 5 years who are severely wasted (weight-for-height)13 (%),12.6,8.2,False,False
Assam,Hailakandi,Child Feeding Practices and Nutritional Status of Children,71,Children under 5 years who are underweight (weight-for-age)12 (%),34.3,42.4,False,False
Assam,Hailakandi,Child Feeding Practices and Nutritional Status of Children,72,Children under 5 years who are overweight (weight-for-height)14 (%),5.4,2.0,False,False
Assam,Hailakandi,Nutritional Status of Adults (age 15-49 years),73,Women whose Body Mass Index (BMI) is below normal (BMI <18.5 kg/m2)15 (%),13.8,25.7,False,False
Assam,Hailakandi,Nutritional Status of Adults (age 15-49 years),74,Women who are overweight or obese (BMI ≥25.0 kg/m2)15 (%),13.1,10.9,False,False
Assam,Hailakandi,Women,75,Blood sugar level - high (141-160 mg/dl)16 (%),4.5,7.1,False,False
Assam,Hailakandi,Women,76,Blood sugar level - very high (>160 mg/dl)16 (%),5.2,5.8,False,False
Assam,Hailakandi,Women,77,Blood sugar level - high or very high (>140 mg/dl) or taking medicine to control blood sugar level16 (%),10.3,14.2,False,False
Assam,Hailakandi,Men,78,Blood sugar level - high (141-160 mg/dl)16 (%),6.1,9.0,False,False
Assam,Hailakandi,Men,79,Blood sugar level - very high (>160 mg/dl)16 (%),5.5,7.3,False,False
Assam,Hailakandi,Men,80,Blood sugar level - high or very high (>140 mg/dl) or taking medicine to control blood sugar level16 (%),12.3,18.9,False,False
Assam,Hailakandi,Women,81,Mildly elevated blood pressure (Systolic 140-159 mm of Hg and/or Diastolic 90-99 mm of Hg) (%),13.3,12.1,False,False
Assam,Hailakandi,Women,82,Moderately or severely elevated blood pressure (Systolic ≥160 mm of Hg and/or Diastolic ≥100 mm,6.3,5.8,False,False
Assam,Hailakandi,Women,83,Elevated blood pressure (Systolic ≥140 mm of Hg and/or Diastolic ≥90 mm of Hg) or taking medicine to,21.8,21.8,False,False
Assam,Hailakandi,Men,84,Mildly elevated blood pressure (Systolic 140-159 mm of Hg and/or Diastolic 90-99 mm of Hg) (%),17.6,15.6,False,False
Assam,Hailakandi,Men,85,Moderately or severely elevated blood pressure (Systolic ≥160 mm of Hg and/or Diastolic ≥100 mm,6.1,5.6,False,False
Assam,Hailakandi,Men,86,Elevated blood pressure (Systolic ≥140 mm of Hg and/or Diastolic ≥90 mm of Hg) or taking medicine to,25.2,24.4,False,False
Assam,Hailakandi,Men,87,Women having a bank or savings account that they themselves use (%),91.0,78.0,False,False
Assam,Hailakandi,Men,88,Women having a mobile phone that they themselves use (%),72.5,40.0,False,False
Assam,Hailakandi,Men,89,Women age 15-24 years who use hygienic methods of protection during their menstrual period17 (%),77.9,56.1,False,False
Assam,Hailakandi,Tobacco Use and Alcohol Consumption among Adults (age 15 years and above),90,Women age 15 years and above who use any kind of tobacco (%),19.9,45.1,False,False
Assam,Hailakandi,Tobacco Use and Alcohol Consumption among Adults (age 15 years and above),91,Men age 15 years and above who use any kind of tobacco (%),42.7,58.3,False,False
Assam,Hailakandi,Tobacco Use and Alcohol Consumption among Adults (age 15 years and above),92,Women age 15 years and above who consume alcohol (%),1.4,3.1,False,False
Assam,Hailakandi,Tobacco Use and Alcohol Consumption among Adults (age 15 years and above),93,Men age 15 years and above who consume alcohol (%),6.7,10.1,False,False
Assam,Hojai,Population and Household Profile,1,Population below age 5 years (%),9.5,8.6,False,False
Assam,Hojai,Population and Household Profile,2,Population below age 15 years (%),28.9,27.5,False,False
Assam,Hojai,Population and Household Profile,3,Population age 60 years and above (%),10.0,11.5,False,False
Assam,Hojai,Population and Household Profile,4,Population living in households with electricity (%),97.9,96.3,False,False
Assam,Hojai,Population and Household Profile,5,Population living in households with an improved drinking-water source1 (%),96.5,99.9,False,False
Assam,Hojai,Population and Household Profile,6,Households using iodized salt (%),99.1,98.9,False,False
Assam,Hojai,Population and Household Profile,7,Households with any usual member covered under a health insurance/financing scheme (%),80.5,74.5,False,False
Assam,Hojai,Population and Household Profile,8,Households with any usual member having a bank account/post office account (%),98.1,96.7,False,False
Assam,Hojai,Population and Household Profile,9,Female population age 6 years and above who ever attended school (%),82.3,79.1,False,False
Assam,Hojai,Population and Household Profile,10,Households with any usual female members owning a house and/or land (alone or jointly with others) (%),6.6,8.2,False,False
Assam,Hojai,Population and Household Profile,11,Children age 2-4 years who attended pre-school (%),61.6,35.7,False,False
Assam,Hojai,Characteristics of Adults (age 15-49 years),12,Women with 10 or more years of schooling (%),29.4,23.1,False,False
Assam,Hojai,Characteristics of Adults (age 15-49 years),13,Men with 10 or more years of schooling (%),30.0,14.3,False,False
Assam,Hojai,Characteristics of Adults (age 15-49 years),14,Women who have ever used the internet (%),57.9,30.9,False,False
Assam,Hojai,Characteristics of Adults (age 15-49 years),15,Men who have ever used the internet (%),55.2,52.0,False,False
Assam,Hojai,Marriage and Fertility,16,Women age 20-24 years married before age 18 years (%),24.6,30.9,False,False
Assam,Hojai,Marriage and Fertility,17,Men age 25-29 years married before age 21 years (%),*,*,True,False
Assam,Hojai,Marriage and Fertility,18,Three or more births in the 5 years preceding the survey (%),1.3,1.2,False,False
Assam,Hojai,Marriage and Fertility,19,Women age 15-19 years who were already mothers or pregnant at the time of the survey (%),7.3,15.6,False,False
Assam,Hojai,Marriage and Fertility,20,Any method2 (%),75.2,61.1,False,False
Assam,Hojai,Marriage and Fertility,21,Any modern method2 (%),62.0,48.2,False,False
Assam,Hojai,Marriage and Fertility,22,Any traditional method (%),13.2,12.9,False,False
Assam,Hojai,Marriage and Fertility,23,Female sterilization (%),4.5,4.3,False,False
Assam,Hojai,Marriage and Fertility,24,Male sterilization (%),0.0,0.1,False,False
Assam,Hojai,Marriage and Fertility,25,Total unmet need3 (%),6.8,13.2,False,False
Assam,Hojai,Marriage and Fertility,26,Unmet need for spacing3 (%),3.3,4.9,False,False
Assam,Hojai,Marriage and Fertility,27,Unmet need for limiting3 (%),3.5,8.3,False,False
Assam,Hojai,Antenatal Care (for last birth in the 5 years before the survey),28,Mothers who had an antenatal check-up in the first trimester (%),68.7,52.7,False,False
Assam,Hojai,Antenatal Care (for last birth in the 5 years before the survey),29,Mothers who had any antenatal care visits (%),85.1,94.5,False,False
Assam,Hojai,Antenatal Care (for last birth in the 5 years before the survey),30,Mothers who had at least 4 antenatal care visits (%),44.2,51.3,False,False
Assam,Hojai,Antenatal Care (for last birth in the 5 years before the survey),31,Mothers whose last birth was protected against neonatal tetanus4 (%),95.0,96.2,False,False
Assam,Hojai,Antenatal Care (for last birth in the 5 years before the survey),32,Mothers who consumed iron folic acid for 100 days or more when they were pregnant (%),68.8,50.5,False,False
Assam,Hojai,Antenatal Care (for last birth in the 5 years before the survey),33,Mothers who consumed iron folic acid for 180 days or more when they were pregnant (%),40.5,16.0,False,False
Assam,Hojai,Antenatal Care (for last birth in the 5 years before the survey),34,Registered pregnancies for which the mother received a Mother and Child Protection (MCP) card (%),97.9,98.3,False,False
Assam,Hojai,Delivery Care (for births in the 5 years before the survey),35,Institutional births (%),89.5,82.1,False,False
Assam,Hojai,Delivery Care (for births in the 5 years before the survey),36,Institutional births in public facility (%),69.1,59.4,False,False
Assam,Hojai,Delivery Care (for births in the 5 years before the survey),37,Births attended by skilled health personnel5 (%),93.2,83.5,False,False
Assam,Hojai,Delivery Care (for births in the 5 years before the survey),38,Births delivered by caesarean section (%),23.6,18.4,False,False
Assam,Hojai,Delivery Care (for births in the 5 years before the survey),39,Births in a private health facility that were delivered by caesarean section (%),70.3,51.6,False,False
Assam,Hojai,Delivery Care (for births in the 5 years before the survey),40,Births in a public health facility that were delivered by caesarean section (%),13.4,11.2,False,False
Assam,Hojai,Postnatal Care (for last birth in the 5 years before the survey),41,Mothers who received postnatal care from a doctor/nurse/LHV/ANM/midwife/other health personnel within 2,66.6,63.9,False,False
Assam,Hojai,Postnatal Care (for last birth in the 5 years before the survey),42,Children born at home who were taken to a health facility for a check-up within 24 hours of birth (%),10.6,0.0,True,False
Assam,Hojai,Postnatal Care (for last birth in the 5 years before the survey),43,Children who received postnatal care from a doctor/nurse/LHV/ANM/midwife/other health personnel within 2,68.6,68.4,False,False
Assam,Hojai,Child Vaccinations and Vitamin A Supplementation,44,Children age 12-23 months fully vaccinated based on information from either vaccination card or mother's,79.6,55.5,False,False
Assam,Hojai,Child Vaccinations and Vitamin A Supplementation,45,Children age 12-23 months fully vaccinated based on information from vaccination card only7 (%),88.3,63.6,True,False
Assam,Hojai,Child Vaccinations and Vitamin A Supplementation,46,Children age 12-23 months who have received any vaccine (%),94.2,85.7,False,False
Assam,Hojai,Child Vaccinations and Vitamin A Supplementation,47,Children age 12-23 months who have received BCG (%),92.3,82.1,False,False
Assam,Hojai,Child Vaccinations and Vitamin A Supplementation,48,Children age 12-23 months who have received 3 doses of polio vaccine8 (%),81.5,60.9,False,False
Assam,Hojai,Child Vaccinations and Vitamin A Supplementation,49,Children age 12-23 months who have received 3 doses of pentavalent vaccine (%),86.4,60.8,False,False
Assam,Hojai,Child Vaccinations and Vitamin A Supplementation,50,Children age 12-23 months who have received the first dose of measles-containing vaccine (MCV) (%),89.3,59.3,False,False
Assam,Hojai,Child Vaccinations and Vitamin A Supplementation,51,Children age 24-35 months who have received a second dose of measles-containing vaccine (MCV) (%),70.7,33.6,False,False
Assam,Hojai,Child Vaccinations and Vitamin A Supplementation,52,Children age 12-23 months who have received birth dose of hepatitis B vaccine (%),67.9,47.7,False,False
Assam,Hojai,Child Vaccinations and Vitamin A Supplementation,53,Children age 12-23 months who have received 3 doses of rotavirus vaccine (%),86.4,41.4,False,False
Assam,Hojai,Child Vaccinations and Vitamin A Supplementation,54,Children age 9-35 months who received a vitamin A dose in the last 6 months (%),83.6,52.1,False,False
Assam,Hojai,Child Vaccinations and Vitamin A Supplementation,55,Children age 12-23 months who received most of their vaccinations in a public health facility (%),94.8,86.4,False,False
Assam,Hojai,Child Vaccinations and Vitamin A Supplementation,56,Children age 12-23 months who received most of their vaccinations in a private health facility (%),3.3,7.8,False,False
Assam,Hojai,Treatment of Childhood Diseases (children under age 5 years),57,Prevalence of diarrhoea in the 2 weeks preceding the survey (%),1.8,4.4,False,False
Assam,Hojai,Treatment of Childhood Diseases (children under age 5 years),58,Prevalence of symptoms of acute respiratory infection (ARI) in the 2 weeks preceding the survey (%),0.0,2.4,False,False
Assam,Hojai,Treatment of Childhood Diseases (children under age 5 years),59,Children with fever or symptoms of ARI in the 2 weeks preceding the survey taken to a health facility or,31.5,44.7,True,False
Assam,Hojai,Child Feeding Practices and Nutritional Status of Children,60,Children under age 3 years breastfed within one hour of birth9 (%),60.4,54.7,False,False
Assam,Hojai,Child Feeding Practices and Nutritional Status of Children,61,Children under age 6 months exclusively breastfed10 (%),51.1,65.0,True,False
Assam,Hojai,Child Feeding Practices and Nutritional Status of Children,62,Children under age 6 months currently breastfeeding10 (%),88.0,95.6,True,False
Assam,Hojai,Child Feeding Practices and Nutritional Status of Children,63,Children under age 6 months exclusively breastfed or breastfeeding and consuming plain water/other,64.9,76.0,True,False
Assam,Hojai,Child Feeding Practices and Nutritional Status of Children,64,Children age 6-8 months receiving solid or semi-solid food and breastmilk10 (%),*,*,True,False
Assam,Hojai,Child Feeding Practices and Nutritional Status of Children,65,"Breastfeeding children age 6-23 months receiving an adequate diet10, 11 (%)",20.3,2.8,False,False
Assam,Hojai,Child Feeding Practices and Nutritional Status of Children,66,"Non-breastfeeding children age 6-23 months receiving an adequate diet10, 11 (%)",*,*,True,False
Assam,Hojai,Child Feeding Practices and Nutritional Status of Children,67,"Total children age 6-23 months receiving an adequate diet10, 11 (%)",20.9,2.7,False,False
Assam,Hojai,Child Feeding Practices and Nutritional Status of Children,68,Children under 5 years who are stunted (height-for-age)12 (%),32.0,39.3,False,False
Assam,Hojai,Child Feeding Practices and Nutritional Status of Children,69,Children under 5 years who are wasted (weight-for-height)12 (%),24.0,12.7,False,False
Assam,Hojai,Child Feeding Practices and Nutritional Status of Children,70,Children under 5 years who are severely wasted (weight-for-height)13 (%),8.1,4.6,False,False
Assam,Hojai,Child Feeding Practices and Nutritional Status of Children,71,Children under 5 years who are underweight (weight-for-age)12 (%),34.6,28.4,False,False
Assam,Hojai,Child Feeding Practices and Nutritional Status of Children,72,Children under 5 years who are overweight (weight-for-height)14 (%),3.0,6.0,False,False
Assam,Hojai,Nutritional Status of Adults (age 15-49 years),73,Women whose Body Mass Index (BMI) is below normal (BMI <18.5 kg/m2)15 (%),10.7,19.3,False,False
Assam,Hojai,Nutritional Status of Adults (age 15-49 years),74,Women who are overweight or obese (BMI ≥25.0 kg/m2)15 (%),19.1,20.1,False,False
Assam,Hojai,Women,75,Blood sugar level - high (141-160 mg/dl)16 (%),5.1,6.3,False,False
Assam,Hojai,Women,76,Blood sugar level - very high (>160 mg/dl)16 (%),8.2,7.5,False,False
Assam,Hojai,Women,77,Blood sugar level - high or very high (>140 mg/dl) or taking medicine to control blood sugar level16 (%),13.9,14.6,False,False
Assam,Hojai,Men,78,Blood sugar level - high (141-160 mg/dl)16 (%),8.0,7.6,False,False
Assam,Hojai,Men,79,Blood sugar level - very high (>160 mg/dl)16 (%),10.2,8.0,False,False
Assam,Hojai,Men,80,Blood sugar level - high or very high (>140 mg/dl) or taking medicine to control blood sugar level16 (%),18.6,16.5,False,False
Assam,Hojai,Women,81,Mildly elevated blood pressure (Systolic 140-159 mm of Hg and/or Diastolic 90-99 mm of Hg) (%),9.9,11.5,False,False
Assam,Hojai,Women,82,Moderately or severely elevated blood pressure (Systolic ≥160 mm of Hg and/or Diastolic ≥100 mm,3.4,6.9,False,False
Assam,Hojai,Women,83,Elevated blood pressure (Systolic ≥140 mm of Hg and/or Diastolic ≥90 mm of Hg) or taking medicine to,16.8,21.0,False,False
Assam,Hojai,Men,84,Mildly elevated blood pressure (Systolic 140-159 mm of Hg and/or Diastolic 90-99 mm of Hg) (%),12.2,15.9,False,False
Assam,Hojai,Men,85,Moderately or severely elevated blood pressure (Systolic ≥160 mm of Hg and/or Diastolic ≥100 mm,3.5,7.3,False,False
Assam,Hojai,Men,86,Elevated blood pressure (Systolic ≥140 mm of Hg and/or Diastolic ≥90 mm of Hg) or taking medicine to,18.2,25.2,False,False
Assam,Hojai,Men,87,Women having a bank or savings account that they themselves use (%),92.5,72.3,False,False
Assam,Hojai,Men,88,Women having a mobile phone that they themselves use (%),60.7,63.5,False,False
Assam,Hojai,Men,89,Women age 15-24 years who use hygienic methods of protection during their menstrual period17 (%),74.0,64.6,False,False
Assam,Hojai,Tobacco Use and Alcohol Consumption among Adults (age 15 years and above),90,Women age 15 years and above who use any kind of tobacco (%),14.1,18.8,False,False
Assam,Hojai,Tobacco Use and Alcohol Consumption among Adults (age 15 years and above),91,Men age 15 years and above who use any kind of tobacco (%),44.8,53.7,False,False
Assam,Hojai,Tobacco Use and Alcohol Consumption among Adults (age 15 years and above),92,Women age 15 years and above who consume alcohol (%),1.3,2.2,False,False
Assam,Hojai,Tobacco Use and Alcohol Consumption among Adults (age 15 years and above),93,Men age 15 years and above who consume alcohol (%),13.5,16.7,False,False
Assam,Jorhat,Population and Household Profile,1,Population below age 5 years (%),5.7,6.7,False,False
Assam,Jorhat,Population and Household Profile,2,Population below age 15 years (%),18.4,21.6,False,False
Assam,Jorhat,Population and Household Profile,3,Population age 60 years and above (%),14.3,12.2,False,False
Assam,Jorhat,Population and Household Profile,4,Population living in households with electricity (%),98.2,95.1,False,False
Assam,Jorhat,Population and Household Profile,5,Population living in households with an improved drinking-water source1 (%),88.2,85.9,False,False
Assam,Jorhat,Population and Household Profile,6,Households using iodized salt (%),97.4,98.9,False,False
Assam,Jorhat,Population and Household Profile,7,Households with any usual member covered under a health insurance/financing scheme (%),54.9,69.3,False,False
Assam,Jorhat,Population and Household Profile,8,Households with any usual member having a bank account/post office account (%),96.6,95.5,False,False
Assam,Jorhat,Population and Household Profile,9,Female population age 6 years and above who ever attended school (%),87.8,84.4,False,False
Assam,Jorhat,Population and Household Profile,10,Households with any usual female members owning a house and/or land (alone or jointly with others) (%),13.2,11.4,False,False
Assam,Jorhat,Population and Household Profile,11,Children age 2-4 years who attended pre-school (%),50.6,45.6,False,False
Assam,Jorhat,Characteristics of Adults (age 15-49 years),12,Women with 10 or more years of schooling (%),53.8,42.9,False,False
Assam,Jorhat,Characteristics of Adults (age 15-49 years),13,Men with 10 or more years of schooling (%),72.3,42.0,False,False
Assam,Jorhat,Characteristics of Adults (age 15-49 years),14,Women who have ever used the internet (%),54.3,28.0,False,False
Assam,Jorhat,Characteristics of Adults (age 15-49 years),15,Men who have ever used the internet (%),78.5,38.2,False,False
Assam,Jorhat,Marriage and Fertility,16,Women age 20-24 years married before age 18 years (%),11.9,24.9,False,False
Assam,Jorhat,Marriage and Fertility,17,Men age 25-29 years married before age 21 years (%),6.1,28.4,True,False
Assam,Jorhat,Marriage and Fertility,18,Three or more births in the 5 years preceding the survey (%),0.4,0.4,False,False
Assam,Jorhat,Marriage and Fertility,19,Women age 15-19 years who were already mothers or pregnant at the time of the survey (%),1.3,12.9,False,False
Assam,Jorhat,Marriage and Fertility,20,Any method2 (%),52.3,63.8,False,False
Assam,Jorhat,Marriage and Fertility,21,Any modern method2 (%),34.7,32.3,False,False
Assam,Jorhat,Marriage and Fertility,22,Any traditional method (%),17.6,31.5,False,False
Assam,Jorhat,Marriage and Fertility,23,Female sterilization (%),6.6,12.5,False,False
Assam,Jorhat,Marriage and Fertility,24,Male sterilization (%),0.1,0.3,False,False
Assam,Jorhat,Marriage and Fertility,25,Total unmet need3 (%),13.8,10.4,False,False
Assam,Jorhat,Marriage and Fertility,26,Unmet need for spacing3 (%),5.9,3.2,False,False
Assam,Jorhat,Marriage and Fertility,27,Unmet need for limiting3 (%),7.9,7.2,False,False
Assam,Jorhat,Antenatal Care (for last birth in the 5 years before the survey),28,Mothers who had an antenatal check-up in the first trimester (%),67.7,78.3,False,False
Assam,Jorhat,Antenatal Care (for last birth in the 5 years before the survey),29,Mothers who had any antenatal care visits (%),79.2,95.3,False,False
Assam,Jorhat,Antenatal Care (for last birth in the 5 years before the survey),30,Mothers who had at least 4 antenatal care visits (%),48.8,67.0,False,False
Assam,Jorhat,Antenatal Care (for last birth in the 5 years before the survey),31,Mothers whose last birth was protected against neonatal tetanus4 (%),89.8,97.4,False,False
Assam,Jorhat,Antenatal Care (for last birth in the 5 years before the survey),32,Mothers who consumed iron folic acid for 100 days or more when they were pregnant (%),55.0,52.1,False,False
Assam,Jorhat,Antenatal Care (for last birth in the 5 years before the survey),33,Mothers who consumed iron folic acid for 180 days or more when they were pregnant (%),34.5,26.6,False,False
Assam,Jorhat,Antenatal Care (for last birth in the 5 years before the survey),34,Registered pregnancies for which the mother received a Mother and Child Protection (MCP) card (%),98.1,99.2,False,False
Assam,Jorhat,Delivery Care (for births in the 5 years before the survey),35,Institutional births (%),92.0,96.5,False,False
Assam,Jorhat,Delivery Care (for births in the 5 years before the survey),36,Institutional births in public facility (%),67.0,74.9,False,False
Assam,Jorhat,Delivery Care (for births in the 5 years before the survey),37,Births attended by skilled health personnel5 (%),98.1,97.4,False,False
Assam,Jorhat,Delivery Care (for births in the 5 years before the survey),38,Births delivered by caesarean section (%),47.4,44.4,False,False
Assam,Jorhat,Delivery Care (for births in the 5 years before the survey),39,Births in a private health facility that were delivered by caesarean section (%),74.2,87.7,False,False
Assam,Jorhat,Delivery Care (for births in the 5 years before the survey),40,Births in a public health facility that were delivered by caesarean section (%),43.1,33.9,False,False
Assam,Jorhat,Postnatal Care (for last birth in the 5 years before the survey),41,Mothers who received postnatal care from a doctor/nurse/LHV/ANM/midwife/other health personnel within 2,67.8,81.4,False,False
Assam,Jorhat,Postnatal Care (for last birth in the 5 years before the survey),42,Children born at home who were taken to a health facility for a check-up within 24 hours of birth (%),*,*,True,False
Assam,Jorhat,Postnatal Care (for last birth in the 5 years before the survey),43,Children who received postnatal care from a doctor/nurse/LHV/ANM/midwife/other health personnel within 2,70.6,85.4,False,False
Assam,Jorhat,Child Vaccinations and Vitamin A Supplementation,44,Children age 12-23 months fully vaccinated based on information from either vaccination card or mother's,78.4,69.2,False,False
Assam,Jorhat,Child Vaccinations and Vitamin A Supplementation,45,Children age 12-23 months fully vaccinated based on information from vaccination card only7 (%),81.3,70.4,True,False
Assam,Jorhat,Child Vaccinations and Vitamin A Supplementation,46,Children age 12-23 months who have received any vaccine (%),94.7,100.0,False,False
Assam,Jorhat,Child Vaccinations and Vitamin A Supplementation,47,Children age 12-23 months who have received BCG (%),94.7,100.0,False,False
Assam,Jorhat,Child Vaccinations and Vitamin A Supplementation,48,Children age 12-23 months who have received 3 doses of polio vaccine8 (%),86.7,79.4,False,False
Assam,Jorhat,Child Vaccinations and Vitamin A Supplementation,49,Children age 12-23 months who have received 3 doses of pentavalent vaccine (%),84.7,79.8,False,False
Assam,Jorhat,Child Vaccinations and Vitamin A Supplementation,50,Children age 12-23 months who have received the first dose of measles-containing vaccine (MCV) (%),93.0,83.3,False,False
Assam,Jorhat,Child Vaccinations and Vitamin A Supplementation,51,Children age 24-35 months who have received a second dose of measles-containing vaccine (MCV) (%),75.7,38.6,True,False
Assam,Jorhat,Child Vaccinations and Vitamin A Supplementation,52,Children age 12-23 months who have received birth dose of hepatitis B vaccine (%),67.0,57.2,False,False
Assam,Jorhat,Child Vaccinations and Vitamin A Supplementation,53,Children age 12-23 months who have received 3 doses of rotavirus vaccine (%),83.8,50.3,False,False
Assam,Jorhat,Child Vaccinations and Vitamin A Supplementation,54,Children age 9-35 months who received a vitamin A dose in the last 6 months (%),78.2,50.9,False,False
Assam,Jorhat,Child Vaccinations and Vitamin A Supplementation,55,Children age 12-23 months who received most of their vaccinations in a public health facility (%),81.6,94.2,True,False
Assam,Jorhat,Child Vaccinations and Vitamin A Supplementation,56,Children age 12-23 months who received most of their vaccinations in a private health facility (%),16.7,4.1,True,False
Assam,Jorhat,Treatment of Childhood Diseases (children under age 5 years),57,Prevalence of diarrhoea in the 2 weeks preceding the survey (%),4.5,6.3,False,False
Assam,Jorhat,Treatment of Childhood Diseases (children under age 5 years),58,Prevalence of symptoms of acute respiratory infection (ARI) in the 2 weeks preceding the survey (%),0.0,3.0,False,False
Assam,Jorhat,Treatment of Childhood Diseases (children under age 5 years),59,Children with fever or symptoms of ARI in the 2 weeks preceding the survey taken to a health facility or,55.7,56.6,True,False
Assam,Jorhat,Child Feeding Practices and Nutritional Status of Children,60,Children under age 3 years breastfed within one hour of birth9 (%),28.9,51.6,False,False
Assam,Jorhat,Child Feeding Practices and Nutritional Status of Children,61,Children under age 6 months exclusively breastfed10 (%),*,*,True,False
Assam,Jorhat,Child Feeding Practices and Nutritional Status of Children,62,Children under age 6 months currently breastfeeding10 (%),*,*,True,False
Assam,Jorhat,Child Feeding Practices and Nutritional Status of Children,63,Children under age 6 months exclusively breastfed or breastfeeding and consuming plain water/other,*,*,True,False
Assam,Jorhat,Child Feeding Practices and Nutritional Status of Children,64,Children age 6-8 months receiving solid or semi-solid food and breastmilk10 (%),*,*,True,False
Assam,Jorhat,Child Feeding Practices and Nutritional Status of Children,65,"Breastfeeding children age 6-23 months receiving an adequate diet10, 11 (%)",11.0,10.8,False,False
Assam,Jorhat,Child Feeding Practices and Nutritional Status of Children,66,"Non-breastfeeding children age 6-23 months receiving an adequate diet10, 11 (%)",*,*,True,False
Assam,Jorhat,Child Feeding Practices and Nutritional Status of Children,67,"Total children age 6-23 months receiving an adequate diet10, 11 (%)",14.3,11.5,False,False
Assam,Jorhat,Child Feeding Practices and Nutritional Status of Children,68,Children under 5 years who are stunted (height-for-age)12 (%),22.8,38.7,False,False
Assam,Jorhat,Child Feeding Practices and Nutritional Status of Children,69,Children under 5 years who are wasted (weight-for-height)12 (%),19.0,15.5,False,False
Assam,Jorhat,Child Feeding Practices and Nutritional Status of Children,70,Children under 5 years who are severely wasted (weight-for-height)13 (%),7.1,5.1,False,False
Assam,Jorhat,Child Feeding Practices and Nutritional Status of Children,71,Children under 5 years who are underweight (weight-for-age)12 (%),23.7,33.2,False,False
Assam,Jorhat,Child Feeding Practices and Nutritional Status of Children,72,Children under 5 years who are overweight (weight-for-height)14 (%),5.0,5.4,False,False
Assam,Jorhat,Nutritional Status of Adults (age 15-49 years),73,Women whose Body Mass Index (BMI) is below normal (BMI <18.5 kg/m2)15 (%),17.1,22.5,False,False
Assam,Jorhat,Nutritional Status of Adults (age 15-49 years),74,Women who are overweight or obese (BMI ≥25.0 kg/m2)15 (%),22.4,19.9,False,False
Assam,Jorhat,Women,75,Blood sugar level - high (141-160 mg/dl)16 (%),7.6,7.7,False,False
Assam,Jorhat,Women,76,Blood sugar level - very high (>160 mg/dl)16 (%),8.3,7.3,False,False
Assam,Jorhat,Women,77,Blood sugar level - high or very high (>140 mg/dl) or taking medicine to control blood sugar level16 (%),16.7,15.3,False,False
Assam,Jorhat,Men,78,Blood sugar level - high (141-160 mg/dl)16 (%),10.5,8.5,False,False
Assam,Jorhat,Men,79,Blood sugar level - very high (>160 mg/dl)16 (%),10.3,9.3,False,False
Assam,Jorhat,Men,80,Blood sugar level - high or very high (>140 mg/dl) or taking medicine to control blood sugar level16 (%),22.4,19.0,False,False
Assam,Jorhat,Women,81,Mildly elevated blood pressure (Systolic 140-159 mm of Hg and/or Diastolic 90-99 mm of Hg) (%),11.7,14.2,False,False
Assam,Jorhat,Women,82,Moderately or severely elevated blood pressure (Systolic ≥160 mm of Hg and/or Diastolic ≥100 mm,6.3,7.1,False,False
Assam,Jorhat,Women,83,Elevated blood pressure (Systolic ≥140 mm of Hg and/or Diastolic ≥90 mm of Hg) or taking medicine to,23.8,25.9,False,False
Assam,Jorhat,Men,84,Mildly elevated blood pressure (Systolic 140-159 mm of Hg and/or Diastolic 90-99 mm of Hg) (%),14.8,16.7,False,False
Assam,Jorhat,Men,85,Moderately or severely elevated blood pressure (Systolic ≥160 mm of Hg and/or Diastolic ≥100 mm,5.7,6.4,False,False
Assam,Jorhat,Men,86,Elevated blood pressure (Systolic ≥140 mm of Hg and/or Diastolic ≥90 mm of Hg) or taking medicine to,25.3,26.3,False,False
Assam,Jorhat,Men,87,Women having a bank or savings account that they themselves use (%),92.4,78.8,False,False
Assam,Jorhat,Men,88,Women having a mobile phone that they themselves use (%),70.4,54.0,False,False
Assam,Jorhat,Men,89,Women age 15-24 years who use hygienic methods of protection during their menstrual period17 (%),86.1,76.7,False,False
Assam,Jorhat,Tobacco Use and Alcohol Consumption among Adults (age 15 years and above),90,Women age 15 years and above who use any kind of tobacco (%),19.7,16.5,False,False
Assam,Jorhat,Tobacco Use and Alcohol Consumption among Adults (age 15 years and above),91,Men age 15 years and above who use any kind of tobacco (%),41.4,47.1,False,False
Assam,Jorhat,Tobacco Use and Alcohol Consumption among Adults (age 15 years and above),92,Women age 15 years and above who consume alcohol (%),5.3,4.0,False,False
Assam,Jorhat,Tobacco Use and Alcohol Consumption among Adults (age 15 years and above),93,Men age 15 years and above who consume alcohol (%),25.5,30.9,False,False
Assam,Kamrup Metropolitan,Population and Household Profile,1,Population below age 5 years (%),4.4,6.1,False,False
Assam,Kamrup Metropolitan,Population and Household Profile,2,Population below age 15 years (%),18.5,20.0,False,False
Assam,Kamrup Metropolitan,Population and Household Profile,3,Population age 60 years and above (%),13.1,9.4,False,False
Assam,Kamrup Metropolitan,Population and Household Profile,4,Population living in households with electricity (%),99.4,99.2,False,False
Assam,Kamrup Metropolitan,Population and Household Profile,5,Population living in households with an improved drinking-water source1 (%),88.5,87.2,False,False
Assam,Kamrup Metropolitan,Population and Household Profile,6,Households using iodized salt (%),99.4,99.7,False,False
Assam,Kamrup Metropolitan,Population and Household Profile,7,Households with any usual member covered under a health insurance/financing scheme (%),53.7,48.9,False,False
Assam,Kamrup Metropolitan,Population and Household Profile,8,Households with any usual member having a bank account/post office account (%),96.7,95.1,False,False
Assam,Kamrup Metropolitan,Population and Household Profile,9,Female population age 6 years and above who ever attended school (%),90.0,87.5,False,False
Assam,Kamrup Metropolitan,Population and Household Profile,10,Households with any usual female members owning a house and/or land (alone or jointly with others) (%),13.9,7.7,False,False
Assam,Kamrup Metropolitan,Population and Household Profile,11,Children age 2-4 years who attended pre-school (%),49.0,49.6,False,False
Assam,Kamrup Metropolitan,Characteristics of Adults (age 15-49 years),12,Women with 10 or more years of schooling (%),59.6,49.1,False,False
Assam,Kamrup Metropolitan,Characteristics of Adults (age 15-49 years),13,Men with 10 or more years of schooling (%),57.1,53.8,False,False
Assam,Kamrup Metropolitan,Characteristics of Adults (age 15-49 years),14,Women who have ever used the internet (%),70.7,47.7,False,False
Assam,Kamrup Metropolitan,Characteristics of Adults (age 15-49 years),15,Men who have ever used the internet (%),87.9,74.4,False,False
Assam,Kamrup Metropolitan,Marriage and Fertility,16,Women age 20-24 years married before age 18 years (%),9.1,21.9,False,False
Assam,Kamrup Metropolitan,Marriage and Fertility,17,Men age 25-29 years married before age 21 years (%),*,*,True,False
Assam,Kamrup Metropolitan,Marriage and Fertility,18,Three or more births in the 5 years preceding the survey (%),0.0,0.4,False,False
Assam,Kamrup Metropolitan,Marriage and Fertility,19,Women age 15-19 years who were already mothers or pregnant at the time of the survey (%),2.1,10.1,False,False
Assam,Kamrup Metropolitan,Marriage and Fertility,20,Any method2 (%),65.5,56.8,False,False
Assam,Kamrup Metropolitan,Marriage and Fertility,21,Any modern method2 (%),43.8,41.5,False,False
Assam,Kamrup Metropolitan,Marriage and Fertility,22,Any traditional method (%),21.7,15.3,False,False
Assam,Kamrup Metropolitan,Marriage and Fertility,23,Female sterilization (%),13.2,13.4,False,False
Assam,Kamrup Metropolitan,Marriage and Fertility,24,Male sterilization (%),0.0,0.0,False,False
Assam,Kamrup Metropolitan,Marriage and Fertility,25,Total unmet need3 (%),7.2,8.8,False,False
Assam,Kamrup Metropolitan,Marriage and Fertility,26,Unmet need for spacing3 (%),5.1,2.5,False,False
Assam,Kamrup Metropolitan,Marriage and Fertility,27,Unmet need for limiting3 (%),2.1,6.3,False,False
Assam,Kamrup Metropolitan,Antenatal Care (for last birth in the 5 years before the survey),28,Mothers who had an antenatal check-up in the first trimester (%),72.7,77.6,False,False
Assam,Kamrup Metropolitan,Antenatal Care (for last birth in the 5 years before the survey),29,Mothers who had any antenatal care visits (%),89.9,91.2,False,False
Assam,Kamrup Metropolitan,Antenatal Care (for last birth in the 5 years before the survey),30,Mothers who had at least 4 antenatal care visits (%),51.6,68.9,False,False
Assam,Kamrup Metropolitan,Antenatal Care (for last birth in the 5 years before the survey),31,Mothers whose last birth was protected against neonatal tetanus4 (%),93.1,96.3,False,False
Assam,Kamrup Metropolitan,Antenatal Care (for last birth in the 5 years before the survey),32,Mothers who consumed iron folic acid for 100 days or more when they were pregnant (%),72.9,51.7,False,False
Assam,Kamrup Metropolitan,Antenatal Care (for last birth in the 5 years before the survey),33,Mothers who consumed iron folic acid for 180 days or more when they were pregnant (%),43.9,16.9,False,False
Assam,Kamrup Metropolitan,Antenatal Care (for last birth in the 5 years before the survey),34,Registered pregnancies for which the mother received a Mother and Child Protection (MCP) card (%),97.0,98.3,False,False
Assam,Kamrup Metropolitan,Delivery Care (for births in the 5 years before the survey),35,Institutional births (%),96.3,89.1,False,False
Assam,Kamrup Metropolitan,Delivery Care (for births in the 5 years before the survey),36,Institutional births in public facility (%),55.6,55.7,False,False
Assam,Kamrup Metropolitan,Delivery Care (for births in the 5 years before the survey),37,Births attended by skilled health personnel5 (%),90.9,90.1,False,False
Assam,Kamrup Metropolitan,Delivery Care (for births in the 5 years before the survey),38,Births delivered by caesarean section (%),48.3,38.0,False,False
Assam,Kamrup Metropolitan,Delivery Care (for births in the 5 years before the survey),39,Births in a private health facility that were delivered by caesarean section (%),80.7,65.8,True,False
Assam,Kamrup Metropolitan,Delivery Care (for births in the 5 years before the survey),40,Births in a public health facility that were delivered by caesarean section (%),27.8,28.7,False,False
Assam,Kamrup Metropolitan,Postnatal Care (for last birth in the 5 years before the survey),41,Mothers who received postnatal care from a doctor/nurse/LHV/ANM/midwife/other health personnel within 2,79.2,75.6,False,False
Assam,Kamrup Metropolitan,Postnatal Care (for last birth in the 5 years before the survey),42,Children born at home who were taken to a health facility for a check-up within 24 hours of birth (%),*,*,True,False
Assam,Kamrup Metropolitan,Postnatal Care (for last birth in the 5 years before the survey),43,Children who received postnatal care from a doctor/nurse/LHV/ANM/midwife/other health personnel within 2,81.3,79.9,False,False
Assam,Kamrup Metropolitan,Child Vaccinations and Vitamin A Supplementation,44,Children age 12-23 months fully vaccinated based on information from either vaccination card or mother's,*,53.6,True,False
Assam,Kamrup Metropolitan,Child Vaccinations and Vitamin A Supplementation,45,Children age 12-23 months fully vaccinated based on information from vaccination card only7 (%),*,69.0,True,False
Assam,Kamrup Metropolitan,Child Vaccinations and Vitamin A Supplementation,46,Children age 12-23 months who have received any vaccine (%),*,94.5,True,False
Assam,Kamrup Metropolitan,Child Vaccinations and Vitamin A Supplementation,47,Children age 12-23 months who have received BCG (%),*,90.6,True,False
Assam,Kamrup Metropolitan,Child Vaccinations and Vitamin A Supplementation,48,Children age 12-23 months who have received 3 doses of polio vaccine8 (%),*,59.1,True,False
Assam,Kamrup Metropolitan,Child Vaccinations and Vitamin A Supplementation,49,Children age 12-23 months who have received 3 doses of pentavalent vaccine (%),*,77.0,True,False
Assam,Kamrup Metropolitan,Child Vaccinations and Vitamin A Supplementation,50,Children age 12-23 months who have received the first dose of measles-containing vaccine (MCV) (%),*,74.7,True,False
Assam,Kamrup Metropolitan,Child Vaccinations and Vitamin A Supplementation,51,Children age 24-35 months who have received a second dose of measles-containing vaccine (MCV) (%),*,33.2,True,False
Assam,Kamrup Metropolitan,Child Vaccinations and Vitamin A Supplementation,52,Children age 12-23 months who have received birth dose of hepatitis B vaccine (%),*,50.8,True,False
Assam,Kamrup Metropolitan,Child Vaccinations and Vitamin A Supplementation,53,Children age 12-23 months who have received 3 doses of rotavirus vaccine (%),*,50.9,True,False
Assam,Kamrup Metropolitan,Child Vaccinations and Vitamin A Supplementation,54,Children age 9-35 months who received a vitamin A dose in the last 6 months (%),86.9,54.9,True,False
Assam,Kamrup Metropolitan,Child Vaccinations and Vitamin A Supplementation,55,Children age 12-23 months who received most of their vaccinations in a public health facility (%),*,78.9,True,False
Assam,Kamrup Metropolitan,Child Vaccinations and Vitamin A Supplementation,56,Children age 12-23 months who received most of their vaccinations in a private health facility (%),*,19.2,True,False
Assam,Kamrup Metropolitan,Treatment of Childhood Diseases (children under age 5 years),57,Prevalence of diarrhoea in the 2 weeks preceding the survey (%),0.0,5.2,False,False
Assam,Kamrup Metropolitan,Treatment of Childhood Diseases (children under age 5 years),58,Prevalence of symptoms of acute respiratory infection (ARI) in the 2 weeks preceding the survey (%),0.0,1.3,False,False
Assam,Kamrup Metropolitan,Treatment of Childhood Diseases (children under age 5 years),59,Children with fever or symptoms of ARI in the 2 weeks preceding the survey taken to a health facility or,*,58.8,True,False
Assam,Kamrup Metropolitan,Child Feeding Practices and Nutritional Status of Children,60,Children under age 3 years breastfed within one hour of birth9 (%),58.0,53.0,False,False
Assam,Kamrup Metropolitan,Child Feeding Practices and Nutritional Status of Children,61,Children under age 6 months exclusively breastfed10 (%),*,*,True,False
Assam,Kamrup Metropolitan,Child Feeding Practices and Nutritional Status of Children,62,Children under age 6 months currently breastfeeding10 (%),*,*,True,False
Assam,Kamrup Metropolitan,Child Feeding Practices and Nutritional Status of Children,63,Children under age 6 months exclusively breastfed or breastfeeding and consuming plain water/other,*,*,True,False
Assam,Kamrup Metropolitan,Child Feeding Practices and Nutritional Status of Children,64,Children age 6-8 months receiving solid or semi-solid food and breastmilk10 (%),*,*,True,False
Assam,Kamrup Metropolitan,Child Feeding Practices and Nutritional Status of Children,65,"Breastfeeding children age 6-23 months receiving an adequate diet10, 11 (%)",25.7,1.1,True,False
Assam,Kamrup Metropolitan,Child Feeding Practices and Nutritional Status of Children,66,"Non-breastfeeding children age 6-23 months receiving an adequate diet10, 11 (%)",*,*,True,False
Assam,Kamrup Metropolitan,Child Feeding Practices and Nutritional Status of Children,67,"Total children age 6-23 months receiving an adequate diet10, 11 (%)",22.6,1.0,True,False
Assam,Kamrup Metropolitan,Child Feeding Practices and Nutritional Status of Children,68,Children under 5 years who are stunted (height-for-age)12 (%),22.3,25.4,False,False
Assam,Kamrup Metropolitan,Child Feeding Practices and Nutritional Status of Children,69,Children under 5 years who are wasted (weight-for-height)12 (%),13.2,18.2,False,False
Assam,Kamrup Metropolitan,Child Feeding Practices and Nutritional Status of Children,70,Children under 5 years who are severely wasted (weight-for-height)13 (%),4.7,7.3,False,False
Assam,Kamrup Metropolitan,Child Feeding Practices and Nutritional Status of Children,71,Children under 5 years who are underweight (weight-for-age)12 (%),22.1,25.0,False,False
Assam,Kamrup Metropolitan,Child Feeding Practices and Nutritional Status of Children,72,Children under 5 years who are overweight (weight-for-height)14 (%),2.9,8.7,False,False
Assam,Kamrup Metropolitan,Nutritional Status of Adults (age 15-49 years),73,Women whose Body Mass Index (BMI) is below normal (BMI <18.5 kg/m2)15 (%),11.1,12.6,False,False
Assam,Kamrup Metropolitan,Nutritional Status of Adults (age 15-49 years),74,Women who are overweight or obese (BMI ≥25.0 kg/m2)15 (%),32.9,21.3,False,False
Assam,Kamrup Metropolitan,Women,75,Blood sugar level - high (141-160 mg/dl)16 (%),9.0,8.3,False,False
Assam,Kamrup Metropolitan,Women,76,Blood sugar level - very high (>160 mg/dl)16 (%),8.2,6.8,False,False
Assam,Kamrup Metropolitan,Women,77,Blood sugar level - high or very high (>140 mg/dl) or taking medicine to control blood sugar level16 (%),18.2,17.1,False,False
Assam,Kamrup Metropolitan,Men,78,Blood sugar level - high (141-160 mg/dl)16 (%),8.3,7.8,False,False
Assam,Kamrup Metropolitan,Men,79,Blood sugar level - very high (>160 mg/dl)16 (%),12.3,10.4,False,False
Assam,Kamrup Metropolitan,Men,80,Blood sugar level - high or very high (>140 mg/dl) or taking medicine to control blood sugar level16 (%),21.2,20.3,False,False
Assam,Kamrup Metropolitan,Women,81,Mildly elevated blood pressure (Systolic 140-159 mm of Hg and/or Diastolic 90-99 mm of Hg) (%),15.3,8.2,False,False
Assam,Kamrup Metropolitan,Women,82,Moderately or severely elevated blood pressure (Systolic ≥160 mm of Hg and/or Diastolic ≥100 mm,8.6,2.6,False,False
Assam,Kamrup Metropolitan,Women,83,Elevated blood pressure (Systolic ≥140 mm of Hg and/or Diastolic ≥90 mm of Hg) or taking medicine to,28.2,17.0,False,False
Assam,Kamrup Metropolitan,Men,84,Mildly elevated blood pressure (Systolic 140-159 mm of Hg and/or Diastolic 90-99 mm of Hg) (%),21.0,11.4,False,False
Assam,Kamrup Metropolitan,Men,85,Moderately or severely elevated blood pressure (Systolic ≥160 mm of Hg and/or Diastolic ≥100 mm,11.6,2.8,False,False
Assam,Kamrup Metropolitan,Men,86,Elevated blood pressure (Systolic ≥140 mm of Hg and/or Diastolic ≥90 mm of Hg) or taking medicine to,36.4,20.3,False,False
Assam,Kamrup Metropolitan,Men,87,Women having a bank or savings account that they themselves use (%),92.9,82.4,False,False
Assam,Kamrup Metropolitan,Men,88,Women having a mobile phone that they themselves use (%),88.8,83.5,False,False
Assam,Kamrup Metropolitan,Men,89,Women age 15-24 years who use hygienic methods of protection during their menstrual period17 (%),90.1,86.5,False,False
Assam,Kamrup Metropolitan,Tobacco Use and Alcohol Consumption among Adults (age 15 years and above),90,Women age 15 years and above who use any kind of tobacco (%),11.8,11.8,False,False
Assam,Kamrup Metropolitan,Tobacco Use and Alcohol Consumption among Adults (age 15 years and above),91,Men age 15 years and above who use any kind of tobacco (%),32.1,39.9,False,False
Assam,Kamrup Metropolitan,Tobacco Use and Alcohol Consumption among Adults (age 15 years and above),92,Women age 15 years and above who consume alcohol (%),2.6,3.9,False,False
Assam,Kamrup Metropolitan,Tobacco Use and Alcohol Consumption among Adults (age 15 years and above),93,Men age 15 years and above who consume alcohol (%),20.1,24.2,False,False
Assam,Kamrup,Population and Household Profile,1,Population below age 5 years (%),6.7,7.3,False,False
Assam,Kamrup,Population and Household Profile,2,Population below age 15 years (%),23.1,25.6,False,False
Assam,Kamrup,Population and Household Profile,3,Population age 60 years and above (%),11.7,9.3,False,False
Assam,Kamrup,Population and Household Profile,4,Population living in households with electricity (%),98.5,94.8,False,False
Assam,Kamrup,Population and Household Profile,5,Population living in households with an improved drinking-water source1 (%),95.8,92.1,False,False
Assam,Kamrup,Population and Household Profile,6,Households using iodized salt (%),98.1,98.2,False,False
Assam,Kamrup,Population and Household Profile,7,Households with any usual member covered under a health insurance/financing scheme (%),70.6,53.2,False,False
Assam,Kamrup,Population and Household Profile,8,Households with any usual member having a bank account/post office account (%),99.1,96.1,False,False
Assam,Kamrup,Population and Household Profile,9,Female population age 6 years and above who ever attended school (%),81.1,79.4,False,False
Assam,Kamrup,Population and Household Profile,10,Households with any usual female members owning a house and/or land (alone or jointly with others) (%),10.7,12.9,False,False
Assam,Kamrup,Population and Household Profile,11,Children age 2-4 years who attended pre-school (%),61.4,38.5,False,False
Assam,Kamrup,Characteristics of Adults (age 15-49 years),12,Women with 10 or more years of schooling (%),43.4,39.2,False,False
Assam,Kamrup,Characteristics of Adults (age 15-49 years),13,Men with 10 or more years of schooling (%),34.0,46.4,False,False
Assam,Kamrup,Characteristics of Adults (age 15-49 years),14,Women who have ever used the internet (%),54.5,22.5,False,False
Assam,Kamrup,Characteristics of Adults (age 15-49 years),15,Men who have ever used the internet (%),76.6,36.3,False,False
Assam,Kamrup,Marriage and Fertility,16,Women age 20-24 years married before age 18 years (%),18.6,21.9,False,False
Assam,Kamrup,Marriage and Fertility,17,Men age 25-29 years married before age 21 years (%),*,10.8,True,False
Assam,Kamrup,Marriage and Fertility,18,Three or more births in the 5 years preceding the survey (%),0.0,0.0,False,False
Assam,Kamrup,Marriage and Fertility,19,Women age 15-19 years who were already mothers or pregnant at the time of the survey (%),6.3,15.7,False,False
Assam,Kamrup,Marriage and Fertility,20,Any method2 (%),78.3,38.7,False,False
Assam,Kamrup,Marriage and Fertility,21,Any modern method2 (%),65.6,32.3,False,False
Assam,Kamrup,Marriage and Fertility,22,Any traditional method (%),12.7,6.4,False,False
Assam,Kamrup,Marriage and Fertility,23,Female sterilization (%),14.9,8.0,False,False
Assam,Kamrup,Marriage and Fertility,24,Male sterilization (%),0.2,0.0,False,False
Assam,Kamrup,Marriage and Fertility,25,Total unmet need3 (%),4.1,17.6,False,False
Assam,Kamrup,Marriage and Fertility,26,Unmet need for spacing3 (%),2.9,7.6,False,False
Assam,Kamrup,Marriage and Fertility,27,Unmet need for limiting3 (%),1.2,10.0,False,False
Assam,Kamrup,Antenatal Care (for last birth in the 5 years before the survey),28,Mothers who had an antenatal check-up in the first trimester (%),80.2,57.0,False,False
Assam,Kamrup,Antenatal Care (for last birth in the 5 years before the survey),29,Mothers who had any antenatal care visits (%),87.6,84.8,False,False
Assam,Kamrup,Antenatal Care (for last birth in the 5 years before the survey),30,Mothers who had at least 4 antenatal care visits (%),61.0,46.9,False,False
Assam,Kamrup,Antenatal Care (for last birth in the 5 years before the survey),31,Mothers whose last birth was protected against neonatal tetanus4 (%),96.5,85.9,False,False
Assam,Kamrup,Antenatal Care (for last birth in the 5 years before the survey),32,Mothers who consumed iron folic acid for 100 days or more when they were pregnant (%),55.9,42.5,False,False
Assam,Kamrup,Antenatal Care (for last birth in the 5 years before the survey),33,Mothers who consumed iron folic acid for 180 days or more when they were pregnant (%),40.4,24.3,False,False
Assam,Kamrup,Antenatal Care (for last birth in the 5 years before the survey),34,Registered pregnancies for which the mother received a Mother and Child Protection (MCP) card (%),96.9,95.5,False,False
Assam,Kamrup,Delivery Care (for births in the 5 years before the survey),35,Institutional births (%),89.3,85.0,False,False
Assam,Kamrup,Delivery Care (for births in the 5 years before the survey),36,Institutional births in public facility (%),73.3,69.8,False,False
Assam,Kamrup,Delivery Care (for births in the 5 years before the survey),37,Births attended by skilled health personnel5 (%),91.7,88.5,False,False
Assam,Kamrup,Delivery Care (for births in the 5 years before the survey),38,Births delivered by caesarean section (%),37.6,32.8,False,False
Assam,Kamrup,Delivery Care (for births in the 5 years before the survey),39,Births in a private health facility that were delivered by caesarean section (%),81.1,72.4,True,False
Assam,Kamrup,Delivery Care (for births in the 5 years before the survey),40,Births in a public health facility that were delivered by caesarean section (%),33.6,31.1,False,False
Assam,Kamrup,Postnatal Care (for last birth in the 5 years before the survey),41,Mothers who received postnatal care from a doctor/nurse/LHV/ANM/midwife/other health personnel within 2,70.1,61.4,False,False
Assam,Kamrup,Postnatal Care (for last birth in the 5 years before the survey),42,Children born at home who were taken to a health facility for a check-up within 24 hours of birth (%),*,0.0,True,False
Assam,Kamrup,Postnatal Care (for last birth in the 5 years before the survey),43,Children who received postnatal care from a doctor/nurse/LHV/ANM/midwife/other health personnel within 2,74.4,67.0,False,False
Assam,Kamrup,Child Vaccinations and Vitamin A Supplementation,44,Children age 12-23 months fully vaccinated based on information from either vaccination card or mother's,85.8,63.6,True,False
Assam,Kamrup,Child Vaccinations and Vitamin A Supplementation,45,Children age 12-23 months fully vaccinated based on information from vaccination card only7 (%),94.3,73.0,True,False
Assam,Kamrup,Child Vaccinations and Vitamin A Supplementation,46,Children age 12-23 months who have received any vaccine (%),93.4,93.9,True,False
Assam,Kamrup,Child Vaccinations and Vitamin A Supplementation,47,Children age 12-23 months who have received BCG (%),93.4,90.5,True,False
Assam,Kamrup,Child Vaccinations and Vitamin A Supplementation,48,Children age 12-23 months who have received 3 doses of polio vaccine8 (%),85.8,70.1,True,False
Assam,Kamrup,Child Vaccinations and Vitamin A Supplementation,49,Children age 12-23 months who have received 3 doses of pentavalent vaccine (%),88.3,86.1,True,False
Assam,Kamrup,Child Vaccinations and Vitamin A Supplementation,50,Children age 12-23 months who have received the first dose of measles-containing vaccine (MCV) (%),88.3,83.0,True,False
Assam,Kamrup,Child Vaccinations and Vitamin A Supplementation,51,Children age 24-35 months who have received a second dose of measles-containing vaccine (MCV) (%),75.8,28.1,False,False
Assam,Kamrup,Child Vaccinations and Vitamin A Supplementation,52,Children age 12-23 months who have received birth dose of hepatitis B vaccine (%),86.0,63.0,True,False
Assam,Kamrup,Child Vaccinations and Vitamin A Supplementation,53,Children age 12-23 months who have received 3 doses of rotavirus vaccine (%),86.4,38.1,True,False
Assam,Kamrup,Child Vaccinations and Vitamin A Supplementation,54,Children age 9-35 months who received a vitamin A dose in the last 6 months (%),76.7,64.0,False,False
Assam,Kamrup,Child Vaccinations and Vitamin A Supplementation,55,Children age 12-23 months who received most of their vaccinations in a public health facility (%),97.8,93.9,True,False
Assam,Kamrup,Child Vaccinations and Vitamin A Supplementation,56,Children age 12-23 months who received most of their vaccinations in a private health facility (%),0.0,6.1,True,False
Assam,Kamrup,Treatment of Childhood Diseases (children under age 5 years),57,Prevalence of diarrhoea in the 2 weeks preceding the survey (%),1.5,5.0,False,False
Assam,Kamrup,Treatment of Childhood Diseases (children under age 5 years),58,Prevalence of symptoms of acute respiratory infection (ARI) in the 2 weeks preceding the survey (%),0.4,1.5,False,False
Assam,Kamrup,Treatment of Childhood Diseases (children under age 5 years),59,Children with fever or symptoms of ARI in the 2 weeks preceding the survey taken to a health facility or,39.1,52.9,True,False
Assam,Kamrup,Child Feeding Practices and Nutritional Status of Children,60,Children under age 3 years breastfed within one hour of birth9 (%),42.3,45.5,False,False
Assam,Kamrup,Child Feeding Practices and Nutritional Status of Children,61,Children under age 6 months exclusively breastfed10 (%),75.2,*,True,False
Assam,Kamrup,Child Feeding Practices and Nutritional Status of Children,62,Children under age 6 months currently breastfeeding10 (%),100.0,*,True,False
Assam,Kamrup,Child Feeding Practices and Nutritional Status of Children,63,Children under age 6 months exclusively breastfed or breastfeeding and consuming plain water/other,81.0,*,True,False
Assam,Kamrup,Child Feeding Practices and Nutritional Status of Children,64,Children age 6-8 months receiving solid or semi-solid food and breastmilk10 (%),*,*,True,False
Assam,Kamrup,Child Feeding Practices and Nutritional Status of Children,65,"Breastfeeding children age 6-23 months receiving an adequate diet10, 11 (%)",29.2,6.7,False,False
Assam,Kamrup,Child Feeding Practices and Nutritional Status of Children,66,"Non-breastfeeding children age 6-23 months receiving an adequate diet10, 11 (%)",*,*,True,False
Assam,Kamrup,Child Feeding Practices and Nutritional Status of Children,67,"Total children age 6-23 months receiving an adequate diet10, 11 (%)",28.9,6.5,False,False
Assam,Kamrup,Child Feeding Practices and Nutritional Status of Children,68,Children under 5 years who are stunted (height-for-age)12 (%),28.0,22.6,False,False
Assam,Kamrup,Child Feeding Practices and Nutritional Status of Children,69,Children under 5 years who are wasted (weight-for-height)12 (%),23.9,14.8,False,False
Assam,Kamrup,Child Feeding Practices and Nutritional Status of Children,70,Children under 5 years who are severely wasted (weight-for-height)13 (%),6.9,5.3,False,False
Assam,Kamrup,Child Feeding Practices and Nutritional Status of Children,71,Children under 5 years who are underweight (weight-for-age)12 (%),26.4,19.7,False,False
Assam,Kamrup,Child Feeding Practices and Nutritional Status of Children,72,Children under 5 years who are overweight (weight-for-height)14 (%),1.9,7.5,False,False
Assam,Kamrup,Nutritional Status of Adults (age 15-49 years),73,Women whose Body Mass Index (BMI) is below normal (BMI <18.5 kg/m2)15 (%),15.4,12.9,False,False
Assam,Kamrup,Nutritional Status of Adults (age 15-49 years),74,Women who are overweight or obese (BMI ≥25.0 kg/m2)15 (%),27.4,23.5,False,False
Assam,Kamrup,Women,75,Blood sugar level - high (141-160 mg/dl)16 (%),6.1,7.1,False,False
Assam,Kamrup,Women,76,Blood sugar level - very high (>160 mg/dl)16 (%),8.9,8.4,False,False
Assam,Kamrup,Women,77,Blood sugar level - high or very high (>140 mg/dl) or taking medicine to control blood sugar level16 (%),15.8,18.1,False,False
Assam,Kamrup,Men,78,Blood sugar level - high (141-160 mg/dl)16 (%),9.4,9.3,False,False
Assam,Kamrup,Men,79,Blood sugar level - very high (>160 mg/dl)16 (%),9.5,7.3,False,False
Assam,Kamrup,Men,80,Blood sugar level - high or very high (>140 mg/dl) or taking medicine to control blood sugar level16 (%),20.0,19.6,False,False
Assam,Kamrup,Women,81,Mildly elevated blood pressure (Systolic 140-159 mm of Hg and/or Diastolic 90-99 mm of Hg) (%),12.5,12.0,False,False
Assam,Kamrup,Women,82,Moderately or severely elevated blood pressure (Systolic ≥160 mm of Hg and/or Diastolic ≥100 mm,3.9,3.9,False,False
Assam,Kamrup,Women,83,Elevated blood pressure (Systolic ≥140 mm of Hg and/or Diastolic ≥90 mm of Hg) or taking medicine to,20.2,22.2,False,False
Assam,Kamrup,Men,84,Mildly elevated blood pressure (Systolic 140-159 mm of Hg and/or Diastolic 90-99 mm of Hg) (%),14.8,10.5,False,False
Assam,Kamrup,Men,85,Moderately or severely elevated blood pressure (Systolic ≥160 mm of Hg and/or Diastolic ≥100 mm,4.7,3.7,False,False
Assam,Kamrup,Men,86,Elevated blood pressure (Systolic ≥140 mm of Hg and/or Diastolic ≥90 mm of Hg) or taking medicine to,23.2,19.2,False,False
Assam,Kamrup,Men,87,Women having a bank or savings account that they themselves use (%),92.8,79.3,False,False
Assam,Kamrup,Men,88,Women having a mobile phone that they themselves use (%),64.2,56.9,False,False
Assam,Kamrup,Men,89,Women age 15-24 years who use hygienic methods of protection during their menstrual period17 (%),77.2,66.1,False,False
Assam,Kamrup,Tobacco Use and Alcohol Consumption among Adults (age 15 years and above),90,Women age 15 years and above who use any kind of tobacco (%),13.3,14.3,False,False
Assam,Kamrup,Tobacco Use and Alcohol Consumption among Adults (age 15 years and above),91,Men age 15 years and above who use any kind of tobacco (%),43.7,44.7,False,False
Assam,Kamrup,Tobacco Use and Alcohol Consumption among Adults (age 15 years and above),92,Women age 15 years and above who consume alcohol (%),1.5,3.2,False,False
Assam,Kamrup,Tobacco Use and Alcohol Consumption among Adults (age 15 years and above),93,Men age 15 years and above who consume alcohol (%),15.7,19.1,False,False
Assam,Karbi Anglong,Population and Household Profile,1,Population below age 5 years (%),7.0,8.3,False,False
Assam,Karbi Anglong,Population and Household Profile,2,Population below age 15 years (%),26.5,29.9,False,False
Assam,Karbi Anglong,Population and Household Profile,3,Population age 60 years and above (%),5.9,8.0,False,False
Assam,Karbi Anglong,Population and Household Profile,4,Population living in households with electricity (%),97.0,97.0,False,False
Assam,Karbi Anglong,Population and Household Profile,5,Population living in households with an improved drinking-water source1 (%),65.2,79.6,False,False
Assam,Karbi Anglong,Population and Household Profile,6,Households using iodized salt (%),98.2,99.8,False,False
Assam,Karbi Anglong,Population and Household Profile,7,Households with any usual member covered under a health insurance/financing scheme (%),48.1,60.2,False,False
Assam,Karbi Anglong,Population and Household Profile,8,Households with any usual member having a bank account/post office account (%),88.7,94.3,False,False
Assam,Karbi Anglong,Population and Household Profile,9,Female population age 6 years and above who ever attended school (%),77.1,76.4,False,False
Assam,Karbi Anglong,Population and Household Profile,10,Households with any usual female members owning a house and/or land (alone or jointly with others) (%),12.5,7.2,False,False
Assam,Karbi Anglong,Population and Household Profile,11,Children age 2-4 years who attended pre-school (%),36.0,24.9,False,False
Assam,Karbi Anglong,Characteristics of Adults (age 15-49 years),12,Women with 10 or more years of schooling (%),36.6,30.3,False,False
Assam,Karbi Anglong,Characteristics of Adults (age 15-49 years),13,Men with 10 or more years of schooling (%),45.4,42.5,False,False
Assam,Karbi Anglong,Characteristics of Adults (age 15-49 years),14,Women who have ever used the internet (%),49.5,37.2,False,False
Assam,Karbi Anglong,Characteristics of Adults (age 15-49 years),15,Men who have ever used the internet (%),78.7,52.1,False,False
Assam,Karbi Anglong,Marriage and Fertility,16,Women age 20-24 years married before age 18 years (%),20.1,26.1,False,False
Assam,Karbi Anglong,Marriage and Fertility,17,Men age 25-29 years married before age 21 years (%),9.4,*,True,False
Assam,Karbi Anglong,Marriage and Fertility,18,Three or more births in the 5 years preceding the survey (%),0.6,0.0,False,False
Assam,Karbi Anglong,Marriage and Fertility,19,Women age 15-19 years who were already mothers or pregnant at the time of the survey (%),7.4,9.1,False,False
Assam,Karbi Anglong,Marriage and Fertility,20,Any method2 (%),49.8,66.3,False,False
Assam,Karbi Anglong,Marriage and Fertility,21,Any modern method2 (%),42.1,41.1,False,False
Assam,Karbi Anglong,Marriage and Fertility,22,Any traditional method (%),7.7,25.2,False,False
Assam,Karbi Anglong,Marriage and Fertility,23,Female sterilization (%),3.3,9.3,False,False
Assam,Karbi Anglong,Marriage and Fertility,24,Male sterilization (%),0.4,0.0,False,False
Assam,Karbi Anglong,Marriage and Fertility,25,Total unmet need3 (%),14.9,9.3,False,False
Assam,Karbi Anglong,Marriage and Fertility,26,Unmet need for spacing3 (%),9.4,2.3,False,False
Assam,Karbi Anglong,Marriage and Fertility,27,Unmet need for limiting3 (%),5.5,7.0,False,False
Assam,Karbi Anglong,Antenatal Care (for last birth in the 5 years before the survey),28,Mothers who had an antenatal check-up in the first trimester (%),49.1,64.8,False,False
Assam,Karbi Anglong,Antenatal Care (for last birth in the 5 years before the survey),29,Mothers who had any antenatal care visits (%),74.3,95.3,False,False
Assam,Karbi Anglong,Antenatal Care (for last birth in the 5 years before the survey),30,Mothers who had at least 4 antenatal care visits (%),46.9,63.9,False,False
Assam,Karbi Anglong,Antenatal Care (for last birth in the 5 years before the survey),31,Mothers whose last birth was protected against neonatal tetanus4 (%),84.3,90.9,False,False
Assam,Karbi Anglong,Antenatal Care (for last birth in the 5 years before the survey),32,Mothers who consumed iron folic acid for 100 days or more when they were pregnant (%),42.5,35.3,False,False
Assam,Karbi Anglong,Antenatal Care (for last birth in the 5 years before the survey),33,Mothers who consumed iron folic acid for 180 days or more when they were pregnant (%),23.2,9.0,False,False
Assam,Karbi Anglong,Antenatal Care (for last birth in the 5 years before the survey),34,Registered pregnancies for which the mother received a Mother and Child Protection (MCP) card (%),96.4,96.4,False,False
Assam,Karbi Anglong,Delivery Care (for births in the 5 years before the survey),35,Institutional births (%),66.9,74.9,False,False
Assam,Karbi Anglong,Delivery Care (for births in the 5 years before the survey),36,Institutional births in public facility (%),64.0,69.2,False,False
Assam,Karbi Anglong,Delivery Care (for births in the 5 years before the survey),37,Births attended by skilled health personnel5 (%),70.2,78.3,False,False
Assam,Karbi Anglong,Delivery Care (for births in the 5 years before the survey),38,Births delivered by caesarean section (%),9.0,15.2,False,False
Assam,Karbi Anglong,Delivery Care (for births in the 5 years before the survey),39,Births in a private health facility that were delivered by caesarean section (%),*,*,True,False
Assam,Karbi Anglong,Delivery Care (for births in the 5 years before the survey),40,Births in a public health facility that were delivered by caesarean section (%),13.2,16.4,False,False
Assam,Karbi Anglong,Postnatal Care (for last birth in the 5 years before the survey),41,Mothers who received postnatal care from a doctor/nurse/LHV/ANM/midwife/other health personnel within 2,58.5,56.9,False,False
Assam,Karbi Anglong,Postnatal Care (for last birth in the 5 years before the survey),42,Children born at home who were taken to a health facility for a check-up within 24 hours of birth (%),0.0,1.4,False,False
Assam,Karbi Anglong,Postnatal Care (for last birth in the 5 years before the survey),43,Children who received postnatal care from a doctor/nurse/LHV/ANM/midwife/other health personnel within 2,59.7,61.0,False,False
Assam,Karbi Anglong,Child Vaccinations and Vitamin A Supplementation,44,Children age 12-23 months fully vaccinated based on information from either vaccination card or mother's,51.8,64.3,True,False
Assam,Karbi Anglong,Child Vaccinations and Vitamin A Supplementation,45,Children age 12-23 months fully vaccinated based on information from vaccination card only7 (%),75.8,74.3,True,False
Assam,Karbi Anglong,Child Vaccinations and Vitamin A Supplementation,46,Children age 12-23 months who have received any vaccine (%),83.2,90.7,True,False
Assam,Karbi Anglong,Child Vaccinations and Vitamin A Supplementation,47,Children age 12-23 months who have received BCG (%),83.2,88.7,True,False
Assam,Karbi Anglong,Child Vaccinations and Vitamin A Supplementation,48,Children age 12-23 months who have received 3 doses of polio vaccine8 (%),53.2,65.9,True,False
Assam,Karbi Anglong,Child Vaccinations and Vitamin A Supplementation,49,Children age 12-23 months who have received 3 doses of pentavalent vaccine (%),58.5,75.3,True,False
Assam,Karbi Anglong,Child Vaccinations and Vitamin A Supplementation,50,Children age 12-23 months who have received the first dose of measles-containing vaccine (MCV) (%),65.3,76.2,True,False
Assam,Karbi Anglong,Child Vaccinations and Vitamin A Supplementation,51,Children age 24-35 months who have received a second dose of measles-containing vaccine (MCV) (%),57.2,29.3,False,False
Assam,Karbi Anglong,Child Vaccinations and Vitamin A Supplementation,52,Children age 12-23 months who have received birth dose of hepatitis B vaccine (%),56.2,36.7,True,False
Assam,Karbi Anglong,Child Vaccinations and Vitamin A Supplementation,53,Children age 12-23 months who have received 3 doses of rotavirus vaccine (%),54.4,42.9,True,False
Assam,Karbi Anglong,Child Vaccinations and Vitamin A Supplementation,54,Children age 9-35 months who received a vitamin A dose in the last 6 months (%),54.8,44.9,False,False
Assam,Karbi Anglong,Child Vaccinations and Vitamin A Supplementation,55,Children age 12-23 months who received most of their vaccinations in a public health facility (%),95.3,91.4,True,False
Assam,Karbi Anglong,Child Vaccinations and Vitamin A Supplementation,56,Children age 12-23 months who received most of their vaccinations in a private health facility (%),0.0,1.6,True,False
Assam,Karbi Anglong,Treatment of Childhood Diseases (children under age 5 years),57,Prevalence of diarrhoea in the 2 weeks preceding the survey (%),1.5,2.2,False,False
Assam,Karbi Anglong,Treatment of Childhood Diseases (children under age 5 years),58,Prevalence of symptoms of acute respiratory infection (ARI) in the 2 weeks preceding the survey (%),0.0,2.2,False,False
Assam,Karbi Anglong,Treatment of Childhood Diseases (children under age 5 years),59,Children with fever or symptoms of ARI in the 2 weeks preceding the survey taken to a health facility or,43.9,55.3,True,False
Assam,Karbi Anglong,Child Feeding Practices and Nutritional Status of Children,60,Children under age 3 years breastfed within one hour of birth9 (%),51.6,50.3,False,False
Assam,Karbi Anglong,Child Feeding Practices and Nutritional Status of Children,61,Children under age 6 months exclusively breastfed10 (%),*,55.2,True,False
Assam,Karbi Anglong,Child Feeding Practices and Nutritional Status of Children,62,Children under age 6 months currently breastfeeding10 (%),*,94.1,True,False
Assam,Karbi Anglong,Child Feeding Practices and Nutritional Status of Children,63,Children under age 6 months exclusively breastfed or breastfeeding and consuming plain water/other,*,58.3,True,False
Assam,Karbi Anglong,Child Feeding Practices and Nutritional Status of Children,64,Children age 6-8 months receiving solid or semi-solid food and breastmilk10 (%),*,*,True,False
Assam,Karbi Anglong,Child Feeding Practices and Nutritional Status of Children,65,"Breastfeeding children age 6-23 months receiving an adequate diet10, 11 (%)",12.7,20.5,False,False
Assam,Karbi Anglong,Child Feeding Practices and Nutritional Status of Children,66,"Non-breastfeeding children age 6-23 months receiving an adequate diet10, 11 (%)",*,*,True,False
Assam,Karbi Anglong,Child Feeding Practices and Nutritional Status of Children,67,"Total children age 6-23 months receiving an adequate diet10, 11 (%)",13.1,18.1,False,False
Assam,Karbi Anglong,Child Feeding Practices and Nutritional Status of Children,68,Children under 5 years who are stunted (height-for-age)12 (%),10.9,31.6,False,False
Assam,Karbi Anglong,Child Feeding Practices and Nutritional Status of Children,69,Children under 5 years who are wasted (weight-for-height)12 (%),25.7,17.2,False,False
Assam,Karbi Anglong,Child Feeding Practices and Nutritional Status of Children,70,Children under 5 years who are severely wasted (weight-for-height)13 (%),11.8,8.7,False,False
Assam,Karbi Anglong,Child Feeding Practices and Nutritional Status of Children,71,Children under 5 years who are underweight (weight-for-age)12 (%),15.0,28.2,False,False
Assam,Karbi Anglong,Child Feeding Practices and Nutritional Status of Children,72,Children under 5 years who are overweight (weight-for-height)14 (%),7.6,4.3,False,False
Assam,Karbi Anglong,Nutritional Status of Adults (age 15-49 years),73,Women whose Body Mass Index (BMI) is below normal (BMI <18.5 kg/m2)15 (%),8.3,10.0,False,False
Assam,Karbi Anglong,Nutritional Status of Adults (age 15-49 years),74,Women who are overweight or obese (BMI ≥25.0 kg/m2)15 (%),20.0,15.7,False,False
Assam,Karbi Anglong,Women,75,Blood sugar level - high (141-160 mg/dl)16 (%),3.8,6.5,False,False
Assam,Karbi Anglong,Women,76,Blood sugar level - very high (>160 mg/dl)16 (%),3.5,3.2,False,False
Assam,Karbi Anglong,Women,77,Blood sugar level - high or very high (>140 mg/dl) or taking medicine to control blood sugar level16 (%),8.2,10.7,False,False
Assam,Karbi Anglong,Men,78,Blood sugar level - high (141-160 mg/dl)16 (%),5.0,8.5,False,False
Assam,Karbi Anglong,Men,79,Blood sugar level - very high (>160 mg/dl)16 (%),3.8,4.8,False,False
Assam,Karbi Anglong,Men,80,Blood sugar level - high or very high (>140 mg/dl) or taking medicine to control blood sugar level16 (%),9.8,14.6,False,False
Assam,Karbi Anglong,Women,81,Mildly elevated blood pressure (Systolic 140-159 mm of Hg and/or Diastolic 90-99 mm of Hg) (%),5.9,10.8,False,False
Assam,Karbi Anglong,Women,82,Moderately or severely elevated blood pressure (Systolic ≥160 mm of Hg and/or Diastolic ≥100 mm,2.3,6.5,False,False
Assam,Karbi Anglong,Women,83,Elevated blood pressure (Systolic ≥140 mm of Hg and/or Diastolic ≥90 mm of Hg) or taking medicine to,9.9,20.1,False,False
Assam,Karbi Anglong,Men,84,Mildly elevated blood pressure (Systolic 140-159 mm of Hg and/or Diastolic 90-99 mm of Hg) (%),12.6,15.0,False,False
Assam,Karbi Anglong,Men,85,Moderately or severely elevated blood pressure (Systolic ≥160 mm of Hg and/or Diastolic ≥100 mm,2.3,6.6,False,False
Assam,Karbi Anglong,Men,86,Elevated blood pressure (Systolic ≥140 mm of Hg and/or Diastolic ≥90 mm of Hg) or taking medicine to,17.5,22.8,False,False
Assam,Karbi Anglong,Men,87,Women having a bank or savings account that they themselves use (%),76.0,79.9,False,False
Assam,Karbi Anglong,Men,88,Women having a mobile phone that they themselves use (%),77.6,62.7,False,False
Assam,Karbi Anglong,Men,89,Women age 15-24 years who use hygienic methods of protection during their menstrual period17 (%),64.4,77.6,False,False
Assam,Karbi Anglong,Tobacco Use and Alcohol Consumption among Adults (age 15 years and above),90,Women age 15 years and above who use any kind of tobacco (%),6.3,20.5,False,False
Assam,Karbi Anglong,Tobacco Use and Alcohol Consumption among Adults (age 15 years and above),91,Men age 15 years and above who use any kind of tobacco (%),43.2,55.0,False,False
Assam,Karbi Anglong,Tobacco Use and Alcohol Consumption among Adults (age 15 years and above),92,Women age 15 years and above who consume alcohol (%),10.6,20.5,False,False
Assam,Karbi Anglong,Tobacco Use and Alcohol Consumption among Adults (age 15 years and above),93,Men age 15 years and above who consume alcohol (%),39.6,48.5,False,False
Assam,Karimganj,Population and Household Profile,1,Population below age 5 years (%),4.9,10.4,False,False
Assam,Karimganj,Population and Household Profile,2,Population below age 15 years (%),29.2,32.3,False,False
Assam,Karimganj,Population and Household Profile,3,Population age 60 years and above (%),7.9,7.7,False,False
Assam,Karimganj,Population and Household Profile,4,Population living in households with electricity (%),98.9,87.1,False,False
Assam,Karimganj,Population and Household Profile,5,Population living in households with an improved drinking-water source1 (%),84.3,62.3,False,False
Assam,Karimganj,Population and Household Profile,6,Households using iodized salt (%),99.4,98.7,False,False
Assam,Karimganj,Population and Household Profile,7,Households with any usual member covered under a health insurance/financing scheme (%),73.5,73.3,False,False
Assam,Karimganj,Population and Household Profile,8,Households with any usual member having a bank account/post office account (%),97.1,96.0,False,False
Assam,Karimganj,Population and Household Profile,9,Female population age 6 years and above who ever attended school (%),85.7,82.1,False,False
Assam,Karimganj,Population and Household Profile,10,Households with any usual female members owning a house and/or land (alone or jointly with others) (%),8.8,6.4,False,False
Assam,Karimganj,Population and Household Profile,11,Children age 2-4 years who attended pre-school (%),51.8,24.2,False,False
Assam,Karimganj,Characteristics of Adults (age 15-49 years),12,Women with 10 or more years of schooling (%),41.6,19.6,False,False
Assam,Karimganj,Characteristics of Adults (age 15-49 years),13,Men with 10 or more years of schooling (%),40.0,23.1,False,False
Assam,Karimganj,Characteristics of Adults (age 15-49 years),14,Women who have ever used the internet (%),61.2,32.8,False,False
Assam,Karimganj,Characteristics of Adults (age 15-49 years),15,Men who have ever used the internet (%),82.6,35.5,False,False
Assam,Karimganj,Marriage and Fertility,16,Women age 20-24 years married before age 18 years (%),21.9,27.7,False,False
Assam,Karimganj,Marriage and Fertility,17,Men age 25-29 years married before age 21 years (%),*,*,True,False
Assam,Karimganj,Marriage and Fertility,18,Three or more births in the 5 years preceding the survey (%),2.0,2.3,False,False
Assam,Karimganj,Marriage and Fertility,19,Women age 15-19 years who were already mothers or pregnant at the time of the survey (%),2.6,9.9,False,False
Assam,Karimganj,Marriage and Fertility,20,Any method2 (%),70.7,64.3,False,False
Assam,Karimganj,Marriage and Fertility,21,Any modern method2 (%),51.1,54.9,False,False
Assam,Karimganj,Marriage and Fertility,22,Any traditional method (%),19.6,9.4,False,False
Assam,Karimganj,Marriage and Fertility,23,Female sterilization (%),2.7,6.1,False,False
Assam,Karimganj,Marriage and Fertility,24,Male sterilization (%),0.3,0.5,False,False
Assam,Karimganj,Marriage and Fertility,25,Total unmet need3 (%),3.9,8.6,False,False
Assam,Karimganj,Marriage and Fertility,26,Unmet need for spacing3 (%),2.8,4.2,False,False
Assam,Karimganj,Marriage and Fertility,27,Unmet need for limiting3 (%),1.1,4.4,False,False
Assam,Karimganj,Antenatal Care (for last birth in the 5 years before the survey),28,Mothers who had an antenatal check-up in the first trimester (%),64.8,54.8,False,False
Assam,Karimganj,Antenatal Care (for last birth in the 5 years before the survey),29,Mothers who had any antenatal care visits (%),90.6,98.1,False,False
Assam,Karimganj,Antenatal Care (for last birth in the 5 years before the survey),30,Mothers who had at least 4 antenatal care visits (%),40.3,42.8,False,False
Assam,Karimganj,Antenatal Care (for last birth in the 5 years before the survey),31,Mothers whose last birth was protected against neonatal tetanus4 (%),92.9,94.2,False,False
Assam,Karimganj,Antenatal Care (for last birth in the 5 years before the survey),32,Mothers who consumed iron folic acid for 100 days or more when they were pregnant (%),68.7,39.9,False,False
Assam,Karimganj,Antenatal Care (for last birth in the 5 years before the survey),33,Mothers who consumed iron folic acid for 180 days or more when they were pregnant (%),47.1,11.4,False,False
Assam,Karimganj,Antenatal Care (for last birth in the 5 years before the survey),34,Registered pregnancies for which the mother received a Mother and Child Protection (MCP) card (%),98.4,99.5,False,False
Assam,Karimganj,Delivery Care (for births in the 5 years before the survey),35,Institutional births (%),91.5,76.4,False,False
Assam,Karimganj,Delivery Care (for births in the 5 years before the survey),36,Institutional births in public facility (%),89.9,69.8,False,False
Assam,Karimganj,Delivery Care (for births in the 5 years before the survey),37,Births attended by skilled health personnel5 (%),95.9,78.3,False,False
Assam,Karimganj,Delivery Care (for births in the 5 years before the survey),38,Births delivered by caesarean section (%),3.6,7.0,False,False
Assam,Karimganj,Delivery Care (for births in the 5 years before the survey),39,Births in a private health facility that were delivered by caesarean section (%),*,51.4,True,False
Assam,Karimganj,Delivery Care (for births in the 5 years before the survey),40,Births in a public health facility that were delivered by caesarean section (%),2.7,5.2,False,False
Assam,Karimganj,Postnatal Care (for last birth in the 5 years before the survey),41,Mothers who received postnatal care from a doctor/nurse/LHV/ANM/midwife/other health personnel within 2,57.2,63.9,False,False
Assam,Karimganj,Postnatal Care (for last birth in the 5 years before the survey),42,Children born at home who were taken to a health facility for a check-up within 24 hours of birth (%),*,0.0,True,False
Assam,Karimganj,Postnatal Care (for last birth in the 5 years before the survey),43,Children who received postnatal care from a doctor/nurse/LHV/ANM/midwife/other health personnel within 2,62.3,70.2,False,False
Assam,Karimganj,Child Vaccinations and Vitamin A Supplementation,44,Children age 12-23 months fully vaccinated based on information from either vaccination card or mother's,84.5,75.1,True,False
Assam,Karimganj,Child Vaccinations and Vitamin A Supplementation,45,Children age 12-23 months fully vaccinated based on information from vaccination card only7 (%),89.2,75.9,True,False
Assam,Karimganj,Child Vaccinations and Vitamin A Supplementation,46,Children age 12-23 months who have received any vaccine (%),97.1,96.8,True,False
Assam,Karimganj,Child Vaccinations and Vitamin A Supplementation,47,Children age 12-23 months who have received BCG (%),97.1,95.5,True,False
Assam,Karimganj,Child Vaccinations and Vitamin A Supplementation,48,Children age 12-23 months who have received 3 doses of polio vaccine8 (%),84.5,84.2,True,False
Assam,Karimganj,Child Vaccinations and Vitamin A Supplementation,49,Children age 12-23 months who have received 3 doses of pentavalent vaccine (%),94.8,84.0,True,False
Assam,Karimganj,Child Vaccinations and Vitamin A Supplementation,50,Children age 12-23 months who have received the first dose of measles-containing vaccine (MCV) (%),94.8,85.5,True,False
Assam,Karimganj,Child Vaccinations and Vitamin A Supplementation,51,Children age 24-35 months who have received a second dose of measles-containing vaccine (MCV) (%),50.4,23.8,True,False
Assam,Karimganj,Child Vaccinations and Vitamin A Supplementation,52,Children age 12-23 months who have received birth dose of hepatitis B vaccine (%),81.2,31.6,True,False
Assam,Karimganj,Child Vaccinations and Vitamin A Supplementation,53,Children age 12-23 months who have received 3 doses of rotavirus vaccine (%),94.8,47.3,True,False
Assam,Karimganj,Child Vaccinations and Vitamin A Supplementation,54,Children age 9-35 months who received a vitamin A dose in the last 6 months (%),80.6,74.7,False,False
Assam,Karimganj,Child Vaccinations and Vitamin A Supplementation,55,Children age 12-23 months who received most of their vaccinations in a public health facility (%),100.0,95.0,True,False
Assam,Karimganj,Child Vaccinations and Vitamin A Supplementation,56,Children age 12-23 months who received most of their vaccinations in a private health facility (%),0.0,0.0,True,False
Assam,Karimganj,Treatment of Childhood Diseases (children under age 5 years),57,Prevalence of diarrhoea in the 2 weeks preceding the survey (%),1.1,7.6,False,False
Assam,Karimganj,Treatment of Childhood Diseases (children under age 5 years),58,Prevalence of symptoms of acute respiratory infection (ARI) in the 2 weeks preceding the survey (%),0.0,2.3,False,False
Assam,Karimganj,Treatment of Childhood Diseases (children under age 5 years),59,Children with fever or symptoms of ARI in the 2 weeks preceding the survey taken to a health facility or,*,59.6,True,False
Assam,Karimganj,Child Feeding Practices and Nutritional Status of Children,60,Children under age 3 years breastfed within one hour of birth9 (%),70.0,40.3,False,False
Assam,Karimganj,Child Feeding Practices and Nutritional Status of Children,61,Children under age 6 months exclusively breastfed10 (%),*,53.1,True,False
Assam,Karimganj,Child Feeding Practices and Nutritional Status of Children,62,Children under age 6 months currently breastfeeding10 (%),*,97.9,True,False
Assam,Karimganj,Child Feeding Practices and Nutritional Status of Children,63,Children under age 6 months exclusively breastfed or breastfeeding and consuming plain water/other,*,67.9,True,False
Assam,Karimganj,Child Feeding Practices and Nutritional Status of Children,64,Children age 6-8 months receiving solid or semi-solid food and breastmilk10 (%),*,35.4,True,False
Assam,Karimganj,Child Feeding Practices and Nutritional Status of Children,65,"Breastfeeding children age 6-23 months receiving an adequate diet10, 11 (%)",4.4,4.7,True,False
Assam,Karimganj,Child Feeding Practices and Nutritional Status of Children,66,"Non-breastfeeding children age 6-23 months receiving an adequate diet10, 11 (%)",*,*,True,False
Assam,Karimganj,Child Feeding Practices and Nutritional Status of Children,67,"Total children age 6-23 months receiving an adequate diet10, 11 (%)",5.7,5.3,False,False
Assam,Karimganj,Child Feeding Practices and Nutritional Status of Children,68,Children under 5 years who are stunted (height-for-age)12 (%),36.4,29.1,False,False
Assam,Karimganj,Child Feeding Practices and Nutritional Status of Children,69,Children under 5 years who are wasted (weight-for-height)12 (%),13.9,48.0,False,False
Assam,Karimganj,Child Feeding Practices and Nutritional Status of Children,70,Children under 5 years who are severely wasted (weight-for-height)13 (%),5.5,30.5,False,False
Assam,Karimganj,Child Feeding Practices and Nutritional Status of Children,71,Children under 5 years who are underweight (weight-for-age)12 (%),35.9,52.9,False,False
Assam,Karimganj,Child Feeding Practices and Nutritional Status of Children,72,Children under 5 years who are overweight (weight-for-height)14 (%),8.3,1.0,False,False
Assam,Karimganj,Nutritional Status of Adults (age 15-49 years),73,Women whose Body Mass Index (BMI) is below normal (BMI <18.5 kg/m2)15 (%),12.8,17.8,False,False
Assam,Karimganj,Nutritional Status of Adults (age 15-49 years),74,Women who are overweight or obese (BMI ≥25.0 kg/m2)15 (%),14.5,6.6,False,False
Assam,Karimganj,Women,75,Blood sugar level - high (141-160 mg/dl)16 (%),5.2,6.3,False,False
Assam,Karimganj,Women,76,Blood sugar level - very high (>160 mg/dl)16 (%),4.6,4.3,False,False
Assam,Karimganj,Women,77,Blood sugar level - high or very high (>140 mg/dl) or taking medicine to control blood sugar level16 (%),10.2,11.5,False,False
Assam,Karimganj,Men,78,Blood sugar level - high (141-160 mg/dl)16 (%),9.5,8.5,False,False
Assam,Karimganj,Men,79,Blood sugar level - very high (>160 mg/dl)16 (%),4.5,4.5,False,False
Assam,Karimganj,Men,80,Blood sugar level - high or very high (>140 mg/dl) or taking medicine to control blood sugar level16 (%),14.8,15.2,False,False
Assam,Karimganj,Women,81,Mildly elevated blood pressure (Systolic 140-159 mm of Hg and/or Diastolic 90-99 mm of Hg) (%),12.8,8.9,False,False
Assam,Karimganj,Women,82,Moderately or severely elevated blood pressure (Systolic ≥160 mm of Hg and/or Diastolic ≥100 mm,4.0,2.6,False,False
Assam,Karimganj,Women,83,Elevated blood pressure (Systolic ≥140 mm of Hg and/or Diastolic ≥90 mm of Hg) or taking medicine to,18.4,16.5,False,False
Assam,Karimganj,Men,84,Mildly elevated blood pressure (Systolic 140-159 mm of Hg and/or Diastolic 90-99 mm of Hg) (%),15.3,11.0,False,False
Assam,Karimganj,Men,85,Moderately or severely elevated blood pressure (Systolic ≥160 mm of Hg and/or Diastolic ≥100 mm,3.4,2.7,False,False
Assam,Karimganj,Men,86,Elevated blood pressure (Systolic ≥140 mm of Hg and/or Diastolic ≥90 mm of Hg) or taking medicine to,20.3,17.2,False,False
Assam,Karimganj,Men,87,Women having a bank or savings account that they themselves use (%),94.1,76.5,False,False
Assam,Karimganj,Men,88,Women having a mobile phone that they themselves use (%),76.1,58.3,False,False
Assam,Karimganj,Men,89,Women age 15-24 years who use hygienic methods of protection during their menstrual period17 (%),79.7,60.1,False,False
Assam,Karimganj,Tobacco Use and Alcohol Consumption among Adults (age 15 years and above),90,Women age 15 years and above who use any kind of tobacco (%),16.7,43.0,False,False
Assam,Karimganj,Tobacco Use and Alcohol Consumption among Adults (age 15 years and above),91,Men age 15 years and above who use any kind of tobacco (%),42.6,54.2,False,False
Assam,Karimganj,Tobacco Use and Alcohol Consumption among Adults (age 15 years and above),92,Women age 15 years and above who consume alcohol (%),1.4,1.4,False,False
Assam,Karimganj,Tobacco Use and Alcohol Consumption among Adults (age 15 years and above),93,Men age 15 years and above who consume alcohol (%),9.4,7.0,False,False
Assam,Kokrajhar,Population and Household Profile,1,Population below age 5 years (%),6.3,8.1,False,False
Assam,Kokrajhar,Population and Household Profile,2,Population below age 15 years (%),24.9,29.5,False,False
Assam,Kokrajhar,Population and Household Profile,3,Population age 60 years and above (%),10.1,7.3,False,False
Assam,Kokrajhar,Population and Household Profile,4,Population living in households with electricity (%),95.9,93.9,False,False
Assam,Kokrajhar,Population and Household Profile,5,Population living in households with an improved drinking-water source1 (%),89.0,87.3,False,False
Assam,Kokrajhar,Population and Household Profile,6,Households using iodized salt (%),97.2,99.6,False,False
Assam,Kokrajhar,Population and Household Profile,7,Households with any usual member covered under a health insurance/financing scheme (%),68.0,54.9,False,False
Assam,Kokrajhar,Population and Household Profile,8,Households with any usual member having a bank account/post office account (%),94.7,92.6,False,False
Assam,Kokrajhar,Population and Household Profile,9,Female population age 6 years and above who ever attended school (%),76.3,75.2,False,False
Assam,Kokrajhar,Population and Household Profile,10,Households with any usual female members owning a house and/or land (alone or jointly with others) (%),6.5,7.6,False,False
Assam,Kokrajhar,Population and Household Profile,11,Children age 2-4 years who attended pre-school (%),40.3,30.0,False,False
Assam,Kokrajhar,Characteristics of Adults (age 15-49 years),12,Women with 10 or more years of schooling (%),35.2,27.5,False,False
Assam,Kokrajhar,Characteristics of Adults (age 15-49 years),13,Men with 10 or more years of schooling (%),56.6,41.8,False,False
Assam,Kokrajhar,Characteristics of Adults (age 15-49 years),14,Women who have ever used the internet (%),47.2,34.2,False,False
Assam,Kokrajhar,Characteristics of Adults (age 15-49 years),15,Men who have ever used the internet (%),71.6,45.3,False,False
Assam,Kokrajhar,Marriage and Fertility,16,Women age 20-24 years married before age 18 years (%),25.3,36.2,False,False
Assam,Kokrajhar,Marriage and Fertility,17,Men age 25-29 years married before age 21 years (%),*,*,True,False
Assam,Kokrajhar,Marriage and Fertility,18,Three or more births in the 5 years preceding the survey (%),0.4,0.9,False,False
Assam,Kokrajhar,Marriage and Fertility,19,Women age 15-19 years who were already mothers or pregnant at the time of the survey (%),9.7,11.3,False,False
Assam,Kokrajhar,Marriage and Fertility,20,Any method2 (%),60.1,72.3,False,False
Assam,Kokrajhar,Marriage and Fertility,21,Any modern method2 (%),43.4,58.0,False,False
Assam,Kokrajhar,Marriage and Fertility,22,Any traditional method (%),16.7,14.3,False,False
Assam,Kokrajhar,Marriage and Fertility,23,Female sterilization (%),2.2,6.0,False,False
Assam,Kokrajhar,Marriage and Fertility,24,Male sterilization (%),0.0,0.1,False,False
Assam,Kokrajhar,Marriage and Fertility,25,Total unmet need3 (%),11.5,10.0,False,False
Assam,Kokrajhar,Marriage and Fertility,26,Unmet need for spacing3 (%),6.8,3.7,False,False
Assam,Kokrajhar,Marriage and Fertility,27,Unmet need for limiting3 (%),4.7,6.3,False,False
Assam,Kokrajhar,Antenatal Care (for last birth in the 5 years before the survey),28,Mothers who had an antenatal check-up in the first trimester (%),59.7,67.0,False,False
Assam,Kokrajhar,Antenatal Care (for last birth in the 5 years before the survey),29,Mothers who had any antenatal care visits (%),92.1,96.2,False,False
Assam,Kokrajhar,Antenatal Care (for last birth in the 5 years before the survey),30,Mothers who had at least 4 antenatal care visits (%),54.9,36.9,False,False
Assam,Kokrajhar,Antenatal Care (for last birth in the 5 years before the survey),31,Mothers whose last birth was protected against neonatal tetanus4 (%),98.7,95.8,False,False
Assam,Kokrajhar,Antenatal Care (for last birth in the 5 years before the survey),32,Mothers who consumed iron folic acid for 100 days or more when they were pregnant (%),68.6,61.1,False,False
Assam,Kokrajhar,Antenatal Care (for last birth in the 5 years before the survey),33,Mothers who consumed iron folic acid for 180 days or more when they were pregnant (%),45.6,26.4,False,False
Assam,Kokrajhar,Antenatal Care (for last birth in the 5 years before the survey),34,Registered pregnancies for which the mother received a Mother and Child Protection (MCP) card (%),96.6,98.4,False,False
Assam,Kokrajhar,Delivery Care (for births in the 5 years before the survey),35,Institutional births (%),78.1,81.9,False,False
Assam,Kokrajhar,Delivery Care (for births in the 5 years before the survey),36,Institutional births in public facility (%),69.4,76.8,False,False
Assam,Kokrajhar,Delivery Care (for births in the 5 years before the survey),37,Births attended by skilled health personnel5 (%),71.9,82.0,False,False
Assam,Kokrajhar,Delivery Care (for births in the 5 years before the survey),38,Births delivered by caesarean section (%),17.1,12.0,False,False
Assam,Kokrajhar,Delivery Care (for births in the 5 years before the survey),39,Births in a private health facility that were delivered by caesarean section (%),*,*,True,False
Assam,Kokrajhar,Delivery Care (for births in the 5 years before the survey),40,Births in a public health facility that were delivered by caesarean section (%),15.4,12.2,False,False
Assam,Kokrajhar,Postnatal Care (for last birth in the 5 years before the survey),41,Mothers who received postnatal care from a doctor/nurse/LHV/ANM/midwife/other health personnel within 2,72.1,68.3,False,False
Assam,Kokrajhar,Postnatal Care (for last birth in the 5 years before the survey),42,Children born at home who were taken to a health facility for a check-up within 24 hours of birth (%),7.3,1.9,True,False
Assam,Kokrajhar,Postnatal Care (for last birth in the 5 years before the survey),43,Children who received postnatal care from a doctor/nurse/LHV/ANM/midwife/other health personnel within 2,70.5,65.5,False,False
Assam,Kokrajhar,Child Vaccinations and Vitamin A Supplementation,44,Children age 12-23 months fully vaccinated based on information from either vaccination card or mother's,83.9,51.1,False,False
Assam,Kokrajhar,Child Vaccinations and Vitamin A Supplementation,45,Children age 12-23 months fully vaccinated based on information from vaccination card only7 (%),92.0,52.6,True,False
Assam,Kokrajhar,Child Vaccinations and Vitamin A Supplementation,46,Children age 12-23 months who have received any vaccine (%),89.1,95.3,False,False
Assam,Kokrajhar,Child Vaccinations and Vitamin A Supplementation,47,Children age 12-23 months who have received BCG (%),89.1,95.3,False,False
Assam,Kokrajhar,Child Vaccinations and Vitamin A Supplementation,48,Children age 12-23 months who have received 3 doses of polio vaccine8 (%),83.9,59.9,False,False
Assam,Kokrajhar,Child Vaccinations and Vitamin A Supplementation,49,Children age 12-23 months who have received 3 doses of pentavalent vaccine (%),85.2,76.2,False,False
Assam,Kokrajhar,Child Vaccinations and Vitamin A Supplementation,50,Children age 12-23 months who have received the first dose of measles-containing vaccine (MCV) (%),85.2,79.5,False,False
Assam,Kokrajhar,Child Vaccinations and Vitamin A Supplementation,51,Children age 24-35 months who have received a second dose of measles-containing vaccine (MCV) (%),41.7,26.5,False,False
Assam,Kokrajhar,Child Vaccinations and Vitamin A Supplementation,52,Children age 12-23 months who have received birth dose of hepatitis B vaccine (%),63.5,61.9,False,False
Assam,Kokrajhar,Child Vaccinations and Vitamin A Supplementation,53,Children age 12-23 months who have received 3 doses of rotavirus vaccine (%),83.2,37.8,False,False
Assam,Kokrajhar,Child Vaccinations and Vitamin A Supplementation,54,Children age 9-35 months who received a vitamin A dose in the last 6 months (%),66.8,52.6,False,False
Assam,Kokrajhar,Child Vaccinations and Vitamin A Supplementation,55,Children age 12-23 months who received most of their vaccinations in a public health facility (%),78.8,96.4,True,False
Assam,Kokrajhar,Child Vaccinations and Vitamin A Supplementation,56,Children age 12-23 months who received most of their vaccinations in a private health facility (%),2.0,0.0,True,False
Assam,Kokrajhar,Treatment of Childhood Diseases (children under age 5 years),57,Prevalence of diarrhoea in the 2 weeks preceding the survey (%),1.2,3.4,False,False
Assam,Kokrajhar,Treatment of Childhood Diseases (children under age 5 years),58,Prevalence of symptoms of acute respiratory infection (ARI) in the 2 weeks preceding the survey (%),0.0,3.8,False,False
Assam,Kokrajhar,Treatment of Childhood Diseases (children under age 5 years),59,Children with fever or symptoms of ARI in the 2 weeks preceding the survey taken to a health facility or,*,36.6,True,False
Assam,Kokrajhar,Child Feeding Practices and Nutritional Status of Children,60,Children under age 3 years breastfed within one hour of birth9 (%),52.4,56.4,False,False
Assam,Kokrajhar,Child Feeding Practices and Nutritional Status of Children,61,Children under age 6 months exclusively breastfed10 (%),*,*,True,False
Assam,Kokrajhar,Child Feeding Practices and Nutritional Status of Children,62,Children under age 6 months currently breastfeeding10 (%),*,*,True,False
Assam,Kokrajhar,Child Feeding Practices and Nutritional Status of Children,63,Children under age 6 months exclusively breastfed or breastfeeding and consuming plain water/other,*,*,True,False
Assam,Kokrajhar,Child Feeding Practices and Nutritional Status of Children,64,Children age 6-8 months receiving solid or semi-solid food and breastmilk10 (%),*,*,True,False
Assam,Kokrajhar,Child Feeding Practices and Nutritional Status of Children,65,"Breastfeeding children age 6-23 months receiving an adequate diet10, 11 (%)",17.5,10.9,False,False
Assam,Kokrajhar,Child Feeding Practices and Nutritional Status of Children,66,"Non-breastfeeding children age 6-23 months receiving an adequate diet10, 11 (%)",*,*,True,False
Assam,Kokrajhar,Child Feeding Practices and Nutritional Status of Children,67,"Total children age 6-23 months receiving an adequate diet10, 11 (%)",18.3,10.0,False,False
Assam,Kokrajhar,Child Feeding Practices and Nutritional Status of Children,68,Children under 5 years who are stunted (height-for-age)12 (%),25.3,34.6,False,False
Assam,Kokrajhar,Child Feeding Practices and Nutritional Status of Children,69,Children under 5 years who are wasted (weight-for-height)12 (%),21.4,20.5,False,False
Assam,Kokrajhar,Child Feeding Practices and Nutritional Status of Children,70,Children under 5 years who are severely wasted (weight-for-height)13 (%),7.5,8.9,False,False
Assam,Kokrajhar,Child Feeding Practices and Nutritional Status of Children,71,Children under 5 years who are underweight (weight-for-age)12 (%),27.6,35.2,False,False
Assam,Kokrajhar,Child Feeding Practices and Nutritional Status of Children,72,Children under 5 years who are overweight (weight-for-height)14 (%),3.0,4.3,False,False
Assam,Kokrajhar,Nutritional Status of Adults (age 15-49 years),73,Women whose Body Mass Index (BMI) is below normal (BMI <18.5 kg/m2)15 (%),11.4,10.6,False,False
Assam,Kokrajhar,Nutritional Status of Adults (age 15-49 years),74,Women who are overweight or obese (BMI ≥25.0 kg/m2)15 (%),20.3,13.7,False,False
Assam,Kokrajhar,Women,75,Blood sugar level - high (141-160 mg/dl)16 (%),7.7,5.9,False,False
Assam,Kokrajhar,Women,76,Blood sugar level - very high (>160 mg/dl)16 (%),4.3,2.9,False,False
Assam,Kokrajhar,Women,77,Blood sugar level - high or very high (>140 mg/dl) or taking medicine to control blood sugar level16 (%),12.2,10.1,False,False
Assam,Kokrajhar,Men,78,Blood sugar level - high (141-160 mg/dl)16 (%),7.3,8.1,False,False
Assam,Kokrajhar,Men,79,Blood sugar level - very high (>160 mg/dl)16 (%),7.4,4.1,False,False
Assam,Kokrajhar,Men,80,Blood sugar level - high or very high (>140 mg/dl) or taking medicine to control blood sugar level16 (%),14.8,13.2,False,False
Assam,Kokrajhar,Women,81,Mildly elevated blood pressure (Systolic 140-159 mm of Hg and/or Diastolic 90-99 mm of Hg) (%),9.7,11.3,False,False
Assam,Kokrajhar,Women,82,Moderately or severely elevated blood pressure (Systolic ≥160 mm of Hg and/or Diastolic ≥100 mm,6.3,5.3,False,False
Assam,Kokrajhar,Women,83,Elevated blood pressure (Systolic ≥140 mm of Hg and/or Diastolic ≥90 mm of Hg) or taking medicine to,17.0,17.8,False,False
Assam,Kokrajhar,Men,84,Mildly elevated blood pressure (Systolic 140-159 mm of Hg and/or Diastolic 90-99 mm of Hg) (%),13.7,13.1,False,False
Assam,Kokrajhar,Men,85,Moderately or severely elevated blood pressure (Systolic ≥160 mm of Hg and/or Diastolic ≥100 mm,5.2,4.8,False,False
Assam,Kokrajhar,Men,86,Elevated blood pressure (Systolic ≥140 mm of Hg and/or Diastolic ≥90 mm of Hg) or taking medicine to,20.0,19.4,False,False
Assam,Kokrajhar,Men,87,Women having a bank or savings account that they themselves use (%),87.9,73.8,False,False
Assam,Kokrajhar,Men,88,Women having a mobile phone that they themselves use (%),73.2,55.4,False,False
Assam,Kokrajhar,Men,89,Women age 15-24 years who use hygienic methods of protection during their menstrual period17 (%),60.0,72.6,False,False
Assam,Kokrajhar,Tobacco Use and Alcohol Consumption among Adults (age 15 years and above),90,Women age 15 years and above who use any kind of tobacco (%),17.9,25.7,False,False
Assam,Kokrajhar,Tobacco Use and Alcohol Consumption among Adults (age 15 years and above),91,Men age 15 years and above who use any kind of tobacco (%),46.1,55.5,False,False
Assam,Kokrajhar,Tobacco Use and Alcohol Consumption among Adults (age 15 years and above),92,Women age 15 years and above who consume alcohol (%),16.7,12.3,False,False
Assam,Kokrajhar,Tobacco Use and Alcohol Consumption among Adults (age 15 years and above),93,Men age 15 years and above who consume alcohol (%),35.3,31.3,False,False
Assam,Lakhimpur,Population and Household Profile,1,Population below age 5 years (%),6.3,7.5,False,False
Assam,Lakhimpur,Population and Household Profile,2,Population below age 15 years (%),25.7,28.1,False,False
Assam,Lakhimpur,Population and Household Profile,3,Population age 60 years and above (%),12.2,9.9,False,False
Assam,Lakhimpur,Population and Household Profile,4,Population living in households with electricity (%),99.3,97.2,False,False
Assam,Lakhimpur,Population and Household Profile,5,Population living in households with an improved drinking-water source1 (%),92.6,81.2,False,False
Assam,Lakhimpur,Population and Household Profile,6,Households using iodized salt (%),99.6,99.9,False,False
Assam,Lakhimpur,Population and Household Profile,7,Households with any usual member covered under a health insurance/financing scheme (%),77.0,72.2,False,False
Assam,Lakhimpur,Population and Household Profile,8,Households with any usual member having a bank account/post office account (%),98.3,96.3,False,False
Assam,Lakhimpur,Population and Household Profile,9,Female population age 6 years and above who ever attended school (%),81.8,83.2,False,False
Assam,Lakhimpur,Population and Household Profile,10,Households with any usual female members owning a house and/or land (alone or jointly with others) (%),8.5,6.7,False,False
Assam,Lakhimpur,Population and Household Profile,11,Children age 2-4 years who attended pre-school (%),65.3,41.2,False,False
Assam,Lakhimpur,Characteristics of Adults (age 15-49 years),12,Women with 10 or more years of schooling (%),51.8,42.1,False,False
Assam,Lakhimpur,Characteristics of Adults (age 15-49 years),13,Men with 10 or more years of schooling (%),56.9,44.5,False,False
Assam,Lakhimpur,Characteristics of Adults (age 15-49 years),14,Women who have ever used the internet (%),65.8,41.9,False,False
Assam,Lakhimpur,Characteristics of Adults (age 15-49 years),15,Men who have ever used the internet (%),85.0,49.3,False,False
Assam,Lakhimpur,Marriage and Fertility,16,Women age 20-24 years married before age 18 years (%),22.8,36.3,False,False
Assam,Lakhimpur,Marriage and Fertility,17,Men age 25-29 years married before age 21 years (%),19.6,*,True,False
Assam,Lakhimpur,Marriage and Fertility,18,Three or more births in the 5 years preceding the survey (%),0.4,1.1,False,False
Assam,Lakhimpur,Marriage and Fertility,19,Women age 15-19 years who were already mothers or pregnant at the time of the survey (%),6.0,8.2,False,False
Assam,Lakhimpur,Marriage and Fertility,20,Any method2 (%),80.0,67.1,False,False
Assam,Lakhimpur,Marriage and Fertility,21,Any modern method2 (%),55.1,43.6,False,False
Assam,Lakhimpur,Marriage and Fertility,22,Any traditional method (%),24.9,23.5,False,False
Assam,Lakhimpur,Marriage and Fertility,23,Female sterilization (%),9.6,10.8,False,False
Assam,Lakhimpur,Marriage and Fertility,24,Male sterilization (%),0.0,0.0,False,False
Assam,Lakhimpur,Marriage and Fertility,25,Total unmet need3 (%),5.3,9.8,False,False
Assam,Lakhimpur,Marriage and Fertility,26,Unmet need for spacing3 (%),2.9,4.5,False,False
Assam,Lakhimpur,Marriage and Fertility,27,Unmet need for limiting3 (%),2.4,5.3,False,False
Assam,Lakhimpur,Antenatal Care (for last birth in the 5 years before the survey),28,Mothers who had an antenatal check-up in the first trimester (%),68.3,61.0,False,False
Assam,Lakhimpur,Antenatal Care (for last birth in the 5 years before the survey),29,Mothers who had any antenatal care visits (%),99.1,92.7,False,False
Assam,Lakhimpur,Antenatal Care (for last birth in the 5 years before the survey),30,Mothers who had at least 4 antenatal care visits (%),61.1,51.7,False,False
Assam,Lakhimpur,Antenatal Care (for last birth in the 5 years before the survey),31,Mothers whose last birth was protected against neonatal tetanus4 (%),98.6,97.3,False,False
Assam,Lakhimpur,Antenatal Care (for last birth in the 5 years before the survey),32,Mothers who consumed iron folic acid for 100 days or more when they were pregnant (%),89.5,42.2,False,False
Assam,Lakhimpur,Antenatal Care (for last birth in the 5 years before the survey),33,Mothers who consumed iron folic acid for 180 days or more when they were pregnant (%),58.1,14.9,False,False
Assam,Lakhimpur,Antenatal Care (for last birth in the 5 years before the survey),34,Registered pregnancies for which the mother received a Mother and Child Protection (MCP) card (%),98.5,99.6,False,False
Assam,Lakhimpur,Delivery Care (for births in the 5 years before the survey),35,Institutional births (%),95.0,96.2,False,False
Assam,Lakhimpur,Delivery Care (for births in the 5 years before the survey),36,Institutional births in public facility (%),85.7,91.6,False,False
Assam,Lakhimpur,Delivery Care (for births in the 5 years before the survey),37,Births attended by skilled health personnel5 (%),95.5,96.8,False,False
Assam,Lakhimpur,Delivery Care (for births in the 5 years before the survey),38,Births delivered by caesarean section (%),20.3,22.7,False,False
Assam,Lakhimpur,Delivery Care (for births in the 5 years before the survey),39,Births in a private health facility that were delivered by caesarean section (%),*,*,True,False
Assam,Lakhimpur,Delivery Care (for births in the 5 years before the survey),40,Births in a public health facility that were delivered by caesarean section (%),14.1,19.9,False,False
Assam,Lakhimpur,Postnatal Care (for last birth in the 5 years before the survey),41,Mothers who received postnatal care from a doctor/nurse/LHV/ANM/midwife/other health personnel within 2,74.3,67.7,False,False
Assam,Lakhimpur,Postnatal Care (for last birth in the 5 years before the survey),42,Children born at home who were taken to a health facility for a check-up within 24 hours of birth (%),*,*,True,False
Assam,Lakhimpur,Postnatal Care (for last birth in the 5 years before the survey),43,Children who received postnatal care from a doctor/nurse/LHV/ANM/midwife/other health personnel within 2,72.5,77.0,False,False
Assam,Lakhimpur,Child Vaccinations and Vitamin A Supplementation,44,Children age 12-23 months fully vaccinated based on information from either vaccination card or mother's,87.2,69.0,True,False
Assam,Lakhimpur,Child Vaccinations and Vitamin A Supplementation,45,Children age 12-23 months fully vaccinated based on information from vaccination card only7 (%),97.0,72.4,True,False
Assam,Lakhimpur,Child Vaccinations and Vitamin A Supplementation,46,Children age 12-23 months who have received any vaccine (%),91.0,96.3,True,False
Assam,Lakhimpur,Child Vaccinations and Vitamin A Supplementation,47,Children age 12-23 months who have received BCG (%),91.0,94.5,True,False
Assam,Lakhimpur,Child Vaccinations and Vitamin A Supplementation,48,Children age 12-23 months who have received 3 doses of polio vaccine8 (%),87.2,74.3,True,False
Assam,Lakhimpur,Child Vaccinations and Vitamin A Supplementation,49,Children age 12-23 months who have received 3 doses of pentavalent vaccine (%),89.9,87.7,True,False
Assam,Lakhimpur,Child Vaccinations and Vitamin A Supplementation,50,Children age 12-23 months who have received the first dose of measles-containing vaccine (MCV) (%),91.0,86.3,True,False
Assam,Lakhimpur,Child Vaccinations and Vitamin A Supplementation,51,Children age 24-35 months who have received a second dose of measles-containing vaccine (MCV) (%),63.0,58.6,True,False
Assam,Lakhimpur,Child Vaccinations and Vitamin A Supplementation,52,Children age 12-23 months who have received birth dose of hepatitis B vaccine (%),79.0,46.2,True,False
Assam,Lakhimpur,Child Vaccinations and Vitamin A Supplementation,53,Children age 12-23 months who have received 3 doses of rotavirus vaccine (%),89.9,53.3,True,False
Assam,Lakhimpur,Child Vaccinations and Vitamin A Supplementation,54,Children age 9-35 months who received a vitamin A dose in the last 6 months (%),75.0,65.0,False,False
Assam,Lakhimpur,Child Vaccinations and Vitamin A Supplementation,55,Children age 12-23 months who received most of their vaccinations in a public health facility (%),100.0,100.0,True,False
Assam,Lakhimpur,Child Vaccinations and Vitamin A Supplementation,56,Children age 12-23 months who received most of their vaccinations in a private health facility (%),0.0,0.0,True,False
Assam,Lakhimpur,Treatment of Childhood Diseases (children under age 5 years),57,Prevalence of diarrhoea in the 2 weeks preceding the survey (%),1.7,3.7,False,False
Assam,Lakhimpur,Treatment of Childhood Diseases (children under age 5 years),58,Prevalence of symptoms of acute respiratory infection (ARI) in the 2 weeks preceding the survey (%),0.4,3.9,False,False
Assam,Lakhimpur,Treatment of Childhood Diseases (children under age 5 years),59,Children with fever or symptoms of ARI in the 2 weeks preceding the survey taken to a health facility or,*,48.0,True,False
Assam,Lakhimpur,Child Feeding Practices and Nutritional Status of Children,60,Children under age 3 years breastfed within one hour of birth9 (%),57.5,59.0,False,False
Assam,Lakhimpur,Child Feeding Practices and Nutritional Status of Children,61,Children under age 6 months exclusively breastfed10 (%),56.6,80.9,True,False
Assam,Lakhimpur,Child Feeding Practices and Nutritional Status of Children,62,Children under age 6 months currently breastfeeding10 (%),100.0,100.0,True,False
Assam,Lakhimpur,Child Feeding Practices and Nutritional Status of Children,63,Children under age 6 months exclusively breastfed or breastfeeding and consuming plain water/other,74.5,96.2,True,False
Assam,Lakhimpur,Child Feeding Practices and Nutritional Status of Children,64,Children age 6-8 months receiving solid or semi-solid food and breastmilk10 (%),*,*,True,False
Assam,Lakhimpur,Child Feeding Practices and Nutritional Status of Children,65,"Breastfeeding children age 6-23 months receiving an adequate diet10, 11 (%)",24.2,8.2,False,False
Assam,Lakhimpur,Child Feeding Practices and Nutritional Status of Children,66,"Non-breastfeeding children age 6-23 months receiving an adequate diet10, 11 (%)",*,*,True,False
Assam,Lakhimpur,Child Feeding Practices and Nutritional Status of Children,67,"Total children age 6-23 months receiving an adequate diet10, 11 (%)",24.0,7.9,False,False
Assam,Lakhimpur,Child Feeding Practices and Nutritional Status of Children,68,Children under 5 years who are stunted (height-for-age)12 (%),29.3,38.5,False,False
Assam,Lakhimpur,Child Feeding Practices and Nutritional Status of Children,69,Children under 5 years who are wasted (weight-for-height)12 (%),14.8,18.2,False,False
Assam,Lakhimpur,Child Feeding Practices and Nutritional Status of Children,70,Children under 5 years who are severely wasted (weight-for-height)13 (%),7.3,7.5,False,False
Assam,Lakhimpur,Child Feeding Practices and Nutritional Status of Children,71,Children under 5 years who are underweight (weight-for-age)12 (%),20.0,34.4,False,False
Assam,Lakhimpur,Child Feeding Practices and Nutritional Status of Children,72,Children under 5 years who are overweight (weight-for-height)14 (%),4.6,2.3,False,False
Assam,Lakhimpur,Nutritional Status of Adults (age 15-49 years),73,Women whose Body Mass Index (BMI) is below normal (BMI <18.5 kg/m2)15 (%),7.8,17.3,False,False
Assam,Lakhimpur,Nutritional Status of Adults (age 15-49 years),74,Women who are overweight or obese (BMI ≥25.0 kg/m2)15 (%),15.5,12.4,False,False
Assam,Lakhimpur,Women,75,Blood sugar level - high (141-160 mg/dl)16 (%),6.1,5.0,False,False
Assam,Lakhimpur,Women,76,Blood sugar level - very high (>160 mg/dl)16 (%),4.7,3.5,False,False
Assam,Lakhimpur,Women,77,Blood sugar level - high or very high (>140 mg/dl) or taking medicine to control blood sugar level16 (%),11.5,9.3,False,False
Assam,Lakhimpur,Men,78,Blood sugar level - high (141-160 mg/dl)16 (%),6.5,5.1,False,False
Assam,Lakhimpur,Men,79,Blood sugar level - very high (>160 mg/dl)16 (%),7.1,3.4,False,False
Assam,Lakhimpur,Men,80,Blood sugar level - high or very high (>140 mg/dl) or taking medicine to control blood sugar level16 (%),14.5,9.4,False,False
Assam,Lakhimpur,Women,81,Mildly elevated blood pressure (Systolic 140-159 mm of Hg and/or Diastolic 90-99 mm of Hg) (%),12.0,13.0,False,False
Assam,Lakhimpur,Women,82,Moderately or severely elevated blood pressure (Systolic ≥160 mm of Hg and/or Diastolic ≥100 mm,5.8,4.4,False,False
Assam,Lakhimpur,Women,83,Elevated blood pressure (Systolic ≥140 mm of Hg and/or Diastolic ≥90 mm of Hg) or taking medicine to,19.7,20.8,False,False
Assam,Lakhimpur,Men,84,Mildly elevated blood pressure (Systolic 140-159 mm of Hg and/or Diastolic 90-99 mm of Hg) (%),14.6,15.9,False,False
Assam,Lakhimpur,Men,85,Moderately or severely elevated blood pressure (Systolic ≥160 mm of Hg and/or Diastolic ≥100 mm,4.8,5.3,False,False
Assam,Lakhimpur,Men,86,Elevated blood pressure (Systolic ≥140 mm of Hg and/or Diastolic ≥90 mm of Hg) or taking medicine to,21.5,25.0,False,False
Assam,Lakhimpur,Men,87,Women having a bank or savings account that they themselves use (%),94.9,85.3,False,False
Assam,Lakhimpur,Men,88,Women having a mobile phone that they themselves use (%),80.7,61.5,False,False
Assam,Lakhimpur,Men,89,Women age 15-24 years who use hygienic methods of protection during their menstrual period17 (%),74.9,79.7,False,False
Assam,Lakhimpur,Tobacco Use and Alcohol Consumption among Adults (age 15 years and above),90,Women age 15 years and above who use any kind of tobacco (%),16.3,27.2,False,False
Assam,Lakhimpur,Tobacco Use and Alcohol Consumption among Adults (age 15 years and above),91,Men age 15 years and above who use any kind of tobacco (%),47.9,55.8,False,False
Assam,Lakhimpur,Tobacco Use and Alcohol Consumption among Adults (age 15 years and above),92,Women age 15 years and above who consume alcohol (%),18.4,15.5,False,False
Assam,Lakhimpur,Tobacco Use and Alcohol Consumption among Adults (age 15 years and above),93,Men age 15 years and above who consume alcohol (%),42.0,39.9,False,False
Assam,Majuli,Population and Household Profile,1,Population below age 5 years (%),6.1,7.2,False,False
Assam,Majuli,Population and Household Profile,2,Population below age 15 years (%),23.2,26.2,False,False
Assam,Majuli,Population and Household Profile,3,Population age 60 years and above (%),13.7,12.3,False,False
Assam,Majuli,Population and Household Profile,4,Population living in households with electricity (%),97.7,93.5,False,False
Assam,Majuli,Population and Household Profile,5,Population living in households with an improved drinking-water source1 (%),99.5,98.6,False,False
Assam,Majuli,Population and Household Profile,6,Households using iodized salt (%),99.5,99.8,False,False
Assam,Majuli,Population and Household Profile,7,Households with any usual member covered under a health insurance/financing scheme (%),76.5,68.7,False,False
Assam,Majuli,Population and Household Profile,8,Households with any usual member having a bank account/post office account (%),99.2,95.0,False,False
Assam,Majuli,Population and Household Profile,9,Female population age 6 years and above who ever attended school (%),79.6,78.4,False,False
Assam,Majuli,Population and Household Profile,10,Households with any usual female members owning a house and/or land (alone or jointly with others) (%),7.7,7.5,False,False
Assam,Majuli,Population and Household Profile,11,Children age 2-4 years who attended pre-school (%),54.9,58.5,False,False
Assam,Majuli,Characteristics of Adults (age 15-49 years),12,Women with 10 or more years of schooling (%),51.6,41.7,False,False
Assam,Majuli,Characteristics of Adults (age 15-49 years),13,Men with 10 or more years of schooling (%),64.5,53.3,False,False
Assam,Majuli,Characteristics of Adults (age 15-49 years),14,Women who have ever used the internet (%),66.6,27.8,False,False
Assam,Majuli,Characteristics of Adults (age 15-49 years),15,Men who have ever used the internet (%),65.5,49.7,False,False
Assam,Majuli,Marriage and Fertility,16,Women age 20-24 years married before age 18 years (%),16.7,25.5,False,False
Assam,Majuli,Marriage and Fertility,17,Men age 25-29 years married before age 21 years (%),*,*,True,False
Assam,Majuli,Marriage and Fertility,18,Three or more births in the 5 years preceding the survey (%),0.0,1.0,False,False
Assam,Majuli,Marriage and Fertility,19,Women age 15-19 years who were already mothers or pregnant at the time of the survey (%),7.3,10.4,False,False
Assam,Majuli,Marriage and Fertility,20,Any method2 (%),77.5,63.7,False,False
Assam,Majuli,Marriage and Fertility,21,Any modern method2 (%),50.6,31.3,False,False
Assam,Majuli,Marriage and Fertility,22,Any traditional method (%),26.9,32.4,False,False
Assam,Majuli,Marriage and Fertility,23,Female sterilization (%),10.1,12.2,False,False
Assam,Majuli,Marriage and Fertility,24,Male sterilization (%),0.1,0.0,False,False
Assam,Majuli,Marriage and Fertility,25,Total unmet need3 (%),4.9,11.6,False,False
Assam,Majuli,Marriage and Fertility,26,Unmet need for spacing3 (%),3.7,4.7,False,False
Assam,Majuli,Marriage and Fertility,27,Unmet need for limiting3 (%),1.2,6.9,False,False
Assam,Majuli,Antenatal Care (for last birth in the 5 years before the survey),28,Mothers who had an antenatal check-up in the first trimester (%),66.3,76.1,False,False
Assam,Majuli,Antenatal Care (for last birth in the 5 years before the survey),29,Mothers who had any antenatal care visits (%),97.5,96.2,False,False
Assam,Majuli,Antenatal Care (for last birth in the 5 years before the survey),30,Mothers who had at least 4 antenatal care visits (%),58.2,72.2,False,False
Assam,Majuli,Antenatal Care (for last birth in the 5 years before the survey),31,Mothers whose last birth was protected against neonatal tetanus4 (%),98.8,97.2,False,False
Assam,Majuli,Antenatal Care (for last birth in the 5 years before the survey),32,Mothers who consumed iron folic acid for 100 days or more when they were pregnant (%),86.3,56.7,False,False
Assam,Majuli,Antenatal Care (for last birth in the 5 years before the survey),33,Mothers who consumed iron folic acid for 180 days or more when they were pregnant (%),51.5,13.7,False,False
Assam,Majuli,Antenatal Care (for last birth in the 5 years before the survey),34,Registered pregnancies for which the mother received a Mother and Child Protection (MCP) card (%),98.3,98.4,False,False
Assam,Majuli,Delivery Care (for births in the 5 years before the survey),35,Institutional births (%),98.3,90.3,False,False
Assam,Majuli,Delivery Care (for births in the 5 years before the survey),36,Institutional births in public facility (%),89.1,85.8,False,False
Assam,Majuli,Delivery Care (for births in the 5 years before the survey),37,Births attended by skilled health personnel5 (%),98.6,93.5,False,False
Assam,Majuli,Delivery Care (for births in the 5 years before the survey),38,Births delivered by caesarean section (%),30.2,22.5,False,False
Assam,Majuli,Delivery Care (for births in the 5 years before the survey),39,Births in a private health facility that were delivered by caesarean section (%),100.0,*,True,False
Assam,Majuli,Delivery Care (for births in the 5 years before the survey),40,Births in a public health facility that were delivered by caesarean section (%),23.5,21.9,False,False
Assam,Majuli,Postnatal Care (for last birth in the 5 years before the survey),41,Mothers who received postnatal care from a doctor/nurse/LHV/ANM/midwife/other health personnel within 2,79.2,73.5,False,False
Assam,Majuli,Postnatal Care (for last birth in the 5 years before the survey),42,Children born at home who were taken to a health facility for a check-up within 24 hours of birth (%),*,*,True,False
Assam,Majuli,Postnatal Care (for last birth in the 5 years before the survey),43,Children who received postnatal care from a doctor/nurse/LHV/ANM/midwife/other health personnel within 2,82.0,73.5,False,False
Assam,Majuli,Child Vaccinations and Vitamin A Supplementation,44,Children age 12-23 months fully vaccinated based on information from either vaccination card or mother's,83.9,78.6,True,False
Assam,Majuli,Child Vaccinations and Vitamin A Supplementation,45,Children age 12-23 months fully vaccinated based on information from vaccination card only7 (%),91.6,83.9,True,False
Assam,Majuli,Child Vaccinations and Vitamin A Supplementation,46,Children age 12-23 months who have received any vaccine (%),100.0,95.2,True,False
Assam,Majuli,Child Vaccinations and Vitamin A Supplementation,47,Children age 12-23 months who have received BCG (%),100.0,95.2,True,False
Assam,Majuli,Child Vaccinations and Vitamin A Supplementation,48,Children age 12-23 months who have received 3 doses of polio vaccine8 (%),83.9,84.3,True,False
Assam,Majuli,Child Vaccinations and Vitamin A Supplementation,49,Children age 12-23 months who have received 3 doses of pentavalent vaccine (%),96.8,86.4,True,False
Assam,Majuli,Child Vaccinations and Vitamin A Supplementation,50,Children age 12-23 months who have received the first dose of measles-containing vaccine (MCV) (%),96.8,90.9,True,False
Assam,Majuli,Child Vaccinations and Vitamin A Supplementation,51,Children age 24-35 months who have received a second dose of measles-containing vaccine (MCV) (%),91.4,35.9,False,False
Assam,Majuli,Child Vaccinations and Vitamin A Supplementation,52,Children age 12-23 months who have received birth dose of hepatitis B vaccine (%),83.6,57.2,True,False
Assam,Majuli,Child Vaccinations and Vitamin A Supplementation,53,Children age 12-23 months who have received 3 doses of rotavirus vaccine (%),94.7,55.6,True,False
Assam,Majuli,Child Vaccinations and Vitamin A Supplementation,54,Children age 9-35 months who received a vitamin A dose in the last 6 months (%),84.1,62.0,False,False
Assam,Majuli,Child Vaccinations and Vitamin A Supplementation,55,Children age 12-23 months who received most of their vaccinations in a public health facility (%),100.0,100.0,True,False
Assam,Majuli,Child Vaccinations and Vitamin A Supplementation,56,Children age 12-23 months who received most of their vaccinations in a private health facility (%),0.0,0.0,True,False
Assam,Majuli,Treatment of Childhood Diseases (children under age 5 years),57,Prevalence of diarrhoea in the 2 weeks preceding the survey (%),1.0,3.6,False,False
Assam,Majuli,Treatment of Childhood Diseases (children under age 5 years),58,Prevalence of symptoms of acute respiratory infection (ARI) in the 2 weeks preceding the survey (%),0.8,3.0,False,False
Assam,Majuli,Treatment of Childhood Diseases (children under age 5 years),59,Children with fever or symptoms of ARI in the 2 weeks preceding the survey taken to a health facility or,41.9,56.4,True,False
Assam,Majuli,Child Feeding Practices and Nutritional Status of Children,60,Children under age 3 years breastfed within one hour of birth9 (%),64.2,51.1,False,False
Assam,Majuli,Child Feeding Practices and Nutritional Status of Children,61,Children under age 6 months exclusively breastfed10 (%),*,*,True,False
Assam,Majuli,Child Feeding Practices and Nutritional Status of Children,62,Children under age 6 months currently breastfeeding10 (%),*,*,True,False
Assam,Majuli,Child Feeding Practices and Nutritional Status of Children,63,Children under age 6 months exclusively breastfed or breastfeeding and consuming plain water/other,*,*,True,False
Assam,Majuli,Child Feeding Practices and Nutritional Status of Children,64,Children age 6-8 months receiving solid or semi-solid food and breastmilk10 (%),*,*,True,False
Assam,Majuli,Child Feeding Practices and Nutritional Status of Children,65,"Breastfeeding children age 6-23 months receiving an adequate diet10, 11 (%)",15.1,14.9,False,False
Assam,Majuli,Child Feeding Practices and Nutritional Status of Children,66,"Non-breastfeeding children age 6-23 months receiving an adequate diet10, 11 (%)",*,*,True,False
Assam,Majuli,Child Feeding Practices and Nutritional Status of Children,67,"Total children age 6-23 months receiving an adequate diet10, 11 (%)",18.0,14.2,False,False
Assam,Majuli,Child Feeding Practices and Nutritional Status of Children,68,Children under 5 years who are stunted (height-for-age)12 (%),26.8,35.4,False,False
Assam,Majuli,Child Feeding Practices and Nutritional Status of Children,69,Children under 5 years who are wasted (weight-for-height)12 (%),15.8,14.1,False,False
Assam,Majuli,Child Feeding Practices and Nutritional Status of Children,70,Children under 5 years who are severely wasted (weight-for-height)13 (%),4.9,3.9,False,False
Assam,Majuli,Child Feeding Practices and Nutritional Status of Children,71,Children under 5 years who are underweight (weight-for-age)12 (%),18.0,22.2,False,False
Assam,Majuli,Child Feeding Practices and Nutritional Status of Children,72,Children under 5 years who are overweight (weight-for-height)14 (%),4.3,3.8,False,False
Assam,Majuli,Nutritional Status of Adults (age 15-49 years),73,Women whose Body Mass Index (BMI) is below normal (BMI <18.5 kg/m2)15 (%),12.9,18.0,False,False
Assam,Majuli,Nutritional Status of Adults (age 15-49 years),74,Women who are overweight or obese (BMI ≥25.0 kg/m2)15 (%),14.2,14.4,False,False
Assam,Majuli,Women,75,Blood sugar level - high (141-160 mg/dl)16 (%),5.7,6.8,False,False
Assam,Majuli,Women,76,Blood sugar level - very high (>160 mg/dl)16 (%),5.3,3.9,False,False
Assam,Majuli,Women,77,Blood sugar level - high or very high (>140 mg/dl) or taking medicine to control blood sugar level16 (%),11.7,11.1,False,False
Assam,Majuli,Men,78,Blood sugar level - high (141-160 mg/dl)16 (%),6.8,8.8,False,False
Assam,Majuli,Men,79,Blood sugar level - very high (>160 mg/dl)16 (%),5.7,5.3,False,False
Assam,Majuli,Men,80,Blood sugar level - high or very high (>140 mg/dl) or taking medicine to control blood sugar level16 (%),12.8,14.9,False,False
Assam,Majuli,Women,81,Mildly elevated blood pressure (Systolic 140-159 mm of Hg and/or Diastolic 90-99 mm of Hg) (%),12.9,10.9,False,False
Assam,Majuli,Women,82,Moderately or severely elevated blood pressure (Systolic ≥160 mm of Hg and/or Diastolic ≥100 mm,6.1,6.2,False,False
Assam,Majuli,Women,83,Elevated blood pressure (Systolic ≥140 mm of Hg and/or Diastolic ≥90 mm of Hg) or taking medicine to,21.2,19.7,False,False
Assam,Majuli,Men,84,Mildly elevated blood pressure (Systolic 140-159 mm of Hg and/or Diastolic 90-99 mm of Hg) (%),16.6,14.8,False,False
Assam,Majuli,Men,85,Moderately or severely elevated blood pressure (Systolic ≥160 mm of Hg and/or Diastolic ≥100 mm,4.8,6.0,False,False
Assam,Majuli,Men,86,Elevated blood pressure (Systolic ≥140 mm of Hg and/or Diastolic ≥90 mm of Hg) or taking medicine to,23.8,23.3,False,False
Assam,Majuli,Men,87,Women having a bank or savings account that they themselves use (%),95.1,68.3,False,False
Assam,Majuli,Men,88,Women having a mobile phone that they themselves use (%),71.6,58.5,False,False
Assam,Majuli,Men,89,Women age 15-24 years who use hygienic methods of protection during their menstrual period17 (%),75.3,75.4,False,False
Assam,Majuli,Tobacco Use and Alcohol Consumption among Adults (age 15 years and above),90,Women age 15 years and above who use any kind of tobacco (%),16.5,26.6,False,False
Assam,Majuli,Tobacco Use and Alcohol Consumption among Adults (age 15 years and above),91,Men age 15 years and above who use any kind of tobacco (%),44.4,54.7,False,False
Assam,Majuli,Tobacco Use and Alcohol Consumption among Adults (age 15 years and above),92,Women age 15 years and above who consume alcohol (%),26.8,32.1,False,False
Assam,Majuli,Tobacco Use and Alcohol Consumption among Adults (age 15 years and above),93,Men age 15 years and above who consume alcohol (%),40.8,45.4,False,False
Assam,Marigaon,Population and Household Profile,1,Population below age 5 years (%),10.2,9.2,False,False
Assam,Marigaon,Population and Household Profile,2,Population below age 15 years (%),29.8,32.1,False,False
Assam,Marigaon,Population and Household Profile,3,Population age 60 years and above (%),9.5,7.6,False,False
Assam,Marigaon,Population and Household Profile,4,Population living in households with electricity (%),95.4,89.5,False,False
Assam,Marigaon,Population and Household Profile,5,Population living in households with an improved drinking-water source1 (%),97.9,94.6,False,False
Assam,Marigaon,Population and Household Profile,6,Households using iodized salt (%),87.4,97.0,False,False
Assam,Marigaon,Population and Household Profile,7,Households with any usual member covered under a health insurance/financing scheme (%),72.8,70.0,False,False
Assam,Marigaon,Population and Household Profile,8,Households with any usual member having a bank account/post office account (%),97.7,97.2,False,False
Assam,Marigaon,Population and Household Profile,9,Female population age 6 years and above who ever attended school (%),80.3,79.1,False,False
Assam,Marigaon,Population and Household Profile,10,Households with any usual female members owning a house and/or land (alone or jointly with others) (%),12.1,7.8,False,False
Assam,Marigaon,Population and Household Profile,11,Children age 2-4 years who attended pre-school (%),59.5,47.9,False,False
Assam,Marigaon,Characteristics of Adults (age 15-49 years),12,Women with 10 or more years of schooling (%),31.4,24.5,False,False
Assam,Marigaon,Characteristics of Adults (age 15-49 years),13,Men with 10 or more years of schooling (%),32.4,29.0,False,False
Assam,Marigaon,Characteristics of Adults (age 15-49 years),14,Women who have ever used the internet (%),57.1,28.3,False,False
Assam,Marigaon,Characteristics of Adults (age 15-49 years),15,Men who have ever used the internet (%),67.0,38.1,False,False
Assam,Marigaon,Marriage and Fertility,16,Women age 20-24 years married before age 18 years (%),38.1,39.1,False,False
Assam,Marigaon,Marriage and Fertility,17,Men age 25-29 years married before age 21 years (%),*,*,True,False
Assam,Marigaon,Marriage and Fertility,18,Three or more births in the 5 years preceding the survey (%),0.3,1.7,False,False
Assam,Marigaon,Marriage and Fertility,19,Women age 15-19 years who were already mothers or pregnant at the time of the survey (%),15.5,11.6,False,False
Assam,Marigaon,Marriage and Fertility,20,Any method2 (%),67.1,70.6,False,False
Assam,Marigaon,Marriage and Fertility,21,Any modern method2 (%),48.6,56.7,False,False
Assam,Marigaon,Marriage and Fertility,22,Any traditional method (%),18.5,13.9,False,False
Assam,Marigaon,Marriage and Fertility,23,Female sterilization (%),5.5,6.0,False,False
Assam,Marigaon,Marriage and Fertility,24,Male sterilization (%),0.4,0.1,False,False
Assam,Marigaon,Marriage and Fertility,25,Total unmet need3 (%),14.5,6.5,False,False
Assam,Marigaon,Marriage and Fertility,26,Unmet need for spacing3 (%),7.2,1.9,False,False
Assam,Marigaon,Marriage and Fertility,27,Unmet need for limiting3 (%),7.3,4.6,False,False
Assam,Marigaon,Antenatal Care (for last birth in the 5 years before the survey),28,Mothers who had an antenatal check-up in the first trimester (%),77.2,64.0,False,False
Assam,Marigaon,Antenatal Care (for last birth in the 5 years before the survey),29,Mothers who had any antenatal care visits (%),89.4,96.4,False,False
Assam,Marigaon,Antenatal Care (for last birth in the 5 years before the survey),30,Mothers who had at least 4 antenatal care visits (%),61.2,42.0,False,False
Assam,Marigaon,Antenatal Care (for last birth in the 5 years before the survey),31,Mothers whose last birth was protected against neonatal tetanus4 (%),97.5,94.8,False,False
Assam,Marigaon,Antenatal Care (for last birth in the 5 years before the survey),32,Mothers who consumed iron folic acid for 100 days or more when they were pregnant (%),72.5,53.4,False,False
Assam,Marigaon,Antenatal Care (for last birth in the 5 years before the survey),33,Mothers who consumed iron folic acid for 180 days or more when they were pregnant (%),55.9,18.4,False,False
Assam,Marigaon,Antenatal Care (for last birth in the 5 years before the survey),34,Registered pregnancies for which the mother received a Mother and Child Protection (MCP) card (%),99.5,98.7,False,False
Assam,Marigaon,Delivery Care (for births in the 5 years before the survey),35,Institutional births (%),88.0,88.3,False,False
Assam,Marigaon,Delivery Care (for births in the 5 years before the survey),36,Institutional births in public facility (%),75.2,82.8,False,False
Assam,Marigaon,Delivery Care (for births in the 5 years before the survey),37,Births attended by skilled health personnel5 (%),89.9,90.0,False,False
Assam,Marigaon,Delivery Care (for births in the 5 years before the survey),38,Births delivered by caesarean section (%),22.2,12.3,False,False
Assam,Marigaon,Delivery Care (for births in the 5 years before the survey),39,Births in a private health facility that were delivered by caesarean section (%),90.5,*,True,False
Assam,Marigaon,Delivery Care (for births in the 5 years before the survey),40,Births in a public health facility that were delivered by caesarean section (%),14.2,10.8,False,False
Assam,Marigaon,Postnatal Care (for last birth in the 5 years before the survey),41,Mothers who received postnatal care from a doctor/nurse/LHV/ANM/midwife/other health personnel within 2,69.8,67.9,False,False
Assam,Marigaon,Postnatal Care (for last birth in the 5 years before the survey),42,Children born at home who were taken to a health facility for a check-up within 24 hours of birth (%),0.0,4.8,True,False
Assam,Marigaon,Postnatal Care (for last birth in the 5 years before the survey),43,Children who received postnatal care from a doctor/nurse/LHV/ANM/midwife/other health personnel within 2,74.8,72.6,False,False
Assam,Marigaon,Child Vaccinations and Vitamin A Supplementation,44,Children age 12-23 months fully vaccinated based on information from either vaccination card or mother's,83.3,73.4,False,False
Assam,Marigaon,Child Vaccinations and Vitamin A Supplementation,45,Children age 12-23 months fully vaccinated based on information from vaccination card only7 (%),93.8,82.9,False,False
Assam,Marigaon,Child Vaccinations and Vitamin A Supplementation,46,Children age 12-23 months who have received any vaccine (%),97.3,93.0,False,False
Assam,Marigaon,Child Vaccinations and Vitamin A Supplementation,47,Children age 12-23 months who have received BCG (%),93.9,91.3,False,False
Assam,Marigaon,Child Vaccinations and Vitamin A Supplementation,48,Children age 12-23 months who have received 3 doses of polio vaccine8 (%),86.7,77.0,False,False
Assam,Marigaon,Child Vaccinations and Vitamin A Supplementation,49,Children age 12-23 months who have received 3 doses of pentavalent vaccine (%),94.9,87.9,False,False
Assam,Marigaon,Child Vaccinations and Vitamin A Supplementation,50,Children age 12-23 months who have received the first dose of measles-containing vaccine (MCV) (%),96.4,87.0,False,False
Assam,Marigaon,Child Vaccinations and Vitamin A Supplementation,51,Children age 24-35 months who have received a second dose of measles-containing vaccine (MCV) (%),79.4,25.9,False,False
Assam,Marigaon,Child Vaccinations and Vitamin A Supplementation,52,Children age 12-23 months who have received birth dose of hepatitis B vaccine (%),60.0,57.3,False,False
Assam,Marigaon,Child Vaccinations and Vitamin A Supplementation,53,Children age 12-23 months who have received 3 doses of rotavirus vaccine (%),93.5,60.3,False,False
Assam,Marigaon,Child Vaccinations and Vitamin A Supplementation,54,Children age 9-35 months who received a vitamin A dose in the last 6 months (%),74.2,60.2,False,False
Assam,Marigaon,Child Vaccinations and Vitamin A Supplementation,55,Children age 12-23 months who received most of their vaccinations in a public health facility (%),98.1,98.6,False,False
Assam,Marigaon,Child Vaccinations and Vitamin A Supplementation,56,Children age 12-23 months who received most of their vaccinations in a private health facility (%),1.0,0.0,False,False
Assam,Marigaon,Treatment of Childhood Diseases (children under age 5 years),57,Prevalence of diarrhoea in the 2 weeks preceding the survey (%),1.1,5.4,False,False
Assam,Marigaon,Treatment of Childhood Diseases (children under age 5 years),58,Prevalence of symptoms of acute respiratory infection (ARI) in the 2 weeks preceding the survey (%),0.2,5.9,False,False
Assam,Marigaon,Treatment of Childhood Diseases (children under age 5 years),59,Children with fever or symptoms of ARI in the 2 weeks preceding the survey taken to a health facility or,38.3,51.6,False,False
Assam,Marigaon,Child Feeding Practices and Nutritional Status of Children,60,Children under age 3 years breastfed within one hour of birth9 (%),51.0,62.2,False,False
Assam,Marigaon,Child Feeding Practices and Nutritional Status of Children,61,Children under age 6 months exclusively breastfed10 (%),48.4,65.0,True,False
Assam,Marigaon,Child Feeding Practices and Nutritional Status of Children,62,Children under age 6 months currently breastfeeding10 (%),100.0,100.0,True,False
Assam,Marigaon,Child Feeding Practices and Nutritional Status of Children,63,Children under age 6 months exclusively breastfed or breastfeeding and consuming plain water/other,84.7,88.7,True,False
Assam,Marigaon,Child Feeding Practices and Nutritional Status of Children,64,Children age 6-8 months receiving solid or semi-solid food and breastmilk10 (%),72.2,*,True,False
Assam,Marigaon,Child Feeding Practices and Nutritional Status of Children,65,"Breastfeeding children age 6-23 months receiving an adequate diet10, 11 (%)",9.5,8.6,False,False
Assam,Marigaon,Child Feeding Practices and Nutritional Status of Children,66,"Non-breastfeeding children age 6-23 months receiving an adequate diet10, 11 (%)",*,*,True,False
Assam,Marigaon,Child Feeding Practices and Nutritional Status of Children,67,"Total children age 6-23 months receiving an adequate diet10, 11 (%)",9.2,8.6,False,False
Assam,Marigaon,Child Feeding Practices and Nutritional Status of Children,68,Children under 5 years who are stunted (height-for-age)12 (%),33.1,43.2,False,False
Assam,Marigaon,Child Feeding Practices and Nutritional Status of Children,69,Children under 5 years who are wasted (weight-for-height)12 (%),18.3,16.1,False,False
Assam,Marigaon,Child Feeding Practices and Nutritional Status of Children,70,Children under 5 years who are severely wasted (weight-for-height)13 (%),6.2,7.5,False,False
Assam,Marigaon,Child Feeding Practices and Nutritional Status of Children,71,Children under 5 years who are underweight (weight-for-age)12 (%),33.1,30.5,False,False
Assam,Marigaon,Child Feeding Practices and Nutritional Status of Children,72,Children under 5 years who are overweight (weight-for-height)14 (%),1.9,4.3,False,False
Assam,Marigaon,Nutritional Status of Adults (age 15-49 years),73,Women whose Body Mass Index (BMI) is below normal (BMI <18.5 kg/m2)15 (%),19.8,15.0,False,False
Assam,Marigaon,Nutritional Status of Adults (age 15-49 years),74,Women who are overweight or obese (BMI ≥25.0 kg/m2)15 (%),23.2,14.2,False,False
Assam,Marigaon,Women,75,Blood sugar level - high (141-160 mg/dl)16 (%),7.8,5.5,False,False
Assam,Marigaon,Women,76,Blood sugar level - very high (>160 mg/dl)16 (%),7.7,4.4,False,False
Assam,Marigaon,Women,77,Blood sugar level - high or very high (>140 mg/dl) or taking medicine to control blood sugar level16 (%),16.6,10.3,False,False
Assam,Marigaon,Men,78,Blood sugar level - high (141-160 mg/dl)16 (%),8.9,8.1,False,False
Assam,Marigaon,Men,79,Blood sugar level - very high (>160 mg/dl)16 (%),11.0,4.7,False,False
Assam,Marigaon,Men,80,Blood sugar level - high or very high (>140 mg/dl) or taking medicine to control blood sugar level16 (%),20.5,14.2,False,False
Assam,Marigaon,Women,81,Mildly elevated blood pressure (Systolic 140-159 mm of Hg and/or Diastolic 90-99 mm of Hg) (%),9.9,12.7,False,False
Assam,Marigaon,Women,82,Moderately or severely elevated blood pressure (Systolic ≥160 mm of Hg and/or Diastolic ≥100 mm,6.5,4.9,False,False
Assam,Marigaon,Women,83,Elevated blood pressure (Systolic ≥140 mm of Hg and/or Diastolic ≥90 mm of Hg) or taking medicine to,20.4,20.1,False,False
Assam,Marigaon,Men,84,Mildly elevated blood pressure (Systolic 140-159 mm of Hg and/or Diastolic 90-99 mm of Hg) (%),12.4,12.4,False,False
Assam,Marigaon,Men,85,Moderately or severely elevated blood pressure (Systolic ≥160 mm of Hg and/or Diastolic ≥100 mm,4.4,6.7,False,False
Assam,Marigaon,Men,86,Elevated blood pressure (Systolic ≥140 mm of Hg and/or Diastolic ≥90 mm of Hg) or taking medicine to,20.5,20.5,False,False
Assam,Marigaon,Men,87,Women having a bank or savings account that they themselves use (%),92.1,79.8,False,False
Assam,Marigaon,Men,88,Women having a mobile phone that they themselves use (%),61.3,52.8,False,False
Assam,Marigaon,Men,89,Women age 15-24 years who use hygienic methods of protection during their menstrual period17 (%),72.2,71.1,False,False
Assam,Marigaon,Tobacco Use and Alcohol Consumption among Adults (age 15 years and above),90,Women age 15 years and above who use any kind of tobacco (%),22.3,29.9,False,False
Assam,Marigaon,Tobacco Use and Alcohol Consumption among Adults (age 15 years and above),91,Men age 15 years and above who use any kind of tobacco (%),48.0,56.9,False,False
Assam,Marigaon,Tobacco Use and Alcohol Consumption among Adults (age 15 years and above),92,Women age 15 years and above who consume alcohol (%),3.6,1.9,False,False
Assam,Marigaon,Tobacco Use and Alcohol Consumption among Adults (age 15 years and above),93,Men age 15 years and above who consume alcohol (%),20.3,15.6,False,False
Assam,Nagaon,Population and Household Profile,1,Population below age 5 years (%),7.4,9.4,False,False
Assam,Nagaon,Population and Household Profile,2,Population below age 15 years (%),27.1,31.1,False,False
Assam,Nagaon,Population and Household Profile,3,Population age 60 years and above (%),10.2,8.1,False,False
Assam,Nagaon,Population and Household Profile,4,Population living in households with electricity (%),97.5,94.5,False,False
Assam,Nagaon,Population and Household Profile,5,Population living in households with an improved drinking-water source1 (%),98.1,96.1,False,False
Assam,Nagaon,Population and Household Profile,6,Households using iodized salt (%),95.8,98.7,False,False
Assam,Nagaon,Population and Household Profile,7,Households with any usual member covered under a health insurance/financing scheme (%),65.0,65.0,False,False
Assam,Nagaon,Population and Household Profile,8,Households with any usual member having a bank account/post office account (%),96.8,96.9,False,False
Assam,Nagaon,Population and Household Profile,9,Female population age 6 years and above who ever attended school (%),84.2,81.3,False,False
Assam,Nagaon,Population and Household Profile,10,Households with any usual female members owning a house and/or land (alone or jointly with others) (%),12.4,8.8,False,False
Assam,Nagaon,Population and Household Profile,11,Children age 2-4 years who attended pre-school (%),45.4,32.2,False,False
Assam,Nagaon,Characteristics of Adults (age 15-49 years),12,Women with 10 or more years of schooling (%),32.3,22.1,False,False
Assam,Nagaon,Characteristics of Adults (age 15-49 years),13,Men with 10 or more years of schooling (%),30.3,22.7,False,False
Assam,Nagaon,Characteristics of Adults (age 15-49 years),14,Women who have ever used the internet (%),49.6,24.7,False,False
Assam,Nagaon,Characteristics of Adults (age 15-49 years),15,Men who have ever used the internet (%),71.7,32.1,False,False
Assam,Nagaon,Marriage and Fertility,16,Women age 20-24 years married before age 18 years (%),31.1,42.6,False,False
Assam,Nagaon,Marriage and Fertility,17,Men age 25-29 years married before age 21 years (%),*,*,True,False
Assam,Nagaon,Marriage and Fertility,18,Three or more births in the 5 years preceding the survey (%),0.0,1.7,False,False
Assam,Nagaon,Marriage and Fertility,19,Women age 15-19 years who were already mothers or pregnant at the time of the survey (%),8.6,15.0,False,False
Assam,Nagaon,Marriage and Fertility,20,Any method2 (%),76.8,58.6,False,False
Assam,Nagaon,Marriage and Fertility,21,Any modern method2 (%),56.6,46.8,False,False
Assam,Nagaon,Marriage and Fertility,22,Any traditional method (%),20.2,11.8,False,False
Assam,Nagaon,Marriage and Fertility,23,Female sterilization (%),6.4,7.7,False,False
Assam,Nagaon,Marriage and Fertility,24,Male sterilization (%),0.6,0.2,False,False
Assam,Nagaon,Marriage and Fertility,25,Total unmet need3 (%),5.9,12.3,False,False
Assam,Nagaon,Marriage and Fertility,26,Unmet need for spacing3 (%),3.3,3.1,False,False
Assam,Nagaon,Marriage and Fertility,27,Unmet need for limiting3 (%),2.6,9.2,False,False
Assam,Nagaon,Antenatal Care (for last birth in the 5 years before the survey),28,Mothers who had an antenatal check-up in the first trimester (%),78.2,73.1,False,False
Assam,Nagaon,Antenatal Care (for last birth in the 5 years before the survey),29,Mothers who had any antenatal care visits (%),88.7,94.7,False,False
Assam,Nagaon,Antenatal Care (for last birth in the 5 years before the survey),30,Mothers who had at least 4 antenatal care visits (%),53.7,59.4,False,False
Assam,Nagaon,Antenatal Care (for last birth in the 5 years before the survey),31,Mothers whose last birth was protected against neonatal tetanus4 (%),92.5,97.1,False,False
Assam,Nagaon,Antenatal Care (for last birth in the 5 years before the survey),32,Mothers who consumed iron folic acid for 100 days or more when they were pregnant (%),58.9,46.5,False,False
Assam,Nagaon,Antenatal Care (for last birth in the 5 years before the survey),33,Mothers who consumed iron folic acid for 180 days or more when they were pregnant (%),40.2,12.3,False,False
Assam,Nagaon,Antenatal Care (for last birth in the 5 years before the survey),34,Registered pregnancies for which the mother received a Mother and Child Protection (MCP) card (%),98.3,98.3,False,False
Assam,Nagaon,Delivery Care (for births in the 5 years before the survey),35,Institutional births (%),94.4,83.7,False,False
Assam,Nagaon,Delivery Care (for births in the 5 years before the survey),36,Institutional births in public facility (%),72.7,73.4,False,False
Assam,Nagaon,Delivery Care (for births in the 5 years before the survey),37,Births attended by skilled health personnel5 (%),97.0,86.7,False,False
Assam,Nagaon,Delivery Care (for births in the 5 years before the survey),38,Births delivered by caesarean section (%),36.3,17.9,False,False
Assam,Nagaon,Delivery Care (for births in the 5 years before the survey),39,Births in a private health facility that were delivered by caesarean section (%),89.3,80.8,True,False
Assam,Nagaon,Delivery Care (for births in the 5 years before the survey),40,Births in a public health facility that were delivered by caesarean section (%),23.4,13.0,False,False
Assam,Nagaon,Postnatal Care (for last birth in the 5 years before the survey),41,Mothers who received postnatal care from a doctor/nurse/LHV/ANM/midwife/other health personnel within 2,70.7,62.0,False,False
Assam,Nagaon,Postnatal Care (for last birth in the 5 years before the survey),42,Children born at home who were taken to a health facility for a check-up within 24 hours of birth (%),*,0.0,True,False
Assam,Nagaon,Postnatal Care (for last birth in the 5 years before the survey),43,Children who received postnatal care from a doctor/nurse/LHV/ANM/midwife/other health personnel within 2,74.8,65.3,False,False
Assam,Nagaon,Child Vaccinations and Vitamin A Supplementation,44,Children age 12-23 months fully vaccinated based on information from either vaccination card or mother's,78.2,58.2,False,False
Assam,Nagaon,Child Vaccinations and Vitamin A Supplementation,45,Children age 12-23 months fully vaccinated based on information from vaccination card only7 (%),82.7,68.0,False,False
Assam,Nagaon,Child Vaccinations and Vitamin A Supplementation,46,Children age 12-23 months who have received any vaccine (%),96.5,92.9,False,False
Assam,Nagaon,Child Vaccinations and Vitamin A Supplementation,47,Children age 12-23 months who have received BCG (%),96.5,86.9,False,False
Assam,Nagaon,Child Vaccinations and Vitamin A Supplementation,48,Children age 12-23 months who have received 3 doses of polio vaccine8 (%),78.2,67.2,False,False
Assam,Nagaon,Child Vaccinations and Vitamin A Supplementation,49,Children age 12-23 months who have received 3 doses of pentavalent vaccine (%),89.3,73.6,False,False
Assam,Nagaon,Child Vaccinations and Vitamin A Supplementation,50,Children age 12-23 months who have received the first dose of measles-containing vaccine (MCV) (%),89.8,67.3,False,False
Assam,Nagaon,Child Vaccinations and Vitamin A Supplementation,51,Children age 24-35 months who have received a second dose of measles-containing vaccine (MCV) (%),66.6,34.1,False,False
Assam,Nagaon,Child Vaccinations and Vitamin A Supplementation,52,Children age 12-23 months who have received birth dose of hepatitis B vaccine (%),76.3,50.7,False,False
Assam,Nagaon,Child Vaccinations and Vitamin A Supplementation,53,Children age 12-23 months who have received 3 doses of rotavirus vaccine (%),82.5,31.4,False,False
Assam,Nagaon,Child Vaccinations and Vitamin A Supplementation,54,Children age 9-35 months who received a vitamin A dose in the last 6 months (%),78.0,47.9,False,False
Assam,Nagaon,Child Vaccinations and Vitamin A Supplementation,55,Children age 12-23 months who received most of their vaccinations in a public health facility (%),98.1,95.3,False,False
Assam,Nagaon,Child Vaccinations and Vitamin A Supplementation,56,Children age 12-23 months who received most of their vaccinations in a private health facility (%),1.9,3.3,False,False
Assam,Nagaon,Treatment of Childhood Diseases (children under age 5 years),57,Prevalence of diarrhoea in the 2 weeks preceding the survey (%),5.0,8.7,False,False
Assam,Nagaon,Treatment of Childhood Diseases (children under age 5 years),58,Prevalence of symptoms of acute respiratory infection (ARI) in the 2 weeks preceding the survey (%),1.9,2.8,False,False
Assam,Nagaon,Treatment of Childhood Diseases (children under age 5 years),59,Children with fever or symptoms of ARI in the 2 weeks preceding the survey taken to a health facility or,60.5,42.5,False,False
Assam,Nagaon,Child Feeding Practices and Nutritional Status of Children,60,Children under age 3 years breastfed within one hour of birth9 (%),33.7,61.6,False,False
Assam,Nagaon,Child Feeding Practices and Nutritional Status of Children,61,Children under age 6 months exclusively breastfed10 (%),42.4,67.5,True,False
Assam,Nagaon,Child Feeding Practices and Nutritional Status of Children,62,Children under age 6 months currently breastfeeding10 (%),100.0,94.5,True,False
Assam,Nagaon,Child Feeding Practices and Nutritional Status of Children,63,Children under age 6 months exclusively breastfed or breastfeeding and consuming plain water/other,56.6,78.8,True,False
Assam,Nagaon,Child Feeding Practices and Nutritional Status of Children,64,Children age 6-8 months receiving solid or semi-solid food and breastmilk10 (%),*,*,True,False
Assam,Nagaon,Child Feeding Practices and Nutritional Status of Children,65,"Breastfeeding children age 6-23 months receiving an adequate diet10, 11 (%)",25.6,8.5,False,False
Assam,Nagaon,Child Feeding Practices and Nutritional Status of Children,66,"Non-breastfeeding children age 6-23 months receiving an adequate diet10, 11 (%)",*,*,True,False
Assam,Nagaon,Child Feeding Practices and Nutritional Status of Children,67,"Total children age 6-23 months receiving an adequate diet10, 11 (%)",25.2,8.6,False,False
Assam,Nagaon,Child Feeding Practices and Nutritional Status of Children,68,Children under 5 years who are stunted (height-for-age)12 (%),32.6,38.9,False,False
Assam,Nagaon,Child Feeding Practices and Nutritional Status of Children,69,Children under 5 years who are wasted (weight-for-height)12 (%),20.7,19.4,False,False
Assam,Nagaon,Child Feeding Practices and Nutritional Status of Children,70,Children under 5 years who are severely wasted (weight-for-height)13 (%),6.3,5.2,False,False
Assam,Nagaon,Child Feeding Practices and Nutritional Status of Children,71,Children under 5 years who are underweight (weight-for-age)12 (%),29.6,32.4,False,False
Assam,Nagaon,Child Feeding Practices and Nutritional Status of Children,72,Children under 5 years who are overweight (weight-for-height)14 (%),5.2,7.4,False,False
Assam,Nagaon,Nutritional Status of Adults (age 15-49 years),73,Women whose Body Mass Index (BMI) is below normal (BMI <18.5 kg/m2)15 (%),16.3,21.5,False,False
Assam,Nagaon,Nutritional Status of Adults (age 15-49 years),74,Women who are overweight or obese (BMI ≥25.0 kg/m2)15 (%),23.9,13.2,False,False
Assam,Nagaon,Women,75,Blood sugar level - high (141-160 mg/dl)16 (%),7.0,8.3,False,False
Assam,Nagaon,Women,76,Blood sugar level - very high (>160 mg/dl)16 (%),8.7,6.2,False,False
Assam,Nagaon,Women,77,Blood sugar level - high or very high (>140 mg/dl) or taking medicine to control blood sugar level16 (%),16.8,15.9,False,False
Assam,Nagaon,Men,78,Blood sugar level - high (141-160 mg/dl)16 (%),8.2,10.6,False,False
Assam,Nagaon,Men,79,Blood sugar level - very high (>160 mg/dl)16 (%),11.2,9.1,False,False
Assam,Nagaon,Men,80,Blood sugar level - high or very high (>140 mg/dl) or taking medicine to control blood sugar level16 (%),20.4,21.4,False,False
Assam,Nagaon,Women,81,Mildly elevated blood pressure (Systolic 140-159 mm of Hg and/or Diastolic 90-99 mm of Hg) (%),9.1,8.8,False,False
Assam,Nagaon,Women,82,Moderately or severely elevated blood pressure (Systolic ≥160 mm of Hg and/or Diastolic ≥100 mm,4.6,2.9,False,False
Assam,Nagaon,Women,83,Elevated blood pressure (Systolic ≥140 mm of Hg and/or Diastolic ≥90 mm of Hg) or taking medicine to,19.5,16.4,False,False
Assam,Nagaon,Men,84,Mildly elevated blood pressure (Systolic 140-159 mm of Hg and/or Diastolic 90-99 mm of Hg) (%),9.9,9.7,False,False
Assam,Nagaon,Men,85,Moderately or severely elevated blood pressure (Systolic ≥160 mm of Hg and/or Diastolic ≥100 mm,4.4,2.5,False,False
Assam,Nagaon,Men,86,Elevated blood pressure (Systolic ≥140 mm of Hg and/or Diastolic ≥90 mm of Hg) or taking medicine to,18.7,17.0,False,False
Assam,Nagaon,Men,87,Women having a bank or savings account that they themselves use (%),92.5,80.5,False,False
Assam,Nagaon,Men,88,Women having a mobile phone that they themselves use (%),62.0,57.3,False,False
Assam,Nagaon,Men,89,Women age 15-24 years who use hygienic methods of protection during their menstrual period17 (%),74.3,58.4,False,False
Assam,Nagaon,Tobacco Use and Alcohol Consumption among Adults (age 15 years and above),90,Women age 15 years and above who use any kind of tobacco (%),22.3,18.2,False,False
Assam,Nagaon,Tobacco Use and Alcohol Consumption among Adults (age 15 years and above),91,Men age 15 years and above who use any kind of tobacco (%),44.5,49.0,False,False
Assam,Nagaon,Tobacco Use and Alcohol Consumption among Adults (age 15 years and above),92,Women age 15 years and above who consume alcohol (%),2.1,2.5,False,False
Assam,Nagaon,Tobacco Use and Alcohol Consumption among Adults (age 15 years and above),93,Men age 15 years and above who consume alcohol (%),16.0,14.8,False,False
Assam,Nalbari,Population and Household Profile,1,Population below age 5 years (%),6.5,7.3,False,False
Assam,Nalbari,Population and Household Profile,2,Population below age 15 years (%),21.8,24.5,False,False
Assam,Nalbari,Population and Household Profile,3,Population age 60 years and above (%),13.7,10.0,False,False
Assam,Nalbari,Population and Household Profile,4,Population living in households with electricity (%),97.4,94.7,False,False
Assam,Nalbari,Population and Household Profile,5,Population living in households with an improved drinking-water source1 (%),99.6,99.5,False,False
Assam,Nalbari,Population and Household Profile,6,Households using iodized salt (%),98.8,99.4,False,False
Assam,Nalbari,Population and Household Profile,7,Households with any usual member covered under a health insurance/financing scheme (%),74.9,56.0,False,False
Assam,Nalbari,Population and Household Profile,8,Households with any usual member having a bank account/post office account (%),99.4,96.1,False,False
Assam,Nalbari,Population and Household Profile,9,Female population age 6 years and above who ever attended school (%),81.9,81.8,False,False
Assam,Nalbari,Population and Household Profile,10,Households with any usual female members owning a house and/or land (alone or jointly with others) (%),13.1,10.0,False,False
Assam,Nalbari,Population and Household Profile,11,Children age 2-4 years who attended pre-school (%),73.8,47.7,False,False
Assam,Nalbari,Characteristics of Adults (age 15-49 years),12,Women with 10 or more years of schooling (%),49.2,41.6,False,False
Assam,Nalbari,Characteristics of Adults (age 15-49 years),13,Men with 10 or more years of schooling (%),62.9,49.1,False,False
Assam,Nalbari,Characteristics of Adults (age 15-49 years),14,Women who have ever used the internet (%),44.8,25.7,False,False
Assam,Nalbari,Characteristics of Adults (age 15-49 years),15,Men who have ever used the internet (%),69.6,33.3,False,False
Assam,Nalbari,Marriage and Fertility,16,Women age 20-24 years married before age 18 years (%),16.2,28.1,False,False
Assam,Nalbari,Marriage and Fertility,17,Men age 25-29 years married before age 21 years (%),*,*,True,False
Assam,Nalbari,Marriage and Fertility,18,Three or more births in the 5 years preceding the survey (%),0.0,0.4,False,False
Assam,Nalbari,Marriage and Fertility,19,Women age 15-19 years who were already mothers or pregnant at the time of the survey (%),4.3,8.6,False,False
Assam,Nalbari,Marriage and Fertility,20,Any method2 (%),73.4,53.3,False,False
Assam,Nalbari,Marriage and Fertility,21,Any modern method2 (%),58.8,38.7,False,False
Assam,Nalbari,Marriage and Fertility,22,Any traditional method (%),14.6,14.6,False,False
Assam,Nalbari,Marriage and Fertility,23,Female sterilization (%),13.1,11.8,False,False
Assam,Nalbari,Marriage and Fertility,24,Male sterilization (%),0.4,0.0,False,False
Assam,Nalbari,Marriage and Fertility,25,Total unmet need3 (%),4.9,13.2,False,False
Assam,Nalbari,Marriage and Fertility,26,Unmet need for spacing3 (%),3.0,4.8,False,False
Assam,Nalbari,Marriage and Fertility,27,Unmet need for limiting3 (%),1.9,8.4,False,False
Assam,Nalbari,Antenatal Care (for last birth in the 5 years before the survey),28,Mothers who had an antenatal check-up in the first trimester (%),84.5,70.7,False,False
Assam,Nalbari,Antenatal Care (for last birth in the 5 years before the survey),29,Mothers who had any antenatal care visits (%),96.0,90.0,False,False
Assam,Nalbari,Antenatal Care (for last birth in the 5 years before the survey),30,Mothers who had at least 4 antenatal care visits (%),65.7,55.9,False,False
Assam,Nalbari,Antenatal Care (for last birth in the 5 years before the survey),31,Mothers whose last birth was protected against neonatal tetanus4 (%),96.7,92.8,False,False
Assam,Nalbari,Antenatal Care (for last birth in the 5 years before the survey),32,Mothers who consumed iron folic acid for 100 days or more when they were pregnant (%),79.3,38.6,False,False
Assam,Nalbari,Antenatal Care (for last birth in the 5 years before the survey),33,Mothers who consumed iron folic acid for 180 days or more when they were pregnant (%),65.0,16.7,False,False
Assam,Nalbari,Antenatal Care (for last birth in the 5 years before the survey),34,Registered pregnancies for which the mother received a Mother and Child Protection (MCP) card (%),100.0,96.9,False,False
Assam,Nalbari,Delivery Care (for births in the 5 years before the survey),35,Institutional births (%),96.3,91.8,False,False
Assam,Nalbari,Delivery Care (for births in the 5 years before the survey),36,Institutional births in public facility (%),63.2,69.2,False,False
Assam,Nalbari,Delivery Care (for births in the 5 years before the survey),37,Births attended by skilled health personnel5 (%),97.0,91.4,False,False
Assam,Nalbari,Delivery Care (for births in the 5 years before the survey),38,Births delivered by caesarean section (%),46.3,38.7,False,False
Assam,Nalbari,Delivery Care (for births in the 5 years before the survey),39,Births in a private health facility that were delivered by caesarean section (%),90.0,82.8,False,False
Assam,Nalbari,Delivery Care (for births in the 5 years before the survey),40,Births in a public health facility that were delivered by caesarean section (%),26.2,28.8,False,False
Assam,Nalbari,Postnatal Care (for last birth in the 5 years before the survey),41,Mothers who received postnatal care from a doctor/nurse/LHV/ANM/midwife/other health personnel within 2,73.6,73.8,False,False
Assam,Nalbari,Postnatal Care (for last birth in the 5 years before the survey),42,Children born at home who were taken to a health facility for a check-up within 24 hours of birth (%),*,*,True,False
Assam,Nalbari,Postnatal Care (for last birth in the 5 years before the survey),43,Children who received postnatal care from a doctor/nurse/LHV/ANM/midwife/other health personnel within 2,71.3,73.2,False,False
Assam,Nalbari,Child Vaccinations and Vitamin A Supplementation,44,Children age 12-23 months fully vaccinated based on information from either vaccination card or mother's,88.9,65.5,True,False
Assam,Nalbari,Child Vaccinations and Vitamin A Supplementation,45,Children age 12-23 months fully vaccinated based on information from vaccination card only7 (%),93.2,79.8,True,False
Assam,Nalbari,Child Vaccinations and Vitamin A Supplementation,46,Children age 12-23 months who have received any vaccine (%),97.5,95.0,True,False
Assam,Nalbari,Child Vaccinations and Vitamin A Supplementation,47,Children age 12-23 months who have received BCG (%),97.5,89.9,True,False
Assam,Nalbari,Child Vaccinations and Vitamin A Supplementation,48,Children age 12-23 months who have received 3 doses of polio vaccine8 (%),93.3,73.4,True,False
Assam,Nalbari,Child Vaccinations and Vitamin A Supplementation,49,Children age 12-23 months who have received 3 doses of pentavalent vaccine (%),90.9,85.2,True,False
Assam,Nalbari,Child Vaccinations and Vitamin A Supplementation,50,Children age 12-23 months who have received the first dose of measles-containing vaccine (MCV) (%),95.2,87.7,True,False
Assam,Nalbari,Child Vaccinations and Vitamin A Supplementation,51,Children age 24-35 months who have received a second dose of measles-containing vaccine (MCV) (%),72.7,34.1,True,False
Assam,Nalbari,Child Vaccinations and Vitamin A Supplementation,52,Children age 12-23 months who have received birth dose of hepatitis B vaccine (%),82.7,64.9,True,False
Assam,Nalbari,Child Vaccinations and Vitamin A Supplementation,53,Children age 12-23 months who have received 3 doses of rotavirus vaccine (%),91.0,44.1,True,False
Assam,Nalbari,Child Vaccinations and Vitamin A Supplementation,54,Children age 9-35 months who received a vitamin A dose in the last 6 months (%),84.6,58.4,False,False
Assam,Nalbari,Child Vaccinations and Vitamin A Supplementation,55,Children age 12-23 months who received most of their vaccinations in a public health facility (%),97.8,97.6,True,False
Assam,Nalbari,Child Vaccinations and Vitamin A Supplementation,56,Children age 12-23 months who received most of their vaccinations in a private health facility (%),2.2,0.0,True,False
Assam,Nalbari,Treatment of Childhood Diseases (children under age 5 years),57,Prevalence of diarrhoea in the 2 weeks preceding the survey (%),1.6,3.6,False,False
Assam,Nalbari,Treatment of Childhood Diseases (children under age 5 years),58,Prevalence of symptoms of acute respiratory infection (ARI) in the 2 weeks preceding the survey (%),1.2,2.2,False,False
Assam,Nalbari,Treatment of Childhood Diseases (children under age 5 years),59,Children with fever or symptoms of ARI in the 2 weeks preceding the survey taken to a health facility or,49.4,64.1,True,False
Assam,Nalbari,Child Feeding Practices and Nutritional Status of Children,60,Children under age 3 years breastfed within one hour of birth9 (%),44.3,41.8,False,False
Assam,Nalbari,Child Feeding Practices and Nutritional Status of Children,61,Children under age 6 months exclusively breastfed10 (%),*,*,True,False
Assam,Nalbari,Child Feeding Practices and Nutritional Status of Children,62,Children under age 6 months currently breastfeeding10 (%),*,*,True,False
Assam,Nalbari,Child Feeding Practices and Nutritional Status of Children,63,Children under age 6 months exclusively breastfed or breastfeeding and consuming plain water/other,*,*,True,False
Assam,Nalbari,Child Feeding Practices and Nutritional Status of Children,64,Children age 6-8 months receiving solid or semi-solid food and breastmilk10 (%),*,*,True,False
Assam,Nalbari,Child Feeding Practices and Nutritional Status of Children,65,"Breastfeeding children age 6-23 months receiving an adequate diet10, 11 (%)",14.5,9.1,False,False
Assam,Nalbari,Child Feeding Practices and Nutritional Status of Children,66,"Non-breastfeeding children age 6-23 months receiving an adequate diet10, 11 (%)",*,*,True,False
Assam,Nalbari,Child Feeding Practices and Nutritional Status of Children,67,"Total children age 6-23 months receiving an adequate diet10, 11 (%)",14.5,8.8,False,False
Assam,Nalbari,Child Feeding Practices and Nutritional Status of Children,68,Children under 5 years who are stunted (height-for-age)12 (%),27.6,27.5,False,False
Assam,Nalbari,Child Feeding Practices and Nutritional Status of Children,69,Children under 5 years who are wasted (weight-for-height)12 (%),15.3,15.4,False,False
Assam,Nalbari,Child Feeding Practices and Nutritional Status of Children,70,Children under 5 years who are severely wasted (weight-for-height)13 (%),3.3,4.9,False,False
Assam,Nalbari,Child Feeding Practices and Nutritional Status of Children,71,Children under 5 years who are underweight (weight-for-age)12 (%),21.8,26.7,False,False
Assam,Nalbari,Child Feeding Practices and Nutritional Status of Children,72,Children under 5 years who are overweight (weight-for-height)14 (%),4.4,4.6,False,False
Assam,Nalbari,Nutritional Status of Adults (age 15-49 years),73,Women whose Body Mass Index (BMI) is below normal (BMI <18.5 kg/m2)15 (%),14.6,16.4,False,False
Assam,Nalbari,Nutritional Status of Adults (age 15-49 years),74,Women who are overweight or obese (BMI ≥25.0 kg/m2)15 (%),31.7,21.8,False,False
Assam,Nalbari,Women,75,Blood sugar level - high (141-160 mg/dl)16 (%),6.1,8.0,False,False
Assam,Nalbari,Women,76,Blood sugar level - very high (>160 mg/dl)16 (%),9.7,8.0,False,False
Assam,Nalbari,Women,77,Blood sugar level - high or very high (>140 mg/dl) or taking medicine to control blood sugar level16 (%),16.7,17.4,False,False
Assam,Nalbari,Men,78,Blood sugar level - high (141-160 mg/dl)16 (%),8.5,9.7,False,False
Assam,Nalbari,Men,79,Blood sugar level - very high (>160 mg/dl)16 (%),14.0,9.7,False,False
Assam,Nalbari,Men,80,Blood sugar level - high or very high (>140 mg/dl) or taking medicine to control blood sugar level16 (%),23.4,20.9,False,False
Assam,Nalbari,Women,81,Mildly elevated blood pressure (Systolic 140-159 mm of Hg and/or Diastolic 90-99 mm of Hg) (%),14.0,12.0,False,False
Assam,Nalbari,Women,82,Moderately or severely elevated blood pressure (Systolic ≥160 mm of Hg and/or Diastolic ≥100 mm,6.0,5.0,False,False
Assam,Nalbari,Women,83,Elevated blood pressure (Systolic ≥140 mm of Hg and/or Diastolic ≥90 mm of Hg) or taking medicine to,24.6,22.5,False,False
Assam,Nalbari,Men,84,Mildly elevated blood pressure (Systolic 140-159 mm of Hg and/or Diastolic 90-99 mm of Hg) (%),15.6,15.7,False,False
Assam,Nalbari,Men,85,Moderately or severely elevated blood pressure (Systolic ≥160 mm of Hg and/or Diastolic ≥100 mm,4.4,5.1,False,False
Assam,Nalbari,Men,86,Elevated blood pressure (Systolic ≥140 mm of Hg and/or Diastolic ≥90 mm of Hg) or taking medicine to,26.0,24.9,False,False
Assam,Nalbari,Men,87,Women having a bank or savings account that they themselves use (%),96.4,79.5,False,False
Assam,Nalbari,Men,88,Women having a mobile phone that they themselves use (%),71.6,54.2,False,False
Assam,Nalbari,Men,89,Women age 15-24 years who use hygienic methods of protection during their menstrual period17 (%),76.4,74.0,False,False
Assam,Nalbari,Tobacco Use and Alcohol Consumption among Adults (age 15 years and above),90,Women age 15 years and above who use any kind of tobacco (%),16.1,11.7,False,False
Assam,Nalbari,Tobacco Use and Alcohol Consumption among Adults (age 15 years and above),91,Men age 15 years and above who use any kind of tobacco (%),50.0,42.0,False,False
Assam,Nalbari,Tobacco Use and Alcohol Consumption among Adults (age 15 years and above),92,Women age 15 years and above who consume alcohol (%),0.6,2.4,False,False
Assam,Nalbari,Tobacco Use and Alcohol Consumption among Adults (age 15 years and above),93,Men age 15 years and above who consume alcohol (%),11.3,15.5,False,False
Assam,Sivasagar,Population and Household Profile,1,Population below age 5 years (%),5.4,6.7,False,False
Assam,Sivasagar,Population and Household Profile,2,Population below age 15 years (%),21.4,23.8,False,False
Assam,Sivasagar,Population and Household Profile,3,Population age 60 years and above (%),13.1,11.6,False,False
Assam,Sivasagar,Population and Household Profile,4,Population living in households with electricity (%),96.8,97.0,False,False
Assam,Sivasagar,Population and Household Profile,5,Population living in households with an improved drinking-water source1 (%),98.9,92.7,False,False
Assam,Sivasagar,Population and Household Profile,6,Households using iodized salt (%),99.8,99.8,False,False
Assam,Sivasagar,Population and Household Profile,7,Households with any usual member covered under a health insurance/financing scheme (%),73.8,69.5,False,False
Assam,Sivasagar,Population and Household Profile,8,Households with any usual member having a bank account/post office account (%),99.0,97.0,False,False
Assam,Sivasagar,Population and Household Profile,9,Female population age 6 years and above who ever attended school (%),86.3,87.1,False,False
Assam,Sivasagar,Population and Household Profile,10,Households with any usual female members owning a house and/or land (alone or jointly with others) (%),17.2,7.3,False,False
Assam,Sivasagar,Population and Household Profile,11,Children age 2-4 years who attended pre-school (%),50.4,48.4,False,False
Assam,Sivasagar,Characteristics of Adults (age 15-49 years),12,Women with 10 or more years of schooling (%),52.1,47.1,False,False
Assam,Sivasagar,Characteristics of Adults (age 15-49 years),13,Men with 10 or more years of schooling (%),48.6,42.8,False,False
Assam,Sivasagar,Characteristics of Adults (age 15-49 years),14,Women who have ever used the internet (%),69.2,33.3,False,False
Assam,Sivasagar,Characteristics of Adults (age 15-49 years),15,Men who have ever used the internet (%),73.4,36.7,False,False
Assam,Sivasagar,Marriage and Fertility,16,Women age 20-24 years married before age 18 years (%),18.5,27.9,False,False
Assam,Sivasagar,Marriage and Fertility,17,Men age 25-29 years married before age 21 years (%),*,*,True,False
Assam,Sivasagar,Marriage and Fertility,18,Three or more births in the 5 years preceding the survey (%),0.0,0.8,False,False
Assam,Sivasagar,Marriage and Fertility,19,Women age 15-19 years who were already mothers or pregnant at the time of the survey (%),4.8,12.8,False,False
Assam,Sivasagar,Marriage and Fertility,20,Any method2 (%),78.0,67.3,False,False
Assam,Sivasagar,Marriage and Fertility,21,Any modern method2 (%),44.4,39.5,False,False
Assam,Sivasagar,Marriage and Fertility,22,Any traditional method (%),33.6,27.8,False,False
Assam,Sivasagar,Marriage and Fertility,23,Female sterilization (%),10.3,12.4,False,False
Assam,Sivasagar,Marriage and Fertility,24,Male sterilization (%),0.4,0.0,False,False
Assam,Sivasagar,Marriage and Fertility,25,Total unmet need3 (%),5.0,8.3,False,False
Assam,Sivasagar,Marriage and Fertility,26,Unmet need for spacing3 (%),3.5,3.2,False,False
Assam,Sivasagar,Marriage and Fertility,27,Unmet need for limiting3 (%),1.5,5.1,False,False
Assam,Sivasagar,Antenatal Care (for last birth in the 5 years before the survey),28,Mothers who had an antenatal check-up in the first trimester (%),85.8,85.1,False,False
Assam,Sivasagar,Antenatal Care (for last birth in the 5 years before the survey),29,Mothers who had any antenatal care visits (%),96.8,98.7,False,False
Assam,Sivasagar,Antenatal Care (for last birth in the 5 years before the survey),30,Mothers who had at least 4 antenatal care visits (%),74.7,80.9,False,False
Assam,Sivasagar,Antenatal Care (for last birth in the 5 years before the survey),31,Mothers whose last birth was protected against neonatal tetanus4 (%),94.9,96.5,False,False
Assam,Sivasagar,Antenatal Care (for last birth in the 5 years before the survey),32,Mothers who consumed iron folic acid for 100 days or more when they were pregnant (%),80.8,53.7,False,False
Assam,Sivasagar,Antenatal Care (for last birth in the 5 years before the survey),33,Mothers who consumed iron folic acid for 180 days or more when they were pregnant (%),50.1,23.8,False,False
Assam,Sivasagar,Antenatal Care (for last birth in the 5 years before the survey),34,Registered pregnancies for which the mother received a Mother and Child Protection (MCP) card (%),97.7,100.0,False,False
Assam,Sivasagar,Delivery Care (for births in the 5 years before the survey),35,Institutional births (%),93.9,95.3,False,False
Assam,Sivasagar,Delivery Care (for births in the 5 years before the survey),36,Institutional births in public facility (%),73.3,76.2,False,False
Assam,Sivasagar,Delivery Care (for births in the 5 years before the survey),37,Births attended by skilled health personnel5 (%),94.4,95.6,False,False
Assam,Sivasagar,Delivery Care (for births in the 5 years before the survey),38,Births delivered by caesarean section (%),29.4,30.0,False,False
Assam,Sivasagar,Delivery Care (for births in the 5 years before the survey),39,Births in a private health facility that were delivered by caesarean section (%),78.1,75.3,True,False
Assam,Sivasagar,Delivery Care (for births in the 5 years before the survey),40,Births in a public health facility that were delivered by caesarean section (%),18.1,20.6,False,False
Assam,Sivasagar,Postnatal Care (for last birth in the 5 years before the survey),41,Mothers who received postnatal care from a doctor/nurse/LHV/ANM/midwife/other health personnel within 2,84.8,73.8,False,False
Assam,Sivasagar,Postnatal Care (for last birth in the 5 years before the survey),42,Children born at home who were taken to a health facility for a check-up within 24 hours of birth (%),*,*,True,False
Assam,Sivasagar,Postnatal Care (for last birth in the 5 years before the survey),43,Children who received postnatal care from a doctor/nurse/LHV/ANM/midwife/other health personnel within 2,82.6,83.4,False,False
Assam,Sivasagar,Child Vaccinations and Vitamin A Supplementation,44,Children age 12-23 months fully vaccinated based on information from either vaccination card or mother's,89.3,77.6,True,False
Assam,Sivasagar,Child Vaccinations and Vitamin A Supplementation,45,Children age 12-23 months fully vaccinated based on information from vaccination card only7 (%),97.1,76.7,True,False
Assam,Sivasagar,Child Vaccinations and Vitamin A Supplementation,46,Children age 12-23 months who have received any vaccine (%),97.5,100.0,True,False
Assam,Sivasagar,Child Vaccinations and Vitamin A Supplementation,47,Children age 12-23 months who have received BCG (%),97.5,95.7,True,False
Assam,Sivasagar,Child Vaccinations and Vitamin A Supplementation,48,Children age 12-23 months who have received 3 doses of polio vaccine8 (%),89.3,81.9,True,False
Assam,Sivasagar,Child Vaccinations and Vitamin A Supplementation,49,Children age 12-23 months who have received 3 doses of pentavalent vaccine (%),92.1,90.5,True,False
Assam,Sivasagar,Child Vaccinations and Vitamin A Supplementation,50,Children age 12-23 months who have received the first dose of measles-containing vaccine (MCV) (%),94.9,90.5,True,False
Assam,Sivasagar,Child Vaccinations and Vitamin A Supplementation,51,Children age 24-35 months who have received a second dose of measles-containing vaccine (MCV) (%),88.7,58.8,True,False
Assam,Sivasagar,Child Vaccinations and Vitamin A Supplementation,52,Children age 12-23 months who have received birth dose of hepatitis B vaccine (%),79.4,60.1,True,False
Assam,Sivasagar,Child Vaccinations and Vitamin A Supplementation,53,Children age 12-23 months who have received 3 doses of rotavirus vaccine (%),92.1,30.4,True,False
Assam,Sivasagar,Child Vaccinations and Vitamin A Supplementation,54,Children age 9-35 months who received a vitamin A dose in the last 6 months (%),83.7,64.9,False,False
Assam,Sivasagar,Child Vaccinations and Vitamin A Supplementation,55,Children age 12-23 months who received most of their vaccinations in a public health facility (%),95.3,97.8,True,False
Assam,Sivasagar,Child Vaccinations and Vitamin A Supplementation,56,Children age 12-23 months who received most of their vaccinations in a private health facility (%),2.7,2.2,True,False
Assam,Sivasagar,Treatment of Childhood Diseases (children under age 5 years),57,Prevalence of diarrhoea in the 2 weeks preceding the survey (%),2.4,5.1,False,False
Assam,Sivasagar,Treatment of Childhood Diseases (children under age 5 years),58,Prevalence of symptoms of acute respiratory infection (ARI) in the 2 weeks preceding the survey (%),1.8,0.4,False,False
Assam,Sivasagar,Treatment of Childhood Diseases (children under age 5 years),59,Children with fever or symptoms of ARI in the 2 weeks preceding the survey taken to a health facility or,*,58.3,True,False
Assam,Sivasagar,Child Feeding Practices and Nutritional Status of Children,60,Children under age 3 years breastfed within one hour of birth9 (%),56.6,54.9,False,False
Assam,Sivasagar,Child Feeding Practices and Nutritional Status of Children,61,Children under age 6 months exclusively breastfed10 (%),*,*,True,False
Assam,Sivasagar,Child Feeding Practices and Nutritional Status of Children,62,Children under age 6 months currently breastfeeding10 (%),*,*,True,False
Assam,Sivasagar,Child Feeding Practices and Nutritional Status of Children,63,Children under age 6 months exclusively breastfed or breastfeeding and consuming plain water/other,*,*,True,False
Assam,Sivasagar,Child Feeding Practices and Nutritional Status of Children,64,Children age 6-8 months receiving solid or semi-solid food and breastmilk10 (%),*,*,True,False
Assam,Sivasagar,Child Feeding Practices and Nutritional Status of Children,65,"Breastfeeding children age 6-23 months receiving an adequate diet10, 11 (%)",21.7,24.8,False,False
Assam,Sivasagar,Child Feeding Practices and Nutritional Status of Children,66,"Non-breastfeeding children age 6-23 months receiving an adequate diet10, 11 (%)",*,*,True,False
Assam,Sivasagar,Child Feeding Practices and Nutritional Status of Children,67,"Total children age 6-23 months receiving an adequate diet10, 11 (%)",21.0,24.4,False,False
Assam,Sivasagar,Child Feeding Practices and Nutritional Status of Children,68,Children under 5 years who are stunted (height-for-age)12 (%),31.6,26.1,False,False
Assam,Sivasagar,Child Feeding Practices and Nutritional Status of Children,69,Children under 5 years who are wasted (weight-for-height)12 (%),15.1,21.1,False,False
Assam,Sivasagar,Child Feeding Practices and Nutritional Status of Children,70,Children under 5 years who are severely wasted (weight-for-height)13 (%),6.4,6.1,False,False
Assam,Sivasagar,Child Feeding Practices and Nutritional Status of Children,71,Children under 5 years who are underweight (weight-for-age)12 (%),26.7,25.9,False,False
Assam,Sivasagar,Child Feeding Practices and Nutritional Status of Children,72,Children under 5 years who are overweight (weight-for-height)14 (%),6.2,3.5,False,False
Assam,Sivasagar,Nutritional Status of Adults (age 15-49 years),73,Women whose Body Mass Index (BMI) is below normal (BMI <18.5 kg/m2)15 (%),17.1,20.5,False,False
Assam,Sivasagar,Nutritional Status of Adults (age 15-49 years),74,Women who are overweight or obese (BMI ≥25.0 kg/m2)15 (%),20.7,21.5,False,False
Assam,Sivasagar,Women,75,Blood sugar level - high (141-160 mg/dl)16 (%),5.9,7.9,False,False
Assam,Sivasagar,Women,76,Blood sugar level - very high (>160 mg/dl)16 (%),5.3,6.2,False,False
Assam,Sivasagar,Women,77,Blood sugar level - high or very high (>140 mg/dl) or taking medicine to control blood sugar level16 (%),11.5,15.3,False,False
Assam,Sivasagar,Men,78,Blood sugar level - high (141-160 mg/dl)16 (%),9.1,7.7,False,False
Assam,Sivasagar,Men,79,Blood sugar level - very high (>160 mg/dl)16 (%),9.7,8.8,False,False
Assam,Sivasagar,Men,80,Blood sugar level - high or very high (>140 mg/dl) or taking medicine to control blood sugar level16 (%),19.8,17.2,False,False
Assam,Sivasagar,Women,81,Mildly elevated blood pressure (Systolic 140-159 mm of Hg and/or Diastolic 90-99 mm of Hg) (%),15.2,11.4,False,False
Assam,Sivasagar,Women,82,Moderately or severely elevated blood pressure (Systolic ≥160 mm of Hg and/or Diastolic ≥100 mm,6.7,5.9,False,False
Assam,Sivasagar,Women,83,Elevated blood pressure (Systolic ≥140 mm of Hg and/or Diastolic ≥90 mm of Hg) or taking medicine to,25.6,22.0,False,False
Assam,Sivasagar,Men,84,Mildly elevated blood pressure (Systolic 140-159 mm of Hg and/or Diastolic 90-99 mm of Hg) (%),18.1,15.8,False,False
Assam,Sivasagar,Men,85,Moderately or severely elevated blood pressure (Systolic ≥160 mm of Hg and/or Diastolic ≥100 mm,7.8,6.8,False,False
Assam,Sivasagar,Men,86,Elevated blood pressure (Systolic ≥140 mm of Hg and/or Diastolic ≥90 mm of Hg) or taking medicine to,29.3,26.0,False,False
Assam,Sivasagar,Men,87,Women having a bank or savings account that they themselves use (%),91.2,78.5,False,False
Assam,Sivasagar,Men,88,Women having a mobile phone that they themselves use (%),73.2,61.9,False,False
Assam,Sivasagar,Men,89,Women age 15-24 years who use hygienic methods of protection during their menstrual period17 (%),85.2,76.0,False,False
Assam,Sivasagar,Tobacco Use and Alcohol Consumption among Adults (age 15 years and above),90,Women age 15 years and above who use any kind of tobacco (%),21.5,25.5,False,False
Assam,Sivasagar,Tobacco Use and Alcohol Consumption among Adults (age 15 years and above),91,Men age 15 years and above who use any kind of tobacco (%),51.6,58.4,False,False
Assam,Sivasagar,Tobacco Use and Alcohol Consumption among Adults (age 15 years and above),92,Women age 15 years and above who consume alcohol (%),10.6,13.5,False,False
Assam,Sivasagar,Tobacco Use and Alcohol Consumption among Adults (age 15 years and above),93,Men age 15 years and above who consume alcohol (%),41.2,42.9,False,False
Assam,Sonitpur,Population and Household Profile,1,Population below age 5 years (%),5.9,7.3,False,False
Assam,Sonitpur,Population and Household Profile,2,Population below age 15 years (%),23.1,26.6,False,False
Assam,Sonitpur,Population and Household Profile,3,Population age 60 years and above (%),9.4,8.6,False,False
Assam,Sonitpur,Population and Household Profile,4,Population living in households with electricity (%),93.3,88.2,False,False
Assam,Sonitpur,Population and Household Profile,5,Population living in households with an improved drinking-water source1 (%),92.8,82.9,False,False
Assam,Sonitpur,Population and Household Profile,6,Households using iodized salt (%),99.5,99.4,False,False
Assam,Sonitpur,Population and Household Profile,7,Households with any usual member covered under a health insurance/financing scheme (%),76.4,73.1,False,False
Assam,Sonitpur,Population and Household Profile,8,Households with any usual member having a bank account/post office account (%),97.4,95.9,False,False
Assam,Sonitpur,Population and Household Profile,9,Female population age 6 years and above who ever attended school (%),77.6,74.9,False,False
Assam,Sonitpur,Population and Household Profile,10,Households with any usual female members owning a house and/or land (alone or jointly with others) (%),11.9,9.3,False,False
Assam,Sonitpur,Population and Household Profile,11,Children age 2-4 years who attended pre-school (%),57.3,45.1,False,False
Assam,Sonitpur,Characteristics of Adults (age 15-49 years),12,Women with 10 or more years of schooling (%),34.5,24.3,False,False
Assam,Sonitpur,Characteristics of Adults (age 15-49 years),13,Men with 10 or more years of schooling (%),38.8,29.7,False,False
Assam,Sonitpur,Characteristics of Adults (age 15-49 years),14,Women who have ever used the internet (%),58.8,34.4,False,False
Assam,Sonitpur,Characteristics of Adults (age 15-49 years),15,Men who have ever used the internet (%),64.8,50.0,False,False
Assam,Sonitpur,Marriage and Fertility,16,Women age 20-24 years married before age 18 years (%),19.5,24.0,False,False
Assam,Sonitpur,Marriage and Fertility,17,Men age 25-29 years married before age 21 years (%),*,*,True,False
Assam,Sonitpur,Marriage and Fertility,18,Three or more births in the 5 years preceding the survey (%),0.0,0.3,False,False
Assam,Sonitpur,Marriage and Fertility,19,Women age 15-19 years who were already mothers or pregnant at the time of the survey (%),5.0,6.5,False,False
Assam,Sonitpur,Marriage and Fertility,20,Any method2 (%),73.2,74.4,False,False
Assam,Sonitpur,Marriage and Fertility,21,Any modern method2 (%),58.8,58.9,False,False
Assam,Sonitpur,Marriage and Fertility,22,Any traditional method (%),14.4,15.5,False,False
Assam,Sonitpur,Marriage and Fertility,23,Female sterilization (%),7.9,9.1,False,False
Assam,Sonitpur,Marriage and Fertility,24,Male sterilization (%),0.1,0.1,False,False
Assam,Sonitpur,Marriage and Fertility,25,Total unmet need3 (%),5.8,5.8,False,False
Assam,Sonitpur,Marriage and Fertility,26,Unmet need for spacing3 (%),1.6,2.1,False,False
Assam,Sonitpur,Marriage and Fertility,27,Unmet need for limiting3 (%),4.2,3.7,False,False
Assam,Sonitpur,Antenatal Care (for last birth in the 5 years before the survey),28,Mothers who had an antenatal check-up in the first trimester (%),78.1,48.8,False,False
Assam,Sonitpur,Antenatal Care (for last birth in the 5 years before the survey),29,Mothers who had any antenatal care visits (%),95.5,95.3,False,False
Assam,Sonitpur,Antenatal Care (for last birth in the 5 years before the survey),30,Mothers who had at least 4 antenatal care visits (%),53.6,45.5,False,False
Assam,Sonitpur,Antenatal Care (for last birth in the 5 years before the survey),31,Mothers whose last birth was protected against neonatal tetanus4 (%),99.5,99.2,False,False
Assam,Sonitpur,Antenatal Care (for last birth in the 5 years before the survey),32,Mothers who consumed iron folic acid for 100 days or more when they were pregnant (%),84.3,56.4,False,False
Assam,Sonitpur,Antenatal Care (for last birth in the 5 years before the survey),33,Mothers who consumed iron folic acid for 180 days or more when they were pregnant (%),61.7,16.9,False,False
Assam,Sonitpur,Antenatal Care (for last birth in the 5 years before the survey),34,Registered pregnancies for which the mother received a Mother and Child Protection (MCP) card (%),98.4,98.5,False,False
Assam,Sonitpur,Delivery Care (for births in the 5 years before the survey),35,Institutional births (%),92.9,83.5,False,False
Assam,Sonitpur,Delivery Care (for births in the 5 years before the survey),36,Institutional births in public facility (%),79.0,73.1,False,False
Assam,Sonitpur,Delivery Care (for births in the 5 years before the survey),37,Births attended by skilled health personnel5 (%),95.4,82.8,False,False
Assam,Sonitpur,Delivery Care (for births in the 5 years before the survey),38,Births delivered by caesarean section (%),23.0,21.1,False,False
Assam,Sonitpur,Delivery Care (for births in the 5 years before the survey),39,Births in a private health facility that were delivered by caesarean section (%),75.7,73.4,True,False
Assam,Sonitpur,Delivery Care (for births in the 5 years before the survey),40,Births in a public health facility that were delivered by caesarean section (%),15.9,18.5,False,False
Assam,Sonitpur,Postnatal Care (for last birth in the 5 years before the survey),41,Mothers who received postnatal care from a doctor/nurse/LHV/ANM/midwife/other health personnel within 2,83.5,63.5,False,False
Assam,Sonitpur,Postnatal Care (for last birth in the 5 years before the survey),42,Children born at home who were taken to a health facility for a check-up within 24 hours of birth (%),*,4.8,True,False
Assam,Sonitpur,Postnatal Care (for last birth in the 5 years before the survey),43,Children who received postnatal care from a doctor/nurse/LHV/ANM/midwife/other health personnel within 2,79.3,67.4,False,False
Assam,Sonitpur,Child Vaccinations and Vitamin A Supplementation,44,Children age 12-23 months fully vaccinated based on information from either vaccination card or mother's,90.3,70.9,False,False
Assam,Sonitpur,Child Vaccinations and Vitamin A Supplementation,45,Children age 12-23 months fully vaccinated based on information from vaccination card only7 (%),97.9,76.8,True,False
Assam,Sonitpur,Child Vaccinations and Vitamin A Supplementation,46,Children age 12-23 months who have received any vaccine (%),95.6,90.4,False,False
Assam,Sonitpur,Child Vaccinations and Vitamin A Supplementation,47,Children age 12-23 months who have received BCG (%),95.6,90.4,False,False
Assam,Sonitpur,Child Vaccinations and Vitamin A Supplementation,48,Children age 12-23 months who have received 3 doses of polio vaccine8 (%),92.3,76.5,False,False
Assam,Sonitpur,Child Vaccinations and Vitamin A Supplementation,49,Children age 12-23 months who have received 3 doses of pentavalent vaccine (%),92.3,76.8,False,False
Assam,Sonitpur,Child Vaccinations and Vitamin A Supplementation,50,Children age 12-23 months who have received the first dose of measles-containing vaccine (MCV) (%),95.6,80.4,False,False
Assam,Sonitpur,Child Vaccinations and Vitamin A Supplementation,51,Children age 24-35 months who have received a second dose of measles-containing vaccine (MCV) (%),81.5,50.8,True,False
Assam,Sonitpur,Child Vaccinations and Vitamin A Supplementation,52,Children age 12-23 months who have received birth dose of hepatitis B vaccine (%),84.4,58.6,False,False
Assam,Sonitpur,Child Vaccinations and Vitamin A Supplementation,53,Children age 12-23 months who have received 3 doses of rotavirus vaccine (%),92.3,62.4,False,False
Assam,Sonitpur,Child Vaccinations and Vitamin A Supplementation,54,Children age 9-35 months who received a vitamin A dose in the last 6 months (%),86.4,58.7,False,False
Assam,Sonitpur,Child Vaccinations and Vitamin A Supplementation,55,Children age 12-23 months who received most of their vaccinations in a public health facility (%),98.2,100.0,True,False
Assam,Sonitpur,Child Vaccinations and Vitamin A Supplementation,56,Children age 12-23 months who received most of their vaccinations in a private health facility (%),0.0,0.0,True,False
Assam,Sonitpur,Treatment of Childhood Diseases (children under age 5 years),57,Prevalence of diarrhoea in the 2 weeks preceding the survey (%),0.9,4.3,False,False
Assam,Sonitpur,Treatment of Childhood Diseases (children under age 5 years),58,Prevalence of symptoms of acute respiratory infection (ARI) in the 2 weeks preceding the survey (%),0.3,2.4,False,False
Assam,Sonitpur,Treatment of Childhood Diseases (children under age 5 years),59,Children with fever or symptoms of ARI in the 2 weeks preceding the survey taken to a health facility or,*,42.6,True,False
Assam,Sonitpur,Child Feeding Practices and Nutritional Status of Children,60,Children under age 3 years breastfed within one hour of birth9 (%),69.1,49.8,False,False
Assam,Sonitpur,Child Feeding Practices and Nutritional Status of Children,61,Children under age 6 months exclusively breastfed10 (%),*,65.6,True,False
Assam,Sonitpur,Child Feeding Practices and Nutritional Status of Children,62,Children under age 6 months currently breastfeeding10 (%),*,96.7,True,False
Assam,Sonitpur,Child Feeding Practices and Nutritional Status of Children,63,Children under age 6 months exclusively breastfed or breastfeeding and consuming plain water/other,*,85.9,True,False
Assam,Sonitpur,Child Feeding Practices and Nutritional Status of Children,64,Children age 6-8 months receiving solid or semi-solid food and breastmilk10 (%),*,*,True,False
Assam,Sonitpur,Child Feeding Practices and Nutritional Status of Children,65,"Breastfeeding children age 6-23 months receiving an adequate diet10, 11 (%)",17.8,4.4,False,False
Assam,Sonitpur,Child Feeding Practices and Nutritional Status of Children,66,"Non-breastfeeding children age 6-23 months receiving an adequate diet10, 11 (%)",*,*,True,False
Assam,Sonitpur,Child Feeding Practices and Nutritional Status of Children,67,"Total children age 6-23 months receiving an adequate diet10, 11 (%)",19.2,4.3,False,False
Assam,Sonitpur,Child Feeding Practices and Nutritional Status of Children,68,Children under 5 years who are stunted (height-for-age)12 (%),28.9,36.7,False,False
Assam,Sonitpur,Child Feeding Practices and Nutritional Status of Children,69,Children under 5 years who are wasted (weight-for-height)12 (%),18.4,13.1,False,False
Assam,Sonitpur,Child Feeding Practices and Nutritional Status of Children,70,Children under 5 years who are severely wasted (weight-for-height)13 (%),6.6,4.5,False,False
Assam,Sonitpur,Child Feeding Practices and Nutritional Status of Children,71,Children under 5 years who are underweight (weight-for-age)12 (%),29.7,21.9,False,False
Assam,Sonitpur,Child Feeding Practices and Nutritional Status of Children,72,Children under 5 years who are overweight (weight-for-height)14 (%),3.4,3.2,False,False
Assam,Sonitpur,Nutritional Status of Adults (age 15-49 years),73,Women whose Body Mass Index (BMI) is below normal (BMI <18.5 kg/m2)15 (%),17.6,21.4,False,False
Assam,Sonitpur,Nutritional Status of Adults (age 15-49 years),74,Women who are overweight or obese (BMI ≥25.0 kg/m2)15 (%),16.4,13.1,False,False
Assam,Sonitpur,Women,75,Blood sugar level - high (141-160 mg/dl)16 (%),5.5,5.1,False,False
Assam,Sonitpur,Women,76,Blood sugar level - very high (>160 mg/dl)16 (%),4.5,3.9,False,False
Assam,Sonitpur,Women,77,Blood sugar level - high or very high (>140 mg/dl) or taking medicine to control blood sugar level16 (%),10.2,9.5,False,False
Assam,Sonitpur,Men,78,Blood sugar level - high (141-160 mg/dl)16 (%),7.6,5.9,False,False
Assam,Sonitpur,Men,79,Blood sugar level - very high (>160 mg/dl)16 (%),5.6,4.6,False,False
Assam,Sonitpur,Men,80,Blood sugar level - high or very high (>140 mg/dl) or taking medicine to control blood sugar level16 (%),13.6,11.1,False,False
Assam,Sonitpur,Women,81,Mildly elevated blood pressure (Systolic 140-159 mm of Hg and/or Diastolic 90-99 mm of Hg) (%),11.5,14.4,False,False
Assam,Sonitpur,Women,82,Moderately or severely elevated blood pressure (Systolic ≥160 mm of Hg and/or Diastolic ≥100 mm,4.8,8.0,False,False
Assam,Sonitpur,Women,83,Elevated blood pressure (Systolic ≥140 mm of Hg and/or Diastolic ≥90 mm of Hg) or taking medicine to,19.1,24.8,False,False
Assam,Sonitpur,Men,84,Mildly elevated blood pressure (Systolic 140-159 mm of Hg and/or Diastolic 90-99 mm of Hg) (%),13.7,14.4,False,False
Assam,Sonitpur,Men,85,Moderately or severely elevated blood pressure (Systolic ≥160 mm of Hg and/or Diastolic ≥100 mm,4.9,7.7,False,False
Assam,Sonitpur,Men,86,Elevated blood pressure (Systolic ≥140 mm of Hg and/or Diastolic ≥90 mm of Hg) or taking medicine to,21.9,24.5,False,False
Assam,Sonitpur,Men,87,Women having a bank or savings account that they themselves use (%),92.6,79.7,False,False
Assam,Sonitpur,Men,88,Women having a mobile phone that they themselves use (%),71.1,66.5,False,False
Assam,Sonitpur,Men,89,Women age 15-24 years who use hygienic methods of protection during their menstrual period17 (%),83.4,63.8,False,False
Assam,Sonitpur,Tobacco Use and Alcohol Consumption among Adults (age 15 years and above),90,Women age 15 years and above who use any kind of tobacco (%),22.6,23.3,False,False
Assam,Sonitpur,Tobacco Use and Alcohol Consumption among Adults (age 15 years and above),91,Men age 15 years and above who use any kind of tobacco (%),54.5,59.1,False,False
Assam,Sonitpur,Tobacco Use and Alcohol Consumption among Adults (age 15 years and above),92,Women age 15 years and above who consume alcohol (%),7.3,4.4,False,False
Assam,Sonitpur,Tobacco Use and Alcohol Consumption among Adults (age 15 years and above),93,Men age 15 years and above who consume alcohol (%),37.4,28.9,False,False
Assam,South Salmara Mancachar,Population and Household Profile,1,Population below age 5 years (%),9.3,10.0,False,False
Assam,South Salmara Mancachar,Population and Household Profile,2,Population below age 15 years (%),31.7,36.7,False,False
Assam,South Salmara Mancachar,Population and Household Profile,3,Population age 60 years and above (%),7.5,5.5,False,False
Assam,South Salmara Mancachar,Population and Household Profile,4,Population living in households with electricity (%),81.0,79.5,False,False
Assam,South Salmara Mancachar,Population and Household Profile,5,Population living in households with an improved drinking-water source1 (%),98.3,98.2,False,False
Assam,South Salmara Mancachar,Population and Household Profile,6,Households using iodized salt (%),98.1,98.9,False,False
Assam,South Salmara Mancachar,Population and Household Profile,7,Households with any usual member covered under a health insurance/financing scheme (%),58.2,73.1,False,False
Assam,South Salmara Mancachar,Population and Household Profile,8,Households with any usual member having a bank account/post office account (%),96.4,93.9,False,False
Assam,South Salmara Mancachar,Population and Household Profile,9,Female population age 6 years and above who ever attended school (%),69.1,69.4,False,False
Assam,South Salmara Mancachar,Population and Household Profile,10,Households with any usual female members owning a house and/or land (alone or jointly with others) (%),5.1,6.0,False,False
Assam,South Salmara Mancachar,Population and Household Profile,11,Children age 2-4 years who attended pre-school (%),39.8,34.2,False,False
Assam,South Salmara Mancachar,Characteristics of Adults (age 15-49 years),12,Women with 10 or more years of schooling (%),22.6,20.9,False,False
Assam,South Salmara Mancachar,Characteristics of Adults (age 15-49 years),13,Men with 10 or more years of schooling (%),36.6,27.8,False,False
Assam,South Salmara Mancachar,Characteristics of Adults (age 15-49 years),14,Women who have ever used the internet (%),26.5,23.5,False,False
Assam,South Salmara Mancachar,Characteristics of Adults (age 15-49 years),15,Men who have ever used the internet (%),60.0,40.0,False,False
Assam,South Salmara Mancachar,Marriage and Fertility,16,Women age 20-24 years married before age 18 years (%),38.2,44.7,False,False
Assam,South Salmara Mancachar,Marriage and Fertility,17,Men age 25-29 years married before age 21 years (%),*,*,True,False
Assam,South Salmara Mancachar,Marriage and Fertility,18,Three or more births in the 5 years preceding the survey (%),0.3,0.7,False,False
Assam,South Salmara Mancachar,Marriage and Fertility,19,Women age 15-19 years who were already mothers or pregnant at the time of the survey (%),14.1,22.0,False,False
Assam,South Salmara Mancachar,Marriage and Fertility,20,Any method2 (%),73.3,71.5,False,False
Assam,South Salmara Mancachar,Marriage and Fertility,21,Any modern method2 (%),63.8,60.8,False,False
Assam,South Salmara Mancachar,Marriage and Fertility,22,Any traditional method (%),9.5,10.7,False,False
Assam,South Salmara Mancachar,Marriage and Fertility,23,Female sterilization (%),1.3,1.1,False,False
Assam,South Salmara Mancachar,Marriage and Fertility,24,Male sterilization (%),0.3,0.0,False,False
Assam,South Salmara Mancachar,Marriage and Fertility,25,Total unmet need3 (%),5.8,8.0,False,False
Assam,South Salmara Mancachar,Marriage and Fertility,26,Unmet need for spacing3 (%),3.8,1.7,False,False
Assam,South Salmara Mancachar,Marriage and Fertility,27,Unmet need for limiting3 (%),2.0,6.3,False,False
Assam,South Salmara Mancachar,Antenatal Care (for last birth in the 5 years before the survey),28,Mothers who had an antenatal check-up in the first trimester (%),53.5,60.1,False,False
Assam,South Salmara Mancachar,Antenatal Care (for last birth in the 5 years before the survey),29,Mothers who had any antenatal care visits (%),79.1,93.7,False,False
Assam,South Salmara Mancachar,Antenatal Care (for last birth in the 5 years before the survey),30,Mothers who had at least 4 antenatal care visits (%),25.8,35.3,False,False
Assam,South Salmara Mancachar,Antenatal Care (for last birth in the 5 years before the survey),31,Mothers whose last birth was protected against neonatal tetanus4 (%),84.3,93.0,False,False
Assam,South Salmara Mancachar,Antenatal Care (for last birth in the 5 years before the survey),32,Mothers who consumed iron folic acid for 100 days or more when they were pregnant (%),30.5,47.4,False,False
Assam,South Salmara Mancachar,Antenatal Care (for last birth in the 5 years before the survey),33,Mothers who consumed iron folic acid for 180 days or more when they were pregnant (%),18.0,18.3,False,False
Assam,South Salmara Mancachar,Antenatal Care (for last birth in the 5 years before the survey),34,Registered pregnancies for which the mother received a Mother and Child Protection (MCP) card (%),96.8,99.4,False,False
Assam,South Salmara Mancachar,Delivery Care (for births in the 5 years before the survey),35,Institutional births (%),75.5,71.7,False,False
Assam,South Salmara Mancachar,Delivery Care (for births in the 5 years before the survey),36,Institutional births in public facility (%),69.8,69.9,False,False
Assam,South Salmara Mancachar,Delivery Care (for births in the 5 years before the survey),37,Births attended by skilled health personnel5 (%),81.3,79.4,False,False
Assam,South Salmara Mancachar,Delivery Care (for births in the 5 years before the survey),38,Births delivered by caesarean section (%),6.3,5.0,False,False
Assam,South Salmara Mancachar,Delivery Care (for births in the 5 years before the survey),39,Births in a private health facility that were delivered by caesarean section (%),*,*,True,False
Assam,South Salmara Mancachar,Delivery Care (for births in the 5 years before the survey),40,Births in a public health facility that were delivered by caesarean section (%),4.1,5.5,False,False
Assam,South Salmara Mancachar,Postnatal Care (for last birth in the 5 years before the survey),41,Mothers who received postnatal care from a doctor/nurse/LHV/ANM/midwife/other health personnel within 2,39.9,62.6,False,False
Assam,South Salmara Mancachar,Postnatal Care (for last birth in the 5 years before the survey),42,Children born at home who were taken to a health facility for a check-up within 24 hours of birth (%),9.0,1.5,False,False
Assam,South Salmara Mancachar,Postnatal Care (for last birth in the 5 years before the survey),43,Children who received postnatal care from a doctor/nurse/LHV/ANM/midwife/other health personnel within 2,47.5,56.1,False,False
Assam,South Salmara Mancachar,Child Vaccinations and Vitamin A Supplementation,44,Children age 12-23 months fully vaccinated based on information from either vaccination card or mother's,73.3,65.8,False,False
Assam,South Salmara Mancachar,Child Vaccinations and Vitamin A Supplementation,45,Children age 12-23 months fully vaccinated based on information from vaccination card only7 (%),81.9,66.0,False,False
Assam,South Salmara Mancachar,Child Vaccinations and Vitamin A Supplementation,46,Children age 12-23 months who have received any vaccine (%),97.3,97.0,False,False
Assam,South Salmara Mancachar,Child Vaccinations and Vitamin A Supplementation,47,Children age 12-23 months who have received BCG (%),96.4,97.0,False,False
Assam,South Salmara Mancachar,Child Vaccinations and Vitamin A Supplementation,48,Children age 12-23 months who have received 3 doses of polio vaccine8 (%),78.1,74.1,False,False
Assam,South Salmara Mancachar,Child Vaccinations and Vitamin A Supplementation,49,Children age 12-23 months who have received 3 doses of pentavalent vaccine (%),78.1,81.9,False,False
Assam,South Salmara Mancachar,Child Vaccinations and Vitamin A Supplementation,50,Children age 12-23 months who have received the first dose of measles-containing vaccine (MCV) (%),84.2,85.3,False,False
Assam,South Salmara Mancachar,Child Vaccinations and Vitamin A Supplementation,51,Children age 24-35 months who have received a second dose of measles-containing vaccine (MCV) (%),52.3,18.8,False,False
Assam,South Salmara Mancachar,Child Vaccinations and Vitamin A Supplementation,52,Children age 12-23 months who have received birth dose of hepatitis B vaccine (%),71.9,44.4,False,False
Assam,South Salmara Mancachar,Child Vaccinations and Vitamin A Supplementation,53,Children age 12-23 months who have received 3 doses of rotavirus vaccine (%),75.2,47.1,False,False
Assam,South Salmara Mancachar,Child Vaccinations and Vitamin A Supplementation,54,Children age 9-35 months who received a vitamin A dose in the last 6 months (%),77.5,65.8,False,False
Assam,South Salmara Mancachar,Child Vaccinations and Vitamin A Supplementation,55,Children age 12-23 months who received most of their vaccinations in a public health facility (%),100.0,100.0,False,False
Assam,South Salmara Mancachar,Child Vaccinations and Vitamin A Supplementation,56,Children age 12-23 months who received most of their vaccinations in a private health facility (%),0.0,0.0,False,False
Assam,South Salmara Mancachar,Treatment of Childhood Diseases (children under age 5 years),57,Prevalence of diarrhoea in the 2 weeks preceding the survey (%),2.5,5.4,False,False
Assam,South Salmara Mancachar,Treatment of Childhood Diseases (children under age 5 years),58,Prevalence of symptoms of acute respiratory infection (ARI) in the 2 weeks preceding the survey (%),0.0,3.9,False,False
Assam,South Salmara Mancachar,Treatment of Childhood Diseases (children under age 5 years),59,Children with fever or symptoms of ARI in the 2 weeks preceding the survey taken to a health facility or,22.8,60.9,True,False
Assam,South Salmara Mancachar,Child Feeding Practices and Nutritional Status of Children,60,Children under age 3 years breastfed within one hour of birth9 (%),53.7,50.4,False,False
Assam,South Salmara Mancachar,Child Feeding Practices and Nutritional Status of Children,61,Children under age 6 months exclusively breastfed10 (%),41.7,66.3,True,False
Assam,South Salmara Mancachar,Child Feeding Practices and Nutritional Status of Children,62,Children under age 6 months currently breastfeeding10 (%),100.0,97.7,True,False
Assam,South Salmara Mancachar,Child Feeding Practices and Nutritional Status of Children,63,Children under age 6 months exclusively breastfed or breastfeeding and consuming plain water/other,59.0,87.6,True,False
Assam,South Salmara Mancachar,Child Feeding Practices and Nutritional Status of Children,64,Children age 6-8 months receiving solid or semi-solid food and breastmilk10 (%),*,*,True,False
Assam,South Salmara Mancachar,Child Feeding Practices and Nutritional Status of Children,65,"Breastfeeding children age 6-23 months receiving an adequate diet10, 11 (%)",14.0,7.9,False,False
Assam,South Salmara Mancachar,Child Feeding Practices and Nutritional Status of Children,66,"Non-breastfeeding children age 6-23 months receiving an adequate diet10, 11 (%)",*,*,True,False
Assam,South Salmara Mancachar,Child Feeding Practices and Nutritional Status of Children,67,"Total children age 6-23 months receiving an adequate diet10, 11 (%)",14.0,7.1,False,False
Assam,South Salmara Mancachar,Child Feeding Practices and Nutritional Status of Children,68,Children under 5 years who are stunted (height-for-age)12 (%),36.9,38.9,False,False
Assam,South Salmara Mancachar,Child Feeding Practices and Nutritional Status of Children,69,Children under 5 years who are wasted (weight-for-height)12 (%),31.3,18.2,False,False
Assam,South Salmara Mancachar,Child Feeding Practices and Nutritional Status of Children,70,Children under 5 years who are severely wasted (weight-for-height)13 (%),17.8,7.1,False,False
Assam,South Salmara Mancachar,Child Feeding Practices and Nutritional Status of Children,71,Children under 5 years who are underweight (weight-for-age)12 (%),41.0,27.9,False,False
Assam,South Salmara Mancachar,Child Feeding Practices and Nutritional Status of Children,72,Children under 5 years who are overweight (weight-for-height)14 (%),6.1,5.9,False,False
Assam,South Salmara Mancachar,Nutritional Status of Adults (age 15-49 years),73,Women whose Body Mass Index (BMI) is below normal (BMI <18.5 kg/m2)15 (%),21.0,11.9,False,False
Assam,South Salmara Mancachar,Nutritional Status of Adults (age 15-49 years),74,Women who are overweight or obese (BMI ≥25.0 kg/m2)15 (%),14.7,8.5,False,False
Assam,South Salmara Mancachar,Women,75,Blood sugar level - high (141-160 mg/dl)16 (%),5.2,5.3,False,False
Assam,South Salmara Mancachar,Women,76,Blood sugar level - very high (>160 mg/dl)16 (%),5.0,2.8,False,False
Assam,South Salmara Mancachar,Women,77,Blood sugar level - high or very high (>140 mg/dl) or taking medicine to control blood sugar level16 (%),10.5,8.7,False,False
Assam,South Salmara Mancachar,Men,78,Blood sugar level - high (141-160 mg/dl)16 (%),5.6,7.1,False,False
Assam,South Salmara Mancachar,Men,79,Blood sugar level - very high (>160 mg/dl)16 (%),7.7,4.5,False,False
Assam,South Salmara Mancachar,Men,80,Blood sugar level - high or very high (>140 mg/dl) or taking medicine to control blood sugar level16 (%),13.7,12.0,False,False
Assam,South Salmara Mancachar,Women,81,Mildly elevated blood pressure (Systolic 140-159 mm of Hg and/or Diastolic 90-99 mm of Hg) (%),6.3,11.3,False,False
Assam,South Salmara Mancachar,Women,82,Moderately or severely elevated blood pressure (Systolic ≥160 mm of Hg and/or Diastolic ≥100 mm,3.1,3.1,False,False
Assam,South Salmara Mancachar,Women,83,Elevated blood pressure (Systolic ≥140 mm of Hg and/or Diastolic ≥90 mm of Hg) or taking medicine to,11.1,15.5,False,False
Assam,South Salmara Mancachar,Men,84,Mildly elevated blood pressure (Systolic 140-159 mm of Hg and/or Diastolic 90-99 mm of Hg) (%),7.4,12.6,False,False
Assam,South Salmara Mancachar,Men,85,Moderately or severely elevated blood pressure (Systolic ≥160 mm of Hg and/or Diastolic ≥100 mm,3.2,2.6,False,False
Assam,South Salmara Mancachar,Men,86,Elevated blood pressure (Systolic ≥140 mm of Hg and/or Diastolic ≥90 mm of Hg) or taking medicine to,12.8,16.5,False,False
Assam,South Salmara Mancachar,Men,87,Women having a bank or savings account that they themselves use (%),88.4,76.2,False,False
Assam,South Salmara Mancachar,Men,88,Women having a mobile phone that they themselves use (%),45.6,51.3,False,False
Assam,South Salmara Mancachar,Men,89,Women age 15-24 years who use hygienic methods of protection during their menstrual period17 (%),69.9,62.2,False,False
Assam,South Salmara Mancachar,Tobacco Use and Alcohol Consumption among Adults (age 15 years and above),90,Women age 15 years and above who use any kind of tobacco (%),11.7,25.2,False,False
Assam,South Salmara Mancachar,Tobacco Use and Alcohol Consumption among Adults (age 15 years and above),91,Men age 15 years and above who use any kind of tobacco (%),40.6,50.0,False,False
Assam,South Salmara Mancachar,Tobacco Use and Alcohol Consumption among Adults (age 15 years and above),92,Women age 15 years and above who consume alcohol (%),1.4,0.2,False,False
Assam,South Salmara Mancachar,Tobacco Use and Alcohol Consumption among Adults (age 15 years and above),93,Men age 15 years and above who consume alcohol (%),1.9,0.9,False,False
Assam,Tinsukia,Population and Household Profile,1,Population below age 5 years (%),5.6,7.1,False,False
Assam,Tinsukia,Population and Household Profile,2,Population below age 15 years (%),24.0,25.4,False,False
Assam,Tinsukia,Population and Household Profile,3,Population age 60 years and above (%),9.3,9.0,False,False
Assam,Tinsukia,Population and Household Profile,4,Population living in households with electricity (%),93.8,95.7,False,False
Assam,Tinsukia,Population and Household Profile,5,Population living in households with an improved drinking-water source1 (%),98.9,96.8,False,False
Assam,Tinsukia,Population and Household Profile,6,Households using iodized salt (%),98.8,99.3,False,False
Assam,Tinsukia,Population and Household Profile,7,Households with any usual member covered under a health insurance/financing scheme (%),67.4,66.8,False,False
Assam,Tinsukia,Population and Household Profile,8,Households with any usual member having a bank account/post office account (%),96.3,94.8,False,False
Assam,Tinsukia,Population and Household Profile,9,Female population age 6 years and above who ever attended school (%),73.3,72.6,False,False
Assam,Tinsukia,Population and Household Profile,10,Households with any usual female members owning a house and/or land (alone or jointly with others) (%),10.1,7.5,False,False
Assam,Tinsukia,Population and Household Profile,11,Children age 2-4 years who attended pre-school (%),46.9,34.7,False,False
Assam,Tinsukia,Characteristics of Adults (age 15-49 years),12,Women with 10 or more years of schooling (%),27.7,25.6,False,False
Assam,Tinsukia,Characteristics of Adults (age 15-49 years),13,Men with 10 or more years of schooling (%),34.9,34.7,False,False
Assam,Tinsukia,Characteristics of Adults (age 15-49 years),14,Women who have ever used the internet (%),53.9,25.5,False,False
Assam,Tinsukia,Characteristics of Adults (age 15-49 years),15,Men who have ever used the internet (%),71.7,45.0,False,False
Assam,Tinsukia,Marriage and Fertility,16,Women age 20-24 years married before age 18 years (%),14.2,19.8,False,False
Assam,Tinsukia,Marriage and Fertility,17,Men age 25-29 years married before age 21 years (%),*,*,True,False
Assam,Tinsukia,Marriage and Fertility,18,Three or more births in the 5 years preceding the survey (%),1.0,1.5,False,False
Assam,Tinsukia,Marriage and Fertility,19,Women age 15-19 years who were already mothers or pregnant at the time of the survey (%),3.2,6.1,False,False
Assam,Tinsukia,Marriage and Fertility,20,Any method2 (%),66.3,59.2,False,False
Assam,Tinsukia,Marriage and Fertility,21,Any modern method2 (%),48.0,36.5,False,False
Assam,Tinsukia,Marriage and Fertility,22,Any traditional method (%),18.3,22.7,False,False
Assam,Tinsukia,Marriage and Fertility,23,Female sterilization (%),21.6,16.7,False,False
Assam,Tinsukia,Marriage and Fertility,24,Male sterilization (%),1.1,0.1,False,False
Assam,Tinsukia,Marriage and Fertility,25,Total unmet need3 (%),8.2,11.0,False,False
Assam,Tinsukia,Marriage and Fertility,26,Unmet need for spacing3 (%),4.8,4.4,False,False
Assam,Tinsukia,Marriage and Fertility,27,Unmet need for limiting3 (%),3.4,6.6,False,False
Assam,Tinsukia,Antenatal Care (for last birth in the 5 years before the survey),28,Mothers who had an antenatal check-up in the first trimester (%),77.1,70.7,False,False
Assam,Tinsukia,Antenatal Care (for last birth in the 5 years before the survey),29,Mothers who had any antenatal care visits (%),90.2,95.3,False,False
Assam,Tinsukia,Antenatal Care (for last birth in the 5 years before the survey),30,Mothers who had at least 4 antenatal care visits (%),61.2,63.1,False,False
Assam,Tinsukia,Antenatal Care (for last birth in the 5 years before the survey),31,Mothers whose last birth was protected against neonatal tetanus4 (%),94.0,93.9,False,False
Assam,Tinsukia,Antenatal Care (for last birth in the 5 years before the survey),32,Mothers who consumed iron folic acid for 100 days or more when they were pregnant (%),77.0,43.8,False,False
Assam,Tinsukia,Antenatal Care (for last birth in the 5 years before the survey),33,Mothers who consumed iron folic acid for 180 days or more when they were pregnant (%),57.5,19.2,False,False
Assam,Tinsukia,Antenatal Care (for last birth in the 5 years before the survey),34,Registered pregnancies for which the mother received a Mother and Child Protection (MCP) card (%),96.5,100.0,False,False
Assam,Tinsukia,Delivery Care (for births in the 5 years before the survey),35,Institutional births (%),92.5,82.6,False,False
Assam,Tinsukia,Delivery Care (for births in the 5 years before the survey),36,Institutional births in public facility (%),80.0,66.2,False,False
Assam,Tinsukia,Delivery Care (for births in the 5 years before the survey),37,Births attended by skilled health personnel5 (%),94.3,83.2,False,False
Assam,Tinsukia,Delivery Care (for births in the 5 years before the survey),38,Births delivered by caesarean section (%),24.0,26.5,False,False
Assam,Tinsukia,Delivery Care (for births in the 5 years before the survey),39,Births in a private health facility that were delivered by caesarean section (%),66.1,58.4,True,False
Assam,Tinsukia,Delivery Care (for births in the 5 years before the survey),40,Births in a public health facility that were delivered by caesarean section (%),19.7,25.5,False,False
Assam,Tinsukia,Postnatal Care (for last birth in the 5 years before the survey),41,Mothers who received postnatal care from a doctor/nurse/LHV/ANM/midwife/other health personnel within 2,62.7,73.6,False,False
Assam,Tinsukia,Postnatal Care (for last birth in the 5 years before the survey),42,Children born at home who were taken to a health facility for a check-up within 24 hours of birth (%),*,2.8,True,False
Assam,Tinsukia,Postnatal Care (for last birth in the 5 years before the survey),43,Children who received postnatal care from a doctor/nurse/LHV/ANM/midwife/other health personnel within 2,72.6,77.8,False,False
Assam,Tinsukia,Child Vaccinations and Vitamin A Supplementation,44,Children age 12-23 months fully vaccinated based on information from either vaccination card or mother's,72.3,75.0,True,False
Assam,Tinsukia,Child Vaccinations and Vitamin A Supplementation,45,Children age 12-23 months fully vaccinated based on information from vaccination card only7 (%),87.5,78.8,True,False
Assam,Tinsukia,Child Vaccinations and Vitamin A Supplementation,46,Children age 12-23 months who have received any vaccine (%),95.5,100.0,True,False
Assam,Tinsukia,Child Vaccinations and Vitamin A Supplementation,47,Children age 12-23 months who have received BCG (%),95.5,97.2,True,False
Assam,Tinsukia,Child Vaccinations and Vitamin A Supplementation,48,Children age 12-23 months who have received 3 doses of polio vaccine8 (%),72.3,82.8,True,False
Assam,Tinsukia,Child Vaccinations and Vitamin A Supplementation,49,Children age 12-23 months who have received 3 doses of pentavalent vaccine (%),88.3,92.7,True,False
Assam,Tinsukia,Child Vaccinations and Vitamin A Supplementation,50,Children age 12-23 months who have received the first dose of measles-containing vaccine (MCV) (%),91.0,95.1,True,False
Assam,Tinsukia,Child Vaccinations and Vitamin A Supplementation,51,Children age 24-35 months who have received a second dose of measles-containing vaccine (MCV) (%),69.6,44.7,False,False
Assam,Tinsukia,Child Vaccinations and Vitamin A Supplementation,52,Children age 12-23 months who have received birth dose of hepatitis B vaccine (%),68.8,51.0,True,False
Assam,Tinsukia,Child Vaccinations and Vitamin A Supplementation,53,Children age 12-23 months who have received 3 doses of rotavirus vaccine (%),88.3,39.3,True,False
Assam,Tinsukia,Child Vaccinations and Vitamin A Supplementation,54,Children age 9-35 months who received a vitamin A dose in the last 6 months (%),71.9,59.3,False,False
Assam,Tinsukia,Child Vaccinations and Vitamin A Supplementation,55,Children age 12-23 months who received most of their vaccinations in a public health facility (%),85.1,82.1,True,False
Assam,Tinsukia,Child Vaccinations and Vitamin A Supplementation,56,Children age 12-23 months who received most of their vaccinations in a private health facility (%),6.9,6.0,True,False
Assam,Tinsukia,Treatment of Childhood Diseases (children under age 5 years),57,Prevalence of diarrhoea in the 2 weeks preceding the survey (%),2.2,4.9,False,False
Assam,Tinsukia,Treatment of Childhood Diseases (children under age 5 years),58,Prevalence of symptoms of acute respiratory infection (ARI) in the 2 weeks preceding the survey (%),0.0,2.0,False,False
Assam,Tinsukia,Treatment of Childhood Diseases (children under age 5 years),59,Children with fever or symptoms of ARI in the 2 weeks preceding the survey taken to a health facility or,57.7,50.1,True,False
Assam,Tinsukia,Child Feeding Practices and Nutritional Status of Children,60,Children under age 3 years breastfed within one hour of birth9 (%),52.3,51.6,False,False
Assam,Tinsukia,Child Feeding Practices and Nutritional Status of Children,61,Children under age 6 months exclusively breastfed10 (%),*,*,True,False
Assam,Tinsukia,Child Feeding Practices and Nutritional Status of Children,62,Children under age 6 months currently breastfeeding10 (%),*,*,True,False
Assam,Tinsukia,Child Feeding Practices and Nutritional Status of Children,63,Children under age 6 months exclusively breastfed or breastfeeding and consuming plain water/other,*,*,True,False
Assam,Tinsukia,Child Feeding Practices and Nutritional Status of Children,64,Children age 6-8 months receiving solid or semi-solid food and breastmilk10 (%),*,*,True,False
Assam,Tinsukia,Child Feeding Practices and Nutritional Status of Children,65,"Breastfeeding children age 6-23 months receiving an adequate diet10, 11 (%)",21.7,17.5,False,False
Assam,Tinsukia,Child Feeding Practices and Nutritional Status of Children,66,"Non-breastfeeding children age 6-23 months receiving an adequate diet10, 11 (%)",*,*,True,False
Assam,Tinsukia,Child Feeding Practices and Nutritional Status of Children,67,"Total children age 6-23 months receiving an adequate diet10, 11 (%)",20.7,16.3,False,False
Assam,Tinsukia,Child Feeding Practices and Nutritional Status of Children,68,Children under 5 years who are stunted (height-for-age)12 (%),34.3,32.8,False,False
Assam,Tinsukia,Child Feeding Practices and Nutritional Status of Children,69,Children under 5 years who are wasted (weight-for-height)12 (%),20.3,21.5,False,False
Assam,Tinsukia,Child Feeding Practices and Nutritional Status of Children,70,Children under 5 years who are severely wasted (weight-for-height)13 (%),11.5,9.4,False,False
Assam,Tinsukia,Child Feeding Practices and Nutritional Status of Children,71,Children under 5 years who are underweight (weight-for-age)12 (%),37.0,32.2,False,False
Assam,Tinsukia,Child Feeding Practices and Nutritional Status of Children,72,Children under 5 years who are overweight (weight-for-height)14 (%),7.2,2.7,False,False
Assam,Tinsukia,Nutritional Status of Adults (age 15-49 years),73,Women whose Body Mass Index (BMI) is below normal (BMI <18.5 kg/m2)15 (%),20.4,17.6,False,False
Assam,Tinsukia,Nutritional Status of Adults (age 15-49 years),74,Women who are overweight or obese (BMI ≥25.0 kg/m2)15 (%),19.0,16.9,False,False
Assam,Tinsukia,Women,75,Blood sugar level - high (141-160 mg/dl)16 (%),3.9,8.9,False,False
Assam,Tinsukia,Women,76,Blood sugar level - very high (>160 mg/dl)16 (%),4.4,4.7,False,False
Assam,Tinsukia,Women,77,Blood sugar level - high or very high (>140 mg/dl) or taking medicine to control blood sugar level16 (%),9.0,13.9,False,False
Assam,Tinsukia,Men,78,Blood sugar level - high (141-160 mg/dl)16 (%),5.8,10.8,False,False
Assam,Tinsukia,Men,79,Blood sugar level - very high (>160 mg/dl)16 (%),6.1,8.1,False,False
Assam,Tinsukia,Men,80,Blood sugar level - high or very high (>140 mg/dl) or taking medicine to control blood sugar level16 (%),12.4,19.5,False,False
Assam,Tinsukia,Women,81,Mildly elevated blood pressure (Systolic 140-159 mm of Hg and/or Diastolic 90-99 mm of Hg) (%),11.9,9.4,False,False
Assam,Tinsukia,Women,82,Moderately or severely elevated blood pressure (Systolic ≥160 mm of Hg and/or Diastolic ≥100 mm,6.7,4.7,False,False
Assam,Tinsukia,Women,83,Elevated blood pressure (Systolic ≥140 mm of Hg and/or Diastolic ≥90 mm of Hg) or taking medicine to,20.5,17.1,False,False
Assam,Tinsukia,Men,84,Mildly elevated blood pressure (Systolic 140-159 mm of Hg and/or Diastolic 90-99 mm of Hg) (%),14.7,12.5,False,False
Assam,Tinsukia,Men,85,Moderately or severely elevated blood pressure (Systolic ≥160 mm of Hg and/or Diastolic ≥100 mm,6.7,5.4,False,False
Assam,Tinsukia,Men,86,Elevated blood pressure (Systolic ≥140 mm of Hg and/or Diastolic ≥90 mm of Hg) or taking medicine to,23.4,19.3,False,False
Assam,Tinsukia,Men,87,Women having a bank or savings account that they themselves use (%),86.1,73.0,False,False
Assam,Tinsukia,Men,88,Women having a mobile phone that they themselves use (%),61.9,53.3,False,False
Assam,Tinsukia,Men,89,Women age 15-24 years who use hygienic methods of protection during their menstrual period17 (%),73.8,74.6,False,False
Assam,Tinsukia,Tobacco Use and Alcohol Consumption among Adults (age 15 years and above),90,Women age 15 years and above who use any kind of tobacco (%),13.0,23.1,False,False
Assam,Tinsukia,Tobacco Use and Alcohol Consumption among Adults (age 15 years and above),91,Men age 15 years and above who use any kind of tobacco (%),43.9,51.1,False,False
Assam,Tinsukia,Tobacco Use and Alcohol Consumption among Adults (age 15 years and above),92,Women age 15 years and above who consume alcohol (%),10.8,15.7,False,False
Assam,Tinsukia,Tobacco Use and Alcohol Consumption among Adults (age 15 years and above),93,Men age 15 years and above who consume alcohol (%),41.5,43.7,False,False
Assam,Udalguri,Population and Household Profile,1,Population below age 5 years (%),5.2,7.0,False,False
Assam,Udalguri,Population and Household Profile,2,Population below age 15 years (%),24.6,27.2,False,False
Assam,Udalguri,Population and Household Profile,3,Population age 60 years and above (%),10.6,9.0,False,False
Assam,Udalguri,Population and Household Profile,4,Population living in households with electricity (%),96.8,95.5,False,False
Assam,Udalguri,Population and Household Profile,5,Population living in households with an improved drinking-water source1 (%),93.2,82.3,False,False
Assam,Udalguri,Population and Household Profile,6,Households using iodized salt (%),99.8,99.3,False,False
Assam,Udalguri,Population and Household Profile,7,Households with any usual member covered under a health insurance/financing scheme (%),82.2,78.8,False,False
Assam,Udalguri,Population and Household Profile,8,Households with any usual member having a bank account/post office account (%),98.8,96.7,False,False
Assam,Udalguri,Population and Household Profile,9,Female population age 6 years and above who ever attended school (%),74.2,70.6,False,False
Assam,Udalguri,Population and Household Profile,10,Households with any usual female members owning a house and/or land (alone or jointly with others) (%),5.5,11.1,False,False
Assam,Udalguri,Population and Household Profile,11,Children age 2-4 years who attended pre-school (%),39.8,43.5,False,False
Assam,Udalguri,Characteristics of Adults (age 15-49 years),12,Women with 10 or more years of schooling (%),36.0,23.8,False,False
Assam,Udalguri,Characteristics of Adults (age 15-49 years),13,Men with 10 or more years of schooling (%),37.6,24.3,False,False
Assam,Udalguri,Characteristics of Adults (age 15-49 years),14,Women who have ever used the internet (%),51.4,25.0,False,False
Assam,Udalguri,Characteristics of Adults (age 15-49 years),15,Men who have ever used the internet (%),77.2,39.8,False,False
Assam,Udalguri,Marriage and Fertility,16,Women age 20-24 years married before age 18 years (%),19.4,32.0,False,False
Assam,Udalguri,Marriage and Fertility,17,Men age 25-29 years married before age 21 years (%),*,*,True,False
Assam,Udalguri,Marriage and Fertility,18,Three or more births in the 5 years preceding the survey (%),0.6,1.1,False,False
Assam,Udalguri,Marriage and Fertility,19,Women age 15-19 years who were already mothers or pregnant at the time of the survey (%),3.4,4.7,False,False
Assam,Udalguri,Marriage and Fertility,20,Any method2 (%),68.8,50.2,False,False
Assam,Udalguri,Marriage and Fertility,21,Any modern method2 (%),50.9,36.2,False,False
Assam,Udalguri,Marriage and Fertility,22,Any traditional method (%),17.9,14.0,False,False
Assam,Udalguri,Marriage and Fertility,23,Female sterilization (%),3.4,6.4,False,False
Assam,Udalguri,Marriage and Fertility,24,Male sterilization (%),0.1,0.3,False,False
Assam,Udalguri,Marriage and Fertility,25,Total unmet need3 (%),10.2,14.6,False,False
Assam,Udalguri,Marriage and Fertility,26,Unmet need for spacing3 (%),4.4,6.4,False,False
Assam,Udalguri,Marriage and Fertility,27,Unmet need for limiting3 (%),5.8,8.2,False,False
Assam,Udalguri,Antenatal Care (for last birth in the 5 years before the survey),28,Mothers who had an antenatal check-up in the first trimester (%),69.6,50.1,False,False
Assam,Udalguri,Antenatal Care (for last birth in the 5 years before the survey),29,Mothers who had any antenatal care visits (%),99.0,91.5,False,False
Assam,Udalguri,Antenatal Care (for last birth in the 5 years before the survey),30,Mothers who had at least 4 antenatal care visits (%),73.6,49.8,False,False
Assam,Udalguri,Antenatal Care (for last birth in the 5 years before the survey),31,Mothers whose last birth was protected against neonatal tetanus4 (%),98.4,91.0,False,False
Assam,Udalguri,Antenatal Care (for last birth in the 5 years before the survey),32,Mothers who consumed iron folic acid for 100 days or more when they were pregnant (%),72.4,44.2,False,False
Assam,Udalguri,Antenatal Care (for last birth in the 5 years before the survey),33,Mothers who consumed iron folic acid for 180 days or more when they were pregnant (%),52.6,25.7,False,False
Assam,Udalguri,Antenatal Care (for last birth in the 5 years before the survey),34,Registered pregnancies for which the mother received a Mother and Child Protection (MCP) card (%),99.6,99.6,False,False
Assam,Udalguri,Delivery Care (for births in the 5 years before the survey),35,Institutional births (%),95.6,86.2,False,False
Assam,Udalguri,Delivery Care (for births in the 5 years before the survey),36,Institutional births in public facility (%),90.0,78.5,False,False
Assam,Udalguri,Delivery Care (for births in the 5 years before the survey),37,Births attended by skilled health personnel5 (%),94.0,87.9,False,False
Assam,Udalguri,Delivery Care (for births in the 5 years before the survey),38,Births delivered by caesarean section (%),15.7,14.4,False,False
Assam,Udalguri,Delivery Care (for births in the 5 years before the survey),39,Births in a private health facility that were delivered by caesarean section (%),*,*,True,False
Assam,Udalguri,Delivery Care (for births in the 5 years before the survey),40,Births in a public health facility that were delivered by caesarean section (%),11.8,10.8,False,False
Assam,Udalguri,Postnatal Care (for last birth in the 5 years before the survey),41,Mothers who received postnatal care from a doctor/nurse/LHV/ANM/midwife/other health personnel within 2,80.5,53.1,False,False
Assam,Udalguri,Postnatal Care (for last birth in the 5 years before the survey),42,Children born at home who were taken to a health facility for a check-up within 24 hours of birth (%),*,0.0,True,False
Assam,Udalguri,Postnatal Care (for last birth in the 5 years before the survey),43,Children who received postnatal care from a doctor/nurse/LHV/ANM/midwife/other health personnel within 2,82.5,62.9,False,False
Assam,Udalguri,Child Vaccinations and Vitamin A Supplementation,44,Children age 12-23 months fully vaccinated based on information from either vaccination card or mother's,89.7,38.3,True,False
Assam,Udalguri,Child Vaccinations and Vitamin A Supplementation,45,Children age 12-23 months fully vaccinated based on information from vaccination card only7 (%),88.8,52.0,True,False
Assam,Udalguri,Child Vaccinations and Vitamin A Supplementation,46,Children age 12-23 months who have received any vaccine (%),97.8,82.6,True,False
Assam,Udalguri,Child Vaccinations and Vitamin A Supplementation,47,Children age 12-23 months who have received BCG (%),97.8,78.6,True,False
Assam,Udalguri,Child Vaccinations and Vitamin A Supplementation,48,Children age 12-23 months who have received 3 doses of polio vaccine8 (%),89.7,48.6,True,False
Assam,Udalguri,Child Vaccinations and Vitamin A Supplementation,49,Children age 12-23 months who have received 3 doses of pentavalent vaccine (%),92.5,68.0,True,False
Assam,Udalguri,Child Vaccinations and Vitamin A Supplementation,50,Children age 12-23 months who have received the first dose of measles-containing vaccine (MCV) (%),97.8,75.9,True,False
Assam,Udalguri,Child Vaccinations and Vitamin A Supplementation,51,Children age 24-35 months who have received a second dose of measles-containing vaccine (MCV) (%),63.6,47.8,True,False
Assam,Udalguri,Child Vaccinations and Vitamin A Supplementation,52,Children age 12-23 months who have received birth dose of hepatitis B vaccine (%),83.0,53.9,True,False
Assam,Udalguri,Child Vaccinations and Vitamin A Supplementation,53,Children age 12-23 months who have received 3 doses of rotavirus vaccine (%),89.5,52.2,True,False
Assam,Udalguri,Child Vaccinations and Vitamin A Supplementation,54,Children age 9-35 months who received a vitamin A dose in the last 6 months (%),77.4,53.2,False,False
Assam,Udalguri,Child Vaccinations and Vitamin A Supplementation,55,Children age 12-23 months who received most of their vaccinations in a public health facility (%),96.5,88.0,True,False
Assam,Udalguri,Child Vaccinations and Vitamin A Supplementation,56,Children age 12-23 months who received most of their vaccinations in a private health facility (%),0.9,0.0,True,False
Assam,Udalguri,Treatment of Childhood Diseases (children under age 5 years),57,Prevalence of diarrhoea in the 2 weeks preceding the survey (%),1.7,3.2,False,False
Assam,Udalguri,Treatment of Childhood Diseases (children under age 5 years),58,Prevalence of symptoms of acute respiratory infection (ARI) in the 2 weeks preceding the survey (%),0.0,2.3,False,False
Assam,Udalguri,Treatment of Childhood Diseases (children under age 5 years),59,Children with fever or symptoms of ARI in the 2 weeks preceding the survey taken to a health facility or,*,55.6,True,False
Assam,Udalguri,Child Feeding Practices and Nutritional Status of Children,60,Children under age 3 years breastfed within one hour of birth9 (%),54.0,46.5,False,False
Assam,Udalguri,Child Feeding Practices and Nutritional Status of Children,61,Children under age 6 months exclusively breastfed10 (%),*,*,True,False
Assam,Udalguri,Child Feeding Practices and Nutritional Status of Children,62,Children under age 6 months currently breastfeeding10 (%),*,*,True,False
Assam,Udalguri,Child Feeding Practices and Nutritional Status of Children,63,Children under age 6 months exclusively breastfed or breastfeeding and consuming plain water/other,*,*,True,False
Assam,Udalguri,Child Feeding Practices and Nutritional Status of Children,64,Children age 6-8 months receiving solid or semi-solid food and breastmilk10 (%),*,*,True,False
Assam,Udalguri,Child Feeding Practices and Nutritional Status of Children,65,"Breastfeeding children age 6-23 months receiving an adequate diet10, 11 (%)",15.2,2.6,False,False
Assam,Udalguri,Child Feeding Practices and Nutritional Status of Children,66,"Non-breastfeeding children age 6-23 months receiving an adequate diet10, 11 (%)",*,*,True,False
Assam,Udalguri,Child Feeding Practices and Nutritional Status of Children,67,"Total children age 6-23 months receiving an adequate diet10, 11 (%)",14.9,2.5,False,False
Assam,Udalguri,Child Feeding Practices and Nutritional Status of Children,68,Children under 5 years who are stunted (height-for-age)12 (%),26.7,33.8,False,False
Assam,Udalguri,Child Feeding Practices and Nutritional Status of Children,69,Children under 5 years who are wasted (weight-for-height)12 (%),24.2,21.3,False,False
Assam,Udalguri,Child Feeding Practices and Nutritional Status of Children,70,Children under 5 years who are severely wasted (weight-for-height)13 (%),11.4,11.6,False,False
Assam,Udalguri,Child Feeding Practices and Nutritional Status of Children,71,Children under 5 years who are underweight (weight-for-age)12 (%),24.4,32.5,False,False
Assam,Udalguri,Child Feeding Practices and Nutritional Status of Children,72,Children under 5 years who are overweight (weight-for-height)14 (%),4.1,5.2,False,False
Assam,Udalguri,Nutritional Status of Adults (age 15-49 years),73,Women whose Body Mass Index (BMI) is below normal (BMI <18.5 kg/m2)15 (%),14.2,16.1,False,False
Assam,Udalguri,Nutritional Status of Adults (age 15-49 years),74,Women who are overweight or obese (BMI ≥25.0 kg/m2)15 (%),16.5,14.0,False,False
Assam,Udalguri,Women,75,Blood sugar level - high (141-160 mg/dl)16 (%),6.0,6.6,False,False
Assam,Udalguri,Women,76,Blood sugar level - very high (>160 mg/dl)16 (%),4.0,4.6,False,False
Assam,Udalguri,Women,77,Blood sugar level - high or very high (>140 mg/dl) or taking medicine to control blood sugar level16 (%),10.3,12.1,False,False
Assam,Udalguri,Men,78,Blood sugar level - high (141-160 mg/dl)16 (%),6.1,9.4,False,False
Assam,Udalguri,Men,79,Blood sugar level - very high (>160 mg/dl)16 (%),4.4,6.8,False,False
Assam,Udalguri,Men,80,Blood sugar level - high or very high (>140 mg/dl) or taking medicine to control blood sugar level16 (%),10.8,18.0,False,False
Assam,Udalguri,Women,81,Mildly elevated blood pressure (Systolic 140-159 mm of Hg and/or Diastolic 90-99 mm of Hg) (%),13.4,9.9,False,False
Assam,Udalguri,Women,82,Moderately or severely elevated blood pressure (Systolic ≥160 mm of Hg and/or Diastolic ≥100 mm,5.0,7.0,False,False
Assam,Udalguri,Women,83,Elevated blood pressure (Systolic ≥140 mm of Hg and/or Diastolic ≥90 mm of Hg) or taking medicine to,19.8,19.7,False,False
Assam,Udalguri,Men,84,Mildly elevated blood pressure (Systolic 140-159 mm of Hg and/or Diastolic 90-99 mm of Hg) (%),17.2,15.8,False,False
Assam,Udalguri,Men,85,Moderately or severely elevated blood pressure (Systolic ≥160 mm of Hg and/or Diastolic ≥100 mm,5.2,4.1,False,False
Assam,Udalguri,Men,86,Elevated blood pressure (Systolic ≥140 mm of Hg and/or Diastolic ≥90 mm of Hg) or taking medicine to,24.2,22.6,False,False
Assam,Udalguri,Men,87,Women having a bank or savings account that they themselves use (%),90.1,79.4,False,False
Assam,Udalguri,Men,88,Women having a mobile phone that they themselves use (%),78.6,55.5,False,False
Assam,Udalguri,Men,89,Women age 15-24 years who use hygienic methods of protection during their menstrual period17 (%),73.3,62.4,False,False
Assam,Udalguri,Tobacco Use and Alcohol Consumption among Adults (age 15 years and above),90,Women age 15 years and above who use any kind of tobacco (%),20.8,12.2,False,False
Assam,Udalguri,Tobacco Use and Alcohol Consumption among Adults (age 15 years and above),91,Men age 15 years and above who use any kind of tobacco (%),53.3,50.8,False,False
Assam,Udalguri,Tobacco Use and Alcohol Consumption among Adults (age 15 years and above),92,Women age 15 years and above who consume alcohol (%),12.2,11.1,False,False
Assam,Udalguri,Tobacco Use and Alcohol Consumption among Adults (age 15 years and above),93,Men age 15 years and above who consume alcohol (%),38.8,35.1,False,False
Assam,West Karbi Anglong,Population and Household Profile,1,Population below age 5 years (%),8.7,8.1,False,False
Assam,West Karbi Anglong,Population and Household Profile,2,Population below age 15 years (%),31.5,31.7,False,False
Assam,West Karbi Anglong,Population and Household Profile,3,Population age 60 years and above (%),8.3,6.9,False,False
Assam,West Karbi Anglong,Population and Household Profile,4,Population living in households with electricity (%),83.5,94.7,False,False
Assam,West Karbi Anglong,Population and Household Profile,5,Population living in households with an improved drinking-water source1 (%),60.1,44.7,False,False
Assam,West Karbi Anglong,Population and Household Profile,6,Households using iodized salt (%),97.3,98.9,False,False
Assam,West Karbi Anglong,Population and Household Profile,7,Households with any usual member covered under a health insurance/financing scheme (%),53.2,68.0,False,False
Assam,West Karbi Anglong,Population and Household Profile,8,Households with any usual member having a bank account/post office account (%),93.9,96.0,False,False
Assam,West Karbi Anglong,Population and Household Profile,9,Female population age 6 years and above who ever attended school (%),76.4,73.8,False,False
Assam,West Karbi Anglong,Population and Household Profile,10,Households with any usual female members owning a house and/or land (alone or jointly with others) (%),9.0,6.6,False,False
Assam,West Karbi Anglong,Population and Household Profile,11,Children age 2-4 years who attended pre-school (%),36.3,28.2,False,False
Assam,West Karbi Anglong,Characteristics of Adults (age 15-49 years),12,Women with 10 or more years of schooling (%),30.2,21.7,False,False
Assam,West Karbi Anglong,Characteristics of Adults (age 15-49 years),13,Men with 10 or more years of schooling (%),37.9,36.2,False,False
Assam,West Karbi Anglong,Characteristics of Adults (age 15-49 years),14,Women who have ever used the internet (%),46.2,28.6,False,False
Assam,West Karbi Anglong,Characteristics of Adults (age 15-49 years),15,Men who have ever used the internet (%),67.1,34.2,False,False
Assam,West Karbi Anglong,Marriage and Fertility,16,Women age 20-24 years married before age 18 years (%),25.6,21.3,False,False
Assam,West Karbi Anglong,Marriage and Fertility,17,Men age 25-29 years married before age 21 years (%),*,*,True,False
Assam,West Karbi Anglong,Marriage and Fertility,18,Three or more births in the 5 years preceding the survey (%),0.5,1.7,False,False
Assam,West Karbi Anglong,Marriage and Fertility,19,Women age 15-19 years who were already mothers or pregnant at the time of the survey (%),9.1,6.0,False,False
Assam,West Karbi Anglong,Marriage and Fertility,20,Any method2 (%),63.7,69.9,False,False
Assam,West Karbi Anglong,Marriage and Fertility,21,Any modern method2 (%),47.3,43.3,False,False
Assam,West Karbi Anglong,Marriage and Fertility,22,Any traditional method (%),16.4,26.6,False,False
Assam,West Karbi Anglong,Marriage and Fertility,23,Female sterilization (%),2.5,7.8,False,False
Assam,West Karbi Anglong,Marriage and Fertility,24,Male sterilization (%),0.2,0.0,False,False
Assam,West Karbi Anglong,Marriage and Fertility,25,Total unmet need3 (%),13.8,7.1,False,False
Assam,West Karbi Anglong,Marriage and Fertility,26,Unmet need for spacing3 (%),9.4,3.2,False,False
Assam,West Karbi Anglong,Marriage and Fertility,27,Unmet need for limiting3 (%),4.4,3.9,False,False
Assam,West Karbi Anglong,Antenatal Care (for last birth in the 5 years before the survey),28,Mothers who had an antenatal check-up in the first trimester (%),54.2,55.5,False,False
Assam,West Karbi Anglong,Antenatal Care (for last birth in the 5 years before the survey),29,Mothers who had any antenatal care visits (%),70.7,89.5,False,False
Assam,West Karbi Anglong,Antenatal Care (for last birth in the 5 years before the survey),30,Mothers who had at least 4 antenatal care visits (%),28.6,46.7,False,False
Assam,West Karbi Anglong,Antenatal Care (for last birth in the 5 years before the survey),31,Mothers whose last birth was protected against neonatal tetanus4 (%),84.4,87.6,False,False
Assam,West Karbi Anglong,Antenatal Care (for last birth in the 5 years before the survey),32,Mothers who consumed iron folic acid for 100 days or more when they were pregnant (%),48.4,39.9,False,False
Assam,West Karbi Anglong,Antenatal Care (for last birth in the 5 years before the survey),33,Mothers who consumed iron folic acid for 180 days or more when they were pregnant (%),35.2,10.6,False,False
Assam,West Karbi Anglong,Antenatal Care (for last birth in the 5 years before the survey),34,Registered pregnancies for which the mother received a Mother and Child Protection (MCP) card (%),93.4,98.7,False,False
Assam,West Karbi Anglong,Delivery Care (for births in the 5 years before the survey),35,Institutional births (%),58.1,72.5,False,False
Assam,West Karbi Anglong,Delivery Care (for births in the 5 years before the survey),36,Institutional births in public facility (%),52.9,68.9,False,False
Assam,West Karbi Anglong,Delivery Care (for births in the 5 years before the survey),37,Births attended by skilled health personnel5 (%),55.0,84.5,False,False
Assam,West Karbi Anglong,Delivery Care (for births in the 5 years before the survey),38,Births delivered by caesarean section (%),7.5,6.4,False,False
Assam,West Karbi Anglong,Delivery Care (for births in the 5 years before the survey),39,Births in a private health facility that were delivered by caesarean section (%),*,*,True,False
Assam,West Karbi Anglong,Delivery Care (for births in the 5 years before the survey),40,Births in a public health facility that were delivered by caesarean section (%),6.4,6.0,False,False
Assam,West Karbi Anglong,Postnatal Care (for last birth in the 5 years before the survey),41,Mothers who received postnatal care from a doctor/nurse/LHV/ANM/midwife/other health personnel within 2,45.7,55.7,False,False
Assam,West Karbi Anglong,Postnatal Care (for last birth in the 5 years before the survey),42,Children born at home who were taken to a health facility for a check-up within 24 hours of birth (%),0.6,1.3,False,False
Assam,West Karbi Anglong,Postnatal Care (for last birth in the 5 years before the survey),43,Children who received postnatal care from a doctor/nurse/LHV/ANM/midwife/other health personnel within 2,48.8,60.5,False,False
Assam,West Karbi Anglong,Child Vaccinations and Vitamin A Supplementation,44,Children age 12-23 months fully vaccinated based on information from either vaccination card or mother's,51.6,47.9,False,False
Assam,West Karbi Anglong,Child Vaccinations and Vitamin A Supplementation,45,Children age 12-23 months fully vaccinated based on information from vaccination card only7 (%),77.8,54.5,True,False
Assam,West Karbi Anglong,Child Vaccinations and Vitamin A Supplementation,46,Children age 12-23 months who have received any vaccine (%),73.5,92.7,False,False
Assam,West Karbi Anglong,Child Vaccinations and Vitamin A Supplementation,47,Children age 12-23 months who have received BCG (%),67.4,92.7,False,False
Assam,West Karbi Anglong,Child Vaccinations and Vitamin A Supplementation,48,Children age 12-23 months who have received 3 doses of polio vaccine8 (%),53.3,52.9,False,False
Assam,West Karbi Anglong,Child Vaccinations and Vitamin A Supplementation,49,Children age 12-23 months who have received 3 doses of pentavalent vaccine (%),55.4,70.3,False,False
Assam,West Karbi Anglong,Child Vaccinations and Vitamin A Supplementation,50,Children age 12-23 months who have received the first dose of measles-containing vaccine (MCV) (%),58.5,66.6,False,False
Assam,West Karbi Anglong,Child Vaccinations and Vitamin A Supplementation,51,Children age 24-35 months who have received a second dose of measles-containing vaccine (MCV) (%),32.6,29.7,False,False
Assam,West Karbi Anglong,Child Vaccinations and Vitamin A Supplementation,52,Children age 12-23 months who have received birth dose of hepatitis B vaccine (%),44.1,36.9,False,False
Assam,West Karbi Anglong,Child Vaccinations and Vitamin A Supplementation,53,Children age 12-23 months who have received 3 doses of rotavirus vaccine (%),47.4,50.5,False,False
Assam,West Karbi Anglong,Child Vaccinations and Vitamin A Supplementation,54,Children age 9-35 months who received a vitamin A dose in the last 6 months (%),53.0,42.1,False,False
Assam,West Karbi Anglong,Child Vaccinations and Vitamin A Supplementation,55,Children age 12-23 months who received most of their vaccinations in a public health facility (%),88.0,100.0,True,False
Assam,West Karbi Anglong,Child Vaccinations and Vitamin A Supplementation,56,Children age 12-23 months who received most of their vaccinations in a private health facility (%),0.0,0.0,True,False
Assam,West Karbi Anglong,Treatment of Childhood Diseases (children under age 5 years),57,Prevalence of diarrhoea in the 2 weeks preceding the survey (%),3.0,6.8,False,False
Assam,West Karbi Anglong,Treatment of Childhood Diseases (children under age 5 years),58,Prevalence of symptoms of acute respiratory infection (ARI) in the 2 weeks preceding the survey (%),1.3,2.9,False,False
Assam,West Karbi Anglong,Treatment of Childhood Diseases (children under age 5 years),59,Children with fever or symptoms of ARI in the 2 weeks preceding the survey taken to a health facility or,*,50.7,True,False
Assam,West Karbi Anglong,Child Feeding Practices and Nutritional Status of Children,60,Children under age 3 years breastfed within one hour of birth9 (%),60.4,56.2,False,False
Assam,West Karbi Anglong,Child Feeding Practices and Nutritional Status of Children,61,Children under age 6 months exclusively breastfed10 (%),62.3,75.6,True,False
Assam,West Karbi Anglong,Child Feeding Practices and Nutritional Status of Children,62,Children under age 6 months currently breastfeeding10 (%),94.7,90.5,True,False
Assam,West Karbi Anglong,Child Feeding Practices and Nutritional Status of Children,63,Children under age 6 months exclusively breastfed or breastfeeding and consuming plain water/other,65.4,88.0,True,False
Assam,West Karbi Anglong,Child Feeding Practices and Nutritional Status of Children,64,Children age 6-8 months receiving solid or semi-solid food and breastmilk10 (%),*,*,True,False
Assam,West Karbi Anglong,Child Feeding Practices and Nutritional Status of Children,65,"Breastfeeding children age 6-23 months receiving an adequate diet10, 11 (%)",11.9,14.5,False,False
Assam,West Karbi Anglong,Child Feeding Practices and Nutritional Status of Children,66,"Non-breastfeeding children age 6-23 months receiving an adequate diet10, 11 (%)",*,*,True,False
Assam,West Karbi Anglong,Child Feeding Practices and Nutritional Status of Children,67,"Total children age 6-23 months receiving an adequate diet10, 11 (%)",12.1,12.8,False,False
Assam,West Karbi Anglong,Child Feeding Practices and Nutritional Status of Children,68,Children under 5 years who are stunted (height-for-age)12 (%),27.2,40.9,False,False
Assam,West Karbi Anglong,Child Feeding Practices and Nutritional Status of Children,69,Children under 5 years who are wasted (weight-for-height)12 (%),17.9,23.2,False,False
Assam,West Karbi Anglong,Child Feeding Practices and Nutritional Status of Children,70,Children under 5 years who are severely wasted (weight-for-height)13 (%),7.0,12.7,False,False
Assam,West Karbi Anglong,Child Feeding Practices and Nutritional Status of Children,71,Children under 5 years who are underweight (weight-for-age)12 (%),17.1,31.1,False,False
Assam,West Karbi Anglong,Child Feeding Practices and Nutritional Status of Children,72,Children under 5 years who are overweight (weight-for-height)14 (%),6.4,3.9,False,False
Assam,West Karbi Anglong,Nutritional Status of Adults (age 15-49 years),73,Women whose Body Mass Index (BMI) is below normal (BMI <18.5 kg/m2)15 (%),10.6,13.1,False,False
Assam,West Karbi Anglong,Nutritional Status of Adults (age 15-49 years),74,Women who are overweight or obese (BMI ≥25.0 kg/m2)15 (%),17.8,9.4,False,False
Assam,West Karbi Anglong,Women,75,Blood sugar level - high (141-160 mg/dl)16 (%),4.7,6.0,False,False
Assam,West Karbi Anglong,Women,76,Blood sugar level - very high (>160 mg/dl)16 (%),3.9,2.1,False,False
Assam,West Karbi Anglong,Women,77,Blood sugar level - high or very high (>140 mg/dl) or taking medicine to control blood sugar level16 (%),8.7,9.1,False,False
Assam,West Karbi Anglong,Men,78,Blood sugar level - high (141-160 mg/dl)16 (%),5.9,8.6,False,False
Assam,West Karbi Anglong,Men,79,Blood sugar level - very high (>160 mg/dl)16 (%),6.0,2.3,False,False
Assam,West Karbi Anglong,Men,80,Blood sugar level - high or very high (>140 mg/dl) or taking medicine to control blood sugar level16 (%),12.0,12.2,False,False
Assam,West Karbi Anglong,Women,81,Mildly elevated blood pressure (Systolic 140-159 mm of Hg and/or Diastolic 90-99 mm of Hg) (%),10.4,11.3,False,False
Assam,West Karbi Anglong,Women,82,Moderately or severely elevated blood pressure (Systolic ≥160 mm of Hg and/or Diastolic ≥100 mm,5.3,4.2,False,False
Assam,West Karbi Anglong,Women,83,Elevated blood pressure (Systolic ≥140 mm of Hg and/or Diastolic ≥90 mm of Hg) or taking medicine to,16.4,17.0,False,False
Assam,West Karbi Anglong,Men,84,Mildly elevated blood pressure (Systolic 140-159 mm of Hg and/or Diastolic 90-99 mm of Hg) (%),13.4,17.0,False,False
Assam,West Karbi Anglong,Men,85,Moderately or severely elevated blood pressure (Systolic ≥160 mm of Hg and/or Diastolic ≥100 mm,5.3,3.3,False,False
Assam,West Karbi Anglong,Men,86,Elevated blood pressure (Systolic ≥140 mm of Hg and/or Diastolic ≥90 mm of Hg) or taking medicine to,20.0,22.2,False,False
Assam,West Karbi Anglong,Men,87,Women having a bank or savings account that they themselves use (%),76.8,68.9,False,False
Assam,West Karbi Anglong,Men,88,Women having a mobile phone that they themselves use (%),73.4,47.3,False,False
Assam,West Karbi Anglong,Men,89,Women age 15-24 years who use hygienic methods of protection during their menstrual period17 (%),71.3,77.3,False,False
Assam,West Karbi Anglong,Tobacco Use and Alcohol Consumption among Adults (age 15 years and above),90,Women age 15 years and above who use any kind of tobacco (%),13.7,20.2,False,False
Assam,West Karbi Anglong,Tobacco Use and Alcohol Consumption among Adults (age 15 years and above),91,Men age 15 years and above who use any kind of tobacco (%),50.9,58.2,False,False
Assam,West Karbi Anglong,Tobacco Use and Alcohol Consumption among Adults (age 15 years and above),92,Women age 15 years and above who consume alcohol (%),17.2,23.0,False,False
Assam,West Karbi Anglong,Tobacco Use and Alcohol Consumption among Adults (age 15 years and above),93,Men age 15 years and above who consume alcohol (%),46.6,54.2,False,False
