state,district,category,indicator_no,indicator,nfhs6_value,nfhs5_value,small_sample_flag,boundary_change_single_round
Meghalaya,East Garo Hills,Population and Household Profile,1,Population below age 5 years (%),8.3,8.0,False,False
Meghalaya,East Garo Hills,Population and Household Profile,2,Population below age 15 years (%),36.0,31.1,False,False
Meghalaya,East Garo Hills,Population and Household Profile,3,Population age 60 years and above (%),5.8,2.5,False,False
Meghalaya,East Garo Hills,Population and Household Profile,4,Population living in households with electricity (%),94.8,97.4,False,False
Meghalaya,East Garo Hills,Population and Household Profile,5,Population living in households with an improved drinking-water source1 (%),61.1,67.0,False,False
Meghalaya,East Garo Hills,Population and Household Profile,6,Households using iodized salt (%),96.2,69.0,False,False
Meghalaya,East Garo Hills,Population and Household Profile,7,Households with any usual member covered under a health insurance/financing scheme (%),78.9,76.7,False,False
Meghalaya,East Garo Hills,Population and Household Profile,8,Households with any usual member having a bank account/post office account (%),95.5,91.4,False,False
Meghalaya,East Garo Hills,Population and Household Profile,9,Female population age 6 years and above who ever attended school (%),79.6,90.9,False,False
Meghalaya,East Garo Hills,Population and Household Profile,10,Households with any usual female members owning a house and/or land (alone or jointly with others) (%),72.2,50.9,False,False
Meghalaya,East Garo Hills,Population and Household Profile,11,Children age 2-4 years who attended pre-school (%),10.1,26.4,False,False
Meghalaya,East Garo Hills,Characteristics of Adults (age 15-49 years),12,Women with 10 or more years of schooling (%),27.1,40.5,False,False
Meghalaya,East Garo Hills,Characteristics of Adults (age 15-49 years),13,Men with 10 or more years of schooling (%),25.1,38.5,False,False
Meghalaya,East Garo Hills,Characteristics of Adults (age 15-49 years),14,Women who have ever used the internet (%),47.8,32.9,False,False
Meghalaya,East Garo Hills,Characteristics of Adults (age 15-49 years),15,Men who have ever used the internet (%),62.1,30.8,False,False
Meghalaya,East Garo Hills,Marriage and Fertility,16,Women age 20-24 years married before age 18 years (%),15.5,13.7,False,False
Meghalaya,East Garo Hills,Marriage and Fertility,17,Men age 25-29 years married before age 21 years (%),6.6,22.3,True,False
Meghalaya,East Garo Hills,Marriage and Fertility,18,Three or more births in the 5 years preceding the survey (%),1.7,1.9,False,False
Meghalaya,East Garo Hills,Marriage and Fertility,19,Women age 15-19 years who were already mothers or pregnant at the time of the survey (%),5.5,2.2,False,False
Meghalaya,East Garo Hills,Marriage and Fertility,20,Any method2 (%),57.8,37.0,False,False
Meghalaya,East Garo Hills,Marriage and Fertility,21,Any modern method2 (%),46.5,35.8,False,False
Meghalaya,East Garo Hills,Marriage and Fertility,22,Any traditional method (%),11.3,1.2,False,False
Meghalaya,East Garo Hills,Marriage and Fertility,23,Female sterilization (%),5.5,4.4,False,False
Meghalaya,East Garo Hills,Marriage and Fertility,24,Male sterilization (%),0.0,0.0,False,False
Meghalaya,East Garo Hills,Marriage and Fertility,25,Total unmet need3 (%),16.8,21.0,False,False
Meghalaya,East Garo Hills,Marriage and Fertility,26,Unmet need for spacing3 (%),15.2,12.4,False,False
Meghalaya,East Garo Hills,Marriage and Fertility,27,Unmet need for limiting3 (%),1.6,8.6,False,False
Meghalaya,East Garo Hills,Antenatal Care (for last birth in the 5 years before the survey),28,Mothers who had an antenatal check-up in the first trimester (%),34.4,59.2,False,False
Meghalaya,East Garo Hills,Antenatal Care (for last birth in the 5 years before the survey),29,Mothers who had any antenatal care visits (%),76.2,74.0,False,False
Meghalaya,East Garo Hills,Antenatal Care (for last birth in the 5 years before the survey),30,Mothers who had at least 4 antenatal care visits (%),47.4,25.5,False,False
Meghalaya,East Garo Hills,Antenatal Care (for last birth in the 5 years before the survey),31,Mothers whose last birth was protected against neonatal tetanus4 (%),76.1,74.5,False,False
Meghalaya,East Garo Hills,Antenatal Care (for last birth in the 5 years before the survey),32,Mothers who consumed iron folic acid for 100 days or more when they were pregnant (%),47.0,28.8,False,False
Meghalaya,East Garo Hills,Antenatal Care (for last birth in the 5 years before the survey),33,Mothers who consumed iron folic acid for 180 days or more when they were pregnant (%),25.6,7.0,False,False
Meghalaya,East Garo Hills,Antenatal Care (for last birth in the 5 years before the survey),34,Registered pregnancies for which the mother received a Mother and Child Protection (MCP) card (%),99.0,92.1,False,False
Meghalaya,East Garo Hills,Delivery Care (for births in the 5 years before the survey),35,Institutional births (%),47.6,73.8,False,False
Meghalaya,East Garo Hills,Delivery Care (for births in the 5 years before the survey),36,Institutional births in public facility (%),47.2,73.5,False,False
Meghalaya,East Garo Hills,Delivery Care (for births in the 5 years before the survey),37,Births attended by skilled health personnel5 (%),52.9,80.8,False,False
Meghalaya,East Garo Hills,Delivery Care (for births in the 5 years before the survey),38,Births delivered by caesarean section (%),1.3,4.0,False,False
Meghalaya,East Garo Hills,Delivery Care (for births in the 5 years before the survey),39,Births in a private health facility that were delivered by caesarean section (%),*,*,True,False
Meghalaya,East Garo Hills,Delivery Care (for births in the 5 years before the survey),40,Births in a public health facility that were delivered by caesarean section (%),2.3,5.0,False,False
Meghalaya,East Garo Hills,Postnatal Care (for last birth in the 5 years before the survey),41,Mothers who received postnatal care from a doctor/nurse/LHV/ANM/midwife/other health personnel within 2,48.4,59.9,False,False
Meghalaya,East Garo Hills,Postnatal Care (for last birth in the 5 years before the survey),42,Children born at home who were taken to a health facility for a check-up within 24 hours of birth (%),0.7,0.0,False,False
Meghalaya,East Garo Hills,Postnatal Care (for last birth in the 5 years before the survey),43,Children who received postnatal care from a doctor/nurse/LHV/ANM/midwife/other health personnel within 2,47.7,57.5,False,False
Meghalaya,East Garo Hills,Child Vaccinations and Vitamin A Supplementation,44,Children age 12-23 months fully vaccinated based on information from either vaccination card or mother's,68.9,72.4,False,False
Meghalaya,East Garo Hills,Child Vaccinations and Vitamin A Supplementation,45,Children age 12-23 months fully vaccinated based on information from vaccination card only7 (%),90.1,94.5,True,False
Meghalaya,East Garo Hills,Child Vaccinations and Vitamin A Supplementation,46,Children age 12-23 months who have received any vaccine (%),76.3,87.5,False,False
Meghalaya,East Garo Hills,Child Vaccinations and Vitamin A Supplementation,47,Children age 12-23 months who have received BCG (%),76.3,81.5,False,False
Meghalaya,East Garo Hills,Child Vaccinations and Vitamin A Supplementation,48,Children age 12-23 months who have received 3 doses of polio vaccine8 (%),70.1,76.6,False,False
Meghalaya,East Garo Hills,Child Vaccinations and Vitamin A Supplementation,49,Children age 12-23 months who have received 3 doses of pentavalent vaccine (%),70.3,83.3,False,False
Meghalaya,East Garo Hills,Child Vaccinations and Vitamin A Supplementation,50,Children age 12-23 months who have received the first dose of measles-containing vaccine (MCV) (%),71.6,83.3,False,False
Meghalaya,East Garo Hills,Child Vaccinations and Vitamin A Supplementation,51,Children age 24-35 months who have received a second dose of measles-containing vaccine (MCV) (%),49.0,13.0,False,False
Meghalaya,East Garo Hills,Child Vaccinations and Vitamin A Supplementation,52,Children age 12-23 months who have received birth dose of hepatitis B vaccine (%),52.6,60.9,False,False
Meghalaya,East Garo Hills,Child Vaccinations and Vitamin A Supplementation,53,Children age 12-23 months who have received 3 doses of rotavirus vaccine (%),61.7,12.5,False,False
Meghalaya,East Garo Hills,Child Vaccinations and Vitamin A Supplementation,54,Children age 9-35 months who received a vitamin A dose in the last 6 months (%),60.7,56.6,False,False
Meghalaya,East Garo Hills,Child Vaccinations and Vitamin A Supplementation,55,Children age 12-23 months who received most of their vaccinations in a public health facility (%),94.5,93.8,True,False
Meghalaya,East Garo Hills,Child Vaccinations and Vitamin A Supplementation,56,Children age 12-23 months who received most of their vaccinations in a private health facility (%),0.0,0.0,True,False
Meghalaya,East Garo Hills,Treatment of Childhood Diseases (children under age 5 years),57,Prevalence of diarrhoea in the 2 weeks preceding the survey (%),8.6,9.2,False,False
Meghalaya,East Garo Hills,Treatment of Childhood Diseases (children under age 5 years),58,Prevalence of symptoms of acute respiratory infection (ARI) in the 2 weeks preceding the survey (%),0.0,1.6,False,False
Meghalaya,East Garo Hills,Treatment of Childhood Diseases (children under age 5 years),59,Children with fever or symptoms of ARI in the 2 weeks preceding the survey taken to a health facility or,31.9,64.1,True,False
Meghalaya,East Garo Hills,Child Feeding Practices and Nutritional Status of Children,60,Children under age 3 years breastfed within one hour of birth9 (%),82.9,48.0,False,False
Meghalaya,East Garo Hills,Child Feeding Practices and Nutritional Status of Children,61,Children under age 6 months exclusively breastfed10 (%),50.1,*,True,False
Meghalaya,East Garo Hills,Child Feeding Practices and Nutritional Status of Children,62,Children under age 6 months currently breastfeeding10 (%),100.0,*,True,False
Meghalaya,East Garo Hills,Child Feeding Practices and Nutritional Status of Children,63,Children under age 6 months exclusively breastfed or breastfeeding and consuming plain water/other,80.2,*,True,False
Meghalaya,East Garo Hills,Child Feeding Practices and Nutritional Status of Children,64,Children age 6-8 months receiving solid or semi-solid food and breastmilk10 (%),*,*,True,False
Meghalaya,East Garo Hills,Child Feeding Practices and Nutritional Status of Children,65,"Breastfeeding children age 6-23 months receiving an adequate diet10, 11 (%)",17.3,41.3,False,False
Meghalaya,East Garo Hills,Child Feeding Practices and Nutritional Status of Children,66,"Non-breastfeeding children age 6-23 months receiving an adequate diet10, 11 (%)",*,*,True,False
Meghalaya,East Garo Hills,Child Feeding Practices and Nutritional Status of Children,67,"Total children age 6-23 months receiving an adequate diet10, 11 (%)",16.4,43.9,False,False
Meghalaya,East Garo Hills,Child Feeding Practices and Nutritional Status of Children,68,Children under 5 years who are stunted (height-for-age)12 (%),26.4,39.7,False,False
Meghalaya,East Garo Hills,Child Feeding Practices and Nutritional Status of Children,69,Children under 5 years who are wasted (weight-for-height)12 (%),18.1,20.1,False,False
Meghalaya,East Garo Hills,Child Feeding Practices and Nutritional Status of Children,70,Children under 5 years who are severely wasted (weight-for-height)13 (%),10.9,6.2,False,False
Meghalaya,East Garo Hills,Child Feeding Practices and Nutritional Status of Children,71,Children under 5 years who are underweight (weight-for-age)12 (%),29.8,26.5,False,False
Meghalaya,East Garo Hills,Child Feeding Practices and Nutritional Status of Children,72,Children under 5 years who are overweight (weight-for-height)14 (%),2.8,4.1,False,False
Meghalaya,East Garo Hills,Nutritional Status of Adults (age 15-49 years),73,Women whose Body Mass Index (BMI) is below normal (BMI <18.5 kg/m2)15 (%),3.8,8.5,False,False
Meghalaya,East Garo Hills,Nutritional Status of Adults (age 15-49 years),74,Women who are overweight or obese (BMI ≥25.0 kg/m2)15 (%),12.6,7.0,False,False
Meghalaya,East Garo Hills,Women,75,Blood sugar level - high (141-160 mg/dl)16 (%),3.9,6.3,False,False
Meghalaya,East Garo Hills,Women,76,Blood sugar level - very high (>160 mg/dl)16 (%),0.9,2.0,False,False
Meghalaya,East Garo Hills,Women,77,Blood sugar level - high or very high (>140 mg/dl) or taking medicine to control blood sugar level16 (%),4.9,9.3,False,False
Meghalaya,East Garo Hills,Men,78,Blood sugar level - high (141-160 mg/dl)16 (%),4.6,12.0,False,False
Meghalaya,East Garo Hills,Men,79,Blood sugar level - very high (>160 mg/dl)16 (%),1.2,3.6,False,False
Meghalaya,East Garo Hills,Men,80,Blood sugar level - high or very high (>140 mg/dl) or taking medicine to control blood sugar level16 (%),6.1,16.2,False,False
Meghalaya,East Garo Hills,Women,81,Mildly elevated blood pressure (Systolic 140-159 mm of Hg and/or Diastolic 90-99 mm of Hg) (%),9.3,8.5,False,False
Meghalaya,East Garo Hills,Women,82,Moderately or severely elevated blood pressure (Systolic ≥160 mm of Hg and/or Diastolic ≥100 mm,1.6,2.9,False,False
Meghalaya,East Garo Hills,Women,83,Elevated blood pressure (Systolic ≥140 mm of Hg and/or Diastolic ≥90 mm of Hg) or taking medicine to,11.0,15.3,False,False
Meghalaya,East Garo Hills,Men,84,Mildly elevated blood pressure (Systolic 140-159 mm of Hg and/or Diastolic 90-99 mm of Hg) (%),10.8,16.4,False,False
Meghalaya,East Garo Hills,Men,85,Moderately or severely elevated blood pressure (Systolic ≥160 mm of Hg and/or Diastolic ≥100 mm,2.4,4.4,False,False
Meghalaya,East Garo Hills,Men,86,Elevated blood pressure (Systolic ≥140 mm of Hg and/or Diastolic ≥90 mm of Hg) or taking medicine to,13.5,23.2,False,False
Meghalaya,East Garo Hills,Men,87,Women having a bank or savings account that they themselves use (%),76.7,66.3,False,False
Meghalaya,East Garo Hills,Men,88,Women having a mobile phone that they themselves use (%),70.7,61.8,False,False
Meghalaya,East Garo Hills,Men,89,Women age 15-24 years who use hygienic methods of protection during their menstrual period17 (%),61.5,75.7,False,False
Meghalaya,East Garo Hills,Tobacco Use and Alcohol Consumption among Adults (age 15 years and above),90,Women age 15 years and above who use any kind of tobacco (%),13.9,6.3,False,False
Meghalaya,East Garo Hills,Tobacco Use and Alcohol Consumption among Adults (age 15 years and above),91,Men age 15 years and above who use any kind of tobacco (%),58.6,54.0,False,False
Meghalaya,East Garo Hills,Tobacco Use and Alcohol Consumption among Adults (age 15 years and above),92,Women age 15 years and above who consume alcohol (%),0.8,0.9,False,False
Meghalaya,East Garo Hills,Tobacco Use and Alcohol Consumption among Adults (age 15 years and above),93,Men age 15 years and above who consume alcohol (%),33.5,36.8,False,False
Meghalaya,East Jaintia Hills,Population and Household Profile,1,Population below age 5 years (%),12.7,17.7,False,False
Meghalaya,East Jaintia Hills,Population and Household Profile,2,Population below age 15 years (%),40.8,46.1,False,False
Meghalaya,East Jaintia Hills,Population and Household Profile,3,Population age 60 years and above (%),4.9,3.7,False,False
Meghalaya,East Jaintia Hills,Population and Household Profile,4,Population living in households with electricity (%),87.4,85.1,False,False
Meghalaya,East Jaintia Hills,Population and Household Profile,5,Population living in households with an improved drinking-water source1 (%),92.2,74.6,False,False
Meghalaya,East Jaintia Hills,Population and Household Profile,6,Households using iodized salt (%),97.4,97.2,False,False
Meghalaya,East Jaintia Hills,Population and Household Profile,7,Households with any usual member covered under a health insurance/financing scheme (%),89.0,85.3,False,False
Meghalaya,East Jaintia Hills,Population and Household Profile,8,Households with any usual member having a bank account/post office account (%),96.4,90.3,False,False
Meghalaya,East Jaintia Hills,Population and Household Profile,9,Female population age 6 years and above who ever attended school (%),77.5,76.0,False,False
Meghalaya,East Jaintia Hills,Population and Household Profile,10,Households with any usual female members owning a house and/or land (alone or jointly with others) (%),79.8,86.8,False,False
Meghalaya,East Jaintia Hills,Population and Household Profile,11,Children age 2-4 years who attended pre-school (%),23.0,24.0,False,False
Meghalaya,East Jaintia Hills,Characteristics of Adults (age 15-49 years),12,Women with 10 or more years of schooling (%),29.5,23.0,False,False
Meghalaya,East Jaintia Hills,Characteristics of Adults (age 15-49 years),13,Men with 10 or more years of schooling (%),26.3,15.1,False,False
Meghalaya,East Jaintia Hills,Characteristics of Adults (age 15-49 years),14,Women who have ever used the internet (%),58.4,26.4,False,False
Meghalaya,East Jaintia Hills,Characteristics of Adults (age 15-49 years),15,Men who have ever used the internet (%),63.6,40.3,False,False
Meghalaya,East Jaintia Hills,Marriage and Fertility,16,Women age 20-24 years married before age 18 years (%),19.3,25.3,False,False
Meghalaya,East Jaintia Hills,Marriage and Fertility,17,Men age 25-29 years married before age 21 years (%),*,10.7,True,False
Meghalaya,East Jaintia Hills,Marriage and Fertility,18,Three or more births in the 5 years preceding the survey (%),2.5,6.3,False,False
Meghalaya,East Jaintia Hills,Marriage and Fertility,19,Women age 15-19 years who were already mothers or pregnant at the time of the survey (%),4.7,14.4,False,False
Meghalaya,East Jaintia Hills,Marriage and Fertility,20,Any method2 (%),58.8,33.6,False,False
Meghalaya,East Jaintia Hills,Marriage and Fertility,21,Any modern method2 (%),39.1,24.0,False,False
Meghalaya,East Jaintia Hills,Marriage and Fertility,22,Any traditional method (%),19.7,9.6,False,False
Meghalaya,East Jaintia Hills,Marriage and Fertility,23,Female sterilization (%),8.8,9.2,False,False
Meghalaya,East Jaintia Hills,Marriage and Fertility,24,Male sterilization (%),0.0,0.0,False,False
Meghalaya,East Jaintia Hills,Marriage and Fertility,25,Total unmet need3 (%),18.4,26.0,False,False
Meghalaya,East Jaintia Hills,Marriage and Fertility,26,Unmet need for spacing3 (%),16.6,20.1,False,False
Meghalaya,East Jaintia Hills,Marriage and Fertility,27,Unmet need for limiting3 (%),1.8,5.9,False,False
Meghalaya,East Jaintia Hills,Antenatal Care (for last birth in the 5 years before the survey),28,Mothers who had an antenatal check-up in the first trimester (%),68.0,55.5,False,False
Meghalaya,East Jaintia Hills,Antenatal Care (for last birth in the 5 years before the survey),29,Mothers who had any antenatal care visits (%),91.8,88.4,False,False
Meghalaya,East Jaintia Hills,Antenatal Care (for last birth in the 5 years before the survey),30,Mothers who had at least 4 antenatal care visits (%),42.6,58.6,False,False
Meghalaya,East Jaintia Hills,Antenatal Care (for last birth in the 5 years before the survey),31,Mothers whose last birth was protected against neonatal tetanus4 (%),89.2,87.7,False,False
Meghalaya,East Jaintia Hills,Antenatal Care (for last birth in the 5 years before the survey),32,Mothers who consumed iron folic acid for 100 days or more when they were pregnant (%),79.0,51.9,False,False
Meghalaya,East Jaintia Hills,Antenatal Care (for last birth in the 5 years before the survey),33,Mothers who consumed iron folic acid for 180 days or more when they were pregnant (%),50.8,25.7,False,False
Meghalaya,East Jaintia Hills,Antenatal Care (for last birth in the 5 years before the survey),34,Registered pregnancies for which the mother received a Mother and Child Protection (MCP) card (%),99.4,94.6,False,False
Meghalaya,East Jaintia Hills,Delivery Care (for births in the 5 years before the survey),35,Institutional births (%),68.2,48.4,False,False
Meghalaya,East Jaintia Hills,Delivery Care (for births in the 5 years before the survey),36,Institutional births in public facility (%),58.1,36.3,False,False
Meghalaya,East Jaintia Hills,Delivery Care (for births in the 5 years before the survey),37,Births attended by skilled health personnel5 (%),72.2,55.7,False,False
Meghalaya,East Jaintia Hills,Delivery Care (for births in the 5 years before the survey),38,Births delivered by caesarean section (%),6.1,8.0,False,False
Meghalaya,East Jaintia Hills,Delivery Care (for births in the 5 years before the survey),39,Births in a private health facility that were delivered by caesarean section (%),30.7,40.3,False,False
Meghalaya,East Jaintia Hills,Delivery Care (for births in the 5 years before the survey),40,Births in a public health facility that were delivered by caesarean section (%),5.2,8.6,False,False
Meghalaya,East Jaintia Hills,Postnatal Care (for last birth in the 5 years before the survey),41,Mothers who received postnatal care from a doctor/nurse/LHV/ANM/midwife/other health personnel within 2,59.3,49.1,False,False
Meghalaya,East Jaintia Hills,Postnatal Care (for last birth in the 5 years before the survey),42,Children born at home who were taken to a health facility for a check-up within 24 hours of birth (%),4.8,0.4,False,False
Meghalaya,East Jaintia Hills,Postnatal Care (for last birth in the 5 years before the survey),43,Children who received postnatal care from a doctor/nurse/LHV/ANM/midwife/other health personnel within 2,57.8,45.0,False,False
Meghalaya,East Jaintia Hills,Child Vaccinations and Vitamin A Supplementation,44,Children age 12-23 months fully vaccinated based on information from either vaccination card or mother's,91.8,74.4,False,False
Meghalaya,East Jaintia Hills,Child Vaccinations and Vitamin A Supplementation,45,Children age 12-23 months fully vaccinated based on information from vaccination card only7 (%),96.1,82.4,False,False
Meghalaya,East Jaintia Hills,Child Vaccinations and Vitamin A Supplementation,46,Children age 12-23 months who have received any vaccine (%),95.4,95.7,False,False
Meghalaya,East Jaintia Hills,Child Vaccinations and Vitamin A Supplementation,47,Children age 12-23 months who have received BCG (%),95.4,92.6,False,False
Meghalaya,East Jaintia Hills,Child Vaccinations and Vitamin A Supplementation,48,Children age 12-23 months who have received 3 doses of polio vaccine8 (%),91.8,80.8,False,False
Meghalaya,East Jaintia Hills,Child Vaccinations and Vitamin A Supplementation,49,Children age 12-23 months who have received 3 doses of pentavalent vaccine (%),91.8,84.0,False,False
Meghalaya,East Jaintia Hills,Child Vaccinations and Vitamin A Supplementation,50,Children age 12-23 months who have received the first dose of measles-containing vaccine (MCV) (%),93.6,83.8,False,False
Meghalaya,East Jaintia Hills,Child Vaccinations and Vitamin A Supplementation,51,Children age 24-35 months who have received a second dose of measles-containing vaccine (MCV) (%),82.3,42.9,False,False
Meghalaya,East Jaintia Hills,Child Vaccinations and Vitamin A Supplementation,52,Children age 12-23 months who have received birth dose of hepatitis B vaccine (%),67.0,46.7,False,False
Meghalaya,East Jaintia Hills,Child Vaccinations and Vitamin A Supplementation,53,Children age 12-23 months who have received 3 doses of rotavirus vaccine (%),89.7,0.6,False,False
Meghalaya,East Jaintia Hills,Child Vaccinations and Vitamin A Supplementation,54,Children age 9-35 months who received a vitamin A dose in the last 6 months (%),89.8,70.0,False,False
Meghalaya,East Jaintia Hills,Child Vaccinations and Vitamin A Supplementation,55,Children age 12-23 months who received most of their vaccinations in a public health facility (%),93.8,96.9,False,False
Meghalaya,East Jaintia Hills,Child Vaccinations and Vitamin A Supplementation,56,Children age 12-23 months who received most of their vaccinations in a private health facility (%),0.8,1.2,False,False
Meghalaya,East Jaintia Hills,Treatment of Childhood Diseases (children under age 5 years),57,Prevalence of diarrhoea in the 2 weeks preceding the survey (%),4.2,10.6,False,False
Meghalaya,East Jaintia Hills,Treatment of Childhood Diseases (children under age 5 years),58,Prevalence of symptoms of acute respiratory infection (ARI) in the 2 weeks preceding the survey (%),0.7,4.8,False,False
Meghalaya,East Jaintia Hills,Treatment of Childhood Diseases (children under age 5 years),59,Children with fever or symptoms of ARI in the 2 weeks preceding the survey taken to a health facility or,75.3,72.0,False,False
Meghalaya,East Jaintia Hills,Child Feeding Practices and Nutritional Status of Children,60,Children under age 3 years breastfed within one hour of birth9 (%),70.6,85.3,False,False
Meghalaya,East Jaintia Hills,Child Feeding Practices and Nutritional Status of Children,61,Children under age 6 months exclusively breastfed10 (%),30.8,50.5,False,False
Meghalaya,East Jaintia Hills,Child Feeding Practices and Nutritional Status of Children,62,Children under age 6 months currently breastfeeding10 (%),95.0,100.0,False,False
Meghalaya,East Jaintia Hills,Child Feeding Practices and Nutritional Status of Children,63,Children under age 6 months exclusively breastfed or breastfeeding and consuming plain water/other,63.3,85.0,False,False
Meghalaya,East Jaintia Hills,Child Feeding Practices and Nutritional Status of Children,64,Children age 6-8 months receiving solid or semi-solid food and breastmilk10 (%),67.9,63.1,True,False
Meghalaya,East Jaintia Hills,Child Feeding Practices and Nutritional Status of Children,65,"Breastfeeding children age 6-23 months receiving an adequate diet10, 11 (%)",15.6,25.4,False,False
Meghalaya,East Jaintia Hills,Child Feeding Practices and Nutritional Status of Children,66,"Non-breastfeeding children age 6-23 months receiving an adequate diet10, 11 (%)",*,25.6,True,False
Meghalaya,East Jaintia Hills,Child Feeding Practices and Nutritional Status of Children,67,"Total children age 6-23 months receiving an adequate diet10, 11 (%)",19.6,25.5,False,False
Meghalaya,East Jaintia Hills,Child Feeding Practices and Nutritional Status of Children,68,Children under 5 years who are stunted (height-for-age)12 (%),37.5,49.8,False,False
Meghalaya,East Jaintia Hills,Child Feeding Practices and Nutritional Status of Children,69,Children under 5 years who are wasted (weight-for-height)12 (%),10.7,8.5,False,False
Meghalaya,East Jaintia Hills,Child Feeding Practices and Nutritional Status of Children,70,Children under 5 years who are severely wasted (weight-for-height)13 (%),3.6,2.9,False,False
Meghalaya,East Jaintia Hills,Child Feeding Practices and Nutritional Status of Children,71,Children under 5 years who are underweight (weight-for-age)12 (%),19.5,23.6,False,False
Meghalaya,East Jaintia Hills,Child Feeding Practices and Nutritional Status of Children,72,Children under 5 years who are overweight (weight-for-height)14 (%),2.0,3.7,False,False
Meghalaya,East Jaintia Hills,Nutritional Status of Adults (age 15-49 years),73,Women whose Body Mass Index (BMI) is below normal (BMI <18.5 kg/m2)15 (%),11.0,13.5,False,False
Meghalaya,East Jaintia Hills,Nutritional Status of Adults (age 15-49 years),74,Women who are overweight or obese (BMI ≥25.0 kg/m2)15 (%),16.0,15.2,False,False
Meghalaya,East Jaintia Hills,Women,75,Blood sugar level - high (141-160 mg/dl)16 (%),3.0,3.2,False,False
Meghalaya,East Jaintia Hills,Women,76,Blood sugar level - very high (>160 mg/dl)16 (%),2.7,2.1,False,False
Meghalaya,East Jaintia Hills,Women,77,Blood sugar level - high or very high (>140 mg/dl) or taking medicine to control blood sugar level16 (%),5.8,6.3,False,False
Meghalaya,East Jaintia Hills,Men,78,Blood sugar level - high (141-160 mg/dl)16 (%),3.7,4.0,False,False
Meghalaya,East Jaintia Hills,Men,79,Blood sugar level - very high (>160 mg/dl)16 (%),1.6,3.3,False,False
Meghalaya,East Jaintia Hills,Men,80,Blood sugar level - high or very high (>140 mg/dl) or taking medicine to control blood sugar level16 (%),5.4,7.7,False,False
Meghalaya,East Jaintia Hills,Women,81,Mildly elevated blood pressure (Systolic 140-159 mm of Hg and/or Diastolic 90-99 mm of Hg) (%),12.0,9.0,False,False
Meghalaya,East Jaintia Hills,Women,82,Moderately or severely elevated blood pressure (Systolic ≥160 mm of Hg and/or Diastolic ≥100 mm,5.7,5.9,False,False
Meghalaya,East Jaintia Hills,Women,83,Elevated blood pressure (Systolic ≥140 mm of Hg and/or Diastolic ≥90 mm of Hg) or taking medicine to,19.2,18.7,False,False
Meghalaya,East Jaintia Hills,Men,84,Mildly elevated blood pressure (Systolic 140-159 mm of Hg and/or Diastolic 90-99 mm of Hg) (%),12.5,11.1,False,False
Meghalaya,East Jaintia Hills,Men,85,Moderately or severely elevated blood pressure (Systolic ≥160 mm of Hg and/or Diastolic ≥100 mm,2.8,4.3,False,False
Meghalaya,East Jaintia Hills,Men,86,Elevated blood pressure (Systolic ≥140 mm of Hg and/or Diastolic ≥90 mm of Hg) or taking medicine to,16.2,17.2,False,False
Meghalaya,East Jaintia Hills,Men,87,Women having a bank or savings account that they themselves use (%),82.8,61.9,False,False
Meghalaya,East Jaintia Hills,Men,88,Women having a mobile phone that they themselves use (%),78.7,68.9,False,False
Meghalaya,East Jaintia Hills,Men,89,Women age 15-24 years who use hygienic methods of protection during their menstrual period17 (%),53.2,47.9,False,False
Meghalaya,East Jaintia Hills,Tobacco Use and Alcohol Consumption among Adults (age 15 years and above),90,Women age 15 years and above who use any kind of tobacco (%),59.7,49.2,False,False
Meghalaya,East Jaintia Hills,Tobacco Use and Alcohol Consumption among Adults (age 15 years and above),91,Men age 15 years and above who use any kind of tobacco (%),70.6,68.5,False,False
Meghalaya,East Jaintia Hills,Tobacco Use and Alcohol Consumption among Adults (age 15 years and above),92,Women age 15 years and above who consume alcohol (%),1.9,3.6,False,False
Meghalaya,East Jaintia Hills,Tobacco Use and Alcohol Consumption among Adults (age 15 years and above),93,Men age 15 years and above who consume alcohol (%),32.3,42.0,False,False
Meghalaya,East Khasi Hills,Population and Household Profile,1,Population below age 5 years (%),7.1,11.0,False,False
Meghalaya,East Khasi Hills,Population and Household Profile,2,Population below age 15 years (%),31.0,34.3,False,False
Meghalaya,East Khasi Hills,Population and Household Profile,3,Population age 60 years and above (%),7.2,6.6,False,False
Meghalaya,East Khasi Hills,Population and Household Profile,4,Population living in households with electricity (%),96.9,96.6,False,False
Meghalaya,East Khasi Hills,Population and Household Profile,5,Population living in households with an improved drinking-water source1 (%),94.7,90.0,False,False
Meghalaya,East Khasi Hills,Population and Household Profile,6,Households using iodized salt (%),88.2,93.3,False,False
Meghalaya,East Khasi Hills,Population and Household Profile,7,Households with any usual member covered under a health insurance/financing scheme (%),61.0,51.4,False,False
Meghalaya,East Khasi Hills,Population and Household Profile,8,Households with any usual member having a bank account/post office account (%),86.9,86.9,False,False
Meghalaya,East Khasi Hills,Population and Household Profile,9,Female population age 6 years and above who ever attended school (%),88.1,88.7,False,False
Meghalaya,East Khasi Hills,Population and Household Profile,10,Households with any usual female members owning a house and/or land (alone or jointly with others) (%),51.9,54.2,False,False
Meghalaya,East Khasi Hills,Population and Household Profile,11,Children age 2-4 years who attended pre-school (%),36.4,38.5,False,False
Meghalaya,East Khasi Hills,Characteristics of Adults (age 15-49 years),12,Women with 10 or more years of schooling (%),53.1,43.5,False,False
Meghalaya,East Khasi Hills,Characteristics of Adults (age 15-49 years),13,Men with 10 or more years of schooling (%),49.2,36.0,False,False
Meghalaya,East Khasi Hills,Characteristics of Adults (age 15-49 years),14,Women who have ever used the internet (%),68.8,44.0,False,False
Meghalaya,East Khasi Hills,Characteristics of Adults (age 15-49 years),15,Men who have ever used the internet (%),75.2,39.6,False,False
Meghalaya,East Khasi Hills,Marriage and Fertility,16,Women age 20-24 years married before age 18 years (%),8.5,14.6,False,False
Meghalaya,East Khasi Hills,Marriage and Fertility,17,Men age 25-29 years married before age 21 years (%),9.4,*,True,False
Meghalaya,East Khasi Hills,Marriage and Fertility,18,Three or more births in the 5 years preceding the survey (%),0.3,4.2,False,False
Meghalaya,East Khasi Hills,Marriage and Fertility,19,Women age 15-19 years who were already mothers or pregnant at the time of the survey (%),3.1,8.2,False,False
Meghalaya,East Khasi Hills,Marriage and Fertility,20,Any method2 (%),30.5,12.1,False,False
Meghalaya,East Khasi Hills,Marriage and Fertility,21,Any modern method2 (%),17.1,10.6,False,False
Meghalaya,East Khasi Hills,Marriage and Fertility,22,Any traditional method (%),13.4,1.5,False,False
Meghalaya,East Khasi Hills,Marriage and Fertility,23,Female sterilization (%),4.2,4.3,False,False
Meghalaya,East Khasi Hills,Marriage and Fertility,24,Male sterilization (%),0.2,0.0,False,False
Meghalaya,East Khasi Hills,Marriage and Fertility,25,Total unmet need3 (%),24.7,33.0,False,False
Meghalaya,East Khasi Hills,Marriage and Fertility,26,Unmet need for spacing3 (%),22.2,25.1,False,False
Meghalaya,East Khasi Hills,Marriage and Fertility,27,Unmet need for limiting3 (%),2.5,7.9,False,False
Meghalaya,East Khasi Hills,Antenatal Care (for last birth in the 5 years before the survey),28,Mothers who had an antenatal check-up in the first trimester (%),61.1,56.7,False,False
Meghalaya,East Khasi Hills,Antenatal Care (for last birth in the 5 years before the survey),29,Mothers who had any antenatal care visits (%),86.8,78.1,False,False
Meghalaya,East Khasi Hills,Antenatal Care (for last birth in the 5 years before the survey),30,Mothers who had at least 4 antenatal care visits (%),50.2,57.5,False,False
Meghalaya,East Khasi Hills,Antenatal Care (for last birth in the 5 years before the survey),31,Mothers whose last birth was protected against neonatal tetanus4 (%),87.4,80.2,False,False
Meghalaya,East Khasi Hills,Antenatal Care (for last birth in the 5 years before the survey),32,Mothers who consumed iron folic acid for 100 days or more when they were pregnant (%),57.4,40.1,False,False
Meghalaya,East Khasi Hills,Antenatal Care (for last birth in the 5 years before the survey),33,Mothers who consumed iron folic acid for 180 days or more when they were pregnant (%),47.1,27.1,False,False
Meghalaya,East Khasi Hills,Antenatal Care (for last birth in the 5 years before the survey),34,Registered pregnancies for which the mother received a Mother and Child Protection (MCP) card (%),94.3,87.8,False,False
Meghalaya,East Khasi Hills,Delivery Care (for births in the 5 years before the survey),35,Institutional births (%),79.2,63.4,False,False
Meghalaya,East Khasi Hills,Delivery Care (for births in the 5 years before the survey),36,Institutional births in public facility (%),60.7,48.4,False,False
Meghalaya,East Khasi Hills,Delivery Care (for births in the 5 years before the survey),37,Births attended by skilled health personnel5 (%),83.3,68.7,False,False
Meghalaya,East Khasi Hills,Delivery Care (for births in the 5 years before the survey),38,Births delivered by caesarean section (%),11.4,13.9,False,False
Meghalaya,East Khasi Hills,Delivery Care (for births in the 5 years before the survey),39,Births in a private health facility that were delivered by caesarean section (%),39.2,48.3,False,False
Meghalaya,East Khasi Hills,Delivery Care (for births in the 5 years before the survey),40,Births in a public health facility that were delivered by caesarean section (%),6.8,13.7,False,False
Meghalaya,East Khasi Hills,Postnatal Care (for last birth in the 5 years before the survey),41,Mothers who received postnatal care from a doctor/nurse/LHV/ANM/midwife/other health personnel within 2,45.4,33.6,False,False
Meghalaya,East Khasi Hills,Postnatal Care (for last birth in the 5 years before the survey),42,Children born at home who were taken to a health facility for a check-up within 24 hours of birth (%),3.8,3.7,False,False
Meghalaya,East Khasi Hills,Postnatal Care (for last birth in the 5 years before the survey),43,Children who received postnatal care from a doctor/nurse/LHV/ANM/midwife/other health personnel within 2,51.3,41.6,False,False
Meghalaya,East Khasi Hills,Child Vaccinations and Vitamin A Supplementation,44,Children age 12-23 months fully vaccinated based on information from either vaccination card or mother's,62.1,49.1,False,False
Meghalaya,East Khasi Hills,Child Vaccinations and Vitamin A Supplementation,45,Children age 12-23 months fully vaccinated based on information from vaccination card only7 (%),73.7,69.4,True,False
Meghalaya,East Khasi Hills,Child Vaccinations and Vitamin A Supplementation,46,Children age 12-23 months who have received any vaccine (%),90.4,84.2,False,False
Meghalaya,East Khasi Hills,Child Vaccinations and Vitamin A Supplementation,47,Children age 12-23 months who have received BCG (%),90.4,84.2,False,False
Meghalaya,East Khasi Hills,Child Vaccinations and Vitamin A Supplementation,48,Children age 12-23 months who have received 3 doses of polio vaccine8 (%),66.7,53.2,False,False
Meghalaya,East Khasi Hills,Child Vaccinations and Vitamin A Supplementation,49,Children age 12-23 months who have received 3 doses of pentavalent vaccine (%),69.1,59.2,False,False
Meghalaya,East Khasi Hills,Child Vaccinations and Vitamin A Supplementation,50,Children age 12-23 months who have received the first dose of measles-containing vaccine (MCV) (%),77.3,56.6,False,False
Meghalaya,East Khasi Hills,Child Vaccinations and Vitamin A Supplementation,51,Children age 24-35 months who have received a second dose of measles-containing vaccine (MCV) (%),42.2,23.2,False,False
Meghalaya,East Khasi Hills,Child Vaccinations and Vitamin A Supplementation,52,Children age 12-23 months who have received birth dose of hepatitis B vaccine (%),69.9,43.2,False,False
Meghalaya,East Khasi Hills,Child Vaccinations and Vitamin A Supplementation,53,Children age 12-23 months who have received 3 doses of rotavirus vaccine (%),67.8,5.2,False,False
Meghalaya,East Khasi Hills,Child Vaccinations and Vitamin A Supplementation,54,Children age 9-35 months who received a vitamin A dose in the last 6 months (%),70.4,54.4,False,False
Meghalaya,East Khasi Hills,Child Vaccinations and Vitamin A Supplementation,55,Children age 12-23 months who received most of their vaccinations in a public health facility (%),90.8,87.5,False,False
Meghalaya,East Khasi Hills,Child Vaccinations and Vitamin A Supplementation,56,Children age 12-23 months who received most of their vaccinations in a private health facility (%),9.2,9.9,False,False
Meghalaya,East Khasi Hills,Treatment of Childhood Diseases (children under age 5 years),57,Prevalence of diarrhoea in the 2 weeks preceding the survey (%),2.1,11.5,False,False
Meghalaya,East Khasi Hills,Treatment of Childhood Diseases (children under age 5 years),58,Prevalence of symptoms of acute respiratory infection (ARI) in the 2 weeks preceding the survey (%),0.4,5.1,False,False
Meghalaya,East Khasi Hills,Treatment of Childhood Diseases (children under age 5 years),59,Children with fever or symptoms of ARI in the 2 weeks preceding the survey taken to a health facility or,*,72.7,True,False
Meghalaya,East Khasi Hills,Child Feeding Practices and Nutritional Status of Children,60,Children under age 3 years breastfed within one hour of birth9 (%),75.1,86.3,False,False
Meghalaya,East Khasi Hills,Child Feeding Practices and Nutritional Status of Children,61,Children under age 6 months exclusively breastfed10 (%),53.3,25.1,True,False
Meghalaya,East Khasi Hills,Child Feeding Practices and Nutritional Status of Children,62,Children under age 6 months currently breastfeeding10 (%),94.3,97.5,True,False
Meghalaya,East Khasi Hills,Child Feeding Practices and Nutritional Status of Children,63,Children under age 6 months exclusively breastfed or breastfeeding and consuming plain water/other,75.6,63.0,True,False
Meghalaya,East Khasi Hills,Child Feeding Practices and Nutritional Status of Children,64,Children age 6-8 months receiving solid or semi-solid food and breastmilk10 (%),*,*,True,False
Meghalaya,East Khasi Hills,Child Feeding Practices and Nutritional Status of Children,65,"Breastfeeding children age 6-23 months receiving an adequate diet10, 11 (%)",18.6,32.5,False,False
Meghalaya,East Khasi Hills,Child Feeding Practices and Nutritional Status of Children,66,"Non-breastfeeding children age 6-23 months receiving an adequate diet10, 11 (%)",*,41.3,True,False
Meghalaya,East Khasi Hills,Child Feeding Practices and Nutritional Status of Children,67,"Total children age 6-23 months receiving an adequate diet10, 11 (%)",26.1,34.8,False,False
Meghalaya,East Khasi Hills,Child Feeding Practices and Nutritional Status of Children,68,Children under 5 years who are stunted (height-for-age)12 (%),30.0,44.6,False,False
Meghalaya,East Khasi Hills,Child Feeding Practices and Nutritional Status of Children,69,Children under 5 years who are wasted (weight-for-height)12 (%),17.1,11.2,False,False
Meghalaya,East Khasi Hills,Child Feeding Practices and Nutritional Status of Children,70,Children under 5 years who are severely wasted (weight-for-height)13 (%),9.1,4.9,False,False
Meghalaya,East Khasi Hills,Child Feeding Practices and Nutritional Status of Children,71,Children under 5 years who are underweight (weight-for-age)12 (%),26.4,23.8,False,False
Meghalaya,East Khasi Hills,Child Feeding Practices and Nutritional Status of Children,72,Children under 5 years who are overweight (weight-for-height)14 (%),3.7,4.5,False,False
Meghalaya,East Khasi Hills,Nutritional Status of Adults (age 15-49 years),73,Women whose Body Mass Index (BMI) is below normal (BMI <18.5 kg/m2)15 (%),9.4,11.6,False,False
Meghalaya,East Khasi Hills,Nutritional Status of Adults (age 15-49 years),74,Women who are overweight or obese (BMI ≥25.0 kg/m2)15 (%),15.2,15.6,False,False
Meghalaya,East Khasi Hills,Women,75,Blood sugar level - high (141-160 mg/dl)16 (%),3.4,2.7,False,False
Meghalaya,East Khasi Hills,Women,76,Blood sugar level - very high (>160 mg/dl)16 (%),3.0,3.5,False,False
Meghalaya,East Khasi Hills,Women,77,Blood sugar level - high or very high (>140 mg/dl) or taking medicine to control blood sugar level16 (%),7.3,9.1,False,False
Meghalaya,East Khasi Hills,Men,78,Blood sugar level - high (141-160 mg/dl)16 (%),3.2,3.6,False,False
Meghalaya,East Khasi Hills,Men,79,Blood sugar level - very high (>160 mg/dl)16 (%),3.3,3.4,False,False
Meghalaya,East Khasi Hills,Men,80,Blood sugar level - high or very high (>140 mg/dl) or taking medicine to control blood sugar level16 (%),6.8,9.4,False,False
Meghalaya,East Khasi Hills,Women,81,Mildly elevated blood pressure (Systolic 140-159 mm of Hg and/or Diastolic 90-99 mm of Hg) (%),9.5,11.2,False,False
Meghalaya,East Khasi Hills,Women,82,Moderately or severely elevated blood pressure (Systolic ≥160 mm of Hg and/or Diastolic ≥100 mm,4.3,5.6,False,False
Meghalaya,East Khasi Hills,Women,83,Elevated blood pressure (Systolic ≥140 mm of Hg and/or Diastolic ≥90 mm of Hg) or taking medicine to,16.9,24.5,False,False
Meghalaya,East Khasi Hills,Men,84,Mildly elevated blood pressure (Systolic 140-159 mm of Hg and/or Diastolic 90-99 mm of Hg) (%),13.2,14.5,False,False
Meghalaya,East Khasi Hills,Men,85,Moderately or severely elevated blood pressure (Systolic ≥160 mm of Hg and/or Diastolic ≥100 mm,4.3,4.3,False,False
Meghalaya,East Khasi Hills,Men,86,Elevated blood pressure (Systolic ≥140 mm of Hg and/or Diastolic ≥90 mm of Hg) or taking medicine to,19.2,25.0,False,False
Meghalaya,East Khasi Hills,Men,87,Women having a bank or savings account that they themselves use (%),82.8,70.0,False,False
Meghalaya,East Khasi Hills,Men,88,Women having a mobile phone that they themselves use (%),88.7,67.9,False,False
Meghalaya,East Khasi Hills,Men,89,Women age 15-24 years who use hygienic methods of protection during their menstrual period17 (%),72.9,70.7,False,False
Meghalaya,East Khasi Hills,Tobacco Use and Alcohol Consumption among Adults (age 15 years and above),90,Women age 15 years and above who use any kind of tobacco (%),35.2,29.8,False,False
Meghalaya,East Khasi Hills,Tobacco Use and Alcohol Consumption among Adults (age 15 years and above),91,Men age 15 years and above who use any kind of tobacco (%),52.4,51.9,False,False
Meghalaya,East Khasi Hills,Tobacco Use and Alcohol Consumption among Adults (age 15 years and above),92,Women age 15 years and above who consume alcohol (%),1.1,1.2,False,False
Meghalaya,East Khasi Hills,Tobacco Use and Alcohol Consumption among Adults (age 15 years and above),93,Men age 15 years and above who consume alcohol (%),22.4,24.0,False,False
Meghalaya,North Garo Hills,Population and Household Profile,1,Population below age 5 years (%),8.2,6.8,False,False
Meghalaya,North Garo Hills,Population and Household Profile,2,Population below age 15 years (%),32.1,29.2,False,False
Meghalaya,North Garo Hills,Population and Household Profile,3,Population age 60 years and above (%),6.4,3.7,False,False
Meghalaya,North Garo Hills,Population and Household Profile,4,Population living in households with electricity (%),99.4,97.5,False,False
Meghalaya,North Garo Hills,Population and Household Profile,5,Population living in households with an improved drinking-water source1 (%),68.0,51.5,False,False
Meghalaya,North Garo Hills,Population and Household Profile,6,Households using iodized salt (%),88.8,84.1,False,False
Meghalaya,North Garo Hills,Population and Household Profile,7,Households with any usual member covered under a health insurance/financing scheme (%),67.3,64.0,False,False
Meghalaya,North Garo Hills,Population and Household Profile,8,Households with any usual member having a bank account/post office account (%),88.0,89.8,False,False
Meghalaya,North Garo Hills,Population and Household Profile,9,Female population age 6 years and above who ever attended school (%),84.9,91.3,False,False
Meghalaya,North Garo Hills,Population and Household Profile,10,Households with any usual female members owning a house and/or land (alone or jointly with others) (%),70.5,42.9,False,False
Meghalaya,North Garo Hills,Population and Household Profile,11,Children age 2-4 years who attended pre-school (%),18.5,26.5,False,False
Meghalaya,North Garo Hills,Characteristics of Adults (age 15-49 years),12,Women with 10 or more years of schooling (%),34.3,38.4,False,False
Meghalaya,North Garo Hills,Characteristics of Adults (age 15-49 years),13,Men with 10 or more years of schooling (%),37.5,34.7,False,False
Meghalaya,North Garo Hills,Characteristics of Adults (age 15-49 years),14,Women who have ever used the internet (%),37.2,22.0,False,False
Meghalaya,North Garo Hills,Characteristics of Adults (age 15-49 years),15,Men who have ever used the internet (%),79.7,31.1,False,False
Meghalaya,North Garo Hills,Marriage and Fertility,16,Women age 20-24 years married before age 18 years (%),10.2,13.2,False,False
Meghalaya,North Garo Hills,Marriage and Fertility,17,Men age 25-29 years married before age 21 years (%),*,*,True,False
Meghalaya,North Garo Hills,Marriage and Fertility,18,Three or more births in the 5 years preceding the survey (%),0.4,1.1,False,False
Meghalaya,North Garo Hills,Marriage and Fertility,19,Women age 15-19 years who were already mothers or pregnant at the time of the survey (%),3.4,3.7,False,False
Meghalaya,North Garo Hills,Marriage and Fertility,20,Any method2 (%),45.5,19.2,False,False
Meghalaya,North Garo Hills,Marriage and Fertility,21,Any modern method2 (%),31.3,17.7,False,False
Meghalaya,North Garo Hills,Marriage and Fertility,22,Any traditional method (%),14.2,1.5,False,False
Meghalaya,North Garo Hills,Marriage and Fertility,23,Female sterilization (%),6.1,2.9,False,False
Meghalaya,North Garo Hills,Marriage and Fertility,24,Male sterilization (%),0.0,0.0,False,False
Meghalaya,North Garo Hills,Marriage and Fertility,25,Total unmet need3 (%),15.6,25.2,False,False
Meghalaya,North Garo Hills,Marriage and Fertility,26,Unmet need for spacing3 (%),11.1,12.9,False,False
Meghalaya,North Garo Hills,Marriage and Fertility,27,Unmet need for limiting3 (%),4.5,12.3,False,False
Meghalaya,North Garo Hills,Antenatal Care (for last birth in the 5 years before the survey),28,Mothers who had an antenatal check-up in the first trimester (%),45.4,40.3,False,False
Meghalaya,North Garo Hills,Antenatal Care (for last birth in the 5 years before the survey),29,Mothers who had any antenatal care visits (%),74.8,50.3,False,False
Meghalaya,North Garo Hills,Antenatal Care (for last birth in the 5 years before the survey),30,Mothers who had at least 4 antenatal care visits (%),41.8,24.3,False,False
Meghalaya,North Garo Hills,Antenatal Care (for last birth in the 5 years before the survey),31,Mothers whose last birth was protected against neonatal tetanus4 (%),76.2,55.5,False,False
Meghalaya,North Garo Hills,Antenatal Care (for last birth in the 5 years before the survey),32,Mothers who consumed iron folic acid for 100 days or more when they were pregnant (%),43.3,23.7,False,False
Meghalaya,North Garo Hills,Antenatal Care (for last birth in the 5 years before the survey),33,Mothers who consumed iron folic acid for 180 days or more when they were pregnant (%),29.7,7.9,False,False
Meghalaya,North Garo Hills,Antenatal Care (for last birth in the 5 years before the survey),34,Registered pregnancies for which the mother received a Mother and Child Protection (MCP) card (%),97.4,85.8,False,False
Meghalaya,North Garo Hills,Delivery Care (for births in the 5 years before the survey),35,Institutional births (%),59.6,61.5,False,False
Meghalaya,North Garo Hills,Delivery Care (for births in the 5 years before the survey),36,Institutional births in public facility (%),53.3,60.4,False,False
Meghalaya,North Garo Hills,Delivery Care (for births in the 5 years before the survey),37,Births attended by skilled health personnel5 (%),67.2,63.2,False,False
Meghalaya,North Garo Hills,Delivery Care (for births in the 5 years before the survey),38,Births delivered by caesarean section (%),4.0,3.3,False,False
Meghalaya,North Garo Hills,Delivery Care (for births in the 5 years before the survey),39,Births in a private health facility that were delivered by caesarean section (%),43.5,*,True,False
Meghalaya,North Garo Hills,Delivery Care (for births in the 5 years before the survey),40,Births in a public health facility that were delivered by caesarean section (%),2.4,5.4,False,False
Meghalaya,North Garo Hills,Postnatal Care (for last birth in the 5 years before the survey),41,Mothers who received postnatal care from a doctor/nurse/LHV/ANM/midwife/other health personnel within 2,52.6,40.5,False,False
Meghalaya,North Garo Hills,Postnatal Care (for last birth in the 5 years before the survey),42,Children born at home who were taken to a health facility for a check-up within 24 hours of birth (%),3.0,1.0,False,False
Meghalaya,North Garo Hills,Postnatal Care (for last birth in the 5 years before the survey),43,Children who received postnatal care from a doctor/nurse/LHV/ANM/midwife/other health personnel within 2,54.0,41.8,False,False
Meghalaya,North Garo Hills,Child Vaccinations and Vitamin A Supplementation,44,Children age 12-23 months fully vaccinated based on information from either vaccination card or mother's,55.2,47.5,True,False
Meghalaya,North Garo Hills,Child Vaccinations and Vitamin A Supplementation,45,Children age 12-23 months fully vaccinated based on information from vaccination card only7 (%),71.4,*,True,False
Meghalaya,North Garo Hills,Child Vaccinations and Vitamin A Supplementation,46,Children age 12-23 months who have received any vaccine (%),78.6,75.4,True,False
Meghalaya,North Garo Hills,Child Vaccinations and Vitamin A Supplementation,47,Children age 12-23 months who have received BCG (%),69.4,65.9,True,False
Meghalaya,North Garo Hills,Child Vaccinations and Vitamin A Supplementation,48,Children age 12-23 months who have received 3 doses of polio vaccine8 (%),63.0,54.7,True,False
Meghalaya,North Garo Hills,Child Vaccinations and Vitamin A Supplementation,49,Children age 12-23 months who have received 3 doses of pentavalent vaccine (%),65.0,57.9,True,False
Meghalaya,North Garo Hills,Child Vaccinations and Vitamin A Supplementation,50,Children age 12-23 months who have received the first dose of measles-containing vaccine (MCV) (%),70.2,58.1,True,False
Meghalaya,North Garo Hills,Child Vaccinations and Vitamin A Supplementation,51,Children age 24-35 months who have received a second dose of measles-containing vaccine (MCV) (%),59.4,7.5,False,False
Meghalaya,North Garo Hills,Child Vaccinations and Vitamin A Supplementation,52,Children age 12-23 months who have received birth dose of hepatitis B vaccine (%),64.1,38.3,True,False
Meghalaya,North Garo Hills,Child Vaccinations and Vitamin A Supplementation,53,Children age 12-23 months who have received 3 doses of rotavirus vaccine (%),62.8,8.2,True,False
Meghalaya,North Garo Hills,Child Vaccinations and Vitamin A Supplementation,54,Children age 9-35 months who received a vitamin A dose in the last 6 months (%),51.7,42.6,False,False
Meghalaya,North Garo Hills,Child Vaccinations and Vitamin A Supplementation,55,Children age 12-23 months who received most of their vaccinations in a public health facility (%),93.2,96.9,True,False
Meghalaya,North Garo Hills,Child Vaccinations and Vitamin A Supplementation,56,Children age 12-23 months who received most of their vaccinations in a private health facility (%),2.1,0.0,True,False
Meghalaya,North Garo Hills,Treatment of Childhood Diseases (children under age 5 years),57,Prevalence of diarrhoea in the 2 weeks preceding the survey (%),5.6,6.6,False,False
Meghalaya,North Garo Hills,Treatment of Childhood Diseases (children under age 5 years),58,Prevalence of symptoms of acute respiratory infection (ARI) in the 2 weeks preceding the survey (%),1.2,0.9,False,False
Meghalaya,North Garo Hills,Treatment of Childhood Diseases (children under age 5 years),59,Children with fever or symptoms of ARI in the 2 weeks preceding the survey taken to a health facility or,42.7,56.6,False,False
Meghalaya,North Garo Hills,Child Feeding Practices and Nutritional Status of Children,60,Children under age 3 years breastfed within one hour of birth9 (%),77.2,62.3,False,False
Meghalaya,North Garo Hills,Child Feeding Practices and Nutritional Status of Children,61,Children under age 6 months exclusively breastfed10 (%),40.3,*,True,False
Meghalaya,North Garo Hills,Child Feeding Practices and Nutritional Status of Children,62,Children under age 6 months currently breastfeeding10 (%),100.0,*,True,False
Meghalaya,North Garo Hills,Child Feeding Practices and Nutritional Status of Children,63,Children under age 6 months exclusively breastfed or breastfeeding and consuming plain water/other,66.9,*,True,False
Meghalaya,North Garo Hills,Child Feeding Practices and Nutritional Status of Children,64,Children age 6-8 months receiving solid or semi-solid food and breastmilk10 (%),*,*,True,False
Meghalaya,North Garo Hills,Child Feeding Practices and Nutritional Status of Children,65,"Breastfeeding children age 6-23 months receiving an adequate diet10, 11 (%)",21.9,11.7,False,False
Meghalaya,North Garo Hills,Child Feeding Practices and Nutritional Status of Children,66,"Non-breastfeeding children age 6-23 months receiving an adequate diet10, 11 (%)",*,*,True,False
Meghalaya,North Garo Hills,Child Feeding Practices and Nutritional Status of Children,67,"Total children age 6-23 months receiving an adequate diet10, 11 (%)",22.0,13.2,False,False
Meghalaya,North Garo Hills,Child Feeding Practices and Nutritional Status of Children,68,Children under 5 years who are stunted (height-for-age)12 (%),30.7,35.6,False,False
Meghalaya,North Garo Hills,Child Feeding Practices and Nutritional Status of Children,69,Children under 5 years who are wasted (weight-for-height)12 (%),17.9,11.7,False,False
Meghalaya,North Garo Hills,Child Feeding Practices and Nutritional Status of Children,70,Children under 5 years who are severely wasted (weight-for-height)13 (%),6.7,5.6,False,False
Meghalaya,North Garo Hills,Child Feeding Practices and Nutritional Status of Children,71,Children under 5 years who are underweight (weight-for-age)12 (%),28.6,15.8,False,False
Meghalaya,North Garo Hills,Child Feeding Practices and Nutritional Status of Children,72,Children under 5 years who are overweight (weight-for-height)14 (%),3.6,7.3,False,False
Meghalaya,North Garo Hills,Nutritional Status of Adults (age 15-49 years),73,Women whose Body Mass Index (BMI) is below normal (BMI <18.5 kg/m2)15 (%),5.8,7.7,False,False
Meghalaya,North Garo Hills,Nutritional Status of Adults (age 15-49 years),74,Women who are overweight or obese (BMI ≥25.0 kg/m2)15 (%),12.3,11.1,False,False
Meghalaya,North Garo Hills,Women,75,Blood sugar level - high (141-160 mg/dl)16 (%),3.1,7.8,False,False
Meghalaya,North Garo Hills,Women,76,Blood sugar level - very high (>160 mg/dl)16 (%),2.1,2.7,False,False
Meghalaya,North Garo Hills,Women,77,Blood sugar level - high or very high (>140 mg/dl) or taking medicine to control blood sugar level16 (%),6.5,12.2,False,False
Meghalaya,North Garo Hills,Men,78,Blood sugar level - high (141-160 mg/dl)16 (%),3.3,11.8,False,False
Meghalaya,North Garo Hills,Men,79,Blood sugar level - very high (>160 mg/dl)16 (%),1.5,4.1,False,False
Meghalaya,North Garo Hills,Men,80,Blood sugar level - high or very high (>140 mg/dl) or taking medicine to control blood sugar level16 (%),5.4,18.7,False,False
Meghalaya,North Garo Hills,Women,81,Mildly elevated blood pressure (Systolic 140-159 mm of Hg and/or Diastolic 90-99 mm of Hg) (%),7.2,10.4,False,False
Meghalaya,North Garo Hills,Women,82,Moderately or severely elevated blood pressure (Systolic ≥160 mm of Hg and/or Diastolic ≥100 mm,2.1,4.6,False,False
Meghalaya,North Garo Hills,Women,83,Elevated blood pressure (Systolic ≥140 mm of Hg and/or Diastolic ≥90 mm of Hg) or taking medicine to,12.2,20.0,False,False
Meghalaya,North Garo Hills,Men,84,Mildly elevated blood pressure (Systolic 140-159 mm of Hg and/or Diastolic 90-99 mm of Hg) (%),8.5,15.7,False,False
Meghalaya,North Garo Hills,Men,85,Moderately or severely elevated blood pressure (Systolic ≥160 mm of Hg and/or Diastolic ≥100 mm,2.0,5.3,False,False
Meghalaya,North Garo Hills,Men,86,Elevated blood pressure (Systolic ≥140 mm of Hg and/or Diastolic ≥90 mm of Hg) or taking medicine to,13.3,25.4,False,False
Meghalaya,North Garo Hills,Men,87,Women having a bank or savings account that they themselves use (%),78.8,54.1,False,False
Meghalaya,North Garo Hills,Men,88,Women having a mobile phone that they themselves use (%),76.5,53.3,False,False
Meghalaya,North Garo Hills,Men,89,Women age 15-24 years who use hygienic methods of protection during their menstrual period17 (%),75.9,74.9,False,False
Meghalaya,North Garo Hills,Tobacco Use and Alcohol Consumption among Adults (age 15 years and above),90,Women age 15 years and above who use any kind of tobacco (%),13.9,3.8,False,False
Meghalaya,North Garo Hills,Tobacco Use and Alcohol Consumption among Adults (age 15 years and above),91,Men age 15 years and above who use any kind of tobacco (%),54.8,54.1,False,False
Meghalaya,North Garo Hills,Tobacco Use and Alcohol Consumption among Adults (age 15 years and above),92,Women age 15 years and above who consume alcohol (%),1.9,2.2,False,False
Meghalaya,North Garo Hills,Tobacco Use and Alcohol Consumption among Adults (age 15 years and above),93,Men age 15 years and above who consume alcohol (%),33.4,40.2,False,False
Meghalaya,Ribhoi,Population and Household Profile,1,Population below age 5 years (%),11.0,14.4,False,False
Meghalaya,Ribhoi,Population and Household Profile,2,Population below age 15 years (%),37.3,40.4,False,False
Meghalaya,Ribhoi,Population and Household Profile,3,Population age 60 years and above (%),7.1,4.5,False,False
Meghalaya,Ribhoi,Population and Household Profile,4,Population living in households with electricity (%),92.7,92.1,False,False
Meghalaya,Ribhoi,Population and Household Profile,5,Population living in households with an improved drinking-water source1 (%),93.2,86.2,False,False
Meghalaya,Ribhoi,Population and Household Profile,6,Households using iodized salt (%),99.4,96.6,False,False
Meghalaya,Ribhoi,Population and Household Profile,7,Households with any usual member covered under a health insurance/financing scheme (%),70.2,73.2,False,False
Meghalaya,Ribhoi,Population and Household Profile,8,Households with any usual member having a bank account/post office account (%),96.5,90.7,False,False
Meghalaya,Ribhoi,Population and Household Profile,9,Female population age 6 years and above who ever attended school (%),84.6,85.3,False,False
Meghalaya,Ribhoi,Population and Household Profile,10,Households with any usual female members owning a house and/or land (alone or jointly with others) (%),76.3,75.3,False,False
Meghalaya,Ribhoi,Population and Household Profile,11,Children age 2-4 years who attended pre-school (%),25.7,35.2,False,False
Meghalaya,Ribhoi,Characteristics of Adults (age 15-49 years),12,Women with 10 or more years of schooling (%),27.9,23.1,False,False
Meghalaya,Ribhoi,Characteristics of Adults (age 15-49 years),13,Men with 10 or more years of schooling (%),11.6,20.8,False,False
Meghalaya,Ribhoi,Characteristics of Adults (age 15-49 years),14,Women who have ever used the internet (%),55.8,29.4,False,False
Meghalaya,Ribhoi,Characteristics of Adults (age 15-49 years),15,Men who have ever used the internet (%),51.4,44.1,False,False
Meghalaya,Ribhoi,Marriage and Fertility,16,Women age 20-24 years married before age 18 years (%),17.0,20.3,False,False
Meghalaya,Ribhoi,Marriage and Fertility,17,Men age 25-29 years married before age 21 years (%),*,32.7,True,False
Meghalaya,Ribhoi,Marriage and Fertility,18,Three or more births in the 5 years preceding the survey (%),3.0,5.5,False,False
Meghalaya,Ribhoi,Marriage and Fertility,19,Women age 15-19 years who were already mothers or pregnant at the time of the survey (%),6.1,6.8,False,False
Meghalaya,Ribhoi,Marriage and Fertility,20,Any method2 (%),52.5,33.1,False,False
Meghalaya,Ribhoi,Marriage and Fertility,21,Any modern method2 (%),40.0,19.7,False,False
Meghalaya,Ribhoi,Marriage and Fertility,22,Any traditional method (%),12.5,13.4,False,False
Meghalaya,Ribhoi,Marriage and Fertility,23,Female sterilization (%),16.4,6.3,False,False
Meghalaya,Ribhoi,Marriage and Fertility,24,Male sterilization (%),0.0,0.0,False,False
Meghalaya,Ribhoi,Marriage and Fertility,25,Total unmet need3 (%),19.7,27.0,False,False
Meghalaya,Ribhoi,Marriage and Fertility,26,Unmet need for spacing3 (%),17.8,18.4,False,False
Meghalaya,Ribhoi,Marriage and Fertility,27,Unmet need for limiting3 (%),1.9,8.6,False,False
Meghalaya,Ribhoi,Antenatal Care (for last birth in the 5 years before the survey),28,Mothers who had an antenatal check-up in the first trimester (%),60.9,56.1,False,False
Meghalaya,Ribhoi,Antenatal Care (for last birth in the 5 years before the survey),29,Mothers who had any antenatal care visits (%),94.0,85.9,False,False
Meghalaya,Ribhoi,Antenatal Care (for last birth in the 5 years before the survey),30,Mothers who had at least 4 antenatal care visits (%),64.5,61.0,False,False
Meghalaya,Ribhoi,Antenatal Care (for last birth in the 5 years before the survey),31,Mothers whose last birth was protected against neonatal tetanus4 (%),88.5,86.2,False,False
Meghalaya,Ribhoi,Antenatal Care (for last birth in the 5 years before the survey),32,Mothers who consumed iron folic acid for 100 days or more when they were pregnant (%),73.6,48.8,False,False
Meghalaya,Ribhoi,Antenatal Care (for last birth in the 5 years before the survey),33,Mothers who consumed iron folic acid for 180 days or more when they were pregnant (%),41.0,22.4,False,False
Meghalaya,Ribhoi,Antenatal Care (for last birth in the 5 years before the survey),34,Registered pregnancies for which the mother received a Mother and Child Protection (MCP) card (%),98.8,97.5,False,False
Meghalaya,Ribhoi,Delivery Care (for births in the 5 years before the survey),35,Institutional births (%),64.8,56.9,False,False
Meghalaya,Ribhoi,Delivery Care (for births in the 5 years before the survey),36,Institutional births in public facility (%),55.3,45.6,False,False
Meghalaya,Ribhoi,Delivery Care (for births in the 5 years before the survey),37,Births attended by skilled health personnel5 (%),70.0,65.8,False,False
Meghalaya,Ribhoi,Delivery Care (for births in the 5 years before the survey),38,Births delivered by caesarean section (%),9.9,8.7,False,False
Meghalaya,Ribhoi,Delivery Care (for births in the 5 years before the survey),39,Births in a private health facility that were delivered by caesarean section (%),44.7,36.6,False,False
Meghalaya,Ribhoi,Delivery Care (for births in the 5 years before the survey),40,Births in a public health facility that were delivered by caesarean section (%),10.3,10.0,False,False
Meghalaya,Ribhoi,Postnatal Care (for last birth in the 5 years before the survey),41,Mothers who received postnatal care from a doctor/nurse/LHV/ANM/midwife/other health personnel within 2,63.3,39.5,False,False
Meghalaya,Ribhoi,Postnatal Care (for last birth in the 5 years before the survey),42,Children born at home who were taken to a health facility for a check-up within 24 hours of birth (%),3.0,3.0,False,False
Meghalaya,Ribhoi,Postnatal Care (for last birth in the 5 years before the survey),43,Children who received postnatal care from a doctor/nurse/LHV/ANM/midwife/other health personnel within 2,61.3,39.3,False,False
Meghalaya,Ribhoi,Child Vaccinations and Vitamin A Supplementation,44,Children age 12-23 months fully vaccinated based on information from either vaccination card or mother's,73.0,74.8,False,False
Meghalaya,Ribhoi,Child Vaccinations and Vitamin A Supplementation,45,Children age 12-23 months fully vaccinated based on information from vaccination card only7 (%),83.7,86.7,False,False
Meghalaya,Ribhoi,Child Vaccinations and Vitamin A Supplementation,46,Children age 12-23 months who have received any vaccine (%),91.2,95.1,False,False
Meghalaya,Ribhoi,Child Vaccinations and Vitamin A Supplementation,47,Children age 12-23 months who have received BCG (%),91.2,94.0,False,False
Meghalaya,Ribhoi,Child Vaccinations and Vitamin A Supplementation,48,Children age 12-23 months who have received 3 doses of polio vaccine8 (%),73.0,77.1,False,False
Meghalaya,Ribhoi,Child Vaccinations and Vitamin A Supplementation,49,Children age 12-23 months who have received 3 doses of pentavalent vaccine (%),74.8,82.8,False,False
Meghalaya,Ribhoi,Child Vaccinations and Vitamin A Supplementation,50,Children age 12-23 months who have received the first dose of measles-containing vaccine (MCV) (%),77.4,80.9,False,False
Meghalaya,Ribhoi,Child Vaccinations and Vitamin A Supplementation,51,Children age 24-35 months who have received a second dose of measles-containing vaccine (MCV) (%),68.5,15.4,False,False
Meghalaya,Ribhoi,Child Vaccinations and Vitamin A Supplementation,52,Children age 12-23 months who have received birth dose of hepatitis B vaccine (%),74.6,43.7,False,False
Meghalaya,Ribhoi,Child Vaccinations and Vitamin A Supplementation,53,Children age 12-23 months who have received 3 doses of rotavirus vaccine (%),74.4,4.4,False,False
Meghalaya,Ribhoi,Child Vaccinations and Vitamin A Supplementation,54,Children age 9-35 months who received a vitamin A dose in the last 6 months (%),83.7,66.6,False,False
Meghalaya,Ribhoi,Child Vaccinations and Vitamin A Supplementation,55,Children age 12-23 months who received most of their vaccinations in a public health facility (%),96.6,92.6,False,False
Meghalaya,Ribhoi,Child Vaccinations and Vitamin A Supplementation,56,Children age 12-23 months who received most of their vaccinations in a private health facility (%),0.7,4.1,False,False
Meghalaya,Ribhoi,Treatment of Childhood Diseases (children under age 5 years),57,Prevalence of diarrhoea in the 2 weeks preceding the survey (%),4.8,11.3,False,False
Meghalaya,Ribhoi,Treatment of Childhood Diseases (children under age 5 years),58,Prevalence of symptoms of acute respiratory infection (ARI) in the 2 weeks preceding the survey (%),1.8,3.6,False,False
Meghalaya,Ribhoi,Treatment of Childhood Diseases (children under age 5 years),59,Children with fever or symptoms of ARI in the 2 weeks preceding the survey taken to a health facility or,75.9,68.7,True,False
Meghalaya,Ribhoi,Child Feeding Practices and Nutritional Status of Children,60,Children under age 3 years breastfed within one hour of birth9 (%),67.5,85.9,False,False
Meghalaya,Ribhoi,Child Feeding Practices and Nutritional Status of Children,61,Children under age 6 months exclusively breastfed10 (%),40.7,37.8,True,False
Meghalaya,Ribhoi,Child Feeding Practices and Nutritional Status of Children,62,Children under age 6 months currently breastfeeding10 (%),96.0,94.3,True,False
Meghalaya,Ribhoi,Child Feeding Practices and Nutritional Status of Children,63,Children under age 6 months exclusively breastfed or breastfeeding and consuming plain water/other,82.9,74.8,True,False
Meghalaya,Ribhoi,Child Feeding Practices and Nutritional Status of Children,64,Children age 6-8 months receiving solid or semi-solid food and breastmilk10 (%),*,63.5,True,False
Meghalaya,Ribhoi,Child Feeding Practices and Nutritional Status of Children,65,"Breastfeeding children age 6-23 months receiving an adequate diet10, 11 (%)",15.8,38.2,False,False
Meghalaya,Ribhoi,Child Feeding Practices and Nutritional Status of Children,66,"Non-breastfeeding children age 6-23 months receiving an adequate diet10, 11 (%)",18.5,34.7,True,False
Meghalaya,Ribhoi,Child Feeding Practices and Nutritional Status of Children,67,"Total children age 6-23 months receiving an adequate diet10, 11 (%)",16.4,37.3,False,False
Meghalaya,Ribhoi,Child Feeding Practices and Nutritional Status of Children,68,Children under 5 years who are stunted (height-for-age)12 (%),41.2,42.5,False,False
Meghalaya,Ribhoi,Child Feeding Practices and Nutritional Status of Children,69,Children under 5 years who are wasted (weight-for-height)12 (%),6.3,17.9,False,False
Meghalaya,Ribhoi,Child Feeding Practices and Nutritional Status of Children,70,Children under 5 years who are severely wasted (weight-for-height)13 (%),2.8,7.5,False,False
Meghalaya,Ribhoi,Child Feeding Practices and Nutritional Status of Children,71,Children under 5 years who are underweight (weight-for-age)12 (%),18.5,29.6,False,False
Meghalaya,Ribhoi,Child Feeding Practices and Nutritional Status of Children,72,Children under 5 years who are overweight (weight-for-height)14 (%),1.6,4.8,False,False
Meghalaya,Ribhoi,Nutritional Status of Adults (age 15-49 years),73,Women whose Body Mass Index (BMI) is below normal (BMI <18.5 kg/m2)15 (%),10.6,15.6,False,False
Meghalaya,Ribhoi,Nutritional Status of Adults (age 15-49 years),74,Women who are overweight or obese (BMI ≥25.0 kg/m2)15 (%),21.4,12.2,False,False
Meghalaya,Ribhoi,Women,75,Blood sugar level - high (141-160 mg/dl)16 (%),4.7,4.6,False,False
Meghalaya,Ribhoi,Women,76,Blood sugar level - very high (>160 mg/dl)16 (%),3.6,2.8,False,False
Meghalaya,Ribhoi,Women,77,Blood sugar level - high or very high (>140 mg/dl) or taking medicine to control blood sugar level16 (%),8.7,8.0,False,False
Meghalaya,Ribhoi,Men,78,Blood sugar level - high (141-160 mg/dl)16 (%),4.8,4.9,False,False
Meghalaya,Ribhoi,Men,79,Blood sugar level - very high (>160 mg/dl)16 (%),5.5,2.7,False,False
Meghalaya,Ribhoi,Men,80,Blood sugar level - high or very high (>140 mg/dl) or taking medicine to control blood sugar level16 (%),10.9,8.1,False,False
Meghalaya,Ribhoi,Women,81,Mildly elevated blood pressure (Systolic 140-159 mm of Hg and/or Diastolic 90-99 mm of Hg) (%),14.2,7.3,False,False
Meghalaya,Ribhoi,Women,82,Moderately or severely elevated blood pressure (Systolic ≥160 mm of Hg and/or Diastolic ≥100 mm,7.5,2.0,False,False
Meghalaya,Ribhoi,Women,83,Elevated blood pressure (Systolic ≥140 mm of Hg and/or Diastolic ≥90 mm of Hg) or taking medicine to,23.4,13.5,False,False
Meghalaya,Ribhoi,Men,84,Mildly elevated blood pressure (Systolic 140-159 mm of Hg and/or Diastolic 90-99 mm of Hg) (%),21.8,12.3,False,False
Meghalaya,Ribhoi,Men,85,Moderately or severely elevated blood pressure (Systolic ≥160 mm of Hg and/or Diastolic ≥100 mm,9.4,2.9,False,False
Meghalaya,Ribhoi,Men,86,Elevated blood pressure (Systolic ≥140 mm of Hg and/or Diastolic ≥90 mm of Hg) or taking medicine to,32.5,16.0,False,False
Meghalaya,Ribhoi,Men,87,Women having a bank or savings account that they themselves use (%),77.0,67.5,False,False
Meghalaya,Ribhoi,Men,88,Women having a mobile phone that they themselves use (%),69.6,62.0,False,False
Meghalaya,Ribhoi,Men,89,Women age 15-24 years who use hygienic methods of protection during their menstrual period17 (%),62.2,67.8,False,False
Meghalaya,Ribhoi,Tobacco Use and Alcohol Consumption among Adults (age 15 years and above),90,Women age 15 years and above who use any kind of tobacco (%),54.2,34.1,False,False
Meghalaya,Ribhoi,Tobacco Use and Alcohol Consumption among Adults (age 15 years and above),91,Men age 15 years and above who use any kind of tobacco (%),67.3,60.4,False,False
Meghalaya,Ribhoi,Tobacco Use and Alcohol Consumption among Adults (age 15 years and above),92,Women age 15 years and above who consume alcohol (%),1.9,0.7,False,False
Meghalaya,Ribhoi,Tobacco Use and Alcohol Consumption among Adults (age 15 years and above),93,Men age 15 years and above who consume alcohol (%),33.9,30.9,False,False
Meghalaya,South Garo Hills,Population and Household Profile,1,Population below age 5 years (%),6.7,8.2,False,False
Meghalaya,South Garo Hills,Population and Household Profile,2,Population below age 15 years (%),28.9,31.4,False,False
Meghalaya,South Garo Hills,Population and Household Profile,3,Population age 60 years and above (%),7.2,4.4,False,False
Meghalaya,South Garo Hills,Population and Household Profile,4,Population living in households with electricity (%),99.4,98.6,False,False
Meghalaya,South Garo Hills,Population and Household Profile,5,Population living in households with an improved drinking-water source1 (%),70.4,60.4,False,False
Meghalaya,South Garo Hills,Population and Household Profile,6,Households using iodized salt (%),99.3,83.6,False,False
Meghalaya,South Garo Hills,Population and Household Profile,7,Households with any usual member covered under a health insurance/financing scheme (%),91.6,84.2,False,False
Meghalaya,South Garo Hills,Population and Household Profile,8,Households with any usual member having a bank account/post office account (%),99.2,94.7,False,False
Meghalaya,South Garo Hills,Population and Household Profile,9,Female population age 6 years and above who ever attended school (%),84.0,89.2,False,False
Meghalaya,South Garo Hills,Population and Household Profile,10,Households with any usual female members owning a house and/or land (alone or jointly with others) (%),71.3,62.1,False,False
Meghalaya,South Garo Hills,Population and Household Profile,11,Children age 2-4 years who attended pre-school (%),11.4,23.6,False,False
Meghalaya,South Garo Hills,Characteristics of Adults (age 15-49 years),12,Women with 10 or more years of schooling (%),35.8,38.4,False,False
Meghalaya,South Garo Hills,Characteristics of Adults (age 15-49 years),13,Men with 10 or more years of schooling (%),52.3,54.7,False,False
Meghalaya,South Garo Hills,Characteristics of Adults (age 15-49 years),14,Women who have ever used the internet (%),61.6,38.6,False,False
Meghalaya,South Garo Hills,Characteristics of Adults (age 15-49 years),15,Men who have ever used the internet (%),89.5,49.6,False,False
Meghalaya,South Garo Hills,Marriage and Fertility,16,Women age 20-24 years married before age 18 years (%),8.1,10.2,False,False
Meghalaya,South Garo Hills,Marriage and Fertility,17,Men age 25-29 years married before age 21 years (%),*,*,True,False
Meghalaya,South Garo Hills,Marriage and Fertility,18,Three or more births in the 5 years preceding the survey (%),1.1,1.3,False,False
Meghalaya,South Garo Hills,Marriage and Fertility,19,Women age 15-19 years who were already mothers or pregnant at the time of the survey (%),3.2,1.1,False,False
Meghalaya,South Garo Hills,Marriage and Fertility,20,Any method2 (%),29.0,37.6,False,False
Meghalaya,South Garo Hills,Marriage and Fertility,21,Any modern method2 (%),24.4,33.3,False,False
Meghalaya,South Garo Hills,Marriage and Fertility,22,Any traditional method (%),4.6,4.3,False,False
Meghalaya,South Garo Hills,Marriage and Fertility,23,Female sterilization (%),5.3,3.8,False,False
Meghalaya,South Garo Hills,Marriage and Fertility,24,Male sterilization (%),0.0,0.0,False,False
Meghalaya,South Garo Hills,Marriage and Fertility,25,Total unmet need3 (%),22.8,25.3,False,False
Meghalaya,South Garo Hills,Marriage and Fertility,26,Unmet need for spacing3 (%),18.4,14.4,False,False
Meghalaya,South Garo Hills,Marriage and Fertility,27,Unmet need for limiting3 (%),4.4,10.9,False,False
Meghalaya,South Garo Hills,Antenatal Care (for last birth in the 5 years before the survey),28,Mothers who had an antenatal check-up in the first trimester (%),45.4,68.7,False,False
Meghalaya,South Garo Hills,Antenatal Care (for last birth in the 5 years before the survey),29,Mothers who had any antenatal care visits (%),97.4,88.1,False,False
Meghalaya,South Garo Hills,Antenatal Care (for last birth in the 5 years before the survey),30,Mothers who had at least 4 antenatal care visits (%),72.0,33.3,False,False
Meghalaya,South Garo Hills,Antenatal Care (for last birth in the 5 years before the survey),31,Mothers whose last birth was protected against neonatal tetanus4 (%),96.0,86.0,False,False
Meghalaya,South Garo Hills,Antenatal Care (for last birth in the 5 years before the survey),32,Mothers who consumed iron folic acid for 100 days or more when they were pregnant (%),67.4,51.8,False,False
Meghalaya,South Garo Hills,Antenatal Care (for last birth in the 5 years before the survey),33,Mothers who consumed iron folic acid for 180 days or more when they were pregnant (%),33.2,14.6,False,False
Meghalaya,South Garo Hills,Antenatal Care (for last birth in the 5 years before the survey),34,Registered pregnancies for which the mother received a Mother and Child Protection (MCP) card (%),98.2,98.9,False,False
Meghalaya,South Garo Hills,Delivery Care (for births in the 5 years before the survey),35,Institutional births (%),64.2,88.3,False,False
Meghalaya,South Garo Hills,Delivery Care (for births in the 5 years before the survey),36,Institutional births in public facility (%),63.5,88.3,False,False
Meghalaya,South Garo Hills,Delivery Care (for births in the 5 years before the survey),37,Births attended by skilled health personnel5 (%),71.3,91.2,False,False
Meghalaya,South Garo Hills,Delivery Care (for births in the 5 years before the survey),38,Births delivered by caesarean section (%),1.0,4.7,False,False
Meghalaya,South Garo Hills,Delivery Care (for births in the 5 years before the survey),39,Births in a private health facility that were delivered by caesarean section (%),*,*,True,False
Meghalaya,South Garo Hills,Delivery Care (for births in the 5 years before the survey),40,Births in a public health facility that were delivered by caesarean section (%),1.5,5.3,False,False
Meghalaya,South Garo Hills,Postnatal Care (for last birth in the 5 years before the survey),41,Mothers who received postnatal care from a doctor/nurse/LHV/ANM/midwife/other health personnel within 2,60.7,65.9,False,False
Meghalaya,South Garo Hills,Postnatal Care (for last birth in the 5 years before the survey),42,Children born at home who were taken to a health facility for a check-up within 24 hours of birth (%),3.6,0.0,True,False
Meghalaya,South Garo Hills,Postnatal Care (for last birth in the 5 years before the survey),43,Children who received postnatal care from a doctor/nurse/LHV/ANM/midwife/other health personnel within 2,59.1,61.7,False,False
Meghalaya,South Garo Hills,Child Vaccinations and Vitamin A Supplementation,44,Children age 12-23 months fully vaccinated based on information from either vaccination card or mother's,82.1,86.8,True,False
Meghalaya,South Garo Hills,Child Vaccinations and Vitamin A Supplementation,45,Children age 12-23 months fully vaccinated based on information from vaccination card only7 (%),86.5,89.1,True,False
Meghalaya,South Garo Hills,Child Vaccinations and Vitamin A Supplementation,46,Children age 12-23 months who have received any vaccine (%),100.0,100.0,True,False
Meghalaya,South Garo Hills,Child Vaccinations and Vitamin A Supplementation,47,Children age 12-23 months who have received BCG (%),100.0,100.0,True,False
Meghalaya,South Garo Hills,Child Vaccinations and Vitamin A Supplementation,48,Children age 12-23 months who have received 3 doses of polio vaccine8 (%),86.2,94.7,True,False
Meghalaya,South Garo Hills,Child Vaccinations and Vitamin A Supplementation,49,Children age 12-23 months who have received 3 doses of pentavalent vaccine (%),82.1,86.8,True,False
Meghalaya,South Garo Hills,Child Vaccinations and Vitamin A Supplementation,50,Children age 12-23 months who have received the first dose of measles-containing vaccine (MCV) (%),89.0,89.6,True,False
Meghalaya,South Garo Hills,Child Vaccinations and Vitamin A Supplementation,51,Children age 24-35 months who have received a second dose of measles-containing vaccine (MCV) (%),55.1,24.4,False,False
Meghalaya,South Garo Hills,Child Vaccinations and Vitamin A Supplementation,52,Children age 12-23 months who have received birth dose of hepatitis B vaccine (%),79.1,94.8,True,False
Meghalaya,South Garo Hills,Child Vaccinations and Vitamin A Supplementation,53,Children age 12-23 months who have received 3 doses of rotavirus vaccine (%),80.7,2.4,True,False
Meghalaya,South Garo Hills,Child Vaccinations and Vitamin A Supplementation,54,Children age 9-35 months who received a vitamin A dose in the last 6 months (%),83.4,57.2,False,False
Meghalaya,South Garo Hills,Child Vaccinations and Vitamin A Supplementation,55,Children age 12-23 months who received most of their vaccinations in a public health facility (%),97.6,90.2,True,False
Meghalaya,South Garo Hills,Child Vaccinations and Vitamin A Supplementation,56,Children age 12-23 months who received most of their vaccinations in a private health facility (%),2.4,0.0,True,False
Meghalaya,South Garo Hills,Treatment of Childhood Diseases (children under age 5 years),57,Prevalence of diarrhoea in the 2 weeks preceding the survey (%),0.8,5.4,False,False
Meghalaya,South Garo Hills,Treatment of Childhood Diseases (children under age 5 years),58,Prevalence of symptoms of acute respiratory infection (ARI) in the 2 weeks preceding the survey (%),0.0,3.1,False,False
Meghalaya,South Garo Hills,Treatment of Childhood Diseases (children under age 5 years),59,Children with fever or symptoms of ARI in the 2 weeks preceding the survey taken to a health facility or,*,72.2,True,False
Meghalaya,South Garo Hills,Child Feeding Practices and Nutritional Status of Children,60,Children under age 3 years breastfed within one hour of birth9 (%),89.9,59.8,False,False
Meghalaya,South Garo Hills,Child Feeding Practices and Nutritional Status of Children,61,Children under age 6 months exclusively breastfed10 (%),55.6,*,True,False
Meghalaya,South Garo Hills,Child Feeding Practices and Nutritional Status of Children,62,Children under age 6 months currently breastfeeding10 (%),96.9,*,True,False
Meghalaya,South Garo Hills,Child Feeding Practices and Nutritional Status of Children,63,Children under age 6 months exclusively breastfed or breastfeeding and consuming plain water/other,76.1,*,True,False
Meghalaya,South Garo Hills,Child Feeding Practices and Nutritional Status of Children,64,Children age 6-8 months receiving solid or semi-solid food and breastmilk10 (%),*,*,True,False
Meghalaya,South Garo Hills,Child Feeding Practices and Nutritional Status of Children,65,"Breastfeeding children age 6-23 months receiving an adequate diet10, 11 (%)",1.6,23.0,False,False
Meghalaya,South Garo Hills,Child Feeding Practices and Nutritional Status of Children,66,"Non-breastfeeding children age 6-23 months receiving an adequate diet10, 11 (%)",*,*,True,False
Meghalaya,South Garo Hills,Child Feeding Practices and Nutritional Status of Children,67,"Total children age 6-23 months receiving an adequate diet10, 11 (%)",1.6,23.0,False,False
Meghalaya,South Garo Hills,Child Feeding Practices and Nutritional Status of Children,68,Children under 5 years who are stunted (height-for-age)12 (%),35.9,29.8,False,False
Meghalaya,South Garo Hills,Child Feeding Practices and Nutritional Status of Children,69,Children under 5 years who are wasted (weight-for-height)12 (%),27.7,18.3,False,False
Meghalaya,South Garo Hills,Child Feeding Practices and Nutritional Status of Children,70,Children under 5 years who are severely wasted (weight-for-height)13 (%),16.6,8.8,False,False
Meghalaya,South Garo Hills,Child Feeding Practices and Nutritional Status of Children,71,Children under 5 years who are underweight (weight-for-age)12 (%),36.9,20.8,False,False
Meghalaya,South Garo Hills,Child Feeding Practices and Nutritional Status of Children,72,Children under 5 years who are overweight (weight-for-height)14 (%),3.7,2.7,False,False
Meghalaya,South Garo Hills,Nutritional Status of Adults (age 15-49 years),73,Women whose Body Mass Index (BMI) is below normal (BMI <18.5 kg/m2)15 (%),8.7,6.6,False,False
Meghalaya,South Garo Hills,Nutritional Status of Adults (age 15-49 years),74,Women who are overweight or obese (BMI ≥25.0 kg/m2)15 (%),8.8,6.9,False,False
Meghalaya,South Garo Hills,Women,75,Blood sugar level - high (141-160 mg/dl)16 (%),5.6,10.0,False,False
Meghalaya,South Garo Hills,Women,76,Blood sugar level - very high (>160 mg/dl)16 (%),4.0,2.1,False,False
Meghalaya,South Garo Hills,Women,77,Blood sugar level - high or very high (>140 mg/dl) or taking medicine to control blood sugar level16 (%),9.6,12.8,False,False
Meghalaya,South Garo Hills,Men,78,Blood sugar level - high (141-160 mg/dl)16 (%),6.2,18.3,False,False
Meghalaya,South Garo Hills,Men,79,Blood sugar level - very high (>160 mg/dl)16 (%),4.6,5.1,False,False
Meghalaya,South Garo Hills,Men,80,Blood sugar level - high or very high (>140 mg/dl) or taking medicine to control blood sugar level16 (%),10.8,23.7,False,False
Meghalaya,South Garo Hills,Women,81,Mildly elevated blood pressure (Systolic 140-159 mm of Hg and/or Diastolic 90-99 mm of Hg) (%),13.7,9.9,False,False
Meghalaya,South Garo Hills,Women,82,Moderately or severely elevated blood pressure (Systolic ≥160 mm of Hg and/or Diastolic ≥100 mm,4.4,1.1,False,False
Meghalaya,South Garo Hills,Women,83,Elevated blood pressure (Systolic ≥140 mm of Hg and/or Diastolic ≥90 mm of Hg) or taking medicine to,18.4,15.8,False,False
Meghalaya,South Garo Hills,Men,84,Mildly elevated blood pressure (Systolic 140-159 mm of Hg and/or Diastolic 90-99 mm of Hg) (%),20.0,16.6,False,False
Meghalaya,South Garo Hills,Men,85,Moderately or severely elevated blood pressure (Systolic ≥160 mm of Hg and/or Diastolic ≥100 mm,5.0,3.3,False,False
Meghalaya,South Garo Hills,Men,86,Elevated blood pressure (Systolic ≥140 mm of Hg and/or Diastolic ≥90 mm of Hg) or taking medicine to,25.3,22.8,False,False
Meghalaya,South Garo Hills,Men,87,Women having a bank or savings account that they themselves use (%),82.8,76.7,False,False
Meghalaya,South Garo Hills,Men,88,Women having a mobile phone that they themselves use (%),82.4,71.9,False,False
Meghalaya,South Garo Hills,Men,89,Women age 15-24 years who use hygienic methods of protection during their menstrual period17 (%),87.4,66.6,False,False
Meghalaya,South Garo Hills,Tobacco Use and Alcohol Consumption among Adults (age 15 years and above),90,Women age 15 years and above who use any kind of tobacco (%),16.9,9.7,False,False
Meghalaya,South Garo Hills,Tobacco Use and Alcohol Consumption among Adults (age 15 years and above),91,Men age 15 years and above who use any kind of tobacco (%),53.9,50.7,False,False
Meghalaya,South Garo Hills,Tobacco Use and Alcohol Consumption among Adults (age 15 years and above),92,Women age 15 years and above who consume alcohol (%),0.8,1.4,False,False
Meghalaya,South Garo Hills,Tobacco Use and Alcohol Consumption among Adults (age 15 years and above),93,Men age 15 years and above who consume alcohol (%),31.8,33.1,False,False
Meghalaya,South West Garo Hills,Population and Household Profile,1,Population below age 5 years (%),6.2,7.5,False,False
Meghalaya,South West Garo Hills,Population and Household Profile,2,Population below age 15 years (%),27.7,30.3,False,False
Meghalaya,South West Garo Hills,Population and Household Profile,3,Population age 60 years and above (%),8.4,6.0,False,False
Meghalaya,South West Garo Hills,Population and Household Profile,4,Population living in households with electricity (%),99.7,95.5,False,False
Meghalaya,South West Garo Hills,Population and Household Profile,5,Population living in households with an improved drinking-water source1 (%),76.7,58.6,False,False
Meghalaya,South West Garo Hills,Population and Household Profile,6,Households using iodized salt (%),99.9,74.5,False,False
Meghalaya,South West Garo Hills,Population and Household Profile,7,Households with any usual member covered under a health insurance/financing scheme (%),93.6,81.0,False,False
Meghalaya,South West Garo Hills,Population and Household Profile,8,Households with any usual member having a bank account/post office account (%),99.4,95.1,False,False
Meghalaya,South West Garo Hills,Population and Household Profile,9,Female population age 6 years and above who ever attended school (%),79.1,81.7,False,False
Meghalaya,South West Garo Hills,Population and Household Profile,10,Households with any usual female members owning a house and/or land (alone or jointly with others) (%),61.4,51.6,False,False
Meghalaya,South West Garo Hills,Population and Household Profile,11,Children age 2-4 years who attended pre-school (%),17.0,21.9,False,False
Meghalaya,South West Garo Hills,Characteristics of Adults (age 15-49 years),12,Women with 10 or more years of schooling (%),34.7,33.0,False,False
Meghalaya,South West Garo Hills,Characteristics of Adults (age 15-49 years),13,Men with 10 or more years of schooling (%),44.3,49.9,False,False
Meghalaya,South West Garo Hills,Characteristics of Adults (age 15-49 years),14,Women who have ever used the internet (%),58.5,31.2,False,False
Meghalaya,South West Garo Hills,Characteristics of Adults (age 15-49 years),15,Men who have ever used the internet (%),74.8,42.8,False,False
Meghalaya,South West Garo Hills,Marriage and Fertility,16,Women age 20-24 years married before age 18 years (%),10.3,15.3,False,False
Meghalaya,South West Garo Hills,Marriage and Fertility,17,Men age 25-29 years married before age 21 years (%),*,9.9,True,False
Meghalaya,South West Garo Hills,Marriage and Fertility,18,Three or more births in the 5 years preceding the survey (%),0.0,0.3,False,False
Meghalaya,South West Garo Hills,Marriage and Fertility,19,Women age 15-19 years who were already mothers or pregnant at the time of the survey (%),2.3,6.3,False,False
Meghalaya,South West Garo Hills,Marriage and Fertility,20,Any method2 (%),37.3,36.7,False,False
Meghalaya,South West Garo Hills,Marriage and Fertility,21,Any modern method2 (%),32.7,32.3,False,False
Meghalaya,South West Garo Hills,Marriage and Fertility,22,Any traditional method (%),4.6,4.4,False,False
Meghalaya,South West Garo Hills,Marriage and Fertility,23,Female sterilization (%),5.0,3.5,False,False
Meghalaya,South West Garo Hills,Marriage and Fertility,24,Male sterilization (%),0.0,0.0,False,False
Meghalaya,South West Garo Hills,Marriage and Fertility,25,Total unmet need3 (%),18.4,30.4,False,False
Meghalaya,South West Garo Hills,Marriage and Fertility,26,Unmet need for spacing3 (%),15.8,16.7,False,False
Meghalaya,South West Garo Hills,Marriage and Fertility,27,Unmet need for limiting3 (%),2.6,13.7,False,False
Meghalaya,South West Garo Hills,Antenatal Care (for last birth in the 5 years before the survey),28,Mothers who had an antenatal check-up in the first trimester (%),56.6,57.0,False,False
Meghalaya,South West Garo Hills,Antenatal Care (for last birth in the 5 years before the survey),29,Mothers who had any antenatal care visits (%),98.4,87.0,False,False
Meghalaya,South West Garo Hills,Antenatal Care (for last birth in the 5 years before the survey),30,Mothers who had at least 4 antenatal care visits (%),69.5,28.5,False,False
Meghalaya,South West Garo Hills,Antenatal Care (for last birth in the 5 years before the survey),31,Mothers whose last birth was protected against neonatal tetanus4 (%),96.2,80.7,False,False
Meghalaya,South West Garo Hills,Antenatal Care (for last birth in the 5 years before the survey),32,Mothers who consumed iron folic acid for 100 days or more when they were pregnant (%),53.4,28.3,False,False
Meghalaya,South West Garo Hills,Antenatal Care (for last birth in the 5 years before the survey),33,Mothers who consumed iron folic acid for 180 days or more when they were pregnant (%),25.6,11.0,False,False
Meghalaya,South West Garo Hills,Antenatal Care (for last birth in the 5 years before the survey),34,Registered pregnancies for which the mother received a Mother and Child Protection (MCP) card (%),100.0,99.0,False,False
Meghalaya,South West Garo Hills,Delivery Care (for births in the 5 years before the survey),35,Institutional births (%),85.5,83.7,False,False
Meghalaya,South West Garo Hills,Delivery Care (for births in the 5 years before the survey),36,Institutional births in public facility (%),81.6,83.7,False,False
Meghalaya,South West Garo Hills,Delivery Care (for births in the 5 years before the survey),37,Births attended by skilled health personnel5 (%),88.7,88.3,False,False
Meghalaya,South West Garo Hills,Delivery Care (for births in the 5 years before the survey),38,Births delivered by caesarean section (%),1.0,2.4,False,False
Meghalaya,South West Garo Hills,Delivery Care (for births in the 5 years before the survey),39,Births in a private health facility that were delivered by caesarean section (%),*,*,True,False
Meghalaya,South West Garo Hills,Delivery Care (for births in the 5 years before the survey),40,Births in a public health facility that were delivered by caesarean section (%),0.4,2.9,False,False
Meghalaya,South West Garo Hills,Postnatal Care (for last birth in the 5 years before the survey),41,Mothers who received postnatal care from a doctor/nurse/LHV/ANM/midwife/other health personnel within 2,73.9,60.6,False,False
Meghalaya,South West Garo Hills,Postnatal Care (for last birth in the 5 years before the survey),42,Children born at home who were taken to a health facility for a check-up within 24 hours of birth (%),0.0,3.7,True,False
Meghalaya,South West Garo Hills,Postnatal Care (for last birth in the 5 years before the survey),43,Children who received postnatal care from a doctor/nurse/LHV/ANM/midwife/other health personnel within 2,78.6,55.1,False,False
Meghalaya,South West Garo Hills,Child Vaccinations and Vitamin A Supplementation,44,Children age 12-23 months fully vaccinated based on information from either vaccination card or mother's,83.6,85.4,True,False
Meghalaya,South West Garo Hills,Child Vaccinations and Vitamin A Supplementation,45,Children age 12-23 months fully vaccinated based on information from vaccination card only7 (%),83.6,90.1,True,False
Meghalaya,South West Garo Hills,Child Vaccinations and Vitamin A Supplementation,46,Children age 12-23 months who have received any vaccine (%),100.0,100.0,True,False
Meghalaya,South West Garo Hills,Child Vaccinations and Vitamin A Supplementation,47,Children age 12-23 months who have received BCG (%),95.1,98.6,True,False
Meghalaya,South West Garo Hills,Child Vaccinations and Vitamin A Supplementation,48,Children age 12-23 months who have received 3 doses of polio vaccine8 (%),97.9,91.1,True,False
Meghalaya,South West Garo Hills,Child Vaccinations and Vitamin A Supplementation,49,Children age 12-23 months who have received 3 doses of pentavalent vaccine (%),88.6,90.9,True,False
Meghalaya,South West Garo Hills,Child Vaccinations and Vitamin A Supplementation,50,Children age 12-23 months who have received the first dose of measles-containing vaccine (MCV) (%),100.0,92.1,True,False
Meghalaya,South West Garo Hills,Child Vaccinations and Vitamin A Supplementation,51,Children age 24-35 months who have received a second dose of measles-containing vaccine (MCV) (%),73.1,30.0,True,False
Meghalaya,South West Garo Hills,Child Vaccinations and Vitamin A Supplementation,52,Children age 12-23 months who have received birth dose of hepatitis B vaccine (%),81.7,92.8,True,False
Meghalaya,South West Garo Hills,Child Vaccinations and Vitamin A Supplementation,53,Children age 12-23 months who have received 3 doses of rotavirus vaccine (%),90.9,13.4,True,False
Meghalaya,South West Garo Hills,Child Vaccinations and Vitamin A Supplementation,54,Children age 9-35 months who received a vitamin A dose in the last 6 months (%),76.8,53.0,False,False
Meghalaya,South West Garo Hills,Child Vaccinations and Vitamin A Supplementation,55,Children age 12-23 months who received most of their vaccinations in a public health facility (%),94.4,100.0,True,False
Meghalaya,South West Garo Hills,Child Vaccinations and Vitamin A Supplementation,56,Children age 12-23 months who received most of their vaccinations in a private health facility (%),0.0,0.0,True,False
Meghalaya,South West Garo Hills,Treatment of Childhood Diseases (children under age 5 years),57,Prevalence of diarrhoea in the 2 weeks preceding the survey (%),2.3,7.9,False,False
Meghalaya,South West Garo Hills,Treatment of Childhood Diseases (children under age 5 years),58,Prevalence of symptoms of acute respiratory infection (ARI) in the 2 weeks preceding the survey (%),0.0,7.5,False,False
Meghalaya,South West Garo Hills,Treatment of Childhood Diseases (children under age 5 years),59,Children with fever or symptoms of ARI in the 2 weeks preceding the survey taken to a health facility or,*,70.7,True,False
Meghalaya,South West Garo Hills,Child Feeding Practices and Nutritional Status of Children,60,Children under age 3 years breastfed within one hour of birth9 (%),87.9,54.5,False,False
Meghalaya,South West Garo Hills,Child Feeding Practices and Nutritional Status of Children,61,Children under age 6 months exclusively breastfed10 (%),*,*,True,False
Meghalaya,South West Garo Hills,Child Feeding Practices and Nutritional Status of Children,62,Children under age 6 months currently breastfeeding10 (%),*,*,True,False
Meghalaya,South West Garo Hills,Child Feeding Practices and Nutritional Status of Children,63,Children under age 6 months exclusively breastfed or breastfeeding and consuming plain water/other,*,*,True,False
Meghalaya,South West Garo Hills,Child Feeding Practices and Nutritional Status of Children,64,Children age 6-8 months receiving solid or semi-solid food and breastmilk10 (%),*,*,True,False
Meghalaya,South West Garo Hills,Child Feeding Practices and Nutritional Status of Children,65,"Breastfeeding children age 6-23 months receiving an adequate diet10, 11 (%)",7.3,32.1,True,False
Meghalaya,South West Garo Hills,Child Feeding Practices and Nutritional Status of Children,66,"Non-breastfeeding children age 6-23 months receiving an adequate diet10, 11 (%)",*,*,True,False
Meghalaya,South West Garo Hills,Child Feeding Practices and Nutritional Status of Children,67,"Total children age 6-23 months receiving an adequate diet10, 11 (%)",8.9,30.0,False,False
Meghalaya,South West Garo Hills,Child Feeding Practices and Nutritional Status of Children,68,Children under 5 years who are stunted (height-for-age)12 (%),38.3,32.2,False,False
Meghalaya,South West Garo Hills,Child Feeding Practices and Nutritional Status of Children,69,Children under 5 years who are wasted (weight-for-height)12 (%),18.9,19.9,False,False
Meghalaya,South West Garo Hills,Child Feeding Practices and Nutritional Status of Children,70,Children under 5 years who are severely wasted (weight-for-height)13 (%),11.5,7.1,False,False
Meghalaya,South West Garo Hills,Child Feeding Practices and Nutritional Status of Children,71,Children under 5 years who are underweight (weight-for-age)12 (%),29.6,26.4,False,False
Meghalaya,South West Garo Hills,Child Feeding Practices and Nutritional Status of Children,72,Children under 5 years who are overweight (weight-for-height)14 (%),4.5,3.3,False,False
Meghalaya,South West Garo Hills,Nutritional Status of Adults (age 15-49 years),73,Women whose Body Mass Index (BMI) is below normal (BMI <18.5 kg/m2)15 (%),7.8,8.5,False,False
Meghalaya,South West Garo Hills,Nutritional Status of Adults (age 15-49 years),74,Women who are overweight or obese (BMI ≥25.0 kg/m2)15 (%),9.9,9.0,False,False
Meghalaya,South West Garo Hills,Women,75,Blood sugar level - high (141-160 mg/dl)16 (%),4.9,8.9,False,False
Meghalaya,South West Garo Hills,Women,76,Blood sugar level - very high (>160 mg/dl)16 (%),2.8,3.5,False,False
Meghalaya,South West Garo Hills,Women,77,Blood sugar level - high or very high (>140 mg/dl) or taking medicine to control blood sugar level16 (%),7.8,12.9,False,False
Meghalaya,South West Garo Hills,Men,78,Blood sugar level - high (141-160 mg/dl)16 (%),5.5,12.4,False,False
Meghalaya,South West Garo Hills,Men,79,Blood sugar level - very high (>160 mg/dl)16 (%),3.4,4.3,False,False
Meghalaya,South West Garo Hills,Men,80,Blood sugar level - high or very high (>140 mg/dl) or taking medicine to control blood sugar level16 (%),8.9,16.7,False,False
Meghalaya,South West Garo Hills,Women,81,Mildly elevated blood pressure (Systolic 140-159 mm of Hg and/or Diastolic 90-99 mm of Hg) (%),13.4,8.0,False,False
Meghalaya,South West Garo Hills,Women,82,Moderately or severely elevated blood pressure (Systolic ≥160 mm of Hg and/or Diastolic ≥100 mm,3.4,2.1,False,False
Meghalaya,South West Garo Hills,Women,83,Elevated blood pressure (Systolic ≥140 mm of Hg and/or Diastolic ≥90 mm of Hg) or taking medicine to,16.8,13.6,False,False
Meghalaya,South West Garo Hills,Men,84,Mildly elevated blood pressure (Systolic 140-159 mm of Hg and/or Diastolic 90-99 mm of Hg) (%),18.8,14.5,False,False
Meghalaya,South West Garo Hills,Men,85,Moderately or severely elevated blood pressure (Systolic ≥160 mm of Hg and/or Diastolic ≥100 mm,4.6,2.7,False,False
Meghalaya,South West Garo Hills,Men,86,Elevated blood pressure (Systolic ≥140 mm of Hg and/or Diastolic ≥90 mm of Hg) or taking medicine to,23.6,20.0,False,False
Meghalaya,South West Garo Hills,Men,87,Women having a bank or savings account that they themselves use (%),85.3,71.1,False,False
Meghalaya,South West Garo Hills,Men,88,Women having a mobile phone that they themselves use (%),82.7,55.6,False,False
Meghalaya,South West Garo Hills,Men,89,Women age 15-24 years who use hygienic methods of protection during their menstrual period17 (%),89.0,66.8,False,False
Meghalaya,South West Garo Hills,Tobacco Use and Alcohol Consumption among Adults (age 15 years and above),90,Women age 15 years and above who use any kind of tobacco (%),13.7,11.1,False,False
Meghalaya,South West Garo Hills,Tobacco Use and Alcohol Consumption among Adults (age 15 years and above),91,Men age 15 years and above who use any kind of tobacco (%),53.8,52.4,False,False
Meghalaya,South West Garo Hills,Tobacco Use and Alcohol Consumption among Adults (age 15 years and above),92,Women age 15 years and above who consume alcohol (%),1.4,1.2,False,False
Meghalaya,South West Garo Hills,Tobacco Use and Alcohol Consumption among Adults (age 15 years and above),93,Men age 15 years and above who consume alcohol (%),34.2,30.6,False,False
Meghalaya,South West Khasi Hills,Population and Household Profile,1,Population below age 5 years (%),11.8,17.5,False,False
Meghalaya,South West Khasi Hills,Population and Household Profile,2,Population below age 15 years (%),40.6,46.7,False,False
Meghalaya,South West Khasi Hills,Population and Household Profile,3,Population age 60 years and above (%),6.1,4.8,False,False
Meghalaya,South West Khasi Hills,Population and Household Profile,4,Population living in households with electricity (%),95.3,87.9,False,False
Meghalaya,South West Khasi Hills,Population and Household Profile,5,Population living in households with an improved drinking-water source1 (%),90.6,85.3,False,False
Meghalaya,South West Khasi Hills,Population and Household Profile,6,Households using iodized salt (%),100.0,99.7,False,False
Meghalaya,South West Khasi Hills,Population and Household Profile,7,Households with any usual member covered under a health insurance/financing scheme (%),93.6,82.0,False,False
Meghalaya,South West Khasi Hills,Population and Household Profile,8,Households with any usual member having a bank account/post office account (%),97.0,92.1,False,False
Meghalaya,South West Khasi Hills,Population and Household Profile,9,Female population age 6 years and above who ever attended school (%),85.7,84.6,False,False
Meghalaya,South West Khasi Hills,Population and Household Profile,10,Households with any usual female members owning a house and/or land (alone or jointly with others) (%),85.1,85.5,False,False
Meghalaya,South West Khasi Hills,Population and Household Profile,11,Children age 2-4 years who attended pre-school (%),26.0,25.0,False,False
Meghalaya,South West Khasi Hills,Characteristics of Adults (age 15-49 years),12,Women with 10 or more years of schooling (%),32.5,23.4,False,False
Meghalaya,South West Khasi Hills,Characteristics of Adults (age 15-49 years),13,Men with 10 or more years of schooling (%),29.1,23.5,False,False
Meghalaya,South West Khasi Hills,Characteristics of Adults (age 15-49 years),14,Women who have ever used the internet (%),67.6,23.1,False,False
Meghalaya,South West Khasi Hills,Characteristics of Adults (age 15-49 years),15,Men who have ever used the internet (%),61.5,36.5,False,False
Meghalaya,South West Khasi Hills,Marriage and Fertility,16,Women age 20-24 years married before age 18 years (%),12.8,21.6,False,False
Meghalaya,South West Khasi Hills,Marriage and Fertility,17,Men age 25-29 years married before age 21 years (%),*,*,True,False
Meghalaya,South West Khasi Hills,Marriage and Fertility,18,Three or more births in the 5 years preceding the survey (%),3.8,6.5,False,False
Meghalaya,South West Khasi Hills,Marriage and Fertility,19,Women age 15-19 years who were already mothers or pregnant at the time of the survey (%),3.5,13.2,False,False
Meghalaya,South West Khasi Hills,Marriage and Fertility,20,Any method2 (%),58.1,26.5,False,False
Meghalaya,South West Khasi Hills,Marriage and Fertility,21,Any modern method2 (%),40.6,15.7,False,False
Meghalaya,South West Khasi Hills,Marriage and Fertility,22,Any traditional method (%),17.5,10.8,False,False
Meghalaya,South West Khasi Hills,Marriage and Fertility,23,Female sterilization (%),9.5,6.2,False,False
Meghalaya,South West Khasi Hills,Marriage and Fertility,24,Male sterilization (%),0.1,0.0,False,False
Meghalaya,South West Khasi Hills,Marriage and Fertility,25,Total unmet need3 (%),17.3,26.2,False,False
Meghalaya,South West Khasi Hills,Marriage and Fertility,26,Unmet need for spacing3 (%),17.0,20.1,False,False
Meghalaya,South West Khasi Hills,Marriage and Fertility,27,Unmet need for limiting3 (%),0.3,6.1,False,False
Meghalaya,South West Khasi Hills,Antenatal Care (for last birth in the 5 years before the survey),28,Mothers who had an antenatal check-up in the first trimester (%),70.5,48.5,False,False
Meghalaya,South West Khasi Hills,Antenatal Care (for last birth in the 5 years before the survey),29,Mothers who had any antenatal care visits (%),96.0,90.2,False,False
Meghalaya,South West Khasi Hills,Antenatal Care (for last birth in the 5 years before the survey),30,Mothers who had at least 4 antenatal care visits (%),51.2,63.4,False,False
Meghalaya,South West Khasi Hills,Antenatal Care (for last birth in the 5 years before the survey),31,Mothers whose last birth was protected against neonatal tetanus4 (%),93.4,85.6,False,False
Meghalaya,South West Khasi Hills,Antenatal Care (for last birth in the 5 years before the survey),32,Mothers who consumed iron folic acid for 100 days or more when they were pregnant (%),86.9,53.8,False,False
Meghalaya,South West Khasi Hills,Antenatal Care (for last birth in the 5 years before the survey),33,Mothers who consumed iron folic acid for 180 days or more when they were pregnant (%),64.9,19.8,False,False
Meghalaya,South West Khasi Hills,Antenatal Care (for last birth in the 5 years before the survey),34,Registered pregnancies for which the mother received a Mother and Child Protection (MCP) card (%),99.5,97.0,False,False
Meghalaya,South West Khasi Hills,Delivery Care (for births in the 5 years before the survey),35,Institutional births (%),48.1,41.7,False,False
Meghalaya,South West Khasi Hills,Delivery Care (for births in the 5 years before the survey),36,Institutional births in public facility (%),42.7,37.6,False,False
Meghalaya,South West Khasi Hills,Delivery Care (for births in the 5 years before the survey),37,Births attended by skilled health personnel5 (%),58.4,49.3,False,False
Meghalaya,South West Khasi Hills,Delivery Care (for births in the 5 years before the survey),38,Births delivered by caesarean section (%),3.3,4.2,False,False
Meghalaya,South West Khasi Hills,Delivery Care (for births in the 5 years before the survey),39,Births in a private health facility that were delivered by caesarean section (%),34.1,32.7,True,False
Meghalaya,South West Khasi Hills,Delivery Care (for births in the 5 years before the survey),40,Births in a public health facility that were delivered by caesarean section (%),3.3,7.7,False,False
Meghalaya,South West Khasi Hills,Postnatal Care (for last birth in the 5 years before the survey),41,Mothers who received postnatal care from a doctor/nurse/LHV/ANM/midwife/other health personnel within 2,44.2,42.9,False,False
Meghalaya,South West Khasi Hills,Postnatal Care (for last birth in the 5 years before the survey),42,Children born at home who were taken to a health facility for a check-up within 24 hours of birth (%),2.5,0.3,False,False
Meghalaya,South West Khasi Hills,Postnatal Care (for last birth in the 5 years before the survey),43,Children who received postnatal care from a doctor/nurse/LHV/ANM/midwife/other health personnel within 2,48.2,38.7,False,False
Meghalaya,South West Khasi Hills,Child Vaccinations and Vitamin A Supplementation,44,Children age 12-23 months fully vaccinated based on information from either vaccination card or mother's,86.7,78.8,False,False
Meghalaya,South West Khasi Hills,Child Vaccinations and Vitamin A Supplementation,45,Children age 12-23 months fully vaccinated based on information from vaccination card only7 (%),90.0,86.3,False,False
Meghalaya,South West Khasi Hills,Child Vaccinations and Vitamin A Supplementation,46,Children age 12-23 months who have received any vaccine (%),97.0,97.8,False,False
Meghalaya,South West Khasi Hills,Child Vaccinations and Vitamin A Supplementation,47,Children age 12-23 months who have received BCG (%),93.0,95.8,False,False
Meghalaya,South West Khasi Hills,Child Vaccinations and Vitamin A Supplementation,48,Children age 12-23 months who have received 3 doses of polio vaccine8 (%),90.7,80.5,False,False
Meghalaya,South West Khasi Hills,Child Vaccinations and Vitamin A Supplementation,49,Children age 12-23 months who have received 3 doses of pentavalent vaccine (%),91.5,86.9,False,False
Meghalaya,South West Khasi Hills,Child Vaccinations and Vitamin A Supplementation,50,Children age 12-23 months who have received the first dose of measles-containing vaccine (MCV) (%),92.6,86.4,False,False
Meghalaya,South West Khasi Hills,Child Vaccinations and Vitamin A Supplementation,51,Children age 24-35 months who have received a second dose of measles-containing vaccine (MCV) (%),65.3,26.6,False,False
Meghalaya,South West Khasi Hills,Child Vaccinations and Vitamin A Supplementation,52,Children age 12-23 months who have received birth dose of hepatitis B vaccine (%),50.9,32.5,False,False
Meghalaya,South West Khasi Hills,Child Vaccinations and Vitamin A Supplementation,53,Children age 12-23 months who have received 3 doses of rotavirus vaccine (%),89.1,0.6,False,False
Meghalaya,South West Khasi Hills,Child Vaccinations and Vitamin A Supplementation,54,Children age 9-35 months who received a vitamin A dose in the last 6 months (%),86.0,64.0,False,False
Meghalaya,South West Khasi Hills,Child Vaccinations and Vitamin A Supplementation,55,Children age 12-23 months who received most of their vaccinations in a public health facility (%),96.5,98.1,False,False
Meghalaya,South West Khasi Hills,Child Vaccinations and Vitamin A Supplementation,56,Children age 12-23 months who received most of their vaccinations in a private health facility (%),0.8,0.0,False,False
Meghalaya,South West Khasi Hills,Treatment of Childhood Diseases (children under age 5 years),57,Prevalence of diarrhoea in the 2 weeks preceding the survey (%),2.0,7.5,False,False
Meghalaya,South West Khasi Hills,Treatment of Childhood Diseases (children under age 5 years),58,Prevalence of symptoms of acute respiratory infection (ARI) in the 2 weeks preceding the survey (%),1.9,6.0,False,False
Meghalaya,South West Khasi Hills,Treatment of Childhood Diseases (children under age 5 years),59,Children with fever or symptoms of ARI in the 2 weeks preceding the survey taken to a health facility or,68.8,67.7,True,False
Meghalaya,South West Khasi Hills,Child Feeding Practices and Nutritional Status of Children,60,Children under age 3 years breastfed within one hour of birth9 (%),76.0,76.6,False,False
Meghalaya,South West Khasi Hills,Child Feeding Practices and Nutritional Status of Children,61,Children under age 6 months exclusively breastfed10 (%),28.3,54.9,True,False
Meghalaya,South West Khasi Hills,Child Feeding Practices and Nutritional Status of Children,62,Children under age 6 months currently breastfeeding10 (%),98.1,96.9,True,False
Meghalaya,South West Khasi Hills,Child Feeding Practices and Nutritional Status of Children,63,Children under age 6 months exclusively breastfed or breastfeeding and consuming plain water/other,68.0,83.5,True,False
Meghalaya,South West Khasi Hills,Child Feeding Practices and Nutritional Status of Children,64,Children age 6-8 months receiving solid or semi-solid food and breastmilk10 (%),*,65.6,True,False
Meghalaya,South West Khasi Hills,Child Feeding Practices and Nutritional Status of Children,65,"Breastfeeding children age 6-23 months receiving an adequate diet10, 11 (%)",21.5,30.6,False,False
Meghalaya,South West Khasi Hills,Child Feeding Practices and Nutritional Status of Children,66,"Non-breastfeeding children age 6-23 months receiving an adequate diet10, 11 (%)",34.5,33.5,True,False
Meghalaya,South West Khasi Hills,Child Feeding Practices and Nutritional Status of Children,67,"Total children age 6-23 months receiving an adequate diet10, 11 (%)",23.8,31.2,False,False
Meghalaya,South West Khasi Hills,Child Feeding Practices and Nutritional Status of Children,68,Children under 5 years who are stunted (height-for-age)12 (%),49.1,51.4,False,False
Meghalaya,South West Khasi Hills,Child Feeding Practices and Nutritional Status of Children,69,Children under 5 years who are wasted (weight-for-height)12 (%),6.3,10.4,False,False
Meghalaya,South West Khasi Hills,Child Feeding Practices and Nutritional Status of Children,70,Children under 5 years who are severely wasted (weight-for-height)13 (%),1.8,4.1,False,False
Meghalaya,South West Khasi Hills,Child Feeding Practices and Nutritional Status of Children,71,Children under 5 years who are underweight (weight-for-age)12 (%),18.8,27.6,False,False
Meghalaya,South West Khasi Hills,Child Feeding Practices and Nutritional Status of Children,72,Children under 5 years who are overweight (weight-for-height)14 (%),3.9,3.5,False,False
Meghalaya,South West Khasi Hills,Nutritional Status of Adults (age 15-49 years),73,Women whose Body Mass Index (BMI) is below normal (BMI <18.5 kg/m2)15 (%),11.5,17.2,False,False
Meghalaya,South West Khasi Hills,Nutritional Status of Adults (age 15-49 years),74,Women who are overweight or obese (BMI ≥25.0 kg/m2)15 (%),9.9,8.9,False,False
Meghalaya,South West Khasi Hills,Women,75,Blood sugar level - high (141-160 mg/dl)16 (%),4.6,3.2,False,False
Meghalaya,South West Khasi Hills,Women,76,Blood sugar level - very high (>160 mg/dl)16 (%),3.0,2.2,False,False
Meghalaya,South West Khasi Hills,Women,77,Blood sugar level - high or very high (>140 mg/dl) or taking medicine to control blood sugar level16 (%),7.9,6.3,False,False
Meghalaya,South West Khasi Hills,Men,78,Blood sugar level - high (141-160 mg/dl)16 (%),3.3,4.2,False,False
Meghalaya,South West Khasi Hills,Men,79,Blood sugar level - very high (>160 mg/dl)16 (%),2.6,2.6,False,False
Meghalaya,South West Khasi Hills,Men,80,Blood sugar level - high or very high (>140 mg/dl) or taking medicine to control blood sugar level16 (%),6.0,6.9,False,False
Meghalaya,South West Khasi Hills,Women,81,Mildly elevated blood pressure (Systolic 140-159 mm of Hg and/or Diastolic 90-99 mm of Hg) (%),11.6,10.9,False,False
Meghalaya,South West Khasi Hills,Women,82,Moderately or severely elevated blood pressure (Systolic ≥160 mm of Hg and/or Diastolic ≥100 mm,4.4,4.4,False,False
Meghalaya,South West Khasi Hills,Women,83,Elevated blood pressure (Systolic ≥140 mm of Hg and/or Diastolic ≥90 mm of Hg) or taking medicine to,17.4,18.5,False,False
Meghalaya,South West Khasi Hills,Men,84,Mildly elevated blood pressure (Systolic 140-159 mm of Hg and/or Diastolic 90-99 mm of Hg) (%),13.6,12.8,False,False
Meghalaya,South West Khasi Hills,Men,85,Moderately or severely elevated blood pressure (Systolic ≥160 mm of Hg and/or Diastolic ≥100 mm,3.6,5.2,False,False
Meghalaya,South West Khasi Hills,Men,86,Elevated blood pressure (Systolic ≥140 mm of Hg and/or Diastolic ≥90 mm of Hg) or taking medicine to,17.8,19.0,False,False
Meghalaya,South West Khasi Hills,Men,87,Women having a bank or savings account that they themselves use (%),81.1,75.5,False,False
Meghalaya,South West Khasi Hills,Men,88,Women having a mobile phone that they themselves use (%),81.0,60.4,False,False
Meghalaya,South West Khasi Hills,Men,89,Women age 15-24 years who use hygienic methods of protection during their menstrual period17 (%),63.0,57.3,False,False
Meghalaya,South West Khasi Hills,Tobacco Use and Alcohol Consumption among Adults (age 15 years and above),90,Women age 15 years and above who use any kind of tobacco (%),64.2,50.0,False,False
Meghalaya,South West Khasi Hills,Tobacco Use and Alcohol Consumption among Adults (age 15 years and above),91,Men age 15 years and above who use any kind of tobacco (%),72.4,63.7,False,False
Meghalaya,South West Khasi Hills,Tobacco Use and Alcohol Consumption among Adults (age 15 years and above),92,Women age 15 years and above who consume alcohol (%),1.3,1.1,False,False
Meghalaya,South West Khasi Hills,Tobacco Use and Alcohol Consumption among Adults (age 15 years and above),93,Men age 15 years and above who consume alcohol (%),29.5,31.7,False,False
Meghalaya,West Garo Hills,Population and Household Profile,1,Population below age 5 years (%),7.6,7.8,False,False
Meghalaya,West Garo Hills,Population and Household Profile,2,Population below age 15 years (%),30.3,30.8,False,False
Meghalaya,West Garo Hills,Population and Household Profile,3,Population age 60 years and above (%),7.2,4.3,False,False
Meghalaya,West Garo Hills,Population and Household Profile,4,Population living in households with electricity (%),99.3,94.7,False,False
Meghalaya,West Garo Hills,Population and Household Profile,5,Population living in households with an improved drinking-water source1 (%),70.1,83.7,False,False
Meghalaya,West Garo Hills,Population and Household Profile,6,Households using iodized salt (%),99.1,88.5,False,False
Meghalaya,West Garo Hills,Population and Household Profile,7,Households with any usual member covered under a health insurance/financing scheme (%),79.6,82.6,False,False
Meghalaya,West Garo Hills,Population and Household Profile,8,Households with any usual member having a bank account/post office account (%),98.3,93.7,False,False
Meghalaya,West Garo Hills,Population and Household Profile,9,Female population age 6 years and above who ever attended school (%),70.5,88.7,False,False
Meghalaya,West Garo Hills,Population and Household Profile,10,Households with any usual female members owning a house and/or land (alone or jointly with others) (%),56.7,60.8,False,False
Meghalaya,West Garo Hills,Population and Household Profile,11,Children age 2-4 years who attended pre-school (%),19.4,22.6,False,False
Meghalaya,West Garo Hills,Characteristics of Adults (age 15-49 years),12,Women with 10 or more years of schooling (%),33.6,45.1,False,False
Meghalaya,West Garo Hills,Characteristics of Adults (age 15-49 years),13,Men with 10 or more years of schooling (%),33.5,56.6,False,False
Meghalaya,West Garo Hills,Characteristics of Adults (age 15-49 years),14,Women who have ever used the internet (%),55.0,42.4,False,False
Meghalaya,West Garo Hills,Characteristics of Adults (age 15-49 years),15,Men who have ever used the internet (%),79.7,60.2,False,False
Meghalaya,West Garo Hills,Marriage and Fertility,16,Women age 20-24 years married before age 18 years (%),17.5,10.4,False,False
Meghalaya,West Garo Hills,Marriage and Fertility,17,Men age 25-29 years married before age 21 years (%),*,7.2,True,False
Meghalaya,West Garo Hills,Marriage and Fertility,18,Three or more births in the 5 years preceding the survey (%),0.6,0.3,False,False
Meghalaya,West Garo Hills,Marriage and Fertility,19,Women age 15-19 years who were already mothers or pregnant at the time of the survey (%),3.8,1.0,False,False
Meghalaya,West Garo Hills,Marriage and Fertility,20,Any method2 (%),37.8,44.1,False,False
Meghalaya,West Garo Hills,Marriage and Fertility,21,Any modern method2 (%),33.7,39.9,False,False
Meghalaya,West Garo Hills,Marriage and Fertility,22,Any traditional method (%),4.1,4.2,False,False
Meghalaya,West Garo Hills,Marriage and Fertility,23,Female sterilization (%),5.9,6.7,False,False
Meghalaya,West Garo Hills,Marriage and Fertility,24,Male sterilization (%),0.0,0.0,False,False
Meghalaya,West Garo Hills,Marriage and Fertility,25,Total unmet need3 (%),21.9,19.7,False,False
Meghalaya,West Garo Hills,Marriage and Fertility,26,Unmet need for spacing3 (%),17.4,9.2,False,False
Meghalaya,West Garo Hills,Marriage and Fertility,27,Unmet need for limiting3 (%),4.5,10.5,False,False
Meghalaya,West Garo Hills,Antenatal Care (for last birth in the 5 years before the survey),28,Mothers who had an antenatal check-up in the first trimester (%),48.3,65.1,False,False
Meghalaya,West Garo Hills,Antenatal Care (for last birth in the 5 years before the survey),29,Mothers who had any antenatal care visits (%),95.9,88.8,False,False
Meghalaya,West Garo Hills,Antenatal Care (for last birth in the 5 years before the survey),30,Mothers who had at least 4 antenatal care visits (%),59.6,48.0,False,False
Meghalaya,West Garo Hills,Antenatal Care (for last birth in the 5 years before the survey),31,Mothers whose last birth was protected against neonatal tetanus4 (%),95.0,91.3,False,False
Meghalaya,West Garo Hills,Antenatal Care (for last birth in the 5 years before the survey),32,Mothers who consumed iron folic acid for 100 days or more when they were pregnant (%),48.1,48.2,False,False
Meghalaya,West Garo Hills,Antenatal Care (for last birth in the 5 years before the survey),33,Mothers who consumed iron folic acid for 180 days or more when they were pregnant (%),21.9,14.9,False,False
Meghalaya,West Garo Hills,Antenatal Care (for last birth in the 5 years before the survey),34,Registered pregnancies for which the mother received a Mother and Child Protection (MCP) card (%),100.0,97.6,False,False
Meghalaya,West Garo Hills,Delivery Care (for births in the 5 years before the survey),35,Institutional births (%),67.8,89.6,False,False
Meghalaya,West Garo Hills,Delivery Care (for births in the 5 years before the survey),36,Institutional births in public facility (%),59.1,85.1,False,False
Meghalaya,West Garo Hills,Delivery Care (for births in the 5 years before the survey),37,Births attended by skilled health personnel5 (%),72.7,87.5,False,False
Meghalaya,West Garo Hills,Delivery Care (for births in the 5 years before the survey),38,Births delivered by caesarean section (%),2.8,8.4,False,False
Meghalaya,West Garo Hills,Delivery Care (for births in the 5 years before the survey),39,Births in a private health facility that were delivered by caesarean section (%),18.4,*,True,False
Meghalaya,West Garo Hills,Delivery Care (for births in the 5 years before the survey),40,Births in a public health facility that were delivered by caesarean section (%),2.0,8.2,False,False
Meghalaya,West Garo Hills,Postnatal Care (for last birth in the 5 years before the survey),41,Mothers who received postnatal care from a doctor/nurse/LHV/ANM/midwife/other health personnel within 2,56.7,70.9,False,False
Meghalaya,West Garo Hills,Postnatal Care (for last birth in the 5 years before the survey),42,Children born at home who were taken to a health facility for a check-up within 24 hours of birth (%),0.0,2.1,True,False
Meghalaya,West Garo Hills,Postnatal Care (for last birth in the 5 years before the survey),43,Children who received postnatal care from a doctor/nurse/LHV/ANM/midwife/other health personnel within 2,60.5,67.2,False,False
Meghalaya,West Garo Hills,Child Vaccinations and Vitamin A Supplementation,44,Children age 12-23 months fully vaccinated based on information from either vaccination card or mother's,88.5,77.1,True,False
Meghalaya,West Garo Hills,Child Vaccinations and Vitamin A Supplementation,45,Children age 12-23 months fully vaccinated based on information from vaccination card only7 (%),92.9,78.6,True,False
Meghalaya,West Garo Hills,Child Vaccinations and Vitamin A Supplementation,46,Children age 12-23 months who have received any vaccine (%),93.6,100.0,True,False
Meghalaya,West Garo Hills,Child Vaccinations and Vitamin A Supplementation,47,Children age 12-23 months who have received BCG (%),93.6,100.0,True,False
Meghalaya,West Garo Hills,Child Vaccinations and Vitamin A Supplementation,48,Children age 12-23 months who have received 3 doses of polio vaccine8 (%),90.2,84.1,True,False
Meghalaya,West Garo Hills,Child Vaccinations and Vitamin A Supplementation,49,Children age 12-23 months who have received 3 doses of pentavalent vaccine (%),88.5,84.8,True,False
Meghalaya,West Garo Hills,Child Vaccinations and Vitamin A Supplementation,50,Children age 12-23 months who have received the first dose of measles-containing vaccine (MCV) (%),90.2,87.4,True,False
Meghalaya,West Garo Hills,Child Vaccinations and Vitamin A Supplementation,51,Children age 24-35 months who have received a second dose of measles-containing vaccine (MCV) (%),58.7,19.8,False,False
Meghalaya,West Garo Hills,Child Vaccinations and Vitamin A Supplementation,52,Children age 12-23 months who have received birth dose of hepatitis B vaccine (%),82.3,92.5,True,False
Meghalaya,West Garo Hills,Child Vaccinations and Vitamin A Supplementation,53,Children age 12-23 months who have received 3 doses of rotavirus vaccine (%),82.1,5.0,True,False
Meghalaya,West Garo Hills,Child Vaccinations and Vitamin A Supplementation,54,Children age 9-35 months who received a vitamin A dose in the last 6 months (%),74.9,68.2,False,False
Meghalaya,West Garo Hills,Child Vaccinations and Vitamin A Supplementation,55,Children age 12-23 months who received most of their vaccinations in a public health facility (%),93.4,100.0,True,False
Meghalaya,West Garo Hills,Child Vaccinations and Vitamin A Supplementation,56,Children age 12-23 months who received most of their vaccinations in a private health facility (%),4.4,0.0,True,False
Meghalaya,West Garo Hills,Treatment of Childhood Diseases (children under age 5 years),57,Prevalence of diarrhoea in the 2 weeks preceding the survey (%),1.9,7.8,False,False
Meghalaya,West Garo Hills,Treatment of Childhood Diseases (children under age 5 years),58,Prevalence of symptoms of acute respiratory infection (ARI) in the 2 weeks preceding the survey (%),0.3,3.5,False,False
Meghalaya,West Garo Hills,Treatment of Childhood Diseases (children under age 5 years),59,Children with fever or symptoms of ARI in the 2 weeks preceding the survey taken to a health facility or,*,78.2,True,False
Meghalaya,West Garo Hills,Child Feeding Practices and Nutritional Status of Children,60,Children under age 3 years breastfed within one hour of birth9 (%),84.3,47.2,False,False
Meghalaya,West Garo Hills,Child Feeding Practices and Nutritional Status of Children,61,Children under age 6 months exclusively breastfed10 (%),*,*,True,False
Meghalaya,West Garo Hills,Child Feeding Practices and Nutritional Status of Children,62,Children under age 6 months currently breastfeeding10 (%),*,*,True,False
Meghalaya,West Garo Hills,Child Feeding Practices and Nutritional Status of Children,63,Children under age 6 months exclusively breastfed or breastfeeding and consuming plain water/other,*,*,True,False
Meghalaya,West Garo Hills,Child Feeding Practices and Nutritional Status of Children,64,Children age 6-8 months receiving solid or semi-solid food and breastmilk10 (%),*,*,True,False
Meghalaya,West Garo Hills,Child Feeding Practices and Nutritional Status of Children,65,"Breastfeeding children age 6-23 months receiving an adequate diet10, 11 (%)",11.0,14.6,False,False
Meghalaya,West Garo Hills,Child Feeding Practices and Nutritional Status of Children,66,"Non-breastfeeding children age 6-23 months receiving an adequate diet10, 11 (%)",*,*,True,False
Meghalaya,West Garo Hills,Child Feeding Practices and Nutritional Status of Children,67,"Total children age 6-23 months receiving an adequate diet10, 11 (%)",10.9,17.2,False,False
Meghalaya,West Garo Hills,Child Feeding Practices and Nutritional Status of Children,68,Children under 5 years who are stunted (height-for-age)12 (%),36.4,39.5,False,False
Meghalaya,West Garo Hills,Child Feeding Practices and Nutritional Status of Children,69,Children under 5 years who are wasted (weight-for-height)12 (%),18.3,14.9,False,False
Meghalaya,West Garo Hills,Child Feeding Practices and Nutritional Status of Children,70,Children under 5 years who are severely wasted (weight-for-height)13 (%),8.7,4.7,False,False
Meghalaya,West Garo Hills,Child Feeding Practices and Nutritional Status of Children,71,Children under 5 years who are underweight (weight-for-age)12 (%),31.9,26.3,False,False
Meghalaya,West Garo Hills,Child Feeding Practices and Nutritional Status of Children,72,Children under 5 years who are overweight (weight-for-height)14 (%),1.7,5.2,False,False
Meghalaya,West Garo Hills,Nutritional Status of Adults (age 15-49 years),73,Women whose Body Mass Index (BMI) is below normal (BMI <18.5 kg/m2)15 (%),8.4,7.7,False,False
Meghalaya,West Garo Hills,Nutritional Status of Adults (age 15-49 years),74,Women who are overweight or obese (BMI ≥25.0 kg/m2)15 (%),12.4,7.2,False,False
Meghalaya,West Garo Hills,Women,75,Blood sugar level - high (141-160 mg/dl)16 (%),5.6,7.6,False,False
Meghalaya,West Garo Hills,Women,76,Blood sugar level - very high (>160 mg/dl)16 (%),1.5,3.3,False,False
Meghalaya,West Garo Hills,Women,77,Blood sugar level - high or very high (>140 mg/dl) or taking medicine to control blood sugar level16 (%),7.1,12.1,False,False
Meghalaya,West Garo Hills,Men,78,Blood sugar level - high (141-160 mg/dl)16 (%),3.8,15.9,False,False
Meghalaya,West Garo Hills,Men,79,Blood sugar level - very high (>160 mg/dl)16 (%),2.7,7.9,False,False
Meghalaya,West Garo Hills,Men,80,Blood sugar level - high or very high (>140 mg/dl) or taking medicine to control blood sugar level16 (%),6.6,24.6,False,False
Meghalaya,West Garo Hills,Women,81,Mildly elevated blood pressure (Systolic 140-159 mm of Hg and/or Diastolic 90-99 mm of Hg) (%),11.5,11.5,False,False
Meghalaya,West Garo Hills,Women,82,Moderately or severely elevated blood pressure (Systolic ≥160 mm of Hg and/or Diastolic ≥100 mm,3.6,2.7,False,False
Meghalaya,West Garo Hills,Women,83,Elevated blood pressure (Systolic ≥140 mm of Hg and/or Diastolic ≥90 mm of Hg) or taking medicine to,15.5,17.4,False,False
Meghalaya,West Garo Hills,Men,84,Mildly elevated blood pressure (Systolic 140-159 mm of Hg and/or Diastolic 90-99 mm of Hg) (%),16.0,17.2,False,False
Meghalaya,West Garo Hills,Men,85,Moderately or severely elevated blood pressure (Systolic ≥160 mm of Hg and/or Diastolic ≥100 mm,5.4,3.4,False,False
Meghalaya,West Garo Hills,Men,86,Elevated blood pressure (Systolic ≥140 mm of Hg and/or Diastolic ≥90 mm of Hg) or taking medicine to,21.6,24.7,False,False
Meghalaya,West Garo Hills,Men,87,Women having a bank or savings account that they themselves use (%),82.9,83.5,False,False
Meghalaya,West Garo Hills,Men,88,Women having a mobile phone that they themselves use (%),76.4,87.7,False,False
Meghalaya,West Garo Hills,Men,89,Women age 15-24 years who use hygienic methods of protection during their menstrual period17 (%),79.4,79.6,False,False
Meghalaya,West Garo Hills,Tobacco Use and Alcohol Consumption among Adults (age 15 years and above),90,Women age 15 years and above who use any kind of tobacco (%),11.6,17.6,False,False
Meghalaya,West Garo Hills,Tobacco Use and Alcohol Consumption among Adults (age 15 years and above),91,Men age 15 years and above who use any kind of tobacco (%),48.4,58.3,False,False
Meghalaya,West Garo Hills,Tobacco Use and Alcohol Consumption among Adults (age 15 years and above),92,Women age 15 years and above who consume alcohol (%),1.1,2.1,False,False
Meghalaya,West Garo Hills,Tobacco Use and Alcohol Consumption among Adults (age 15 years and above),93,Men age 15 years and above who consume alcohol (%),25.7,38.8,False,False
Meghalaya,West Jaintia Hills,Population and Household Profile,1,Population below age 5 years (%),12.2,15.8,False,False
Meghalaya,West Jaintia Hills,Population and Household Profile,2,Population below age 15 years (%),41.1,44.8,False,False
Meghalaya,West Jaintia Hills,Population and Household Profile,3,Population age 60 years and above (%),5.7,4.4,False,False
Meghalaya,West Jaintia Hills,Population and Household Profile,4,Population living in households with electricity (%),94.3,75.4,False,False
Meghalaya,West Jaintia Hills,Population and Household Profile,5,Population living in households with an improved drinking-water source1 (%),89.4,70.6,False,False
Meghalaya,West Jaintia Hills,Population and Household Profile,6,Households using iodized salt (%),94.7,97.3,False,False
Meghalaya,West Jaintia Hills,Population and Household Profile,7,Households with any usual member covered under a health insurance/financing scheme (%),86.4,71.4,False,False
Meghalaya,West Jaintia Hills,Population and Household Profile,8,Households with any usual member having a bank account/post office account (%),95.7,80.8,False,False
Meghalaya,West Jaintia Hills,Population and Household Profile,9,Female population age 6 years and above who ever attended school (%),80.7,73.8,False,False
Meghalaya,West Jaintia Hills,Population and Household Profile,10,Households with any usual female members owning a house and/or land (alone or jointly with others) (%),81.3,81.1,False,False
Meghalaya,West Jaintia Hills,Population and Household Profile,11,Children age 2-4 years who attended pre-school (%),22.9,19.6,False,False
Meghalaya,West Jaintia Hills,Characteristics of Adults (age 15-49 years),12,Women with 10 or more years of schooling (%),26.8,24.7,False,False
Meghalaya,West Jaintia Hills,Characteristics of Adults (age 15-49 years),13,Men with 10 or more years of schooling (%),33.1,11.9,False,False
Meghalaya,West Jaintia Hills,Characteristics of Adults (age 15-49 years),14,Women who have ever used the internet (%),55.9,25.7,False,False
Meghalaya,West Jaintia Hills,Characteristics of Adults (age 15-49 years),15,Men who have ever used the internet (%),47.4,22.3,False,False
Meghalaya,West Jaintia Hills,Marriage and Fertility,16,Women age 20-24 years married before age 18 years (%),21.4,19.9,False,False
Meghalaya,West Jaintia Hills,Marriage and Fertility,17,Men age 25-29 years married before age 21 years (%),19.2,*,True,False
Meghalaya,West Jaintia Hills,Marriage and Fertility,18,Three or more births in the 5 years preceding the survey (%),2.3,4.8,False,False
Meghalaya,West Jaintia Hills,Marriage and Fertility,19,Women age 15-19 years who were already mothers or pregnant at the time of the survey (%),8.9,11.9,False,False
Meghalaya,West Jaintia Hills,Marriage and Fertility,20,Any method2 (%),55.7,19.3,False,False
Meghalaya,West Jaintia Hills,Marriage and Fertility,21,Any modern method2 (%),36.0,17.5,False,False
Meghalaya,West Jaintia Hills,Marriage and Fertility,22,Any traditional method (%),19.7,1.8,False,False
Meghalaya,West Jaintia Hills,Marriage and Fertility,23,Female sterilization (%),10.4,4.5,False,False
Meghalaya,West Jaintia Hills,Marriage and Fertility,24,Male sterilization (%),0.0,0.0,False,False
Meghalaya,West Jaintia Hills,Marriage and Fertility,25,Total unmet need3 (%),17.3,29.3,False,False
Meghalaya,West Jaintia Hills,Marriage and Fertility,26,Unmet need for spacing3 (%),16.4,21.8,False,False
Meghalaya,West Jaintia Hills,Marriage and Fertility,27,Unmet need for limiting3 (%),0.9,7.5,False,False
Meghalaya,West Jaintia Hills,Antenatal Care (for last birth in the 5 years before the survey),28,Mothers who had an antenatal check-up in the first trimester (%),66.4,44.0,False,False
Meghalaya,West Jaintia Hills,Antenatal Care (for last birth in the 5 years before the survey),29,Mothers who had any antenatal care visits (%),89.6,77.6,False,False
Meghalaya,West Jaintia Hills,Antenatal Care (for last birth in the 5 years before the survey),30,Mothers who had at least 4 antenatal care visits (%),46.3,43.1,False,False
Meghalaya,West Jaintia Hills,Antenatal Care (for last birth in the 5 years before the survey),31,Mothers whose last birth was protected against neonatal tetanus4 (%),83.9,79.2,False,False
Meghalaya,West Jaintia Hills,Antenatal Care (for last birth in the 5 years before the survey),32,Mothers who consumed iron folic acid for 100 days or more when they were pregnant (%),72.4,32.7,False,False
Meghalaya,West Jaintia Hills,Antenatal Care (for last birth in the 5 years before the survey),33,Mothers who consumed iron folic acid for 180 days or more when they were pregnant (%),48.6,19.8,False,False
Meghalaya,West Jaintia Hills,Antenatal Care (for last birth in the 5 years before the survey),34,Registered pregnancies for which the mother received a Mother and Child Protection (MCP) card (%),99.5,88.1,False,False
Meghalaya,West Jaintia Hills,Delivery Care (for births in the 5 years before the survey),35,Institutional births (%),62.0,42.2,False,False
Meghalaya,West Jaintia Hills,Delivery Care (for births in the 5 years before the survey),36,Institutional births in public facility (%),47.4,31.9,False,False
Meghalaya,West Jaintia Hills,Delivery Care (for births in the 5 years before the survey),37,Births attended by skilled health personnel5 (%),68.8,50.7,False,False
Meghalaya,West Jaintia Hills,Delivery Care (for births in the 5 years before the survey),38,Births delivered by caesarean section (%),8.4,6.2,False,False
Meghalaya,West Jaintia Hills,Delivery Care (for births in the 5 years before the survey),39,Births in a private health facility that were delivered by caesarean section (%),44.2,34.4,False,False
Meghalaya,West Jaintia Hills,Delivery Care (for births in the 5 years before the survey),40,Births in a public health facility that were delivered by caesarean section (%),4.1,8.3,False,False
Meghalaya,West Jaintia Hills,Postnatal Care (for last birth in the 5 years before the survey),41,Mothers who received postnatal care from a doctor/nurse/LHV/ANM/midwife/other health personnel within 2,48.6,28.6,False,False
Meghalaya,West Jaintia Hills,Postnatal Care (for last birth in the 5 years before the survey),42,Children born at home who were taken to a health facility for a check-up within 24 hours of birth (%),4.4,0.4,False,False
Meghalaya,West Jaintia Hills,Postnatal Care (for last birth in the 5 years before the survey),43,Children who received postnatal care from a doctor/nurse/LHV/ANM/midwife/other health personnel within 2,48.2,30.8,False,False
Meghalaya,West Jaintia Hills,Child Vaccinations and Vitamin A Supplementation,44,Children age 12-23 months fully vaccinated based on information from either vaccination card or mother's,87.3,59.7,False,False
Meghalaya,West Jaintia Hills,Child Vaccinations and Vitamin A Supplementation,45,Children age 12-23 months fully vaccinated based on information from vaccination card only7 (%),91.8,84.1,False,False
Meghalaya,West Jaintia Hills,Child Vaccinations and Vitamin A Supplementation,46,Children age 12-23 months who have received any vaccine (%),98.4,91.8,False,False
Meghalaya,West Jaintia Hills,Child Vaccinations and Vitamin A Supplementation,47,Children age 12-23 months who have received BCG (%),98.4,90.9,False,False
Meghalaya,West Jaintia Hills,Child Vaccinations and Vitamin A Supplementation,48,Children age 12-23 months who have received 3 doses of polio vaccine8 (%),88.3,65.2,False,False
Meghalaya,West Jaintia Hills,Child Vaccinations and Vitamin A Supplementation,49,Children age 12-23 months who have received 3 doses of pentavalent vaccine (%),89.9,77.0,False,False
Meghalaya,West Jaintia Hills,Child Vaccinations and Vitamin A Supplementation,50,Children age 12-23 months who have received the first dose of measles-containing vaccine (MCV) (%),92.3,72.3,False,False
Meghalaya,West Jaintia Hills,Child Vaccinations and Vitamin A Supplementation,51,Children age 24-35 months who have received a second dose of measles-containing vaccine (MCV) (%),74.4,38.7,False,False
Meghalaya,West Jaintia Hills,Child Vaccinations and Vitamin A Supplementation,52,Children age 12-23 months who have received birth dose of hepatitis B vaccine (%),66.1,36.7,False,False
Meghalaya,West Jaintia Hills,Child Vaccinations and Vitamin A Supplementation,53,Children age 12-23 months who have received 3 doses of rotavirus vaccine (%),89.2,4.8,False,False
Meghalaya,West Jaintia Hills,Child Vaccinations and Vitamin A Supplementation,54,Children age 9-35 months who received a vitamin A dose in the last 6 months (%),84.3,63.2,False,False
Meghalaya,West Jaintia Hills,Child Vaccinations and Vitamin A Supplementation,55,Children age 12-23 months who received most of their vaccinations in a public health facility (%),95.8,93.3,False,False
Meghalaya,West Jaintia Hills,Child Vaccinations and Vitamin A Supplementation,56,Children age 12-23 months who received most of their vaccinations in a private health facility (%),0.8,2.3,False,False
Meghalaya,West Jaintia Hills,Treatment of Childhood Diseases (children under age 5 years),57,Prevalence of diarrhoea in the 2 weeks preceding the survey (%),4.4,13.7,False,False
Meghalaya,West Jaintia Hills,Treatment of Childhood Diseases (children under age 5 years),58,Prevalence of symptoms of acute respiratory infection (ARI) in the 2 weeks preceding the survey (%),1.1,4.8,False,False
Meghalaya,West Jaintia Hills,Treatment of Childhood Diseases (children under age 5 years),59,Children with fever or symptoms of ARI in the 2 weeks preceding the survey taken to a health facility or,81.4,79.1,False,False
Meghalaya,West Jaintia Hills,Child Feeding Practices and Nutritional Status of Children,60,Children under age 3 years breastfed within one hour of birth9 (%),75.4,88.5,False,False
Meghalaya,West Jaintia Hills,Child Feeding Practices and Nutritional Status of Children,61,Children under age 6 months exclusively breastfed10 (%),32.0,46.4,True,False
Meghalaya,West Jaintia Hills,Child Feeding Practices and Nutritional Status of Children,62,Children under age 6 months currently breastfeeding10 (%),97.8,95.1,True,False
Meghalaya,West Jaintia Hills,Child Feeding Practices and Nutritional Status of Children,63,Children under age 6 months exclusively breastfed or breastfeeding and consuming plain water/other,65.1,74.0,True,False
Meghalaya,West Jaintia Hills,Child Feeding Practices and Nutritional Status of Children,64,Children age 6-8 months receiving solid or semi-solid food and breastmilk10 (%),68.7,77.7,True,False
Meghalaya,West Jaintia Hills,Child Feeding Practices and Nutritional Status of Children,65,"Breastfeeding children age 6-23 months receiving an adequate diet10, 11 (%)",18.8,25.7,False,False
Meghalaya,West Jaintia Hills,Child Feeding Practices and Nutritional Status of Children,66,"Non-breastfeeding children age 6-23 months receiving an adequate diet10, 11 (%)",21.7,20.8,True,False
Meghalaya,West Jaintia Hills,Child Feeding Practices and Nutritional Status of Children,67,"Total children age 6-23 months receiving an adequate diet10, 11 (%)",19.4,24.5,False,False
Meghalaya,West Jaintia Hills,Child Feeding Practices and Nutritional Status of Children,68,Children under 5 years who are stunted (height-for-age)12 (%),34.5,48.7,False,False
Meghalaya,West Jaintia Hills,Child Feeding Practices and Nutritional Status of Children,69,Children under 5 years who are wasted (weight-for-height)12 (%),10.4,9.7,False,False
Meghalaya,West Jaintia Hills,Child Feeding Practices and Nutritional Status of Children,70,Children under 5 years who are severely wasted (weight-for-height)13 (%),4.3,4.0,False,False
Meghalaya,West Jaintia Hills,Child Feeding Practices and Nutritional Status of Children,71,Children under 5 years who are underweight (weight-for-age)12 (%),22.4,28.3,False,False
Meghalaya,West Jaintia Hills,Child Feeding Practices and Nutritional Status of Children,72,Children under 5 years who are overweight (weight-for-height)14 (%),2.0,3.0,False,False
Meghalaya,West Jaintia Hills,Nutritional Status of Adults (age 15-49 years),73,Women whose Body Mass Index (BMI) is below normal (BMI <18.5 kg/m2)15 (%),11.5,9.6,False,False
Meghalaya,West Jaintia Hills,Nutritional Status of Adults (age 15-49 years),74,Women who are overweight or obese (BMI ≥25.0 kg/m2)15 (%),15.3,15.4,False,False
Meghalaya,West Jaintia Hills,Women,75,Blood sugar level - high (141-160 mg/dl)16 (%),3.3,3.8,False,False
Meghalaya,West Jaintia Hills,Women,76,Blood sugar level - very high (>160 mg/dl)16 (%),3.7,3.5,False,False
Meghalaya,West Jaintia Hills,Women,77,Blood sugar level - high or very high (>140 mg/dl) or taking medicine to control blood sugar level16 (%),7.5,8.8,False,False
Meghalaya,West Jaintia Hills,Men,78,Blood sugar level - high (141-160 mg/dl)16 (%),4.2,4.4,False,False
Meghalaya,West Jaintia Hills,Men,79,Blood sugar level - very high (>160 mg/dl)16 (%),2.1,2.8,False,False
Meghalaya,West Jaintia Hills,Men,80,Blood sugar level - high or very high (>140 mg/dl) or taking medicine to control blood sugar level16 (%),6.3,7.8,False,False
Meghalaya,West Jaintia Hills,Women,81,Mildly elevated blood pressure (Systolic 140-159 mm of Hg and/or Diastolic 90-99 mm of Hg) (%),10.4,8.9,False,False
Meghalaya,West Jaintia Hills,Women,82,Moderately or severely elevated blood pressure (Systolic ≥160 mm of Hg and/or Diastolic ≥100 mm,5.7,3.3,False,False
Meghalaya,West Jaintia Hills,Women,83,Elevated blood pressure (Systolic ≥140 mm of Hg and/or Diastolic ≥90 mm of Hg) or taking medicine to,18.6,18.0,False,False
Meghalaya,West Jaintia Hills,Men,84,Mildly elevated blood pressure (Systolic 140-159 mm of Hg and/or Diastolic 90-99 mm of Hg) (%),9.6,8.6,False,False
Meghalaya,West Jaintia Hills,Men,85,Moderately or severely elevated blood pressure (Systolic ≥160 mm of Hg and/or Diastolic ≥100 mm,3.5,3.2,False,False
Meghalaya,West Jaintia Hills,Men,86,Elevated blood pressure (Systolic ≥140 mm of Hg and/or Diastolic ≥90 mm of Hg) or taking medicine to,14.4,15.5,False,False
Meghalaya,West Jaintia Hills,Men,87,Women having a bank or savings account that they themselves use (%),83.2,63.3,False,False
Meghalaya,West Jaintia Hills,Men,88,Women having a mobile phone that they themselves use (%),80.4,65.3,False,False
Meghalaya,West Jaintia Hills,Men,89,Women age 15-24 years who use hygienic methods of protection during their menstrual period17 (%),43.5,32.6,False,False
Meghalaya,West Jaintia Hills,Tobacco Use and Alcohol Consumption among Adults (age 15 years and above),90,Women age 15 years and above who use any kind of tobacco (%),56.9,44.8,False,False
Meghalaya,West Jaintia Hills,Tobacco Use and Alcohol Consumption among Adults (age 15 years and above),91,Men age 15 years and above who use any kind of tobacco (%),68.0,64.7,False,False
Meghalaya,West Jaintia Hills,Tobacco Use and Alcohol Consumption among Adults (age 15 years and above),92,Women age 15 years and above who consume alcohol (%),1.0,1.3,False,False
Meghalaya,West Jaintia Hills,Tobacco Use and Alcohol Consumption among Adults (age 15 years and above),93,Men age 15 years and above who consume alcohol (%),33.0,36.9,False,False
Meghalaya,West Khasi Hills,Population and Household Profile,1,Population below age 5 years (%),12.5,19.8,False,False
Meghalaya,West Khasi Hills,Population and Household Profile,2,Population below age 15 years (%),40.6,50.6,False,False
Meghalaya,West Khasi Hills,Population and Household Profile,3,Population age 60 years and above (%),6.2,3.9,False,False
Meghalaya,West Khasi Hills,Population and Household Profile,4,Population living in households with electricity (%),90.4,85.0,False,False
Meghalaya,West Khasi Hills,Population and Household Profile,5,Population living in households with an improved drinking-water source1 (%),89.4,80.5,False,False
Meghalaya,West Khasi Hills,Population and Household Profile,6,Households using iodized salt (%),99.5,97.3,False,False
Meghalaya,West Khasi Hills,Population and Household Profile,7,Households with any usual member covered under a health insurance/financing scheme (%),80.4,68.1,False,False
Meghalaya,West Khasi Hills,Population and Household Profile,8,Households with any usual member having a bank account/post office account (%),97.3,93.9,False,False
Meghalaya,West Khasi Hills,Population and Household Profile,9,Female population age 6 years and above who ever attended school (%),86.9,85.1,False,False
Meghalaya,West Khasi Hills,Population and Household Profile,10,Households with any usual female members owning a house and/or land (alone or jointly with others) (%),82.4,86.1,False,False
Meghalaya,West Khasi Hills,Population and Household Profile,11,Children age 2-4 years who attended pre-school (%),17.8,20.6,False,False
Meghalaya,West Khasi Hills,Characteristics of Adults (age 15-49 years),12,Women with 10 or more years of schooling (%),28.0,16.4,False,False
Meghalaya,West Khasi Hills,Characteristics of Adults (age 15-49 years),13,Men with 10 or more years of schooling (%),26.8,18.7,False,False
Meghalaya,West Khasi Hills,Characteristics of Adults (age 15-49 years),14,Women who have ever used the internet (%),56.9,24.0,False,False
Meghalaya,West Khasi Hills,Characteristics of Adults (age 15-49 years),15,Men who have ever used the internet (%),56.0,38.1,False,False
Meghalaya,West Khasi Hills,Marriage and Fertility,16,Women age 20-24 years married before age 18 years (%),20.1,30.3,False,False
Meghalaya,West Khasi Hills,Marriage and Fertility,17,Men age 25-29 years married before age 21 years (%),29.5,39.9,True,False
Meghalaya,West Khasi Hills,Marriage and Fertility,18,Three or more births in the 5 years preceding the survey (%),5.4,8.0,False,False
Meghalaya,West Khasi Hills,Marriage and Fertility,19,Women age 15-19 years who were already mothers or pregnant at the time of the survey (%),6.2,12.9,False,False
Meghalaya,West Khasi Hills,Marriage and Fertility,20,Any method2 (%),50.9,26.3,False,False
Meghalaya,West Khasi Hills,Marriage and Fertility,21,Any modern method2 (%),34.6,15.3,False,False
Meghalaya,West Khasi Hills,Marriage and Fertility,22,Any traditional method (%),16.3,11.0,False,False
Meghalaya,West Khasi Hills,Marriage and Fertility,23,Female sterilization (%),9.0,9.3,False,False
Meghalaya,West Khasi Hills,Marriage and Fertility,24,Male sterilization (%),0.0,0.0,False,False
Meghalaya,West Khasi Hills,Marriage and Fertility,25,Total unmet need3 (%),21.7,25.8,False,False
Meghalaya,West Khasi Hills,Marriage and Fertility,26,Unmet need for spacing3 (%),20.7,21.1,False,False
Meghalaya,West Khasi Hills,Marriage and Fertility,27,Unmet need for limiting3 (%),1.0,4.7,False,False
Meghalaya,West Khasi Hills,Antenatal Care (for last birth in the 5 years before the survey),28,Mothers who had an antenatal check-up in the first trimester (%),62.5,45.3,False,False
Meghalaya,West Khasi Hills,Antenatal Care (for last birth in the 5 years before the survey),29,Mothers who had any antenatal care visits (%),96.3,88.5,False,False
Meghalaya,West Khasi Hills,Antenatal Care (for last birth in the 5 years before the survey),30,Mothers who had at least 4 antenatal care visits (%),51.1,64.0,False,False
Meghalaya,West Khasi Hills,Antenatal Care (for last birth in the 5 years before the survey),31,Mothers whose last birth was protected against neonatal tetanus4 (%),89.2,81.6,False,False
Meghalaya,West Khasi Hills,Antenatal Care (for last birth in the 5 years before the survey),32,Mothers who consumed iron folic acid for 100 days or more when they were pregnant (%),72.9,51.6,False,False
Meghalaya,West Khasi Hills,Antenatal Care (for last birth in the 5 years before the survey),33,Mothers who consumed iron folic acid for 180 days or more when they were pregnant (%),48.7,21.0,False,False
Meghalaya,West Khasi Hills,Antenatal Care (for last birth in the 5 years before the survey),34,Registered pregnancies for which the mother received a Mother and Child Protection (MCP) card (%),99.5,97.3,False,False
Meghalaya,West Khasi Hills,Delivery Care (for births in the 5 years before the survey),35,Institutional births (%),53.3,41.7,False,False
Meghalaya,West Khasi Hills,Delivery Care (for births in the 5 years before the survey),36,Institutional births in public facility (%),50.3,36.1,False,False
Meghalaya,West Khasi Hills,Delivery Care (for births in the 5 years before the survey),37,Births attended by skilled health personnel5 (%),57.8,49.3,False,False
Meghalaya,West Khasi Hills,Delivery Care (for births in the 5 years before the survey),38,Births delivered by caesarean section (%),3.1,4.7,False,False
Meghalaya,West Khasi Hills,Delivery Care (for births in the 5 years before the survey),39,Births in a private health facility that were delivered by caesarean section (%),*,30.6,True,False
Meghalaya,West Khasi Hills,Delivery Care (for births in the 5 years before the survey),40,Births in a public health facility that were delivered by caesarean section (%),5.6,8.3,False,False
Meghalaya,West Khasi Hills,Postnatal Care (for last birth in the 5 years before the survey),41,Mothers who received postnatal care from a doctor/nurse/LHV/ANM/midwife/other health personnel within 2,43.0,42.0,False,False
Meghalaya,West Khasi Hills,Postnatal Care (for last birth in the 5 years before the survey),42,Children born at home who were taken to a health facility for a check-up within 24 hours of birth (%),1.2,0.4,False,False
Meghalaya,West Khasi Hills,Postnatal Care (for last birth in the 5 years before the survey),43,Children who received postnatal care from a doctor/nurse/LHV/ANM/midwife/other health personnel within 2,42.1,41.4,False,False
Meghalaya,West Khasi Hills,Child Vaccinations and Vitamin A Supplementation,44,Children age 12-23 months fully vaccinated based on information from either vaccination card or mother's,76.4,62.5,False,False
Meghalaya,West Khasi Hills,Child Vaccinations and Vitamin A Supplementation,45,Children age 12-23 months fully vaccinated based on information from vaccination card only7 (%),86.8,77.4,False,False
Meghalaya,West Khasi Hills,Child Vaccinations and Vitamin A Supplementation,46,Children age 12-23 months who have received any vaccine (%),88.1,88.6,False,False
Meghalaya,West Khasi Hills,Child Vaccinations and Vitamin A Supplementation,47,Children age 12-23 months who have received BCG (%),86.4,86.7,False,False
Meghalaya,West Khasi Hills,Child Vaccinations and Vitamin A Supplementation,48,Children age 12-23 months who have received 3 doses of polio vaccine8 (%),78.1,67.6,False,False
Meghalaya,West Khasi Hills,Child Vaccinations and Vitamin A Supplementation,49,Children age 12-23 months who have received 3 doses of pentavalent vaccine (%),82.5,68.2,False,False
Meghalaya,West Khasi Hills,Child Vaccinations and Vitamin A Supplementation,50,Children age 12-23 months who have received the first dose of measles-containing vaccine (MCV) (%),82.5,71.5,False,False
Meghalaya,West Khasi Hills,Child Vaccinations and Vitamin A Supplementation,51,Children age 24-35 months who have received a second dose of measles-containing vaccine (MCV) (%),59.1,28.7,False,False
Meghalaya,West Khasi Hills,Child Vaccinations and Vitamin A Supplementation,52,Children age 12-23 months who have received birth dose of hepatitis B vaccine (%),52.5,32.6,False,False
Meghalaya,West Khasi Hills,Child Vaccinations and Vitamin A Supplementation,53,Children age 12-23 months who have received 3 doses of rotavirus vaccine (%),81.0,0.7,False,False
Meghalaya,West Khasi Hills,Child Vaccinations and Vitamin A Supplementation,54,Children age 9-35 months who received a vitamin A dose in the last 6 months (%),84.6,63.4,False,False
Meghalaya,West Khasi Hills,Child Vaccinations and Vitamin A Supplementation,55,Children age 12-23 months who received most of their vaccinations in a public health facility (%),96.5,95.9,False,False
Meghalaya,West Khasi Hills,Child Vaccinations and Vitamin A Supplementation,56,Children age 12-23 months who received most of their vaccinations in a private health facility (%),0.0,0.9,False,False
Meghalaya,West Khasi Hills,Treatment of Childhood Diseases (children under age 5 years),57,Prevalence of diarrhoea in the 2 weeks preceding the survey (%),4.4,10.1,False,False
Meghalaya,West Khasi Hills,Treatment of Childhood Diseases (children under age 5 years),58,Prevalence of symptoms of acute respiratory infection (ARI) in the 2 weeks preceding the survey (%),2.4,6.5,False,False
Meghalaya,West Khasi Hills,Treatment of Childhood Diseases (children under age 5 years),59,Children with fever or symptoms of ARI in the 2 weeks preceding the survey taken to a health facility or,63.7,75.3,False,False
Meghalaya,West Khasi Hills,Child Feeding Practices and Nutritional Status of Children,60,Children under age 3 years breastfed within one hour of birth9 (%),73.4,81.2,False,False
Meghalaya,West Khasi Hills,Child Feeding Practices and Nutritional Status of Children,61,Children under age 6 months exclusively breastfed10 (%),52.2,41.5,False,False
Meghalaya,West Khasi Hills,Child Feeding Practices and Nutritional Status of Children,62,Children under age 6 months currently breastfeeding10 (%),97.3,98.0,False,False
Meghalaya,West Khasi Hills,Child Feeding Practices and Nutritional Status of Children,63,Children under age 6 months exclusively breastfed or breastfeeding and consuming plain water/other,79.0,81.0,False,False
Meghalaya,West Khasi Hills,Child Feeding Practices and Nutritional Status of Children,64,Children age 6-8 months receiving solid or semi-solid food and breastmilk10 (%),54.6,59.8,True,False
Meghalaya,West Khasi Hills,Child Feeding Practices and Nutritional Status of Children,65,"Breastfeeding children age 6-23 months receiving an adequate diet10, 11 (%)",17.5,28.5,False,False
Meghalaya,West Khasi Hills,Child Feeding Practices and Nutritional Status of Children,66,"Non-breastfeeding children age 6-23 months receiving an adequate diet10, 11 (%)",*,24.9,True,False
Meghalaya,West Khasi Hills,Child Feeding Practices and Nutritional Status of Children,67,"Total children age 6-23 months receiving an adequate diet10, 11 (%)",17.3,27.5,False,False
Meghalaya,West Khasi Hills,Child Feeding Practices and Nutritional Status of Children,68,Children under 5 years who are stunted (height-for-age)12 (%),47.8,59.0,False,False
Meghalaya,West Khasi Hills,Child Feeding Practices and Nutritional Status of Children,69,Children under 5 years who are wasted (weight-for-height)12 (%),6.1,8.0,False,False
Meghalaya,West Khasi Hills,Child Feeding Practices and Nutritional Status of Children,70,Children under 5 years who are severely wasted (weight-for-height)13 (%),1.2,2.7,False,False
Meghalaya,West Khasi Hills,Child Feeding Practices and Nutritional Status of Children,71,Children under 5 years who are underweight (weight-for-age)12 (%),23.3,31.1,False,False
Meghalaya,West Khasi Hills,Child Feeding Practices and Nutritional Status of Children,72,Children under 5 years who are overweight (weight-for-height)14 (%),1.8,3.1,False,False
Meghalaya,West Khasi Hills,Nutritional Status of Adults (age 15-49 years),73,Women whose Body Mass Index (BMI) is below normal (BMI <18.5 kg/m2)15 (%),10.8,14.6,False,False
Meghalaya,West Khasi Hills,Nutritional Status of Adults (age 15-49 years),74,Women who are overweight or obese (BMI ≥25.0 kg/m2)15 (%),10.3,8.7,False,False
Meghalaya,West Khasi Hills,Women,75,Blood sugar level - high (141-160 mg/dl)16 (%),2.5,2.3,False,False
Meghalaya,West Khasi Hills,Women,76,Blood sugar level - very high (>160 mg/dl)16 (%),2.3,2.6,False,False
Meghalaya,West Khasi Hills,Women,77,Blood sugar level - high or very high (>140 mg/dl) or taking medicine to control blood sugar level16 (%),5.0,5.6,False,False
Meghalaya,West Khasi Hills,Men,78,Blood sugar level - high (141-160 mg/dl)16 (%),2.6,4.3,False,False
Meghalaya,West Khasi Hills,Men,79,Blood sugar level - very high (>160 mg/dl)16 (%),1.6,2.7,False,False
Meghalaya,West Khasi Hills,Men,80,Blood sugar level - high or very high (>140 mg/dl) or taking medicine to control blood sugar level16 (%),4.4,7.6,False,False
Meghalaya,West Khasi Hills,Women,81,Mildly elevated blood pressure (Systolic 140-159 mm of Hg and/or Diastolic 90-99 mm of Hg) (%),10.9,9.1,False,False
Meghalaya,West Khasi Hills,Women,82,Moderately or severely elevated blood pressure (Systolic ≥160 mm of Hg and/or Diastolic ≥100 mm,3.8,4.8,False,False
Meghalaya,West Khasi Hills,Women,83,Elevated blood pressure (Systolic ≥140 mm of Hg and/or Diastolic ≥90 mm of Hg) or taking medicine to,17.0,16.0,False,False
Meghalaya,West Khasi Hills,Men,84,Mildly elevated blood pressure (Systolic 140-159 mm of Hg and/or Diastolic 90-99 mm of Hg) (%),10.2,11.8,False,False
Meghalaya,West Khasi Hills,Men,85,Moderately or severely elevated blood pressure (Systolic ≥160 mm of Hg and/or Diastolic ≥100 mm,2.3,3.8,False,False
Meghalaya,West Khasi Hills,Men,86,Elevated blood pressure (Systolic ≥140 mm of Hg and/or Diastolic ≥90 mm of Hg) or taking medicine to,13.2,16.4,False,False
Meghalaya,West Khasi Hills,Men,87,Women having a bank or savings account that they themselves use (%),78.7,69.7,False,False
Meghalaya,West Khasi Hills,Men,88,Women having a mobile phone that they themselves use (%),78.8,54.6,False,False
Meghalaya,West Khasi Hills,Men,89,Women age 15-24 years who use hygienic methods of protection during their menstrual period17 (%),58.0,48.9,False,False
Meghalaya,West Khasi Hills,Tobacco Use and Alcohol Consumption among Adults (age 15 years and above),90,Women age 15 years and above who use any kind of tobacco (%),60.3,50.2,False,False
Meghalaya,West Khasi Hills,Tobacco Use and Alcohol Consumption among Adults (age 15 years and above),91,Men age 15 years and above who use any kind of tobacco (%),71.9,73.3,False,False
Meghalaya,West Khasi Hills,Tobacco Use and Alcohol Consumption among Adults (age 15 years and above),92,Women age 15 years and above who consume alcohol (%),1.0,1.6,False,False
Meghalaya,West Khasi Hills,Tobacco Use and Alcohol Consumption among Adults (age 15 years and above),93,Men age 15 years and above who consume alcohol (%),29.3,34.4,False,False
