state,district,category,indicator_no,indicator,nfhs6_value,nfhs5_value,small_sample_flag,boundary_change_single_round
Odisha,Anugul,Population and Household Profile,1,Population below age 5 years (%),6.8,7.6,False,False
Odisha,Anugul,Population and Household Profile,2,Population below age 15 years (%),23.1,24.5,False,False
Odisha,Anugul,Population and Household Profile,3,Population age 60 years and above (%),14.6,13.7,False,False
Odisha,Anugul,Population and Household Profile,4,Population living in households with electricity (%),97.5,96.7,False,False
Odisha,Anugul,Population and Household Profile,5,Population living in households with an improved drinking-water source1 (%),87.4,76.2,False,False
Odisha,Anugul,Population and Household Profile,6,Households using iodized salt (%),90.5,97.1,False,False
Odisha,Anugul,Population and Household Profile,7,Households with any usual member covered under a health insurance/financing scheme (%),83.6,63.1,False,False
Odisha,Anugul,Population and Household Profile,8,Households with any usual member having a bank account/post office account (%),98.9,97.7,False,False
Odisha,Anugul,Population and Household Profile,9,Female population age 6 years and above who ever attended school (%),77.5,73.2,False,False
Odisha,Anugul,Population and Household Profile,10,Households with any usual female members owning a house and/or land (alone or jointly with others) (%),14.5,10.4,False,False
Odisha,Anugul,Population and Household Profile,11,Children age 2-4 years who attended pre-school (%),54.3,56.7,False,False
Odisha,Anugul,Characteristics of Adults (age 15-49 years),12,Women with 10 or more years of schooling (%),46.3,33.7,False,False
Odisha,Anugul,Characteristics of Adults (age 15-49 years),13,Men with 10 or more years of schooling (%),47.7,43.4,False,False
Odisha,Anugul,Characteristics of Adults (age 15-49 years),14,Women who have ever used the internet (%),52.2,20.8,False,False
Odisha,Anugul,Characteristics of Adults (age 15-49 years),15,Men who have ever used the internet (%),68.8,45.1,False,False
Odisha,Anugul,Marriage and Fertility,16,Women age 20-24 years married before age 18 years (%),30.2,25.0,False,False
Odisha,Anugul,Marriage and Fertility,17,Men age 25-29 years married before age 21 years (%),*,*,True,False
Odisha,Anugul,Marriage and Fertility,18,Three or more births in the 5 years preceding the survey (%),2.2,0.4,False,False
Odisha,Anugul,Marriage and Fertility,19,Women age 15-19 years who were already mothers or pregnant at the time of the survey (%),9.6,12.2,False,False
Odisha,Anugul,Marriage and Fertility,20,Any method2 (%),80.2,85.8,False,False
Odisha,Anugul,Marriage and Fertility,21,Any modern method2 (%),36.4,52.6,False,False
Odisha,Anugul,Marriage and Fertility,22,Any traditional method (%),43.8,33.2,False,False
Odisha,Anugul,Marriage and Fertility,23,Female sterilization (%),18.8,25.7,False,False
Odisha,Anugul,Marriage and Fertility,24,Male sterilization (%),0.1,0.0,False,False
Odisha,Anugul,Marriage and Fertility,25,Total unmet need3 (%),3.0,2.9,False,False
Odisha,Anugul,Marriage and Fertility,26,Unmet need for spacing3 (%),1.9,1.4,False,False
Odisha,Anugul,Marriage and Fertility,27,Unmet need for limiting3 (%),1.1,1.5,False,False
Odisha,Anugul,Antenatal Care (for last birth in the 5 years before the survey),28,Mothers who had an antenatal check-up in the first trimester (%),74.3,78.7,False,False
Odisha,Anugul,Antenatal Care (for last birth in the 5 years before the survey),29,Mothers who had any antenatal care visits (%),95.9,99.1,False,False
Odisha,Anugul,Antenatal Care (for last birth in the 5 years before the survey),30,Mothers who had at least 4 antenatal care visits (%),83.2,83.7,False,False
Odisha,Anugul,Antenatal Care (for last birth in the 5 years before the survey),31,Mothers whose last birth was protected against neonatal tetanus4 (%),95.8,97.0,False,False
Odisha,Anugul,Antenatal Care (for last birth in the 5 years before the survey),32,Mothers who consumed iron folic acid for 100 days or more when they were pregnant (%),71.7,53.7,False,False
Odisha,Anugul,Antenatal Care (for last birth in the 5 years before the survey),33,Mothers who consumed iron folic acid for 180 days or more when they were pregnant (%),41.0,21.6,False,False
Odisha,Anugul,Antenatal Care (for last birth in the 5 years before the survey),34,Registered pregnancies for which the mother received a Mother and Child Protection (MCP) card (%),99.8,99.6,False,False
Odisha,Anugul,Delivery Care (for births in the 5 years before the survey),35,Institutional births (%),94.6,85.7,False,False
Odisha,Anugul,Delivery Care (for births in the 5 years before the survey),36,Institutional births in public facility (%),74.2,67.6,False,False
Odisha,Anugul,Delivery Care (for births in the 5 years before the survey),37,Births attended by skilled health personnel5 (%),93.0,89.8,False,False
Odisha,Anugul,Delivery Care (for births in the 5 years before the survey),38,Births delivered by caesarean section (%),23.4,18.4,False,False
Odisha,Anugul,Delivery Care (for births in the 5 years before the survey),39,Births in a private health facility that were delivered by caesarean section (%),60.2,62.8,True,False
Odisha,Anugul,Delivery Care (for births in the 5 years before the survey),40,Births in a public health facility that were delivered by caesarean section (%),15.0,10.3,False,False
Odisha,Anugul,Postnatal Care (for last birth in the 5 years before the survey),41,Mothers who received postnatal care from a doctor/nurse/LHV/ANM/midwife/other health personnel within 2,88.1,84.8,False,False
Odisha,Anugul,Postnatal Care (for last birth in the 5 years before the survey),42,Children born at home who were taken to a health facility for a check-up within 24 hours of birth (%),*,13.2,True,False
Odisha,Anugul,Postnatal Care (for last birth in the 5 years before the survey),43,Children who received postnatal care from a doctor/nurse/LHV/ANM/midwife/other health personnel within 2,84.8,85.1,False,False
Odisha,Anugul,Child Vaccinations and Vitamin A Supplementation,44,Children age 12-23 months fully vaccinated based on information from either vaccination card or mother's,100.0,87.0,True,False
Odisha,Anugul,Child Vaccinations and Vitamin A Supplementation,45,Children age 12-23 months fully vaccinated based on information from vaccination card only7 (%),100.0,86.5,True,False
Odisha,Anugul,Child Vaccinations and Vitamin A Supplementation,46,Children age 12-23 months who have received any vaccine (%),100.0,98.2,True,False
Odisha,Anugul,Child Vaccinations and Vitamin A Supplementation,47,Children age 12-23 months who have received BCG (%),100.0,98.2,True,False
Odisha,Anugul,Child Vaccinations and Vitamin A Supplementation,48,Children age 12-23 months who have received 3 doses of polio vaccine8 (%),100.0,88.8,True,False
Odisha,Anugul,Child Vaccinations and Vitamin A Supplementation,49,Children age 12-23 months who have received 3 doses of pentavalent vaccine (%),100.0,94.3,True,False
Odisha,Anugul,Child Vaccinations and Vitamin A Supplementation,50,Children age 12-23 months who have received the first dose of measles-containing vaccine (MCV) (%),100.0,96.1,True,False
Odisha,Anugul,Child Vaccinations and Vitamin A Supplementation,51,Children age 24-35 months who have received a second dose of measles-containing vaccine (MCV) (%),87.5,78.0,False,False
Odisha,Anugul,Child Vaccinations and Vitamin A Supplementation,52,Children age 12-23 months who have received birth dose of hepatitis B vaccine (%),91.2,85.0,True,False
Odisha,Anugul,Child Vaccinations and Vitamin A Supplementation,53,Children age 12-23 months who have received 3 doses of rotavirus vaccine (%),95.6,83.2,True,False
Odisha,Anugul,Child Vaccinations and Vitamin A Supplementation,54,Children age 9-35 months who received a vitamin A dose in the last 6 months (%),87.3,88.9,False,False
Odisha,Anugul,Child Vaccinations and Vitamin A Supplementation,55,Children age 12-23 months who received most of their vaccinations in a public health facility (%),100.0,98.5,True,False
Odisha,Anugul,Child Vaccinations and Vitamin A Supplementation,56,Children age 12-23 months who received most of their vaccinations in a private health facility (%),0.0,0.0,True,False
Odisha,Anugul,Treatment of Childhood Diseases (children under age 5 years),57,Prevalence of diarrhoea in the 2 weeks preceding the survey (%),11.2,12.0,False,False
Odisha,Anugul,Treatment of Childhood Diseases (children under age 5 years),58,Prevalence of symptoms of acute respiratory infection (ARI) in the 2 weeks preceding the survey (%),0.7,4.5,False,False
Odisha,Anugul,Treatment of Childhood Diseases (children under age 5 years),59,Children with fever or symptoms of ARI in the 2 weeks preceding the survey taken to a health facility or,72.7,75.5,True,False
Odisha,Anugul,Child Feeding Practices and Nutritional Status of Children,60,Children under age 3 years breastfed within one hour of birth9 (%),63.1,67.4,False,False
Odisha,Anugul,Child Feeding Practices and Nutritional Status of Children,61,Children under age 6 months exclusively breastfed10 (%),*,*,True,False
Odisha,Anugul,Child Feeding Practices and Nutritional Status of Children,62,Children under age 6 months currently breastfeeding10 (%),*,*,True,False
Odisha,Anugul,Child Feeding Practices and Nutritional Status of Children,63,Children under age 6 months exclusively breastfed or breastfeeding and consuming plain water/other,*,*,True,False
Odisha,Anugul,Child Feeding Practices and Nutritional Status of Children,64,Children age 6-8 months receiving solid or semi-solid food and breastmilk10 (%),*,*,True,False
Odisha,Anugul,Child Feeding Practices and Nutritional Status of Children,65,"Breastfeeding children age 6-23 months receiving an adequate diet10, 11 (%)",18.1,18.7,False,False
Odisha,Anugul,Child Feeding Practices and Nutritional Status of Children,66,"Non-breastfeeding children age 6-23 months receiving an adequate diet10, 11 (%)",*,*,True,False
Odisha,Anugul,Child Feeding Practices and Nutritional Status of Children,67,"Total children age 6-23 months receiving an adequate diet10, 11 (%)",16.4,18.7,False,False
Odisha,Anugul,Child Feeding Practices and Nutritional Status of Children,68,Children under 5 years who are stunted (height-for-age)12 (%),27.0,28.1,False,False
Odisha,Anugul,Child Feeding Practices and Nutritional Status of Children,69,Children under 5 years who are wasted (weight-for-height)12 (%),19.7,25.1,False,False
Odisha,Anugul,Child Feeding Practices and Nutritional Status of Children,70,Children under 5 years who are severely wasted (weight-for-height)13 (%),6.0,7.7,False,False
Odisha,Anugul,Child Feeding Practices and Nutritional Status of Children,71,Children under 5 years who are underweight (weight-for-age)12 (%),28.9,30.5,False,False
Odisha,Anugul,Child Feeding Practices and Nutritional Status of Children,72,Children under 5 years who are overweight (weight-for-height)14 (%),2.1,3.5,False,False
Odisha,Anugul,Nutritional Status of Adults (age 15-49 years),73,Women whose Body Mass Index (BMI) is below normal (BMI <18.5 kg/m2)15 (%),14.3,20.6,False,False
Odisha,Anugul,Nutritional Status of Adults (age 15-49 years),74,Women who are overweight or obese (BMI ≥25.0 kg/m2)15 (%),36.7,22.7,False,False
Odisha,Anugul,Women,75,Blood sugar level - high (141-160 mg/dl)16 (%),11.2,8.4,False,False
Odisha,Anugul,Women,76,Blood sugar level - very high (>160 mg/dl)16 (%),11.5,6.5,False,False
Odisha,Anugul,Women,77,Blood sugar level - high or very high (>140 mg/dl) or taking medicine to control blood sugar level16 (%),24.6,16.1,False,False
Odisha,Anugul,Men,78,Blood sugar level - high (141-160 mg/dl)16 (%),9.7,8.1,False,False
Odisha,Anugul,Men,79,Blood sugar level - very high (>160 mg/dl)16 (%),14.9,9.1,False,False
Odisha,Anugul,Men,80,Blood sugar level - high or very high (>140 mg/dl) or taking medicine to control blood sugar level16 (%),27.2,18.2,False,False
Odisha,Anugul,Women,81,Mildly elevated blood pressure (Systolic 140-159 mm of Hg and/or Diastolic 90-99 mm of Hg) (%),15.1,10.0,False,False
Odisha,Anugul,Women,82,Moderately or severely elevated blood pressure (Systolic ≥160 mm of Hg and/or Diastolic ≥100 mm,6.5,3.7,False,False
Odisha,Anugul,Women,83,Elevated blood pressure (Systolic ≥140 mm of Hg and/or Diastolic ≥90 mm of Hg) or taking medicine to,28.2,18.9,False,False
Odisha,Anugul,Men,84,Mildly elevated blood pressure (Systolic 140-159 mm of Hg and/or Diastolic 90-99 mm of Hg) (%),15.7,13.5,False,False
Odisha,Anugul,Men,85,Moderately or severely elevated blood pressure (Systolic ≥160 mm of Hg and/or Diastolic ≥100 mm,7.4,4.6,False,False
Odisha,Anugul,Men,86,Elevated blood pressure (Systolic ≥140 mm of Hg and/or Diastolic ≥90 mm of Hg) or taking medicine to,27.6,21.1,False,False
Odisha,Anugul,Men,87,Women having a bank or savings account that they themselves use (%),93.9,91.9,False,False
Odisha,Anugul,Men,88,Women having a mobile phone that they themselves use (%),69.9,56.5,False,False
Odisha,Anugul,Men,89,Women age 15-24 years who use hygienic methods of protection during their menstrual period17 (%),94.6,86.5,False,False
Odisha,Anugul,Tobacco Use and Alcohol Consumption among Adults (age 15 years and above),90,Women age 15 years and above who use any kind of tobacco (%),14.9,17.2,False,False
Odisha,Anugul,Tobacco Use and Alcohol Consumption among Adults (age 15 years and above),91,Men age 15 years and above who use any kind of tobacco (%),48.8,56.9,False,False
Odisha,Anugul,Tobacco Use and Alcohol Consumption among Adults (age 15 years and above),92,Women age 15 years and above who consume alcohol (%),0.9,3.9,False,False
Odisha,Anugul,Tobacco Use and Alcohol Consumption among Adults (age 15 years and above),93,Men age 15 years and above who consume alcohol (%),30.4,32.9,False,False
Odisha,Balangir,Population and Household Profile,1,Population below age 5 years (%),6.8,7.3,False,False
Odisha,Balangir,Population and Household Profile,2,Population below age 15 years (%),23.1,23.9,False,False
Odisha,Balangir,Population and Household Profile,3,Population age 60 years and above (%),15.2,15.0,False,False
Odisha,Balangir,Population and Household Profile,4,Population living in households with electricity (%),97.6,97.8,False,False
Odisha,Balangir,Population and Household Profile,5,Population living in households with an improved drinking-water source1 (%),96.4,92.9,False,False
Odisha,Balangir,Population and Household Profile,6,Households using iodized salt (%),96.8,98.2,False,False
Odisha,Balangir,Population and Household Profile,7,Households with any usual member covered under a health insurance/financing scheme (%),88.1,44.0,False,False
Odisha,Balangir,Population and Household Profile,8,Households with any usual member having a bank account/post office account (%),98.9,97.5,False,False
Odisha,Balangir,Population and Household Profile,9,Female population age 6 years and above who ever attended school (%),69.6,69.3,False,False
Odisha,Balangir,Population and Household Profile,10,Households with any usual female members owning a house and/or land (alone or jointly with others) (%),13.0,7.0,False,False
Odisha,Balangir,Population and Household Profile,11,Children age 2-4 years who attended pre-school (%),61.8,47.3,False,False
Odisha,Balangir,Characteristics of Adults (age 15-49 years),12,Women with 10 or more years of schooling (%),40.0,31.4,False,False
Odisha,Balangir,Characteristics of Adults (age 15-49 years),13,Men with 10 or more years of schooling (%),46.2,44.5,False,False
Odisha,Balangir,Characteristics of Adults (age 15-49 years),14,Women who have ever used the internet (%),53.3,29.4,False,False
Odisha,Balangir,Characteristics of Adults (age 15-49 years),15,Men who have ever used the internet (%),71.3,65.2,False,False
Odisha,Balangir,Marriage and Fertility,16,Women age 20-24 years married before age 18 years (%),14.8,14.0,False,False
Odisha,Balangir,Marriage and Fertility,17,Men age 25-29 years married before age 21 years (%),*,*,True,False
Odisha,Balangir,Marriage and Fertility,18,Three or more births in the 5 years preceding the survey (%),0.8,0.7,False,False
Odisha,Balangir,Marriage and Fertility,19,Women age 15-19 years who were already mothers or pregnant at the time of the survey (%),1.9,3.7,False,False
Odisha,Balangir,Marriage and Fertility,20,Any method2 (%),70.5,77.8,False,False
Odisha,Balangir,Marriage and Fertility,21,Any modern method2 (%),37.1,58.6,False,False
Odisha,Balangir,Marriage and Fertility,22,Any traditional method (%),33.4,19.2,False,False
Odisha,Balangir,Marriage and Fertility,23,Female sterilization (%),24.7,34.9,False,False
Odisha,Balangir,Marriage and Fertility,24,Male sterilization (%),0.0,0.1,False,False
Odisha,Balangir,Marriage and Fertility,25,Total unmet need3 (%),8.3,3.4,False,False
Odisha,Balangir,Marriage and Fertility,26,Unmet need for spacing3 (%),3.3,1.8,False,False
Odisha,Balangir,Marriage and Fertility,27,Unmet need for limiting3 (%),5.0,1.6,False,False
Odisha,Balangir,Antenatal Care (for last birth in the 5 years before the survey),28,Mothers who had an antenatal check-up in the first trimester (%),74.1,89.1,False,False
Odisha,Balangir,Antenatal Care (for last birth in the 5 years before the survey),29,Mothers who had any antenatal care visits (%),93.8,100.0,False,False
Odisha,Balangir,Antenatal Care (for last birth in the 5 years before the survey),30,Mothers who had at least 4 antenatal care visits (%),80.7,95.4,False,False
Odisha,Balangir,Antenatal Care (for last birth in the 5 years before the survey),31,Mothers whose last birth was protected against neonatal tetanus4 (%),98.2,97.1,False,False
Odisha,Balangir,Antenatal Care (for last birth in the 5 years before the survey),32,Mothers who consumed iron folic acid for 100 days or more when they were pregnant (%),76.3,83.0,False,False
Odisha,Balangir,Antenatal Care (for last birth in the 5 years before the survey),33,Mothers who consumed iron folic acid for 180 days or more when they were pregnant (%),50.7,54.4,False,False
Odisha,Balangir,Antenatal Care (for last birth in the 5 years before the survey),34,Registered pregnancies for which the mother received a Mother and Child Protection (MCP) card (%),100.0,100.0,False,False
Odisha,Balangir,Delivery Care (for births in the 5 years before the survey),35,Institutional births (%),96.4,97.9,False,False
Odisha,Balangir,Delivery Care (for births in the 5 years before the survey),36,Institutional births in public facility (%),83.4,90.9,False,False
Odisha,Balangir,Delivery Care (for births in the 5 years before the survey),37,Births attended by skilled health personnel5 (%),96.7,98.2,False,False
Odisha,Balangir,Delivery Care (for births in the 5 years before the survey),38,Births delivered by caesarean section (%),28.4,19.8,False,False
Odisha,Balangir,Delivery Care (for births in the 5 years before the survey),39,Births in a private health facility that were delivered by caesarean section (%),77.6,*,True,False
Odisha,Balangir,Delivery Care (for births in the 5 years before the survey),40,Births in a public health facility that were delivered by caesarean section (%),21.9,14.9,False,False
Odisha,Balangir,Postnatal Care (for last birth in the 5 years before the survey),41,Mothers who received postnatal care from a doctor/nurse/LHV/ANM/midwife/other health personnel within 2,88.9,96.5,False,False
Odisha,Balangir,Postnatal Care (for last birth in the 5 years before the survey),42,Children born at home who were taken to a health facility for a check-up within 24 hours of birth (%),*,*,True,False
Odisha,Balangir,Postnatal Care (for last birth in the 5 years before the survey),43,Children who received postnatal care from a doctor/nurse/LHV/ANM/midwife/other health personnel within 2,89.2,94.0,False,False
Odisha,Balangir,Child Vaccinations and Vitamin A Supplementation,44,Children age 12-23 months fully vaccinated based on information from either vaccination card or mother's,91.0,95.8,True,False
Odisha,Balangir,Child Vaccinations and Vitamin A Supplementation,45,Children age 12-23 months fully vaccinated based on information from vaccination card only7 (%),81.9,97.9,True,False
Odisha,Balangir,Child Vaccinations and Vitamin A Supplementation,46,Children age 12-23 months who have received any vaccine (%),95.9,97.8,True,False
Odisha,Balangir,Child Vaccinations and Vitamin A Supplementation,47,Children age 12-23 months who have received BCG (%),95.9,97.8,True,False
Odisha,Balangir,Child Vaccinations and Vitamin A Supplementation,48,Children age 12-23 months who have received 3 doses of polio vaccine8 (%),91.0,95.8,True,False
Odisha,Balangir,Child Vaccinations and Vitamin A Supplementation,49,Children age 12-23 months who have received 3 doses of pentavalent vaccine (%),93.7,97.8,True,False
Odisha,Balangir,Child Vaccinations and Vitamin A Supplementation,50,Children age 12-23 months who have received the first dose of measles-containing vaccine (MCV) (%),93.7,97.8,True,False
Odisha,Balangir,Child Vaccinations and Vitamin A Supplementation,51,Children age 24-35 months who have received a second dose of measles-containing vaccine (MCV) (%),92.5,92.1,True,False
Odisha,Balangir,Child Vaccinations and Vitamin A Supplementation,52,Children age 12-23 months who have received birth dose of hepatitis B vaccine (%),89.1,93.5,True,False
Odisha,Balangir,Child Vaccinations and Vitamin A Supplementation,53,Children age 12-23 months who have received 3 doses of rotavirus vaccine (%),83.0,95.8,True,False
Odisha,Balangir,Child Vaccinations and Vitamin A Supplementation,54,Children age 9-35 months who received a vitamin A dose in the last 6 months (%),87.3,91.4,False,False
Odisha,Balangir,Child Vaccinations and Vitamin A Supplementation,55,Children age 12-23 months who received most of their vaccinations in a public health facility (%),97.8,98.1,True,False
Odisha,Balangir,Child Vaccinations and Vitamin A Supplementation,56,Children age 12-23 months who received most of their vaccinations in a private health facility (%),2.3,0.0,True,False
Odisha,Balangir,Treatment of Childhood Diseases (children under age 5 years),57,Prevalence of diarrhoea in the 2 weeks preceding the survey (%),8.7,2.3,False,False
Odisha,Balangir,Treatment of Childhood Diseases (children under age 5 years),58,Prevalence of symptoms of acute respiratory infection (ARI) in the 2 weeks preceding the survey (%),0.9,0.7,False,False
Odisha,Balangir,Treatment of Childhood Diseases (children under age 5 years),59,Children with fever or symptoms of ARI in the 2 weeks preceding the survey taken to a health facility or,80.6,*,True,False
Odisha,Balangir,Child Feeding Practices and Nutritional Status of Children,60,Children under age 3 years breastfed within one hour of birth9 (%),59.8,77.3,False,False
Odisha,Balangir,Child Feeding Practices and Nutritional Status of Children,61,Children under age 6 months exclusively breastfed10 (%),83.3,76.8,True,False
Odisha,Balangir,Child Feeding Practices and Nutritional Status of Children,62,Children under age 6 months currently breastfeeding10 (%),100.0,100.0,True,False
Odisha,Balangir,Child Feeding Practices and Nutritional Status of Children,63,Children under age 6 months exclusively breastfed or breastfeeding and consuming plain water/other,85.6,85.6,True,False
Odisha,Balangir,Child Feeding Practices and Nutritional Status of Children,64,Children age 6-8 months receiving solid or semi-solid food and breastmilk10 (%),*,*,True,False
Odisha,Balangir,Child Feeding Practices and Nutritional Status of Children,65,"Breastfeeding children age 6-23 months receiving an adequate diet10, 11 (%)",16.0,27.8,False,False
Odisha,Balangir,Child Feeding Practices and Nutritional Status of Children,66,"Non-breastfeeding children age 6-23 months receiving an adequate diet10, 11 (%)",*,*,True,False
Odisha,Balangir,Child Feeding Practices and Nutritional Status of Children,67,"Total children age 6-23 months receiving an adequate diet10, 11 (%)",14.8,29.6,False,False
Odisha,Balangir,Child Feeding Practices and Nutritional Status of Children,68,Children under 5 years who are stunted (height-for-age)12 (%),36.4,32.7,False,False
Odisha,Balangir,Child Feeding Practices and Nutritional Status of Children,69,Children under 5 years who are wasted (weight-for-height)12 (%),25.3,25.5,False,False
Odisha,Balangir,Child Feeding Practices and Nutritional Status of Children,70,Children under 5 years who are severely wasted (weight-for-height)13 (%),5.2,12.7,False,False
Odisha,Balangir,Child Feeding Practices and Nutritional Status of Children,71,Children under 5 years who are underweight (weight-for-age)12 (%),36.0,37.6,False,False
Odisha,Balangir,Child Feeding Practices and Nutritional Status of Children,72,Children under 5 years who are overweight (weight-for-height)14 (%),0.5,2.1,False,False
Odisha,Balangir,Nutritional Status of Adults (age 15-49 years),73,Women whose Body Mass Index (BMI) is below normal (BMI <18.5 kg/m2)15 (%),21.2,21.5,False,False
Odisha,Balangir,Nutritional Status of Adults (age 15-49 years),74,Women who are overweight or obese (BMI ≥25.0 kg/m2)15 (%),22.3,15.9,False,False
Odisha,Balangir,Women,75,Blood sugar level - high (141-160 mg/dl)16 (%),8.3,5.6,False,False
Odisha,Balangir,Women,76,Blood sugar level - very high (>160 mg/dl)16 (%),9.9,4.7,False,False
Odisha,Balangir,Women,77,Blood sugar level - high or very high (>140 mg/dl) or taking medicine to control blood sugar level16 (%),19.2,10.8,False,False
Odisha,Balangir,Men,78,Blood sugar level - high (141-160 mg/dl)16 (%),11.1,8.9,False,False
Odisha,Balangir,Men,79,Blood sugar level - very high (>160 mg/dl)16 (%),13.8,6.6,False,False
Odisha,Balangir,Men,80,Blood sugar level - high or very high (>140 mg/dl) or taking medicine to control blood sugar level16 (%),25.5,16.0,False,False
Odisha,Balangir,Women,81,Mildly elevated blood pressure (Systolic 140-159 mm of Hg and/or Diastolic 90-99 mm of Hg) (%),9.4,14.7,False,False
Odisha,Balangir,Women,82,Moderately or severely elevated blood pressure (Systolic ≥160 mm of Hg and/or Diastolic ≥100 mm,5.1,2.7,False,False
Odisha,Balangir,Women,83,Elevated blood pressure (Systolic ≥140 mm of Hg and/or Diastolic ≥90 mm of Hg) or taking medicine to,19.4,20.1,False,False
Odisha,Balangir,Men,84,Mildly elevated blood pressure (Systolic 140-159 mm of Hg and/or Diastolic 90-99 mm of Hg) (%),12.7,18.1,False,False
Odisha,Balangir,Men,85,Moderately or severely elevated blood pressure (Systolic ≥160 mm of Hg and/or Diastolic ≥100 mm,5.2,3.5,False,False
Odisha,Balangir,Men,86,Elevated blood pressure (Systolic ≥140 mm of Hg and/or Diastolic ≥90 mm of Hg) or taking medicine to,21.9,24.4,False,False
Odisha,Balangir,Men,87,Women having a bank or savings account that they themselves use (%),92.8,83.8,False,False
Odisha,Balangir,Men,88,Women having a mobile phone that they themselves use (%),53.1,50.3,False,False
Odisha,Balangir,Men,89,Women age 15-24 years who use hygienic methods of protection during their menstrual period17 (%),86.5,82.4,False,False
Odisha,Balangir,Tobacco Use and Alcohol Consumption among Adults (age 15 years and above),90,Women age 15 years and above who use any kind of tobacco (%),20.2,23.7,False,False
Odisha,Balangir,Tobacco Use and Alcohol Consumption among Adults (age 15 years and above),91,Men age 15 years and above who use any kind of tobacco (%),40.1,44.2,False,False
Odisha,Balangir,Tobacco Use and Alcohol Consumption among Adults (age 15 years and above),92,Women age 15 years and above who consume alcohol (%),1.2,0.8,False,False
Odisha,Balangir,Tobacco Use and Alcohol Consumption among Adults (age 15 years and above),93,Men age 15 years and above who consume alcohol (%),26.3,27.6,False,False
Odisha,Baleshwar,Population and Household Profile,1,Population below age 5 years (%),7.0,8.1,False,False
Odisha,Baleshwar,Population and Household Profile,2,Population below age 15 years (%),22.2,25.0,False,False
Odisha,Baleshwar,Population and Household Profile,3,Population age 60 years and above (%),16.9,13.9,False,False
Odisha,Baleshwar,Population and Household Profile,4,Population living in households with electricity (%),98.6,97.1,False,False
Odisha,Baleshwar,Population and Household Profile,5,Population living in households with an improved drinking-water source1 (%),99.2,98.5,False,False
Odisha,Baleshwar,Population and Household Profile,6,Households using iodized salt (%),90.8,95.2,False,False
Odisha,Baleshwar,Population and Household Profile,7,Households with any usual member covered under a health insurance/financing scheme (%),84.0,40.6,False,False
Odisha,Baleshwar,Population and Household Profile,8,Households with any usual member having a bank account/post office account (%),99.3,93.7,False,False
Odisha,Baleshwar,Population and Household Profile,9,Female population age 6 years and above who ever attended school (%),79.2,77.1,False,False
Odisha,Baleshwar,Population and Household Profile,10,Households with any usual female members owning a house and/or land (alone or jointly with others) (%),11.0,10.1,False,False
Odisha,Baleshwar,Population and Household Profile,11,Children age 2-4 years who attended pre-school (%),54.5,62.3,False,False
Odisha,Baleshwar,Characteristics of Adults (age 15-49 years),12,Women with 10 or more years of schooling (%),50.5,38.3,False,False
Odisha,Baleshwar,Characteristics of Adults (age 15-49 years),13,Men with 10 or more years of schooling (%),58.9,40.1,False,False
Odisha,Baleshwar,Characteristics of Adults (age 15-49 years),14,Women who have ever used the internet (%),53.0,21.7,False,False
Odisha,Baleshwar,Characteristics of Adults (age 15-49 years),15,Men who have ever used the internet (%),80.9,44.9,False,False
Odisha,Baleshwar,Marriage and Fertility,16,Women age 20-24 years married before age 18 years (%),23.0,26.4,False,False
Odisha,Baleshwar,Marriage and Fertility,17,Men age 25-29 years married before age 21 years (%),*,*,True,False
Odisha,Baleshwar,Marriage and Fertility,18,Three or more births in the 5 years preceding the survey (%),0.0,0.0,False,False
Odisha,Baleshwar,Marriage and Fertility,19,Women age 15-19 years who were already mothers or pregnant at the time of the survey (%),9.8,8.3,False,False
Odisha,Baleshwar,Marriage and Fertility,20,Any method2 (%),66.1,68.3,False,False
Odisha,Baleshwar,Marriage and Fertility,21,Any modern method2 (%),43.4,49.7,False,False
Odisha,Baleshwar,Marriage and Fertility,22,Any traditional method (%),22.7,18.6,False,False
Odisha,Baleshwar,Marriage and Fertility,23,Female sterilization (%),22.7,21.0,False,False
Odisha,Baleshwar,Marriage and Fertility,24,Male sterilization (%),0.0,0.2,False,False
Odisha,Baleshwar,Marriage and Fertility,25,Total unmet need3 (%),10.9,9.3,False,False
Odisha,Baleshwar,Marriage and Fertility,26,Unmet need for spacing3 (%),4.8,2.8,False,False
Odisha,Baleshwar,Marriage and Fertility,27,Unmet need for limiting3 (%),6.1,6.5,False,False
Odisha,Baleshwar,Antenatal Care (for last birth in the 5 years before the survey),28,Mothers who had an antenatal check-up in the first trimester (%),75.8,62.5,False,False
Odisha,Baleshwar,Antenatal Care (for last birth in the 5 years before the survey),29,Mothers who had any antenatal care visits (%),98.4,94.9,False,False
Odisha,Baleshwar,Antenatal Care (for last birth in the 5 years before the survey),30,Mothers who had at least 4 antenatal care visits (%),85.6,56.6,False,False
Odisha,Baleshwar,Antenatal Care (for last birth in the 5 years before the survey),31,Mothers whose last birth was protected against neonatal tetanus4 (%),98.8,94.0,False,False
Odisha,Baleshwar,Antenatal Care (for last birth in the 5 years before the survey),32,Mothers who consumed iron folic acid for 100 days or more when they were pregnant (%),72.8,36.0,False,False
Odisha,Baleshwar,Antenatal Care (for last birth in the 5 years before the survey),33,Mothers who consumed iron folic acid for 180 days or more when they were pregnant (%),54.0,20.7,False,False
Odisha,Baleshwar,Antenatal Care (for last birth in the 5 years before the survey),34,Registered pregnancies for which the mother received a Mother and Child Protection (MCP) card (%),99.3,98.2,False,False
Odisha,Baleshwar,Delivery Care (for births in the 5 years before the survey),35,Institutional births (%),95.7,97.6,False,False
Odisha,Baleshwar,Delivery Care (for births in the 5 years before the survey),36,Institutional births in public facility (%),76.7,80.8,False,False
Odisha,Baleshwar,Delivery Care (for births in the 5 years before the survey),37,Births attended by skilled health personnel5 (%),92.2,93.5,False,False
Odisha,Baleshwar,Delivery Care (for births in the 5 years before the survey),38,Births delivered by caesarean section (%),37.0,35.0,False,False
Odisha,Baleshwar,Delivery Care (for births in the 5 years before the survey),39,Births in a private health facility that were delivered by caesarean section (%),90.8,79.8,True,False
Odisha,Baleshwar,Delivery Care (for births in the 5 years before the survey),40,Births in a public health facility that were delivered by caesarean section (%),25.8,26.8,False,False
Odisha,Baleshwar,Postnatal Care (for last birth in the 5 years before the survey),41,Mothers who received postnatal care from a doctor/nurse/LHV/ANM/midwife/other health personnel within 2,83.4,87.6,False,False
Odisha,Baleshwar,Postnatal Care (for last birth in the 5 years before the survey),42,Children born at home who were taken to a health facility for a check-up within 24 hours of birth (%),*,*,True,False
Odisha,Baleshwar,Postnatal Care (for last birth in the 5 years before the survey),43,Children who received postnatal care from a doctor/nurse/LHV/ANM/midwife/other health personnel within 2,84.4,86.9,False,False
Odisha,Baleshwar,Child Vaccinations and Vitamin A Supplementation,44,Children age 12-23 months fully vaccinated based on information from either vaccination card or mother's,94.8,94.1,True,False
Odisha,Baleshwar,Child Vaccinations and Vitamin A Supplementation,45,Children age 12-23 months fully vaccinated based on information from vaccination card only7 (%),97.6,85.0,True,False
Odisha,Baleshwar,Child Vaccinations and Vitamin A Supplementation,46,Children age 12-23 months who have received any vaccine (%),94.8,100.0,True,False
Odisha,Baleshwar,Child Vaccinations and Vitamin A Supplementation,47,Children age 12-23 months who have received BCG (%),94.8,100.0,True,False
Odisha,Baleshwar,Child Vaccinations and Vitamin A Supplementation,48,Children age 12-23 months who have received 3 doses of polio vaccine8 (%),94.8,94.1,True,False
Odisha,Baleshwar,Child Vaccinations and Vitamin A Supplementation,49,Children age 12-23 months who have received 3 doses of pentavalent vaccine (%),94.8,100.0,True,False
Odisha,Baleshwar,Child Vaccinations and Vitamin A Supplementation,50,Children age 12-23 months who have received the first dose of measles-containing vaccine (MCV) (%),94.8,100.0,True,False
Odisha,Baleshwar,Child Vaccinations and Vitamin A Supplementation,51,Children age 24-35 months who have received a second dose of measles-containing vaccine (MCV) (%),93.1,72.8,True,False
Odisha,Baleshwar,Child Vaccinations and Vitamin A Supplementation,52,Children age 12-23 months who have received birth dose of hepatitis B vaccine (%),84.4,98.1,True,False
Odisha,Baleshwar,Child Vaccinations and Vitamin A Supplementation,53,Children age 12-23 months who have received 3 doses of rotavirus vaccine (%),92.6,86.3,True,False
Odisha,Baleshwar,Child Vaccinations and Vitamin A Supplementation,54,Children age 9-35 months who received a vitamin A dose in the last 6 months (%),82.4,85.5,False,False
Odisha,Baleshwar,Child Vaccinations and Vitamin A Supplementation,55,Children age 12-23 months who received most of their vaccinations in a public health facility (%),100.0,100.0,True,False
Odisha,Baleshwar,Child Vaccinations and Vitamin A Supplementation,56,Children age 12-23 months who received most of their vaccinations in a private health facility (%),0.0,0.0,True,False
Odisha,Baleshwar,Treatment of Childhood Diseases (children under age 5 years),57,Prevalence of diarrhoea in the 2 weeks preceding the survey (%),21.5,18.3,False,False
Odisha,Baleshwar,Treatment of Childhood Diseases (children under age 5 years),58,Prevalence of symptoms of acute respiratory infection (ARI) in the 2 weeks preceding the survey (%),1.7,5.9,False,False
Odisha,Baleshwar,Treatment of Childhood Diseases (children under age 5 years),59,Children with fever or symptoms of ARI in the 2 weeks preceding the survey taken to a health facility or,63.0,68.1,False,False
Odisha,Baleshwar,Child Feeding Practices and Nutritional Status of Children,60,Children under age 3 years breastfed within one hour of birth9 (%),55.3,51.0,False,False
Odisha,Baleshwar,Child Feeding Practices and Nutritional Status of Children,61,Children under age 6 months exclusively breastfed10 (%),64.5,79.4,True,False
Odisha,Baleshwar,Child Feeding Practices and Nutritional Status of Children,62,Children under age 6 months currently breastfeeding10 (%),91.7,92.3,True,False
Odisha,Baleshwar,Child Feeding Practices and Nutritional Status of Children,63,Children under age 6 months exclusively breastfed or breastfeeding and consuming plain water/other,87.3,84.8,True,False
Odisha,Baleshwar,Child Feeding Practices and Nutritional Status of Children,64,Children age 6-8 months receiving solid or semi-solid food and breastmilk10 (%),*,*,True,False
Odisha,Baleshwar,Child Feeding Practices and Nutritional Status of Children,65,"Breastfeeding children age 6-23 months receiving an adequate diet10, 11 (%)",18.0,17.5,False,False
Odisha,Baleshwar,Child Feeding Practices and Nutritional Status of Children,66,"Non-breastfeeding children age 6-23 months receiving an adequate diet10, 11 (%)",*,*,True,False
Odisha,Baleshwar,Child Feeding Practices and Nutritional Status of Children,67,"Total children age 6-23 months receiving an adequate diet10, 11 (%)",17.7,21.7,False,False
Odisha,Baleshwar,Child Feeding Practices and Nutritional Status of Children,68,Children under 5 years who are stunted (height-for-age)12 (%),26.0,24.4,False,False
Odisha,Baleshwar,Child Feeding Practices and Nutritional Status of Children,69,Children under 5 years who are wasted (weight-for-height)12 (%),23.8,15.0,False,False
Odisha,Baleshwar,Child Feeding Practices and Nutritional Status of Children,70,Children under 5 years who are severely wasted (weight-for-height)13 (%),5.0,5.4,False,False
Odisha,Baleshwar,Child Feeding Practices and Nutritional Status of Children,71,Children under 5 years who are underweight (weight-for-age)12 (%),33.7,22.6,False,False
Odisha,Baleshwar,Child Feeding Practices and Nutritional Status of Children,72,Children under 5 years who are overweight (weight-for-height)14 (%),0.4,3.8,False,False
Odisha,Baleshwar,Nutritional Status of Adults (age 15-49 years),73,Women whose Body Mass Index (BMI) is below normal (BMI <18.5 kg/m2)15 (%),15.1,23.9,False,False
Odisha,Baleshwar,Nutritional Status of Adults (age 15-49 years),74,Women who are overweight or obese (BMI ≥25.0 kg/m2)15 (%),32.5,21.6,False,False
Odisha,Baleshwar,Women,75,Blood sugar level - high (141-160 mg/dl)16 (%),11.4,5.5,False,False
Odisha,Baleshwar,Women,76,Blood sugar level - very high (>160 mg/dl)16 (%),11.7,5.1,False,False
Odisha,Baleshwar,Women,77,Blood sugar level - high or very high (>140 mg/dl) or taking medicine to control blood sugar level16 (%),24.8,12.2,False,False
Odisha,Baleshwar,Men,78,Blood sugar level - high (141-160 mg/dl)16 (%),13.6,5.4,False,False
Odisha,Baleshwar,Men,79,Blood sugar level - very high (>160 mg/dl)16 (%),16.4,7.4,False,False
Odisha,Baleshwar,Men,80,Blood sugar level - high or very high (>140 mg/dl) or taking medicine to control blood sugar level16 (%),31.5,13.8,False,False
Odisha,Baleshwar,Women,81,Mildly elevated blood pressure (Systolic 140-159 mm of Hg and/or Diastolic 90-99 mm of Hg) (%),11.0,12.1,False,False
Odisha,Baleshwar,Women,82,Moderately or severely elevated blood pressure (Systolic ≥160 mm of Hg and/or Diastolic ≥100 mm,3.7,5.9,False,False
Odisha,Baleshwar,Women,83,Elevated blood pressure (Systolic ≥140 mm of Hg and/or Diastolic ≥90 mm of Hg) or taking medicine to,24.1,22.9,False,False
Odisha,Baleshwar,Men,84,Mildly elevated blood pressure (Systolic 140-159 mm of Hg and/or Diastolic 90-99 mm of Hg) (%),12.7,20.2,False,False
Odisha,Baleshwar,Men,85,Moderately or severely elevated blood pressure (Systolic ≥160 mm of Hg and/or Diastolic ≥100 mm,5.9,6.6,False,False
Odisha,Baleshwar,Men,86,Elevated blood pressure (Systolic ≥140 mm of Hg and/or Diastolic ≥90 mm of Hg) or taking medicine to,24.9,29.5,False,False
Odisha,Baleshwar,Men,87,Women having a bank or savings account that they themselves use (%),90.2,83.0,False,False
Odisha,Baleshwar,Men,88,Women having a mobile phone that they themselves use (%),64.9,59.0,False,False
Odisha,Baleshwar,Men,89,Women age 15-24 years who use hygienic methods of protection during their menstrual period17 (%),95.4,85.1,False,False
Odisha,Baleshwar,Tobacco Use and Alcohol Consumption among Adults (age 15 years and above),90,Women age 15 years and above who use any kind of tobacco (%),27.8,29.8,False,False
Odisha,Baleshwar,Tobacco Use and Alcohol Consumption among Adults (age 15 years and above),91,Men age 15 years and above who use any kind of tobacco (%),51.0,44.9,False,False
Odisha,Baleshwar,Tobacco Use and Alcohol Consumption among Adults (age 15 years and above),92,Women age 15 years and above who consume alcohol (%),2.2,4.3,False,False
Odisha,Baleshwar,Tobacco Use and Alcohol Consumption among Adults (age 15 years and above),93,Men age 15 years and above who consume alcohol (%),18.0,20.2,False,False
Odisha,Bargarh,Population and Household Profile,1,Population below age 5 years (%),6.6,6.5,False,False
Odisha,Bargarh,Population and Household Profile,2,Population below age 15 years (%),20.0,22.2,False,False
Odisha,Bargarh,Population and Household Profile,3,Population age 60 years and above (%),15.8,14.8,False,False
Odisha,Bargarh,Population and Household Profile,4,Population living in households with electricity (%),97.0,98.4,False,False
Odisha,Bargarh,Population and Household Profile,5,Population living in households with an improved drinking-water source1 (%),99.0,98.0,False,False
Odisha,Bargarh,Population and Household Profile,6,Households using iodized salt (%),91.2,99.0,False,False
Odisha,Bargarh,Population and Household Profile,7,Households with any usual member covered under a health insurance/financing scheme (%),85.6,45.5,False,False
Odisha,Bargarh,Population and Household Profile,8,Households with any usual member having a bank account/post office account (%),98.6,97.4,False,False
Odisha,Bargarh,Population and Household Profile,9,Female population age 6 years and above who ever attended school (%),75.0,72.1,False,False
Odisha,Bargarh,Population and Household Profile,10,Households with any usual female members owning a house and/or land (alone or jointly with others) (%),12.3,9.4,False,False
Odisha,Bargarh,Population and Household Profile,11,Children age 2-4 years who attended pre-school (%),52.6,56.8,False,False
Odisha,Bargarh,Characteristics of Adults (age 15-49 years),12,Women with 10 or more years of schooling (%),40.1,37.4,False,False
Odisha,Bargarh,Characteristics of Adults (age 15-49 years),13,Men with 10 or more years of schooling (%),44.8,40.1,False,False
Odisha,Bargarh,Characteristics of Adults (age 15-49 years),14,Women who have ever used the internet (%),53.3,25.8,False,False
Odisha,Bargarh,Characteristics of Adults (age 15-49 years),15,Men who have ever used the internet (%),80.7,50.8,False,False
Odisha,Bargarh,Marriage and Fertility,16,Women age 20-24 years married before age 18 years (%),14.9,8.6,False,False
Odisha,Bargarh,Marriage and Fertility,17,Men age 25-29 years married before age 21 years (%),*,*,True,False
Odisha,Bargarh,Marriage and Fertility,18,Three or more births in the 5 years preceding the survey (%),0.0,0.4,False,False
Odisha,Bargarh,Marriage and Fertility,19,Women age 15-19 years who were already mothers or pregnant at the time of the survey (%),1.7,3.3,False,False
Odisha,Bargarh,Marriage and Fertility,20,Any method2 (%),72.6,75.4,False,False
Odisha,Bargarh,Marriage and Fertility,21,Any modern method2 (%),43.4,55.7,False,False
Odisha,Bargarh,Marriage and Fertility,22,Any traditional method (%),29.2,19.7,False,False
Odisha,Bargarh,Marriage and Fertility,23,Female sterilization (%),30.7,33.2,False,False
Odisha,Bargarh,Marriage and Fertility,24,Male sterilization (%),0.0,0.0,False,False
Odisha,Bargarh,Marriage and Fertility,25,Total unmet need3 (%),7.1,5.1,False,False
Odisha,Bargarh,Marriage and Fertility,26,Unmet need for spacing3 (%),3.6,1.6,False,False
Odisha,Bargarh,Marriage and Fertility,27,Unmet need for limiting3 (%),3.5,3.5,False,False
Odisha,Bargarh,Antenatal Care (for last birth in the 5 years before the survey),28,Mothers who had an antenatal check-up in the first trimester (%),86.1,80.9,False,False
Odisha,Bargarh,Antenatal Care (for last birth in the 5 years before the survey),29,Mothers who had any antenatal care visits (%),96.1,98.5,False,False
Odisha,Bargarh,Antenatal Care (for last birth in the 5 years before the survey),30,Mothers who had at least 4 antenatal care visits (%),82.6,70.1,False,False
Odisha,Bargarh,Antenatal Care (for last birth in the 5 years before the survey),31,Mothers whose last birth was protected against neonatal tetanus4 (%),96.5,90.9,False,False
Odisha,Bargarh,Antenatal Care (for last birth in the 5 years before the survey),32,Mothers who consumed iron folic acid for 100 days or more when they were pregnant (%),81.8,52.2,False,False
Odisha,Bargarh,Antenatal Care (for last birth in the 5 years before the survey),33,Mothers who consumed iron folic acid for 180 days or more when they were pregnant (%),55.2,25.3,False,False
Odisha,Bargarh,Antenatal Care (for last birth in the 5 years before the survey),34,Registered pregnancies for which the mother received a Mother and Child Protection (MCP) card (%),100.0,100.0,False,False
Odisha,Bargarh,Delivery Care (for births in the 5 years before the survey),35,Institutional births (%),98.0,99.6,False,False
Odisha,Bargarh,Delivery Care (for births in the 5 years before the survey),36,Institutional births in public facility (%),80.7,91.9,False,False
Odisha,Bargarh,Delivery Care (for births in the 5 years before the survey),37,Births attended by skilled health personnel5 (%),98.8,96.2,False,False
Odisha,Bargarh,Delivery Care (for births in the 5 years before the survey),38,Births delivered by caesarean section (%),39.3,29.5,False,False
Odisha,Bargarh,Delivery Care (for births in the 5 years before the survey),39,Births in a private health facility that were delivered by caesarean section (%),85.1,*,True,False
Odisha,Bargarh,Delivery Care (for births in the 5 years before the survey),40,Births in a public health facility that were delivered by caesarean section (%),30.4,26.0,False,False
Odisha,Bargarh,Postnatal Care (for last birth in the 5 years before the survey),41,Mothers who received postnatal care from a doctor/nurse/LHV/ANM/midwife/other health personnel within 2,85.5,92.7,False,False
Odisha,Bargarh,Postnatal Care (for last birth in the 5 years before the survey),42,Children born at home who were taken to a health facility for a check-up within 24 hours of birth (%),*,*,True,False
Odisha,Bargarh,Postnatal Care (for last birth in the 5 years before the survey),43,Children who received postnatal care from a doctor/nurse/LHV/ANM/midwife/other health personnel within 2,90.0,94.0,False,False
Odisha,Bargarh,Child Vaccinations and Vitamin A Supplementation,44,Children age 12-23 months fully vaccinated based on information from either vaccination card or mother's,97.8,95.9,True,False
Odisha,Bargarh,Child Vaccinations and Vitamin A Supplementation,45,Children age 12-23 months fully vaccinated based on information from vaccination card only7 (%),97.2,97.9,True,False
Odisha,Bargarh,Child Vaccinations and Vitamin A Supplementation,46,Children age 12-23 months who have received any vaccine (%),100.0,100.0,True,False
Odisha,Bargarh,Child Vaccinations and Vitamin A Supplementation,47,Children age 12-23 months who have received BCG (%),100.0,100.0,True,False
Odisha,Bargarh,Child Vaccinations and Vitamin A Supplementation,48,Children age 12-23 months who have received 3 doses of polio vaccine8 (%),100.0,95.9,True,False
Odisha,Bargarh,Child Vaccinations and Vitamin A Supplementation,49,Children age 12-23 months who have received 3 doses of pentavalent vaccine (%),100.0,98.1,True,False
Odisha,Bargarh,Child Vaccinations and Vitamin A Supplementation,50,Children age 12-23 months who have received the first dose of measles-containing vaccine (MCV) (%),97.8,97.8,True,False
Odisha,Bargarh,Child Vaccinations and Vitamin A Supplementation,51,Children age 24-35 months who have received a second dose of measles-containing vaccine (MCV) (%),91.8,85.1,True,False
Odisha,Bargarh,Child Vaccinations and Vitamin A Supplementation,52,Children age 12-23 months who have received birth dose of hepatitis B vaccine (%),97.8,94.4,True,False
Odisha,Bargarh,Child Vaccinations and Vitamin A Supplementation,53,Children age 12-23 months who have received 3 doses of rotavirus vaccine (%),97.8,96.3,True,False
Odisha,Bargarh,Child Vaccinations and Vitamin A Supplementation,54,Children age 9-35 months who received a vitamin A dose in the last 6 months (%),86.1,90.9,False,False
Odisha,Bargarh,Child Vaccinations and Vitamin A Supplementation,55,Children age 12-23 months who received most of their vaccinations in a public health facility (%),100.0,98.2,True,False
Odisha,Bargarh,Child Vaccinations and Vitamin A Supplementation,56,Children age 12-23 months who received most of their vaccinations in a private health facility (%),0.0,1.9,True,False
Odisha,Bargarh,Treatment of Childhood Diseases (children under age 5 years),57,Prevalence of diarrhoea in the 2 weeks preceding the survey (%),6.1,4.0,False,False
Odisha,Bargarh,Treatment of Childhood Diseases (children under age 5 years),58,Prevalence of symptoms of acute respiratory infection (ARI) in the 2 weeks preceding the survey (%),1.2,2.8,False,False
Odisha,Bargarh,Treatment of Childhood Diseases (children under age 5 years),59,Children with fever or symptoms of ARI in the 2 weeks preceding the survey taken to a health facility or,74.2,*,True,False
Odisha,Bargarh,Child Feeding Practices and Nutritional Status of Children,60,Children under age 3 years breastfed within one hour of birth9 (%),59.3,67.6,False,False
Odisha,Bargarh,Child Feeding Practices and Nutritional Status of Children,61,Children under age 6 months exclusively breastfed10 (%),*,*,True,False
Odisha,Bargarh,Child Feeding Practices and Nutritional Status of Children,62,Children under age 6 months currently breastfeeding10 (%),*,*,True,False
Odisha,Bargarh,Child Feeding Practices and Nutritional Status of Children,63,Children under age 6 months exclusively breastfed or breastfeeding and consuming plain water/other,*,*,True,False
Odisha,Bargarh,Child Feeding Practices and Nutritional Status of Children,64,Children age 6-8 months receiving solid or semi-solid food and breastmilk10 (%),*,*,True,False
Odisha,Bargarh,Child Feeding Practices and Nutritional Status of Children,65,"Breastfeeding children age 6-23 months receiving an adequate diet10, 11 (%)",7.6,15.3,False,False
Odisha,Bargarh,Child Feeding Practices and Nutritional Status of Children,66,"Non-breastfeeding children age 6-23 months receiving an adequate diet10, 11 (%)",*,*,True,False
Odisha,Bargarh,Child Feeding Practices and Nutritional Status of Children,67,"Total children age 6-23 months receiving an adequate diet10, 11 (%)",7.5,17.1,False,False
Odisha,Bargarh,Child Feeding Practices and Nutritional Status of Children,68,Children under 5 years who are stunted (height-for-age)12 (%),34.6,38.9,False,False
Odisha,Bargarh,Child Feeding Practices and Nutritional Status of Children,69,Children under 5 years who are wasted (weight-for-height)12 (%),20.6,18.0,False,False
Odisha,Bargarh,Child Feeding Practices and Nutritional Status of Children,70,Children under 5 years who are severely wasted (weight-for-height)13 (%),5.0,6.0,False,False
Odisha,Bargarh,Child Feeding Practices and Nutritional Status of Children,71,Children under 5 years who are underweight (weight-for-age)12 (%),37.4,30.0,False,False
Odisha,Bargarh,Child Feeding Practices and Nutritional Status of Children,72,Children under 5 years who are overweight (weight-for-height)14 (%),0.0,2.9,False,False
Odisha,Bargarh,Nutritional Status of Adults (age 15-49 years),73,Women whose Body Mass Index (BMI) is below normal (BMI <18.5 kg/m2)15 (%),18.0,19.0,False,False
Odisha,Bargarh,Nutritional Status of Adults (age 15-49 years),74,Women who are overweight or obese (BMI ≥25.0 kg/m2)15 (%),27.4,19.9,False,False
Odisha,Bargarh,Women,75,Blood sugar level - high (141-160 mg/dl)16 (%),9.2,7.5,False,False
Odisha,Bargarh,Women,76,Blood sugar level - very high (>160 mg/dl)16 (%),10.1,7.8,False,False
Odisha,Bargarh,Women,77,Blood sugar level - high or very high (>140 mg/dl) or taking medicine to control blood sugar level16 (%),20.1,15.7,False,False
Odisha,Bargarh,Men,78,Blood sugar level - high (141-160 mg/dl)16 (%),11.3,6.5,False,False
Odisha,Bargarh,Men,79,Blood sugar level - very high (>160 mg/dl)16 (%),14.2,8.3,False,False
Odisha,Bargarh,Men,80,Blood sugar level - high or very high (>140 mg/dl) or taking medicine to control blood sugar level16 (%),26.8,15.4,False,False
Odisha,Bargarh,Women,81,Mildly elevated blood pressure (Systolic 140-159 mm of Hg and/or Diastolic 90-99 mm of Hg) (%),10.6,14.0,False,False
Odisha,Bargarh,Women,82,Moderately or severely elevated blood pressure (Systolic ≥160 mm of Hg and/or Diastolic ≥100 mm,2.8,5.1,False,False
Odisha,Bargarh,Women,83,Elevated blood pressure (Systolic ≥140 mm of Hg and/or Diastolic ≥90 mm of Hg) or taking medicine to,18.3,22.6,False,False
Odisha,Bargarh,Men,84,Mildly elevated blood pressure (Systolic 140-159 mm of Hg and/or Diastolic 90-99 mm of Hg) (%),12.1,17.6,False,False
Odisha,Bargarh,Men,85,Moderately or severely elevated blood pressure (Systolic ≥160 mm of Hg and/or Diastolic ≥100 mm,5.3,4.8,False,False
Odisha,Bargarh,Men,86,Elevated blood pressure (Systolic ≥140 mm of Hg and/or Diastolic ≥90 mm of Hg) or taking medicine to,23.5,24.3,False,False
Odisha,Bargarh,Men,87,Women having a bank or savings account that they themselves use (%),92.4,89.8,False,False
Odisha,Bargarh,Men,88,Women having a mobile phone that they themselves use (%),55.2,37.0,False,False
Odisha,Bargarh,Men,89,Women age 15-24 years who use hygienic methods of protection during their menstrual period17 (%),89.5,84.6,False,False
Odisha,Bargarh,Tobacco Use and Alcohol Consumption among Adults (age 15 years and above),90,Women age 15 years and above who use any kind of tobacco (%),21.3,21.2,False,False
Odisha,Bargarh,Tobacco Use and Alcohol Consumption among Adults (age 15 years and above),91,Men age 15 years and above who use any kind of tobacco (%),43.1,40.1,False,False
Odisha,Bargarh,Tobacco Use and Alcohol Consumption among Adults (age 15 years and above),92,Women age 15 years and above who consume alcohol (%),2.3,2.2,False,False
Odisha,Bargarh,Tobacco Use and Alcohol Consumption among Adults (age 15 years and above),93,Men age 15 years and above who consume alcohol (%),27.5,28.3,False,False
Odisha,Bhadrak,Population and Household Profile,1,Population below age 5 years (%),6.8,8.7,False,False
Odisha,Bhadrak,Population and Household Profile,2,Population below age 15 years (%),23.2,26.8,False,False
Odisha,Bhadrak,Population and Household Profile,3,Population age 60 years and above (%),17.5,13.7,False,False
Odisha,Bhadrak,Population and Household Profile,4,Population living in households with electricity (%),99.0,97.8,False,False
Odisha,Bhadrak,Population and Household Profile,5,Population living in households with an improved drinking-water source1 (%),99.9,100.0,False,False
Odisha,Bhadrak,Population and Household Profile,6,Households using iodized salt (%),89.0,98.8,False,False
Odisha,Bhadrak,Population and Household Profile,7,Households with any usual member covered under a health insurance/financing scheme (%),85.5,44.9,False,False
Odisha,Bhadrak,Population and Household Profile,8,Households with any usual member having a bank account/post office account (%),98.8,95.6,False,False
Odisha,Bhadrak,Population and Household Profile,9,Female population age 6 years and above who ever attended school (%),82.9,81.2,False,False
Odisha,Bhadrak,Population and Household Profile,10,Households with any usual female members owning a house and/or land (alone or jointly with others) (%),10.5,8.9,False,False
Odisha,Bhadrak,Population and Household Profile,11,Children age 2-4 years who attended pre-school (%),54.7,56.3,False,False
Odisha,Bhadrak,Characteristics of Adults (age 15-49 years),12,Women with 10 or more years of schooling (%),48.0,37.0,False,False
Odisha,Bhadrak,Characteristics of Adults (age 15-49 years),13,Men with 10 or more years of schooling (%),46.8,32.1,False,False
Odisha,Bhadrak,Characteristics of Adults (age 15-49 years),14,Women who have ever used the internet (%),56.0,27.0,False,False
Odisha,Bhadrak,Characteristics of Adults (age 15-49 years),15,Men who have ever used the internet (%),63.8,43.5,False,False
Odisha,Bhadrak,Marriage and Fertility,16,Women age 20-24 years married before age 18 years (%),13.1,10.4,False,False
Odisha,Bhadrak,Marriage and Fertility,17,Men age 25-29 years married before age 21 years (%),*,*,True,False
Odisha,Bhadrak,Marriage and Fertility,18,Three or more births in the 5 years preceding the survey (%),0.7,1.3,False,False
Odisha,Bhadrak,Marriage and Fertility,19,Women age 15-19 years who were already mothers or pregnant at the time of the survey (%),3.4,7.2,False,False
Odisha,Bhadrak,Marriage and Fertility,20,Any method2 (%),59.3,72.0,False,False
Odisha,Bhadrak,Marriage and Fertility,21,Any modern method2 (%),39.8,50.4,False,False
Odisha,Bhadrak,Marriage and Fertility,22,Any traditional method (%),19.5,21.6,False,False
Odisha,Bhadrak,Marriage and Fertility,23,Female sterilization (%),25.4,28.5,False,False
Odisha,Bhadrak,Marriage and Fertility,24,Male sterilization (%),0.1,0.0,False,False
Odisha,Bhadrak,Marriage and Fertility,25,Total unmet need3 (%),14.4,11.8,False,False
Odisha,Bhadrak,Marriage and Fertility,26,Unmet need for spacing3 (%),7.4,5.3,False,False
Odisha,Bhadrak,Marriage and Fertility,27,Unmet need for limiting3 (%),7.0,6.5,False,False
Odisha,Bhadrak,Antenatal Care (for last birth in the 5 years before the survey),28,Mothers who had an antenatal check-up in the first trimester (%),60.2,75.9,False,False
Odisha,Bhadrak,Antenatal Care (for last birth in the 5 years before the survey),29,Mothers who had any antenatal care visits (%),95.3,98.1,False,False
Odisha,Bhadrak,Antenatal Care (for last birth in the 5 years before the survey),30,Mothers who had at least 4 antenatal care visits (%),60.8,74.9,False,False
Odisha,Bhadrak,Antenatal Care (for last birth in the 5 years before the survey),31,Mothers whose last birth was protected against neonatal tetanus4 (%),97.5,94.2,False,False
Odisha,Bhadrak,Antenatal Care (for last birth in the 5 years before the survey),32,Mothers who consumed iron folic acid for 100 days or more when they were pregnant (%),83.1,53.7,False,False
Odisha,Bhadrak,Antenatal Care (for last birth in the 5 years before the survey),33,Mothers who consumed iron folic acid for 180 days or more when they were pregnant (%),59.2,27.1,False,False
Odisha,Bhadrak,Antenatal Care (for last birth in the 5 years before the survey),34,Registered pregnancies for which the mother received a Mother and Child Protection (MCP) card (%),97.6,99.6,False,False
Odisha,Bhadrak,Delivery Care (for births in the 5 years before the survey),35,Institutional births (%),96.2,96.1,False,False
Odisha,Bhadrak,Delivery Care (for births in the 5 years before the survey),36,Institutional births in public facility (%),63.3,74.0,False,False
Odisha,Bhadrak,Delivery Care (for births in the 5 years before the survey),37,Births attended by skilled health personnel5 (%),97.7,97.2,False,False
Odisha,Bhadrak,Delivery Care (for births in the 5 years before the survey),38,Births delivered by caesarean section (%),41.5,28.7,False,False
Odisha,Bhadrak,Delivery Care (for births in the 5 years before the survey),39,Births in a private health facility that were delivered by caesarean section (%),88.1,83.9,False,False
Odisha,Bhadrak,Delivery Care (for births in the 5 years before the survey),40,Births in a public health facility that were delivered by caesarean section (%),19.9,13.8,False,False
Odisha,Bhadrak,Postnatal Care (for last birth in the 5 years before the survey),41,Mothers who received postnatal care from a doctor/nurse/LHV/ANM/midwife/other health personnel within 2,86.7,89.0,False,False
Odisha,Bhadrak,Postnatal Care (for last birth in the 5 years before the survey),42,Children born at home who were taken to a health facility for a check-up within 24 hours of birth (%),*,*,True,False
Odisha,Bhadrak,Postnatal Care (for last birth in the 5 years before the survey),43,Children who received postnatal care from a doctor/nurse/LHV/ANM/midwife/other health personnel within 2,88.9,94.4,False,False
Odisha,Bhadrak,Child Vaccinations and Vitamin A Supplementation,44,Children age 12-23 months fully vaccinated based on information from either vaccination card or mother's,98.1,83.7,False,False
Odisha,Bhadrak,Child Vaccinations and Vitamin A Supplementation,45,Children age 12-23 months fully vaccinated based on information from vaccination card only7 (%),98.0,88.7,False,False
Odisha,Bhadrak,Child Vaccinations and Vitamin A Supplementation,46,Children age 12-23 months who have received any vaccine (%),100.0,98.6,False,False
Odisha,Bhadrak,Child Vaccinations and Vitamin A Supplementation,47,Children age 12-23 months who have received BCG (%),100.0,95.4,False,False
Odisha,Bhadrak,Child Vaccinations and Vitamin A Supplementation,48,Children age 12-23 months who have received 3 doses of polio vaccine8 (%),98.1,85.4,False,False
Odisha,Bhadrak,Child Vaccinations and Vitamin A Supplementation,49,Children age 12-23 months who have received 3 doses of pentavalent vaccine (%),100.0,97.2,False,False
Odisha,Bhadrak,Child Vaccinations and Vitamin A Supplementation,50,Children age 12-23 months who have received the first dose of measles-containing vaccine (MCV) (%),100.0,97.2,False,False
Odisha,Bhadrak,Child Vaccinations and Vitamin A Supplementation,51,Children age 24-35 months who have received a second dose of measles-containing vaccine (MCV) (%),93.0,77.0,False,False
Odisha,Bhadrak,Child Vaccinations and Vitamin A Supplementation,52,Children age 12-23 months who have received birth dose of hepatitis B vaccine (%),89.9,94.1,False,False
Odisha,Bhadrak,Child Vaccinations and Vitamin A Supplementation,53,Children age 12-23 months who have received 3 doses of rotavirus vaccine (%),100.0,85.8,False,False
Odisha,Bhadrak,Child Vaccinations and Vitamin A Supplementation,54,Children age 9-35 months who received a vitamin A dose in the last 6 months (%),82.5,89.7,False,False
Odisha,Bhadrak,Child Vaccinations and Vitamin A Supplementation,55,Children age 12-23 months who received most of their vaccinations in a public health facility (%),100.0,100.0,False,False
Odisha,Bhadrak,Child Vaccinations and Vitamin A Supplementation,56,Children age 12-23 months who received most of their vaccinations in a private health facility (%),0.0,0.0,False,False
Odisha,Bhadrak,Treatment of Childhood Diseases (children under age 5 years),57,Prevalence of diarrhoea in the 2 weeks preceding the survey (%),30.5,13.8,False,False
Odisha,Bhadrak,Treatment of Childhood Diseases (children under age 5 years),58,Prevalence of symptoms of acute respiratory infection (ARI) in the 2 weeks preceding the survey (%),0.8,7.9,False,False
Odisha,Bhadrak,Treatment of Childhood Diseases (children under age 5 years),59,Children with fever or symptoms of ARI in the 2 weeks preceding the survey taken to a health facility or,69.2,62.9,False,False
Odisha,Bhadrak,Child Feeding Practices and Nutritional Status of Children,60,Children under age 3 years breastfed within one hour of birth9 (%),53.3,56.6,False,False
Odisha,Bhadrak,Child Feeding Practices and Nutritional Status of Children,61,Children under age 6 months exclusively breastfed10 (%),*,86.5,True,False
Odisha,Bhadrak,Child Feeding Practices and Nutritional Status of Children,62,Children under age 6 months currently breastfeeding10 (%),*,100.0,True,False
Odisha,Bhadrak,Child Feeding Practices and Nutritional Status of Children,63,Children under age 6 months exclusively breastfed or breastfeeding and consuming plain water/other,*,86.5,True,False
Odisha,Bhadrak,Child Feeding Practices and Nutritional Status of Children,64,Children age 6-8 months receiving solid or semi-solid food and breastmilk10 (%),*,*,True,False
Odisha,Bhadrak,Child Feeding Practices and Nutritional Status of Children,65,"Breastfeeding children age 6-23 months receiving an adequate diet10, 11 (%)",27.2,22.6,False,False
Odisha,Bhadrak,Child Feeding Practices and Nutritional Status of Children,66,"Non-breastfeeding children age 6-23 months receiving an adequate diet10, 11 (%)",*,*,True,False
Odisha,Bhadrak,Child Feeding Practices and Nutritional Status of Children,67,"Total children age 6-23 months receiving an adequate diet10, 11 (%)",27.7,23.1,False,False
Odisha,Bhadrak,Child Feeding Practices and Nutritional Status of Children,68,Children under 5 years who are stunted (height-for-age)12 (%),19.1,32.3,False,False
Odisha,Bhadrak,Child Feeding Practices and Nutritional Status of Children,69,Children under 5 years who are wasted (weight-for-height)12 (%),23.8,15.8,False,False
Odisha,Bhadrak,Child Feeding Practices and Nutritional Status of Children,70,Children under 5 years who are severely wasted (weight-for-height)13 (%),2.6,7.5,False,False
Odisha,Bhadrak,Child Feeding Practices and Nutritional Status of Children,71,Children under 5 years who are underweight (weight-for-age)12 (%),29.1,28.9,False,False
Odisha,Bhadrak,Child Feeding Practices and Nutritional Status of Children,72,Children under 5 years who are overweight (weight-for-height)14 (%),2.7,4.5,False,False
Odisha,Bhadrak,Nutritional Status of Adults (age 15-49 years),73,Women whose Body Mass Index (BMI) is below normal (BMI <18.5 kg/m2)15 (%),18.9,24.7,False,False
Odisha,Bhadrak,Nutritional Status of Adults (age 15-49 years),74,Women who are overweight or obese (BMI ≥25.0 kg/m2)15 (%),26.4,18.3,False,False
Odisha,Bhadrak,Women,75,Blood sugar level - high (141-160 mg/dl)16 (%),10.4,6.5,False,False
Odisha,Bhadrak,Women,76,Blood sugar level - very high (>160 mg/dl)16 (%),11.3,5.8,False,False
Odisha,Bhadrak,Women,77,Blood sugar level - high or very high (>140 mg/dl) or taking medicine to control blood sugar level16 (%),22.9,13.7,False,False
Odisha,Bhadrak,Men,78,Blood sugar level - high (141-160 mg/dl)16 (%),11.4,7.0,False,False
Odisha,Bhadrak,Men,79,Blood sugar level - very high (>160 mg/dl)16 (%),15.5,9.2,False,False
Odisha,Bhadrak,Men,80,Blood sugar level - high or very high (>140 mg/dl) or taking medicine to control blood sugar level16 (%),27.5,17.5,False,False
Odisha,Bhadrak,Women,81,Mildly elevated blood pressure (Systolic 140-159 mm of Hg and/or Diastolic 90-99 mm of Hg) (%),10.8,12.4,False,False
Odisha,Bhadrak,Women,82,Moderately or severely elevated blood pressure (Systolic ≥160 mm of Hg and/or Diastolic ≥100 mm,6.1,5.1,False,False
Odisha,Bhadrak,Women,83,Elevated blood pressure (Systolic ≥140 mm of Hg and/or Diastolic ≥90 mm of Hg) or taking medicine to,20.7,21.7,False,False
Odisha,Bhadrak,Men,84,Mildly elevated blood pressure (Systolic 140-159 mm of Hg and/or Diastolic 90-99 mm of Hg) (%),13.2,17.0,False,False
Odisha,Bhadrak,Men,85,Moderately or severely elevated blood pressure (Systolic ≥160 mm of Hg and/or Diastolic ≥100 mm,6.9,5.9,False,False
Odisha,Bhadrak,Men,86,Elevated blood pressure (Systolic ≥140 mm of Hg and/or Diastolic ≥90 mm of Hg) or taking medicine to,23.2,26.1,False,False
Odisha,Bhadrak,Men,87,Women having a bank or savings account that they themselves use (%),89.6,88.9,False,False
Odisha,Bhadrak,Men,88,Women having a mobile phone that they themselves use (%),73.4,62.7,False,False
Odisha,Bhadrak,Men,89,Women age 15-24 years who use hygienic methods of protection during their menstrual period17 (%),91.8,86.9,False,False
Odisha,Bhadrak,Tobacco Use and Alcohol Consumption among Adults (age 15 years and above),90,Women age 15 years and above who use any kind of tobacco (%),32.4,34.1,False,False
Odisha,Bhadrak,Tobacco Use and Alcohol Consumption among Adults (age 15 years and above),91,Men age 15 years and above who use any kind of tobacco (%),59.1,59.8,False,False
Odisha,Bhadrak,Tobacco Use and Alcohol Consumption among Adults (age 15 years and above),92,Women age 15 years and above who consume alcohol (%),0.9,0.3,False,False
Odisha,Bhadrak,Tobacco Use and Alcohol Consumption among Adults (age 15 years and above),93,Men age 15 years and above who consume alcohol (%),20.0,18.0,False,False
Odisha,Boudh,Population and Household Profile,1,Population below age 5 years (%),7.3,7.4,False,False
Odisha,Boudh,Population and Household Profile,2,Population below age 15 years (%),22.9,25.9,False,False
Odisha,Boudh,Population and Household Profile,3,Population age 60 years and above (%),14.5,12.6,False,False
Odisha,Boudh,Population and Household Profile,4,Population living in households with electricity (%),96.9,96.3,False,False
Odisha,Boudh,Population and Household Profile,5,Population living in households with an improved drinking-water source1 (%),89.9,92.5,False,False
Odisha,Boudh,Population and Household Profile,6,Households using iodized salt (%),93.9,95.5,False,False
Odisha,Boudh,Population and Household Profile,7,Households with any usual member covered under a health insurance/financing scheme (%),87.6,44.7,False,False
Odisha,Boudh,Population and Household Profile,8,Households with any usual member having a bank account/post office account (%),99.1,96.2,False,False
Odisha,Boudh,Population and Household Profile,9,Female population age 6 years and above who ever attended school (%),72.4,68.6,False,False
Odisha,Boudh,Population and Household Profile,10,Households with any usual female members owning a house and/or land (alone or jointly with others) (%),11.1,11.0,False,False
Odisha,Boudh,Population and Household Profile,11,Children age 2-4 years who attended pre-school (%),55.5,46.3,False,False
Odisha,Boudh,Characteristics of Adults (age 15-49 years),12,Women with 10 or more years of schooling (%),39.6,29.9,False,False
Odisha,Boudh,Characteristics of Adults (age 15-49 years),13,Men with 10 or more years of schooling (%),43.2,33.6,False,False
Odisha,Boudh,Characteristics of Adults (age 15-49 years),14,Women who have ever used the internet (%),61.7,17.9,False,False
Odisha,Boudh,Characteristics of Adults (age 15-49 years),15,Men who have ever used the internet (%),68.4,44.9,False,False
Odisha,Boudh,Marriage and Fertility,16,Women age 20-24 years married before age 18 years (%),15.0,25.3,False,False
Odisha,Boudh,Marriage and Fertility,17,Men age 25-29 years married before age 21 years (%),*,*,True,False
Odisha,Boudh,Marriage and Fertility,18,Three or more births in the 5 years preceding the survey (%),0.6,0.4,False,False
Odisha,Boudh,Marriage and Fertility,19,Women age 15-19 years who were already mothers or pregnant at the time of the survey (%),9.1,13.7,False,False
Odisha,Boudh,Marriage and Fertility,20,Any method2 (%),70.9,70.7,False,False
Odisha,Boudh,Marriage and Fertility,21,Any modern method2 (%),33.3,45.3,False,False
Odisha,Boudh,Marriage and Fertility,22,Any traditional method (%),37.6,25.4,False,False
Odisha,Boudh,Marriage and Fertility,23,Female sterilization (%),16.8,21.5,False,False
Odisha,Boudh,Marriage and Fertility,24,Male sterilization (%),0.1,0.2,False,False
Odisha,Boudh,Marriage and Fertility,25,Total unmet need3 (%),5.7,5.2,False,False
Odisha,Boudh,Marriage and Fertility,26,Unmet need for spacing3 (%),3.0,2.1,False,False
Odisha,Boudh,Marriage and Fertility,27,Unmet need for limiting3 (%),2.7,3.1,False,False
Odisha,Boudh,Antenatal Care (for last birth in the 5 years before the survey),28,Mothers who had an antenatal check-up in the first trimester (%),86.5,78.8,False,False
Odisha,Boudh,Antenatal Care (for last birth in the 5 years before the survey),29,Mothers who had any antenatal care visits (%),100.0,98.7,False,False
Odisha,Boudh,Antenatal Care (for last birth in the 5 years before the survey),30,Mothers who had at least 4 antenatal care visits (%),91.1,79.0,False,False
Odisha,Boudh,Antenatal Care (for last birth in the 5 years before the survey),31,Mothers whose last birth was protected against neonatal tetanus4 (%),97.1,95.7,False,False
Odisha,Boudh,Antenatal Care (for last birth in the 5 years before the survey),32,Mothers who consumed iron folic acid for 100 days or more when they were pregnant (%),76.4,58.3,False,False
Odisha,Boudh,Antenatal Care (for last birth in the 5 years before the survey),33,Mothers who consumed iron folic acid for 180 days or more when they were pregnant (%),60.0,28.9,False,False
Odisha,Boudh,Antenatal Care (for last birth in the 5 years before the survey),34,Registered pregnancies for which the mother received a Mother and Child Protection (MCP) card (%),100.0,99.6,False,False
Odisha,Boudh,Delivery Care (for births in the 5 years before the survey),35,Institutional births (%),94.3,93.4,False,False
Odisha,Boudh,Delivery Care (for births in the 5 years before the survey),36,Institutional births in public facility (%),82.8,86.7,False,False
Odisha,Boudh,Delivery Care (for births in the 5 years before the survey),37,Births attended by skilled health personnel5 (%),95.8,95.0,False,False
Odisha,Boudh,Delivery Care (for births in the 5 years before the survey),38,Births delivered by caesarean section (%),24.1,13.4,False,False
Odisha,Boudh,Delivery Care (for births in the 5 years before the survey),39,Births in a private health facility that were delivered by caesarean section (%),94.4,*,True,False
Odisha,Boudh,Delivery Care (for births in the 5 years before the survey),40,Births in a public health facility that were delivered by caesarean section (%),15.9,9.9,False,False
Odisha,Boudh,Postnatal Care (for last birth in the 5 years before the survey),41,Mothers who received postnatal care from a doctor/nurse/LHV/ANM/midwife/other health personnel within 2,92.3,89.6,False,False
Odisha,Boudh,Postnatal Care (for last birth in the 5 years before the survey),42,Children born at home who were taken to a health facility for a check-up within 24 hours of birth (%),*,*,True,False
Odisha,Boudh,Postnatal Care (for last birth in the 5 years before the survey),43,Children who received postnatal care from a doctor/nurse/LHV/ANM/midwife/other health personnel within 2,92.4,90.9,False,False
Odisha,Boudh,Child Vaccinations and Vitamin A Supplementation,44,Children age 12-23 months fully vaccinated based on information from either vaccination card or mother's,93.7,91.8,False,False
Odisha,Boudh,Child Vaccinations and Vitamin A Supplementation,45,Children age 12-23 months fully vaccinated based on information from vaccination card only7 (%),96.3,92.8,False,False
Odisha,Boudh,Child Vaccinations and Vitamin A Supplementation,46,Children age 12-23 months who have received any vaccine (%),95.4,96.9,False,False
Odisha,Boudh,Child Vaccinations and Vitamin A Supplementation,47,Children age 12-23 months who have received BCG (%),95.4,95.1,False,False
Odisha,Boudh,Child Vaccinations and Vitamin A Supplementation,48,Children age 12-23 months who have received 3 doses of polio vaccine8 (%),93.7,93.7,False,False
Odisha,Boudh,Child Vaccinations and Vitamin A Supplementation,49,Children age 12-23 months who have received 3 doses of pentavalent vaccine (%),95.4,95.3,False,False
Odisha,Boudh,Child Vaccinations and Vitamin A Supplementation,50,Children age 12-23 months who have received the first dose of measles-containing vaccine (MCV) (%),95.4,95.3,False,False
Odisha,Boudh,Child Vaccinations and Vitamin A Supplementation,51,Children age 24-35 months who have received a second dose of measles-containing vaccine (MCV) (%),92.3,75.3,False,False
Odisha,Boudh,Child Vaccinations and Vitamin A Supplementation,52,Children age 12-23 months who have received birth dose of hepatitis B vaccine (%),91.5,93.0,False,False
Odisha,Boudh,Child Vaccinations and Vitamin A Supplementation,53,Children age 12-23 months who have received 3 doses of rotavirus vaccine (%),93.7,91.5,False,False
Odisha,Boudh,Child Vaccinations and Vitamin A Supplementation,54,Children age 9-35 months who received a vitamin A dose in the last 6 months (%),87.6,93.7,False,False
Odisha,Boudh,Child Vaccinations and Vitamin A Supplementation,55,Children age 12-23 months who received most of their vaccinations in a public health facility (%),100.0,100.0,False,False
Odisha,Boudh,Child Vaccinations and Vitamin A Supplementation,56,Children age 12-23 months who received most of their vaccinations in a private health facility (%),0.0,0.0,False,False
Odisha,Boudh,Treatment of Childhood Diseases (children under age 5 years),57,Prevalence of diarrhoea in the 2 weeks preceding the survey (%),5.0,7.0,False,False
Odisha,Boudh,Treatment of Childhood Diseases (children under age 5 years),58,Prevalence of symptoms of acute respiratory infection (ARI) in the 2 weeks preceding the survey (%),1.1,2.3,False,False
Odisha,Boudh,Treatment of Childhood Diseases (children under age 5 years),59,Children with fever or symptoms of ARI in the 2 weeks preceding the survey taken to a health facility or,73.0,72.1,True,False
Odisha,Boudh,Child Feeding Practices and Nutritional Status of Children,60,Children under age 3 years breastfed within one hour of birth9 (%),50.4,68.6,False,False
Odisha,Boudh,Child Feeding Practices and Nutritional Status of Children,61,Children under age 6 months exclusively breastfed10 (%),79.9,58.3,True,False
Odisha,Boudh,Child Feeding Practices and Nutritional Status of Children,62,Children under age 6 months currently breastfeeding10 (%),100.0,95.6,True,False
Odisha,Boudh,Child Feeding Practices and Nutritional Status of Children,63,Children under age 6 months exclusively breastfed or breastfeeding and consuming plain water/other,87.3,83.5,True,False
Odisha,Boudh,Child Feeding Practices and Nutritional Status of Children,64,Children age 6-8 months receiving solid or semi-solid food and breastmilk10 (%),*,*,True,False
Odisha,Boudh,Child Feeding Practices and Nutritional Status of Children,65,"Breastfeeding children age 6-23 months receiving an adequate diet10, 11 (%)",11.8,20.0,False,False
Odisha,Boudh,Child Feeding Practices and Nutritional Status of Children,66,"Non-breastfeeding children age 6-23 months receiving an adequate diet10, 11 (%)",*,*,True,False
Odisha,Boudh,Child Feeding Practices and Nutritional Status of Children,67,"Total children age 6-23 months receiving an adequate diet10, 11 (%)",10.9,19.6,False,False
Odisha,Boudh,Child Feeding Practices and Nutritional Status of Children,68,Children under 5 years who are stunted (height-for-age)12 (%),32.4,37.0,False,False
Odisha,Boudh,Child Feeding Practices and Nutritional Status of Children,69,Children under 5 years who are wasted (weight-for-height)12 (%),17.3,20.1,False,False
Odisha,Boudh,Child Feeding Practices and Nutritional Status of Children,70,Children under 5 years who are severely wasted (weight-for-height)13 (%),3.7,6.9,False,False
Odisha,Boudh,Child Feeding Practices and Nutritional Status of Children,71,Children under 5 years who are underweight (weight-for-age)12 (%),30.9,38.6,False,False
Odisha,Boudh,Child Feeding Practices and Nutritional Status of Children,72,Children under 5 years who are overweight (weight-for-height)14 (%),1.1,1.6,False,False
Odisha,Boudh,Nutritional Status of Adults (age 15-49 years),73,Women whose Body Mass Index (BMI) is below normal (BMI <18.5 kg/m2)15 (%),19.1,22.1,False,False
Odisha,Boudh,Nutritional Status of Adults (age 15-49 years),74,Women who are overweight or obese (BMI ≥25.0 kg/m2)15 (%),23.9,18.5,False,False
Odisha,Boudh,Women,75,Blood sugar level - high (141-160 mg/dl)16 (%),10.2,5.1,False,False
Odisha,Boudh,Women,76,Blood sugar level - very high (>160 mg/dl)16 (%),8.7,5.2,False,False
Odisha,Boudh,Women,77,Blood sugar level - high or very high (>140 mg/dl) or taking medicine to control blood sugar level16 (%),19.7,10.8,False,False
Odisha,Boudh,Men,78,Blood sugar level - high (141-160 mg/dl)16 (%),10.6,7.5,False,False
Odisha,Boudh,Men,79,Blood sugar level - very high (>160 mg/dl)16 (%),12.1,7.1,False,False
Odisha,Boudh,Men,80,Blood sugar level - high or very high (>140 mg/dl) or taking medicine to control blood sugar level16 (%),23.9,15.0,False,False
Odisha,Boudh,Women,81,Mildly elevated blood pressure (Systolic 140-159 mm of Hg and/or Diastolic 90-99 mm of Hg) (%),9.1,13.4,False,False
Odisha,Boudh,Women,82,Moderately or severely elevated blood pressure (Systolic ≥160 mm of Hg and/or Diastolic ≥100 mm,4.1,5.1,False,False
Odisha,Boudh,Women,83,Elevated blood pressure (Systolic ≥140 mm of Hg and/or Diastolic ≥90 mm of Hg) or taking medicine to,16.6,20.9,False,False
Odisha,Boudh,Men,84,Mildly elevated blood pressure (Systolic 140-159 mm of Hg and/or Diastolic 90-99 mm of Hg) (%),11.1,17.2,False,False
Odisha,Boudh,Men,85,Moderately or severely elevated blood pressure (Systolic ≥160 mm of Hg and/or Diastolic ≥100 mm,3.6,5.7,False,False
Odisha,Boudh,Men,86,Elevated blood pressure (Systolic ≥140 mm of Hg and/or Diastolic ≥90 mm of Hg) or taking medicine to,17.9,24.0,False,False
Odisha,Boudh,Men,87,Women having a bank or savings account that they themselves use (%),94.8,85.3,False,False
Odisha,Boudh,Men,88,Women having a mobile phone that they themselves use (%),46.7,34.5,False,False
Odisha,Boudh,Men,89,Women age 15-24 years who use hygienic methods of protection during their menstrual period17 (%),87.0,79.8,False,False
Odisha,Boudh,Tobacco Use and Alcohol Consumption among Adults (age 15 years and above),90,Women age 15 years and above who use any kind of tobacco (%),18.3,19.1,False,False
Odisha,Boudh,Tobacco Use and Alcohol Consumption among Adults (age 15 years and above),91,Men age 15 years and above who use any kind of tobacco (%),44.2,42.7,False,False
Odisha,Boudh,Tobacco Use and Alcohol Consumption among Adults (age 15 years and above),92,Women age 15 years and above who consume alcohol (%),0.3,0.9,False,False
Odisha,Boudh,Tobacco Use and Alcohol Consumption among Adults (age 15 years and above),93,Men age 15 years and above who consume alcohol (%),27.6,25.1,False,False
Odisha,Cuttack,Population and Household Profile,1,Population below age 5 years (%),5.4,6.0,False,False
Odisha,Cuttack,Population and Household Profile,2,Population below age 15 years (%),18.6,21.3,False,False
Odisha,Cuttack,Population and Household Profile,3,Population age 60 years and above (%),18.0,16.4,False,False
Odisha,Cuttack,Population and Household Profile,4,Population living in households with electricity (%),99.0,98.2,False,False
Odisha,Cuttack,Population and Household Profile,5,Population living in households with an improved drinking-water source1 (%),95.3,92.3,False,False
Odisha,Cuttack,Population and Household Profile,6,Households using iodized salt (%),95.6,98.9,False,False
Odisha,Cuttack,Population and Household Profile,7,Households with any usual member covered under a health insurance/financing scheme (%),76.5,42.3,False,False
Odisha,Cuttack,Population and Household Profile,8,Households with any usual member having a bank account/post office account (%),96.8,96.4,False,False
Odisha,Cuttack,Population and Household Profile,9,Female population age 6 years and above who ever attended school (%),83.4,80.6,False,False
Odisha,Cuttack,Population and Household Profile,10,Households with any usual female members owning a house and/or land (alone or jointly with others) (%),11.2,11.0,False,False
Odisha,Cuttack,Population and Household Profile,11,Children age 2-4 years who attended pre-school (%),44.0,54.1,False,False
Odisha,Cuttack,Characteristics of Adults (age 15-49 years),12,Women with 10 or more years of schooling (%),54.4,40.9,False,False
Odisha,Cuttack,Characteristics of Adults (age 15-49 years),13,Men with 10 or more years of schooling (%),62.6,42.8,False,False
Odisha,Cuttack,Characteristics of Adults (age 15-49 years),14,Women who have ever used the internet (%),59.2,27.5,False,False
Odisha,Cuttack,Characteristics of Adults (age 15-49 years),15,Men who have ever used the internet (%),76.5,57.3,False,False
Odisha,Cuttack,Marriage and Fertility,16,Women age 20-24 years married before age 18 years (%),12.7,14.2,False,False
Odisha,Cuttack,Marriage and Fertility,17,Men age 25-29 years married before age 21 years (%),*,*,True,False
Odisha,Cuttack,Marriage and Fertility,18,Three or more births in the 5 years preceding the survey (%),0.0,0.0,False,False
Odisha,Cuttack,Marriage and Fertility,19,Women age 15-19 years who were already mothers or pregnant at the time of the survey (%),0.9,5.7,False,False
Odisha,Cuttack,Marriage and Fertility,20,Any method2 (%),64.5,84.4,False,False
Odisha,Cuttack,Marriage and Fertility,21,Any modern method2 (%),41.0,47.0,False,False
Odisha,Cuttack,Marriage and Fertility,22,Any traditional method (%),23.5,37.4,False,False
Odisha,Cuttack,Marriage and Fertility,23,Female sterilization (%),25.0,26.1,False,False
Odisha,Cuttack,Marriage and Fertility,24,Male sterilization (%),0.1,0.2,False,False
Odisha,Cuttack,Marriage and Fertility,25,Total unmet need3 (%),11.6,3.7,False,False
Odisha,Cuttack,Marriage and Fertility,26,Unmet need for spacing3 (%),4.2,1.2,False,False
Odisha,Cuttack,Marriage and Fertility,27,Unmet need for limiting3 (%),7.4,2.5,False,False
Odisha,Cuttack,Antenatal Care (for last birth in the 5 years before the survey),28,Mothers who had an antenatal check-up in the first trimester (%),74.6,73.6,False,False
Odisha,Cuttack,Antenatal Care (for last birth in the 5 years before the survey),29,Mothers who had any antenatal care visits (%),95.3,99.5,False,False
Odisha,Cuttack,Antenatal Care (for last birth in the 5 years before the survey),30,Mothers who had at least 4 antenatal care visits (%),76.8,84.2,False,False
Odisha,Cuttack,Antenatal Care (for last birth in the 5 years before the survey),31,Mothers whose last birth was protected against neonatal tetanus4 (%),90.4,96.2,False,False
Odisha,Cuttack,Antenatal Care (for last birth in the 5 years before the survey),32,Mothers who consumed iron folic acid for 100 days or more when they were pregnant (%),66.1,63.3,False,False
Odisha,Cuttack,Antenatal Care (for last birth in the 5 years before the survey),33,Mothers who consumed iron folic acid for 180 days or more when they were pregnant (%),46.8,28.5,False,False
Odisha,Cuttack,Antenatal Care (for last birth in the 5 years before the survey),34,Registered pregnancies for which the mother received a Mother and Child Protection (MCP) card (%),96.3,100.0,False,False
Odisha,Cuttack,Delivery Care (for births in the 5 years before the survey),35,Institutional births (%),97.3,98.9,False,False
Odisha,Cuttack,Delivery Care (for births in the 5 years before the survey),36,Institutional births in public facility (%),49.4,69.5,False,False
Odisha,Cuttack,Delivery Care (for births in the 5 years before the survey),37,Births attended by skilled health personnel5 (%),97.4,98.9,False,False
Odisha,Cuttack,Delivery Care (for births in the 5 years before the survey),38,Births delivered by caesarean section (%),53.8,34.6,False,False
Odisha,Cuttack,Delivery Care (for births in the 5 years before the survey),39,Births in a private health facility that were delivered by caesarean section (%),81.1,71.7,False,False
Odisha,Cuttack,Delivery Care (for births in the 5 years before the survey),40,Births in a public health facility that were delivered by caesarean section (%),30.3,19.5,False,False
Odisha,Cuttack,Postnatal Care (for last birth in the 5 years before the survey),41,Mothers who received postnatal care from a doctor/nurse/LHV/ANM/midwife/other health personnel within 2,89.3,92.5,False,False
Odisha,Cuttack,Postnatal Care (for last birth in the 5 years before the survey),42,Children born at home who were taken to a health facility for a check-up within 24 hours of birth (%),*,*,True,False
Odisha,Cuttack,Postnatal Care (for last birth in the 5 years before the survey),43,Children who received postnatal care from a doctor/nurse/LHV/ANM/midwife/other health personnel within 2,87.2,92.2,False,False
Odisha,Cuttack,Child Vaccinations and Vitamin A Supplementation,44,Children age 12-23 months fully vaccinated based on information from either vaccination card or mother's,85.3,90.4,True,False
Odisha,Cuttack,Child Vaccinations and Vitamin A Supplementation,45,Children age 12-23 months fully vaccinated based on information from vaccination card only7 (%),96.3,97.0,True,False
Odisha,Cuttack,Child Vaccinations and Vitamin A Supplementation,46,Children age 12-23 months who have received any vaccine (%),88.0,94.3,True,False
Odisha,Cuttack,Child Vaccinations and Vitamin A Supplementation,47,Children age 12-23 months who have received BCG (%),88.0,94.3,True,False
Odisha,Cuttack,Child Vaccinations and Vitamin A Supplementation,48,Children age 12-23 months who have received 3 doses of polio vaccine8 (%),85.3,90.4,True,False
Odisha,Cuttack,Child Vaccinations and Vitamin A Supplementation,49,Children age 12-23 months who have received 3 doses of pentavalent vaccine (%),88.0,94.3,True,False
Odisha,Cuttack,Child Vaccinations and Vitamin A Supplementation,50,Children age 12-23 months who have received the first dose of measles-containing vaccine (MCV) (%),88.0,94.3,True,False
Odisha,Cuttack,Child Vaccinations and Vitamin A Supplementation,51,Children age 24-35 months who have received a second dose of measles-containing vaccine (MCV) (%),82.5,64.0,False,False
Odisha,Cuttack,Child Vaccinations and Vitamin A Supplementation,52,Children age 12-23 months who have received birth dose of hepatitis B vaccine (%),74.4,80.8,True,False
Odisha,Cuttack,Child Vaccinations and Vitamin A Supplementation,53,Children age 12-23 months who have received 3 doses of rotavirus vaccine (%),80.6,76.7,True,False
Odisha,Cuttack,Child Vaccinations and Vitamin A Supplementation,54,Children age 9-35 months who received a vitamin A dose in the last 6 months (%),81.3,71.7,False,False
Odisha,Cuttack,Child Vaccinations and Vitamin A Supplementation,55,Children age 12-23 months who received most of their vaccinations in a public health facility (%),95.6,91.9,True,False
Odisha,Cuttack,Child Vaccinations and Vitamin A Supplementation,56,Children age 12-23 months who received most of their vaccinations in a private health facility (%),4.4,8.1,True,False
Odisha,Cuttack,Treatment of Childhood Diseases (children under age 5 years),57,Prevalence of diarrhoea in the 2 weeks preceding the survey (%),14.8,8.3,False,False
Odisha,Cuttack,Treatment of Childhood Diseases (children under age 5 years),58,Prevalence of symptoms of acute respiratory infection (ARI) in the 2 weeks preceding the survey (%),1.0,8.4,False,False
Odisha,Cuttack,Treatment of Childhood Diseases (children under age 5 years),59,Children with fever or symptoms of ARI in the 2 weeks preceding the survey taken to a health facility or,41.0,63.3,True,False
Odisha,Cuttack,Child Feeding Practices and Nutritional Status of Children,60,Children under age 3 years breastfed within one hour of birth9 (%),55.6,63.7,False,False
Odisha,Cuttack,Child Feeding Practices and Nutritional Status of Children,61,Children under age 6 months exclusively breastfed10 (%),*,*,True,False
Odisha,Cuttack,Child Feeding Practices and Nutritional Status of Children,62,Children under age 6 months currently breastfeeding10 (%),*,*,True,False
Odisha,Cuttack,Child Feeding Practices and Nutritional Status of Children,63,Children under age 6 months exclusively breastfed or breastfeeding and consuming plain water/other,*,*,True,False
Odisha,Cuttack,Child Feeding Practices and Nutritional Status of Children,64,Children age 6-8 months receiving solid or semi-solid food and breastmilk10 (%),*,*,True,False
Odisha,Cuttack,Child Feeding Practices and Nutritional Status of Children,65,"Breastfeeding children age 6-23 months receiving an adequate diet10, 11 (%)",4.6,23.3,True,False
Odisha,Cuttack,Child Feeding Practices and Nutritional Status of Children,66,"Non-breastfeeding children age 6-23 months receiving an adequate diet10, 11 (%)",*,*,True,False
Odisha,Cuttack,Child Feeding Practices and Nutritional Status of Children,67,"Total children age 6-23 months receiving an adequate diet10, 11 (%)",5.2,21.3,True,False
Odisha,Cuttack,Child Feeding Practices and Nutritional Status of Children,68,Children under 5 years who are stunted (height-for-age)12 (%),17.6,20.4,False,False
Odisha,Cuttack,Child Feeding Practices and Nutritional Status of Children,69,Children under 5 years who are wasted (weight-for-height)12 (%),21.5,14.2,False,False
Odisha,Cuttack,Child Feeding Practices and Nutritional Status of Children,70,Children under 5 years who are severely wasted (weight-for-height)13 (%),6.1,5.6,False,False
Odisha,Cuttack,Child Feeding Practices and Nutritional Status of Children,71,Children under 5 years who are underweight (weight-for-age)12 (%),20.6,18.9,False,False
Odisha,Cuttack,Child Feeding Practices and Nutritional Status of Children,72,Children under 5 years who are overweight (weight-for-height)14 (%),3.9,5.6,False,False
Odisha,Cuttack,Nutritional Status of Adults (age 15-49 years),73,Women whose Body Mass Index (BMI) is below normal (BMI <18.5 kg/m2)15 (%),8.8,15.7,False,False
Odisha,Cuttack,Nutritional Status of Adults (age 15-49 years),74,Women who are overweight or obese (BMI ≥25.0 kg/m2)15 (%),48.3,32.5,False,False
Odisha,Cuttack,Women,75,Blood sugar level - high (141-160 mg/dl)16 (%),11.2,7.9,False,False
Odisha,Cuttack,Women,76,Blood sugar level - very high (>160 mg/dl)16 (%),17.3,8.8,False,False
Odisha,Cuttack,Women,77,Blood sugar level - high or very high (>140 mg/dl) or taking medicine to control blood sugar level16 (%),30.4,17.8,False,False
Odisha,Cuttack,Men,78,Blood sugar level - high (141-160 mg/dl)16 (%),11.6,8.3,False,False
Odisha,Cuttack,Men,79,Blood sugar level - very high (>160 mg/dl)16 (%),20.1,11.3,False,False
Odisha,Cuttack,Men,80,Blood sugar level - high or very high (>140 mg/dl) or taking medicine to control blood sugar level16 (%),33.7,21.1,False,False
Odisha,Cuttack,Women,81,Mildly elevated blood pressure (Systolic 140-159 mm of Hg and/or Diastolic 90-99 mm of Hg) (%),12.2,11.9,False,False
Odisha,Cuttack,Women,82,Moderately or severely elevated blood pressure (Systolic ≥160 mm of Hg and/or Diastolic ≥100 mm,5.1,4.6,False,False
Odisha,Cuttack,Women,83,Elevated blood pressure (Systolic ≥140 mm of Hg and/or Diastolic ≥90 mm of Hg) or taking medicine to,25.4,22.7,False,False
Odisha,Cuttack,Men,84,Mildly elevated blood pressure (Systolic 140-159 mm of Hg and/or Diastolic 90-99 mm of Hg) (%),17.8,16.2,False,False
Odisha,Cuttack,Men,85,Moderately or severely elevated blood pressure (Systolic ≥160 mm of Hg and/or Diastolic ≥100 mm,6.2,6.8,False,False
Odisha,Cuttack,Men,86,Elevated blood pressure (Systolic ≥140 mm of Hg and/or Diastolic ≥90 mm of Hg) or taking medicine to,30.8,27.1,False,False
Odisha,Cuttack,Men,87,Women having a bank or savings account that they themselves use (%),86.8,86.5,False,False
Odisha,Cuttack,Men,88,Women having a mobile phone that they themselves use (%),81.2,53.7,False,False
Odisha,Cuttack,Men,89,Women age 15-24 years who use hygienic methods of protection during their menstrual period17 (%),97.8,88.7,False,False
Odisha,Cuttack,Tobacco Use and Alcohol Consumption among Adults (age 15 years and above),90,Women age 15 years and above who use any kind of tobacco (%),20.3,25.8,False,False
Odisha,Cuttack,Tobacco Use and Alcohol Consumption among Adults (age 15 years and above),91,Men age 15 years and above who use any kind of tobacco (%),43.4,51.0,False,False
Odisha,Cuttack,Tobacco Use and Alcohol Consumption among Adults (age 15 years and above),92,Women age 15 years and above who consume alcohol (%),0.8,0.5,False,False
Odisha,Cuttack,Tobacco Use and Alcohol Consumption among Adults (age 15 years and above),93,Men age 15 years and above who consume alcohol (%),16.3,20.2,False,False
Odisha,Deogarh,Population and Household Profile,1,Population below age 5 years (%),7.1,7.7,False,False
Odisha,Deogarh,Population and Household Profile,2,Population below age 15 years (%),22.2,25.0,False,False
Odisha,Deogarh,Population and Household Profile,3,Population age 60 years and above (%),15.3,13.5,False,False
Odisha,Deogarh,Population and Household Profile,4,Population living in households with electricity (%),97.3,95.3,False,False
Odisha,Deogarh,Population and Household Profile,5,Population living in households with an improved drinking-water source1 (%),85.1,86.2,False,False
Odisha,Deogarh,Population and Household Profile,6,Households using iodized salt (%),96.3,98.8,False,False
Odisha,Deogarh,Population and Household Profile,7,Households with any usual member covered under a health insurance/financing scheme (%),87.5,57.5,False,False
Odisha,Deogarh,Population and Household Profile,8,Households with any usual member having a bank account/post office account (%),98.9,97.8,False,False
Odisha,Deogarh,Population and Household Profile,9,Female population age 6 years and above who ever attended school (%),74.4,71.8,False,False
Odisha,Deogarh,Population and Household Profile,10,Households with any usual female members owning a house and/or land (alone or jointly with others) (%),15.2,11.8,False,False
Odisha,Deogarh,Population and Household Profile,11,Children age 2-4 years who attended pre-school (%),61.9,56.6,False,False
Odisha,Deogarh,Characteristics of Adults (age 15-49 years),12,Women with 10 or more years of schooling (%),43.3,31.3,False,False
Odisha,Deogarh,Characteristics of Adults (age 15-49 years),13,Men with 10 or more years of schooling (%),54.2,46.0,False,False
Odisha,Deogarh,Characteristics of Adults (age 15-49 years),14,Women who have ever used the internet (%),44.9,15.7,False,False
Odisha,Deogarh,Characteristics of Adults (age 15-49 years),15,Men who have ever used the internet (%),80.4,33.7,False,False
Odisha,Deogarh,Marriage and Fertility,16,Women age 20-24 years married before age 18 years (%),14.3,19.2,False,False
Odisha,Deogarh,Marriage and Fertility,17,Men age 25-29 years married before age 21 years (%),*,*,True,False
Odisha,Deogarh,Marriage and Fertility,18,Three or more births in the 5 years preceding the survey (%),0.3,0.9,False,False
Odisha,Deogarh,Marriage and Fertility,19,Women age 15-19 years who were already mothers or pregnant at the time of the survey (%),9.1,8.5,False,False
Odisha,Deogarh,Marriage and Fertility,20,Any method2 (%),60.8,74.1,False,False
Odisha,Deogarh,Marriage and Fertility,21,Any modern method2 (%),29.8,42.8,False,False
Odisha,Deogarh,Marriage and Fertility,22,Any traditional method (%),31.0,31.3,False,False
Odisha,Deogarh,Marriage and Fertility,23,Female sterilization (%),17.7,21.9,False,False
Odisha,Deogarh,Marriage and Fertility,24,Male sterilization (%),0.1,0.0,False,False
Odisha,Deogarh,Marriage and Fertility,25,Total unmet need3 (%),9.6,6.8,False,False
Odisha,Deogarh,Marriage and Fertility,26,Unmet need for spacing3 (%),4.9,2.4,False,False
Odisha,Deogarh,Marriage and Fertility,27,Unmet need for limiting3 (%),4.7,4.4,False,False
Odisha,Deogarh,Antenatal Care (for last birth in the 5 years before the survey),28,Mothers who had an antenatal check-up in the first trimester (%),63.2,75.2,False,False
Odisha,Deogarh,Antenatal Care (for last birth in the 5 years before the survey),29,Mothers who had any antenatal care visits (%),96.8,96.7,False,False
Odisha,Deogarh,Antenatal Care (for last birth in the 5 years before the survey),30,Mothers who had at least 4 antenatal care visits (%),81.4,77.5,False,False
Odisha,Deogarh,Antenatal Care (for last birth in the 5 years before the survey),31,Mothers whose last birth was protected against neonatal tetanus4 (%),95.1,94.2,False,False
Odisha,Deogarh,Antenatal Care (for last birth in the 5 years before the survey),32,Mothers who consumed iron folic acid for 100 days or more when they were pregnant (%),72.3,60.2,False,False
Odisha,Deogarh,Antenatal Care (for last birth in the 5 years before the survey),33,Mothers who consumed iron folic acid for 180 days or more when they were pregnant (%),49.4,31.7,False,False
Odisha,Deogarh,Antenatal Care (for last birth in the 5 years before the survey),34,Registered pregnancies for which the mother received a Mother and Child Protection (MCP) card (%),99.4,100.0,False,False
Odisha,Deogarh,Delivery Care (for births in the 5 years before the survey),35,Institutional births (%),96.1,91.2,False,False
Odisha,Deogarh,Delivery Care (for births in the 5 years before the survey),36,Institutional births in public facility (%),74.2,76.6,False,False
Odisha,Deogarh,Delivery Care (for births in the 5 years before the survey),37,Births attended by skilled health personnel5 (%),97.2,90.8,False,False
Odisha,Deogarh,Delivery Care (for births in the 5 years before the survey),38,Births delivered by caesarean section (%),25.7,15.9,False,False
Odisha,Deogarh,Delivery Care (for births in the 5 years before the survey),39,Births in a private health facility that were delivered by caesarean section (%),58.3,54.6,True,False
Odisha,Deogarh,Delivery Care (for births in the 5 years before the survey),40,Births in a public health facility that were delivered by caesarean section (%),17.4,10.3,False,False
Odisha,Deogarh,Postnatal Care (for last birth in the 5 years before the survey),41,Mothers who received postnatal care from a doctor/nurse/LHV/ANM/midwife/other health personnel within 2,89.5,88.5,False,False
Odisha,Deogarh,Postnatal Care (for last birth in the 5 years before the survey),42,Children born at home who were taken to a health facility for a check-up within 24 hours of birth (%),*,*,True,False
Odisha,Deogarh,Postnatal Care (for last birth in the 5 years before the survey),43,Children who received postnatal care from a doctor/nurse/LHV/ANM/midwife/other health personnel within 2,84.7,89.0,False,False
Odisha,Deogarh,Child Vaccinations and Vitamin A Supplementation,44,Children age 12-23 months fully vaccinated based on information from either vaccination card or mother's,94.5,100.0,True,False
Odisha,Deogarh,Child Vaccinations and Vitamin A Supplementation,45,Children age 12-23 months fully vaccinated based on information from vaccination card only7 (%),98.0,97.1,True,False
Odisha,Deogarh,Child Vaccinations and Vitamin A Supplementation,46,Children age 12-23 months who have received any vaccine (%),94.5,100.0,True,False
Odisha,Deogarh,Child Vaccinations and Vitamin A Supplementation,47,Children age 12-23 months who have received BCG (%),94.5,100.0,True,False
Odisha,Deogarh,Child Vaccinations and Vitamin A Supplementation,48,Children age 12-23 months who have received 3 doses of polio vaccine8 (%),94.5,100.0,True,False
Odisha,Deogarh,Child Vaccinations and Vitamin A Supplementation,49,Children age 12-23 months who have received 3 doses of pentavalent vaccine (%),94.5,100.0,True,False
Odisha,Deogarh,Child Vaccinations and Vitamin A Supplementation,50,Children age 12-23 months who have received the first dose of measles-containing vaccine (MCV) (%),94.5,100.0,True,False
Odisha,Deogarh,Child Vaccinations and Vitamin A Supplementation,51,Children age 24-35 months who have received a second dose of measles-containing vaccine (MCV) (%),94.3,82.8,True,False
Odisha,Deogarh,Child Vaccinations and Vitamin A Supplementation,52,Children age 12-23 months who have received birth dose of hepatitis B vaccine (%),92.2,92.0,True,False
Odisha,Deogarh,Child Vaccinations and Vitamin A Supplementation,53,Children age 12-23 months who have received 3 doses of rotavirus vaccine (%),92.9,97.2,True,False
Odisha,Deogarh,Child Vaccinations and Vitamin A Supplementation,54,Children age 9-35 months who received a vitamin A dose in the last 6 months (%),88.5,80.9,False,False
Odisha,Deogarh,Child Vaccinations and Vitamin A Supplementation,55,Children age 12-23 months who received most of their vaccinations in a public health facility (%),100.0,100.0,True,False
Odisha,Deogarh,Child Vaccinations and Vitamin A Supplementation,56,Children age 12-23 months who received most of their vaccinations in a private health facility (%),0.0,0.0,True,False
Odisha,Deogarh,Treatment of Childhood Diseases (children under age 5 years),57,Prevalence of diarrhoea in the 2 weeks preceding the survey (%),10.0,13.4,False,False
Odisha,Deogarh,Treatment of Childhood Diseases (children under age 5 years),58,Prevalence of symptoms of acute respiratory infection (ARI) in the 2 weeks preceding the survey (%),0.8,4.4,False,False
Odisha,Deogarh,Treatment of Childhood Diseases (children under age 5 years),59,Children with fever or symptoms of ARI in the 2 weeks preceding the survey taken to a health facility or,71.7,84.6,True,False
Odisha,Deogarh,Child Feeding Practices and Nutritional Status of Children,60,Children under age 3 years breastfed within one hour of birth9 (%),62.8,71.5,False,False
Odisha,Deogarh,Child Feeding Practices and Nutritional Status of Children,61,Children under age 6 months exclusively breastfed10 (%),*,*,True,False
Odisha,Deogarh,Child Feeding Practices and Nutritional Status of Children,62,Children under age 6 months currently breastfeeding10 (%),*,*,True,False
Odisha,Deogarh,Child Feeding Practices and Nutritional Status of Children,63,Children under age 6 months exclusively breastfed or breastfeeding and consuming plain water/other,*,*,True,False
Odisha,Deogarh,Child Feeding Practices and Nutritional Status of Children,64,Children age 6-8 months receiving solid or semi-solid food and breastmilk10 (%),*,*,True,False
Odisha,Deogarh,Child Feeding Practices and Nutritional Status of Children,65,"Breastfeeding children age 6-23 months receiving an adequate diet10, 11 (%)",10.9,13.0,False,False
Odisha,Deogarh,Child Feeding Practices and Nutritional Status of Children,66,"Non-breastfeeding children age 6-23 months receiving an adequate diet10, 11 (%)",*,*,True,False
Odisha,Deogarh,Child Feeding Practices and Nutritional Status of Children,67,"Total children age 6-23 months receiving an adequate diet10, 11 (%)",11.7,13.0,False,False
Odisha,Deogarh,Child Feeding Practices and Nutritional Status of Children,68,Children under 5 years who are stunted (height-for-age)12 (%),31.8,28.4,False,False
Odisha,Deogarh,Child Feeding Practices and Nutritional Status of Children,69,Children under 5 years who are wasted (weight-for-height)12 (%),17.9,27.3,False,False
Odisha,Deogarh,Child Feeding Practices and Nutritional Status of Children,70,Children under 5 years who are severely wasted (weight-for-height)13 (%),3.9,12.1,False,False
Odisha,Deogarh,Child Feeding Practices and Nutritional Status of Children,71,Children under 5 years who are underweight (weight-for-age)12 (%),32.6,34.3,False,False
Odisha,Deogarh,Child Feeding Practices and Nutritional Status of Children,72,Children under 5 years who are overweight (weight-for-height)14 (%),0.3,3.2,False,False
Odisha,Deogarh,Nutritional Status of Adults (age 15-49 years),73,Women whose Body Mass Index (BMI) is below normal (BMI <18.5 kg/m2)15 (%),20.1,23.3,False,False
Odisha,Deogarh,Nutritional Status of Adults (age 15-49 years),74,Women who are overweight or obese (BMI ≥25.0 kg/m2)15 (%),23.2,13.4,False,False
Odisha,Deogarh,Women,75,Blood sugar level - high (141-160 mg/dl)16 (%),8.5,5.6,False,False
Odisha,Deogarh,Women,76,Blood sugar level - very high (>160 mg/dl)16 (%),10.7,4.5,False,False
Odisha,Deogarh,Women,77,Blood sugar level - high or very high (>140 mg/dl) or taking medicine to control blood sugar level16 (%),19.7,10.7,False,False
Odisha,Deogarh,Men,78,Blood sugar level - high (141-160 mg/dl)16 (%),10.7,8.2,False,False
Odisha,Deogarh,Men,79,Blood sugar level - very high (>160 mg/dl)16 (%),12.4,7.9,False,False
Odisha,Deogarh,Men,80,Blood sugar level - high or very high (>140 mg/dl) or taking medicine to control blood sugar level16 (%),24.7,16.9,False,False
Odisha,Deogarh,Women,81,Mildly elevated blood pressure (Systolic 140-159 mm of Hg and/or Diastolic 90-99 mm of Hg) (%),11.4,11.7,False,False
Odisha,Deogarh,Women,82,Moderately or severely elevated blood pressure (Systolic ≥160 mm of Hg and/or Diastolic ≥100 mm,4.7,5.5,False,False
Odisha,Deogarh,Women,83,Elevated blood pressure (Systolic ≥140 mm of Hg and/or Diastolic ≥90 mm of Hg) or taking medicine to,24.1,20.1,False,False
Odisha,Deogarh,Men,84,Mildly elevated blood pressure (Systolic 140-159 mm of Hg and/or Diastolic 90-99 mm of Hg) (%),14.3,17.0,False,False
Odisha,Deogarh,Men,85,Moderately or severely elevated blood pressure (Systolic ≥160 mm of Hg and/or Diastolic ≥100 mm,5.8,7.8,False,False
Odisha,Deogarh,Men,86,Elevated blood pressure (Systolic ≥140 mm of Hg and/or Diastolic ≥90 mm of Hg) or taking medicine to,26.5,27.5,False,False
Odisha,Deogarh,Men,87,Women having a bank or savings account that they themselves use (%),92.5,91.9,False,False
Odisha,Deogarh,Men,88,Women having a mobile phone that they themselves use (%),66.5,49.8,False,False
Odisha,Deogarh,Men,89,Women age 15-24 years who use hygienic methods of protection during their menstrual period17 (%),93.4,79.4,False,False
Odisha,Deogarh,Tobacco Use and Alcohol Consumption among Adults (age 15 years and above),90,Women age 15 years and above who use any kind of tobacco (%),15.9,20.8,False,False
Odisha,Deogarh,Tobacco Use and Alcohol Consumption among Adults (age 15 years and above),91,Men age 15 years and above who use any kind of tobacco (%),51.9,59.2,False,False
Odisha,Deogarh,Tobacco Use and Alcohol Consumption among Adults (age 15 years and above),92,Women age 15 years and above who consume alcohol (%),6.8,6.9,False,False
Odisha,Deogarh,Tobacco Use and Alcohol Consumption among Adults (age 15 years and above),93,Men age 15 years and above who consume alcohol (%),39.9,44.2,False,False
Odisha,Dhenkanal,Population and Household Profile,1,Population below age 5 years (%),6.3,7.6,False,False
Odisha,Dhenkanal,Population and Household Profile,2,Population below age 15 years (%),22.6,25.4,False,False
Odisha,Dhenkanal,Population and Household Profile,3,Population age 60 years and above (%),16.3,15.1,False,False
Odisha,Dhenkanal,Population and Household Profile,4,Population living in households with electricity (%),98.6,96.3,False,False
Odisha,Dhenkanal,Population and Household Profile,5,Population living in households with an improved drinking-water source1 (%),68.8,63.4,False,False
Odisha,Dhenkanal,Population and Household Profile,6,Households using iodized salt (%),96.9,98.0,False,False
Odisha,Dhenkanal,Population and Household Profile,7,Households with any usual member covered under a health insurance/financing scheme (%),84.2,55.2,False,False
Odisha,Dhenkanal,Population and Household Profile,8,Households with any usual member having a bank account/post office account (%),98.7,97.8,False,False
Odisha,Dhenkanal,Population and Household Profile,9,Female population age 6 years and above who ever attended school (%),79.7,76.2,False,False
Odisha,Dhenkanal,Population and Household Profile,10,Households with any usual female members owning a house and/or land (alone or jointly with others) (%),13.0,11.6,False,False
Odisha,Dhenkanal,Population and Household Profile,11,Children age 2-4 years who attended pre-school (%),48.2,59.0,False,False
Odisha,Dhenkanal,Characteristics of Adults (age 15-49 years),12,Women with 10 or more years of schooling (%),48.4,33.3,False,False
Odisha,Dhenkanal,Characteristics of Adults (age 15-49 years),13,Men with 10 or more years of schooling (%),54.3,59.6,False,False
Odisha,Dhenkanal,Characteristics of Adults (age 15-49 years),14,Women who have ever used the internet (%),51.9,21.3,False,False
Odisha,Dhenkanal,Characteristics of Adults (age 15-49 years),15,Men who have ever used the internet (%),63.1,51.2,False,False
Odisha,Dhenkanal,Marriage and Fertility,16,Women age 20-24 years married before age 18 years (%),24.0,23.7,False,False
Odisha,Dhenkanal,Marriage and Fertility,17,Men age 25-29 years married before age 21 years (%),*,*,True,False
Odisha,Dhenkanal,Marriage and Fertility,18,Three or more births in the 5 years preceding the survey (%),0.4,0.8,False,False
Odisha,Dhenkanal,Marriage and Fertility,19,Women age 15-19 years who were already mothers or pregnant at the time of the survey (%),11.5,9.3,False,False
Odisha,Dhenkanal,Marriage and Fertility,20,Any method2 (%),72.3,75.9,False,False
Odisha,Dhenkanal,Marriage and Fertility,21,Any modern method2 (%),43.1,48.2,False,False
Odisha,Dhenkanal,Marriage and Fertility,22,Any traditional method (%),29.2,27.7,False,False
Odisha,Dhenkanal,Marriage and Fertility,23,Female sterilization (%),32.9,31.5,False,False
Odisha,Dhenkanal,Marriage and Fertility,24,Male sterilization (%),0.0,0.3,False,False
Odisha,Dhenkanal,Marriage and Fertility,25,Total unmet need3 (%),9.0,8.1,False,False
Odisha,Dhenkanal,Marriage and Fertility,26,Unmet need for spacing3 (%),3.5,2.5,False,False
Odisha,Dhenkanal,Marriage and Fertility,27,Unmet need for limiting3 (%),5.5,5.6,False,False
Odisha,Dhenkanal,Antenatal Care (for last birth in the 5 years before the survey),28,Mothers who had an antenatal check-up in the first trimester (%),71.0,72.4,False,False
Odisha,Dhenkanal,Antenatal Care (for last birth in the 5 years before the survey),29,Mothers who had any antenatal care visits (%),92.7,97.4,False,False
Odisha,Dhenkanal,Antenatal Care (for last birth in the 5 years before the survey),30,Mothers who had at least 4 antenatal care visits (%),69.0,75.8,False,False
Odisha,Dhenkanal,Antenatal Care (for last birth in the 5 years before the survey),31,Mothers whose last birth was protected against neonatal tetanus4 (%),97.1,95.6,False,False
Odisha,Dhenkanal,Antenatal Care (for last birth in the 5 years before the survey),32,Mothers who consumed iron folic acid for 100 days or more when they were pregnant (%),66.8,50.9,False,False
Odisha,Dhenkanal,Antenatal Care (for last birth in the 5 years before the survey),33,Mothers who consumed iron folic acid for 180 days or more when they were pregnant (%),50.1,26.4,False,False
Odisha,Dhenkanal,Antenatal Care (for last birth in the 5 years before the survey),34,Registered pregnancies for which the mother received a Mother and Child Protection (MCP) card (%),100.0,100.0,False,False
Odisha,Dhenkanal,Delivery Care (for births in the 5 years before the survey),35,Institutional births (%),94.2,94.8,False,False
Odisha,Dhenkanal,Delivery Care (for births in the 5 years before the survey),36,Institutional births in public facility (%),65.8,72.8,False,False
Odisha,Dhenkanal,Delivery Care (for births in the 5 years before the survey),37,Births attended by skilled health personnel5 (%),95.2,93.2,False,False
Odisha,Dhenkanal,Delivery Care (for births in the 5 years before the survey),38,Births delivered by caesarean section (%),40.4,30.0,False,False
Odisha,Dhenkanal,Delivery Care (for births in the 5 years before the survey),39,Births in a private health facility that were delivered by caesarean section (%),81.1,67.3,False,False
Odisha,Dhenkanal,Delivery Care (for births in the 5 years before the survey),40,Births in a public health facility that were delivered by caesarean section (%),26.5,20.9,False,False
Odisha,Dhenkanal,Postnatal Care (for last birth in the 5 years before the survey),41,Mothers who received postnatal care from a doctor/nurse/LHV/ANM/midwife/other health personnel within 2,82.4,90.7,False,False
Odisha,Dhenkanal,Postnatal Care (for last birth in the 5 years before the survey),42,Children born at home who were taken to a health facility for a check-up within 24 hours of birth (%),*,*,True,False
Odisha,Dhenkanal,Postnatal Care (for last birth in the 5 years before the survey),43,Children who received postnatal care from a doctor/nurse/LHV/ANM/midwife/other health personnel within 2,80.6,89.8,False,False
Odisha,Dhenkanal,Child Vaccinations and Vitamin A Supplementation,44,Children age 12-23 months fully vaccinated based on information from either vaccination card or mother's,94.9,88.6,True,False
Odisha,Dhenkanal,Child Vaccinations and Vitamin A Supplementation,45,Children age 12-23 months fully vaccinated based on information from vaccination card only7 (%),89.1,86.0,True,False
Odisha,Dhenkanal,Child Vaccinations and Vitamin A Supplementation,46,Children age 12-23 months who have received any vaccine (%),98.3,100.0,True,False
Odisha,Dhenkanal,Child Vaccinations and Vitamin A Supplementation,47,Children age 12-23 months who have received BCG (%),98.3,97.8,True,False
Odisha,Dhenkanal,Child Vaccinations and Vitamin A Supplementation,48,Children age 12-23 months who have received 3 doses of polio vaccine8 (%),94.9,95.4,True,False
Odisha,Dhenkanal,Child Vaccinations and Vitamin A Supplementation,49,Children age 12-23 months who have received 3 doses of pentavalent vaccine (%),98.3,97.7,True,False
Odisha,Dhenkanal,Child Vaccinations and Vitamin A Supplementation,50,Children age 12-23 months who have received the first dose of measles-containing vaccine (MCV) (%),98.3,97.7,True,False
Odisha,Dhenkanal,Child Vaccinations and Vitamin A Supplementation,51,Children age 24-35 months who have received a second dose of measles-containing vaccine (MCV) (%),75.9,77.6,False,False
Odisha,Dhenkanal,Child Vaccinations and Vitamin A Supplementation,52,Children age 12-23 months who have received birth dose of hepatitis B vaccine (%),89.7,81.7,True,False
Odisha,Dhenkanal,Child Vaccinations and Vitamin A Supplementation,53,Children age 12-23 months who have received 3 doses of rotavirus vaccine (%),98.3,95.4,True,False
Odisha,Dhenkanal,Child Vaccinations and Vitamin A Supplementation,54,Children age 9-35 months who received a vitamin A dose in the last 6 months (%),76.8,86.4,False,False
Odisha,Dhenkanal,Child Vaccinations and Vitamin A Supplementation,55,Children age 12-23 months who received most of their vaccinations in a public health facility (%),97.6,100.0,True,False
Odisha,Dhenkanal,Child Vaccinations and Vitamin A Supplementation,56,Children age 12-23 months who received most of their vaccinations in a private health facility (%),0.0,0.0,True,False
Odisha,Dhenkanal,Treatment of Childhood Diseases (children under age 5 years),57,Prevalence of diarrhoea in the 2 weeks preceding the survey (%),17.9,9.5,False,False
Odisha,Dhenkanal,Treatment of Childhood Diseases (children under age 5 years),58,Prevalence of symptoms of acute respiratory infection (ARI) in the 2 weeks preceding the survey (%),0.4,6.1,False,False
Odisha,Dhenkanal,Treatment of Childhood Diseases (children under age 5 years),59,Children with fever or symptoms of ARI in the 2 weeks preceding the survey taken to a health facility or,43.9,73.4,True,False
Odisha,Dhenkanal,Child Feeding Practices and Nutritional Status of Children,60,Children under age 3 years breastfed within one hour of birth9 (%),67.0,70.1,False,False
Odisha,Dhenkanal,Child Feeding Practices and Nutritional Status of Children,61,Children under age 6 months exclusively breastfed10 (%),*,65.3,True,False
Odisha,Dhenkanal,Child Feeding Practices and Nutritional Status of Children,62,Children under age 6 months currently breastfeeding10 (%),*,96.1,True,False
Odisha,Dhenkanal,Child Feeding Practices and Nutritional Status of Children,63,Children under age 6 months exclusively breastfed or breastfeeding and consuming plain water/other,*,80.5,True,False
Odisha,Dhenkanal,Child Feeding Practices and Nutritional Status of Children,64,Children age 6-8 months receiving solid or semi-solid food and breastmilk10 (%),*,*,True,False
Odisha,Dhenkanal,Child Feeding Practices and Nutritional Status of Children,65,"Breastfeeding children age 6-23 months receiving an adequate diet10, 11 (%)",10.9,25.3,False,False
Odisha,Dhenkanal,Child Feeding Practices and Nutritional Status of Children,66,"Non-breastfeeding children age 6-23 months receiving an adequate diet10, 11 (%)",*,*,True,False
Odisha,Dhenkanal,Child Feeding Practices and Nutritional Status of Children,67,"Total children age 6-23 months receiving an adequate diet10, 11 (%)",11.4,25.6,False,False
Odisha,Dhenkanal,Child Feeding Practices and Nutritional Status of Children,68,Children under 5 years who are stunted (height-for-age)12 (%),22.8,33.3,False,False
Odisha,Dhenkanal,Child Feeding Practices and Nutritional Status of Children,69,Children under 5 years who are wasted (weight-for-height)12 (%),21.0,22.7,False,False
Odisha,Dhenkanal,Child Feeding Practices and Nutritional Status of Children,70,Children under 5 years who are severely wasted (weight-for-height)13 (%),3.7,5.4,False,False
Odisha,Dhenkanal,Child Feeding Practices and Nutritional Status of Children,71,Children under 5 years who are underweight (weight-for-age)12 (%),30.3,30.0,False,False
Odisha,Dhenkanal,Child Feeding Practices and Nutritional Status of Children,72,Children under 5 years who are overweight (weight-for-height)14 (%),2.6,6.8,False,False
Odisha,Dhenkanal,Nutritional Status of Adults (age 15-49 years),73,Women whose Body Mass Index (BMI) is below normal (BMI <18.5 kg/m2)15 (%),15.1,18.9,False,False
Odisha,Dhenkanal,Nutritional Status of Adults (age 15-49 years),74,Women who are overweight or obese (BMI ≥25.0 kg/m2)15 (%),38.3,21.8,False,False
Odisha,Dhenkanal,Women,75,Blood sugar level - high (141-160 mg/dl)16 (%),10.9,7.0,False,False
Odisha,Dhenkanal,Women,76,Blood sugar level - very high (>160 mg/dl)16 (%),13.1,7.1,False,False
Odisha,Dhenkanal,Women,77,Blood sugar level - high or very high (>140 mg/dl) or taking medicine to control blood sugar level16 (%),24.9,14.7,False,False
Odisha,Dhenkanal,Men,78,Blood sugar level - high (141-160 mg/dl)16 (%),12.1,5.9,False,False
Odisha,Dhenkanal,Men,79,Blood sugar level - very high (>160 mg/dl)16 (%),15.7,10.8,False,False
Odisha,Dhenkanal,Men,80,Blood sugar level - high or very high (>140 mg/dl) or taking medicine to control blood sugar level16 (%),29.5,17.0,False,False
Odisha,Dhenkanal,Women,81,Mildly elevated blood pressure (Systolic 140-159 mm of Hg and/or Diastolic 90-99 mm of Hg) (%),11.9,13.0,False,False
Odisha,Dhenkanal,Women,82,Moderately or severely elevated blood pressure (Systolic ≥160 mm of Hg and/or Diastolic ≥100 mm,5.4,7.4,False,False
Odisha,Dhenkanal,Women,83,Elevated blood pressure (Systolic ≥140 mm of Hg and/or Diastolic ≥90 mm of Hg) or taking medicine to,24.1,25.3,False,False
Odisha,Dhenkanal,Men,84,Mildly elevated blood pressure (Systolic 140-159 mm of Hg and/or Diastolic 90-99 mm of Hg) (%),14.6,15.0,False,False
Odisha,Dhenkanal,Men,85,Moderately or severely elevated blood pressure (Systolic ≥160 mm of Hg and/or Diastolic ≥100 mm,6.7,7.3,False,False
Odisha,Dhenkanal,Men,86,Elevated blood pressure (Systolic ≥140 mm of Hg and/or Diastolic ≥90 mm of Hg) or taking medicine to,27.2,26.0,False,False
Odisha,Dhenkanal,Men,87,Women having a bank or savings account that they themselves use (%),88.3,88.6,False,False
Odisha,Dhenkanal,Men,88,Women having a mobile phone that they themselves use (%),66.7,55.5,False,False
Odisha,Dhenkanal,Men,89,Women age 15-24 years who use hygienic methods of protection during their menstrual period17 (%),93.7,84.9,False,False
Odisha,Dhenkanal,Tobacco Use and Alcohol Consumption among Adults (age 15 years and above),90,Women age 15 years and above who use any kind of tobacco (%),23.0,28.2,False,False
Odisha,Dhenkanal,Tobacco Use and Alcohol Consumption among Adults (age 15 years and above),91,Men age 15 years and above who use any kind of tobacco (%),47.2,56.0,False,False
Odisha,Dhenkanal,Tobacco Use and Alcohol Consumption among Adults (age 15 years and above),92,Women age 15 years and above who consume alcohol (%),1.0,2.6,False,False
Odisha,Dhenkanal,Tobacco Use and Alcohol Consumption among Adults (age 15 years and above),93,Men age 15 years and above who consume alcohol (%),24.0,29.6,False,False
Odisha,Gajapati,Population and Household Profile,1,Population below age 5 years (%),7.4,8.3,False,False
Odisha,Gajapati,Population and Household Profile,2,Population below age 15 years (%),24.1,28.2,False,False
Odisha,Gajapati,Population and Household Profile,3,Population age 60 years and above (%),13.0,11.4,False,False
Odisha,Gajapati,Population and Household Profile,4,Population living in households with electricity (%),95.3,94.1,False,False
Odisha,Gajapati,Population and Household Profile,5,Population living in households with an improved drinking-water source1 (%),82.8,78.1,False,False
Odisha,Gajapati,Population and Household Profile,6,Households using iodized salt (%),88.9,88.3,False,False
Odisha,Gajapati,Population and Household Profile,7,Households with any usual member covered under a health insurance/financing scheme (%),88.3,39.6,False,False
Odisha,Gajapati,Population and Household Profile,8,Households with any usual member having a bank account/post office account (%),99.3,98.3,False,False
Odisha,Gajapati,Population and Household Profile,9,Female population age 6 years and above who ever attended school (%),58.1,55.5,False,False
Odisha,Gajapati,Population and Household Profile,10,Households with any usual female members owning a house and/or land (alone or jointly with others) (%),13.8,11.6,False,False
Odisha,Gajapati,Population and Household Profile,11,Children age 2-4 years who attended pre-school (%),60.9,62.4,False,False
Odisha,Gajapati,Characteristics of Adults (age 15-49 years),12,Women with 10 or more years of schooling (%),36.4,22.5,False,False
Odisha,Gajapati,Characteristics of Adults (age 15-49 years),13,Men with 10 or more years of schooling (%),33.3,33.1,False,False
Odisha,Gajapati,Characteristics of Adults (age 15-49 years),14,Women who have ever used the internet (%),46.3,12.3,False,False
Odisha,Gajapati,Characteristics of Adults (age 15-49 years),15,Men who have ever used the internet (%),63.9,40.1,False,False
Odisha,Gajapati,Marriage and Fertility,16,Women age 20-24 years married before age 18 years (%),18.7,28.1,False,False
Odisha,Gajapati,Marriage and Fertility,17,Men age 25-29 years married before age 21 years (%),*,*,True,False
Odisha,Gajapati,Marriage and Fertility,18,Three or more births in the 5 years preceding the survey (%),0.9,2.0,False,False
Odisha,Gajapati,Marriage and Fertility,19,Women age 15-19 years who were already mothers or pregnant at the time of the survey (%),7.5,5.8,False,False
Odisha,Gajapati,Marriage and Fertility,20,Any method2 (%),71.8,76.2,False,False
Odisha,Gajapati,Marriage and Fertility,21,Any modern method2 (%),48.9,53.9,False,False
Odisha,Gajapati,Marriage and Fertility,22,Any traditional method (%),22.9,22.3,False,False
Odisha,Gajapati,Marriage and Fertility,23,Female sterilization (%),40.1,40.7,False,False
Odisha,Gajapati,Marriage and Fertility,24,Male sterilization (%),1.0,0.5,False,False
Odisha,Gajapati,Marriage and Fertility,25,Total unmet need3 (%),7.3,5.4,False,False
Odisha,Gajapati,Marriage and Fertility,26,Unmet need for spacing3 (%),5.4,2.1,False,False
Odisha,Gajapati,Marriage and Fertility,27,Unmet need for limiting3 (%),1.9,3.3,False,False
Odisha,Gajapati,Antenatal Care (for last birth in the 5 years before the survey),28,Mothers who had an antenatal check-up in the first trimester (%),67.1,79.3,False,False
Odisha,Gajapati,Antenatal Care (for last birth in the 5 years before the survey),29,Mothers who had any antenatal care visits (%),92.6,99.6,False,False
Odisha,Gajapati,Antenatal Care (for last birth in the 5 years before the survey),30,Mothers who had at least 4 antenatal care visits (%),71.7,83.0,False,False
Odisha,Gajapati,Antenatal Care (for last birth in the 5 years before the survey),31,Mothers whose last birth was protected against neonatal tetanus4 (%),97.9,99.2,False,False
Odisha,Gajapati,Antenatal Care (for last birth in the 5 years before the survey),32,Mothers who consumed iron folic acid for 100 days or more when they were pregnant (%),76.6,64.9,False,False
Odisha,Gajapati,Antenatal Care (for last birth in the 5 years before the survey),33,Mothers who consumed iron folic acid for 180 days or more when they were pregnant (%),45.3,36.5,False,False
Odisha,Gajapati,Antenatal Care (for last birth in the 5 years before the survey),34,Registered pregnancies for which the mother received a Mother and Child Protection (MCP) card (%),100.0,99.5,False,False
Odisha,Gajapati,Delivery Care (for births in the 5 years before the survey),35,Institutional births (%),86.3,76.4,False,False
Odisha,Gajapati,Delivery Care (for births in the 5 years before the survey),36,Institutional births in public facility (%),80.2,71.2,False,False
Odisha,Gajapati,Delivery Care (for births in the 5 years before the survey),37,Births attended by skilled health personnel5 (%),90.0,80.4,False,False
Odisha,Gajapati,Delivery Care (for births in the 5 years before the survey),38,Births delivered by caesarean section (%),16.7,13.9,False,False
Odisha,Gajapati,Delivery Care (for births in the 5 years before the survey),39,Births in a private health facility that were delivered by caesarean section (%),*,*,True,False
Odisha,Gajapati,Delivery Care (for births in the 5 years before the survey),40,Births in a public health facility that were delivered by caesarean section (%),15.8,16.5,False,False
Odisha,Gajapati,Postnatal Care (for last birth in the 5 years before the survey),41,Mothers who received postnatal care from a doctor/nurse/LHV/ANM/midwife/other health personnel within 2,83.1,78.2,False,False
Odisha,Gajapati,Postnatal Care (for last birth in the 5 years before the survey),42,Children born at home who were taken to a health facility for a check-up within 24 hours of birth (%),16.7,5.3,True,False
Odisha,Gajapati,Postnatal Care (for last birth in the 5 years before the survey),43,Children who received postnatal care from a doctor/nurse/LHV/ANM/midwife/other health personnel within 2,84.4,74.2,False,False
Odisha,Gajapati,Child Vaccinations and Vitamin A Supplementation,44,Children age 12-23 months fully vaccinated based on information from either vaccination card or mother's,91.7,92.6,True,False
Odisha,Gajapati,Child Vaccinations and Vitamin A Supplementation,45,Children age 12-23 months fully vaccinated based on information from vaccination card only7 (%),93.5,97.7,True,False
Odisha,Gajapati,Child Vaccinations and Vitamin A Supplementation,46,Children age 12-23 months who have received any vaccine (%),94.2,96.5,True,False
Odisha,Gajapati,Child Vaccinations and Vitamin A Supplementation,47,Children age 12-23 months who have received BCG (%),94.2,96.5,True,False
Odisha,Gajapati,Child Vaccinations and Vitamin A Supplementation,48,Children age 12-23 months who have received 3 doses of polio vaccine8 (%),91.7,92.6,True,False
Odisha,Gajapati,Child Vaccinations and Vitamin A Supplementation,49,Children age 12-23 months who have received 3 doses of pentavalent vaccine (%),94.2,94.4,True,False
Odisha,Gajapati,Child Vaccinations and Vitamin A Supplementation,50,Children age 12-23 months who have received the first dose of measles-containing vaccine (MCV) (%),91.7,94.4,True,False
Odisha,Gajapati,Child Vaccinations and Vitamin A Supplementation,51,Children age 24-35 months who have received a second dose of measles-containing vaccine (MCV) (%),72.0,78.1,False,False
Odisha,Gajapati,Child Vaccinations and Vitamin A Supplementation,52,Children age 12-23 months who have received birth dose of hepatitis B vaccine (%),91.0,83.1,True,False
Odisha,Gajapati,Child Vaccinations and Vitamin A Supplementation,53,Children age 12-23 months who have received 3 doses of rotavirus vaccine (%),89.5,92.7,True,False
Odisha,Gajapati,Child Vaccinations and Vitamin A Supplementation,54,Children age 9-35 months who received a vitamin A dose in the last 6 months (%),84.1,80.0,False,False
Odisha,Gajapati,Child Vaccinations and Vitamin A Supplementation,55,Children age 12-23 months who received most of their vaccinations in a public health facility (%),100.0,100.0,True,False
Odisha,Gajapati,Child Vaccinations and Vitamin A Supplementation,56,Children age 12-23 months who received most of their vaccinations in a private health facility (%),0.0,0.0,True,False
Odisha,Gajapati,Treatment of Childhood Diseases (children under age 5 years),57,Prevalence of diarrhoea in the 2 weeks preceding the survey (%),3.6,6.4,False,False
Odisha,Gajapati,Treatment of Childhood Diseases (children under age 5 years),58,Prevalence of symptoms of acute respiratory infection (ARI) in the 2 weeks preceding the survey (%),1.1,0.3,False,False
Odisha,Gajapati,Treatment of Childhood Diseases (children under age 5 years),59,Children with fever or symptoms of ARI in the 2 weeks preceding the survey taken to a health facility or,74.3,*,True,False
Odisha,Gajapati,Child Feeding Practices and Nutritional Status of Children,60,Children under age 3 years breastfed within one hour of birth9 (%),56.4,79.9,False,False
Odisha,Gajapati,Child Feeding Practices and Nutritional Status of Children,61,Children under age 6 months exclusively breastfed10 (%),*,82.3,True,False
Odisha,Gajapati,Child Feeding Practices and Nutritional Status of Children,62,Children under age 6 months currently breastfeeding10 (%),*,100.0,True,False
Odisha,Gajapati,Child Feeding Practices and Nutritional Status of Children,63,Children under age 6 months exclusively breastfed or breastfeeding and consuming plain water/other,*,96.6,True,False
Odisha,Gajapati,Child Feeding Practices and Nutritional Status of Children,64,Children age 6-8 months receiving solid or semi-solid food and breastmilk10 (%),*,*,True,False
Odisha,Gajapati,Child Feeding Practices and Nutritional Status of Children,65,"Breastfeeding children age 6-23 months receiving an adequate diet10, 11 (%)",7.0,18.1,False,False
Odisha,Gajapati,Child Feeding Practices and Nutritional Status of Children,66,"Non-breastfeeding children age 6-23 months receiving an adequate diet10, 11 (%)",*,*,True,False
Odisha,Gajapati,Child Feeding Practices and Nutritional Status of Children,67,"Total children age 6-23 months receiving an adequate diet10, 11 (%)",6.9,18.8,False,False
Odisha,Gajapati,Child Feeding Practices and Nutritional Status of Children,68,Children under 5 years who are stunted (height-for-age)12 (%),35.3,43.4,False,False
Odisha,Gajapati,Child Feeding Practices and Nutritional Status of Children,69,Children under 5 years who are wasted (weight-for-height)12 (%),25.3,16.1,False,False
Odisha,Gajapati,Child Feeding Practices and Nutritional Status of Children,70,Children under 5 years who are severely wasted (weight-for-height)13 (%),9.1,4.3,False,False
Odisha,Gajapati,Child Feeding Practices and Nutritional Status of Children,71,Children under 5 years who are underweight (weight-for-age)12 (%),42.5,34.3,False,False
Odisha,Gajapati,Child Feeding Practices and Nutritional Status of Children,72,Children under 5 years who are overweight (weight-for-height)14 (%),0.6,6.1,False,False
Odisha,Gajapati,Nutritional Status of Adults (age 15-49 years),73,Women whose Body Mass Index (BMI) is below normal (BMI <18.5 kg/m2)15 (%),21.0,23.5,False,False
Odisha,Gajapati,Nutritional Status of Adults (age 15-49 years),74,Women who are overweight or obese (BMI ≥25.0 kg/m2)15 (%),20.7,17.5,False,False
Odisha,Gajapati,Women,75,Blood sugar level - high (141-160 mg/dl)16 (%),7.7,5.6,False,False
Odisha,Gajapati,Women,76,Blood sugar level - very high (>160 mg/dl)16 (%),7.5,4.8,False,False
Odisha,Gajapati,Women,77,Blood sugar level - high or very high (>140 mg/dl) or taking medicine to control blood sugar level16 (%),15.8,10.9,False,False
Odisha,Gajapati,Men,78,Blood sugar level - high (141-160 mg/dl)16 (%),10.5,6.2,False,False
Odisha,Gajapati,Men,79,Blood sugar level - very high (>160 mg/dl)16 (%),9.0,4.5,False,False
Odisha,Gajapati,Men,80,Blood sugar level - high or very high (>140 mg/dl) or taking medicine to control blood sugar level16 (%),20.6,12.0,False,False
Odisha,Gajapati,Women,81,Mildly elevated blood pressure (Systolic 140-159 mm of Hg and/or Diastolic 90-99 mm of Hg) (%),11.4,12.5,False,False
Odisha,Gajapati,Women,82,Moderately or severely elevated blood pressure (Systolic ≥160 mm of Hg and/or Diastolic ≥100 mm,6.9,4.1,False,False
Odisha,Gajapati,Women,83,Elevated blood pressure (Systolic ≥140 mm of Hg and/or Diastolic ≥90 mm of Hg) or taking medicine to,22.5,19.7,False,False
Odisha,Gajapati,Men,84,Mildly elevated blood pressure (Systolic 140-159 mm of Hg and/or Diastolic 90-99 mm of Hg) (%),13.5,16.4,False,False
Odisha,Gajapati,Men,85,Moderately or severely elevated blood pressure (Systolic ≥160 mm of Hg and/or Diastolic ≥100 mm,6.3,7.0,False,False
Odisha,Gajapati,Men,86,Elevated blood pressure (Systolic ≥140 mm of Hg and/or Diastolic ≥90 mm of Hg) or taking medicine to,22.8,24.9,False,False
Odisha,Gajapati,Men,87,Women having a bank or savings account that they themselves use (%),92.7,81.2,False,False
Odisha,Gajapati,Men,88,Women having a mobile phone that they themselves use (%),52.3,36.1,False,False
Odisha,Gajapati,Men,89,Women age 15-24 years who use hygienic methods of protection during their menstrual period17 (%),86.7,75.8,False,False
Odisha,Gajapati,Tobacco Use and Alcohol Consumption among Adults (age 15 years and above),90,Women age 15 years and above who use any kind of tobacco (%),12.4,16.5,False,False
Odisha,Gajapati,Tobacco Use and Alcohol Consumption among Adults (age 15 years and above),91,Men age 15 years and above who use any kind of tobacco (%),31.8,36.2,False,False
Odisha,Gajapati,Tobacco Use and Alcohol Consumption among Adults (age 15 years and above),92,Women age 15 years and above who consume alcohol (%),4.4,5.4,False,False
Odisha,Gajapati,Tobacco Use and Alcohol Consumption among Adults (age 15 years and above),93,Men age 15 years and above who consume alcohol (%),26.6,28.8,False,False
Odisha,Ganjam,Population and Household Profile,1,Population below age 5 years (%),6.9,8.8,False,False
Odisha,Ganjam,Population and Household Profile,2,Population below age 15 years (%),23.5,24.6,False,False
Odisha,Ganjam,Population and Household Profile,3,Population age 60 years and above (%),15.8,13.9,False,False
Odisha,Ganjam,Population and Household Profile,4,Population living in households with electricity (%),99.3,99.3,False,False
Odisha,Ganjam,Population and Household Profile,5,Population living in households with an improved drinking-water source1 (%),94.3,89.6,False,False
Odisha,Ganjam,Population and Household Profile,6,Households using iodized salt (%),95.3,98.9,False,False
Odisha,Ganjam,Population and Household Profile,7,Households with any usual member covered under a health insurance/financing scheme (%),82.7,51.9,False,False
Odisha,Ganjam,Population and Household Profile,8,Households with any usual member having a bank account/post office account (%),99.3,98.2,False,False
Odisha,Ganjam,Population and Household Profile,9,Female population age 6 years and above who ever attended school (%),70.5,68.6,False,False
Odisha,Ganjam,Population and Household Profile,10,Households with any usual female members owning a house and/or land (alone or jointly with others) (%),16.9,20.3,False,False
Odisha,Ganjam,Population and Household Profile,11,Children age 2-4 years who attended pre-school (%),58.2,53.2,False,False
Odisha,Ganjam,Characteristics of Adults (age 15-49 years),12,Women with 10 or more years of schooling (%),37.9,32.6,False,False
Odisha,Ganjam,Characteristics of Adults (age 15-49 years),13,Men with 10 or more years of schooling (%),34.4,37.5,False,False
Odisha,Ganjam,Characteristics of Adults (age 15-49 years),14,Women who have ever used the internet (%),54.5,28.9,False,False
Odisha,Ganjam,Characteristics of Adults (age 15-49 years),15,Men who have ever used the internet (%),77.1,65.2,False,False
Odisha,Ganjam,Marriage and Fertility,16,Women age 20-24 years married before age 18 years (%),18.0,22.3,False,False
Odisha,Ganjam,Marriage and Fertility,17,Men age 25-29 years married before age 21 years (%),*,*,True,False
Odisha,Ganjam,Marriage and Fertility,18,Three or more births in the 5 years preceding the survey (%),1.3,0.7,False,False
Odisha,Ganjam,Marriage and Fertility,19,Women age 15-19 years who were already mothers or pregnant at the time of the survey (%),2.7,11.4,False,False
Odisha,Ganjam,Marriage and Fertility,20,Any method2 (%),66.1,59.2,False,False
Odisha,Ganjam,Marriage and Fertility,21,Any modern method2 (%),42.4,46.7,False,False
Odisha,Ganjam,Marriage and Fertility,22,Any traditional method (%),23.7,12.5,False,False
Odisha,Ganjam,Marriage and Fertility,23,Female sterilization (%),35.4,33.9,False,False
Odisha,Ganjam,Marriage and Fertility,24,Male sterilization (%),0.3,0.0,False,False
Odisha,Ganjam,Marriage and Fertility,25,Total unmet need3 (%),12.7,16.9,False,False
Odisha,Ganjam,Marriage and Fertility,26,Unmet need for spacing3 (%),5.7,5.8,False,False
Odisha,Ganjam,Marriage and Fertility,27,Unmet need for limiting3 (%),7.0,11.1,False,False
Odisha,Ganjam,Antenatal Care (for last birth in the 5 years before the survey),28,Mothers who had an antenatal check-up in the first trimester (%),77.8,77.6,False,False
Odisha,Ganjam,Antenatal Care (for last birth in the 5 years before the survey),29,Mothers who had any antenatal care visits (%),98.0,98.6,False,False
Odisha,Ganjam,Antenatal Care (for last birth in the 5 years before the survey),30,Mothers who had at least 4 antenatal care visits (%),74.0,82.7,False,False
Odisha,Ganjam,Antenatal Care (for last birth in the 5 years before the survey),31,Mothers whose last birth was protected against neonatal tetanus4 (%),99.6,96.8,False,False
Odisha,Ganjam,Antenatal Care (for last birth in the 5 years before the survey),32,Mothers who consumed iron folic acid for 100 days or more when they were pregnant (%),75.1,67.0,False,False
Odisha,Ganjam,Antenatal Care (for last birth in the 5 years before the survey),33,Mothers who consumed iron folic acid for 180 days or more when they were pregnant (%),51.7,42.2,False,False
Odisha,Ganjam,Antenatal Care (for last birth in the 5 years before the survey),34,Registered pregnancies for which the mother received a Mother and Child Protection (MCP) card (%),100.0,99.1,False,False
Odisha,Ganjam,Delivery Care (for births in the 5 years before the survey),35,Institutional births (%),97.5,93.0,False,False
Odisha,Ganjam,Delivery Care (for births in the 5 years before the survey),36,Institutional births in public facility (%),79.0,72.3,False,False
Odisha,Ganjam,Delivery Care (for births in the 5 years before the survey),37,Births attended by skilled health personnel5 (%),97.1,92.4,False,False
Odisha,Ganjam,Delivery Care (for births in the 5 years before the survey),38,Births delivered by caesarean section (%),27.1,22.6,False,False
Odisha,Ganjam,Delivery Care (for births in the 5 years before the survey),39,Births in a private health facility that were delivered by caesarean section (%),80.2,63.3,True,False
Odisha,Ganjam,Delivery Care (for births in the 5 years before the survey),40,Births in a public health facility that were delivered by caesarean section (%),15.5,13.1,False,False
Odisha,Ganjam,Postnatal Care (for last birth in the 5 years before the survey),41,Mothers who received postnatal care from a doctor/nurse/LHV/ANM/midwife/other health personnel within 2,91.8,89.3,False,False
Odisha,Ganjam,Postnatal Care (for last birth in the 5 years before the survey),42,Children born at home who were taken to a health facility for a check-up within 24 hours of birth (%),*,*,True,False
Odisha,Ganjam,Postnatal Care (for last birth in the 5 years before the survey),43,Children who received postnatal care from a doctor/nurse/LHV/ANM/midwife/other health personnel within 2,92.6,91.1,False,False
Odisha,Ganjam,Child Vaccinations and Vitamin A Supplementation,44,Children age 12-23 months fully vaccinated based on information from either vaccination card or mother's,81.4,88.5,False,False
Odisha,Ganjam,Child Vaccinations and Vitamin A Supplementation,45,Children age 12-23 months fully vaccinated based on information from vaccination card only7 (%),89.9,92.3,True,False
Odisha,Ganjam,Child Vaccinations and Vitamin A Supplementation,46,Children age 12-23 months who have received any vaccine (%),93.2,96.0,False,False
Odisha,Ganjam,Child Vaccinations and Vitamin A Supplementation,47,Children age 12-23 months who have received BCG (%),93.2,96.0,False,False
Odisha,Ganjam,Child Vaccinations and Vitamin A Supplementation,48,Children age 12-23 months who have received 3 doses of polio vaccine8 (%),85.7,88.5,False,False
Odisha,Ganjam,Child Vaccinations and Vitamin A Supplementation,49,Children age 12-23 months who have received 3 doses of pentavalent vaccine (%),86.8,90.6,False,False
Odisha,Ganjam,Child Vaccinations and Vitamin A Supplementation,50,Children age 12-23 months who have received the first dose of measles-containing vaccine (MCV) (%),88.9,92.3,False,False
Odisha,Ganjam,Child Vaccinations and Vitamin A Supplementation,51,Children age 24-35 months who have received a second dose of measles-containing vaccine (MCV) (%),84.8,79.7,True,False
Odisha,Ganjam,Child Vaccinations and Vitamin A Supplementation,52,Children age 12-23 months who have received birth dose of hepatitis B vaccine (%),93.2,86.6,False,False
Odisha,Ganjam,Child Vaccinations and Vitamin A Supplementation,53,Children age 12-23 months who have received 3 doses of rotavirus vaccine (%),79.5,81.8,False,False
Odisha,Ganjam,Child Vaccinations and Vitamin A Supplementation,54,Children age 9-35 months who received a vitamin A dose in the last 6 months (%),73.4,88.4,False,False
Odisha,Ganjam,Child Vaccinations and Vitamin A Supplementation,55,Children age 12-23 months who received most of their vaccinations in a public health facility (%),100.0,96.1,True,False
Odisha,Ganjam,Child Vaccinations and Vitamin A Supplementation,56,Children age 12-23 months who received most of their vaccinations in a private health facility (%),0.0,1.9,True,False
Odisha,Ganjam,Treatment of Childhood Diseases (children under age 5 years),57,Prevalence of diarrhoea in the 2 weeks preceding the survey (%),5.0,10.6,False,False
Odisha,Ganjam,Treatment of Childhood Diseases (children under age 5 years),58,Prevalence of symptoms of acute respiratory infection (ARI) in the 2 weeks preceding the survey (%),2.4,0.4,False,False
Odisha,Ganjam,Treatment of Childhood Diseases (children under age 5 years),59,Children with fever or symptoms of ARI in the 2 weeks preceding the survey taken to a health facility or,76.5,66.6,True,False
Odisha,Ganjam,Child Feeding Practices and Nutritional Status of Children,60,Children under age 3 years breastfed within one hour of birth9 (%),64.4,71.9,False,False
Odisha,Ganjam,Child Feeding Practices and Nutritional Status of Children,61,Children under age 6 months exclusively breastfed10 (%),*,64.5,True,False
Odisha,Ganjam,Child Feeding Practices and Nutritional Status of Children,62,Children under age 6 months currently breastfeeding10 (%),*,100.0,True,False
Odisha,Ganjam,Child Feeding Practices and Nutritional Status of Children,63,Children under age 6 months exclusively breastfed or breastfeeding and consuming plain water/other,*,84.3,True,False
Odisha,Ganjam,Child Feeding Practices and Nutritional Status of Children,64,Children age 6-8 months receiving solid or semi-solid food and breastmilk10 (%),*,*,True,False
Odisha,Ganjam,Child Feeding Practices and Nutritional Status of Children,65,"Breastfeeding children age 6-23 months receiving an adequate diet10, 11 (%)",17.2,20.3,False,False
Odisha,Ganjam,Child Feeding Practices and Nutritional Status of Children,66,"Non-breastfeeding children age 6-23 months receiving an adequate diet10, 11 (%)",*,*,True,False
Odisha,Ganjam,Child Feeding Practices and Nutritional Status of Children,67,"Total children age 6-23 months receiving an adequate diet10, 11 (%)",16.2,22.3,False,False
Odisha,Ganjam,Child Feeding Practices and Nutritional Status of Children,68,Children under 5 years who are stunted (height-for-age)12 (%),20.2,23.9,False,False
Odisha,Ganjam,Child Feeding Practices and Nutritional Status of Children,69,Children under 5 years who are wasted (weight-for-height)12 (%),13.0,10.2,False,False
Odisha,Ganjam,Child Feeding Practices and Nutritional Status of Children,70,Children under 5 years who are severely wasted (weight-for-height)13 (%),3.5,1.5,False,False
Odisha,Ganjam,Child Feeding Practices and Nutritional Status of Children,71,Children under 5 years who are underweight (weight-for-age)12 (%),16.3,18.9,False,False
Odisha,Ganjam,Child Feeding Practices and Nutritional Status of Children,72,Children under 5 years who are overweight (weight-for-height)14 (%),3.1,4.9,False,False
Odisha,Ganjam,Nutritional Status of Adults (age 15-49 years),73,Women whose Body Mass Index (BMI) is below normal (BMI <18.5 kg/m2)15 (%),12.1,11.2,False,False
Odisha,Ganjam,Nutritional Status of Adults (age 15-49 years),74,Women who are overweight or obese (BMI ≥25.0 kg/m2)15 (%),35.6,36.9,False,False
Odisha,Ganjam,Women,75,Blood sugar level - high (141-160 mg/dl)16 (%),8.3,6.6,False,False
Odisha,Ganjam,Women,76,Blood sugar level - very high (>160 mg/dl)16 (%),11.3,8.3,False,False
Odisha,Ganjam,Women,77,Blood sugar level - high or very high (>140 mg/dl) or taking medicine to control blood sugar level16 (%),20.7,15.3,False,False
Odisha,Ganjam,Men,78,Blood sugar level - high (141-160 mg/dl)16 (%),10.6,9.1,False,False
Odisha,Ganjam,Men,79,Blood sugar level - very high (>160 mg/dl)16 (%),15.3,11.4,False,False
Odisha,Ganjam,Men,80,Blood sugar level - high or very high (>140 mg/dl) or taking medicine to control blood sugar level16 (%),27.7,21.8,False,False
Odisha,Ganjam,Women,81,Mildly elevated blood pressure (Systolic 140-159 mm of Hg and/or Diastolic 90-99 mm of Hg) (%),8.2,12.3,False,False
Odisha,Ganjam,Women,82,Moderately or severely elevated blood pressure (Systolic ≥160 mm of Hg and/or Diastolic ≥100 mm,4.6,7.1,False,False
Odisha,Ganjam,Women,83,Elevated blood pressure (Systolic ≥140 mm of Hg and/or Diastolic ≥90 mm of Hg) or taking medicine to,18.5,23.4,False,False
Odisha,Ganjam,Men,84,Mildly elevated blood pressure (Systolic 140-159 mm of Hg and/or Diastolic 90-99 mm of Hg) (%),12.0,16.6,False,False
Odisha,Ganjam,Men,85,Moderately or severely elevated blood pressure (Systolic ≥160 mm of Hg and/or Diastolic ≥100 mm,8.4,9.1,False,False
Odisha,Ganjam,Men,86,Elevated blood pressure (Systolic ≥140 mm of Hg and/or Diastolic ≥90 mm of Hg) or taking medicine to,26.9,29.7,False,False
Odisha,Ganjam,Men,87,Women having a bank or savings account that they themselves use (%),93.7,82.0,False,False
Odisha,Ganjam,Men,88,Women having a mobile phone that they themselves use (%),69.2,52.2,False,False
Odisha,Ganjam,Men,89,Women age 15-24 years who use hygienic methods of protection during their menstrual period17 (%),91.0,83.1,False,False
Odisha,Ganjam,Tobacco Use and Alcohol Consumption among Adults (age 15 years and above),90,Women age 15 years and above who use any kind of tobacco (%),18.4,17.9,False,False
Odisha,Ganjam,Tobacco Use and Alcohol Consumption among Adults (age 15 years and above),91,Men age 15 years and above who use any kind of tobacco (%),48.8,45.1,False,False
Odisha,Ganjam,Tobacco Use and Alcohol Consumption among Adults (age 15 years and above),92,Women age 15 years and above who consume alcohol (%),0.1,0.2,False,False
Odisha,Ganjam,Tobacco Use and Alcohol Consumption among Adults (age 15 years and above),93,Men age 15 years and above who consume alcohol (%),25.2,23.5,False,False
Odisha,Jagatsinghapur,Population and Household Profile,1,Population below age 5 years (%),5.6,5.9,False,False
Odisha,Jagatsinghapur,Population and Household Profile,2,Population below age 15 years (%),19.8,20.4,False,False
Odisha,Jagatsinghapur,Population and Household Profile,3,Population age 60 years and above (%),19.6,17.4,False,False
Odisha,Jagatsinghapur,Population and Household Profile,4,Population living in households with electricity (%),98.4,98.2,False,False
Odisha,Jagatsinghapur,Population and Household Profile,5,Population living in households with an improved drinking-water source1 (%),99.1,99.5,False,False
Odisha,Jagatsinghapur,Population and Household Profile,6,Households using iodized salt (%),96.8,98.2,False,False
Odisha,Jagatsinghapur,Population and Household Profile,7,Households with any usual member covered under a health insurance/financing scheme (%),84.9,56.8,False,False
Odisha,Jagatsinghapur,Population and Household Profile,8,Households with any usual member having a bank account/post office account (%),99.6,97.4,False,False
Odisha,Jagatsinghapur,Population and Household Profile,9,Female population age 6 years and above who ever attended school (%),84.2,84.7,False,False
Odisha,Jagatsinghapur,Population and Household Profile,10,Households with any usual female members owning a house and/or land (alone or jointly with others) (%),10.4,11.9,False,False
Odisha,Jagatsinghapur,Population and Household Profile,11,Children age 2-4 years who attended pre-school (%),49.9,59.6,False,False
Odisha,Jagatsinghapur,Characteristics of Adults (age 15-49 years),12,Women with 10 or more years of schooling (%),52.8,46.6,False,False
Odisha,Jagatsinghapur,Characteristics of Adults (age 15-49 years),13,Men with 10 or more years of schooling (%),54.6,53.4,False,False
Odisha,Jagatsinghapur,Characteristics of Adults (age 15-49 years),14,Women who have ever used the internet (%),52.0,32.4,False,False
Odisha,Jagatsinghapur,Characteristics of Adults (age 15-49 years),15,Men who have ever used the internet (%),80.6,50.4,False,False
Odisha,Jagatsinghapur,Marriage and Fertility,16,Women age 20-24 years married before age 18 years (%),12.5,12.0,False,False
Odisha,Jagatsinghapur,Marriage and Fertility,17,Men age 25-29 years married before age 21 years (%),*,*,True,False
Odisha,Jagatsinghapur,Marriage and Fertility,18,Three or more births in the 5 years preceding the survey (%),0.9,0.0,False,False
Odisha,Jagatsinghapur,Marriage and Fertility,19,Women age 15-19 years who were already mothers or pregnant at the time of the survey (%),3.5,2.6,False,False
Odisha,Jagatsinghapur,Marriage and Fertility,20,Any method2 (%),56.7,71.9,False,False
Odisha,Jagatsinghapur,Marriage and Fertility,21,Any modern method2 (%),36.9,38.8,False,False
Odisha,Jagatsinghapur,Marriage and Fertility,22,Any traditional method (%),19.8,33.1,False,False
Odisha,Jagatsinghapur,Marriage and Fertility,23,Female sterilization (%),21.7,22.0,False,False
Odisha,Jagatsinghapur,Marriage and Fertility,24,Male sterilization (%),0.3,0.0,False,False
Odisha,Jagatsinghapur,Marriage and Fertility,25,Total unmet need3 (%),9.6,11.5,False,False
Odisha,Jagatsinghapur,Marriage and Fertility,26,Unmet need for spacing3 (%),3.3,3.5,False,False
Odisha,Jagatsinghapur,Marriage and Fertility,27,Unmet need for limiting3 (%),6.3,8.0,False,False
Odisha,Jagatsinghapur,Antenatal Care (for last birth in the 5 years before the survey),28,Mothers who had an antenatal check-up in the first trimester (%),66.4,71.6,False,False
Odisha,Jagatsinghapur,Antenatal Care (for last birth in the 5 years before the survey),29,Mothers who had any antenatal care visits (%),95.9,97.2,False,False
Odisha,Jagatsinghapur,Antenatal Care (for last birth in the 5 years before the survey),30,Mothers who had at least 4 antenatal care visits (%),70.8,82.6,False,False
Odisha,Jagatsinghapur,Antenatal Care (for last birth in the 5 years before the survey),31,Mothers whose last birth was protected against neonatal tetanus4 (%),96.0,95.4,False,False
Odisha,Jagatsinghapur,Antenatal Care (for last birth in the 5 years before the survey),32,Mothers who consumed iron folic acid for 100 days or more when they were pregnant (%),68.7,64.3,False,False
Odisha,Jagatsinghapur,Antenatal Care (for last birth in the 5 years before the survey),33,Mothers who consumed iron folic acid for 180 days or more when they were pregnant (%),45.6,33.7,False,False
Odisha,Jagatsinghapur,Antenatal Care (for last birth in the 5 years before the survey),34,Registered pregnancies for which the mother received a Mother and Child Protection (MCP) card (%),100.0,98.2,False,False
Odisha,Jagatsinghapur,Delivery Care (for births in the 5 years before the survey),35,Institutional births (%),98.7,98.3,False,False
Odisha,Jagatsinghapur,Delivery Care (for births in the 5 years before the survey),36,Institutional births in public facility (%),59.6,79.1,False,False
Odisha,Jagatsinghapur,Delivery Care (for births in the 5 years before the survey),37,Births attended by skilled health personnel5 (%),95.4,96.7,False,False
Odisha,Jagatsinghapur,Delivery Care (for births in the 5 years before the survey),38,Births delivered by caesarean section (%),45.0,42.2,False,False
Odisha,Jagatsinghapur,Delivery Care (for births in the 5 years before the survey),39,Births in a private health facility that were delivered by caesarean section (%),77.5,83.8,True,False
Odisha,Jagatsinghapur,Delivery Care (for births in the 5 years before the survey),40,Births in a public health facility that were delivered by caesarean section (%),24.7,33.0,False,False
Odisha,Jagatsinghapur,Postnatal Care (for last birth in the 5 years before the survey),41,Mothers who received postnatal care from a doctor/nurse/LHV/ANM/midwife/other health personnel within 2,85.4,89.2,False,False
Odisha,Jagatsinghapur,Postnatal Care (for last birth in the 5 years before the survey),42,Children born at home who were taken to a health facility for a check-up within 24 hours of birth (%),*,*,True,False
Odisha,Jagatsinghapur,Postnatal Care (for last birth in the 5 years before the survey),43,Children who received postnatal care from a doctor/nurse/LHV/ANM/midwife/other health personnel within 2,86.3,92.1,False,False
Odisha,Jagatsinghapur,Child Vaccinations and Vitamin A Supplementation,44,Children age 12-23 months fully vaccinated based on information from either vaccination card or mother's,94.6,91.3,True,False
Odisha,Jagatsinghapur,Child Vaccinations and Vitamin A Supplementation,45,Children age 12-23 months fully vaccinated based on information from vaccination card only7 (%),95.7,92.9,True,False
Odisha,Jagatsinghapur,Child Vaccinations and Vitamin A Supplementation,46,Children age 12-23 months who have received any vaccine (%),97.5,100.0,True,False
Odisha,Jagatsinghapur,Child Vaccinations and Vitamin A Supplementation,47,Children age 12-23 months who have received BCG (%),97.5,100.0,True,False
Odisha,Jagatsinghapur,Child Vaccinations and Vitamin A Supplementation,48,Children age 12-23 months who have received 3 doses of polio vaccine8 (%),94.6,93.4,True,False
Odisha,Jagatsinghapur,Child Vaccinations and Vitamin A Supplementation,49,Children age 12-23 months who have received 3 doses of pentavalent vaccine (%),97.5,97.9,True,False
Odisha,Jagatsinghapur,Child Vaccinations and Vitamin A Supplementation,50,Children age 12-23 months who have received the first dose of measles-containing vaccine (MCV) (%),97.5,97.9,True,False
Odisha,Jagatsinghapur,Child Vaccinations and Vitamin A Supplementation,51,Children age 24-35 months who have received a second dose of measles-containing vaccine (MCV) (%),95.9,59.9,True,False
Odisha,Jagatsinghapur,Child Vaccinations and Vitamin A Supplementation,52,Children age 12-23 months who have received birth dose of hepatitis B vaccine (%),92.1,89.2,True,False
Odisha,Jagatsinghapur,Child Vaccinations and Vitamin A Supplementation,53,Children age 12-23 months who have received 3 doses of rotavirus vaccine (%),92.4,89.4,True,False
Odisha,Jagatsinghapur,Child Vaccinations and Vitamin A Supplementation,54,Children age 9-35 months who received a vitamin A dose in the last 6 months (%),93.1,90.6,False,False
Odisha,Jagatsinghapur,Child Vaccinations and Vitamin A Supplementation,55,Children age 12-23 months who received most of their vaccinations in a public health facility (%),100.0,100.0,True,False
Odisha,Jagatsinghapur,Child Vaccinations and Vitamin A Supplementation,56,Children age 12-23 months who received most of their vaccinations in a private health facility (%),0.0,0.0,True,False
Odisha,Jagatsinghapur,Treatment of Childhood Diseases (children under age 5 years),57,Prevalence of diarrhoea in the 2 weeks preceding the survey (%),24.7,11.0,False,False
Odisha,Jagatsinghapur,Treatment of Childhood Diseases (children under age 5 years),58,Prevalence of symptoms of acute respiratory infection (ARI) in the 2 weeks preceding the survey (%),3.3,7.1,False,False
Odisha,Jagatsinghapur,Treatment of Childhood Diseases (children under age 5 years),59,Children with fever or symptoms of ARI in the 2 weeks preceding the survey taken to a health facility or,53.0,68.9,True,False
Odisha,Jagatsinghapur,Child Feeding Practices and Nutritional Status of Children,60,Children under age 3 years breastfed within one hour of birth9 (%),59.3,68.8,False,False
Odisha,Jagatsinghapur,Child Feeding Practices and Nutritional Status of Children,61,Children under age 6 months exclusively breastfed10 (%),*,*,True,False
Odisha,Jagatsinghapur,Child Feeding Practices and Nutritional Status of Children,62,Children under age 6 months currently breastfeeding10 (%),*,*,True,False
Odisha,Jagatsinghapur,Child Feeding Practices and Nutritional Status of Children,63,Children under age 6 months exclusively breastfed or breastfeeding and consuming plain water/other,*,*,True,False
Odisha,Jagatsinghapur,Child Feeding Practices and Nutritional Status of Children,64,Children age 6-8 months receiving solid or semi-solid food and breastmilk10 (%),*,*,True,False
Odisha,Jagatsinghapur,Child Feeding Practices and Nutritional Status of Children,65,"Breastfeeding children age 6-23 months receiving an adequate diet10, 11 (%)",21.4,31.0,False,False
Odisha,Jagatsinghapur,Child Feeding Practices and Nutritional Status of Children,66,"Non-breastfeeding children age 6-23 months receiving an adequate diet10, 11 (%)",*,*,True,False
Odisha,Jagatsinghapur,Child Feeding Practices and Nutritional Status of Children,67,"Total children age 6-23 months receiving an adequate diet10, 11 (%)",23.8,31.2,False,False
Odisha,Jagatsinghapur,Child Feeding Practices and Nutritional Status of Children,68,Children under 5 years who are stunted (height-for-age)12 (%),14.7,13.2,False,False
Odisha,Jagatsinghapur,Child Feeding Practices and Nutritional Status of Children,69,Children under 5 years who are wasted (weight-for-height)12 (%),19.5,10.7,False,False
Odisha,Jagatsinghapur,Child Feeding Practices and Nutritional Status of Children,70,Children under 5 years who are severely wasted (weight-for-height)13 (%),2.5,5.6,False,False
Odisha,Jagatsinghapur,Child Feeding Practices and Nutritional Status of Children,71,Children under 5 years who are underweight (weight-for-age)12 (%),17.3,11.0,False,False
Odisha,Jagatsinghapur,Child Feeding Practices and Nutritional Status of Children,72,Children under 5 years who are overweight (weight-for-height)14 (%),5.8,8.3,False,False
Odisha,Jagatsinghapur,Nutritional Status of Adults (age 15-49 years),73,Women whose Body Mass Index (BMI) is below normal (BMI <18.5 kg/m2)15 (%),9.3,12.9,False,False
Odisha,Jagatsinghapur,Nutritional Status of Adults (age 15-49 years),74,Women who are overweight or obese (BMI ≥25.0 kg/m2)15 (%),44.2,35.5,False,False
Odisha,Jagatsinghapur,Women,75,Blood sugar level - high (141-160 mg/dl)16 (%),11.8,6.6,False,False
Odisha,Jagatsinghapur,Women,76,Blood sugar level - very high (>160 mg/dl)16 (%),14.6,9.1,False,False
Odisha,Jagatsinghapur,Women,77,Blood sugar level - high or very high (>140 mg/dl) or taking medicine to control blood sugar level16 (%),27.9,16.9,False,False
Odisha,Jagatsinghapur,Men,78,Blood sugar level - high (141-160 mg/dl)16 (%),14.6,7.5,False,False
Odisha,Jagatsinghapur,Men,79,Blood sugar level - very high (>160 mg/dl)16 (%),17.6,11.6,False,False
Odisha,Jagatsinghapur,Men,80,Blood sugar level - high or very high (>140 mg/dl) or taking medicine to control blood sugar level16 (%),34.7,21.4,False,False
Odisha,Jagatsinghapur,Women,81,Mildly elevated blood pressure (Systolic 140-159 mm of Hg and/or Diastolic 90-99 mm of Hg) (%),9.9,14.6,False,False
Odisha,Jagatsinghapur,Women,82,Moderately or severely elevated blood pressure (Systolic ≥160 mm of Hg and/or Diastolic ≥100 mm,5.2,7.1,False,False
Odisha,Jagatsinghapur,Women,83,Elevated blood pressure (Systolic ≥140 mm of Hg and/or Diastolic ≥90 mm of Hg) or taking medicine to,24.0,26.2,False,False
Odisha,Jagatsinghapur,Men,84,Mildly elevated blood pressure (Systolic 140-159 mm of Hg and/or Diastolic 90-99 mm of Hg) (%),14.1,19.4,False,False
Odisha,Jagatsinghapur,Men,85,Moderately or severely elevated blood pressure (Systolic ≥160 mm of Hg and/or Diastolic ≥100 mm,5.6,7.4,False,False
Odisha,Jagatsinghapur,Men,86,Elevated blood pressure (Systolic ≥140 mm of Hg and/or Diastolic ≥90 mm of Hg) or taking medicine to,27.2,30.2,False,False
Odisha,Jagatsinghapur,Men,87,Women having a bank or savings account that they themselves use (%),91.2,88.7,False,False
Odisha,Jagatsinghapur,Men,88,Women having a mobile phone that they themselves use (%),74.9,73.2,False,False
Odisha,Jagatsinghapur,Men,89,Women age 15-24 years who use hygienic methods of protection during their menstrual period17 (%),96.8,92.8,False,False
Odisha,Jagatsinghapur,Tobacco Use and Alcohol Consumption among Adults (age 15 years and above),90,Women age 15 years and above who use any kind of tobacco (%),23.9,25.7,False,False
Odisha,Jagatsinghapur,Tobacco Use and Alcohol Consumption among Adults (age 15 years and above),91,Men age 15 years and above who use any kind of tobacco (%),44.7,51.1,False,False
Odisha,Jagatsinghapur,Tobacco Use and Alcohol Consumption among Adults (age 15 years and above),92,Women age 15 years and above who consume alcohol (%),0.4,0.4,False,False
Odisha,Jagatsinghapur,Tobacco Use and Alcohol Consumption among Adults (age 15 years and above),93,Men age 15 years and above who consume alcohol (%),18.1,19.1,False,False
Odisha,Jajapur,Population and Household Profile,1,Population below age 5 years (%),6.6,8.2,False,False
Odisha,Jajapur,Population and Household Profile,2,Population below age 15 years (%),22.1,25.4,False,False
Odisha,Jajapur,Population and Household Profile,3,Population age 60 years and above (%),17.2,13.3,False,False
Odisha,Jajapur,Population and Household Profile,4,Population living in households with electricity (%),98.2,97.0,False,False
Odisha,Jajapur,Population and Household Profile,5,Population living in households with an improved drinking-water source1 (%),91.3,92.0,False,False
Odisha,Jajapur,Population and Household Profile,6,Households using iodized salt (%),87.0,98.7,False,False
Odisha,Jajapur,Population and Household Profile,7,Households with any usual member covered under a health insurance/financing scheme (%),85.5,53.9,False,False
Odisha,Jajapur,Population and Household Profile,8,Households with any usual member having a bank account/post office account (%),98.6,97.5,False,False
Odisha,Jajapur,Population and Household Profile,9,Female population age 6 years and above who ever attended school (%),79.4,78.7,False,False
Odisha,Jajapur,Population and Household Profile,10,Households with any usual female members owning a house and/or land (alone or jointly with others) (%),10.3,9.2,False,False
Odisha,Jajapur,Population and Household Profile,11,Children age 2-4 years who attended pre-school (%),59.1,60.3,False,False
Odisha,Jajapur,Characteristics of Adults (age 15-49 years),12,Women with 10 or more years of schooling (%),53.4,38.0,False,False
Odisha,Jajapur,Characteristics of Adults (age 15-49 years),13,Men with 10 or more years of schooling (%),64.3,35.6,False,False
Odisha,Jajapur,Characteristics of Adults (age 15-49 years),14,Women who have ever used the internet (%),53.7,19.0,False,False
Odisha,Jajapur,Characteristics of Adults (age 15-49 years),15,Men who have ever used the internet (%),83.0,52.3,False,False
Odisha,Jajapur,Marriage and Fertility,16,Women age 20-24 years married before age 18 years (%),11.0,11.4,False,False
Odisha,Jajapur,Marriage and Fertility,17,Men age 25-29 years married before age 21 years (%),4.6,12.3,True,False
Odisha,Jajapur,Marriage and Fertility,18,Three or more births in the 5 years preceding the survey (%),0.3,0.9,False,False
Odisha,Jajapur,Marriage and Fertility,19,Women age 15-19 years who were already mothers or pregnant at the time of the survey (%),5.5,7.7,False,False
Odisha,Jajapur,Marriage and Fertility,20,Any method2 (%),72.4,76.2,False,False
Odisha,Jajapur,Marriage and Fertility,21,Any modern method2 (%),38.7,44.9,False,False
Odisha,Jajapur,Marriage and Fertility,22,Any traditional method (%),33.7,31.3,False,False
Odisha,Jajapur,Marriage and Fertility,23,Female sterilization (%),23.4,27.1,False,False
Odisha,Jajapur,Marriage and Fertility,24,Male sterilization (%),0.0,0.0,False,False
Odisha,Jajapur,Marriage and Fertility,25,Total unmet need3 (%),7.7,9.0,False,False
Odisha,Jajapur,Marriage and Fertility,26,Unmet need for spacing3 (%),4.3,2.0,False,False
Odisha,Jajapur,Marriage and Fertility,27,Unmet need for limiting3 (%),3.4,7.0,False,False
Odisha,Jajapur,Antenatal Care (for last birth in the 5 years before the survey),28,Mothers who had an antenatal check-up in the first trimester (%),71.0,65.2,False,False
Odisha,Jajapur,Antenatal Care (for last birth in the 5 years before the survey),29,Mothers who had any antenatal care visits (%),96.0,98.0,False,False
Odisha,Jajapur,Antenatal Care (for last birth in the 5 years before the survey),30,Mothers who had at least 4 antenatal care visits (%),75.2,73.8,False,False
Odisha,Jajapur,Antenatal Care (for last birth in the 5 years before the survey),31,Mothers whose last birth was protected against neonatal tetanus4 (%),95.7,94.7,False,False
Odisha,Jajapur,Antenatal Care (for last birth in the 5 years before the survey),32,Mothers who consumed iron folic acid for 100 days or more when they were pregnant (%),71.8,49.0,False,False
Odisha,Jajapur,Antenatal Care (for last birth in the 5 years before the survey),33,Mothers who consumed iron folic acid for 180 days or more when they were pregnant (%),45.3,21.2,False,False
Odisha,Jajapur,Antenatal Care (for last birth in the 5 years before the survey),34,Registered pregnancies for which the mother received a Mother and Child Protection (MCP) card (%),99.2,99.2,False,False
Odisha,Jajapur,Delivery Care (for births in the 5 years before the survey),35,Institutional births (%),95.9,93.8,False,False
Odisha,Jajapur,Delivery Care (for births in the 5 years before the survey),36,Institutional births in public facility (%),62.3,74.4,False,False
Odisha,Jajapur,Delivery Care (for births in the 5 years before the survey),37,Births attended by skilled health personnel5 (%),96.2,96.1,False,False
Odisha,Jajapur,Delivery Care (for births in the 5 years before the survey),38,Births delivered by caesarean section (%),42.6,25.8,False,False
Odisha,Jajapur,Delivery Care (for births in the 5 years before the survey),39,Births in a private health facility that were delivered by caesarean section (%),84.8,75.5,False,False
Odisha,Jajapur,Delivery Care (for births in the 5 years before the survey),40,Births in a public health facility that were delivered by caesarean section (%),22.5,15.0,False,False
Odisha,Jajapur,Postnatal Care (for last birth in the 5 years before the survey),41,Mothers who received postnatal care from a doctor/nurse/LHV/ANM/midwife/other health personnel within 2,90.8,92.4,False,False
Odisha,Jajapur,Postnatal Care (for last birth in the 5 years before the survey),42,Children born at home who were taken to a health facility for a check-up within 24 hours of birth (%),*,*,True,False
Odisha,Jajapur,Postnatal Care (for last birth in the 5 years before the survey),43,Children who received postnatal care from a doctor/nurse/LHV/ANM/midwife/other health personnel within 2,90.1,91.8,False,False
Odisha,Jajapur,Child Vaccinations and Vitamin A Supplementation,44,Children age 12-23 months fully vaccinated based on information from either vaccination card or mother's,87.6,79.5,True,False
Odisha,Jajapur,Child Vaccinations and Vitamin A Supplementation,45,Children age 12-23 months fully vaccinated based on information from vaccination card only7 (%),94.0,70.5,True,False
Odisha,Jajapur,Child Vaccinations and Vitamin A Supplementation,46,Children age 12-23 months who have received any vaccine (%),98.2,98.2,True,False
Odisha,Jajapur,Child Vaccinations and Vitamin A Supplementation,47,Children age 12-23 months who have received BCG (%),98.2,98.2,True,False
Odisha,Jajapur,Child Vaccinations and Vitamin A Supplementation,48,Children age 12-23 months who have received 3 doses of polio vaccine8 (%),91.1,81.3,True,False
Odisha,Jajapur,Child Vaccinations and Vitamin A Supplementation,49,Children age 12-23 months who have received 3 doses of pentavalent vaccine (%),91.2,91.0,True,False
Odisha,Jajapur,Child Vaccinations and Vitamin A Supplementation,50,Children age 12-23 months who have received the first dose of measles-containing vaccine (MCV) (%),91.2,96.5,True,False
Odisha,Jajapur,Child Vaccinations and Vitamin A Supplementation,51,Children age 24-35 months who have received a second dose of measles-containing vaccine (MCV) (%),90.0,81.6,True,False
Odisha,Jajapur,Child Vaccinations and Vitamin A Supplementation,52,Children age 12-23 months who have received birth dose of hepatitis B vaccine (%),91.1,84.1,True,False
Odisha,Jajapur,Child Vaccinations and Vitamin A Supplementation,53,Children age 12-23 months who have received 3 doses of rotavirus vaccine (%),87.6,67.7,True,False
Odisha,Jajapur,Child Vaccinations and Vitamin A Supplementation,54,Children age 9-35 months who received a vitamin A dose in the last 6 months (%),84.5,90.0,False,False
Odisha,Jajapur,Child Vaccinations and Vitamin A Supplementation,55,Children age 12-23 months who received most of their vaccinations in a public health facility (%),100.0,100.0,True,False
Odisha,Jajapur,Child Vaccinations and Vitamin A Supplementation,56,Children age 12-23 months who received most of their vaccinations in a private health facility (%),0.0,0.0,True,False
Odisha,Jajapur,Treatment of Childhood Diseases (children under age 5 years),57,Prevalence of diarrhoea in the 2 weeks preceding the survey (%),13.1,12.0,False,False
Odisha,Jajapur,Treatment of Childhood Diseases (children under age 5 years),58,Prevalence of symptoms of acute respiratory infection (ARI) in the 2 weeks preceding the survey (%),2.5,9.1,False,False
Odisha,Jajapur,Treatment of Childhood Diseases (children under age 5 years),59,Children with fever or symptoms of ARI in the 2 weeks preceding the survey taken to a health facility or,61.5,62.6,False,False
Odisha,Jajapur,Child Feeding Practices and Nutritional Status of Children,60,Children under age 3 years breastfed within one hour of birth9 (%),65.5,60.8,False,False
Odisha,Jajapur,Child Feeding Practices and Nutritional Status of Children,61,Children under age 6 months exclusively breastfed10 (%),56.6,53.7,True,False
Odisha,Jajapur,Child Feeding Practices and Nutritional Status of Children,62,Children under age 6 months currently breastfeeding10 (%),100.0,96.3,True,False
Odisha,Jajapur,Child Feeding Practices and Nutritional Status of Children,63,Children under age 6 months exclusively breastfed or breastfeeding and consuming plain water/other,79.7,72.9,True,False
Odisha,Jajapur,Child Feeding Practices and Nutritional Status of Children,64,Children age 6-8 months receiving solid or semi-solid food and breastmilk10 (%),*,*,True,False
Odisha,Jajapur,Child Feeding Practices and Nutritional Status of Children,65,"Breastfeeding children age 6-23 months receiving an adequate diet10, 11 (%)",12.0,14.6,False,False
Odisha,Jajapur,Child Feeding Practices and Nutritional Status of Children,66,"Non-breastfeeding children age 6-23 months receiving an adequate diet10, 11 (%)",*,*,True,False
Odisha,Jajapur,Child Feeding Practices and Nutritional Status of Children,67,"Total children age 6-23 months receiving an adequate diet10, 11 (%)",11.5,13.9,False,False
Odisha,Jajapur,Child Feeding Practices and Nutritional Status of Children,68,Children under 5 years who are stunted (height-for-age)12 (%),20.4,25.5,False,False
Odisha,Jajapur,Child Feeding Practices and Nutritional Status of Children,69,Children under 5 years who are wasted (weight-for-height)12 (%),20.3,15.9,False,False
Odisha,Jajapur,Child Feeding Practices and Nutritional Status of Children,70,Children under 5 years who are severely wasted (weight-for-height)13 (%),6.3,6.4,False,False
Odisha,Jajapur,Child Feeding Practices and Nutritional Status of Children,71,Children under 5 years who are underweight (weight-for-age)12 (%),23.4,21.8,False,False
Odisha,Jajapur,Child Feeding Practices and Nutritional Status of Children,72,Children under 5 years who are overweight (weight-for-height)14 (%),1.2,2.2,False,False
Odisha,Jajapur,Nutritional Status of Adults (age 15-49 years),73,Women whose Body Mass Index (BMI) is below normal (BMI <18.5 kg/m2)15 (%),17.9,24.4,False,False
Odisha,Jajapur,Nutritional Status of Adults (age 15-49 years),74,Women who are overweight or obese (BMI ≥25.0 kg/m2)15 (%),29.0,21.3,False,False
Odisha,Jajapur,Women,75,Blood sugar level - high (141-160 mg/dl)16 (%),8.8,6.6,False,False
Odisha,Jajapur,Women,76,Blood sugar level - very high (>160 mg/dl)16 (%),10.7,7.7,False,False
Odisha,Jajapur,Women,77,Blood sugar level - high or very high (>140 mg/dl) or taking medicine to control blood sugar level16 (%),20.9,15.2,False,False
Odisha,Jajapur,Men,78,Blood sugar level - high (141-160 mg/dl)16 (%),9.7,7.0,False,False
Odisha,Jajapur,Men,79,Blood sugar level - very high (>160 mg/dl)16 (%),15.0,9.6,False,False
Odisha,Jajapur,Men,80,Blood sugar level - high or very high (>140 mg/dl) or taking medicine to control blood sugar level16 (%),26.7,17.5,False,False
Odisha,Jajapur,Women,81,Mildly elevated blood pressure (Systolic 140-159 mm of Hg and/or Diastolic 90-99 mm of Hg) (%),12.8,13.4,False,False
Odisha,Jajapur,Women,82,Moderately or severely elevated blood pressure (Systolic ≥160 mm of Hg and/or Diastolic ≥100 mm,5.6,6.1,False,False
Odisha,Jajapur,Women,83,Elevated blood pressure (Systolic ≥140 mm of Hg and/or Diastolic ≥90 mm of Hg) or taking medicine to,23.0,23.8,False,False
Odisha,Jajapur,Men,84,Mildly elevated blood pressure (Systolic 140-159 mm of Hg and/or Diastolic 90-99 mm of Hg) (%),17.5,17.6,False,False
Odisha,Jajapur,Men,85,Moderately or severely elevated blood pressure (Systolic ≥160 mm of Hg and/or Diastolic ≥100 mm,6.0,7.2,False,False
Odisha,Jajapur,Men,86,Elevated blood pressure (Systolic ≥140 mm of Hg and/or Diastolic ≥90 mm of Hg) or taking medicine to,27.2,28.0,False,False
Odisha,Jajapur,Men,87,Women having a bank or savings account that they themselves use (%),91.5,87.4,False,False
Odisha,Jajapur,Men,88,Women having a mobile phone that they themselves use (%),68.3,53.5,False,False
Odisha,Jajapur,Men,89,Women age 15-24 years who use hygienic methods of protection during their menstrual period17 (%),94.3,83.4,False,False
Odisha,Jajapur,Tobacco Use and Alcohol Consumption among Adults (age 15 years and above),90,Women age 15 years and above who use any kind of tobacco (%),29.2,34.4,False,False
Odisha,Jajapur,Tobacco Use and Alcohol Consumption among Adults (age 15 years and above),91,Men age 15 years and above who use any kind of tobacco (%),50.7,58.8,False,False
Odisha,Jajapur,Tobacco Use and Alcohol Consumption among Adults (age 15 years and above),92,Women age 15 years and above who consume alcohol (%),1.4,3.4,False,False
Odisha,Jajapur,Tobacco Use and Alcohol Consumption among Adults (age 15 years and above),93,Men age 15 years and above who consume alcohol (%),20.8,21.9,False,False
Odisha,Jharsuguda,Population and Household Profile,1,Population below age 5 years (%),6.1,6.1,False,False
Odisha,Jharsuguda,Population and Household Profile,2,Population below age 15 years (%),19.4,19.6,False,False
Odisha,Jharsuguda,Population and Household Profile,3,Population age 60 years and above (%),15.5,13.2,False,False
Odisha,Jharsuguda,Population and Household Profile,4,Population living in households with electricity (%),98.8,98.1,False,False
Odisha,Jharsuguda,Population and Household Profile,5,Population living in households with an improved drinking-water source1 (%),92.4,88.4,False,False
Odisha,Jharsuguda,Population and Household Profile,6,Households using iodized salt (%),98.7,98.9,False,False
Odisha,Jharsuguda,Population and Household Profile,7,Households with any usual member covered under a health insurance/financing scheme (%),76.0,37.7,False,False
Odisha,Jharsuguda,Population and Household Profile,8,Households with any usual member having a bank account/post office account (%),96.4,97.4,False,False
Odisha,Jharsuguda,Population and Household Profile,9,Female population age 6 years and above who ever attended school (%),79.8,77.8,False,False
Odisha,Jharsuguda,Population and Household Profile,10,Households with any usual female members owning a house and/or land (alone or jointly with others) (%),14.9,9.7,False,False
Odisha,Jharsuguda,Population and Household Profile,11,Children age 2-4 years who attended pre-school (%),58.6,59.7,False,False
Odisha,Jharsuguda,Characteristics of Adults (age 15-49 years),12,Women with 10 or more years of schooling (%),54.1,40.9,False,False
Odisha,Jharsuguda,Characteristics of Adults (age 15-49 years),13,Men with 10 or more years of schooling (%),54.3,41.3,False,False
Odisha,Jharsuguda,Characteristics of Adults (age 15-49 years),14,Women who have ever used the internet (%),64.8,37.0,False,False
Odisha,Jharsuguda,Characteristics of Adults (age 15-49 years),15,Men who have ever used the internet (%),83.0,56.9,False,False
Odisha,Jharsuguda,Marriage and Fertility,16,Women age 20-24 years married before age 18 years (%),9.7,8.5,False,False
Odisha,Jharsuguda,Marriage and Fertility,17,Men age 25-29 years married before age 21 years (%),*,*,True,False
Odisha,Jharsuguda,Marriage and Fertility,18,Three or more births in the 5 years preceding the survey (%),0.4,2.6,False,False
Odisha,Jharsuguda,Marriage and Fertility,19,Women age 15-19 years who were already mothers or pregnant at the time of the survey (%),3.3,1.0,False,False
Odisha,Jharsuguda,Marriage and Fertility,20,Any method2 (%),66.1,81.4,False,False
Odisha,Jharsuguda,Marriage and Fertility,21,Any modern method2 (%),40.2,50.3,False,False
Odisha,Jharsuguda,Marriage and Fertility,22,Any traditional method (%),25.9,31.1,False,False
Odisha,Jharsuguda,Marriage and Fertility,23,Female sterilization (%),19.6,28.0,False,False
Odisha,Jharsuguda,Marriage and Fertility,24,Male sterilization (%),0.0,0.2,False,False
Odisha,Jharsuguda,Marriage and Fertility,25,Total unmet need3 (%),5.7,3.7,False,False
Odisha,Jharsuguda,Marriage and Fertility,26,Unmet need for spacing3 (%),2.7,1.3,False,False
Odisha,Jharsuguda,Marriage and Fertility,27,Unmet need for limiting3 (%),3.0,2.4,False,False
Odisha,Jharsuguda,Antenatal Care (for last birth in the 5 years before the survey),28,Mothers who had an antenatal check-up in the first trimester (%),86.7,92.6,False,False
Odisha,Jharsuguda,Antenatal Care (for last birth in the 5 years before the survey),29,Mothers who had any antenatal care visits (%),96.1,100.0,False,False
Odisha,Jharsuguda,Antenatal Care (for last birth in the 5 years before the survey),30,Mothers who had at least 4 antenatal care visits (%),84.7,94.1,False,False
Odisha,Jharsuguda,Antenatal Care (for last birth in the 5 years before the survey),31,Mothers whose last birth was protected against neonatal tetanus4 (%),94.1,96.9,False,False
Odisha,Jharsuguda,Antenatal Care (for last birth in the 5 years before the survey),32,Mothers who consumed iron folic acid for 100 days or more when they were pregnant (%),86.3,84.7,False,False
Odisha,Jharsuguda,Antenatal Care (for last birth in the 5 years before the survey),33,Mothers who consumed iron folic acid for 180 days or more when they were pregnant (%),68.9,54.5,False,False
Odisha,Jharsuguda,Antenatal Care (for last birth in the 5 years before the survey),34,Registered pregnancies for which the mother received a Mother and Child Protection (MCP) card (%),98.9,100.0,False,False
Odisha,Jharsuguda,Delivery Care (for births in the 5 years before the survey),35,Institutional births (%),99.0,98.6,False,False
Odisha,Jharsuguda,Delivery Care (for births in the 5 years before the survey),36,Institutional births in public facility (%),66.0,66.7,False,False
Odisha,Jharsuguda,Delivery Care (for births in the 5 years before the survey),37,Births attended by skilled health personnel5 (%),97.8,96.8,False,False
Odisha,Jharsuguda,Delivery Care (for births in the 5 years before the survey),38,Births delivered by caesarean section (%),39.1,30.7,False,False
Odisha,Jharsuguda,Delivery Care (for births in the 5 years before the survey),39,Births in a private health facility that were delivered by caesarean section (%),61.6,56.8,False,False
Odisha,Jharsuguda,Delivery Care (for births in the 5 years before the survey),40,Births in a public health facility that were delivered by caesarean section (%),28.5,18.9,False,False
Odisha,Jharsuguda,Postnatal Care (for last birth in the 5 years before the survey),41,Mothers who received postnatal care from a doctor/nurse/LHV/ANM/midwife/other health personnel within 2,93.8,96.4,False,False
Odisha,Jharsuguda,Postnatal Care (for last birth in the 5 years before the survey),42,Children born at home who were taken to a health facility for a check-up within 24 hours of birth (%),*,*,True,False
Odisha,Jharsuguda,Postnatal Care (for last birth in the 5 years before the survey),43,Children who received postnatal care from a doctor/nurse/LHV/ANM/midwife/other health personnel within 2,95.5,96.4,False,False
Odisha,Jharsuguda,Child Vaccinations and Vitamin A Supplementation,44,Children age 12-23 months fully vaccinated based on information from either vaccination card or mother's,94.7,97.6,True,False
Odisha,Jharsuguda,Child Vaccinations and Vitamin A Supplementation,45,Children age 12-23 months fully vaccinated based on information from vaccination card only7 (%),97.7,97.6,True,False
Odisha,Jharsuguda,Child Vaccinations and Vitamin A Supplementation,46,Children age 12-23 months who have received any vaccine (%),96.3,100.0,True,False
Odisha,Jharsuguda,Child Vaccinations and Vitamin A Supplementation,47,Children age 12-23 months who have received BCG (%),96.3,100.0,True,False
Odisha,Jharsuguda,Child Vaccinations and Vitamin A Supplementation,48,Children age 12-23 months who have received 3 doses of polio vaccine8 (%),94.7,100.0,True,False
Odisha,Jharsuguda,Child Vaccinations and Vitamin A Supplementation,49,Children age 12-23 months who have received 3 doses of pentavalent vaccine (%),96.3,97.6,True,False
Odisha,Jharsuguda,Child Vaccinations and Vitamin A Supplementation,50,Children age 12-23 months who have received the first dose of measles-containing vaccine (MCV) (%),96.3,100.0,True,False
Odisha,Jharsuguda,Child Vaccinations and Vitamin A Supplementation,51,Children age 24-35 months who have received a second dose of measles-containing vaccine (MCV) (%),90.1,94.1,True,False
Odisha,Jharsuguda,Child Vaccinations and Vitamin A Supplementation,52,Children age 12-23 months who have received birth dose of hepatitis B vaccine (%),91.6,84.6,True,False
Odisha,Jharsuguda,Child Vaccinations and Vitamin A Supplementation,53,Children age 12-23 months who have received 3 doses of rotavirus vaccine (%),92.6,100.0,True,False
Odisha,Jharsuguda,Child Vaccinations and Vitamin A Supplementation,54,Children age 9-35 months who received a vitamin A dose in the last 6 months (%),89.6,92.7,False,False
Odisha,Jharsuguda,Child Vaccinations and Vitamin A Supplementation,55,Children age 12-23 months who received most of their vaccinations in a public health facility (%),97.5,100.0,True,False
Odisha,Jharsuguda,Child Vaccinations and Vitamin A Supplementation,56,Children age 12-23 months who received most of their vaccinations in a private health facility (%),0.0,0.0,True,False
Odisha,Jharsuguda,Treatment of Childhood Diseases (children under age 5 years),57,Prevalence of diarrhoea in the 2 weeks preceding the survey (%),4.8,5.9,False,False
Odisha,Jharsuguda,Treatment of Childhood Diseases (children under age 5 years),58,Prevalence of symptoms of acute respiratory infection (ARI) in the 2 weeks preceding the survey (%),0.5,1.0,False,False
Odisha,Jharsuguda,Treatment of Childhood Diseases (children under age 5 years),59,Children with fever or symptoms of ARI in the 2 weeks preceding the survey taken to a health facility or,60.5,*,True,False
Odisha,Jharsuguda,Child Feeding Practices and Nutritional Status of Children,60,Children under age 3 years breastfed within one hour of birth9 (%),36.7,73.8,False,False
Odisha,Jharsuguda,Child Feeding Practices and Nutritional Status of Children,61,Children under age 6 months exclusively breastfed10 (%),*,*,True,False
Odisha,Jharsuguda,Child Feeding Practices and Nutritional Status of Children,62,Children under age 6 months currently breastfeeding10 (%),*,*,True,False
Odisha,Jharsuguda,Child Feeding Practices and Nutritional Status of Children,63,Children under age 6 months exclusively breastfed or breastfeeding and consuming plain water/other,*,*,True,False
Odisha,Jharsuguda,Child Feeding Practices and Nutritional Status of Children,64,Children age 6-8 months receiving solid or semi-solid food and breastmilk10 (%),*,*,True,False
Odisha,Jharsuguda,Child Feeding Practices and Nutritional Status of Children,65,"Breastfeeding children age 6-23 months receiving an adequate diet10, 11 (%)",17.0,22.0,True,False
Odisha,Jharsuguda,Child Feeding Practices and Nutritional Status of Children,66,"Non-breastfeeding children age 6-23 months receiving an adequate diet10, 11 (%)",*,*,True,False
Odisha,Jharsuguda,Child Feeding Practices and Nutritional Status of Children,67,"Total children age 6-23 months receiving an adequate diet10, 11 (%)",15.8,26.7,False,False
Odisha,Jharsuguda,Child Feeding Practices and Nutritional Status of Children,68,Children under 5 years who are stunted (height-for-age)12 (%),24.0,27.1,False,False
Odisha,Jharsuguda,Child Feeding Practices and Nutritional Status of Children,69,Children under 5 years who are wasted (weight-for-height)12 (%),19.7,16.9,False,False
Odisha,Jharsuguda,Child Feeding Practices and Nutritional Status of Children,70,Children under 5 years who are severely wasted (weight-for-height)13 (%),6.1,3.5,False,False
Odisha,Jharsuguda,Child Feeding Practices and Nutritional Status of Children,71,Children under 5 years who are underweight (weight-for-age)12 (%),35.0,26.9,False,False
Odisha,Jharsuguda,Child Feeding Practices and Nutritional Status of Children,72,Children under 5 years who are overweight (weight-for-height)14 (%),1.1,3.1,False,False
Odisha,Jharsuguda,Nutritional Status of Adults (age 15-49 years),73,Women whose Body Mass Index (BMI) is below normal (BMI <18.5 kg/m2)15 (%),20.1,21.2,False,False
Odisha,Jharsuguda,Nutritional Status of Adults (age 15-49 years),74,Women who are overweight or obese (BMI ≥25.0 kg/m2)15 (%),30.0,27.0,False,False
Odisha,Jharsuguda,Women,75,Blood sugar level - high (141-160 mg/dl)16 (%),9.0,6.9,False,False
Odisha,Jharsuguda,Women,76,Blood sugar level - very high (>160 mg/dl)16 (%),12.4,8.6,False,False
Odisha,Jharsuguda,Women,77,Blood sugar level - high or very high (>140 mg/dl) or taking medicine to control blood sugar level16 (%),22.8,16.6,False,False
Odisha,Jharsuguda,Men,78,Blood sugar level - high (141-160 mg/dl)16 (%),11.7,5.9,False,False
Odisha,Jharsuguda,Men,79,Blood sugar level - very high (>160 mg/dl)16 (%),14.9,12.1,False,False
Odisha,Jharsuguda,Men,80,Blood sugar level - high or very high (>140 mg/dl) or taking medicine to control blood sugar level16 (%),28.2,19.0,False,False
Odisha,Jharsuguda,Women,81,Mildly elevated blood pressure (Systolic 140-159 mm of Hg and/or Diastolic 90-99 mm of Hg) (%),12.0,11.4,False,False
Odisha,Jharsuguda,Women,82,Moderately or severely elevated blood pressure (Systolic ≥160 mm of Hg and/or Diastolic ≥100 mm,6.2,4.6,False,False
Odisha,Jharsuguda,Women,83,Elevated blood pressure (Systolic ≥140 mm of Hg and/or Diastolic ≥90 mm of Hg) or taking medicine to,23.4,20.4,False,False
Odisha,Jharsuguda,Men,84,Mildly elevated blood pressure (Systolic 140-159 mm of Hg and/or Diastolic 90-99 mm of Hg) (%),14.6,17.3,False,False
Odisha,Jharsuguda,Men,85,Moderately or severely elevated blood pressure (Systolic ≥160 mm of Hg and/or Diastolic ≥100 mm,7.9,5.0,False,False
Odisha,Jharsuguda,Men,86,Elevated blood pressure (Systolic ≥140 mm of Hg and/or Diastolic ≥90 mm of Hg) or taking medicine to,28.3,25.3,False,False
Odisha,Jharsuguda,Men,87,Women having a bank or savings account that they themselves use (%),93.2,80.8,False,False
Odisha,Jharsuguda,Men,88,Women having a mobile phone that they themselves use (%),69.4,49.8,False,False
Odisha,Jharsuguda,Men,89,Women age 15-24 years who use hygienic methods of protection during their menstrual period17 (%),97.9,89.1,False,False
Odisha,Jharsuguda,Tobacco Use and Alcohol Consumption among Adults (age 15 years and above),90,Women age 15 years and above who use any kind of tobacco (%),17.5,20.6,False,False
Odisha,Jharsuguda,Tobacco Use and Alcohol Consumption among Adults (age 15 years and above),91,Men age 15 years and above who use any kind of tobacco (%),40.9,45.9,False,False
Odisha,Jharsuguda,Tobacco Use and Alcohol Consumption among Adults (age 15 years and above),92,Women age 15 years and above who consume alcohol (%),4.3,2.3,False,False
Odisha,Jharsuguda,Tobacco Use and Alcohol Consumption among Adults (age 15 years and above),93,Men age 15 years and above who consume alcohol (%),31.7,30.4,False,False
Odisha,Kalahandi,Population and Household Profile,1,Population below age 5 years (%),8.0,7.6,False,False
Odisha,Kalahandi,Population and Household Profile,2,Population below age 15 years (%),22.8,25.8,False,False
Odisha,Kalahandi,Population and Household Profile,3,Population age 60 years and above (%),16.0,13.6,False,False
Odisha,Kalahandi,Population and Household Profile,4,Population living in households with electricity (%),99.5,97.2,False,False
Odisha,Kalahandi,Population and Household Profile,5,Population living in households with an improved drinking-water source1 (%),96.1,96.5,False,False
Odisha,Kalahandi,Population and Household Profile,6,Households using iodized salt (%),91.9,97.6,False,False
Odisha,Kalahandi,Population and Household Profile,7,Households with any usual member covered under a health insurance/financing scheme (%),85.0,48.6,False,False
Odisha,Kalahandi,Population and Household Profile,8,Households with any usual member having a bank account/post office account (%),98.7,98.6,False,False
Odisha,Kalahandi,Population and Household Profile,9,Female population age 6 years and above who ever attended school (%),63.9,62.5,False,False
Odisha,Kalahandi,Population and Household Profile,10,Households with any usual female members owning a house and/or land (alone or jointly with others) (%),11.5,12.0,False,False
Odisha,Kalahandi,Population and Household Profile,11,Children age 2-4 years who attended pre-school (%),51.8,47.6,False,False
Odisha,Kalahandi,Characteristics of Adults (age 15-49 years),12,Women with 10 or more years of schooling (%),42.3,26.5,False,False
Odisha,Kalahandi,Characteristics of Adults (age 15-49 years),13,Men with 10 or more years of schooling (%),37.7,32.4,False,False
Odisha,Kalahandi,Characteristics of Adults (age 15-49 years),14,Women who have ever used the internet (%),53.0,16.4,False,False
Odisha,Kalahandi,Characteristics of Adults (age 15-49 years),15,Men who have ever used the internet (%),68.6,43.9,False,False
Odisha,Kalahandi,Marriage and Fertility,16,Women age 20-24 years married before age 18 years (%),13.6,16.3,False,False
Odisha,Kalahandi,Marriage and Fertility,17,Men age 25-29 years married before age 21 years (%),*,*,True,False
Odisha,Kalahandi,Marriage and Fertility,18,Three or more births in the 5 years preceding the survey (%),0.3,0.5,False,False
Odisha,Kalahandi,Marriage and Fertility,19,Women age 15-19 years who were already mothers or pregnant at the time of the survey (%),5.6,1.9,False,False
Odisha,Kalahandi,Marriage and Fertility,20,Any method2 (%),76.4,75.9,False,False
Odisha,Kalahandi,Marriage and Fertility,21,Any modern method2 (%),44.0,48.6,False,False
Odisha,Kalahandi,Marriage and Fertility,22,Any traditional method (%),32.4,27.3,False,False
Odisha,Kalahandi,Marriage and Fertility,23,Female sterilization (%),30.5,29.4,False,False
Odisha,Kalahandi,Marriage and Fertility,24,Male sterilization (%),0.0,0.2,False,False
Odisha,Kalahandi,Marriage and Fertility,25,Total unmet need3 (%),6.1,4.0,False,False
Odisha,Kalahandi,Marriage and Fertility,26,Unmet need for spacing3 (%),3.7,1.6,False,False
Odisha,Kalahandi,Marriage and Fertility,27,Unmet need for limiting3 (%),2.4,2.4,False,False
Odisha,Kalahandi,Antenatal Care (for last birth in the 5 years before the survey),28,Mothers who had an antenatal check-up in the first trimester (%),77.8,80.1,False,False
Odisha,Kalahandi,Antenatal Care (for last birth in the 5 years before the survey),29,Mothers who had any antenatal care visits (%),98.1,99.7,False,False
Odisha,Kalahandi,Antenatal Care (for last birth in the 5 years before the survey),30,Mothers who had at least 4 antenatal care visits (%),74.8,82.9,False,False
Odisha,Kalahandi,Antenatal Care (for last birth in the 5 years before the survey),31,Mothers whose last birth was protected against neonatal tetanus4 (%),97.5,96.8,False,False
Odisha,Kalahandi,Antenatal Care (for last birth in the 5 years before the survey),32,Mothers who consumed iron folic acid for 100 days or more when they were pregnant (%),71.8,61.0,False,False
Odisha,Kalahandi,Antenatal Care (for last birth in the 5 years before the survey),33,Mothers who consumed iron folic acid for 180 days or more when they were pregnant (%),49.1,32.2,False,False
Odisha,Kalahandi,Antenatal Care (for last birth in the 5 years before the survey),34,Registered pregnancies for which the mother received a Mother and Child Protection (MCP) card (%),99.6,99.4,False,False
Odisha,Kalahandi,Delivery Care (for births in the 5 years before the survey),35,Institutional births (%),90.8,92.8,False,False
Odisha,Kalahandi,Delivery Care (for births in the 5 years before the survey),36,Institutional births in public facility (%),73.8,84.7,False,False
Odisha,Kalahandi,Delivery Care (for births in the 5 years before the survey),37,Births attended by skilled health personnel5 (%),88.3,92.2,False,False
Odisha,Kalahandi,Delivery Care (for births in the 5 years before the survey),38,Births delivered by caesarean section (%),21.4,13.2,False,False
Odisha,Kalahandi,Delivery Care (for births in the 5 years before the survey),39,Births in a private health facility that were delivered by caesarean section (%),44.5,29.5,True,False
Odisha,Kalahandi,Delivery Care (for births in the 5 years before the survey),40,Births in a public health facility that were delivered by caesarean section (%),18.8,12.8,False,False
Odisha,Kalahandi,Postnatal Care (for last birth in the 5 years before the survey),41,Mothers who received postnatal care from a doctor/nurse/LHV/ANM/midwife/other health personnel within 2,81.7,94.0,False,False
Odisha,Kalahandi,Postnatal Care (for last birth in the 5 years before the survey),42,Children born at home who were taken to a health facility for a check-up within 24 hours of birth (%),18.2,*,True,False
Odisha,Kalahandi,Postnatal Care (for last birth in the 5 years before the survey),43,Children who received postnatal care from a doctor/nurse/LHV/ANM/midwife/other health personnel within 2,84.8,90.1,False,False
Odisha,Kalahandi,Child Vaccinations and Vitamin A Supplementation,44,Children age 12-23 months fully vaccinated based on information from either vaccination card or mother's,94.5,91.3,True,False
Odisha,Kalahandi,Child Vaccinations and Vitamin A Supplementation,45,Children age 12-23 months fully vaccinated based on information from vaccination card only7 (%),96.3,91.3,True,False
Odisha,Kalahandi,Child Vaccinations and Vitamin A Supplementation,46,Children age 12-23 months who have received any vaccine (%),94.5,100.0,True,False
Odisha,Kalahandi,Child Vaccinations and Vitamin A Supplementation,47,Children age 12-23 months who have received BCG (%),94.5,100.0,True,False
Odisha,Kalahandi,Child Vaccinations and Vitamin A Supplementation,48,Children age 12-23 months who have received 3 doses of polio vaccine8 (%),94.5,93.0,True,False
Odisha,Kalahandi,Child Vaccinations and Vitamin A Supplementation,49,Children age 12-23 months who have received 3 doses of pentavalent vaccine (%),94.5,91.3,True,False
Odisha,Kalahandi,Child Vaccinations and Vitamin A Supplementation,50,Children age 12-23 months who have received the first dose of measles-containing vaccine (MCV) (%),94.5,98.1,True,False
Odisha,Kalahandi,Child Vaccinations and Vitamin A Supplementation,51,Children age 24-35 months who have received a second dose of measles-containing vaccine (MCV) (%),91.0,89.3,False,False
Odisha,Kalahandi,Child Vaccinations and Vitamin A Supplementation,52,Children age 12-23 months who have received birth dose of hepatitis B vaccine (%),89.5,85.6,True,False
Odisha,Kalahandi,Child Vaccinations and Vitamin A Supplementation,53,Children age 12-23 months who have received 3 doses of rotavirus vaccine (%),94.5,90.9,True,False
Odisha,Kalahandi,Child Vaccinations and Vitamin A Supplementation,54,Children age 9-35 months who received a vitamin A dose in the last 6 months (%),82.4,91.6,False,False
Odisha,Kalahandi,Child Vaccinations and Vitamin A Supplementation,55,Children age 12-23 months who received most of their vaccinations in a public health facility (%),100.0,100.0,True,False
Odisha,Kalahandi,Child Vaccinations and Vitamin A Supplementation,56,Children age 12-23 months who received most of their vaccinations in a private health facility (%),0.0,0.0,True,False
Odisha,Kalahandi,Treatment of Childhood Diseases (children under age 5 years),57,Prevalence of diarrhoea in the 2 weeks preceding the survey (%),5.0,4.2,False,False
Odisha,Kalahandi,Treatment of Childhood Diseases (children under age 5 years),58,Prevalence of symptoms of acute respiratory infection (ARI) in the 2 weeks preceding the survey (%),0.9,2.7,False,False
Odisha,Kalahandi,Treatment of Childhood Diseases (children under age 5 years),59,Children with fever or symptoms of ARI in the 2 weeks preceding the survey taken to a health facility or,69.3,*,True,False
Odisha,Kalahandi,Child Feeding Practices and Nutritional Status of Children,60,Children under age 3 years breastfed within one hour of birth9 (%),72.9,68.9,False,False
Odisha,Kalahandi,Child Feeding Practices and Nutritional Status of Children,61,Children under age 6 months exclusively breastfed10 (%),81.8,84.6,True,False
Odisha,Kalahandi,Child Feeding Practices and Nutritional Status of Children,62,Children under age 6 months currently breastfeeding10 (%),92.7,100.0,True,False
Odisha,Kalahandi,Child Feeding Practices and Nutritional Status of Children,63,Children under age 6 months exclusively breastfed or breastfeeding and consuming plain water/other,85.2,88.5,True,False
Odisha,Kalahandi,Child Feeding Practices and Nutritional Status of Children,64,Children age 6-8 months receiving solid or semi-solid food and breastmilk10 (%),*,*,True,False
Odisha,Kalahandi,Child Feeding Practices and Nutritional Status of Children,65,"Breastfeeding children age 6-23 months receiving an adequate diet10, 11 (%)",17.1,17.9,False,False
Odisha,Kalahandi,Child Feeding Practices and Nutritional Status of Children,66,"Non-breastfeeding children age 6-23 months receiving an adequate diet10, 11 (%)",*,*,True,False
Odisha,Kalahandi,Child Feeding Practices and Nutritional Status of Children,67,"Total children age 6-23 months receiving an adequate diet10, 11 (%)",17.3,16.4,False,False
Odisha,Kalahandi,Child Feeding Practices and Nutritional Status of Children,68,Children under 5 years who are stunted (height-for-age)12 (%),26.9,33.0,False,False
Odisha,Kalahandi,Child Feeding Practices and Nutritional Status of Children,69,Children under 5 years who are wasted (weight-for-height)12 (%),25.2,17.2,False,False
Odisha,Kalahandi,Child Feeding Practices and Nutritional Status of Children,70,Children under 5 years who are severely wasted (weight-for-height)13 (%),6.2,6.0,False,False
Odisha,Kalahandi,Child Feeding Practices and Nutritional Status of Children,71,Children under 5 years who are underweight (weight-for-age)12 (%),35.9,33.6,False,False
Odisha,Kalahandi,Child Feeding Practices and Nutritional Status of Children,72,Children under 5 years who are overweight (weight-for-height)14 (%),2.5,2.1,False,False
Odisha,Kalahandi,Nutritional Status of Adults (age 15-49 years),73,Women whose Body Mass Index (BMI) is below normal (BMI <18.5 kg/m2)15 (%),26.5,23.8,False,False
Odisha,Kalahandi,Nutritional Status of Adults (age 15-49 years),74,Women who are overweight or obese (BMI ≥25.0 kg/m2)15 (%),23.9,15.0,False,False
Odisha,Kalahandi,Women,75,Blood sugar level - high (141-160 mg/dl)16 (%),9.4,5.2,False,False
Odisha,Kalahandi,Women,76,Blood sugar level - very high (>160 mg/dl)16 (%),8.7,6.0,False,False
Odisha,Kalahandi,Women,77,Blood sugar level - high or very high (>140 mg/dl) or taking medicine to control blood sugar level16 (%),18.6,11.7,False,False
Odisha,Kalahandi,Men,78,Blood sugar level - high (141-160 mg/dl)16 (%),9.1,7.2,False,False
Odisha,Kalahandi,Men,79,Blood sugar level - very high (>160 mg/dl)16 (%),14.3,6.9,False,False
Odisha,Kalahandi,Men,80,Blood sugar level - high or very high (>140 mg/dl) or taking medicine to control blood sugar level16 (%),25.1,14.4,False,False
Odisha,Kalahandi,Women,81,Mildly elevated blood pressure (Systolic 140-159 mm of Hg and/or Diastolic 90-99 mm of Hg) (%),11.5,16.5,False,False
Odisha,Kalahandi,Women,82,Moderately or severely elevated blood pressure (Systolic ≥160 mm of Hg and/or Diastolic ≥100 mm,6.4,7.8,False,False
Odisha,Kalahandi,Women,83,Elevated blood pressure (Systolic ≥140 mm of Hg and/or Diastolic ≥90 mm of Hg) or taking medicine to,22.7,26.4,False,False
Odisha,Kalahandi,Men,84,Mildly elevated blood pressure (Systolic 140-159 mm of Hg and/or Diastolic 90-99 mm of Hg) (%),15.4,18.7,False,False
Odisha,Kalahandi,Men,85,Moderately or severely elevated blood pressure (Systolic ≥160 mm of Hg and/or Diastolic ≥100 mm,5.0,6.1,False,False
Odisha,Kalahandi,Men,86,Elevated blood pressure (Systolic ≥140 mm of Hg and/or Diastolic ≥90 mm of Hg) or taking medicine to,24.4,26.2,False,False
Odisha,Kalahandi,Men,87,Women having a bank or savings account that they themselves use (%),91.7,79.6,False,False
Odisha,Kalahandi,Men,88,Women having a mobile phone that they themselves use (%),52.3,39.6,False,False
Odisha,Kalahandi,Men,89,Women age 15-24 years who use hygienic methods of protection during their menstrual period17 (%),82.4,70.5,False,False
Odisha,Kalahandi,Tobacco Use and Alcohol Consumption among Adults (age 15 years and above),90,Women age 15 years and above who use any kind of tobacco (%),19.9,23.2,False,False
Odisha,Kalahandi,Tobacco Use and Alcohol Consumption among Adults (age 15 years and above),91,Men age 15 years and above who use any kind of tobacco (%),48.8,50.5,False,False
Odisha,Kalahandi,Tobacco Use and Alcohol Consumption among Adults (age 15 years and above),92,Women age 15 years and above who consume alcohol (%),1.3,0.8,False,False
Odisha,Kalahandi,Tobacco Use and Alcohol Consumption among Adults (age 15 years and above),93,Men age 15 years and above who consume alcohol (%),30.5,30.1,False,False
Odisha,Kandhamal,Population and Household Profile,1,Population below age 5 years (%),9.4,10.0,False,False
Odisha,Kandhamal,Population and Household Profile,2,Population below age 15 years (%),28.0,29.0,False,False
Odisha,Kandhamal,Population and Household Profile,3,Population age 60 years and above (%),13.9,11.7,False,False
Odisha,Kandhamal,Population and Household Profile,4,Population living in households with electricity (%),95.5,96.6,False,False
Odisha,Kandhamal,Population and Household Profile,5,Population living in households with an improved drinking-water source1 (%),71.6,64.4,False,False
Odisha,Kandhamal,Population and Household Profile,6,Households using iodized salt (%),92.7,97.7,False,False
Odisha,Kandhamal,Population and Household Profile,7,Households with any usual member covered under a health insurance/financing scheme (%),88.4,54.5,False,False
Odisha,Kandhamal,Population and Household Profile,8,Households with any usual member having a bank account/post office account (%),98.9,97.4,False,False
Odisha,Kandhamal,Population and Household Profile,9,Female population age 6 years and above who ever attended school (%),61.1,64.2,False,False
Odisha,Kandhamal,Population and Household Profile,10,Households with any usual female members owning a house and/or land (alone or jointly with others) (%),13.5,10.9,False,False
Odisha,Kandhamal,Population and Household Profile,11,Children age 2-4 years who attended pre-school (%),54.2,45.2,False,False
Odisha,Kandhamal,Characteristics of Adults (age 15-49 years),12,Women with 10 or more years of schooling (%),35.5,28.1,False,False
Odisha,Kandhamal,Characteristics of Adults (age 15-49 years),13,Men with 10 or more years of schooling (%),52.4,37.2,False,False
Odisha,Kandhamal,Characteristics of Adults (age 15-49 years),14,Women who have ever used the internet (%),43.4,19.8,False,False
Odisha,Kandhamal,Characteristics of Adults (age 15-49 years),15,Men who have ever used the internet (%),65.9,47.3,False,False
Odisha,Kandhamal,Marriage and Fertility,16,Women age 20-24 years married before age 18 years (%),19.8,20.0,False,False
Odisha,Kandhamal,Marriage and Fertility,17,Men age 25-29 years married before age 21 years (%),*,*,True,False
Odisha,Kandhamal,Marriage and Fertility,18,Three or more births in the 5 years preceding the survey (%),3.2,1.1,False,False
Odisha,Kandhamal,Marriage and Fertility,19,Women age 15-19 years who were already mothers or pregnant at the time of the survey (%),5.9,4.2,False,False
Odisha,Kandhamal,Marriage and Fertility,20,Any method2 (%),59.7,76.7,False,False
Odisha,Kandhamal,Marriage and Fertility,21,Any modern method2 (%),36.4,49.6,False,False
Odisha,Kandhamal,Marriage and Fertility,22,Any traditional method (%),23.3,27.1,False,False
Odisha,Kandhamal,Marriage and Fertility,23,Female sterilization (%),19.6,19.2,False,False
Odisha,Kandhamal,Marriage and Fertility,24,Male sterilization (%),0.5,0.3,False,False
Odisha,Kandhamal,Marriage and Fertility,25,Total unmet need3 (%),13.7,4.5,False,False
Odisha,Kandhamal,Marriage and Fertility,26,Unmet need for spacing3 (%),7.5,2.5,False,False
Odisha,Kandhamal,Marriage and Fertility,27,Unmet need for limiting3 (%),6.2,2.0,False,False
Odisha,Kandhamal,Antenatal Care (for last birth in the 5 years before the survey),28,Mothers who had an antenatal check-up in the first trimester (%),61.4,74.7,False,False
Odisha,Kandhamal,Antenatal Care (for last birth in the 5 years before the survey),29,Mothers who had any antenatal care visits (%),93.7,99.3,False,False
Odisha,Kandhamal,Antenatal Care (for last birth in the 5 years before the survey),30,Mothers who had at least 4 antenatal care visits (%),64.5,81.1,False,False
Odisha,Kandhamal,Antenatal Care (for last birth in the 5 years before the survey),31,Mothers whose last birth was protected against neonatal tetanus4 (%),97.2,97.6,False,False
Odisha,Kandhamal,Antenatal Care (for last birth in the 5 years before the survey),32,Mothers who consumed iron folic acid for 100 days or more when they were pregnant (%),75.9,72.5,False,False
Odisha,Kandhamal,Antenatal Care (for last birth in the 5 years before the survey),33,Mothers who consumed iron folic acid for 180 days or more when they were pregnant (%),47.8,42.7,False,False
Odisha,Kandhamal,Antenatal Care (for last birth in the 5 years before the survey),34,Registered pregnancies for which the mother received a Mother and Child Protection (MCP) card (%),99.1,100.0,False,False
Odisha,Kandhamal,Delivery Care (for births in the 5 years before the survey),35,Institutional births (%),84.3,93.9,False,False
Odisha,Kandhamal,Delivery Care (for births in the 5 years before the survey),36,Institutional births in public facility (%),80.9,92.4,False,False
Odisha,Kandhamal,Delivery Care (for births in the 5 years before the survey),37,Births attended by skilled health personnel5 (%),85.2,94.9,False,False
Odisha,Kandhamal,Delivery Care (for births in the 5 years before the survey),38,Births delivered by caesarean section (%),8.9,10.0,False,False
Odisha,Kandhamal,Delivery Care (for births in the 5 years before the survey),39,Births in a private health facility that were delivered by caesarean section (%),*,*,True,False
Odisha,Kandhamal,Delivery Care (for births in the 5 years before the survey),40,Births in a public health facility that were delivered by caesarean section (%),8.6,9.7,False,False
Odisha,Kandhamal,Postnatal Care (for last birth in the 5 years before the survey),41,Mothers who received postnatal care from a doctor/nurse/LHV/ANM/midwife/other health personnel within 2,82.9,90.6,False,False
Odisha,Kandhamal,Postnatal Care (for last birth in the 5 years before the survey),42,Children born at home who were taken to a health facility for a check-up within 24 hours of birth (%),19.0,*,True,False
Odisha,Kandhamal,Postnatal Care (for last birth in the 5 years before the survey),43,Children who received postnatal care from a doctor/nurse/LHV/ANM/midwife/other health personnel within 2,83.2,90.5,False,False
Odisha,Kandhamal,Child Vaccinations and Vitamin A Supplementation,44,Children age 12-23 months fully vaccinated based on information from either vaccination card or mother's,92.0,96.8,False,False
Odisha,Kandhamal,Child Vaccinations and Vitamin A Supplementation,45,Children age 12-23 months fully vaccinated based on information from vaccination card only7 (%),84.0,94.0,False,False
Odisha,Kandhamal,Child Vaccinations and Vitamin A Supplementation,46,Children age 12-23 months who have received any vaccine (%),95.6,100.0,False,False
Odisha,Kandhamal,Child Vaccinations and Vitamin A Supplementation,47,Children age 12-23 months who have received BCG (%),93.6,100.0,False,False
Odisha,Kandhamal,Child Vaccinations and Vitamin A Supplementation,48,Children age 12-23 months who have received 3 doses of polio vaccine8 (%),93.6,96.8,False,False
Odisha,Kandhamal,Child Vaccinations and Vitamin A Supplementation,49,Children age 12-23 months who have received 3 doses of pentavalent vaccine (%),95.6,98.4,False,False
Odisha,Kandhamal,Child Vaccinations and Vitamin A Supplementation,50,Children age 12-23 months who have received the first dose of measles-containing vaccine (MCV) (%),94.1,100.0,False,False
Odisha,Kandhamal,Child Vaccinations and Vitamin A Supplementation,51,Children age 24-35 months who have received a second dose of measles-containing vaccine (MCV) (%),79.7,77.5,False,False
Odisha,Kandhamal,Child Vaccinations and Vitamin A Supplementation,52,Children age 12-23 months who have received birth dose of hepatitis B vaccine (%),88.7,93.3,False,False
Odisha,Kandhamal,Child Vaccinations and Vitamin A Supplementation,53,Children age 12-23 months who have received 3 doses of rotavirus vaccine (%),92.2,98.4,False,False
Odisha,Kandhamal,Child Vaccinations and Vitamin A Supplementation,54,Children age 9-35 months who received a vitamin A dose in the last 6 months (%),84.4,87.2,False,False
Odisha,Kandhamal,Child Vaccinations and Vitamin A Supplementation,55,Children age 12-23 months who received most of their vaccinations in a public health facility (%),100.0,100.0,False,False
Odisha,Kandhamal,Child Vaccinations and Vitamin A Supplementation,56,Children age 12-23 months who received most of their vaccinations in a private health facility (%),0.0,0.0,False,False
Odisha,Kandhamal,Treatment of Childhood Diseases (children under age 5 years),57,Prevalence of diarrhoea in the 2 weeks preceding the survey (%),6.9,5.3,False,False
Odisha,Kandhamal,Treatment of Childhood Diseases (children under age 5 years),58,Prevalence of symptoms of acute respiratory infection (ARI) in the 2 weeks preceding the survey (%),1.1,1.4,False,False
Odisha,Kandhamal,Treatment of Childhood Diseases (children under age 5 years),59,Children with fever or symptoms of ARI in the 2 weeks preceding the survey taken to a health facility or,84.0,*,True,False
Odisha,Kandhamal,Child Feeding Practices and Nutritional Status of Children,60,Children under age 3 years breastfed within one hour of birth9 (%),60.1,76.5,False,False
Odisha,Kandhamal,Child Feeding Practices and Nutritional Status of Children,61,Children under age 6 months exclusively breastfed10 (%),70.6,68.3,True,False
Odisha,Kandhamal,Child Feeding Practices and Nutritional Status of Children,62,Children under age 6 months currently breastfeeding10 (%),91.8,100.0,True,False
Odisha,Kandhamal,Child Feeding Practices and Nutritional Status of Children,63,Children under age 6 months exclusively breastfed or breastfeeding and consuming plain water/other,72.5,72.5,True,False
Odisha,Kandhamal,Child Feeding Practices and Nutritional Status of Children,64,Children age 6-8 months receiving solid or semi-solid food and breastmilk10 (%),*,*,True,False
Odisha,Kandhamal,Child Feeding Practices and Nutritional Status of Children,65,"Breastfeeding children age 6-23 months receiving an adequate diet10, 11 (%)",19.8,21.8,False,False
Odisha,Kandhamal,Child Feeding Practices and Nutritional Status of Children,66,"Non-breastfeeding children age 6-23 months receiving an adequate diet10, 11 (%)",*,*,True,False
Odisha,Kandhamal,Child Feeding Practices and Nutritional Status of Children,67,"Total children age 6-23 months receiving an adequate diet10, 11 (%)",20.2,22.1,False,False
Odisha,Kandhamal,Child Feeding Practices and Nutritional Status of Children,68,Children under 5 years who are stunted (height-for-age)12 (%),34.8,34.2,False,False
Odisha,Kandhamal,Child Feeding Practices and Nutritional Status of Children,69,Children under 5 years who are wasted (weight-for-height)12 (%),15.8,23.3,False,False
Odisha,Kandhamal,Child Feeding Practices and Nutritional Status of Children,70,Children under 5 years who are severely wasted (weight-for-height)13 (%),3.1,12.4,False,False
Odisha,Kandhamal,Child Feeding Practices and Nutritional Status of Children,71,Children under 5 years who are underweight (weight-for-age)12 (%),33.8,35.2,False,False
Odisha,Kandhamal,Child Feeding Practices and Nutritional Status of Children,72,Children under 5 years who are overweight (weight-for-height)14 (%),0.9,2.4,False,False
Odisha,Kandhamal,Nutritional Status of Adults (age 15-49 years),73,Women whose Body Mass Index (BMI) is below normal (BMI <18.5 kg/m2)15 (%),21.1,21.0,False,False
Odisha,Kandhamal,Nutritional Status of Adults (age 15-49 years),74,Women who are overweight or obese (BMI ≥25.0 kg/m2)15 (%),16.5,15.7,False,False
Odisha,Kandhamal,Women,75,Blood sugar level - high (141-160 mg/dl)16 (%),7.2,4.7,False,False
Odisha,Kandhamal,Women,76,Blood sugar level - very high (>160 mg/dl)16 (%),6.7,5.2,False,False
Odisha,Kandhamal,Women,77,Blood sugar level - high or very high (>140 mg/dl) or taking medicine to control blood sugar level16 (%),14.5,10.5,False,False
Odisha,Kandhamal,Men,78,Blood sugar level - high (141-160 mg/dl)16 (%),10.1,7.1,False,False
Odisha,Kandhamal,Men,79,Blood sugar level - very high (>160 mg/dl)16 (%),10.7,4.9,False,False
Odisha,Kandhamal,Men,80,Blood sugar level - high or very high (>140 mg/dl) or taking medicine to control blood sugar level16 (%),21.2,12.3,False,False
Odisha,Kandhamal,Women,81,Mildly elevated blood pressure (Systolic 140-159 mm of Hg and/or Diastolic 90-99 mm of Hg) (%),8.4,16.7,False,False
Odisha,Kandhamal,Women,82,Moderately or severely elevated blood pressure (Systolic ≥160 mm of Hg and/or Diastolic ≥100 mm,5.9,5.7,False,False
Odisha,Kandhamal,Women,83,Elevated blood pressure (Systolic ≥140 mm of Hg and/or Diastolic ≥90 mm of Hg) or taking medicine to,17.7,24.4,False,False
Odisha,Kandhamal,Men,84,Mildly elevated blood pressure (Systolic 140-159 mm of Hg and/or Diastolic 90-99 mm of Hg) (%),10.4,17.7,False,False
Odisha,Kandhamal,Men,85,Moderately or severely elevated blood pressure (Systolic ≥160 mm of Hg and/or Diastolic ≥100 mm,8.2,6.2,False,False
Odisha,Kandhamal,Men,86,Elevated blood pressure (Systolic ≥140 mm of Hg and/or Diastolic ≥90 mm of Hg) or taking medicine to,22.5,24.8,False,False
Odisha,Kandhamal,Men,87,Women having a bank or savings account that they themselves use (%),91.0,85.7,False,False
Odisha,Kandhamal,Men,88,Women having a mobile phone that they themselves use (%),54.9,41.9,False,False
Odisha,Kandhamal,Men,89,Women age 15-24 years who use hygienic methods of protection during their menstrual period17 (%),70.2,75.3,False,False
Odisha,Kandhamal,Tobacco Use and Alcohol Consumption among Adults (age 15 years and above),90,Women age 15 years and above who use any kind of tobacco (%),25.7,25.5,False,False
Odisha,Kandhamal,Tobacco Use and Alcohol Consumption among Adults (age 15 years and above),91,Men age 15 years and above who use any kind of tobacco (%),55.5,52.0,False,False
Odisha,Kandhamal,Tobacco Use and Alcohol Consumption among Adults (age 15 years and above),92,Women age 15 years and above who consume alcohol (%),2.5,1.5,False,False
Odisha,Kandhamal,Tobacco Use and Alcohol Consumption among Adults (age 15 years and above),93,Men age 15 years and above who consume alcohol (%),37.0,31.3,False,False
Odisha,Kendrapara,Population and Household Profile,1,Population below age 5 years (%),6.4,7.0,False,False
Odisha,Kendrapara,Population and Household Profile,2,Population below age 15 years (%),21.3,25.1,False,False
Odisha,Kendrapara,Population and Household Profile,3,Population age 60 years and above (%),17.5,16.5,False,False
Odisha,Kendrapara,Population and Household Profile,4,Population living in households with electricity (%),98.2,99.5,False,False
Odisha,Kendrapara,Population and Household Profile,5,Population living in households with an improved drinking-water source1 (%),97.5,99.7,False,False
Odisha,Kendrapara,Population and Household Profile,6,Households using iodized salt (%),95.3,98.9,False,False
Odisha,Kendrapara,Population and Household Profile,7,Households with any usual member covered under a health insurance/financing scheme (%),82.6,50.0,False,False
Odisha,Kendrapara,Population and Household Profile,8,Households with any usual member having a bank account/post office account (%),97.9,96.5,False,False
Odisha,Kendrapara,Population and Household Profile,9,Female population age 6 years and above who ever attended school (%),84.4,84.3,False,False
Odisha,Kendrapara,Population and Household Profile,10,Households with any usual female members owning a house and/or land (alone or jointly with others) (%),11.6,10.0,False,False
Odisha,Kendrapara,Population and Household Profile,11,Children age 2-4 years who attended pre-school (%),52.1,46.4,False,False
Odisha,Kendrapara,Characteristics of Adults (age 15-49 years),12,Women with 10 or more years of schooling (%),48.4,42.5,False,False
Odisha,Kendrapara,Characteristics of Adults (age 15-49 years),13,Men with 10 or more years of schooling (%),58.6,43.0,False,False
Odisha,Kendrapara,Characteristics of Adults (age 15-49 years),14,Women who have ever used the internet (%),46.5,33.8,False,False
Odisha,Kendrapara,Characteristics of Adults (age 15-49 years),15,Men who have ever used the internet (%),83.6,47.5,False,False
Odisha,Kendrapara,Marriage and Fertility,16,Women age 20-24 years married before age 18 years (%),11.6,9.4,False,False
Odisha,Kendrapara,Marriage and Fertility,17,Men age 25-29 years married before age 21 years (%),*,*,True,False
Odisha,Kendrapara,Marriage and Fertility,18,Three or more births in the 5 years preceding the survey (%),0.0,0.8,False,False
Odisha,Kendrapara,Marriage and Fertility,19,Women age 15-19 years who were already mothers or pregnant at the time of the survey (%),1.7,1.8,False,False
Odisha,Kendrapara,Marriage and Fertility,20,Any method2 (%),55.8,64.7,False,False
Odisha,Kendrapara,Marriage and Fertility,21,Any modern method2 (%),31.5,34.3,False,False
Odisha,Kendrapara,Marriage and Fertility,22,Any traditional method (%),24.3,30.4,False,False
Odisha,Kendrapara,Marriage and Fertility,23,Female sterilization (%),19.2,20.6,False,False
Odisha,Kendrapara,Marriage and Fertility,24,Male sterilization (%),0.4,0.2,False,False
Odisha,Kendrapara,Marriage and Fertility,25,Total unmet need3 (%),12.7,12.3,False,False
Odisha,Kendrapara,Marriage and Fertility,26,Unmet need for spacing3 (%),4.9,4.2,False,False
Odisha,Kendrapara,Marriage and Fertility,27,Unmet need for limiting3 (%),7.8,8.1,False,False
Odisha,Kendrapara,Antenatal Care (for last birth in the 5 years before the survey),28,Mothers who had an antenatal check-up in the first trimester (%),73.6,76.2,False,False
Odisha,Kendrapara,Antenatal Care (for last birth in the 5 years before the survey),29,Mothers who had any antenatal care visits (%),95.7,98.8,False,False
Odisha,Kendrapara,Antenatal Care (for last birth in the 5 years before the survey),30,Mothers who had at least 4 antenatal care visits (%),77.0,77.1,False,False
Odisha,Kendrapara,Antenatal Care (for last birth in the 5 years before the survey),31,Mothers whose last birth was protected against neonatal tetanus4 (%),96.4,90.8,False,False
Odisha,Kendrapara,Antenatal Care (for last birth in the 5 years before the survey),32,Mothers who consumed iron folic acid for 100 days or more when they were pregnant (%),70.0,54.2,False,False
Odisha,Kendrapara,Antenatal Care (for last birth in the 5 years before the survey),33,Mothers who consumed iron folic acid for 180 days or more when they were pregnant (%),51.1,24.5,False,False
Odisha,Kendrapara,Antenatal Care (for last birth in the 5 years before the survey),34,Registered pregnancies for which the mother received a Mother and Child Protection (MCP) card (%),97.8,99.1,False,False
Odisha,Kendrapara,Delivery Care (for births in the 5 years before the survey),35,Institutional births (%),99.2,96.7,False,False
Odisha,Kendrapara,Delivery Care (for births in the 5 years before the survey),36,Institutional births in public facility (%),54.4,77.3,False,False
Odisha,Kendrapara,Delivery Care (for births in the 5 years before the survey),37,Births attended by skilled health personnel5 (%),99.2,94.6,False,False
Odisha,Kendrapara,Delivery Care (for births in the 5 years before the survey),38,Births delivered by caesarean section (%),37.0,25.3,False,False
Odisha,Kendrapara,Delivery Care (for births in the 5 years before the survey),39,Births in a private health facility that were delivered by caesarean section (%),65.0,64.1,True,False
Odisha,Kendrapara,Delivery Care (for births in the 5 years before the survey),40,Births in a public health facility that were delivered by caesarean section (%),14.5,16.7,False,False
Odisha,Kendrapara,Postnatal Care (for last birth in the 5 years before the survey),41,Mothers who received postnatal care from a doctor/nurse/LHV/ANM/midwife/other health personnel within 2,91.7,85.5,False,False
Odisha,Kendrapara,Postnatal Care (for last birth in the 5 years before the survey),42,Children born at home who were taken to a health facility for a check-up within 24 hours of birth (%),*,*,True,False
Odisha,Kendrapara,Postnatal Care (for last birth in the 5 years before the survey),43,Children who received postnatal care from a doctor/nurse/LHV/ANM/midwife/other health personnel within 2,95.4,91.7,False,False
Odisha,Kendrapara,Child Vaccinations and Vitamin A Supplementation,44,Children age 12-23 months fully vaccinated based on information from either vaccination card or mother's,94.3,82.8,True,False
Odisha,Kendrapara,Child Vaccinations and Vitamin A Supplementation,45,Children age 12-23 months fully vaccinated based on information from vaccination card only7 (%),94.7,93.5,True,False
Odisha,Kendrapara,Child Vaccinations and Vitamin A Supplementation,46,Children age 12-23 months who have received any vaccine (%),100.0,93.8,True,False
Odisha,Kendrapara,Child Vaccinations and Vitamin A Supplementation,47,Children age 12-23 months who have received BCG (%),100.0,93.8,True,False
Odisha,Kendrapara,Child Vaccinations and Vitamin A Supplementation,48,Children age 12-23 months who have received 3 doses of polio vaccine8 (%),97.1,87.7,True,False
Odisha,Kendrapara,Child Vaccinations and Vitamin A Supplementation,49,Children age 12-23 months who have received 3 doses of pentavalent vaccine (%),97.2,91.4,True,False
Odisha,Kendrapara,Child Vaccinations and Vitamin A Supplementation,50,Children age 12-23 months who have received the first dose of measles-containing vaccine (MCV) (%),97.2,88.9,True,False
Odisha,Kendrapara,Child Vaccinations and Vitamin A Supplementation,51,Children age 24-35 months who have received a second dose of measles-containing vaccine (MCV) (%),83.7,71.7,True,False
Odisha,Kendrapara,Child Vaccinations and Vitamin A Supplementation,52,Children age 12-23 months who have received birth dose of hepatitis B vaccine (%),88.2,81.3,True,False
Odisha,Kendrapara,Child Vaccinations and Vitamin A Supplementation,53,Children age 12-23 months who have received 3 doses of rotavirus vaccine (%),94.8,68.2,True,False
Odisha,Kendrapara,Child Vaccinations and Vitamin A Supplementation,54,Children age 9-35 months who received a vitamin A dose in the last 6 months (%),92.2,78.5,False,False
Odisha,Kendrapara,Child Vaccinations and Vitamin A Supplementation,55,Children age 12-23 months who received most of their vaccinations in a public health facility (%),96.3,94.4,True,False
Odisha,Kendrapara,Child Vaccinations and Vitamin A Supplementation,56,Children age 12-23 months who received most of their vaccinations in a private health facility (%),0.0,2.8,True,False
Odisha,Kendrapara,Treatment of Childhood Diseases (children under age 5 years),57,Prevalence of diarrhoea in the 2 weeks preceding the survey (%),25.1,10.4,False,False
Odisha,Kendrapara,Treatment of Childhood Diseases (children under age 5 years),58,Prevalence of symptoms of acute respiratory infection (ARI) in the 2 weeks preceding the survey (%),0.4,6.5,False,False
Odisha,Kendrapara,Treatment of Childhood Diseases (children under age 5 years),59,Children with fever or symptoms of ARI in the 2 weeks preceding the survey taken to a health facility or,65.2,72.7,True,False
Odisha,Kendrapara,Child Feeding Practices and Nutritional Status of Children,60,Children under age 3 years breastfed within one hour of birth9 (%),66.6,68.9,False,False
Odisha,Kendrapara,Child Feeding Practices and Nutritional Status of Children,61,Children under age 6 months exclusively breastfed10 (%),*,*,True,False
Odisha,Kendrapara,Child Feeding Practices and Nutritional Status of Children,62,Children under age 6 months currently breastfeeding10 (%),*,*,True,False
Odisha,Kendrapara,Child Feeding Practices and Nutritional Status of Children,63,Children under age 6 months exclusively breastfed or breastfeeding and consuming plain water/other,*,*,True,False
Odisha,Kendrapara,Child Feeding Practices and Nutritional Status of Children,64,Children age 6-8 months receiving solid or semi-solid food and breastmilk10 (%),*,*,True,False
Odisha,Kendrapara,Child Feeding Practices and Nutritional Status of Children,65,"Breastfeeding children age 6-23 months receiving an adequate diet10, 11 (%)",4.5,23.9,False,False
Odisha,Kendrapara,Child Feeding Practices and Nutritional Status of Children,66,"Non-breastfeeding children age 6-23 months receiving an adequate diet10, 11 (%)",*,*,True,False
Odisha,Kendrapara,Child Feeding Practices and Nutritional Status of Children,67,"Total children age 6-23 months receiving an adequate diet10, 11 (%)",4.3,23.3,False,False
Odisha,Kendrapara,Child Feeding Practices and Nutritional Status of Children,68,Children under 5 years who are stunted (height-for-age)12 (%),22.8,28.6,False,False
Odisha,Kendrapara,Child Feeding Practices and Nutritional Status of Children,69,Children under 5 years who are wasted (weight-for-height)12 (%),16.0,7.9,False,False
Odisha,Kendrapara,Child Feeding Practices and Nutritional Status of Children,70,Children under 5 years who are severely wasted (weight-for-height)13 (%),2.8,1.4,False,False
Odisha,Kendrapara,Child Feeding Practices and Nutritional Status of Children,71,Children under 5 years who are underweight (weight-for-age)12 (%),20.0,17.9,False,False
Odisha,Kendrapara,Child Feeding Practices and Nutritional Status of Children,72,Children under 5 years who are overweight (weight-for-height)14 (%),6.4,6.6,False,False
Odisha,Kendrapara,Nutritional Status of Adults (age 15-49 years),73,Women whose Body Mass Index (BMI) is below normal (BMI <18.5 kg/m2)15 (%),13.2,20.5,False,False
Odisha,Kendrapara,Nutritional Status of Adults (age 15-49 years),74,Women who are overweight or obese (BMI ≥25.0 kg/m2)15 (%),35.2,24.1,False,False
Odisha,Kendrapara,Women,75,Blood sugar level - high (141-160 mg/dl)16 (%),8.7,6.5,False,False
Odisha,Kendrapara,Women,76,Blood sugar level - very high (>160 mg/dl)16 (%),12.8,7.4,False,False
Odisha,Kendrapara,Women,77,Blood sugar level - high or very high (>140 mg/dl) or taking medicine to control blood sugar level16 (%),23.0,15.7,False,False
Odisha,Kendrapara,Men,78,Blood sugar level - high (141-160 mg/dl)16 (%),10.8,7.7,False,False
Odisha,Kendrapara,Men,79,Blood sugar level - very high (>160 mg/dl)16 (%),15.9,11.3,False,False
Odisha,Kendrapara,Men,80,Blood sugar level - high or very high (>140 mg/dl) or taking medicine to control blood sugar level16 (%),28.6,21.6,False,False
Odisha,Kendrapara,Women,81,Mildly elevated blood pressure (Systolic 140-159 mm of Hg and/or Diastolic 90-99 mm of Hg) (%),10.6,12.4,False,False
Odisha,Kendrapara,Women,82,Moderately or severely elevated blood pressure (Systolic ≥160 mm of Hg and/or Diastolic ≥100 mm,5.0,5.4,False,False
Odisha,Kendrapara,Women,83,Elevated blood pressure (Systolic ≥140 mm of Hg and/or Diastolic ≥90 mm of Hg) or taking medicine to,20.6,21.9,False,False
Odisha,Kendrapara,Men,84,Mildly elevated blood pressure (Systolic 140-159 mm of Hg and/or Diastolic 90-99 mm of Hg) (%),12.5,14.2,False,False
Odisha,Kendrapara,Men,85,Moderately or severely elevated blood pressure (Systolic ≥160 mm of Hg and/or Diastolic ≥100 mm,7.3,6.9,False,False
Odisha,Kendrapara,Men,86,Elevated blood pressure (Systolic ≥140 mm of Hg and/or Diastolic ≥90 mm of Hg) or taking medicine to,24.3,24.8,False,False
Odisha,Kendrapara,Men,87,Women having a bank or savings account that they themselves use (%),89.6,94.7,False,False
Odisha,Kendrapara,Men,88,Women having a mobile phone that they themselves use (%),70.5,65.8,False,False
Odisha,Kendrapara,Men,89,Women age 15-24 years who use hygienic methods of protection during their menstrual period17 (%),94.0,85.6,False,False
Odisha,Kendrapara,Tobacco Use and Alcohol Consumption among Adults (age 15 years and above),90,Women age 15 years and above who use any kind of tobacco (%),26.2,30.9,False,False
Odisha,Kendrapara,Tobacco Use and Alcohol Consumption among Adults (age 15 years and above),91,Men age 15 years and above who use any kind of tobacco (%),51.4,54.9,False,False
Odisha,Kendrapara,Tobacco Use and Alcohol Consumption among Adults (age 15 years and above),92,Women age 15 years and above who consume alcohol (%),0.1,0.5,False,False
Odisha,Kendrapara,Tobacco Use and Alcohol Consumption among Adults (age 15 years and above),93,Men age 15 years and above who consume alcohol (%),17.7,19.1,False,False
Odisha,Kendujhar,Population and Household Profile,1,Population below age 5 years (%),8.6,9.4,False,False
Odisha,Kendujhar,Population and Household Profile,2,Population below age 15 years (%),24.1,27.2,False,False
Odisha,Kendujhar,Population and Household Profile,3,Population age 60 years and above (%),13.8,10.5,False,False
Odisha,Kendujhar,Population and Household Profile,4,Population living in households with electricity (%),95.1,91.1,False,False
Odisha,Kendujhar,Population and Household Profile,5,Population living in households with an improved drinking-water source1 (%),91.6,92.9,False,False
Odisha,Kendujhar,Population and Household Profile,6,Households using iodized salt (%),87.7,98.4,False,False
Odisha,Kendujhar,Population and Household Profile,7,Households with any usual member covered under a health insurance/financing scheme (%),81.8,43.3,False,False
Odisha,Kendujhar,Population and Household Profile,8,Households with any usual member having a bank account/post office account (%),98.3,95.9,False,False
Odisha,Kendujhar,Population and Household Profile,9,Female population age 6 years and above who ever attended school (%),70.7,68.2,False,False
Odisha,Kendujhar,Population and Household Profile,10,Households with any usual female members owning a house and/or land (alone or jointly with others) (%),15.1,12.0,False,False
Odisha,Kendujhar,Population and Household Profile,11,Children age 2-4 years who attended pre-school (%),58.0,60.0,False,False
Odisha,Kendujhar,Characteristics of Adults (age 15-49 years),12,Women with 10 or more years of schooling (%),41.2,29.5,False,False
Odisha,Kendujhar,Characteristics of Adults (age 15-49 years),13,Men with 10 or more years of schooling (%),44.3,39.4,False,False
Odisha,Kendujhar,Characteristics of Adults (age 15-49 years),14,Women who have ever used the internet (%),47.3,18.3,False,False
Odisha,Kendujhar,Characteristics of Adults (age 15-49 years),15,Men who have ever used the internet (%),70.8,51.1,False,False
Odisha,Kendujhar,Marriage and Fertility,16,Women age 20-24 years married before age 18 years (%),22.6,29.0,False,False
Odisha,Kendujhar,Marriage and Fertility,17,Men age 25-29 years married before age 21 years (%),*,39.7,True,False
Odisha,Kendujhar,Marriage and Fertility,18,Three or more births in the 5 years preceding the survey (%),1.6,2.3,False,False
Odisha,Kendujhar,Marriage and Fertility,19,Women age 15-19 years who were already mothers or pregnant at the time of the survey (%),15.0,12.2,False,False
Odisha,Kendujhar,Marriage and Fertility,20,Any method2 (%),73.1,77.6,False,False
Odisha,Kendujhar,Marriage and Fertility,21,Any modern method2 (%),38.3,45.8,False,False
Odisha,Kendujhar,Marriage and Fertility,22,Any traditional method (%),34.8,31.8,False,False
Odisha,Kendujhar,Marriage and Fertility,23,Female sterilization (%),21.4,21.3,False,False
Odisha,Kendujhar,Marriage and Fertility,24,Male sterilization (%),0.0,0.0,False,False
Odisha,Kendujhar,Marriage and Fertility,25,Total unmet need3 (%),10.5,3.8,False,False
Odisha,Kendujhar,Marriage and Fertility,26,Unmet need for spacing3 (%),5.4,1.4,False,False
Odisha,Kendujhar,Marriage and Fertility,27,Unmet need for limiting3 (%),5.1,2.4,False,False
Odisha,Kendujhar,Antenatal Care (for last birth in the 5 years before the survey),28,Mothers who had an antenatal check-up in the first trimester (%),66.4,70.7,False,False
Odisha,Kendujhar,Antenatal Care (for last birth in the 5 years before the survey),29,Mothers who had any antenatal care visits (%),96.1,96.3,False,False
Odisha,Kendujhar,Antenatal Care (for last birth in the 5 years before the survey),30,Mothers who had at least 4 antenatal care visits (%),79.1,57.1,False,False
Odisha,Kendujhar,Antenatal Care (for last birth in the 5 years before the survey),31,Mothers whose last birth was protected against neonatal tetanus4 (%),95.8,90.9,False,False
Odisha,Kendujhar,Antenatal Care (for last birth in the 5 years before the survey),32,Mothers who consumed iron folic acid for 100 days or more when they were pregnant (%),70.2,48.1,False,False
Odisha,Kendujhar,Antenatal Care (for last birth in the 5 years before the survey),33,Mothers who consumed iron folic acid for 180 days or more when they were pregnant (%),36.7,22.3,False,False
Odisha,Kendujhar,Antenatal Care (for last birth in the 5 years before the survey),34,Registered pregnancies for which the mother received a Mother and Child Protection (MCP) card (%),100.0,98.3,False,False
Odisha,Kendujhar,Delivery Care (for births in the 5 years before the survey),35,Institutional births (%),88.9,80.4,False,False
Odisha,Kendujhar,Delivery Care (for births in the 5 years before the survey),36,Institutional births in public facility (%),81.1,70.0,False,False
Odisha,Kendujhar,Delivery Care (for births in the 5 years before the survey),37,Births attended by skilled health personnel5 (%),88.6,79.9,False,False
Odisha,Kendujhar,Delivery Care (for births in the 5 years before the survey),38,Births delivered by caesarean section (%),20.6,15.3,False,False
Odisha,Kendujhar,Delivery Care (for births in the 5 years before the survey),39,Births in a private health facility that were delivered by caesarean section (%),78.0,70.3,True,False
Odisha,Kendujhar,Delivery Care (for births in the 5 years before the survey),40,Births in a public health facility that were delivered by caesarean section (%),17.9,11.3,False,False
Odisha,Kendujhar,Postnatal Care (for last birth in the 5 years before the survey),41,Mothers who received postnatal care from a doctor/nurse/LHV/ANM/midwife/other health personnel within 2,83.2,75.4,False,False
Odisha,Kendujhar,Postnatal Care (for last birth in the 5 years before the survey),42,Children born at home who were taken to a health facility for a check-up within 24 hours of birth (%),20.1,8.4,True,False
Odisha,Kendujhar,Postnatal Care (for last birth in the 5 years before the survey),43,Children who received postnatal care from a doctor/nurse/LHV/ANM/midwife/other health personnel within 2,82.1,72.3,False,False
Odisha,Kendujhar,Child Vaccinations and Vitamin A Supplementation,44,Children age 12-23 months fully vaccinated based on information from either vaccination card or mother's,93.1,86.0,False,False
Odisha,Kendujhar,Child Vaccinations and Vitamin A Supplementation,45,Children age 12-23 months fully vaccinated based on information from vaccination card only7 (%),96.8,81.4,True,False
Odisha,Kendujhar,Child Vaccinations and Vitamin A Supplementation,46,Children age 12-23 months who have received any vaccine (%),99.3,98.0,False,False
Odisha,Kendujhar,Child Vaccinations and Vitamin A Supplementation,47,Children age 12-23 months who have received BCG (%),95.6,94.1,False,False
Odisha,Kendujhar,Child Vaccinations and Vitamin A Supplementation,48,Children age 12-23 months who have received 3 doses of polio vaccine8 (%),94.8,88.1,False,False
Odisha,Kendujhar,Child Vaccinations and Vitamin A Supplementation,49,Children age 12-23 months who have received 3 doses of pentavalent vaccine (%),97.5,89.9,False,False
Odisha,Kendujhar,Child Vaccinations and Vitamin A Supplementation,50,Children age 12-23 months who have received the first dose of measles-containing vaccine (MCV) (%),96.4,94.0,False,False
Odisha,Kendujhar,Child Vaccinations and Vitamin A Supplementation,51,Children age 24-35 months who have received a second dose of measles-containing vaccine (MCV) (%),86.8,67.3,False,False
Odisha,Kendujhar,Child Vaccinations and Vitamin A Supplementation,52,Children age 12-23 months who have received birth dose of hepatitis B vaccine (%),90.0,90.1,False,False
Odisha,Kendujhar,Child Vaccinations and Vitamin A Supplementation,53,Children age 12-23 months who have received 3 doses of rotavirus vaccine (%),87.1,82.3,False,False
Odisha,Kendujhar,Child Vaccinations and Vitamin A Supplementation,54,Children age 9-35 months who received a vitamin A dose in the last 6 months (%),74.3,81.9,False,False
Odisha,Kendujhar,Child Vaccinations and Vitamin A Supplementation,55,Children age 12-23 months who received most of their vaccinations in a public health facility (%),98.8,100.0,True,False
Odisha,Kendujhar,Child Vaccinations and Vitamin A Supplementation,56,Children age 12-23 months who received most of their vaccinations in a private health facility (%),1.2,0.0,True,False
Odisha,Kendujhar,Treatment of Childhood Diseases (children under age 5 years),57,Prevalence of diarrhoea in the 2 weeks preceding the survey (%),12.8,15.3,False,False
Odisha,Kendujhar,Treatment of Childhood Diseases (children under age 5 years),58,Prevalence of symptoms of acute respiratory infection (ARI) in the 2 weeks preceding the survey (%),1.4,2.4,False,False
Odisha,Kendujhar,Treatment of Childhood Diseases (children under age 5 years),59,Children with fever or symptoms of ARI in the 2 weeks preceding the survey taken to a health facility or,57.2,62.1,False,False
Odisha,Kendujhar,Child Feeding Practices and Nutritional Status of Children,60,Children under age 3 years breastfed within one hour of birth9 (%),68.0,57.9,False,False
Odisha,Kendujhar,Child Feeding Practices and Nutritional Status of Children,61,Children under age 6 months exclusively breastfed10 (%),68.8,67.7,True,False
Odisha,Kendujhar,Child Feeding Practices and Nutritional Status of Children,62,Children under age 6 months currently breastfeeding10 (%),92.2,97.1,True,False
Odisha,Kendujhar,Child Feeding Practices and Nutritional Status of Children,63,Children under age 6 months exclusively breastfed or breastfeeding and consuming plain water/other,78.9,74.0,True,False
Odisha,Kendujhar,Child Feeding Practices and Nutritional Status of Children,64,Children age 6-8 months receiving solid or semi-solid food and breastmilk10 (%),*,85.2,True,False
Odisha,Kendujhar,Child Feeding Practices and Nutritional Status of Children,65,"Breastfeeding children age 6-23 months receiving an adequate diet10, 11 (%)",15.0,15.8,False,False
Odisha,Kendujhar,Child Feeding Practices and Nutritional Status of Children,66,"Non-breastfeeding children age 6-23 months receiving an adequate diet10, 11 (%)",*,*,True,False
Odisha,Kendujhar,Child Feeding Practices and Nutritional Status of Children,67,"Total children age 6-23 months receiving an adequate diet10, 11 (%)",14.7,15.1,False,False
Odisha,Kendujhar,Child Feeding Practices and Nutritional Status of Children,68,Children under 5 years who are stunted (height-for-age)12 (%),35.2,36.2,False,False
Odisha,Kendujhar,Child Feeding Practices and Nutritional Status of Children,69,Children under 5 years who are wasted (weight-for-height)12 (%),31.6,23.8,False,False
Odisha,Kendujhar,Child Feeding Practices and Nutritional Status of Children,70,Children under 5 years who are severely wasted (weight-for-height)13 (%),10.0,6.2,False,False
Odisha,Kendujhar,Child Feeding Practices and Nutritional Status of Children,71,Children under 5 years who are underweight (weight-for-age)12 (%),45.2,37.1,False,False
Odisha,Kendujhar,Child Feeding Practices and Nutritional Status of Children,72,Children under 5 years who are overweight (weight-for-height)14 (%),1.3,0.9,False,False
Odisha,Kendujhar,Nutritional Status of Adults (age 15-49 years),73,Women whose Body Mass Index (BMI) is below normal (BMI <18.5 kg/m2)15 (%),25.4,25.9,False,False
Odisha,Kendujhar,Nutritional Status of Adults (age 15-49 years),74,Women who are overweight or obese (BMI ≥25.0 kg/m2)15 (%),21.5,17.0,False,False
Odisha,Kendujhar,Women,75,Blood sugar level - high (141-160 mg/dl)16 (%),8.0,5.8,False,False
Odisha,Kendujhar,Women,76,Blood sugar level - very high (>160 mg/dl)16 (%),8.0,4.7,False,False
Odisha,Kendujhar,Women,77,Blood sugar level - high or very high (>140 mg/dl) or taking medicine to control blood sugar level16 (%),17.5,11.3,False,False
Odisha,Kendujhar,Men,78,Blood sugar level - high (141-160 mg/dl)16 (%),7.9,7.1,False,False
Odisha,Kendujhar,Men,79,Blood sugar level - very high (>160 mg/dl)16 (%),12.0,7.7,False,False
Odisha,Kendujhar,Men,80,Blood sugar level - high or very high (>140 mg/dl) or taking medicine to control blood sugar level16 (%),22.2,15.8,False,False
Odisha,Kendujhar,Women,81,Mildly elevated blood pressure (Systolic 140-159 mm of Hg and/or Diastolic 90-99 mm of Hg) (%),14.3,14.0,False,False
Odisha,Kendujhar,Women,82,Moderately or severely elevated blood pressure (Systolic ≥160 mm of Hg and/or Diastolic ≥100 mm,7.6,5.4,False,False
Odisha,Kendujhar,Women,83,Elevated blood pressure (Systolic ≥140 mm of Hg and/or Diastolic ≥90 mm of Hg) or taking medicine to,26.6,24.1,False,False
Odisha,Kendujhar,Men,84,Mildly elevated blood pressure (Systolic 140-159 mm of Hg and/or Diastolic 90-99 mm of Hg) (%),16.2,18.4,False,False
Odisha,Kendujhar,Men,85,Moderately or severely elevated blood pressure (Systolic ≥160 mm of Hg and/or Diastolic ≥100 mm,10.6,5.2,False,False
Odisha,Kendujhar,Men,86,Elevated blood pressure (Systolic ≥140 mm of Hg and/or Diastolic ≥90 mm of Hg) or taking medicine to,29.9,25.1,False,False
Odisha,Kendujhar,Men,87,Women having a bank or savings account that they themselves use (%),89.7,79.6,False,False
Odisha,Kendujhar,Men,88,Women having a mobile phone that they themselves use (%),63.4,41.7,False,False
Odisha,Kendujhar,Men,89,Women age 15-24 years who use hygienic methods of protection during their menstrual period17 (%),92.3,79.6,False,False
Odisha,Kendujhar,Tobacco Use and Alcohol Consumption among Adults (age 15 years and above),90,Women age 15 years and above who use any kind of tobacco (%),30.2,34.9,False,False
Odisha,Kendujhar,Tobacco Use and Alcohol Consumption among Adults (age 15 years and above),91,Men age 15 years and above who use any kind of tobacco (%),61.1,64.2,False,False
Odisha,Kendujhar,Tobacco Use and Alcohol Consumption among Adults (age 15 years and above),92,Women age 15 years and above who consume alcohol (%),9.4,13.6,False,False
Odisha,Kendujhar,Tobacco Use and Alcohol Consumption among Adults (age 15 years and above),93,Men age 15 years and above who consume alcohol (%),42.1,43.2,False,False
Odisha,Khordha,Population and Household Profile,1,Population below age 5 years (%),5.6,7.0,False,False
Odisha,Khordha,Population and Household Profile,2,Population below age 15 years (%),20.0,22.2,False,False
Odisha,Khordha,Population and Household Profile,3,Population age 60 years and above (%),15.2,12.0,False,False
Odisha,Khordha,Population and Household Profile,4,Population living in households with electricity (%),99.2,99.5,False,False
Odisha,Khordha,Population and Household Profile,5,Population living in households with an improved drinking-water source1 (%),89.3,94.6,False,False
Odisha,Khordha,Population and Household Profile,6,Households using iodized salt (%),96.8,99.7,False,False
Odisha,Khordha,Population and Household Profile,7,Households with any usual member covered under a health insurance/financing scheme (%),71.9,43.2,False,False
Odisha,Khordha,Population and Household Profile,8,Households with any usual member having a bank account/post office account (%),98.5,97.6,False,False
Odisha,Khordha,Population and Household Profile,9,Female population age 6 years and above who ever attended school (%),85.6,84.4,False,False
Odisha,Khordha,Population and Household Profile,10,Households with any usual female members owning a house and/or land (alone or jointly with others) (%),14.6,12.6,False,False
Odisha,Khordha,Population and Household Profile,11,Children age 2-4 years who attended pre-school (%),45.1,61.7,False,False
Odisha,Khordha,Characteristics of Adults (age 15-49 years),12,Women with 10 or more years of schooling (%),56.3,43.2,False,False
Odisha,Khordha,Characteristics of Adults (age 15-49 years),13,Men with 10 or more years of schooling (%),62.1,48.8,False,False
Odisha,Khordha,Characteristics of Adults (age 15-49 years),14,Women who have ever used the internet (%),57.3,48.1,False,False
Odisha,Khordha,Characteristics of Adults (age 15-49 years),15,Men who have ever used the internet (%),85.8,69.1,False,False
Odisha,Khordha,Marriage and Fertility,16,Women age 20-24 years married before age 18 years (%),13.2,17.1,False,False
Odisha,Khordha,Marriage and Fertility,17,Men age 25-29 years married before age 21 years (%),*,*,True,False
Odisha,Khordha,Marriage and Fertility,18,Three or more births in the 5 years preceding the survey (%),0.4,0.0,False,False
Odisha,Khordha,Marriage and Fertility,19,Women age 15-19 years who were already mothers or pregnant at the time of the survey (%),1.9,5.3,False,False
Odisha,Khordha,Marriage and Fertility,20,Any method2 (%),55.1,74.7,False,False
Odisha,Khordha,Marriage and Fertility,21,Any modern method2 (%),39.3,42.4,False,False
Odisha,Khordha,Marriage and Fertility,22,Any traditional method (%),15.8,32.3,False,False
Odisha,Khordha,Marriage and Fertility,23,Female sterilization (%),24.3,24.5,False,False
Odisha,Khordha,Marriage and Fertility,24,Male sterilization (%),0.4,0.4,False,False
Odisha,Khordha,Marriage and Fertility,25,Total unmet need3 (%),12.5,7.4,False,False
Odisha,Khordha,Marriage and Fertility,26,Unmet need for spacing3 (%),4.9,1.8,False,False
Odisha,Khordha,Marriage and Fertility,27,Unmet need for limiting3 (%),7.6,5.6,False,False
Odisha,Khordha,Antenatal Care (for last birth in the 5 years before the survey),28,Mothers who had an antenatal check-up in the first trimester (%),58.0,85.1,False,False
Odisha,Khordha,Antenatal Care (for last birth in the 5 years before the survey),29,Mothers who had any antenatal care visits (%),87.6,99.6,False,False
Odisha,Khordha,Antenatal Care (for last birth in the 5 years before the survey),30,Mothers who had at least 4 antenatal care visits (%),69.2,91.0,False,False
Odisha,Khordha,Antenatal Care (for last birth in the 5 years before the survey),31,Mothers whose last birth was protected against neonatal tetanus4 (%),90.0,98.4,False,False
Odisha,Khordha,Antenatal Care (for last birth in the 5 years before the survey),32,Mothers who consumed iron folic acid for 100 days or more when they were pregnant (%),68.7,71.7,False,False
Odisha,Khordha,Antenatal Care (for last birth in the 5 years before the survey),33,Mothers who consumed iron folic acid for 180 days or more when they were pregnant (%),50.5,53.6,False,False
Odisha,Khordha,Antenatal Care (for last birth in the 5 years before the survey),34,Registered pregnancies for which the mother received a Mother and Child Protection (MCP) card (%),99.0,100.0,False,False
Odisha,Khordha,Delivery Care (for births in the 5 years before the survey),35,Institutional births (%),98.1,97.8,False,False
Odisha,Khordha,Delivery Care (for births in the 5 years before the survey),36,Institutional births in public facility (%),59.8,70.6,False,False
Odisha,Khordha,Delivery Care (for births in the 5 years before the survey),37,Births attended by skilled health personnel5 (%),97.8,97.4,False,False
Odisha,Khordha,Delivery Care (for births in the 5 years before the survey),38,Births delivered by caesarean section (%),53.2,37.3,False,False
Odisha,Khordha,Delivery Care (for births in the 5 years before the survey),39,Births in a private health facility that were delivered by caesarean section (%),80.1,75.4,False,False
Odisha,Khordha,Delivery Care (for births in the 5 years before the survey),40,Births in a public health facility that were delivered by caesarean section (%),37.7,23.8,False,False
Odisha,Khordha,Postnatal Care (for last birth in the 5 years before the survey),41,Mothers who received postnatal care from a doctor/nurse/LHV/ANM/midwife/other health personnel within 2,84.4,95.4,False,False
Odisha,Khordha,Postnatal Care (for last birth in the 5 years before the survey),42,Children born at home who were taken to a health facility for a check-up within 24 hours of birth (%),*,*,True,False
Odisha,Khordha,Postnatal Care (for last birth in the 5 years before the survey),43,Children who received postnatal care from a doctor/nurse/LHV/ANM/midwife/other health personnel within 2,90.1,93.6,False,False
Odisha,Khordha,Child Vaccinations and Vitamin A Supplementation,44,Children age 12-23 months fully vaccinated based on information from either vaccination card or mother's,66.5,87.9,True,False
Odisha,Khordha,Child Vaccinations and Vitamin A Supplementation,45,Children age 12-23 months fully vaccinated based on information from vaccination card only7 (%),*,87.6,True,False
Odisha,Khordha,Child Vaccinations and Vitamin A Supplementation,46,Children age 12-23 months who have received any vaccine (%),94.9,99.2,True,False
Odisha,Khordha,Child Vaccinations and Vitamin A Supplementation,47,Children age 12-23 months who have received BCG (%),87.6,97.4,True,False
Odisha,Khordha,Child Vaccinations and Vitamin A Supplementation,48,Children age 12-23 months who have received 3 doses of polio vaccine8 (%),76.7,92.4,True,False
Odisha,Khordha,Child Vaccinations and Vitamin A Supplementation,49,Children age 12-23 months who have received 3 doses of pentavalent vaccine (%),76.0,92.9,True,False
Odisha,Khordha,Child Vaccinations and Vitamin A Supplementation,50,Children age 12-23 months who have received the first dose of measles-containing vaccine (MCV) (%),77.1,96.6,True,False
Odisha,Khordha,Child Vaccinations and Vitamin A Supplementation,51,Children age 24-35 months who have received a second dose of measles-containing vaccine (MCV) (%),94.6,90.1,True,False
Odisha,Khordha,Child Vaccinations and Vitamin A Supplementation,52,Children age 12-23 months who have received birth dose of hepatitis B vaccine (%),70.4,94.3,True,False
Odisha,Khordha,Child Vaccinations and Vitamin A Supplementation,53,Children age 12-23 months who have received 3 doses of rotavirus vaccine (%),72.7,87.1,True,False
Odisha,Khordha,Child Vaccinations and Vitamin A Supplementation,54,Children age 9-35 months who received a vitamin A dose in the last 6 months (%),82.6,89.0,False,False
Odisha,Khordha,Child Vaccinations and Vitamin A Supplementation,55,Children age 12-23 months who received most of their vaccinations in a public health facility (%),90.8,91.8,True,False
Odisha,Khordha,Child Vaccinations and Vitamin A Supplementation,56,Children age 12-23 months who received most of their vaccinations in a private health facility (%),9.2,8.2,True,False
Odisha,Khordha,Treatment of Childhood Diseases (children under age 5 years),57,Prevalence of diarrhoea in the 2 weeks preceding the survey (%),9.8,9.9,False,False
Odisha,Khordha,Treatment of Childhood Diseases (children under age 5 years),58,Prevalence of symptoms of acute respiratory infection (ARI) in the 2 weeks preceding the survey (%),0.2,2.1,False,False
Odisha,Khordha,Treatment of Childhood Diseases (children under age 5 years),59,Children with fever or symptoms of ARI in the 2 weeks preceding the survey taken to a health facility or,68.4,73.8,True,False
Odisha,Khordha,Child Feeding Practices and Nutritional Status of Children,60,Children under age 3 years breastfed within one hour of birth9 (%),59.2,73.3,False,False
Odisha,Khordha,Child Feeding Practices and Nutritional Status of Children,61,Children under age 6 months exclusively breastfed10 (%),*,*,True,False
Odisha,Khordha,Child Feeding Practices and Nutritional Status of Children,62,Children under age 6 months currently breastfeeding10 (%),*,*,True,False
Odisha,Khordha,Child Feeding Practices and Nutritional Status of Children,63,Children under age 6 months exclusively breastfed or breastfeeding and consuming plain water/other,*,*,True,False
Odisha,Khordha,Child Feeding Practices and Nutritional Status of Children,64,Children age 6-8 months receiving solid or semi-solid food and breastmilk10 (%),*,*,True,False
Odisha,Khordha,Child Feeding Practices and Nutritional Status of Children,65,"Breastfeeding children age 6-23 months receiving an adequate diet10, 11 (%)",21.5,13.2,True,False
Odisha,Khordha,Child Feeding Practices and Nutritional Status of Children,66,"Non-breastfeeding children age 6-23 months receiving an adequate diet10, 11 (%)",*,*,True,False
Odisha,Khordha,Child Feeding Practices and Nutritional Status of Children,67,"Total children age 6-23 months receiving an adequate diet10, 11 (%)",19.4,13.8,True,False
Odisha,Khordha,Child Feeding Practices and Nutritional Status of Children,68,Children under 5 years who are stunted (height-for-age)12 (%),13.9,17.1,False,False
Odisha,Khordha,Child Feeding Practices and Nutritional Status of Children,69,Children under 5 years who are wasted (weight-for-height)12 (%),18.8,13.2,False,False
Odisha,Khordha,Child Feeding Practices and Nutritional Status of Children,70,Children under 5 years who are severely wasted (weight-for-height)13 (%),4.9,2.4,False,False
Odisha,Khordha,Child Feeding Practices and Nutritional Status of Children,71,Children under 5 years who are underweight (weight-for-age)12 (%),16.5,16.9,False,False
Odisha,Khordha,Child Feeding Practices and Nutritional Status of Children,72,Children under 5 years who are overweight (weight-for-height)14 (%),5.2,3.3,False,False
Odisha,Khordha,Nutritional Status of Adults (age 15-49 years),73,Women whose Body Mass Index (BMI) is below normal (BMI <18.5 kg/m2)15 (%),8.9,10.0,False,False
Odisha,Khordha,Nutritional Status of Adults (age 15-49 years),74,Women who are overweight or obese (BMI ≥25.0 kg/m2)15 (%),48.6,39.3,False,False
Odisha,Khordha,Women,75,Blood sugar level - high (141-160 mg/dl)16 (%),10.8,9.1,False,False
Odisha,Khordha,Women,76,Blood sugar level - very high (>160 mg/dl)16 (%),15.2,11.9,False,False
Odisha,Khordha,Women,77,Blood sugar level - high or very high (>140 mg/dl) or taking medicine to control blood sugar level16 (%),27.8,22.1,False,False
Odisha,Khordha,Men,78,Blood sugar level - high (141-160 mg/dl)16 (%),10.1,8.5,False,False
Odisha,Khordha,Men,79,Blood sugar level - very high (>160 mg/dl)16 (%),19.2,14.6,False,False
Odisha,Khordha,Men,80,Blood sugar level - high or very high (>140 mg/dl) or taking medicine to control blood sugar level16 (%),30.2,25.0,False,False
Odisha,Khordha,Women,81,Mildly elevated blood pressure (Systolic 140-159 mm of Hg and/or Diastolic 90-99 mm of Hg) (%),10.9,9.9,False,False
Odisha,Khordha,Women,82,Moderately or severely elevated blood pressure (Systolic ≥160 mm of Hg and/or Diastolic ≥100 mm,4.6,3.8,False,False
Odisha,Khordha,Women,83,Elevated blood pressure (Systolic ≥140 mm of Hg and/or Diastolic ≥90 mm of Hg) or taking medicine to,22.3,20.2,False,False
Odisha,Khordha,Men,84,Mildly elevated blood pressure (Systolic 140-159 mm of Hg and/or Diastolic 90-99 mm of Hg) (%),12.2,14.6,False,False
Odisha,Khordha,Men,85,Moderately or severely elevated blood pressure (Systolic ≥160 mm of Hg and/or Diastolic ≥100 mm,5.5,5.0,False,False
Odisha,Khordha,Men,86,Elevated blood pressure (Systolic ≥140 mm of Hg and/or Diastolic ≥90 mm of Hg) or taking medicine to,23.3,25.1,False,False
Odisha,Khordha,Men,87,Women having a bank or savings account that they themselves use (%),91.5,92.5,False,False
Odisha,Khordha,Men,88,Women having a mobile phone that they themselves use (%),81.4,64.8,False,False
Odisha,Khordha,Men,89,Women age 15-24 years who use hygienic methods of protection during their menstrual period17 (%),94.3,93.5,False,False
Odisha,Khordha,Tobacco Use and Alcohol Consumption among Adults (age 15 years and above),90,Women age 15 years and above who use any kind of tobacco (%),14.5,20.1,False,False
Odisha,Khordha,Tobacco Use and Alcohol Consumption among Adults (age 15 years and above),91,Men age 15 years and above who use any kind of tobacco (%),34.3,44.7,False,False
Odisha,Khordha,Tobacco Use and Alcohol Consumption among Adults (age 15 years and above),92,Women age 15 years and above who consume alcohol (%),0.4,0.5,False,False
Odisha,Khordha,Tobacco Use and Alcohol Consumption among Adults (age 15 years and above),93,Men age 15 years and above who consume alcohol (%),18.1,20.5,False,False
Odisha,Koraput,Population and Household Profile,1,Population below age 5 years (%),9.5,8.6,False,False
Odisha,Koraput,Population and Household Profile,2,Population below age 15 years (%),25.4,29.7,False,False
Odisha,Koraput,Population and Household Profile,3,Population age 60 years and above (%),12.2,10.6,False,False
Odisha,Koraput,Population and Household Profile,4,Population living in households with electricity (%),95.7,96.2,False,False
Odisha,Koraput,Population and Household Profile,5,Population living in households with an improved drinking-water source1 (%),90.2,89.5,False,False
Odisha,Koraput,Population and Household Profile,6,Households using iodized salt (%),93.0,96.4,False,False
Odisha,Koraput,Population and Household Profile,7,Households with any usual member covered under a health insurance/financing scheme (%),86.3,54.6,False,False
Odisha,Koraput,Population and Household Profile,8,Households with any usual member having a bank account/post office account (%),98.3,96.7,False,False
Odisha,Koraput,Population and Household Profile,9,Female population age 6 years and above who ever attended school (%),51.1,50.6,False,False
Odisha,Koraput,Population and Household Profile,10,Households with any usual female members owning a house and/or land (alone or jointly with others) (%),15.3,13.2,False,False
Odisha,Koraput,Population and Household Profile,11,Children age 2-4 years who attended pre-school (%),58.2,60.0,False,False
Odisha,Koraput,Characteristics of Adults (age 15-49 years),12,Women with 10 or more years of schooling (%),26.8,17.6,False,False
Odisha,Koraput,Characteristics of Adults (age 15-49 years),13,Men with 10 or more years of schooling (%),31.9,19.9,False,False
Odisha,Koraput,Characteristics of Adults (age 15-49 years),14,Women who have ever used the internet (%),34.6,17.2,False,False
Odisha,Koraput,Characteristics of Adults (age 15-49 years),15,Men who have ever used the internet (%),69.8,44.5,False,False
Odisha,Koraput,Marriage and Fertility,16,Women age 20-24 years married before age 18 years (%),20.9,35.5,False,False
Odisha,Koraput,Marriage and Fertility,17,Men age 25-29 years married before age 21 years (%),*,36.2,True,False
Odisha,Koraput,Marriage and Fertility,18,Three or more births in the 5 years preceding the survey (%),2.6,0.6,False,False
Odisha,Koraput,Marriage and Fertility,19,Women age 15-19 years who were already mothers or pregnant at the time of the survey (%),7.6,8.4,False,False
Odisha,Koraput,Marriage and Fertility,20,Any method2 (%),66.3,65.4,False,False
Odisha,Koraput,Marriage and Fertility,21,Any modern method2 (%),45.0,56.0,False,False
Odisha,Koraput,Marriage and Fertility,22,Any traditional method (%),21.3,9.4,False,False
Odisha,Koraput,Marriage and Fertility,23,Female sterilization (%),31.8,34.8,False,False
Odisha,Koraput,Marriage and Fertility,24,Male sterilization (%),2.4,4.0,False,False
Odisha,Koraput,Marriage and Fertility,25,Total unmet need3 (%),10.7,6.6,False,False
Odisha,Koraput,Marriage and Fertility,26,Unmet need for spacing3 (%),6.6,2.9,False,False
Odisha,Koraput,Marriage and Fertility,27,Unmet need for limiting3 (%),4.1,3.7,False,False
Odisha,Koraput,Antenatal Care (for last birth in the 5 years before the survey),28,Mothers who had an antenatal check-up in the first trimester (%),59.8,87.1,False,False
Odisha,Koraput,Antenatal Care (for last birth in the 5 years before the survey),29,Mothers who had any antenatal care visits (%),96.8,98.1,False,False
Odisha,Koraput,Antenatal Care (for last birth in the 5 years before the survey),30,Mothers who had at least 4 antenatal care visits (%),69.6,79.2,False,False
Odisha,Koraput,Antenatal Care (for last birth in the 5 years before the survey),31,Mothers whose last birth was protected against neonatal tetanus4 (%),97.3,97.6,False,False
Odisha,Koraput,Antenatal Care (for last birth in the 5 years before the survey),32,Mothers who consumed iron folic acid for 100 days or more when they were pregnant (%),75.2,72.3,False,False
Odisha,Koraput,Antenatal Care (for last birth in the 5 years before the survey),33,Mothers who consumed iron folic acid for 180 days or more when they were pregnant (%),54.6,45.5,False,False
Odisha,Koraput,Antenatal Care (for last birth in the 5 years before the survey),34,Registered pregnancies for which the mother received a Mother and Child Protection (MCP) card (%),100.0,99.7,False,False
Odisha,Koraput,Delivery Care (for births in the 5 years before the survey),35,Institutional births (%),90.3,82.1,False,False
Odisha,Koraput,Delivery Care (for births in the 5 years before the survey),36,Institutional births in public facility (%),84.3,79.2,False,False
Odisha,Koraput,Delivery Care (for births in the 5 years before the survey),37,Births attended by skilled health personnel5 (%),89.1,86.3,False,False
Odisha,Koraput,Delivery Care (for births in the 5 years before the survey),38,Births delivered by caesarean section (%),10.6,5.0,False,False
Odisha,Koraput,Delivery Care (for births in the 5 years before the survey),39,Births in a private health facility that were delivered by caesarean section (%),66.3,*,True,False
Odisha,Koraput,Delivery Care (for births in the 5 years before the survey),40,Births in a public health facility that were delivered by caesarean section (%),7.8,5.3,False,False
Odisha,Koraput,Postnatal Care (for last birth in the 5 years before the survey),41,Mothers who received postnatal care from a doctor/nurse/LHV/ANM/midwife/other health personnel within 2,82.8,83.5,False,False
Odisha,Koraput,Postnatal Care (for last birth in the 5 years before the survey),42,Children born at home who were taken to a health facility for a check-up within 24 hours of birth (%),21.0,9.5,True,False
Odisha,Koraput,Postnatal Care (for last birth in the 5 years before the survey),43,Children who received postnatal care from a doctor/nurse/LHV/ANM/midwife/other health personnel within 2,84.3,83.9,False,False
Odisha,Koraput,Child Vaccinations and Vitamin A Supplementation,44,Children age 12-23 months fully vaccinated based on information from either vaccination card or mother's,91.0,98.0,False,False
Odisha,Koraput,Child Vaccinations and Vitamin A Supplementation,45,Children age 12-23 months fully vaccinated based on information from vaccination card only7 (%),94.0,98.0,False,False
Odisha,Koraput,Child Vaccinations and Vitamin A Supplementation,46,Children age 12-23 months who have received any vaccine (%),97.5,100.0,False,False
Odisha,Koraput,Child Vaccinations and Vitamin A Supplementation,47,Children age 12-23 months who have received BCG (%),97.5,100.0,False,False
Odisha,Koraput,Child Vaccinations and Vitamin A Supplementation,48,Children age 12-23 months who have received 3 doses of polio vaccine8 (%),91.8,98.0,False,False
Odisha,Koraput,Child Vaccinations and Vitamin A Supplementation,49,Children age 12-23 months who have received 3 doses of pentavalent vaccine (%),95.9,100.0,False,False
Odisha,Koraput,Child Vaccinations and Vitamin A Supplementation,50,Children age 12-23 months who have received the first dose of measles-containing vaccine (MCV) (%),97.5,100.0,False,False
Odisha,Koraput,Child Vaccinations and Vitamin A Supplementation,51,Children age 24-35 months who have received a second dose of measles-containing vaccine (MCV) (%),84.3,90.1,False,False
Odisha,Koraput,Child Vaccinations and Vitamin A Supplementation,52,Children age 12-23 months who have received birth dose of hepatitis B vaccine (%),94.0,92.4,False,False
Odisha,Koraput,Child Vaccinations and Vitamin A Supplementation,53,Children age 12-23 months who have received 3 doses of rotavirus vaccine (%),96.6,100.0,False,False
Odisha,Koraput,Child Vaccinations and Vitamin A Supplementation,54,Children age 9-35 months who received a vitamin A dose in the last 6 months (%),91.0,89.6,False,False
Odisha,Koraput,Child Vaccinations and Vitamin A Supplementation,55,Children age 12-23 months who received most of their vaccinations in a public health facility (%),99.1,98.0,False,False
Odisha,Koraput,Child Vaccinations and Vitamin A Supplementation,56,Children age 12-23 months who received most of their vaccinations in a private health facility (%),0.0,0.0,False,False
Odisha,Koraput,Treatment of Childhood Diseases (children under age 5 years),57,Prevalence of diarrhoea in the 2 weeks preceding the survey (%),8.6,8.3,False,False
Odisha,Koraput,Treatment of Childhood Diseases (children under age 5 years),58,Prevalence of symptoms of acute respiratory infection (ARI) in the 2 weeks preceding the survey (%),2.5,0.4,False,False
Odisha,Koraput,Treatment of Childhood Diseases (children under age 5 years),59,Children with fever or symptoms of ARI in the 2 weeks preceding the survey taken to a health facility or,68.9,*,True,False
Odisha,Koraput,Child Feeding Practices and Nutritional Status of Children,60,Children under age 3 years breastfed within one hour of birth9 (%),69.5,85.9,False,False
Odisha,Koraput,Child Feeding Practices and Nutritional Status of Children,61,Children under age 6 months exclusively breastfed10 (%),82.1,82.0,True,False
Odisha,Koraput,Child Feeding Practices and Nutritional Status of Children,62,Children under age 6 months currently breastfeeding10 (%),97.4,100.0,True,False
Odisha,Koraput,Child Feeding Practices and Nutritional Status of Children,63,Children under age 6 months exclusively breastfed or breastfeeding and consuming plain water/other,85.1,87.4,True,False
Odisha,Koraput,Child Feeding Practices and Nutritional Status of Children,64,Children age 6-8 months receiving solid or semi-solid food and breastmilk10 (%),*,*,True,False
Odisha,Koraput,Child Feeding Practices and Nutritional Status of Children,65,"Breastfeeding children age 6-23 months receiving an adequate diet10, 11 (%)",11.7,17.7,False,False
Odisha,Koraput,Child Feeding Practices and Nutritional Status of Children,66,"Non-breastfeeding children age 6-23 months receiving an adequate diet10, 11 (%)",*,*,True,False
Odisha,Koraput,Child Feeding Practices and Nutritional Status of Children,67,"Total children age 6-23 months receiving an adequate diet10, 11 (%)",11.7,17.2,False,False
Odisha,Koraput,Child Feeding Practices and Nutritional Status of Children,68,Children under 5 years who are stunted (height-for-age)12 (%),38.7,43.1,False,False
Odisha,Koraput,Child Feeding Practices and Nutritional Status of Children,69,Children under 5 years who are wasted (weight-for-height)12 (%),24.6,15.9,False,False
Odisha,Koraput,Child Feeding Practices and Nutritional Status of Children,70,Children under 5 years who are severely wasted (weight-for-height)13 (%),7.0,6.8,False,False
Odisha,Koraput,Child Feeding Practices and Nutritional Status of Children,71,Children under 5 years who are underweight (weight-for-age)12 (%),42.7,33.5,False,False
Odisha,Koraput,Child Feeding Practices and Nutritional Status of Children,72,Children under 5 years who are overweight (weight-for-height)14 (%),0.9,3.7,False,False
Odisha,Koraput,Nutritional Status of Adults (age 15-49 years),73,Women whose Body Mass Index (BMI) is below normal (BMI <18.5 kg/m2)15 (%),33.4,27.2,False,False
Odisha,Koraput,Nutritional Status of Adults (age 15-49 years),74,Women who are overweight or obese (BMI ≥25.0 kg/m2)15 (%),9.6,9.2,False,False
Odisha,Koraput,Women,75,Blood sugar level - high (141-160 mg/dl)16 (%),7.6,5.0,False,False
Odisha,Koraput,Women,76,Blood sugar level - very high (>160 mg/dl)16 (%),5.7,2.9,False,False
Odisha,Koraput,Women,77,Blood sugar level - high or very high (>140 mg/dl) or taking medicine to control blood sugar level16 (%),14.0,8.1,False,False
Odisha,Koraput,Men,78,Blood sugar level - high (141-160 mg/dl)16 (%),9.3,7.0,False,False
Odisha,Koraput,Men,79,Blood sugar level - very high (>160 mg/dl)16 (%),9.0,5.3,False,False
Odisha,Koraput,Men,80,Blood sugar level - high or very high (>140 mg/dl) or taking medicine to control blood sugar level16 (%),19.5,12.7,False,False
Odisha,Koraput,Women,81,Mildly elevated blood pressure (Systolic 140-159 mm of Hg and/or Diastolic 90-99 mm of Hg) (%),10.5,13.4,False,False
Odisha,Koraput,Women,82,Moderately or severely elevated blood pressure (Systolic ≥160 mm of Hg and/or Diastolic ≥100 mm,8.3,6.7,False,False
Odisha,Koraput,Women,83,Elevated blood pressure (Systolic ≥140 mm of Hg and/or Diastolic ≥90 mm of Hg) or taking medicine to,22.2,21.1,False,False
Odisha,Koraput,Men,84,Mildly elevated blood pressure (Systolic 140-159 mm of Hg and/or Diastolic 90-99 mm of Hg) (%),12.0,17.4,False,False
Odisha,Koraput,Men,85,Moderately or severely elevated blood pressure (Systolic ≥160 mm of Hg and/or Diastolic ≥100 mm,7.4,6.4,False,False
Odisha,Koraput,Men,86,Elevated blood pressure (Systolic ≥140 mm of Hg and/or Diastolic ≥90 mm of Hg) or taking medicine to,23.1,24.5,False,False
Odisha,Koraput,Men,87,Women having a bank or savings account that they themselves use (%),86.5,92.1,False,False
Odisha,Koraput,Men,88,Women having a mobile phone that they themselves use (%),38.6,29.1,False,False
Odisha,Koraput,Men,89,Women age 15-24 years who use hygienic methods of protection during their menstrual period17 (%),65.0,67.2,False,False
Odisha,Koraput,Tobacco Use and Alcohol Consumption among Adults (age 15 years and above),90,Women age 15 years and above who use any kind of tobacco (%),31.5,32.7,False,False
Odisha,Koraput,Tobacco Use and Alcohol Consumption among Adults (age 15 years and above),91,Men age 15 years and above who use any kind of tobacco (%),58.7,58.0,False,False
Odisha,Koraput,Tobacco Use and Alcohol Consumption among Adults (age 15 years and above),92,Women age 15 years and above who consume alcohol (%),7.6,11.5,False,False
Odisha,Koraput,Tobacco Use and Alcohol Consumption among Adults (age 15 years and above),93,Men age 15 years and above who consume alcohol (%),33.4,37.3,False,False
Odisha,Malkangiri,Population and Household Profile,1,Population below age 5 years (%),10.1,10.0,False,False
Odisha,Malkangiri,Population and Household Profile,2,Population below age 15 years (%),28.8,34.1,False,False
Odisha,Malkangiri,Population and Household Profile,3,Population age 60 years and above (%),10.4,9.4,False,False
Odisha,Malkangiri,Population and Household Profile,4,Population living in households with electricity (%),94.7,95.8,False,False
Odisha,Malkangiri,Population and Household Profile,5,Population living in households with an improved drinking-water source1 (%),96.8,94.7,False,False
Odisha,Malkangiri,Population and Household Profile,6,Households using iodized salt (%),90.9,96.5,False,False
Odisha,Malkangiri,Population and Household Profile,7,Households with any usual member covered under a health insurance/financing scheme (%),85.2,47.0,False,False
Odisha,Malkangiri,Population and Household Profile,8,Households with any usual member having a bank account/post office account (%),98.3,98.7,False,False
Odisha,Malkangiri,Population and Household Profile,9,Female population age 6 years and above who ever attended school (%),48.4,48.9,False,False
Odisha,Malkangiri,Population and Household Profile,10,Households with any usual female members owning a house and/or land (alone or jointly with others) (%),14.4,14.8,False,False
Odisha,Malkangiri,Population and Household Profile,11,Children age 2-4 years who attended pre-school (%),62.3,55.4,False,False
Odisha,Malkangiri,Characteristics of Adults (age 15-49 years),12,Women with 10 or more years of schooling (%),18.5,14.0,False,False
Odisha,Malkangiri,Characteristics of Adults (age 15-49 years),13,Men with 10 or more years of schooling (%),24.8,14.9,False,False
Odisha,Malkangiri,Characteristics of Adults (age 15-49 years),14,Women who have ever used the internet (%),41.5,15.8,False,False
Odisha,Malkangiri,Characteristics of Adults (age 15-49 years),15,Men who have ever used the internet (%),54.7,32.9,False,False
Odisha,Malkangiri,Marriage and Fertility,16,Women age 20-24 years married before age 18 years (%),33.1,32.4,False,False
Odisha,Malkangiri,Marriage and Fertility,17,Men age 25-29 years married before age 21 years (%),*,*,True,False
Odisha,Malkangiri,Marriage and Fertility,18,Three or more births in the 5 years preceding the survey (%),2.3,2.2,False,False
Odisha,Malkangiri,Marriage and Fertility,19,Women age 15-19 years who were already mothers or pregnant at the time of the survey (%),14.1,11.7,False,False
Odisha,Malkangiri,Marriage and Fertility,20,Any method2 (%),65.5,74.1,False,False
Odisha,Malkangiri,Marriage and Fertility,21,Any modern method2 (%),41.4,53.4,False,False
Odisha,Malkangiri,Marriage and Fertility,22,Any traditional method (%),24.1,20.7,False,False
Odisha,Malkangiri,Marriage and Fertility,23,Female sterilization (%),32.7,34.3,False,False
Odisha,Malkangiri,Marriage and Fertility,24,Male sterilization (%),0.6,1.0,False,False
Odisha,Malkangiri,Marriage and Fertility,25,Total unmet need3 (%),10.3,4.4,False,False
Odisha,Malkangiri,Marriage and Fertility,26,Unmet need for spacing3 (%),6.3,2.0,False,False
Odisha,Malkangiri,Marriage and Fertility,27,Unmet need for limiting3 (%),4.0,2.4,False,False
Odisha,Malkangiri,Antenatal Care (for last birth in the 5 years before the survey),28,Mothers who had an antenatal check-up in the first trimester (%),62.6,81.7,False,False
Odisha,Malkangiri,Antenatal Care (for last birth in the 5 years before the survey),29,Mothers who had any antenatal care visits (%),93.4,97.9,False,False
Odisha,Malkangiri,Antenatal Care (for last birth in the 5 years before the survey),30,Mothers who had at least 4 antenatal care visits (%),65.7,82.8,False,False
Odisha,Malkangiri,Antenatal Care (for last birth in the 5 years before the survey),31,Mothers whose last birth was protected against neonatal tetanus4 (%),96.4,95.0,False,False
Odisha,Malkangiri,Antenatal Care (for last birth in the 5 years before the survey),32,Mothers who consumed iron folic acid for 100 days or more when they were pregnant (%),77.4,63.8,False,False
Odisha,Malkangiri,Antenatal Care (for last birth in the 5 years before the survey),33,Mothers who consumed iron folic acid for 180 days or more when they were pregnant (%),60.6,34.3,False,False
Odisha,Malkangiri,Antenatal Care (for last birth in the 5 years before the survey),34,Registered pregnancies for which the mother received a Mother and Child Protection (MCP) card (%),100.0,99.1,False,False
Odisha,Malkangiri,Delivery Care (for births in the 5 years before the survey),35,Institutional births (%),90.9,90.7,False,False
Odisha,Malkangiri,Delivery Care (for births in the 5 years before the survey),36,Institutional births in public facility (%),90.6,89.9,False,False
Odisha,Malkangiri,Delivery Care (for births in the 5 years before the survey),37,Births attended by skilled health personnel5 (%),91.3,93.8,False,False
Odisha,Malkangiri,Delivery Care (for births in the 5 years before the survey),38,Births delivered by caesarean section (%),10.9,5.7,False,False
Odisha,Malkangiri,Delivery Care (for births in the 5 years before the survey),39,Births in a private health facility that were delivered by caesarean section (%),*,*,True,False
Odisha,Malkangiri,Delivery Care (for births in the 5 years before the survey),40,Births in a public health facility that were delivered by caesarean section (%),11.7,6.1,False,False
Odisha,Malkangiri,Postnatal Care (for last birth in the 5 years before the survey),41,Mothers who received postnatal care from a doctor/nurse/LHV/ANM/midwife/other health personnel within 2,81.2,89.5,False,False
Odisha,Malkangiri,Postnatal Care (for last birth in the 5 years before the survey),42,Children born at home who were taken to a health facility for a check-up within 24 hours of birth (%),*,15.8,True,False
Odisha,Malkangiri,Postnatal Care (for last birth in the 5 years before the survey),43,Children who received postnatal care from a doctor/nurse/LHV/ANM/midwife/other health personnel within 2,84.0,86.4,False,False
Odisha,Malkangiri,Child Vaccinations and Vitamin A Supplementation,44,Children age 12-23 months fully vaccinated based on information from either vaccination card or mother's,91.5,94.8,False,False
Odisha,Malkangiri,Child Vaccinations and Vitamin A Supplementation,45,Children age 12-23 months fully vaccinated based on information from vaccination card only7 (%),93.6,97.2,False,False
Odisha,Malkangiri,Child Vaccinations and Vitamin A Supplementation,46,Children age 12-23 months who have received any vaccine (%),93.0,100.0,False,False
Odisha,Malkangiri,Child Vaccinations and Vitamin A Supplementation,47,Children age 12-23 months who have received BCG (%),93.0,100.0,False,False
Odisha,Malkangiri,Child Vaccinations and Vitamin A Supplementation,48,Children age 12-23 months who have received 3 doses of polio vaccine8 (%),93.0,94.8,False,False
Odisha,Malkangiri,Child Vaccinations and Vitamin A Supplementation,49,Children age 12-23 months who have received 3 doses of pentavalent vaccine (%),91.5,97.3,False,False
Odisha,Malkangiri,Child Vaccinations and Vitamin A Supplementation,50,Children age 12-23 months who have received the first dose of measles-containing vaccine (MCV) (%),93.0,97.2,False,False
Odisha,Malkangiri,Child Vaccinations and Vitamin A Supplementation,51,Children age 24-35 months who have received a second dose of measles-containing vaccine (MCV) (%),84.9,81.2,False,False
Odisha,Malkangiri,Child Vaccinations and Vitamin A Supplementation,52,Children age 12-23 months who have received birth dose of hepatitis B vaccine (%),88.6,88.2,False,False
Odisha,Malkangiri,Child Vaccinations and Vitamin A Supplementation,53,Children age 12-23 months who have received 3 doses of rotavirus vaccine (%),88.6,96.2,False,False
Odisha,Malkangiri,Child Vaccinations and Vitamin A Supplementation,54,Children age 9-35 months who received a vitamin A dose in the last 6 months (%),77.3,88.0,False,False
Odisha,Malkangiri,Child Vaccinations and Vitamin A Supplementation,55,Children age 12-23 months who received most of their vaccinations in a public health facility (%),98.9,100.0,False,False
Odisha,Malkangiri,Child Vaccinations and Vitamin A Supplementation,56,Children age 12-23 months who received most of their vaccinations in a private health facility (%),1.1,0.0,False,False
Odisha,Malkangiri,Treatment of Childhood Diseases (children under age 5 years),57,Prevalence of diarrhoea in the 2 weeks preceding the survey (%),8.9,3.8,False,False
Odisha,Malkangiri,Treatment of Childhood Diseases (children under age 5 years),58,Prevalence of symptoms of acute respiratory infection (ARI) in the 2 weeks preceding the survey (%),0.5,1.1,False,False
Odisha,Malkangiri,Treatment of Childhood Diseases (children under age 5 years),59,Children with fever or symptoms of ARI in the 2 weeks preceding the survey taken to a health facility or,74.8,60.5,True,False
Odisha,Malkangiri,Child Feeding Practices and Nutritional Status of Children,60,Children under age 3 years breastfed within one hour of birth9 (%),67.9,74.0,False,False
Odisha,Malkangiri,Child Feeding Practices and Nutritional Status of Children,61,Children under age 6 months exclusively breastfed10 (%),64.6,80.9,True,False
Odisha,Malkangiri,Child Feeding Practices and Nutritional Status of Children,62,Children under age 6 months currently breastfeeding10 (%),96.8,98.1,True,False
Odisha,Malkangiri,Child Feeding Practices and Nutritional Status of Children,63,Children under age 6 months exclusively breastfed or breastfeeding and consuming plain water/other,75.7,88.5,True,False
Odisha,Malkangiri,Child Feeding Practices and Nutritional Status of Children,64,Children age 6-8 months receiving solid or semi-solid food and breastmilk10 (%),54.2,*,True,False
Odisha,Malkangiri,Child Feeding Practices and Nutritional Status of Children,65,"Breastfeeding children age 6-23 months receiving an adequate diet10, 11 (%)",23.0,21.6,False,False
Odisha,Malkangiri,Child Feeding Practices and Nutritional Status of Children,66,"Non-breastfeeding children age 6-23 months receiving an adequate diet10, 11 (%)",*,*,True,False
Odisha,Malkangiri,Child Feeding Practices and Nutritional Status of Children,67,"Total children age 6-23 months receiving an adequate diet10, 11 (%)",22.8,19.8,False,False
Odisha,Malkangiri,Child Feeding Practices and Nutritional Status of Children,68,Children under 5 years who are stunted (height-for-age)12 (%),37.3,44.3,False,False
Odisha,Malkangiri,Child Feeding Practices and Nutritional Status of Children,69,Children under 5 years who are wasted (weight-for-height)12 (%),30.7,19.3,False,False
Odisha,Malkangiri,Child Feeding Practices and Nutritional Status of Children,70,Children under 5 years who are severely wasted (weight-for-height)13 (%),9.6,5.5,False,False
Odisha,Malkangiri,Child Feeding Practices and Nutritional Status of Children,71,Children under 5 years who are underweight (weight-for-age)12 (%),46.1,41.6,False,False
Odisha,Malkangiri,Child Feeding Practices and Nutritional Status of Children,72,Children under 5 years who are overweight (weight-for-height)14 (%),0.5,1.0,False,False
Odisha,Malkangiri,Nutritional Status of Adults (age 15-49 years),73,Women whose Body Mass Index (BMI) is below normal (BMI <18.5 kg/m2)15 (%),43.3,38.6,False,False
Odisha,Malkangiri,Nutritional Status of Adults (age 15-49 years),74,Women who are overweight or obese (BMI ≥25.0 kg/m2)15 (%),12.2,10.1,False,False
Odisha,Malkangiri,Women,75,Blood sugar level - high (141-160 mg/dl)16 (%),9.1,7.4,False,False
Odisha,Malkangiri,Women,76,Blood sugar level - very high (>160 mg/dl)16 (%),8.2,3.6,False,False
Odisha,Malkangiri,Women,77,Blood sugar level - high or very high (>140 mg/dl) or taking medicine to control blood sugar level16 (%),17.6,11.6,False,False
Odisha,Malkangiri,Men,78,Blood sugar level - high (141-160 mg/dl)16 (%),8.5,7.4,False,False
Odisha,Malkangiri,Men,79,Blood sugar level - very high (>160 mg/dl)16 (%),11.6,6.0,False,False
Odisha,Malkangiri,Men,80,Blood sugar level - high or very high (>140 mg/dl) or taking medicine to control blood sugar level16 (%),20.6,13.9,False,False
Odisha,Malkangiri,Women,81,Mildly elevated blood pressure (Systolic 140-159 mm of Hg and/or Diastolic 90-99 mm of Hg) (%),9.8,10.4,False,False
Odisha,Malkangiri,Women,82,Moderately or severely elevated blood pressure (Systolic ≥160 mm of Hg and/or Diastolic ≥100 mm,6.1,4.9,False,False
Odisha,Malkangiri,Women,83,Elevated blood pressure (Systolic ≥140 mm of Hg and/or Diastolic ≥90 mm of Hg) or taking medicine to,18.2,17.1,False,False
Odisha,Malkangiri,Men,84,Mildly elevated blood pressure (Systolic 140-159 mm of Hg and/or Diastolic 90-99 mm of Hg) (%),12.0,13.5,False,False
Odisha,Malkangiri,Men,85,Moderately or severely elevated blood pressure (Systolic ≥160 mm of Hg and/or Diastolic ≥100 mm,7.2,6.3,False,False
Odisha,Malkangiri,Men,86,Elevated blood pressure (Systolic ≥140 mm of Hg and/or Diastolic ≥90 mm of Hg) or taking medicine to,20.6,20.7,False,False
Odisha,Malkangiri,Men,87,Women having a bank or savings account that they themselves use (%),82.3,88.3,False,False
Odisha,Malkangiri,Men,88,Women having a mobile phone that they themselves use (%),37.5,33.0,False,False
Odisha,Malkangiri,Men,89,Women age 15-24 years who use hygienic methods of protection during their menstrual period17 (%),74.9,64.7,False,False
Odisha,Malkangiri,Tobacco Use and Alcohol Consumption among Adults (age 15 years and above),90,Women age 15 years and above who use any kind of tobacco (%),37.5,33.5,False,False
Odisha,Malkangiri,Tobacco Use and Alcohol Consumption among Adults (age 15 years and above),91,Men age 15 years and above who use any kind of tobacco (%),60.3,54.9,False,False
Odisha,Malkangiri,Tobacco Use and Alcohol Consumption among Adults (age 15 years and above),92,Women age 15 years and above who consume alcohol (%),13.0,18.4,False,False
Odisha,Malkangiri,Tobacco Use and Alcohol Consumption among Adults (age 15 years and above),93,Men age 15 years and above who consume alcohol (%),36.5,42.1,False,False
Odisha,Mayurbhanj,Population and Household Profile,1,Population below age 5 years (%),8.1,8.3,False,False
Odisha,Mayurbhanj,Population and Household Profile,2,Population below age 15 years (%),22.1,26.0,False,False
Odisha,Mayurbhanj,Population and Household Profile,3,Population age 60 years and above (%),15.3,12.1,False,False
Odisha,Mayurbhanj,Population and Household Profile,4,Population living in households with electricity (%),94.0,90.3,False,False
Odisha,Mayurbhanj,Population and Household Profile,5,Population living in households with an improved drinking-water source1 (%),82.0,80.1,False,False
Odisha,Mayurbhanj,Population and Household Profile,6,Households using iodized salt (%),90.8,98.9,False,False
Odisha,Mayurbhanj,Population and Household Profile,7,Households with any usual member covered under a health insurance/financing scheme (%),79.4,46.5,False,False
Odisha,Mayurbhanj,Population and Household Profile,8,Households with any usual member having a bank account/post office account (%),97.6,96.0,False,False
Odisha,Mayurbhanj,Population and Household Profile,9,Female population age 6 years and above who ever attended school (%),66.5,63.0,False,False
Odisha,Mayurbhanj,Population and Household Profile,10,Households with any usual female members owning a house and/or land (alone or jointly with others) (%),17.7,15.0,False,False
Odisha,Mayurbhanj,Population and Household Profile,11,Children age 2-4 years who attended pre-school (%),56.3,61.3,False,False
Odisha,Mayurbhanj,Characteristics of Adults (age 15-49 years),12,Women with 10 or more years of schooling (%),42.3,25.1,False,False
Odisha,Mayurbhanj,Characteristics of Adults (age 15-49 years),13,Men with 10 or more years of schooling (%),47.1,23.8,False,False
Odisha,Mayurbhanj,Characteristics of Adults (age 15-49 years),14,Women who have ever used the internet (%),53.5,12.9,False,False
Odisha,Mayurbhanj,Characteristics of Adults (age 15-49 years),15,Men who have ever used the internet (%),68.4,36.2,False,False
Odisha,Mayurbhanj,Marriage and Fertility,16,Women age 20-24 years married before age 18 years (%),26.9,31.3,False,False
Odisha,Mayurbhanj,Marriage and Fertility,17,Men age 25-29 years married before age 21 years (%),*,*,True,False
Odisha,Mayurbhanj,Marriage and Fertility,18,Three or more births in the 5 years preceding the survey (%),0.4,1.3,False,False
Odisha,Mayurbhanj,Marriage and Fertility,19,Women age 15-19 years who were already mothers or pregnant at the time of the survey (%),14.8,17.2,False,False
Odisha,Mayurbhanj,Marriage and Fertility,20,Any method2 (%),58.3,76.3,False,False
Odisha,Mayurbhanj,Marriage and Fertility,21,Any modern method2 (%),44.2,50.8,False,False
Odisha,Mayurbhanj,Marriage and Fertility,22,Any traditional method (%),14.1,25.5,False,False
Odisha,Mayurbhanj,Marriage and Fertility,23,Female sterilization (%),21.2,25.0,False,False
Odisha,Mayurbhanj,Marriage and Fertility,24,Male sterilization (%),0.5,0.3,False,False
Odisha,Mayurbhanj,Marriage and Fertility,25,Total unmet need3 (%),12.7,5.9,False,False
Odisha,Mayurbhanj,Marriage and Fertility,26,Unmet need for spacing3 (%),5.9,2.4,False,False
Odisha,Mayurbhanj,Marriage and Fertility,27,Unmet need for limiting3 (%),6.8,3.5,False,False
Odisha,Mayurbhanj,Antenatal Care (for last birth in the 5 years before the survey),28,Mothers who had an antenatal check-up in the first trimester (%),56.1,65.9,False,False
Odisha,Mayurbhanj,Antenatal Care (for last birth in the 5 years before the survey),29,Mothers who had any antenatal care visits (%),84.8,95.7,False,False
Odisha,Mayurbhanj,Antenatal Care (for last birth in the 5 years before the survey),30,Mothers who had at least 4 antenatal care visits (%),55.4,52.9,False,False
Odisha,Mayurbhanj,Antenatal Care (for last birth in the 5 years before the survey),31,Mothers whose last birth was protected against neonatal tetanus4 (%),91.3,91.2,False,False
Odisha,Mayurbhanj,Antenatal Care (for last birth in the 5 years before the survey),32,Mothers who consumed iron folic acid for 100 days or more when they were pregnant (%),75.0,41.7,False,False
Odisha,Mayurbhanj,Antenatal Care (for last birth in the 5 years before the survey),33,Mothers who consumed iron folic acid for 180 days or more when they were pregnant (%),57.2,21.6,False,False
Odisha,Mayurbhanj,Antenatal Care (for last birth in the 5 years before the survey),34,Registered pregnancies for which the mother received a Mother and Child Protection (MCP) card (%),98.7,98.7,False,False
Odisha,Mayurbhanj,Delivery Care (for births in the 5 years before the survey),35,Institutional births (%),93.4,91.7,False,False
Odisha,Mayurbhanj,Delivery Care (for births in the 5 years before the survey),36,Institutional births in public facility (%),89.6,90.2,False,False
Odisha,Mayurbhanj,Delivery Care (for births in the 5 years before the survey),37,Births attended by skilled health personnel5 (%),92.0,87.1,False,False
Odisha,Mayurbhanj,Delivery Care (for births in the 5 years before the survey),38,Births delivered by caesarean section (%),15.0,8.6,False,False
Odisha,Mayurbhanj,Delivery Care (for births in the 5 years before the survey),39,Births in a private health facility that were delivered by caesarean section (%),*,*,True,False
Odisha,Mayurbhanj,Delivery Care (for births in the 5 years before the survey),40,Births in a public health facility that were delivered by caesarean section (%),14.1,8.6,False,False
Odisha,Mayurbhanj,Postnatal Care (for last birth in the 5 years before the survey),41,Mothers who received postnatal care from a doctor/nurse/LHV/ANM/midwife/other health personnel within 2,83.0,86.3,False,False
Odisha,Mayurbhanj,Postnatal Care (for last birth in the 5 years before the survey),42,Children born at home who were taken to a health facility for a check-up within 24 hours of birth (%),*,*,True,False
Odisha,Mayurbhanj,Postnatal Care (for last birth in the 5 years before the survey),43,Children who received postnatal care from a doctor/nurse/LHV/ANM/midwife/other health personnel within 2,83.2,81.2,False,False
Odisha,Mayurbhanj,Child Vaccinations and Vitamin A Supplementation,44,Children age 12-23 months fully vaccinated based on information from either vaccination card or mother's,91.9,84.4,False,False
Odisha,Mayurbhanj,Child Vaccinations and Vitamin A Supplementation,45,Children age 12-23 months fully vaccinated based on information from vaccination card only7 (%),89.6,85.4,True,False
Odisha,Mayurbhanj,Child Vaccinations and Vitamin A Supplementation,46,Children age 12-23 months who have received any vaccine (%),97.6,94.9,False,False
Odisha,Mayurbhanj,Child Vaccinations and Vitamin A Supplementation,47,Children age 12-23 months who have received BCG (%),95.6,93.2,False,False
Odisha,Mayurbhanj,Child Vaccinations and Vitamin A Supplementation,48,Children age 12-23 months who have received 3 doses of polio vaccine8 (%),93.9,86.2,False,False
Odisha,Mayurbhanj,Child Vaccinations and Vitamin A Supplementation,49,Children age 12-23 months who have received 3 doses of pentavalent vaccine (%),95.9,89.6,False,False
Odisha,Mayurbhanj,Child Vaccinations and Vitamin A Supplementation,50,Children age 12-23 months who have received the first dose of measles-containing vaccine (MCV) (%),95.9,88.0,False,False
Odisha,Mayurbhanj,Child Vaccinations and Vitamin A Supplementation,51,Children age 24-35 months who have received a second dose of measles-containing vaccine (MCV) (%),77.9,62.3,False,False
Odisha,Mayurbhanj,Child Vaccinations and Vitamin A Supplementation,52,Children age 12-23 months who have received birth dose of hepatitis B vaccine (%),92.2,86.6,False,False
Odisha,Mayurbhanj,Child Vaccinations and Vitamin A Supplementation,53,Children age 12-23 months who have received 3 doses of rotavirus vaccine (%),87.7,86.2,False,False
Odisha,Mayurbhanj,Child Vaccinations and Vitamin A Supplementation,54,Children age 9-35 months who received a vitamin A dose in the last 6 months (%),80.5,78.9,False,False
Odisha,Mayurbhanj,Child Vaccinations and Vitamin A Supplementation,55,Children age 12-23 months who received most of their vaccinations in a public health facility (%),100.0,97.0,False,False
Odisha,Mayurbhanj,Child Vaccinations and Vitamin A Supplementation,56,Children age 12-23 months who received most of their vaccinations in a private health facility (%),0.0,3.0,False,False
Odisha,Mayurbhanj,Treatment of Childhood Diseases (children under age 5 years),57,Prevalence of diarrhoea in the 2 weeks preceding the survey (%),10.2,17.5,False,False
Odisha,Mayurbhanj,Treatment of Childhood Diseases (children under age 5 years),58,Prevalence of symptoms of acute respiratory infection (ARI) in the 2 weeks preceding the survey (%),0.4,3.2,False,False
Odisha,Mayurbhanj,Treatment of Childhood Diseases (children under age 5 years),59,Children with fever or symptoms of ARI in the 2 weeks preceding the survey taken to a health facility or,74.2,49.1,True,False
Odisha,Mayurbhanj,Child Feeding Practices and Nutritional Status of Children,60,Children under age 3 years breastfed within one hour of birth9 (%),46.2,58.4,False,False
Odisha,Mayurbhanj,Child Feeding Practices and Nutritional Status of Children,61,Children under age 6 months exclusively breastfed10 (%),75.7,68.6,True,False
Odisha,Mayurbhanj,Child Feeding Practices and Nutritional Status of Children,62,Children under age 6 months currently breastfeeding10 (%),100.0,89.1,True,False
Odisha,Mayurbhanj,Child Feeding Practices and Nutritional Status of Children,63,Children under age 6 months exclusively breastfed or breastfeeding and consuming plain water/other,85.7,74.9,True,False
Odisha,Mayurbhanj,Child Feeding Practices and Nutritional Status of Children,64,Children age 6-8 months receiving solid or semi-solid food and breastmilk10 (%),*,*,True,False
Odisha,Mayurbhanj,Child Feeding Practices and Nutritional Status of Children,65,"Breastfeeding children age 6-23 months receiving an adequate diet10, 11 (%)",18.5,24.6,False,False
Odisha,Mayurbhanj,Child Feeding Practices and Nutritional Status of Children,66,"Non-breastfeeding children age 6-23 months receiving an adequate diet10, 11 (%)",*,*,True,False
Odisha,Mayurbhanj,Child Feeding Practices and Nutritional Status of Children,67,"Total children age 6-23 months receiving an adequate diet10, 11 (%)",18.3,23.7,False,False
Odisha,Mayurbhanj,Child Feeding Practices and Nutritional Status of Children,68,Children under 5 years who are stunted (height-for-age)12 (%),26.5,36.7,False,False
Odisha,Mayurbhanj,Child Feeding Practices and Nutritional Status of Children,69,Children under 5 years who are wasted (weight-for-height)12 (%),33.0,28.5,False,False
Odisha,Mayurbhanj,Child Feeding Practices and Nutritional Status of Children,70,Children under 5 years who are severely wasted (weight-for-height)13 (%),10.8,10.4,False,False
Odisha,Mayurbhanj,Child Feeding Practices and Nutritional Status of Children,71,Children under 5 years who are underweight (weight-for-age)12 (%),44.3,45.9,False,False
Odisha,Mayurbhanj,Child Feeding Practices and Nutritional Status of Children,72,Children under 5 years who are overweight (weight-for-height)14 (%),1.8,3.0,False,False
Odisha,Mayurbhanj,Nutritional Status of Adults (age 15-49 years),73,Women whose Body Mass Index (BMI) is below normal (BMI <18.5 kg/m2)15 (%),26.8,30.2,False,False
Odisha,Mayurbhanj,Nutritional Status of Adults (age 15-49 years),74,Women who are overweight or obese (BMI ≥25.0 kg/m2)15 (%),18.7,14.3,False,False
Odisha,Mayurbhanj,Women,75,Blood sugar level - high (141-160 mg/dl)16 (%),9.3,4.3,False,False
Odisha,Mayurbhanj,Women,76,Blood sugar level - very high (>160 mg/dl)16 (%),9.4,3.8,False,False
Odisha,Mayurbhanj,Women,77,Blood sugar level - high or very high (>140 mg/dl) or taking medicine to control blood sugar level16 (%),19.6,8.8,False,False
Odisha,Mayurbhanj,Men,78,Blood sugar level - high (141-160 mg/dl)16 (%),11.7,4.9,False,False
Odisha,Mayurbhanj,Men,79,Blood sugar level - very high (>160 mg/dl)16 (%),13.8,6.7,False,False
Odisha,Mayurbhanj,Men,80,Blood sugar level - high or very high (>140 mg/dl) or taking medicine to control blood sugar level16 (%),26.0,12.3,False,False
Odisha,Mayurbhanj,Women,81,Mildly elevated blood pressure (Systolic 140-159 mm of Hg and/or Diastolic 90-99 mm of Hg) (%),14.0,14.2,False,False
Odisha,Mayurbhanj,Women,82,Moderately or severely elevated blood pressure (Systolic ≥160 mm of Hg and/or Diastolic ≥100 mm,7.0,8.9,False,False
Odisha,Mayurbhanj,Women,83,Elevated blood pressure (Systolic ≥140 mm of Hg and/or Diastolic ≥90 mm of Hg) or taking medicine to,25.5,26.1,False,False
Odisha,Mayurbhanj,Men,84,Mildly elevated blood pressure (Systolic 140-159 mm of Hg and/or Diastolic 90-99 mm of Hg) (%),14.2,19.0,False,False
Odisha,Mayurbhanj,Men,85,Moderately or severely elevated blood pressure (Systolic ≥160 mm of Hg and/or Diastolic ≥100 mm,7.0,7.8,False,False
Odisha,Mayurbhanj,Men,86,Elevated blood pressure (Systolic ≥140 mm of Hg and/or Diastolic ≥90 mm of Hg) or taking medicine to,25.1,28.8,False,False
Odisha,Mayurbhanj,Men,87,Women having a bank or savings account that they themselves use (%),86.7,82.1,False,False
Odisha,Mayurbhanj,Men,88,Women having a mobile phone that they themselves use (%),59.7,41.9,False,False
Odisha,Mayurbhanj,Men,89,Women age 15-24 years who use hygienic methods of protection during their menstrual period17 (%),89.6,76.2,False,False
Odisha,Mayurbhanj,Tobacco Use and Alcohol Consumption among Adults (age 15 years and above),90,Women age 15 years and above who use any kind of tobacco (%),27.7,34.9,False,False
Odisha,Mayurbhanj,Tobacco Use and Alcohol Consumption among Adults (age 15 years and above),91,Men age 15 years and above who use any kind of tobacco (%),51.0,62.2,False,False
Odisha,Mayurbhanj,Tobacco Use and Alcohol Consumption among Adults (age 15 years and above),92,Women age 15 years and above who consume alcohol (%),10.9,17.0,False,False
Odisha,Mayurbhanj,Tobacco Use and Alcohol Consumption among Adults (age 15 years and above),93,Men age 15 years and above who consume alcohol (%),33.0,45.6,False,False
Odisha,Nabarangpur,Population and Household Profile,1,Population below age 5 years (%),9.2,10.7,False,False
Odisha,Nabarangpur,Population and Household Profile,2,Population below age 15 years (%),26.2,31.8,False,False
Odisha,Nabarangpur,Population and Household Profile,3,Population age 60 years and above (%),10.6,10.1,False,False
Odisha,Nabarangpur,Population and Household Profile,4,Population living in households with electricity (%),97.4,97.4,False,False
Odisha,Nabarangpur,Population and Household Profile,5,Population living in households with an improved drinking-water source1 (%),96.9,99.1,False,False
Odisha,Nabarangpur,Population and Household Profile,6,Households using iodized salt (%),95.9,96.7,False,False
Odisha,Nabarangpur,Population and Household Profile,7,Households with any usual member covered under a health insurance/financing scheme (%),89.6,48.4,False,False
Odisha,Nabarangpur,Population and Household Profile,8,Households with any usual member having a bank account/post office account (%),99.4,96.3,False,False
Odisha,Nabarangpur,Population and Household Profile,9,Female population age 6 years and above who ever attended school (%),52.2,52.9,False,False
Odisha,Nabarangpur,Population and Household Profile,10,Households with any usual female members owning a house and/or land (alone or jointly with others) (%),13.0,9.9,False,False
Odisha,Nabarangpur,Population and Household Profile,11,Children age 2-4 years who attended pre-school (%),55.6,60.4,False,False
Odisha,Nabarangpur,Characteristics of Adults (age 15-49 years),12,Women with 10 or more years of schooling (%),23.0,15.5,False,False
Odisha,Nabarangpur,Characteristics of Adults (age 15-49 years),13,Men with 10 or more years of schooling (%),31.7,24.9,False,False
Odisha,Nabarangpur,Characteristics of Adults (age 15-49 years),14,Women who have ever used the internet (%),32.4,13.5,False,False
Odisha,Nabarangpur,Characteristics of Adults (age 15-49 years),15,Men who have ever used the internet (%),59.4,38.8,False,False
Odisha,Nabarangpur,Marriage and Fertility,16,Women age 20-24 years married before age 18 years (%),27.1,39.4,False,False
Odisha,Nabarangpur,Marriage and Fertility,17,Men age 25-29 years married before age 21 years (%),33.2,*,True,False
Odisha,Nabarangpur,Marriage and Fertility,18,Three or more births in the 5 years preceding the survey (%),2.1,1.5,False,False
Odisha,Nabarangpur,Marriage and Fertility,19,Women age 15-19 years who were already mothers or pregnant at the time of the survey (%),6.6,8.3,False,False
Odisha,Nabarangpur,Marriage and Fertility,20,Any method2 (%),61.7,77.1,False,False
Odisha,Nabarangpur,Marriage and Fertility,21,Any modern method2 (%),42.1,56.3,False,False
Odisha,Nabarangpur,Marriage and Fertility,22,Any traditional method (%),19.6,20.8,False,False
Odisha,Nabarangpur,Marriage and Fertility,23,Female sterilization (%),28.2,30.7,False,False
Odisha,Nabarangpur,Marriage and Fertility,24,Male sterilization (%),0.1,0.0,False,False
Odisha,Nabarangpur,Marriage and Fertility,25,Total unmet need3 (%),10.9,3.4,False,False
Odisha,Nabarangpur,Marriage and Fertility,26,Unmet need for spacing3 (%),6.3,2.1,False,False
Odisha,Nabarangpur,Marriage and Fertility,27,Unmet need for limiting3 (%),4.6,1.3,False,False
Odisha,Nabarangpur,Antenatal Care (for last birth in the 5 years before the survey),28,Mothers who had an antenatal check-up in the first trimester (%),59.8,82.1,False,False
Odisha,Nabarangpur,Antenatal Care (for last birth in the 5 years before the survey),29,Mothers who had any antenatal care visits (%),95.2,99.7,False,False
Odisha,Nabarangpur,Antenatal Care (for last birth in the 5 years before the survey),30,Mothers who had at least 4 antenatal care visits (%),61.0,87.7,False,False
Odisha,Nabarangpur,Antenatal Care (for last birth in the 5 years before the survey),31,Mothers whose last birth was protected against neonatal tetanus4 (%),97.7,98.9,False,False
Odisha,Nabarangpur,Antenatal Care (for last birth in the 5 years before the survey),32,Mothers who consumed iron folic acid for 100 days or more when they were pregnant (%),80.5,83.2,False,False
Odisha,Nabarangpur,Antenatal Care (for last birth in the 5 years before the survey),33,Mothers who consumed iron folic acid for 180 days or more when they were pregnant (%),55.2,48.7,False,False
Odisha,Nabarangpur,Antenatal Care (for last birth in the 5 years before the survey),34,Registered pregnancies for which the mother received a Mother and Child Protection (MCP) card (%),98.7,100.0,False,False
Odisha,Nabarangpur,Delivery Care (for births in the 5 years before the survey),35,Institutional births (%),81.9,87.6,False,False
Odisha,Nabarangpur,Delivery Care (for births in the 5 years before the survey),36,Institutional births in public facility (%),79.6,84.6,False,False
Odisha,Nabarangpur,Delivery Care (for births in the 5 years before the survey),37,Births attended by skilled health personnel5 (%),83.4,87.5,False,False
Odisha,Nabarangpur,Delivery Care (for births in the 5 years before the survey),38,Births delivered by caesarean section (%),9.1,7.2,False,False
Odisha,Nabarangpur,Delivery Care (for births in the 5 years before the survey),39,Births in a private health facility that were delivered by caesarean section (%),*,*,True,False
Odisha,Nabarangpur,Delivery Care (for births in the 5 years before the survey),40,Births in a public health facility that were delivered by caesarean section (%),9.8,6.1,False,False
Odisha,Nabarangpur,Postnatal Care (for last birth in the 5 years before the survey),41,Mothers who received postnatal care from a doctor/nurse/LHV/ANM/midwife/other health personnel within 2,79.4,89.3,False,False
Odisha,Nabarangpur,Postnatal Care (for last birth in the 5 years before the survey),42,Children born at home who were taken to a health facility for a check-up within 24 hours of birth (%),7.0,7.3,True,False
Odisha,Nabarangpur,Postnatal Care (for last birth in the 5 years before the survey),43,Children who received postnatal care from a doctor/nurse/LHV/ANM/midwife/other health personnel within 2,78.4,88.7,False,False
Odisha,Nabarangpur,Child Vaccinations and Vitamin A Supplementation,44,Children age 12-23 months fully vaccinated based on information from either vaccination card or mother's,91.6,94.8,False,False
Odisha,Nabarangpur,Child Vaccinations and Vitamin A Supplementation,45,Children age 12-23 months fully vaccinated based on information from vaccination card only7 (%),88.6,96.1,False,False
Odisha,Nabarangpur,Child Vaccinations and Vitamin A Supplementation,46,Children age 12-23 months who have received any vaccine (%),95.2,100.0,False,False
Odisha,Nabarangpur,Child Vaccinations and Vitamin A Supplementation,47,Children age 12-23 months who have received BCG (%),94.1,100.0,False,False
Odisha,Nabarangpur,Child Vaccinations and Vitamin A Supplementation,48,Children age 12-23 months who have received 3 doses of polio vaccine8 (%),92.8,94.8,False,False
Odisha,Nabarangpur,Child Vaccinations and Vitamin A Supplementation,49,Children age 12-23 months who have received 3 doses of pentavalent vaccine (%),95.2,96.1,False,False
Odisha,Nabarangpur,Child Vaccinations and Vitamin A Supplementation,50,Children age 12-23 months who have received the first dose of measles-containing vaccine (MCV) (%),95.2,97.4,False,False
Odisha,Nabarangpur,Child Vaccinations and Vitamin A Supplementation,51,Children age 24-35 months who have received a second dose of measles-containing vaccine (MCV) (%),74.7,79.8,False,False
Odisha,Nabarangpur,Child Vaccinations and Vitamin A Supplementation,52,Children age 12-23 months who have received birth dose of hepatitis B vaccine (%),89.4,85.1,False,False
Odisha,Nabarangpur,Child Vaccinations and Vitamin A Supplementation,53,Children age 12-23 months who have received 3 doses of rotavirus vaccine (%),91.5,97.4,False,False
Odisha,Nabarangpur,Child Vaccinations and Vitamin A Supplementation,54,Children age 9-35 months who received a vitamin A dose in the last 6 months (%),79.3,86.7,False,False
Odisha,Nabarangpur,Child Vaccinations and Vitamin A Supplementation,55,Children age 12-23 months who received most of their vaccinations in a public health facility (%),100.0,100.0,False,False
Odisha,Nabarangpur,Child Vaccinations and Vitamin A Supplementation,56,Children age 12-23 months who received most of their vaccinations in a private health facility (%),0.0,0.0,False,False
Odisha,Nabarangpur,Treatment of Childhood Diseases (children under age 5 years),57,Prevalence of diarrhoea in the 2 weeks preceding the survey (%),5.8,3.6,False,False
Odisha,Nabarangpur,Treatment of Childhood Diseases (children under age 5 years),58,Prevalence of symptoms of acute respiratory infection (ARI) in the 2 weeks preceding the survey (%),1.1,0.5,False,False
Odisha,Nabarangpur,Treatment of Childhood Diseases (children under age 5 years),59,Children with fever or symptoms of ARI in the 2 weeks preceding the survey taken to a health facility or,69.7,*,True,False
Odisha,Nabarangpur,Child Feeding Practices and Nutritional Status of Children,60,Children under age 3 years breastfed within one hour of birth9 (%),69.5,79.5,False,False
Odisha,Nabarangpur,Child Feeding Practices and Nutritional Status of Children,61,Children under age 6 months exclusively breastfed10 (%),57.3,72.5,True,False
Odisha,Nabarangpur,Child Feeding Practices and Nutritional Status of Children,62,Children under age 6 months currently breastfeeding10 (%),91.9,100.0,True,False
Odisha,Nabarangpur,Child Feeding Practices and Nutritional Status of Children,63,Children under age 6 months exclusively breastfed or breastfeeding and consuming plain water/other,73.2,89.6,True,False
Odisha,Nabarangpur,Child Feeding Practices and Nutritional Status of Children,64,Children age 6-8 months receiving solid or semi-solid food and breastmilk10 (%),*,*,True,False
Odisha,Nabarangpur,Child Feeding Practices and Nutritional Status of Children,65,"Breastfeeding children age 6-23 months receiving an adequate diet10, 11 (%)",18.7,17.0,False,False
Odisha,Nabarangpur,Child Feeding Practices and Nutritional Status of Children,66,"Non-breastfeeding children age 6-23 months receiving an adequate diet10, 11 (%)",*,*,True,False
Odisha,Nabarangpur,Child Feeding Practices and Nutritional Status of Children,67,"Total children age 6-23 months receiving an adequate diet10, 11 (%)",17.8,16.8,False,False
Odisha,Nabarangpur,Child Feeding Practices and Nutritional Status of Children,68,Children under 5 years who are stunted (height-for-age)12 (%),32.1,44.1,False,False
Odisha,Nabarangpur,Child Feeding Practices and Nutritional Status of Children,69,Children under 5 years who are wasted (weight-for-height)12 (%),24.2,25.2,False,False
Odisha,Nabarangpur,Child Feeding Practices and Nutritional Status of Children,70,Children under 5 years who are severely wasted (weight-for-height)13 (%),5.6,9.7,False,False
Odisha,Nabarangpur,Child Feeding Practices and Nutritional Status of Children,71,Children under 5 years who are underweight (weight-for-age)12 (%),38.9,46.6,False,False
Odisha,Nabarangpur,Child Feeding Practices and Nutritional Status of Children,72,Children under 5 years who are overweight (weight-for-height)14 (%),0.3,5.0,False,False
Odisha,Nabarangpur,Nutritional Status of Adults (age 15-49 years),73,Women whose Body Mass Index (BMI) is below normal (BMI <18.5 kg/m2)15 (%),40.5,30.9,False,False
Odisha,Nabarangpur,Nutritional Status of Adults (age 15-49 years),74,Women who are overweight or obese (BMI ≥25.0 kg/m2)15 (%),8.1,8.1,False,False
Odisha,Nabarangpur,Women,75,Blood sugar level - high (141-160 mg/dl)16 (%),7.8,3.9,False,False
Odisha,Nabarangpur,Women,76,Blood sugar level - very high (>160 mg/dl)16 (%),6.3,2.9,False,False
Odisha,Nabarangpur,Women,77,Blood sugar level - high or very high (>140 mg/dl) or taking medicine to control blood sugar level16 (%),14.4,7.1,False,False
Odisha,Nabarangpur,Men,78,Blood sugar level - high (141-160 mg/dl)16 (%),11.6,5.2,False,False
Odisha,Nabarangpur,Men,79,Blood sugar level - very high (>160 mg/dl)16 (%),8.2,4.9,False,False
Odisha,Nabarangpur,Men,80,Blood sugar level - high or very high (>140 mg/dl) or taking medicine to control blood sugar level16 (%),20.4,10.3,False,False
Odisha,Nabarangpur,Women,81,Mildly elevated blood pressure (Systolic 140-159 mm of Hg and/or Diastolic 90-99 mm of Hg) (%),9.5,15.7,False,False
Odisha,Nabarangpur,Women,82,Moderately or severely elevated blood pressure (Systolic ≥160 mm of Hg and/or Diastolic ≥100 mm,6.2,4.0,False,False
Odisha,Nabarangpur,Women,83,Elevated blood pressure (Systolic ≥140 mm of Hg and/or Diastolic ≥90 mm of Hg) or taking medicine to,19.2,20.8,False,False
Odisha,Nabarangpur,Men,84,Mildly elevated blood pressure (Systolic 140-159 mm of Hg and/or Diastolic 90-99 mm of Hg) (%),11.0,18.0,False,False
Odisha,Nabarangpur,Men,85,Moderately or severely elevated blood pressure (Systolic ≥160 mm of Hg and/or Diastolic ≥100 mm,5.9,3.4,False,False
Odisha,Nabarangpur,Men,86,Elevated blood pressure (Systolic ≥140 mm of Hg and/or Diastolic ≥90 mm of Hg) or taking medicine to,18.8,22.6,False,False
Odisha,Nabarangpur,Men,87,Women having a bank or savings account that they themselves use (%),85.8,79.5,False,False
Odisha,Nabarangpur,Men,88,Women having a mobile phone that they themselves use (%),36.7,27.9,False,False
Odisha,Nabarangpur,Men,89,Women age 15-24 years who use hygienic methods of protection during their menstrual period17 (%),62.7,60.1,False,False
Odisha,Nabarangpur,Tobacco Use and Alcohol Consumption among Adults (age 15 years and above),90,Women age 15 years and above who use any kind of tobacco (%),30.8,34.4,False,False
Odisha,Nabarangpur,Tobacco Use and Alcohol Consumption among Adults (age 15 years and above),91,Men age 15 years and above who use any kind of tobacco (%),60.0,61.2,False,False
Odisha,Nabarangpur,Tobacco Use and Alcohol Consumption among Adults (age 15 years and above),92,Women age 15 years and above who consume alcohol (%),6.0,6.0,False,False
Odisha,Nabarangpur,Tobacco Use and Alcohol Consumption among Adults (age 15 years and above),93,Men age 15 years and above who consume alcohol (%),31.8,36.2,False,False
Odisha,Nayagarh,Population and Household Profile,1,Population below age 5 years (%),6.3,7.5,False,False
Odisha,Nayagarh,Population and Household Profile,2,Population below age 15 years (%),22.1,23.1,False,False
Odisha,Nayagarh,Population and Household Profile,3,Population age 60 years and above (%),19.5,16.7,False,False
Odisha,Nayagarh,Population and Household Profile,4,Population living in households with electricity (%),99.1,98.3,False,False
Odisha,Nayagarh,Population and Household Profile,5,Population living in households with an improved drinking-water source1 (%),88.3,82.9,False,False
Odisha,Nayagarh,Population and Household Profile,6,Households using iodized salt (%),97.7,98.1,False,False
Odisha,Nayagarh,Population and Household Profile,7,Households with any usual member covered under a health insurance/financing scheme (%),86.2,49.3,False,False
Odisha,Nayagarh,Population and Household Profile,8,Households with any usual member having a bank account/post office account (%),99.4,98.5,False,False
Odisha,Nayagarh,Population and Household Profile,9,Female population age 6 years and above who ever attended school (%),78.4,76.1,False,False
Odisha,Nayagarh,Population and Household Profile,10,Households with any usual female members owning a house and/or land (alone or jointly with others) (%),11.5,15.3,False,False
Odisha,Nayagarh,Population and Household Profile,11,Children age 2-4 years who attended pre-school (%),53.9,61.8,False,False
Odisha,Nayagarh,Characteristics of Adults (age 15-49 years),12,Women with 10 or more years of schooling (%),40.6,27.1,False,False
Odisha,Nayagarh,Characteristics of Adults (age 15-49 years),13,Men with 10 or more years of schooling (%),46.6,39.1,False,False
Odisha,Nayagarh,Characteristics of Adults (age 15-49 years),14,Women who have ever used the internet (%),62.0,28.0,False,False
Odisha,Nayagarh,Characteristics of Adults (age 15-49 years),15,Men who have ever used the internet (%),74.4,57.0,False,False
Odisha,Nayagarh,Marriage and Fertility,16,Women age 20-24 years married before age 18 years (%),25.0,35.7,False,False
Odisha,Nayagarh,Marriage and Fertility,17,Men age 25-29 years married before age 21 years (%),*,*,True,False
Odisha,Nayagarh,Marriage and Fertility,18,Three or more births in the 5 years preceding the survey (%),0.0,0.0,False,False
Odisha,Nayagarh,Marriage and Fertility,19,Women age 15-19 years who were already mothers or pregnant at the time of the survey (%),6.0,10.0,False,False
Odisha,Nayagarh,Marriage and Fertility,20,Any method2 (%),77.1,78.2,False,False
Odisha,Nayagarh,Marriage and Fertility,21,Any modern method2 (%),37.6,43.7,False,False
Odisha,Nayagarh,Marriage and Fertility,22,Any traditional method (%),39.5,34.5,False,False
Odisha,Nayagarh,Marriage and Fertility,23,Female sterilization (%),29.8,31.7,False,False
Odisha,Nayagarh,Marriage and Fertility,24,Male sterilization (%),0.2,0.1,False,False
Odisha,Nayagarh,Marriage and Fertility,25,Total unmet need3 (%),6.2,4.6,False,False
Odisha,Nayagarh,Marriage and Fertility,26,Unmet need for spacing3 (%),3.0,1.6,False,False
Odisha,Nayagarh,Marriage and Fertility,27,Unmet need for limiting3 (%),3.2,3.0,False,False
Odisha,Nayagarh,Antenatal Care (for last birth in the 5 years before the survey),28,Mothers who had an antenatal check-up in the first trimester (%),85.6,86.0,False,False
Odisha,Nayagarh,Antenatal Care (for last birth in the 5 years before the survey),29,Mothers who had any antenatal care visits (%),98.0,100.0,False,False
Odisha,Nayagarh,Antenatal Care (for last birth in the 5 years before the survey),30,Mothers who had at least 4 antenatal care visits (%),89.7,90.3,False,False
Odisha,Nayagarh,Antenatal Care (for last birth in the 5 years before the survey),31,Mothers whose last birth was protected against neonatal tetanus4 (%),98.7,96.1,False,False
Odisha,Nayagarh,Antenatal Care (for last birth in the 5 years before the survey),32,Mothers who consumed iron folic acid for 100 days or more when they were pregnant (%),81.0,66.4,False,False
Odisha,Nayagarh,Antenatal Care (for last birth in the 5 years before the survey),33,Mothers who consumed iron folic acid for 180 days or more when they were pregnant (%),55.3,49.3,False,False
Odisha,Nayagarh,Antenatal Care (for last birth in the 5 years before the survey),34,Registered pregnancies for which the mother received a Mother and Child Protection (MCP) card (%),100.0,100.0,False,False
Odisha,Nayagarh,Delivery Care (for births in the 5 years before the survey),35,Institutional births (%),96.1,98.3,False,False
Odisha,Nayagarh,Delivery Care (for births in the 5 years before the survey),36,Institutional births in public facility (%),63.2,75.2,False,False
Odisha,Nayagarh,Delivery Care (for births in the 5 years before the survey),37,Births attended by skilled health personnel5 (%),97.2,98.4,False,False
Odisha,Nayagarh,Delivery Care (for births in the 5 years before the survey),38,Births delivered by caesarean section (%),37.8,28.1,False,False
Odisha,Nayagarh,Delivery Care (for births in the 5 years before the survey),39,Births in a private health facility that were delivered by caesarean section (%),76.1,82.1,False,False
Odisha,Nayagarh,Delivery Care (for births in the 5 years before the survey),40,Births in a public health facility that were delivered by caesarean section (%),20.2,12.2,False,False
Odisha,Nayagarh,Postnatal Care (for last birth in the 5 years before the survey),41,Mothers who received postnatal care from a doctor/nurse/LHV/ANM/midwife/other health personnel within 2,91.8,96.2,False,False
Odisha,Nayagarh,Postnatal Care (for last birth in the 5 years before the survey),42,Children born at home who were taken to a health facility for a check-up within 24 hours of birth (%),*,*,True,False
Odisha,Nayagarh,Postnatal Care (for last birth in the 5 years before the survey),43,Children who received postnatal care from a doctor/nurse/LHV/ANM/midwife/other health personnel within 2,92.1,96.1,False,False
Odisha,Nayagarh,Child Vaccinations and Vitamin A Supplementation,44,Children age 12-23 months fully vaccinated based on information from either vaccination card or mother's,95.1,96.1,True,False
Odisha,Nayagarh,Child Vaccinations and Vitamin A Supplementation,45,Children age 12-23 months fully vaccinated based on information from vaccination card only7 (%),100.0,96.1,True,False
Odisha,Nayagarh,Child Vaccinations and Vitamin A Supplementation,46,Children age 12-23 months who have received any vaccine (%),97.6,98.2,True,False
Odisha,Nayagarh,Child Vaccinations and Vitamin A Supplementation,47,Children age 12-23 months who have received BCG (%),97.6,98.2,True,False
Odisha,Nayagarh,Child Vaccinations and Vitamin A Supplementation,48,Children age 12-23 months who have received 3 doses of polio vaccine8 (%),95.1,96.1,True,False
Odisha,Nayagarh,Child Vaccinations and Vitamin A Supplementation,49,Children age 12-23 months who have received 3 doses of pentavalent vaccine (%),97.6,96.1,True,False
Odisha,Nayagarh,Child Vaccinations and Vitamin A Supplementation,50,Children age 12-23 months who have received the first dose of measles-containing vaccine (MCV) (%),97.6,98.2,True,False
Odisha,Nayagarh,Child Vaccinations and Vitamin A Supplementation,51,Children age 24-35 months who have received a second dose of measles-containing vaccine (MCV) (%),91.4,82.0,True,False
Odisha,Nayagarh,Child Vaccinations and Vitamin A Supplementation,52,Children age 12-23 months who have received birth dose of hepatitis B vaccine (%),97.6,94.3,True,False
Odisha,Nayagarh,Child Vaccinations and Vitamin A Supplementation,53,Children age 12-23 months who have received 3 doses of rotavirus vaccine (%),97.6,91.9,True,False
Odisha,Nayagarh,Child Vaccinations and Vitamin A Supplementation,54,Children age 9-35 months who received a vitamin A dose in the last 6 months (%),86.9,92.0,False,False
Odisha,Nayagarh,Child Vaccinations and Vitamin A Supplementation,55,Children age 12-23 months who received most of their vaccinations in a public health facility (%),100.0,100.0,True,False
Odisha,Nayagarh,Child Vaccinations and Vitamin A Supplementation,56,Children age 12-23 months who received most of their vaccinations in a private health facility (%),0.0,0.0,True,False
Odisha,Nayagarh,Treatment of Childhood Diseases (children under age 5 years),57,Prevalence of diarrhoea in the 2 weeks preceding the survey (%),5.0,10.6,False,False
Odisha,Nayagarh,Treatment of Childhood Diseases (children under age 5 years),58,Prevalence of symptoms of acute respiratory infection (ARI) in the 2 weeks preceding the survey (%),2.1,1.9,False,False
Odisha,Nayagarh,Treatment of Childhood Diseases (children under age 5 years),59,Children with fever or symptoms of ARI in the 2 weeks preceding the survey taken to a health facility or,77.1,76.6,True,False
Odisha,Nayagarh,Child Feeding Practices and Nutritional Status of Children,60,Children under age 3 years breastfed within one hour of birth9 (%),57.6,76.8,False,False
Odisha,Nayagarh,Child Feeding Practices and Nutritional Status of Children,61,Children under age 6 months exclusively breastfed10 (%),*,*,True,False
Odisha,Nayagarh,Child Feeding Practices and Nutritional Status of Children,62,Children under age 6 months currently breastfeeding10 (%),*,*,True,False
Odisha,Nayagarh,Child Feeding Practices and Nutritional Status of Children,63,Children under age 6 months exclusively breastfed or breastfeeding and consuming plain water/other,*,*,True,False
Odisha,Nayagarh,Child Feeding Practices and Nutritional Status of Children,64,Children age 6-8 months receiving solid or semi-solid food and breastmilk10 (%),*,*,True,False
Odisha,Nayagarh,Child Feeding Practices and Nutritional Status of Children,65,"Breastfeeding children age 6-23 months receiving an adequate diet10, 11 (%)",11.3,21.8,False,False
Odisha,Nayagarh,Child Feeding Practices and Nutritional Status of Children,66,"Non-breastfeeding children age 6-23 months receiving an adequate diet10, 11 (%)",*,*,True,False
Odisha,Nayagarh,Child Feeding Practices and Nutritional Status of Children,67,"Total children age 6-23 months receiving an adequate diet10, 11 (%)",10.6,20.3,False,False
Odisha,Nayagarh,Child Feeding Practices and Nutritional Status of Children,68,Children under 5 years who are stunted (height-for-age)12 (%),16.6,20.0,False,False
Odisha,Nayagarh,Child Feeding Practices and Nutritional Status of Children,69,Children under 5 years who are wasted (weight-for-height)12 (%),12.8,10.5,False,False
Odisha,Nayagarh,Child Feeding Practices and Nutritional Status of Children,70,Children under 5 years who are severely wasted (weight-for-height)13 (%),2.9,1.5,False,False
Odisha,Nayagarh,Child Feeding Practices and Nutritional Status of Children,71,Children under 5 years who are underweight (weight-for-age)12 (%),17.4,20.2,False,False
Odisha,Nayagarh,Child Feeding Practices and Nutritional Status of Children,72,Children under 5 years who are overweight (weight-for-height)14 (%),3.3,2.9,False,False
Odisha,Nayagarh,Nutritional Status of Adults (age 15-49 years),73,Women whose Body Mass Index (BMI) is below normal (BMI <18.5 kg/m2)15 (%),12.7,13.1,False,False
Odisha,Nayagarh,Nutritional Status of Adults (age 15-49 years),74,Women who are overweight or obese (BMI ≥25.0 kg/m2)15 (%),39.2,30.3,False,False
Odisha,Nayagarh,Women,75,Blood sugar level - high (141-160 mg/dl)16 (%),8.8,9.9,False,False
Odisha,Nayagarh,Women,76,Blood sugar level - very high (>160 mg/dl)16 (%),13.0,9.7,False,False
Odisha,Nayagarh,Women,77,Blood sugar level - high or very high (>140 mg/dl) or taking medicine to control blood sugar level16 (%),22.9,20.7,False,False
Odisha,Nayagarh,Men,78,Blood sugar level - high (141-160 mg/dl)16 (%),11.7,10.1,False,False
Odisha,Nayagarh,Men,79,Blood sugar level - very high (>160 mg/dl)16 (%),16.1,12.5,False,False
Odisha,Nayagarh,Men,80,Blood sugar level - high or very high (>140 mg/dl) or taking medicine to control blood sugar level16 (%),29.0,24.0,False,False
Odisha,Nayagarh,Women,81,Mildly elevated blood pressure (Systolic 140-159 mm of Hg and/or Diastolic 90-99 mm of Hg) (%),9.4,10.3,False,False
Odisha,Nayagarh,Women,82,Moderately or severely elevated blood pressure (Systolic ≥160 mm of Hg and/or Diastolic ≥100 mm,4.9,5.9,False,False
Odisha,Nayagarh,Women,83,Elevated blood pressure (Systolic ≥140 mm of Hg and/or Diastolic ≥90 mm of Hg) or taking medicine to,22.2,22.0,False,False
Odisha,Nayagarh,Men,84,Mildly elevated blood pressure (Systolic 140-159 mm of Hg and/or Diastolic 90-99 mm of Hg) (%),11.3,10.6,False,False
Odisha,Nayagarh,Men,85,Moderately or severely elevated blood pressure (Systolic ≥160 mm of Hg and/or Diastolic ≥100 mm,5.3,5.0,False,False
Odisha,Nayagarh,Men,86,Elevated blood pressure (Systolic ≥140 mm of Hg and/or Diastolic ≥90 mm of Hg) or taking medicine to,22.1,18.8,False,False
Odisha,Nayagarh,Men,87,Women having a bank or savings account that they themselves use (%),97.0,93.0,False,False
Odisha,Nayagarh,Men,88,Women having a mobile phone that they themselves use (%),77.1,61.5,False,False
Odisha,Nayagarh,Men,89,Women age 15-24 years who use hygienic methods of protection during their menstrual period17 (%),92.6,89.6,False,False
Odisha,Nayagarh,Tobacco Use and Alcohol Consumption among Adults (age 15 years and above),90,Women age 15 years and above who use any kind of tobacco (%),13.3,16.9,False,False
Odisha,Nayagarh,Tobacco Use and Alcohol Consumption among Adults (age 15 years and above),91,Men age 15 years and above who use any kind of tobacco (%),53.3,54.3,False,False
Odisha,Nayagarh,Tobacco Use and Alcohol Consumption among Adults (age 15 years and above),92,Women age 15 years and above who consume alcohol (%),0.2,0.3,False,False
Odisha,Nayagarh,Tobacco Use and Alcohol Consumption among Adults (age 15 years and above),93,Men age 15 years and above who consume alcohol (%),24.9,20.9,False,False
Odisha,Nuapada,Population and Household Profile,1,Population below age 5 years (%),7.5,8.4,False,False
Odisha,Nuapada,Population and Household Profile,2,Population below age 15 years (%),24.2,27.2,False,False
Odisha,Nuapada,Population and Household Profile,3,Population age 60 years and above (%),14.1,13.1,False,False
Odisha,Nuapada,Population and Household Profile,4,Population living in households with electricity (%),97.2,94.6,False,False
Odisha,Nuapada,Population and Household Profile,5,Population living in households with an improved drinking-water source1 (%),95.7,97.5,False,False
Odisha,Nuapada,Population and Household Profile,6,Households using iodized salt (%),93.8,99.0,False,False
Odisha,Nuapada,Population and Household Profile,7,Households with any usual member covered under a health insurance/financing scheme (%),87.1,45.3,False,False
Odisha,Nuapada,Population and Household Profile,8,Households with any usual member having a bank account/post office account (%),99.3,96.9,False,False
Odisha,Nuapada,Population and Household Profile,9,Female population age 6 years and above who ever attended school (%),63.5,60.9,False,False
Odisha,Nuapada,Population and Household Profile,10,Households with any usual female members owning a house and/or land (alone or jointly with others) (%),11.0,9.7,False,False
Odisha,Nuapada,Population and Household Profile,11,Children age 2-4 years who attended pre-school (%),57.3,57.0,False,False
Odisha,Nuapada,Characteristics of Adults (age 15-49 years),12,Women with 10 or more years of schooling (%),40.5,27.3,False,False
Odisha,Nuapada,Characteristics of Adults (age 15-49 years),13,Men with 10 or more years of schooling (%),51.6,39.4,False,False
Odisha,Nuapada,Characteristics of Adults (age 15-49 years),14,Women who have ever used the internet (%),51.4,15.9,False,False
Odisha,Nuapada,Characteristics of Adults (age 15-49 years),15,Men who have ever used the internet (%),74.7,51.8,False,False
Odisha,Nuapada,Marriage and Fertility,16,Women age 20-24 years married before age 18 years (%),12.5,15.6,False,False
Odisha,Nuapada,Marriage and Fertility,17,Men age 25-29 years married before age 21 years (%),16.0,*,True,False
Odisha,Nuapada,Marriage and Fertility,18,Three or more births in the 5 years preceding the survey (%),0.6,1.2,False,False
Odisha,Nuapada,Marriage and Fertility,19,Women age 15-19 years who were already mothers or pregnant at the time of the survey (%),3.1,3.9,False,False
Odisha,Nuapada,Marriage and Fertility,20,Any method2 (%),71.9,71.4,False,False
Odisha,Nuapada,Marriage and Fertility,21,Any modern method2 (%),43.8,54.9,False,False
Odisha,Nuapada,Marriage and Fertility,22,Any traditional method (%),28.1,16.5,False,False
Odisha,Nuapada,Marriage and Fertility,23,Female sterilization (%),34.0,34.1,False,False
Odisha,Nuapada,Marriage and Fertility,24,Male sterilization (%),0.1,0.1,False,False
Odisha,Nuapada,Marriage and Fertility,25,Total unmet need3 (%),6.6,7.3,False,False
Odisha,Nuapada,Marriage and Fertility,26,Unmet need for spacing3 (%),3.7,2.5,False,False
Odisha,Nuapada,Marriage and Fertility,27,Unmet need for limiting3 (%),2.9,4.8,False,False
Odisha,Nuapada,Antenatal Care (for last birth in the 5 years before the survey),28,Mothers who had an antenatal check-up in the first trimester (%),83.3,76.6,False,False
Odisha,Nuapada,Antenatal Care (for last birth in the 5 years before the survey),29,Mothers who had any antenatal care visits (%),98.3,96.3,False,False
Odisha,Nuapada,Antenatal Care (for last birth in the 5 years before the survey),30,Mothers who had at least 4 antenatal care visits (%),85.0,71.7,False,False
Odisha,Nuapada,Antenatal Care (for last birth in the 5 years before the survey),31,Mothers whose last birth was protected against neonatal tetanus4 (%),95.6,95.4,False,False
Odisha,Nuapada,Antenatal Care (for last birth in the 5 years before the survey),32,Mothers who consumed iron folic acid for 100 days or more when they were pregnant (%),78.9,52.0,False,False
Odisha,Nuapada,Antenatal Care (for last birth in the 5 years before the survey),33,Mothers who consumed iron folic acid for 180 days or more when they were pregnant (%),56.2,21.4,False,False
Odisha,Nuapada,Antenatal Care (for last birth in the 5 years before the survey),34,Registered pregnancies for which the mother received a Mother and Child Protection (MCP) card (%),100.0,100.0,False,False
Odisha,Nuapada,Delivery Care (for births in the 5 years before the survey),35,Institutional births (%),91.4,89.8,False,False
Odisha,Nuapada,Delivery Care (for births in the 5 years before the survey),36,Institutional births in public facility (%),84.7,85.1,False,False
Odisha,Nuapada,Delivery Care (for births in the 5 years before the survey),37,Births attended by skilled health personnel5 (%),90.1,92.7,False,False
Odisha,Nuapada,Delivery Care (for births in the 5 years before the survey),38,Births delivered by caesarean section (%),16.4,14.0,False,False
Odisha,Nuapada,Delivery Care (for births in the 5 years before the survey),39,Births in a private health facility that were delivered by caesarean section (%),*,*,True,False
Odisha,Nuapada,Delivery Care (for births in the 5 years before the survey),40,Births in a public health facility that were delivered by caesarean section (%),13.2,12.3,False,False
Odisha,Nuapada,Postnatal Care (for last birth in the 5 years before the survey),41,Mothers who received postnatal care from a doctor/nurse/LHV/ANM/midwife/other health personnel within 2,88.2,85.9,False,False
Odisha,Nuapada,Postnatal Care (for last birth in the 5 years before the survey),42,Children born at home who were taken to a health facility for a check-up within 24 hours of birth (%),*,10.2,True,False
Odisha,Nuapada,Postnatal Care (for last birth in the 5 years before the survey),43,Children who received postnatal care from a doctor/nurse/LHV/ANM/midwife/other health personnel within 2,89.1,86.5,False,False
Odisha,Nuapada,Child Vaccinations and Vitamin A Supplementation,44,Children age 12-23 months fully vaccinated based on information from either vaccination card or mother's,95.2,97.0,False,False
Odisha,Nuapada,Child Vaccinations and Vitamin A Supplementation,45,Children age 12-23 months fully vaccinated based on information from vaccination card only7 (%),94.7,95.9,False,False
Odisha,Nuapada,Child Vaccinations and Vitamin A Supplementation,46,Children age 12-23 months who have received any vaccine (%),97.7,100.0,False,False
Odisha,Nuapada,Child Vaccinations and Vitamin A Supplementation,47,Children age 12-23 months who have received BCG (%),97.7,100.0,False,False
Odisha,Nuapada,Child Vaccinations and Vitamin A Supplementation,48,Children age 12-23 months who have received 3 doses of polio vaccine8 (%),95.2,97.0,False,False
Odisha,Nuapada,Child Vaccinations and Vitamin A Supplementation,49,Children age 12-23 months who have received 3 doses of pentavalent vaccine (%),97.7,98.4,False,False
Odisha,Nuapada,Child Vaccinations and Vitamin A Supplementation,50,Children age 12-23 months who have received the first dose of measles-containing vaccine (MCV) (%),97.7,100.0,False,False
Odisha,Nuapada,Child Vaccinations and Vitamin A Supplementation,51,Children age 24-35 months who have received a second dose of measles-containing vaccine (MCV) (%),80.7,80.7,False,False
Odisha,Nuapada,Child Vaccinations and Vitamin A Supplementation,52,Children age 12-23 months who have received birth dose of hepatitis B vaccine (%),97.7,90.7,False,False
Odisha,Nuapada,Child Vaccinations and Vitamin A Supplementation,53,Children age 12-23 months who have received 3 doses of rotavirus vaccine (%),91.5,96.9,False,False
Odisha,Nuapada,Child Vaccinations and Vitamin A Supplementation,54,Children age 9-35 months who received a vitamin A dose in the last 6 months (%),79.3,89.2,False,False
Odisha,Nuapada,Child Vaccinations and Vitamin A Supplementation,55,Children age 12-23 months who received most of their vaccinations in a public health facility (%),98.7,100.0,False,False
Odisha,Nuapada,Child Vaccinations and Vitamin A Supplementation,56,Children age 12-23 months who received most of their vaccinations in a private health facility (%),1.3,0.0,False,False
Odisha,Nuapada,Treatment of Childhood Diseases (children under age 5 years),57,Prevalence of diarrhoea in the 2 weeks preceding the survey (%),4.9,7.0,False,False
Odisha,Nuapada,Treatment of Childhood Diseases (children under age 5 years),58,Prevalence of symptoms of acute respiratory infection (ARI) in the 2 weeks preceding the survey (%),1.2,0.8,False,False
Odisha,Nuapada,Treatment of Childhood Diseases (children under age 5 years),59,Children with fever or symptoms of ARI in the 2 weeks preceding the survey taken to a health facility or,82.4,*,True,False
Odisha,Nuapada,Child Feeding Practices and Nutritional Status of Children,60,Children under age 3 years breastfed within one hour of birth9 (%),70.1,78.6,False,False
Odisha,Nuapada,Child Feeding Practices and Nutritional Status of Children,61,Children under age 6 months exclusively breastfed10 (%),64.0,93.7,True,False
Odisha,Nuapada,Child Feeding Practices and Nutritional Status of Children,62,Children under age 6 months currently breastfeeding10 (%),97.3,100.0,True,False
Odisha,Nuapada,Child Feeding Practices and Nutritional Status of Children,63,Children under age 6 months exclusively breastfed or breastfeeding and consuming plain water/other,76.2,98.0,True,False
Odisha,Nuapada,Child Feeding Practices and Nutritional Status of Children,64,Children age 6-8 months receiving solid or semi-solid food and breastmilk10 (%),*,*,True,False
Odisha,Nuapada,Child Feeding Practices and Nutritional Status of Children,65,"Breastfeeding children age 6-23 months receiving an adequate diet10, 11 (%)",17.6,26.0,False,False
Odisha,Nuapada,Child Feeding Practices and Nutritional Status of Children,66,"Non-breastfeeding children age 6-23 months receiving an adequate diet10, 11 (%)",*,*,True,False
Odisha,Nuapada,Child Feeding Practices and Nutritional Status of Children,67,"Total children age 6-23 months receiving an adequate diet10, 11 (%)",16.8,25.3,False,False
Odisha,Nuapada,Child Feeding Practices and Nutritional Status of Children,68,Children under 5 years who are stunted (height-for-age)12 (%),27.5,43.1,False,False
Odisha,Nuapada,Child Feeding Practices and Nutritional Status of Children,69,Children under 5 years who are wasted (weight-for-height)12 (%),19.2,18.1,False,False
Odisha,Nuapada,Child Feeding Practices and Nutritional Status of Children,70,Children under 5 years who are severely wasted (weight-for-height)13 (%),5.3,3.7,False,False
Odisha,Nuapada,Child Feeding Practices and Nutritional Status of Children,71,Children under 5 years who are underweight (weight-for-age)12 (%),32.5,38.0,False,False
Odisha,Nuapada,Child Feeding Practices and Nutritional Status of Children,72,Children under 5 years who are overweight (weight-for-height)14 (%),2.8,3.7,False,False
Odisha,Nuapada,Nutritional Status of Adults (age 15-49 years),73,Women whose Body Mass Index (BMI) is below normal (BMI <18.5 kg/m2)15 (%),26.5,30.7,False,False
Odisha,Nuapada,Nutritional Status of Adults (age 15-49 years),74,Women who are overweight or obese (BMI ≥25.0 kg/m2)15 (%),18.2,11.9,False,False
Odisha,Nuapada,Women,75,Blood sugar level - high (141-160 mg/dl)16 (%),8.4,5.5,False,False
Odisha,Nuapada,Women,76,Blood sugar level - very high (>160 mg/dl)16 (%),8.6,4.7,False,False
Odisha,Nuapada,Women,77,Blood sugar level - high or very high (>140 mg/dl) or taking medicine to control blood sugar level16 (%),17.9,10.6,False,False
Odisha,Nuapada,Men,78,Blood sugar level - high (141-160 mg/dl)16 (%),10.6,6.2,False,False
Odisha,Nuapada,Men,79,Blood sugar level - very high (>160 mg/dl)16 (%),12.3,5.2,False,False
Odisha,Nuapada,Men,80,Blood sugar level - high or very high (>140 mg/dl) or taking medicine to control blood sugar level16 (%),23.4,12.2,False,False
Odisha,Nuapada,Women,81,Mildly elevated blood pressure (Systolic 140-159 mm of Hg and/or Diastolic 90-99 mm of Hg) (%),9.0,13.8,False,False
Odisha,Nuapada,Women,82,Moderately or severely elevated blood pressure (Systolic ≥160 mm of Hg and/or Diastolic ≥100 mm,4.1,6.0,False,False
Odisha,Nuapada,Women,83,Elevated blood pressure (Systolic ≥140 mm of Hg and/or Diastolic ≥90 mm of Hg) or taking medicine to,15.9,21.4,False,False
Odisha,Nuapada,Men,84,Mildly elevated blood pressure (Systolic 140-159 mm of Hg and/or Diastolic 90-99 mm of Hg) (%),11.6,16.7,False,False
Odisha,Nuapada,Men,85,Moderately or severely elevated blood pressure (Systolic ≥160 mm of Hg and/or Diastolic ≥100 mm,4.6,5.7,False,False
Odisha,Nuapada,Men,86,Elevated blood pressure (Systolic ≥140 mm of Hg and/or Diastolic ≥90 mm of Hg) or taking medicine to,18.6,23.6,False,False
Odisha,Nuapada,Men,87,Women having a bank or savings account that they themselves use (%),93.7,87.4,False,False
Odisha,Nuapada,Men,88,Women having a mobile phone that they themselves use (%),44.0,30.1,False,False
Odisha,Nuapada,Men,89,Women age 15-24 years who use hygienic methods of protection during their menstrual period17 (%),78.9,65.0,False,False
Odisha,Nuapada,Tobacco Use and Alcohol Consumption among Adults (age 15 years and above),90,Women age 15 years and above who use any kind of tobacco (%),25.8,23.7,False,False
Odisha,Nuapada,Tobacco Use and Alcohol Consumption among Adults (age 15 years and above),91,Men age 15 years and above who use any kind of tobacco (%),49.5,48.6,False,False
Odisha,Nuapada,Tobacco Use and Alcohol Consumption among Adults (age 15 years and above),92,Women age 15 years and above who consume alcohol (%),1.3,0.9,False,False
Odisha,Nuapada,Tobacco Use and Alcohol Consumption among Adults (age 15 years and above),93,Men age 15 years and above who consume alcohol (%),33.9,34.6,False,False
Odisha,Puri,Population and Household Profile,1,Population below age 5 years (%),6.0,6.3,False,False
Odisha,Puri,Population and Household Profile,2,Population below age 15 years (%),20.2,21.6,False,False
Odisha,Puri,Population and Household Profile,3,Population age 60 years and above (%),16.2,14.2,False,False
Odisha,Puri,Population and Household Profile,4,Population living in households with electricity (%),99.2,99.5,False,False
Odisha,Puri,Population and Household Profile,5,Population living in households with an improved drinking-water source1 (%),97.6,98.5,False,False
Odisha,Puri,Population and Household Profile,6,Households using iodized salt (%),94.8,97.7,False,False
Odisha,Puri,Population and Household Profile,7,Households with any usual member covered under a health insurance/financing scheme (%),81.3,61.5,False,False
Odisha,Puri,Population and Household Profile,8,Households with any usual member having a bank account/post office account (%),98.1,98.8,False,False
Odisha,Puri,Population and Household Profile,9,Female population age 6 years and above who ever attended school (%),82.3,83.3,False,False
Odisha,Puri,Population and Household Profile,10,Households with any usual female members owning a house and/or land (alone or jointly with others) (%),10.5,13.5,False,False
Odisha,Puri,Population and Household Profile,11,Children age 2-4 years who attended pre-school (%),57.3,63.5,False,False
Odisha,Puri,Characteristics of Adults (age 15-49 years),12,Women with 10 or more years of schooling (%),49.2,38.1,False,False
Odisha,Puri,Characteristics of Adults (age 15-49 years),13,Men with 10 or more years of schooling (%),63.0,47.5,False,False
Odisha,Puri,Characteristics of Adults (age 15-49 years),14,Women who have ever used the internet (%),41.8,43.5,False,False
Odisha,Puri,Characteristics of Adults (age 15-49 years),15,Men who have ever used the internet (%),67.7,61.7,False,False
Odisha,Puri,Marriage and Fertility,16,Women age 20-24 years married before age 18 years (%),12.1,10.2,False,False
Odisha,Puri,Marriage and Fertility,17,Men age 25-29 years married before age 21 years (%),*,*,True,False
Odisha,Puri,Marriage and Fertility,18,Three or more births in the 5 years preceding the survey (%),0.5,0.5,False,False
Odisha,Puri,Marriage and Fertility,19,Women age 15-19 years who were already mothers or pregnant at the time of the survey (%),5.7,4.0,False,False
Odisha,Puri,Marriage and Fertility,20,Any method2 (%),53.8,74.4,False,False
Odisha,Puri,Marriage and Fertility,21,Any modern method2 (%),44.5,48.6,False,False
Odisha,Puri,Marriage and Fertility,22,Any traditional method (%),9.3,25.8,False,False
Odisha,Puri,Marriage and Fertility,23,Female sterilization (%),32.6,31.1,False,False
Odisha,Puri,Marriage and Fertility,24,Male sterilization (%),0.1,0.0,False,False
Odisha,Puri,Marriage and Fertility,25,Total unmet need3 (%),12.5,7.3,False,False
Odisha,Puri,Marriage and Fertility,26,Unmet need for spacing3 (%),5.2,2.9,False,False
Odisha,Puri,Marriage and Fertility,27,Unmet need for limiting3 (%),7.3,4.4,False,False
Odisha,Puri,Antenatal Care (for last birth in the 5 years before the survey),28,Mothers who had an antenatal check-up in the first trimester (%),71.7,83.3,False,False
Odisha,Puri,Antenatal Care (for last birth in the 5 years before the survey),29,Mothers who had any antenatal care visits (%),95.4,100.0,False,False
Odisha,Puri,Antenatal Care (for last birth in the 5 years before the survey),30,Mothers who had at least 4 antenatal care visits (%),71.6,94.9,False,False
Odisha,Puri,Antenatal Care (for last birth in the 5 years before the survey),31,Mothers whose last birth was protected against neonatal tetanus4 (%),90.3,97.6,False,False
Odisha,Puri,Antenatal Care (for last birth in the 5 years before the survey),32,Mothers who consumed iron folic acid for 100 days or more when they were pregnant (%),69.3,76.4,False,False
Odisha,Puri,Antenatal Care (for last birth in the 5 years before the survey),33,Mothers who consumed iron folic acid for 180 days or more when they were pregnant (%),48.4,49.2,False,False
Odisha,Puri,Antenatal Care (for last birth in the 5 years before the survey),34,Registered pregnancies for which the mother received a Mother and Child Protection (MCP) card (%),99.6,99.5,False,False
Odisha,Puri,Delivery Care (for births in the 5 years before the survey),35,Institutional births (%),98.4,97.7,False,False
Odisha,Puri,Delivery Care (for births in the 5 years before the survey),36,Institutional births in public facility (%),78.0,83.5,False,False
Odisha,Puri,Delivery Care (for births in the 5 years before the survey),37,Births attended by skilled health personnel5 (%),93.5,94.9,False,False
Odisha,Puri,Delivery Care (for births in the 5 years before the survey),38,Births delivered by caesarean section (%),49.5,35.3,False,False
Odisha,Puri,Delivery Care (for births in the 5 years before the survey),39,Births in a private health facility that were delivered by caesarean section (%),83.6,84.5,True,False
Odisha,Puri,Delivery Care (for births in the 5 years before the survey),40,Births in a public health facility that were delivered by caesarean section (%),41.7,28.0,False,False
Odisha,Puri,Postnatal Care (for last birth in the 5 years before the survey),41,Mothers who received postnatal care from a doctor/nurse/LHV/ANM/midwife/other health personnel within 2,85.7,93.9,False,False
Odisha,Puri,Postnatal Care (for last birth in the 5 years before the survey),42,Children born at home who were taken to a health facility for a check-up within 24 hours of birth (%),*,*,True,False
Odisha,Puri,Postnatal Care (for last birth in the 5 years before the survey),43,Children who received postnatal care from a doctor/nurse/LHV/ANM/midwife/other health personnel within 2,86.5,92.4,False,False
Odisha,Puri,Child Vaccinations and Vitamin A Supplementation,44,Children age 12-23 months fully vaccinated based on information from either vaccination card or mother's,83.1,95.8,True,False
Odisha,Puri,Child Vaccinations and Vitamin A Supplementation,45,Children age 12-23 months fully vaccinated based on information from vaccination card only7 (%),89.7,96.5,True,False
Odisha,Puri,Child Vaccinations and Vitamin A Supplementation,46,Children age 12-23 months who have received any vaccine (%),85.4,100.0,True,False
Odisha,Puri,Child Vaccinations and Vitamin A Supplementation,47,Children age 12-23 months who have received BCG (%),85.4,100.0,True,False
Odisha,Puri,Child Vaccinations and Vitamin A Supplementation,48,Children age 12-23 months who have received 3 doses of polio vaccine8 (%),83.1,98.0,True,False
Odisha,Puri,Child Vaccinations and Vitamin A Supplementation,49,Children age 12-23 months who have received 3 doses of pentavalent vaccine (%),83.1,97.8,True,False
Odisha,Puri,Child Vaccinations and Vitamin A Supplementation,50,Children age 12-23 months who have received the first dose of measles-containing vaccine (MCV) (%),83.1,100.0,True,False
Odisha,Puri,Child Vaccinations and Vitamin A Supplementation,51,Children age 24-35 months who have received a second dose of measles-containing vaccine (MCV) (%),84.5,91.5,True,False
Odisha,Puri,Child Vaccinations and Vitamin A Supplementation,52,Children age 12-23 months who have received birth dose of hepatitis B vaccine (%),83.1,94.0,True,False
Odisha,Puri,Child Vaccinations and Vitamin A Supplementation,53,Children age 12-23 months who have received 3 doses of rotavirus vaccine (%),79.9,94.7,True,False
Odisha,Puri,Child Vaccinations and Vitamin A Supplementation,54,Children age 9-35 months who received a vitamin A dose in the last 6 months (%),86.0,94.1,False,False
Odisha,Puri,Child Vaccinations and Vitamin A Supplementation,55,Children age 12-23 months who received most of their vaccinations in a public health facility (%),100.0,100.0,True,False
Odisha,Puri,Child Vaccinations and Vitamin A Supplementation,56,Children age 12-23 months who received most of their vaccinations in a private health facility (%),0.0,0.0,True,False
Odisha,Puri,Treatment of Childhood Diseases (children under age 5 years),57,Prevalence of diarrhoea in the 2 weeks preceding the survey (%),16.4,11.8,False,False
Odisha,Puri,Treatment of Childhood Diseases (children under age 5 years),58,Prevalence of symptoms of acute respiratory infection (ARI) in the 2 weeks preceding the survey (%),1.3,0.0,False,False
Odisha,Puri,Treatment of Childhood Diseases (children under age 5 years),59,Children with fever or symptoms of ARI in the 2 weeks preceding the survey taken to a health facility or,66.3,55.8,True,False
Odisha,Puri,Child Feeding Practices and Nutritional Status of Children,60,Children under age 3 years breastfed within one hour of birth9 (%),57.1,77.6,False,False
Odisha,Puri,Child Feeding Practices and Nutritional Status of Children,61,Children under age 6 months exclusively breastfed10 (%),*,*,True,False
Odisha,Puri,Child Feeding Practices and Nutritional Status of Children,62,Children under age 6 months currently breastfeeding10 (%),*,*,True,False
Odisha,Puri,Child Feeding Practices and Nutritional Status of Children,63,Children under age 6 months exclusively breastfed or breastfeeding and consuming plain water/other,*,*,True,False
Odisha,Puri,Child Feeding Practices and Nutritional Status of Children,64,Children age 6-8 months receiving solid or semi-solid food and breastmilk10 (%),*,*,True,False
Odisha,Puri,Child Feeding Practices and Nutritional Status of Children,65,"Breastfeeding children age 6-23 months receiving an adequate diet10, 11 (%)",16.3,22.3,False,False
Odisha,Puri,Child Feeding Practices and Nutritional Status of Children,66,"Non-breastfeeding children age 6-23 months receiving an adequate diet10, 11 (%)",*,*,True,False
Odisha,Puri,Child Feeding Practices and Nutritional Status of Children,67,"Total children age 6-23 months receiving an adequate diet10, 11 (%)",15.1,20.6,False,False
Odisha,Puri,Child Feeding Practices and Nutritional Status of Children,68,Children under 5 years who are stunted (height-for-age)12 (%),9.3,13.8,False,False
Odisha,Puri,Child Feeding Practices and Nutritional Status of Children,69,Children under 5 years who are wasted (weight-for-height)12 (%),12.7,8.9,False,False
Odisha,Puri,Child Feeding Practices and Nutritional Status of Children,70,Children under 5 years who are severely wasted (weight-for-height)13 (%),3.1,1.5,False,False
Odisha,Puri,Child Feeding Practices and Nutritional Status of Children,71,Children under 5 years who are underweight (weight-for-age)12 (%),15.2,11.3,False,False
Odisha,Puri,Child Feeding Practices and Nutritional Status of Children,72,Children under 5 years who are overweight (weight-for-height)14 (%),4.8,3.8,False,False
Odisha,Puri,Nutritional Status of Adults (age 15-49 years),73,Women whose Body Mass Index (BMI) is below normal (BMI <18.5 kg/m2)15 (%),7.3,12.9,False,False
Odisha,Puri,Nutritional Status of Adults (age 15-49 years),74,Women who are overweight or obese (BMI ≥25.0 kg/m2)15 (%),47.1,40.4,False,False
Odisha,Puri,Women,75,Blood sugar level - high (141-160 mg/dl)16 (%),11.5,8.9,False,False
Odisha,Puri,Women,76,Blood sugar level - very high (>160 mg/dl)16 (%),15.0,10.6,False,False
Odisha,Puri,Women,77,Blood sugar level - high or very high (>140 mg/dl) or taking medicine to control blood sugar level16 (%),27.7,20.7,False,False
Odisha,Puri,Men,78,Blood sugar level - high (141-160 mg/dl)16 (%),9.9,9.5,False,False
Odisha,Puri,Men,79,Blood sugar level - very high (>160 mg/dl)16 (%),15.4,12.3,False,False
Odisha,Puri,Men,80,Blood sugar level - high or very high (>140 mg/dl) or taking medicine to control blood sugar level16 (%),26.3,23.1,False,False
Odisha,Puri,Women,81,Mildly elevated blood pressure (Systolic 140-159 mm of Hg and/or Diastolic 90-99 mm of Hg) (%),10.3,10.5,False,False
Odisha,Puri,Women,82,Moderately or severely elevated blood pressure (Systolic ≥160 mm of Hg and/or Diastolic ≥100 mm,3.0,4.9,False,False
Odisha,Puri,Women,83,Elevated blood pressure (Systolic ≥140 mm of Hg and/or Diastolic ≥90 mm of Hg) or taking medicine to,20.3,20.8,False,False
Odisha,Puri,Men,84,Mildly elevated blood pressure (Systolic 140-159 mm of Hg and/or Diastolic 90-99 mm of Hg) (%),12.1,14.3,False,False
Odisha,Puri,Men,85,Moderately or severely elevated blood pressure (Systolic ≥160 mm of Hg and/or Diastolic ≥100 mm,4.5,5.4,False,False
Odisha,Puri,Men,86,Elevated blood pressure (Systolic ≥140 mm of Hg and/or Diastolic ≥90 mm of Hg) or taking medicine to,22.9,23.3,False,False
Odisha,Puri,Men,87,Women having a bank or savings account that they themselves use (%),89.7,92.1,False,False
Odisha,Puri,Men,88,Women having a mobile phone that they themselves use (%),71.3,56.5,False,False
Odisha,Puri,Men,89,Women age 15-24 years who use hygienic methods of protection during their menstrual period17 (%),96.2,92.7,False,False
Odisha,Puri,Tobacco Use and Alcohol Consumption among Adults (age 15 years and above),90,Women age 15 years and above who use any kind of tobacco (%),17.9,25.5,False,False
Odisha,Puri,Tobacco Use and Alcohol Consumption among Adults (age 15 years and above),91,Men age 15 years and above who use any kind of tobacco (%),40.5,52.6,False,False
Odisha,Puri,Tobacco Use and Alcohol Consumption among Adults (age 15 years and above),92,Women age 15 years and above who consume alcohol (%),0.4,0.0,False,False
Odisha,Puri,Tobacco Use and Alcohol Consumption among Adults (age 15 years and above),93,Men age 15 years and above who consume alcohol (%),16.5,19.4,False,False
Odisha,Rayagada,Population and Household Profile,1,Population below age 5 years (%),9.9,10.6,False,False
Odisha,Rayagada,Population and Household Profile,2,Population below age 15 years (%),25.8,30.9,False,False
Odisha,Rayagada,Population and Household Profile,3,Population age 60 years and above (%),12.4,11.0,False,False
Odisha,Rayagada,Population and Household Profile,4,Population living in households with electricity (%),94.5,96.6,False,False
Odisha,Rayagada,Population and Household Profile,5,Population living in households with an improved drinking-water source1 (%),95.0,91.3,False,False
Odisha,Rayagada,Population and Household Profile,6,Households using iodized salt (%),93.5,96.5,False,False
Odisha,Rayagada,Population and Household Profile,7,Households with any usual member covered under a health insurance/financing scheme (%),86.4,45.5,False,False
Odisha,Rayagada,Population and Household Profile,8,Households with any usual member having a bank account/post office account (%),98.4,97.5,False,False
Odisha,Rayagada,Population and Household Profile,9,Female population age 6 years and above who ever attended school (%),50.3,50.8,False,False
Odisha,Rayagada,Population and Household Profile,10,Households with any usual female members owning a house and/or land (alone or jointly with others) (%),18.0,18.9,False,False
Odisha,Rayagada,Population and Household Profile,11,Children age 2-4 years who attended pre-school (%),57.0,56.7,False,False
Odisha,Rayagada,Characteristics of Adults (age 15-49 years),12,Women with 10 or more years of schooling (%),24.8,19.1,False,False
Odisha,Rayagada,Characteristics of Adults (age 15-49 years),13,Men with 10 or more years of schooling (%),33.1,32.6,False,False
Odisha,Rayagada,Characteristics of Adults (age 15-49 years),14,Women who have ever used the internet (%),42.7,11.5,False,False
Odisha,Rayagada,Characteristics of Adults (age 15-49 years),15,Men who have ever used the internet (%),65.8,40.9,False,False
Odisha,Rayagada,Marriage and Fertility,16,Women age 20-24 years married before age 18 years (%),34.0,33.2,False,False
Odisha,Rayagada,Marriage and Fertility,17,Men age 25-29 years married before age 21 years (%),*,*,True,False
Odisha,Rayagada,Marriage and Fertility,18,Three or more births in the 5 years preceding the survey (%),1.4,1.4,False,False
Odisha,Rayagada,Marriage and Fertility,19,Women age 15-19 years who were already mothers or pregnant at the time of the survey (%),12.8,9.2,False,False
Odisha,Rayagada,Marriage and Fertility,20,Any method2 (%),64.6,72.7,False,False
Odisha,Rayagada,Marriage and Fertility,21,Any modern method2 (%),39.0,45.3,False,False
Odisha,Rayagada,Marriage and Fertility,22,Any traditional method (%),25.6,27.4,False,False
Odisha,Rayagada,Marriage and Fertility,23,Female sterilization (%),28.9,30.6,False,False
Odisha,Rayagada,Marriage and Fertility,24,Male sterilization (%),0.6,1.5,False,False
Odisha,Rayagada,Marriage and Fertility,25,Total unmet need3 (%),10.9,6.1,False,False
Odisha,Rayagada,Marriage and Fertility,26,Unmet need for spacing3 (%),6.0,2.5,False,False
Odisha,Rayagada,Marriage and Fertility,27,Unmet need for limiting3 (%),4.9,3.6,False,False
Odisha,Rayagada,Antenatal Care (for last birth in the 5 years before the survey),28,Mothers who had an antenatal check-up in the first trimester (%),62.4,74.1,False,False
Odisha,Rayagada,Antenatal Care (for last birth in the 5 years before the survey),29,Mothers who had any antenatal care visits (%),92.6,95.3,False,False
Odisha,Rayagada,Antenatal Care (for last birth in the 5 years before the survey),30,Mothers who had at least 4 antenatal care visits (%),73.0,85.3,False,False
Odisha,Rayagada,Antenatal Care (for last birth in the 5 years before the survey),31,Mothers whose last birth was protected against neonatal tetanus4 (%),98.4,94.1,False,False
Odisha,Rayagada,Antenatal Care (for last birth in the 5 years before the survey),32,Mothers who consumed iron folic acid for 100 days or more when they were pregnant (%),74.6,64.3,False,False
Odisha,Rayagada,Antenatal Care (for last birth in the 5 years before the survey),33,Mothers who consumed iron folic acid for 180 days or more when they were pregnant (%),46.3,43.0,False,False
Odisha,Rayagada,Antenatal Care (for last birth in the 5 years before the survey),34,Registered pregnancies for which the mother received a Mother and Child Protection (MCP) card (%),100.0,99.6,False,False
Odisha,Rayagada,Delivery Care (for births in the 5 years before the survey),35,Institutional births (%),85.2,68.9,False,False
Odisha,Rayagada,Delivery Care (for births in the 5 years before the survey),36,Institutional births in public facility (%),80.2,63.5,False,False
Odisha,Rayagada,Delivery Care (for births in the 5 years before the survey),37,Births attended by skilled health personnel5 (%),84.4,72.1,False,False
Odisha,Rayagada,Delivery Care (for births in the 5 years before the survey),38,Births delivered by caesarean section (%),9.0,8.5,False,False
Odisha,Rayagada,Delivery Care (for births in the 5 years before the survey),39,Births in a private health facility that were delivered by caesarean section (%),*,*,True,False
Odisha,Rayagada,Delivery Care (for births in the 5 years before the survey),40,Births in a public health facility that were delivered by caesarean section (%),8.1,10.7,False,False
Odisha,Rayagada,Postnatal Care (for last birth in the 5 years before the survey),41,Mothers who received postnatal care from a doctor/nurse/LHV/ANM/midwife/other health personnel within 2,81.7,69.7,False,False
Odisha,Rayagada,Postnatal Care (for last birth in the 5 years before the survey),42,Children born at home who were taken to a health facility for a check-up within 24 hours of birth (%),15.7,8.6,True,False
Odisha,Rayagada,Postnatal Care (for last birth in the 5 years before the survey),43,Children who received postnatal care from a doctor/nurse/LHV/ANM/midwife/other health personnel within 2,79.4,70.4,False,False
Odisha,Rayagada,Child Vaccinations and Vitamin A Supplementation,44,Children age 12-23 months fully vaccinated based on information from either vaccination card or mother's,96.9,92.7,False,False
Odisha,Rayagada,Child Vaccinations and Vitamin A Supplementation,45,Children age 12-23 months fully vaccinated based on information from vaccination card only7 (%),98.4,92.7,False,False
Odisha,Rayagada,Child Vaccinations and Vitamin A Supplementation,46,Children age 12-23 months who have received any vaccine (%),96.9,94.9,False,False
Odisha,Rayagada,Child Vaccinations and Vitamin A Supplementation,47,Children age 12-23 months who have received BCG (%),96.9,93.9,False,False
Odisha,Rayagada,Child Vaccinations and Vitamin A Supplementation,48,Children age 12-23 months who have received 3 doses of polio vaccine8 (%),96.9,93.7,False,False
Odisha,Rayagada,Child Vaccinations and Vitamin A Supplementation,49,Children age 12-23 months who have received 3 doses of pentavalent vaccine (%),96.9,93.7,False,False
Odisha,Rayagada,Child Vaccinations and Vitamin A Supplementation,50,Children age 12-23 months who have received the first dose of measles-containing vaccine (MCV) (%),96.9,93.7,False,False
Odisha,Rayagada,Child Vaccinations and Vitamin A Supplementation,51,Children age 24-35 months who have received a second dose of measles-containing vaccine (MCV) (%),85.0,83.7,False,False
Odisha,Rayagada,Child Vaccinations and Vitamin A Supplementation,52,Children age 12-23 months who have received birth dose of hepatitis B vaccine (%),89.8,73.2,False,False
Odisha,Rayagada,Child Vaccinations and Vitamin A Supplementation,53,Children age 12-23 months who have received 3 doses of rotavirus vaccine (%),93.2,92.8,False,False
Odisha,Rayagada,Child Vaccinations and Vitamin A Supplementation,54,Children age 9-35 months who received a vitamin A dose in the last 6 months (%),76.1,90.4,False,False
Odisha,Rayagada,Child Vaccinations and Vitamin A Supplementation,55,Children age 12-23 months who received most of their vaccinations in a public health facility (%),93.9,98.7,False,False
Odisha,Rayagada,Child Vaccinations and Vitamin A Supplementation,56,Children age 12-23 months who received most of their vaccinations in a private health facility (%),0.0,1.3,False,False
Odisha,Rayagada,Treatment of Childhood Diseases (children under age 5 years),57,Prevalence of diarrhoea in the 2 weeks preceding the survey (%),6.2,5.1,False,False
Odisha,Rayagada,Treatment of Childhood Diseases (children under age 5 years),58,Prevalence of symptoms of acute respiratory infection (ARI) in the 2 weeks preceding the survey (%),1.7,1.1,False,False
Odisha,Rayagada,Treatment of Childhood Diseases (children under age 5 years),59,Children with fever or symptoms of ARI in the 2 weeks preceding the survey taken to a health facility or,79.7,65.1,True,False
Odisha,Rayagada,Child Feeding Practices and Nutritional Status of Children,60,Children under age 3 years breastfed within one hour of birth9 (%),60.5,74.5,False,False
Odisha,Rayagada,Child Feeding Practices and Nutritional Status of Children,61,Children under age 6 months exclusively breastfed10 (%),80.2,86.7,True,False
Odisha,Rayagada,Child Feeding Practices and Nutritional Status of Children,62,Children under age 6 months currently breastfeeding10 (%),95.2,100.0,True,False
Odisha,Rayagada,Child Feeding Practices and Nutritional Status of Children,63,Children under age 6 months exclusively breastfed or breastfeeding and consuming plain water/other,93.0,88.8,True,False
Odisha,Rayagada,Child Feeding Practices and Nutritional Status of Children,64,Children age 6-8 months receiving solid or semi-solid food and breastmilk10 (%),*,*,True,False
Odisha,Rayagada,Child Feeding Practices and Nutritional Status of Children,65,"Breastfeeding children age 6-23 months receiving an adequate diet10, 11 (%)",18.0,25.2,False,False
Odisha,Rayagada,Child Feeding Practices and Nutritional Status of Children,66,"Non-breastfeeding children age 6-23 months receiving an adequate diet10, 11 (%)",*,*,True,False
Odisha,Rayagada,Child Feeding Practices and Nutritional Status of Children,67,"Total children age 6-23 months receiving an adequate diet10, 11 (%)",17.9,24.7,False,False
Odisha,Rayagada,Child Feeding Practices and Nutritional Status of Children,68,Children under 5 years who are stunted (height-for-age)12 (%),47.2,43.6,False,False
Odisha,Rayagada,Child Feeding Practices and Nutritional Status of Children,69,Children under 5 years who are wasted (weight-for-height)12 (%),20.3,16.1,False,False
Odisha,Rayagada,Child Feeding Practices and Nutritional Status of Children,70,Children under 5 years who are severely wasted (weight-for-height)13 (%),7.5,3.6,False,False
Odisha,Rayagada,Child Feeding Practices and Nutritional Status of Children,71,Children under 5 years who are underweight (weight-for-age)12 (%),46.8,39.8,False,False
Odisha,Rayagada,Child Feeding Practices and Nutritional Status of Children,72,Children under 5 years who are overweight (weight-for-height)14 (%),1.2,0.6,False,False
Odisha,Rayagada,Nutritional Status of Adults (age 15-49 years),73,Women whose Body Mass Index (BMI) is below normal (BMI <18.5 kg/m2)15 (%),27.3,26.7,False,False
Odisha,Rayagada,Nutritional Status of Adults (age 15-49 years),74,Women who are overweight or obese (BMI ≥25.0 kg/m2)15 (%),14.8,14.8,False,False
Odisha,Rayagada,Women,75,Blood sugar level - high (141-160 mg/dl)16 (%),6.7,6.6,False,False
Odisha,Rayagada,Women,76,Blood sugar level - very high (>160 mg/dl)16 (%),7.6,5.4,False,False
Odisha,Rayagada,Women,77,Blood sugar level - high or very high (>140 mg/dl) or taking medicine to control blood sugar level16 (%),14.8,12.8,False,False
Odisha,Rayagada,Men,78,Blood sugar level - high (141-160 mg/dl)16 (%),9.7,6.9,False,False
Odisha,Rayagada,Men,79,Blood sugar level - very high (>160 mg/dl)16 (%),11.3,8.4,False,False
Odisha,Rayagada,Men,80,Blood sugar level - high or very high (>140 mg/dl) or taking medicine to control blood sugar level16 (%),21.7,16.0,False,False
Odisha,Rayagada,Women,81,Mildly elevated blood pressure (Systolic 140-159 mm of Hg and/or Diastolic 90-99 mm of Hg) (%),10.7,9.4,False,False
Odisha,Rayagada,Women,82,Moderately or severely elevated blood pressure (Systolic ≥160 mm of Hg and/or Diastolic ≥100 mm,4.2,7.2,False,False
Odisha,Rayagada,Women,83,Elevated blood pressure (Systolic ≥140 mm of Hg and/or Diastolic ≥90 mm of Hg) or taking medicine to,18.1,19.5,False,False
Odisha,Rayagada,Men,84,Mildly elevated blood pressure (Systolic 140-159 mm of Hg and/or Diastolic 90-99 mm of Hg) (%),12.7,15.2,False,False
Odisha,Rayagada,Men,85,Moderately or severely elevated blood pressure (Systolic ≥160 mm of Hg and/or Diastolic ≥100 mm,6.1,8.1,False,False
Odisha,Rayagada,Men,86,Elevated blood pressure (Systolic ≥140 mm of Hg and/or Diastolic ≥90 mm of Hg) or taking medicine to,21.3,25.1,False,False
Odisha,Rayagada,Men,87,Women having a bank or savings account that they themselves use (%),85.7,86.9,False,False
Odisha,Rayagada,Men,88,Women having a mobile phone that they themselves use (%),42.6,30.3,False,False
Odisha,Rayagada,Men,89,Women age 15-24 years who use hygienic methods of protection during their menstrual period17 (%),71.5,63.5,False,False
Odisha,Rayagada,Tobacco Use and Alcohol Consumption among Adults (age 15 years and above),90,Women age 15 years and above who use any kind of tobacco (%),30.4,29.1,False,False
Odisha,Rayagada,Tobacco Use and Alcohol Consumption among Adults (age 15 years and above),91,Men age 15 years and above who use any kind of tobacco (%),50.4,47.0,False,False
Odisha,Rayagada,Tobacco Use and Alcohol Consumption among Adults (age 15 years and above),92,Women age 15 years and above who consume alcohol (%),5.4,4.9,False,False
Odisha,Rayagada,Tobacco Use and Alcohol Consumption among Adults (age 15 years and above),93,Men age 15 years and above who consume alcohol (%),33.4,32.5,False,False
Odisha,Sambalpur,Population and Household Profile,1,Population below age 5 years (%),6.1,6.8,False,False
Odisha,Sambalpur,Population and Household Profile,2,Population below age 15 years (%),19.3,22.6,False,False
Odisha,Sambalpur,Population and Household Profile,3,Population age 60 years and above (%),16.2,15.1,False,False
Odisha,Sambalpur,Population and Household Profile,4,Population living in households with electricity (%),97.8,98.8,False,False
Odisha,Sambalpur,Population and Household Profile,5,Population living in households with an improved drinking-water source1 (%),92.9,93.0,False,False
Odisha,Sambalpur,Population and Household Profile,6,Households using iodized salt (%),94.8,97.8,False,False
Odisha,Sambalpur,Population and Household Profile,7,Households with any usual member covered under a health insurance/financing scheme (%),77.2,49.3,False,False
Odisha,Sambalpur,Population and Household Profile,8,Households with any usual member having a bank account/post office account (%),97.8,96.0,False,False
Odisha,Sambalpur,Population and Household Profile,9,Female population age 6 years and above who ever attended school (%),76.0,74.6,False,False
Odisha,Sambalpur,Population and Household Profile,10,Households with any usual female members owning a house and/or land (alone or jointly with others) (%),16.0,13.2,False,False
Odisha,Sambalpur,Population and Household Profile,11,Children age 2-4 years who attended pre-school (%),57.3,52.7,False,False
Odisha,Sambalpur,Characteristics of Adults (age 15-49 years),12,Women with 10 or more years of schooling (%),42.3,36.5,False,False
Odisha,Sambalpur,Characteristics of Adults (age 15-49 years),13,Men with 10 or more years of schooling (%),49.7,35.4,False,False
Odisha,Sambalpur,Characteristics of Adults (age 15-49 years),14,Women who have ever used the internet (%),53.2,21.1,False,False
Odisha,Sambalpur,Characteristics of Adults (age 15-49 years),15,Men who have ever used the internet (%),67.2,46.6,False,False
Odisha,Sambalpur,Marriage and Fertility,16,Women age 20-24 years married before age 18 years (%),10.4,7.4,False,False
Odisha,Sambalpur,Marriage and Fertility,17,Men age 25-29 years married before age 21 years (%),*,*,True,False
Odisha,Sambalpur,Marriage and Fertility,18,Three or more births in the 5 years preceding the survey (%),0.3,1.9,False,False
Odisha,Sambalpur,Marriage and Fertility,19,Women age 15-19 years who were already mothers or pregnant at the time of the survey (%),5.7,0.9,False,False
Odisha,Sambalpur,Marriage and Fertility,20,Any method2 (%),77.0,77.1,False,False
Odisha,Sambalpur,Marriage and Fertility,21,Any modern method2 (%),44.8,58.1,False,False
Odisha,Sambalpur,Marriage and Fertility,22,Any traditional method (%),32.2,19.0,False,False
Odisha,Sambalpur,Marriage and Fertility,23,Female sterilization (%),26.5,32.6,False,False
Odisha,Sambalpur,Marriage and Fertility,24,Male sterilization (%),0.0,0.3,False,False
Odisha,Sambalpur,Marriage and Fertility,25,Total unmet need3 (%),4.3,9.1,False,False
Odisha,Sambalpur,Marriage and Fertility,26,Unmet need for spacing3 (%),2.2,3.6,False,False
Odisha,Sambalpur,Marriage and Fertility,27,Unmet need for limiting3 (%),2.1,5.5,False,False
Odisha,Sambalpur,Antenatal Care (for last birth in the 5 years before the survey),28,Mothers who had an antenatal check-up in the first trimester (%),80.9,79.0,False,False
Odisha,Sambalpur,Antenatal Care (for last birth in the 5 years before the survey),29,Mothers who had any antenatal care visits (%),96.5,98.7,False,False
Odisha,Sambalpur,Antenatal Care (for last birth in the 5 years before the survey),30,Mothers who had at least 4 antenatal care visits (%),85.5,89.0,False,False
Odisha,Sambalpur,Antenatal Care (for last birth in the 5 years before the survey),31,Mothers whose last birth was protected against neonatal tetanus4 (%),94.7,90.8,False,False
Odisha,Sambalpur,Antenatal Care (for last birth in the 5 years before the survey),32,Mothers who consumed iron folic acid for 100 days or more when they were pregnant (%),80.5,63.1,False,False
Odisha,Sambalpur,Antenatal Care (for last birth in the 5 years before the survey),33,Mothers who consumed iron folic acid for 180 days or more when they were pregnant (%),53.3,35.6,False,False
Odisha,Sambalpur,Antenatal Care (for last birth in the 5 years before the survey),34,Registered pregnancies for which the mother received a Mother and Child Protection (MCP) card (%),99.5,100.0,False,False
Odisha,Sambalpur,Delivery Care (for births in the 5 years before the survey),35,Institutional births (%),98.8,99.5,False,False
Odisha,Sambalpur,Delivery Care (for births in the 5 years before the survey),36,Institutional births in public facility (%),75.5,88.7,False,False
Odisha,Sambalpur,Delivery Care (for births in the 5 years before the survey),37,Births attended by skilled health personnel5 (%),97.3,97.6,False,False
Odisha,Sambalpur,Delivery Care (for births in the 5 years before the survey),38,Births delivered by caesarean section (%),38.6,25.3,False,False
Odisha,Sambalpur,Delivery Care (for births in the 5 years before the survey),39,Births in a private health facility that were delivered by caesarean section (%),73.7,*,True,False
Odisha,Sambalpur,Delivery Care (for births in the 5 years before the survey),40,Births in a public health facility that were delivered by caesarean section (%),28.3,19.3,False,False
Odisha,Sambalpur,Postnatal Care (for last birth in the 5 years before the survey),41,Mothers who received postnatal care from a doctor/nurse/LHV/ANM/midwife/other health personnel within 2,88.3,90.5,False,False
Odisha,Sambalpur,Postnatal Care (for last birth in the 5 years before the survey),42,Children born at home who were taken to a health facility for a check-up within 24 hours of birth (%),*,*,True,False
Odisha,Sambalpur,Postnatal Care (for last birth in the 5 years before the survey),43,Children who received postnatal care from a doctor/nurse/LHV/ANM/midwife/other health personnel within 2,90.8,94.1,False,False
Odisha,Sambalpur,Child Vaccinations and Vitamin A Supplementation,44,Children age 12-23 months fully vaccinated based on information from either vaccination card or mother's,97.5,98.0,True,False
Odisha,Sambalpur,Child Vaccinations and Vitamin A Supplementation,45,Children age 12-23 months fully vaccinated based on information from vaccination card only7 (%),95.2,97.9,True,False
Odisha,Sambalpur,Child Vaccinations and Vitamin A Supplementation,46,Children age 12-23 months who have received any vaccine (%),100.0,100.0,True,False
Odisha,Sambalpur,Child Vaccinations and Vitamin A Supplementation,47,Children age 12-23 months who have received BCG (%),100.0,100.0,True,False
Odisha,Sambalpur,Child Vaccinations and Vitamin A Supplementation,48,Children age 12-23 months who have received 3 doses of polio vaccine8 (%),100.0,98.0,True,False
Odisha,Sambalpur,Child Vaccinations and Vitamin A Supplementation,49,Children age 12-23 months who have received 3 doses of pentavalent vaccine (%),97.5,100.0,True,False
Odisha,Sambalpur,Child Vaccinations and Vitamin A Supplementation,50,Children age 12-23 months who have received the first dose of measles-containing vaccine (MCV) (%),100.0,100.0,True,False
Odisha,Sambalpur,Child Vaccinations and Vitamin A Supplementation,51,Children age 24-35 months who have received a second dose of measles-containing vaccine (MCV) (%),93.8,89.6,True,False
Odisha,Sambalpur,Child Vaccinations and Vitamin A Supplementation,52,Children age 12-23 months who have received birth dose of hepatitis B vaccine (%),94.0,97.4,True,False
Odisha,Sambalpur,Child Vaccinations and Vitamin A Supplementation,53,Children age 12-23 months who have received 3 doses of rotavirus vaccine (%),94.5,92.1,True,False
Odisha,Sambalpur,Child Vaccinations and Vitamin A Supplementation,54,Children age 9-35 months who received a vitamin A dose in the last 6 months (%),84.0,91.1,False,False
Odisha,Sambalpur,Child Vaccinations and Vitamin A Supplementation,55,Children age 12-23 months who received most of their vaccinations in a public health facility (%),99.6,94.2,True,False
Odisha,Sambalpur,Child Vaccinations and Vitamin A Supplementation,56,Children age 12-23 months who received most of their vaccinations in a private health facility (%),0.4,2.1,True,False
Odisha,Sambalpur,Treatment of Childhood Diseases (children under age 5 years),57,Prevalence of diarrhoea in the 2 weeks preceding the survey (%),6.6,7.6,False,False
Odisha,Sambalpur,Treatment of Childhood Diseases (children under age 5 years),58,Prevalence of symptoms of acute respiratory infection (ARI) in the 2 weeks preceding the survey (%),0.0,1.7,False,False
Odisha,Sambalpur,Treatment of Childhood Diseases (children under age 5 years),59,Children with fever or symptoms of ARI in the 2 weeks preceding the survey taken to a health facility or,72.4,*,True,False
Odisha,Sambalpur,Child Feeding Practices and Nutritional Status of Children,60,Children under age 3 years breastfed within one hour of birth9 (%),56.9,59.0,False,False
Odisha,Sambalpur,Child Feeding Practices and Nutritional Status of Children,61,Children under age 6 months exclusively breastfed10 (%),*,79.6,True,False
Odisha,Sambalpur,Child Feeding Practices and Nutritional Status of Children,62,Children under age 6 months currently breastfeeding10 (%),*,91.7,True,False
Odisha,Sambalpur,Child Feeding Practices and Nutritional Status of Children,63,Children under age 6 months exclusively breastfed or breastfeeding and consuming plain water/other,*,87.7,True,False
Odisha,Sambalpur,Child Feeding Practices and Nutritional Status of Children,64,Children age 6-8 months receiving solid or semi-solid food and breastmilk10 (%),*,*,True,False
Odisha,Sambalpur,Child Feeding Practices and Nutritional Status of Children,65,"Breastfeeding children age 6-23 months receiving an adequate diet10, 11 (%)",18.6,18.0,False,False
Odisha,Sambalpur,Child Feeding Practices and Nutritional Status of Children,66,"Non-breastfeeding children age 6-23 months receiving an adequate diet10, 11 (%)",*,*,True,False
Odisha,Sambalpur,Child Feeding Practices and Nutritional Status of Children,67,"Total children age 6-23 months receiving an adequate diet10, 11 (%)",17.8,17.4,False,False
Odisha,Sambalpur,Child Feeding Practices and Nutritional Status of Children,68,Children under 5 years who are stunted (height-for-age)12 (%),24.3,40.7,False,False
Odisha,Sambalpur,Child Feeding Practices and Nutritional Status of Children,69,Children under 5 years who are wasted (weight-for-height)12 (%),23.5,25.5,False,False
Odisha,Sambalpur,Child Feeding Practices and Nutritional Status of Children,70,Children under 5 years who are severely wasted (weight-for-height)13 (%),7.6,7.6,False,False
Odisha,Sambalpur,Child Feeding Practices and Nutritional Status of Children,71,Children under 5 years who are underweight (weight-for-age)12 (%),32.7,36.3,False,False
Odisha,Sambalpur,Child Feeding Practices and Nutritional Status of Children,72,Children under 5 years who are overweight (weight-for-height)14 (%),0.0,3.7,False,False
Odisha,Sambalpur,Nutritional Status of Adults (age 15-49 years),73,Women whose Body Mass Index (BMI) is below normal (BMI <18.5 kg/m2)15 (%),22.9,19.7,False,False
Odisha,Sambalpur,Nutritional Status of Adults (age 15-49 years),74,Women who are overweight or obese (BMI ≥25.0 kg/m2)15 (%),29.0,21.4,False,False
Odisha,Sambalpur,Women,75,Blood sugar level - high (141-160 mg/dl)16 (%),9.4,6.7,False,False
Odisha,Sambalpur,Women,76,Blood sugar level - very high (>160 mg/dl)16 (%),10.5,4.4,False,False
Odisha,Sambalpur,Women,77,Blood sugar level - high or very high (>140 mg/dl) or taking medicine to control blood sugar level16 (%),20.6,11.7,False,False
Odisha,Sambalpur,Men,78,Blood sugar level - high (141-160 mg/dl)16 (%),11.0,9.2,False,False
Odisha,Sambalpur,Men,79,Blood sugar level - very high (>160 mg/dl)16 (%),12.8,6.4,False,False
Odisha,Sambalpur,Men,80,Blood sugar level - high or very high (>140 mg/dl) or taking medicine to control blood sugar level16 (%),25.1,16.6,False,False
Odisha,Sambalpur,Women,81,Mildly elevated blood pressure (Systolic 140-159 mm of Hg and/or Diastolic 90-99 mm of Hg) (%),15.0,14.2,False,False
Odisha,Sambalpur,Women,82,Moderately or severely elevated blood pressure (Systolic ≥160 mm of Hg and/or Diastolic ≥100 mm,6.6,5.0,False,False
Odisha,Sambalpur,Women,83,Elevated blood pressure (Systolic ≥140 mm of Hg and/or Diastolic ≥90 mm of Hg) or taking medicine to,26.6,22.2,False,False
Odisha,Sambalpur,Men,84,Mildly elevated blood pressure (Systolic 140-159 mm of Hg and/or Diastolic 90-99 mm of Hg) (%),14.3,18.2,False,False
Odisha,Sambalpur,Men,85,Moderately or severely elevated blood pressure (Systolic ≥160 mm of Hg and/or Diastolic ≥100 mm,6.5,4.1,False,False
Odisha,Sambalpur,Men,86,Elevated blood pressure (Systolic ≥140 mm of Hg and/or Diastolic ≥90 mm of Hg) or taking medicine to,26.7,24.5,False,False
Odisha,Sambalpur,Men,87,Women having a bank or savings account that they themselves use (%),92.9,88.8,False,False
Odisha,Sambalpur,Men,88,Women having a mobile phone that they themselves use (%),69.7,52.6,False,False
Odisha,Sambalpur,Men,89,Women age 15-24 years who use hygienic methods of protection during their menstrual period17 (%),94.7,86.1,False,False
Odisha,Sambalpur,Tobacco Use and Alcohol Consumption among Adults (age 15 years and above),90,Women age 15 years and above who use any kind of tobacco (%),18.9,22.4,False,False
Odisha,Sambalpur,Tobacco Use and Alcohol Consumption among Adults (age 15 years and above),91,Men age 15 years and above who use any kind of tobacco (%),46.8,50.8,False,False
Odisha,Sambalpur,Tobacco Use and Alcohol Consumption among Adults (age 15 years and above),92,Women age 15 years and above who consume alcohol (%),5.2,7.6,False,False
Odisha,Sambalpur,Tobacco Use and Alcohol Consumption among Adults (age 15 years and above),93,Men age 15 years and above who consume alcohol (%),36.5,40.0,False,False
Odisha,Sonepur,Population and Household Profile,1,Population below age 5 years (%),7.2,7.9,False,False
Odisha,Sonepur,Population and Household Profile,2,Population below age 15 years (%),21.1,23.5,False,False
Odisha,Sonepur,Population and Household Profile,3,Population age 60 years and above (%),16.8,14.8,False,False
Odisha,Sonepur,Population and Household Profile,4,Population living in households with electricity (%),99.0,98.7,False,False
Odisha,Sonepur,Population and Household Profile,5,Population living in households with an improved drinking-water source1 (%),95.1,94.2,False,False
Odisha,Sonepur,Population and Household Profile,6,Households using iodized salt (%),95.2,98.5,False,False
Odisha,Sonepur,Population and Household Profile,7,Households with any usual member covered under a health insurance/financing scheme (%),84.7,45.8,False,False
Odisha,Sonepur,Population and Household Profile,8,Households with any usual member having a bank account/post office account (%),99.2,97.3,False,False
Odisha,Sonepur,Population and Household Profile,9,Female population age 6 years and above who ever attended school (%),74.9,74.4,False,False
Odisha,Sonepur,Population and Household Profile,10,Households with any usual female members owning a house and/or land (alone or jointly with others) (%),10.7,7.6,False,False
Odisha,Sonepur,Population and Household Profile,11,Children age 2-4 years who attended pre-school (%),68.8,54.5,False,False
Odisha,Sonepur,Characteristics of Adults (age 15-49 years),12,Women with 10 or more years of schooling (%),46.5,37.8,False,False
Odisha,Sonepur,Characteristics of Adults (age 15-49 years),13,Men with 10 or more years of schooling (%),49.0,33.0,False,False
Odisha,Sonepur,Characteristics of Adults (age 15-49 years),14,Women who have ever used the internet (%),59.2,19.6,False,False
Odisha,Sonepur,Characteristics of Adults (age 15-49 years),15,Men who have ever used the internet (%),80.1,50.5,False,False
Odisha,Sonepur,Marriage and Fertility,16,Women age 20-24 years married before age 18 years (%),12.3,16.9,False,False
Odisha,Sonepur,Marriage and Fertility,17,Men age 25-29 years married before age 21 years (%),9.2,*,True,False
Odisha,Sonepur,Marriage and Fertility,18,Three or more births in the 5 years preceding the survey (%),0.2,0.3,False,False
Odisha,Sonepur,Marriage and Fertility,19,Women age 15-19 years who were already mothers or pregnant at the time of the survey (%),4.9,6.3,False,False
Odisha,Sonepur,Marriage and Fertility,20,Any method2 (%),70.8,77.4,False,False
Odisha,Sonepur,Marriage and Fertility,21,Any modern method2 (%),36.5,57.0,False,False
Odisha,Sonepur,Marriage and Fertility,22,Any traditional method (%),34.3,20.4,False,False
Odisha,Sonepur,Marriage and Fertility,23,Female sterilization (%),20.4,27.9,False,False
Odisha,Sonepur,Marriage and Fertility,24,Male sterilization (%),0.1,0.0,False,False
Odisha,Sonepur,Marriage and Fertility,25,Total unmet need3 (%),6.8,5.8,False,False
Odisha,Sonepur,Marriage and Fertility,26,Unmet need for spacing3 (%),4.1,1.7,False,False
Odisha,Sonepur,Marriage and Fertility,27,Unmet need for limiting3 (%),2.7,4.1,False,False
Odisha,Sonepur,Antenatal Care (for last birth in the 5 years before the survey),28,Mothers who had an antenatal check-up in the first trimester (%),85.2,84.3,False,False
Odisha,Sonepur,Antenatal Care (for last birth in the 5 years before the survey),29,Mothers who had any antenatal care visits (%),98.3,100.0,False,False
Odisha,Sonepur,Antenatal Care (for last birth in the 5 years before the survey),30,Mothers who had at least 4 antenatal care visits (%),83.7,87.8,False,False
Odisha,Sonepur,Antenatal Care (for last birth in the 5 years before the survey),31,Mothers whose last birth was protected against neonatal tetanus4 (%),100.0,97.4,False,False
Odisha,Sonepur,Antenatal Care (for last birth in the 5 years before the survey),32,Mothers who consumed iron folic acid for 100 days or more when they were pregnant (%),88.3,68.8,False,False
Odisha,Sonepur,Antenatal Care (for last birth in the 5 years before the survey),33,Mothers who consumed iron folic acid for 180 days or more when they were pregnant (%),63.8,40.9,False,False
Odisha,Sonepur,Antenatal Care (for last birth in the 5 years before the survey),34,Registered pregnancies for which the mother received a Mother and Child Protection (MCP) card (%),100.0,100.0,False,False
Odisha,Sonepur,Delivery Care (for births in the 5 years before the survey),35,Institutional births (%),97.2,96.1,False,False
Odisha,Sonepur,Delivery Care (for births in the 5 years before the survey),36,Institutional births in public facility (%),73.4,83.0,False,False
Odisha,Sonepur,Delivery Care (for births in the 5 years before the survey),37,Births attended by skilled health personnel5 (%),92.3,95.0,False,False
Odisha,Sonepur,Delivery Care (for births in the 5 years before the survey),38,Births delivered by caesarean section (%),42.8,26.4,False,False
Odisha,Sonepur,Delivery Care (for births in the 5 years before the survey),39,Births in a private health facility that were delivered by caesarean section (%),83.6,73.9,True,False
Odisha,Sonepur,Delivery Care (for births in the 5 years before the survey),40,Births in a public health facility that were delivered by caesarean section (%),31.2,20.1,False,False
Odisha,Sonepur,Postnatal Care (for last birth in the 5 years before the survey),41,Mothers who received postnatal care from a doctor/nurse/LHV/ANM/midwife/other health personnel within 2,92.6,93.1,False,False
Odisha,Sonepur,Postnatal Care (for last birth in the 5 years before the survey),42,Children born at home who were taken to a health facility for a check-up within 24 hours of birth (%),*,*,True,False
Odisha,Sonepur,Postnatal Care (for last birth in the 5 years before the survey),43,Children who received postnatal care from a doctor/nurse/LHV/ANM/midwife/other health personnel within 2,92.1,93.6,False,False
Odisha,Sonepur,Child Vaccinations and Vitamin A Supplementation,44,Children age 12-23 months fully vaccinated based on information from either vaccination card or mother's,100.0,98.0,True,False
Odisha,Sonepur,Child Vaccinations and Vitamin A Supplementation,45,Children age 12-23 months fully vaccinated based on information from vaccination card only7 (%),97.7,98.0,True,False
Odisha,Sonepur,Child Vaccinations and Vitamin A Supplementation,46,Children age 12-23 months who have received any vaccine (%),100.0,100.0,True,False
Odisha,Sonepur,Child Vaccinations and Vitamin A Supplementation,47,Children age 12-23 months who have received BCG (%),100.0,100.0,True,False
Odisha,Sonepur,Child Vaccinations and Vitamin A Supplementation,48,Children age 12-23 months who have received 3 doses of polio vaccine8 (%),100.0,100.0,True,False
Odisha,Sonepur,Child Vaccinations and Vitamin A Supplementation,49,Children age 12-23 months who have received 3 doses of pentavalent vaccine (%),100.0,98.0,True,False
Odisha,Sonepur,Child Vaccinations and Vitamin A Supplementation,50,Children age 12-23 months who have received the first dose of measles-containing vaccine (MCV) (%),100.0,100.0,True,False
Odisha,Sonepur,Child Vaccinations and Vitamin A Supplementation,51,Children age 24-35 months who have received a second dose of measles-containing vaccine (MCV) (%),89.6,88.5,True,False
Odisha,Sonepur,Child Vaccinations and Vitamin A Supplementation,52,Children age 12-23 months who have received birth dose of hepatitis B vaccine (%),96.9,96.4,True,False
Odisha,Sonepur,Child Vaccinations and Vitamin A Supplementation,53,Children age 12-23 months who have received 3 doses of rotavirus vaccine (%),100.0,95.8,True,False
Odisha,Sonepur,Child Vaccinations and Vitamin A Supplementation,54,Children age 9-35 months who received a vitamin A dose in the last 6 months (%),86.6,91.0,False,False
Odisha,Sonepur,Child Vaccinations and Vitamin A Supplementation,55,Children age 12-23 months who received most of their vaccinations in a public health facility (%),100.0,100.0,True,False
Odisha,Sonepur,Child Vaccinations and Vitamin A Supplementation,56,Children age 12-23 months who received most of their vaccinations in a private health facility (%),0.0,0.0,True,False
Odisha,Sonepur,Treatment of Childhood Diseases (children under age 5 years),57,Prevalence of diarrhoea in the 2 weeks preceding the survey (%),1.4,5.3,False,False
Odisha,Sonepur,Treatment of Childhood Diseases (children under age 5 years),58,Prevalence of symptoms of acute respiratory infection (ARI) in the 2 weeks preceding the survey (%),0.9,0.3,False,False
Odisha,Sonepur,Treatment of Childhood Diseases (children under age 5 years),59,Children with fever or symptoms of ARI in the 2 weeks preceding the survey taken to a health facility or,83.5,*,True,False
Odisha,Sonepur,Child Feeding Practices and Nutritional Status of Children,60,Children under age 3 years breastfed within one hour of birth9 (%),62.9,61.0,False,False
Odisha,Sonepur,Child Feeding Practices and Nutritional Status of Children,61,Children under age 6 months exclusively breastfed10 (%),80.6,71.0,True,False
Odisha,Sonepur,Child Feeding Practices and Nutritional Status of Children,62,Children under age 6 months currently breastfeeding10 (%),97.6,100.0,True,False
Odisha,Sonepur,Child Feeding Practices and Nutritional Status of Children,63,Children under age 6 months exclusively breastfed or breastfeeding and consuming plain water/other,90.4,83.2,True,False
Odisha,Sonepur,Child Feeding Practices and Nutritional Status of Children,64,Children age 6-8 months receiving solid or semi-solid food and breastmilk10 (%),*,*,True,False
Odisha,Sonepur,Child Feeding Practices and Nutritional Status of Children,65,"Breastfeeding children age 6-23 months receiving an adequate diet10, 11 (%)",3.5,24.1,False,False
Odisha,Sonepur,Child Feeding Practices and Nutritional Status of Children,66,"Non-breastfeeding children age 6-23 months receiving an adequate diet10, 11 (%)",*,*,True,False
Odisha,Sonepur,Child Feeding Practices and Nutritional Status of Children,67,"Total children age 6-23 months receiving an adequate diet10, 11 (%)",3.3,22.5,False,False
Odisha,Sonepur,Child Feeding Practices and Nutritional Status of Children,68,Children under 5 years who are stunted (height-for-age)12 (%),28.5,29.6,False,False
Odisha,Sonepur,Child Feeding Practices and Nutritional Status of Children,69,Children under 5 years who are wasted (weight-for-height)12 (%),20.4,26.0,False,False
Odisha,Sonepur,Child Feeding Practices and Nutritional Status of Children,70,Children under 5 years who are severely wasted (weight-for-height)13 (%),4.3,11.7,False,False
Odisha,Sonepur,Child Feeding Practices and Nutritional Status of Children,71,Children under 5 years who are underweight (weight-for-age)12 (%),30.5,34.5,False,False
Odisha,Sonepur,Child Feeding Practices and Nutritional Status of Children,72,Children under 5 years who are overweight (weight-for-height)14 (%),1.7,3.1,False,False
Odisha,Sonepur,Nutritional Status of Adults (age 15-49 years),73,Women whose Body Mass Index (BMI) is below normal (BMI <18.5 kg/m2)15 (%),19.5,20.5,False,False
Odisha,Sonepur,Nutritional Status of Adults (age 15-49 years),74,Women who are overweight or obese (BMI ≥25.0 kg/m2)15 (%),30.3,21.7,False,False
Odisha,Sonepur,Women,75,Blood sugar level - high (141-160 mg/dl)16 (%),11.9,6.8,False,False
Odisha,Sonepur,Women,76,Blood sugar level - very high (>160 mg/dl)16 (%),13.5,5.9,False,False
Odisha,Sonepur,Women,77,Blood sugar level - high or very high (>140 mg/dl) or taking medicine to control blood sugar level16 (%),26.1,13.0,False,False
Odisha,Sonepur,Men,78,Blood sugar level - high (141-160 mg/dl)16 (%),13.0,6.5,False,False
Odisha,Sonepur,Men,79,Blood sugar level - very high (>160 mg/dl)16 (%),16.0,5.6,False,False
Odisha,Sonepur,Men,80,Blood sugar level - high or very high (>140 mg/dl) or taking medicine to control blood sugar level16 (%),29.9,12.8,False,False
Odisha,Sonepur,Women,81,Mildly elevated blood pressure (Systolic 140-159 mm of Hg and/or Diastolic 90-99 mm of Hg) (%),9.7,15.4,False,False
Odisha,Sonepur,Women,82,Moderately or severely elevated blood pressure (Systolic ≥160 mm of Hg and/or Diastolic ≥100 mm,4.9,4.6,False,False
Odisha,Sonepur,Women,83,Elevated blood pressure (Systolic ≥140 mm of Hg and/or Diastolic ≥90 mm of Hg) or taking medicine to,20.0,22.4,False,False
Odisha,Sonepur,Men,84,Mildly elevated blood pressure (Systolic 140-159 mm of Hg and/or Diastolic 90-99 mm of Hg) (%),12.1,15.3,False,False
Odisha,Sonepur,Men,85,Moderately or severely elevated blood pressure (Systolic ≥160 mm of Hg and/or Diastolic ≥100 mm,5.7,4.0,False,False
Odisha,Sonepur,Men,86,Elevated blood pressure (Systolic ≥140 mm of Hg and/or Diastolic ≥90 mm of Hg) or taking medicine to,23.3,20.5,False,False
Odisha,Sonepur,Men,87,Women having a bank or savings account that they themselves use (%),97.4,80.9,False,False
Odisha,Sonepur,Men,88,Women having a mobile phone that they themselves use (%),48.3,39.6,False,False
Odisha,Sonepur,Men,89,Women age 15-24 years who use hygienic methods of protection during their menstrual period17 (%),94.9,79.1,False,False
Odisha,Sonepur,Tobacco Use and Alcohol Consumption among Adults (age 15 years and above),90,Women age 15 years and above who use any kind of tobacco (%),16.6,17.9,False,False
Odisha,Sonepur,Tobacco Use and Alcohol Consumption among Adults (age 15 years and above),91,Men age 15 years and above who use any kind of tobacco (%),37.6,39.4,False,False
Odisha,Sonepur,Tobacco Use and Alcohol Consumption among Adults (age 15 years and above),92,Women age 15 years and above who consume alcohol (%),0.6,0.8,False,False
Odisha,Sonepur,Tobacco Use and Alcohol Consumption among Adults (age 15 years and above),93,Men age 15 years and above who consume alcohol (%),20.8,21.5,False,False
Odisha,Sundargarh,Population and Household Profile,1,Population below age 5 years (%),7.0,6.2,False,False
Odisha,Sundargarh,Population and Household Profile,2,Population below age 15 years (%),20.6,21.9,False,False
Odisha,Sundargarh,Population and Household Profile,3,Population age 60 years and above (%),15.0,11.9,False,False
Odisha,Sundargarh,Population and Household Profile,4,Population living in households with electricity (%),97.8,97.1,False,False
Odisha,Sundargarh,Population and Household Profile,5,Population living in households with an improved drinking-water source1 (%),95.2,91.5,False,False
Odisha,Sundargarh,Population and Household Profile,6,Households using iodized salt (%),98.7,99.4,False,False
Odisha,Sundargarh,Population and Household Profile,7,Households with any usual member covered under a health insurance/financing scheme (%),76.9,39.3,False,False
Odisha,Sundargarh,Population and Household Profile,8,Households with any usual member having a bank account/post office account (%),97.4,95.8,False,False
Odisha,Sundargarh,Population and Household Profile,9,Female population age 6 years and above who ever attended school (%),74.1,72.0,False,False
Odisha,Sundargarh,Population and Household Profile,10,Households with any usual female members owning a house and/or land (alone or jointly with others) (%),16.5,11.9,False,False
Odisha,Sundargarh,Population and Household Profile,11,Children age 2-4 years who attended pre-school (%),50.6,60.8,False,False
Odisha,Sundargarh,Characteristics of Adults (age 15-49 years),12,Women with 10 or more years of schooling (%),50.3,35.6,False,False
Odisha,Sundargarh,Characteristics of Adults (age 15-49 years),13,Men with 10 or more years of schooling (%),50.9,49.1,False,False
Odisha,Sundargarh,Characteristics of Adults (age 15-49 years),14,Women who have ever used the internet (%),60.9,30.4,False,False
Odisha,Sundargarh,Characteristics of Adults (age 15-49 years),15,Men who have ever used the internet (%),71.3,41.9,False,False
Odisha,Sundargarh,Marriage and Fertility,16,Women age 20-24 years married before age 18 years (%),12.8,12.9,False,False
Odisha,Sundargarh,Marriage and Fertility,17,Men age 25-29 years married before age 21 years (%),*,*,True,False
Odisha,Sundargarh,Marriage and Fertility,18,Three or more births in the 5 years preceding the survey (%),1.5,0.5,False,False
Odisha,Sundargarh,Marriage and Fertility,19,Women age 15-19 years who were already mothers or pregnant at the time of the survey (%),6.4,5.4,False,False
Odisha,Sundargarh,Marriage and Fertility,20,Any method2 (%),66.0,79.7,False,False
Odisha,Sundargarh,Marriage and Fertility,21,Any modern method2 (%),43.1,47.9,False,False
Odisha,Sundargarh,Marriage and Fertility,22,Any traditional method (%),22.9,31.8,False,False
Odisha,Sundargarh,Marriage and Fertility,23,Female sterilization (%),20.7,24.9,False,False
Odisha,Sundargarh,Marriage and Fertility,24,Male sterilization (%),0.6,0.5,False,False
Odisha,Sundargarh,Marriage and Fertility,25,Total unmet need3 (%),9.9,2.4,False,False
Odisha,Sundargarh,Marriage and Fertility,26,Unmet need for spacing3 (%),4.5,0.6,False,False
Odisha,Sundargarh,Marriage and Fertility,27,Unmet need for limiting3 (%),5.4,1.8,False,False
Odisha,Sundargarh,Antenatal Care (for last birth in the 5 years before the survey),28,Mothers who had an antenatal check-up in the first trimester (%),73.4,81.3,False,False
Odisha,Sundargarh,Antenatal Care (for last birth in the 5 years before the survey),29,Mothers who had any antenatal care visits (%),87.3,98.6,False,False
Odisha,Sundargarh,Antenatal Care (for last birth in the 5 years before the survey),30,Mothers who had at least 4 antenatal care visits (%),61.9,73.1,False,False
Odisha,Sundargarh,Antenatal Care (for last birth in the 5 years before the survey),31,Mothers whose last birth was protected against neonatal tetanus4 (%),93.5,93.1,False,False
Odisha,Sundargarh,Antenatal Care (for last birth in the 5 years before the survey),32,Mothers who consumed iron folic acid for 100 days or more when they were pregnant (%),79.0,60.3,False,False
Odisha,Sundargarh,Antenatal Care (for last birth in the 5 years before the survey),33,Mothers who consumed iron folic acid for 180 days or more when they were pregnant (%),53.2,27.4,False,False
Odisha,Sundargarh,Antenatal Care (for last birth in the 5 years before the survey),34,Registered pregnancies for which the mother received a Mother and Child Protection (MCP) card (%),100.0,99.1,False,False
Odisha,Sundargarh,Delivery Care (for births in the 5 years before the survey),35,Institutional births (%),95.4,91.3,False,False
Odisha,Sundargarh,Delivery Care (for births in the 5 years before the survey),36,Institutional births in public facility (%),82.9,80.3,False,False
Odisha,Sundargarh,Delivery Care (for births in the 5 years before the survey),37,Births attended by skilled health personnel5 (%),90.0,88.2,False,False
Odisha,Sundargarh,Delivery Care (for births in the 5 years before the survey),38,Births delivered by caesarean section (%),29.1,20.8,False,False
Odisha,Sundargarh,Delivery Care (for births in the 5 years before the survey),39,Births in a private health facility that were delivered by caesarean section (%),78.6,*,True,False
Odisha,Sundargarh,Delivery Care (for births in the 5 years before the survey),40,Births in a public health facility that were delivered by caesarean section (%),23.3,16.3,False,False
Odisha,Sundargarh,Postnatal Care (for last birth in the 5 years before the survey),41,Mothers who received postnatal care from a doctor/nurse/LHV/ANM/midwife/other health personnel within 2,91.9,79.7,False,False
Odisha,Sundargarh,Postnatal Care (for last birth in the 5 years before the survey),42,Children born at home who were taken to a health facility for a check-up within 24 hours of birth (%),*,*,True,False
Odisha,Sundargarh,Postnatal Care (for last birth in the 5 years before the survey),43,Children who received postnatal care from a doctor/nurse/LHV/ANM/midwife/other health personnel within 2,91.8,82.0,False,False
Odisha,Sundargarh,Child Vaccinations and Vitamin A Supplementation,44,Children age 12-23 months fully vaccinated based on information from either vaccination card or mother's,87.0,82.0,True,False
Odisha,Sundargarh,Child Vaccinations and Vitamin A Supplementation,45,Children age 12-23 months fully vaccinated based on information from vaccination card only7 (%),89.8,81.5,True,False
Odisha,Sundargarh,Child Vaccinations and Vitamin A Supplementation,46,Children age 12-23 months who have received any vaccine (%),96.9,91.7,True,False
Odisha,Sundargarh,Child Vaccinations and Vitamin A Supplementation,47,Children age 12-23 months who have received BCG (%),96.9,91.7,True,False
Odisha,Sundargarh,Child Vaccinations and Vitamin A Supplementation,48,Children age 12-23 months who have received 3 doses of polio vaccine8 (%),90.1,82.0,True,False
Odisha,Sundargarh,Child Vaccinations and Vitamin A Supplementation,49,Children age 12-23 months who have received 3 doses of pentavalent vaccine (%),93.7,86.1,True,False
Odisha,Sundargarh,Child Vaccinations and Vitamin A Supplementation,50,Children age 12-23 months who have received the first dose of measles-containing vaccine (MCV) (%),93.2,88.8,True,False
Odisha,Sundargarh,Child Vaccinations and Vitamin A Supplementation,51,Children age 24-35 months who have received a second dose of measles-containing vaccine (MCV) (%),81.5,75.3,True,False
Odisha,Sundargarh,Child Vaccinations and Vitamin A Supplementation,52,Children age 12-23 months who have received birth dose of hepatitis B vaccine (%),94.1,80.2,True,False
Odisha,Sundargarh,Child Vaccinations and Vitamin A Supplementation,53,Children age 12-23 months who have received 3 doses of rotavirus vaccine (%),88.2,86.1,True,False
Odisha,Sundargarh,Child Vaccinations and Vitamin A Supplementation,54,Children age 9-35 months who received a vitamin A dose in the last 6 months (%),87.8,90.1,False,False
Odisha,Sundargarh,Child Vaccinations and Vitamin A Supplementation,55,Children age 12-23 months who received most of their vaccinations in a public health facility (%),100.0,96.7,True,False
Odisha,Sundargarh,Child Vaccinations and Vitamin A Supplementation,56,Children age 12-23 months who received most of their vaccinations in a private health facility (%),0.0,3.3,True,False
Odisha,Sundargarh,Treatment of Childhood Diseases (children under age 5 years),57,Prevalence of diarrhoea in the 2 weeks preceding the survey (%),10.1,5.4,False,False
Odisha,Sundargarh,Treatment of Childhood Diseases (children under age 5 years),58,Prevalence of symptoms of acute respiratory infection (ARI) in the 2 weeks preceding the survey (%),0.5,3.9,False,False
Odisha,Sundargarh,Treatment of Childhood Diseases (children under age 5 years),59,Children with fever or symptoms of ARI in the 2 weeks preceding the survey taken to a health facility or,86.4,68.0,True,False
Odisha,Sundargarh,Child Feeding Practices and Nutritional Status of Children,60,Children under age 3 years breastfed within one hour of birth9 (%),60.0,63.2,False,False
Odisha,Sundargarh,Child Feeding Practices and Nutritional Status of Children,61,Children under age 6 months exclusively breastfed10 (%),*,*,True,False
Odisha,Sundargarh,Child Feeding Practices and Nutritional Status of Children,62,Children under age 6 months currently breastfeeding10 (%),*,*,True,False
Odisha,Sundargarh,Child Feeding Practices and Nutritional Status of Children,63,Children under age 6 months exclusively breastfed or breastfeeding and consuming plain water/other,*,*,True,False
Odisha,Sundargarh,Child Feeding Practices and Nutritional Status of Children,64,Children age 6-8 months receiving solid or semi-solid food and breastmilk10 (%),*,*,True,False
Odisha,Sundargarh,Child Feeding Practices and Nutritional Status of Children,65,"Breastfeeding children age 6-23 months receiving an adequate diet10, 11 (%)",10.0,15.4,False,False
Odisha,Sundargarh,Child Feeding Practices and Nutritional Status of Children,66,"Non-breastfeeding children age 6-23 months receiving an adequate diet10, 11 (%)",*,*,True,False
Odisha,Sundargarh,Child Feeding Practices and Nutritional Status of Children,67,"Total children age 6-23 months receiving an adequate diet10, 11 (%)",9.3,14.7,False,False
Odisha,Sundargarh,Child Feeding Practices and Nutritional Status of Children,68,Children under 5 years who are stunted (height-for-age)12 (%),27.6,32.9,False,False
Odisha,Sundargarh,Child Feeding Practices and Nutritional Status of Children,69,Children under 5 years who are wasted (weight-for-height)12 (%),25.0,21.1,False,False
Odisha,Sundargarh,Child Feeding Practices and Nutritional Status of Children,70,Children under 5 years who are severely wasted (weight-for-height)13 (%),6.3,7.4,False,False
Odisha,Sundargarh,Child Feeding Practices and Nutritional Status of Children,71,Children under 5 years who are underweight (weight-for-age)12 (%),32.3,34.7,False,False
Odisha,Sundargarh,Child Feeding Practices and Nutritional Status of Children,72,Children under 5 years who are overweight (weight-for-height)14 (%),2.9,1.2,False,False
Odisha,Sundargarh,Nutritional Status of Adults (age 15-49 years),73,Women whose Body Mass Index (BMI) is below normal (BMI <18.5 kg/m2)15 (%),19.2,21.1,False,False
Odisha,Sundargarh,Nutritional Status of Adults (age 15-49 years),74,Women who are overweight or obese (BMI ≥25.0 kg/m2)15 (%),26.3,19.6,False,False
Odisha,Sundargarh,Women,75,Blood sugar level - high (141-160 mg/dl)16 (%),10.8,5.8,False,False
Odisha,Sundargarh,Women,76,Blood sugar level - very high (>160 mg/dl)16 (%),9.8,5.7,False,False
Odisha,Sundargarh,Women,77,Blood sugar level - high or very high (>140 mg/dl) or taking medicine to control blood sugar level16 (%),21.4,12.4,False,False
Odisha,Sundargarh,Men,78,Blood sugar level - high (141-160 mg/dl)16 (%),7.7,5.7,False,False
Odisha,Sundargarh,Men,79,Blood sugar level - very high (>160 mg/dl)16 (%),15.3,7.3,False,False
Odisha,Sundargarh,Men,80,Blood sugar level - high or very high (>140 mg/dl) or taking medicine to control blood sugar level16 (%),24.1,13.6,False,False
Odisha,Sundargarh,Women,81,Mildly elevated blood pressure (Systolic 140-159 mm of Hg and/or Diastolic 90-99 mm of Hg) (%),11.8,12.5,False,False
Odisha,Sundargarh,Women,82,Moderately or severely elevated blood pressure (Systolic ≥160 mm of Hg and/or Diastolic ≥100 mm,8.1,5.4,False,False
Odisha,Sundargarh,Women,83,Elevated blood pressure (Systolic ≥140 mm of Hg and/or Diastolic ≥90 mm of Hg) or taking medicine to,24.0,21.1,False,False
Odisha,Sundargarh,Men,84,Mildly elevated blood pressure (Systolic 140-159 mm of Hg and/or Diastolic 90-99 mm of Hg) (%),15.1,17.2,False,False
Odisha,Sundargarh,Men,85,Moderately or severely elevated blood pressure (Systolic ≥160 mm of Hg and/or Diastolic ≥100 mm,7.5,6.5,False,False
Odisha,Sundargarh,Men,86,Elevated blood pressure (Systolic ≥140 mm of Hg and/or Diastolic ≥90 mm of Hg) or taking medicine to,27.5,25.3,False,False
Odisha,Sundargarh,Men,87,Women having a bank or savings account that they themselves use (%),91.8,88.4,False,False
Odisha,Sundargarh,Men,88,Women having a mobile phone that they themselves use (%),72.7,58.1,False,False
Odisha,Sundargarh,Men,89,Women age 15-24 years who use hygienic methods of protection during their menstrual period17 (%),95.6,87.7,False,False
Odisha,Sundargarh,Tobacco Use and Alcohol Consumption among Adults (age 15 years and above),90,Women age 15 years and above who use any kind of tobacco (%),17.6,21.9,False,False
Odisha,Sundargarh,Tobacco Use and Alcohol Consumption among Adults (age 15 years and above),91,Men age 15 years and above who use any kind of tobacco (%),50.1,52.2,False,False
Odisha,Sundargarh,Tobacco Use and Alcohol Consumption among Adults (age 15 years and above),92,Women age 15 years and above who consume alcohol (%),8.1,11.5,False,False
Odisha,Sundargarh,Tobacco Use and Alcohol Consumption among Adults (age 15 years and above),93,Men age 15 years and above who consume alcohol (%),46.7,45.9,False,False
