state,district,category,indicator_no,indicator,nfhs6_value,nfhs5_value,small_sample_flag,boundary_change_single_round
Rajasthan,Ajmer,Population and Household Profile,1,Population below age 5 years (%),8.9,7.3,False,False
Rajasthan,Ajmer,Population and Household Profile,2,Population below age 15 years (%),27.5,26.7,False,False
Rajasthan,Ajmer,Population and Household Profile,3,Population age 60 years and above (%),13.2,12.5,False,False
Rajasthan,Ajmer,Population and Household Profile,4,Population living in households with electricity (%),99.8,99.9,False,False
Rajasthan,Ajmer,Population and Household Profile,5,Population living in households with an improved drinking-water source1 (%),98.7,98.1,False,False
Rajasthan,Ajmer,Population and Household Profile,6,Households using iodized salt (%),95.2,97.7,False,False
Rajasthan,Ajmer,Population and Household Profile,7,Households with any usual member covered under a health insurance/financing scheme (%),93.2,88.7,False,False
Rajasthan,Ajmer,Population and Household Profile,8,Households with any usual member having a bank account/post office account (%),97.9,97.2,False,False
Rajasthan,Ajmer,Population and Household Profile,9,Female population age 6 years and above who ever attended school (%),68.2,67.3,False,False
Rajasthan,Ajmer,Population and Household Profile,10,Households with any usual female members owning a house and/or land (alone or jointly with others) (%),17.4,12.3,False,False
Rajasthan,Ajmer,Population and Household Profile,11,Children age 2-4 years who attended pre-school (%),47.1,39.9,False,False
Rajasthan,Ajmer,Characteristics of Adults (age 15-49 years),12,Women with 10 or more years of schooling (%),41.7,40.2,False,False
Rajasthan,Ajmer,Characteristics of Adults (age 15-49 years),13,Men with 10 or more years of schooling (%),57.0,52.8,False,False
Rajasthan,Ajmer,Characteristics of Adults (age 15-49 years),14,Women who have ever used the internet (%),69.4,49.4,False,False
Rajasthan,Ajmer,Characteristics of Adults (age 15-49 years),15,Men who have ever used the internet (%),82.8,78.0,False,False
Rajasthan,Ajmer,Marriage and Fertility,16,Women age 20-24 years married before age 18 years (%),36.4,20.2,False,False
Rajasthan,Ajmer,Marriage and Fertility,17,Men age 25-29 years married before age 21 years (%),*,17.8,True,False
Rajasthan,Ajmer,Marriage and Fertility,18,Three or more births in the 5 years preceding the survey (%),3.1,3.1,False,False
Rajasthan,Ajmer,Marriage and Fertility,19,Women age 15-19 years who were already mothers or pregnant at the time of the survey (%),5.8,5.5,False,False
Rajasthan,Ajmer,Marriage and Fertility,20,Any method2 (%),71.7,60.6,False,False
Rajasthan,Ajmer,Marriage and Fertility,21,Any modern method2 (%),58.3,56.6,False,False
Rajasthan,Ajmer,Marriage and Fertility,22,Any traditional method (%),13.4,4.0,False,False
Rajasthan,Ajmer,Marriage and Fertility,23,Female sterilization (%),37.8,41.1,False,False
Rajasthan,Ajmer,Marriage and Fertility,24,Male sterilization (%),0.3,0.1,False,False
Rajasthan,Ajmer,Marriage and Fertility,25,Total unmet need3 (%),8.9,11.9,False,False
Rajasthan,Ajmer,Marriage and Fertility,26,Unmet need for spacing3 (%),5.0,5.2,False,False
Rajasthan,Ajmer,Marriage and Fertility,27,Unmet need for limiting3 (%),3.9,6.7,False,False
Rajasthan,Ajmer,Antenatal Care (for last birth in the 5 years before the survey),28,Mothers who had an antenatal check-up in the first trimester (%),87.1,80.4,False,False
Rajasthan,Ajmer,Antenatal Care (for last birth in the 5 years before the survey),29,Mothers who had any antenatal care visits (%),100.0,93.7,False,False
Rajasthan,Ajmer,Antenatal Care (for last birth in the 5 years before the survey),30,Mothers who had at least 4 antenatal care visits (%),61.5,52.8,False,False
Rajasthan,Ajmer,Antenatal Care (for last birth in the 5 years before the survey),31,Mothers whose last birth was protected against neonatal tetanus4 (%),98.5,95.9,False,False
Rajasthan,Ajmer,Antenatal Care (for last birth in the 5 years before the survey),32,Mothers who consumed iron folic acid for 100 days or more when they were pregnant (%),45.5,39.6,False,False
Rajasthan,Ajmer,Antenatal Care (for last birth in the 5 years before the survey),33,Mothers who consumed iron folic acid for 180 days or more when they were pregnant (%),25.9,20.7,False,False
Rajasthan,Ajmer,Antenatal Care (for last birth in the 5 years before the survey),34,Registered pregnancies for which the mother received a Mother and Child Protection (MCP) card (%),98.6,97.5,False,False
Rajasthan,Ajmer,Delivery Care (for births in the 5 years before the survey),35,Institutional births (%),95.6,95.1,False,False
Rajasthan,Ajmer,Delivery Care (for births in the 5 years before the survey),36,Institutional births in public facility (%),77.5,82.1,False,False
Rajasthan,Ajmer,Delivery Care (for births in the 5 years before the survey),37,Births attended by skilled health personnel5 (%),96.4,97.9,False,False
Rajasthan,Ajmer,Delivery Care (for births in the 5 years before the survey),38,Births delivered by caesarean section (%),14.6,11.6,False,False
Rajasthan,Ajmer,Delivery Care (for births in the 5 years before the survey),39,Births in a private health facility that were delivered by caesarean section (%),32.8,28.0,True,False
Rajasthan,Ajmer,Delivery Care (for births in the 5 years before the survey),40,Births in a public health facility that were delivered by caesarean section (%),11.2,9.7,False,False
Rajasthan,Ajmer,Postnatal Care (for last birth in the 5 years before the survey),41,Mothers who received postnatal care from a doctor/nurse/LHV/ANM/midwife/other health personnel within 2,89.0,82.3,False,False
Rajasthan,Ajmer,Postnatal Care (for last birth in the 5 years before the survey),42,Children born at home who were taken to a health facility for a check-up within 24 hours of birth (%),*,*,True,False
Rajasthan,Ajmer,Postnatal Care (for last birth in the 5 years before the survey),43,Children who received postnatal care from a doctor/nurse/LHV/ANM/midwife/other health personnel within 2,93.5,82.0,False,False
Rajasthan,Ajmer,Child Vaccinations and Vitamin A Supplementation,44,Children age 12-23 months fully vaccinated based on information from either vaccination card or mother's,76.0,78.9,False,False
Rajasthan,Ajmer,Child Vaccinations and Vitamin A Supplementation,45,Children age 12-23 months fully vaccinated based on information from vaccination card only7 (%),78.2,92.3,False,False
Rajasthan,Ajmer,Child Vaccinations and Vitamin A Supplementation,46,Children age 12-23 months who have received any vaccine (%),100.0,98.3,False,False
Rajasthan,Ajmer,Child Vaccinations and Vitamin A Supplementation,47,Children age 12-23 months who have received BCG (%),95.1,96.8,False,False
Rajasthan,Ajmer,Child Vaccinations and Vitamin A Supplementation,48,Children age 12-23 months who have received 3 doses of polio vaccine8 (%),78.5,80.5,False,False
Rajasthan,Ajmer,Child Vaccinations and Vitamin A Supplementation,49,Children age 12-23 months who have received 3 doses of pentavalent vaccine (%),90.6,91.9,False,False
Rajasthan,Ajmer,Child Vaccinations and Vitamin A Supplementation,50,Children age 12-23 months who have received the first dose of measles-containing vaccine (MCV) (%),89.0,93.5,False,False
Rajasthan,Ajmer,Child Vaccinations and Vitamin A Supplementation,51,Children age 24-35 months who have received a second dose of measles-containing vaccine (MCV) (%),55.0,38.8,True,False
Rajasthan,Ajmer,Child Vaccinations and Vitamin A Supplementation,52,Children age 12-23 months who have received birth dose of hepatitis B vaccine (%),86.0,66.3,False,False
Rajasthan,Ajmer,Child Vaccinations and Vitamin A Supplementation,53,Children age 12-23 months who have received 3 doses of rotavirus vaccine (%),87.6,56.1,False,False
Rajasthan,Ajmer,Child Vaccinations and Vitamin A Supplementation,54,Children age 9-35 months who received a vitamin A dose in the last 6 months (%),57.9,64.0,False,False
Rajasthan,Ajmer,Child Vaccinations and Vitamin A Supplementation,55,Children age 12-23 months who received most of their vaccinations in a public health facility (%),98.4,95.2,False,False
Rajasthan,Ajmer,Child Vaccinations and Vitamin A Supplementation,56,Children age 12-23 months who received most of their vaccinations in a private health facility (%),1.6,4.8,False,False
Rajasthan,Ajmer,Treatment of Childhood Diseases (children under age 5 years),57,Prevalence of diarrhoea in the 2 weeks preceding the survey (%),3.0,4.2,False,False
Rajasthan,Ajmer,Treatment of Childhood Diseases (children under age 5 years),58,Prevalence of symptoms of acute respiratory infection (ARI) in the 2 weeks preceding the survey (%),1.7,2.9,False,False
Rajasthan,Ajmer,Treatment of Childhood Diseases (children under age 5 years),59,Children with fever or symptoms of ARI in the 2 weeks preceding the survey taken to a health facility or,*,57.8,True,False
Rajasthan,Ajmer,Child Feeding Practices and Nutritional Status of Children,60,Children under age 3 years breastfed within one hour of birth9 (%),58.0,35.2,False,False
Rajasthan,Ajmer,Child Feeding Practices and Nutritional Status of Children,61,Children under age 6 months exclusively breastfed10 (%),60.0,66.3,True,False
Rajasthan,Ajmer,Child Feeding Practices and Nutritional Status of Children,62,Children under age 6 months currently breastfeeding10 (%),100.0,97.7,True,False
Rajasthan,Ajmer,Child Feeding Practices and Nutritional Status of Children,63,Children under age 6 months exclusively breastfed or breastfeeding and consuming plain water/other,92.3,89.4,True,False
Rajasthan,Ajmer,Child Feeding Practices and Nutritional Status of Children,64,Children age 6-8 months receiving solid or semi-solid food and breastmilk10 (%),*,*,True,False
Rajasthan,Ajmer,Child Feeding Practices and Nutritional Status of Children,65,"Breastfeeding children age 6-23 months receiving an adequate diet10, 11 (%)",8.4,5.3,False,False
Rajasthan,Ajmer,Child Feeding Practices and Nutritional Status of Children,66,"Non-breastfeeding children age 6-23 months receiving an adequate diet10, 11 (%)",*,*,True,False
Rajasthan,Ajmer,Child Feeding Practices and Nutritional Status of Children,67,"Total children age 6-23 months receiving an adequate diet10, 11 (%)",7.3,5.1,False,False
Rajasthan,Ajmer,Child Feeding Practices and Nutritional Status of Children,68,Children under 5 years who are stunted (height-for-age)12 (%),21.6,22.3,False,False
Rajasthan,Ajmer,Child Feeding Practices and Nutritional Status of Children,69,Children under 5 years who are wasted (weight-for-height)12 (%),16.0,20.0,False,False
Rajasthan,Ajmer,Child Feeding Practices and Nutritional Status of Children,70,Children under 5 years who are severely wasted (weight-for-height)13 (%),3.1,11.7,False,False
Rajasthan,Ajmer,Child Feeding Practices and Nutritional Status of Children,71,Children under 5 years who are underweight (weight-for-age)12 (%),26.5,23.1,False,False
Rajasthan,Ajmer,Child Feeding Practices and Nutritional Status of Children,72,Children under 5 years who are overweight (weight-for-height)14 (%),0.0,2.8,False,False
Rajasthan,Ajmer,Nutritional Status of Adults (age 15-49 years),73,Women whose Body Mass Index (BMI) is below normal (BMI <18.5 kg/m2)15 (%),28.0,14.2,False,False
Rajasthan,Ajmer,Nutritional Status of Adults (age 15-49 years),74,Women who are overweight or obese (BMI ≥25.0 kg/m2)15 (%),23.5,18.9,False,False
Rajasthan,Ajmer,Women,75,Blood sugar level - high (141-160 mg/dl)16 (%),5.9,3.8,False,False
Rajasthan,Ajmer,Women,76,Blood sugar level - very high (>160 mg/dl)16 (%),5.8,2.9,False,False
Rajasthan,Ajmer,Women,77,Blood sugar level - high or very high (>140 mg/dl) or taking medicine to control blood sugar level16 (%),12.4,7.5,False,False
Rajasthan,Ajmer,Men,78,Blood sugar level - high (141-160 mg/dl)16 (%),6.7,3.3,False,False
Rajasthan,Ajmer,Men,79,Blood sugar level - very high (>160 mg/dl)16 (%),8.9,3.7,False,False
Rajasthan,Ajmer,Men,80,Blood sugar level - high or very high (>140 mg/dl) or taking medicine to control blood sugar level16 (%),16.8,7.9,False,False
Rajasthan,Ajmer,Women,81,Mildly elevated blood pressure (Systolic 140-159 mm of Hg and/or Diastolic 90-99 mm of Hg) (%),8.6,6.8,False,False
Rajasthan,Ajmer,Women,82,Moderately or severely elevated blood pressure (Systolic ≥160 mm of Hg and/or Diastolic ≥100 mm,4.3,3.3,False,False
Rajasthan,Ajmer,Women,83,Elevated blood pressure (Systolic ≥140 mm of Hg and/or Diastolic ≥90 mm of Hg) or taking medicine to,17.8,14.5,False,False
Rajasthan,Ajmer,Men,84,Mildly elevated blood pressure (Systolic 140-159 mm of Hg and/or Diastolic 90-99 mm of Hg) (%),13.8,7.8,False,False
Rajasthan,Ajmer,Men,85,Moderately or severely elevated blood pressure (Systolic ≥160 mm of Hg and/or Diastolic ≥100 mm,6.9,2.5,False,False
Rajasthan,Ajmer,Men,86,Elevated blood pressure (Systolic ≥140 mm of Hg and/or Diastolic ≥90 mm of Hg) or taking medicine to,24.4,13.1,False,False
Rajasthan,Ajmer,Men,87,Women having a bank or savings account that they themselves use (%),90.0,76.8,False,False
Rajasthan,Ajmer,Men,88,Women having a mobile phone that they themselves use (%),75.0,56.5,False,False
Rajasthan,Ajmer,Men,89,Women age 15-24 years who use hygienic methods of protection during their menstrual period17 (%),92.3,84.3,False,False
Rajasthan,Ajmer,Tobacco Use and Alcohol Consumption among Adults (age 15 years and above),90,Women age 15 years and above who use any kind of tobacco (%),5.2,4.1,False,False
Rajasthan,Ajmer,Tobacco Use and Alcohol Consumption among Adults (age 15 years and above),91,Men age 15 years and above who use any kind of tobacco (%),32.2,38.6,False,False
Rajasthan,Ajmer,Tobacco Use and Alcohol Consumption among Adults (age 15 years and above),92,Women age 15 years and above who consume alcohol (%),0.1,0.2,False,False
Rajasthan,Ajmer,Tobacco Use and Alcohol Consumption among Adults (age 15 years and above),93,Men age 15 years and above who consume alcohol (%),12.1,12.4,False,False
Rajasthan,Alwar,Population and Household Profile,1,Population below age 5 years (%),9.3,9.4,False,False
Rajasthan,Alwar,Population and Household Profile,2,Population below age 15 years (%),29.1,29.4,False,False
Rajasthan,Alwar,Population and Household Profile,3,Population age 60 years and above (%),10.9,10.9,False,False
Rajasthan,Alwar,Population and Household Profile,4,Population living in households with electricity (%),99.2,97.8,False,False
Rajasthan,Alwar,Population and Household Profile,5,Population living in households with an improved drinking-water source1 (%),99.0,97.6,False,False
Rajasthan,Alwar,Population and Household Profile,6,Households using iodized salt (%),93.7,92.6,False,False
Rajasthan,Alwar,Population and Household Profile,7,Households with any usual member covered under a health insurance/financing scheme (%),83.5,80.8,False,False
Rajasthan,Alwar,Population and Household Profile,8,Households with any usual member having a bank account/post office account (%),99.1,95.5,False,False
Rajasthan,Alwar,Population and Household Profile,9,Female population age 6 years and above who ever attended school (%),66.8,64.0,False,False
Rajasthan,Alwar,Population and Household Profile,10,Households with any usual female members owning a house and/or land (alone or jointly with others) (%),13.7,8.5,False,False
Rajasthan,Alwar,Population and Household Profile,11,Children age 2-4 years who attended pre-school (%),27.0,39.1,False,False
Rajasthan,Alwar,Characteristics of Adults (age 15-49 years),12,Women with 10 or more years of schooling (%),43.2,35.1,False,False
Rajasthan,Alwar,Characteristics of Adults (age 15-49 years),13,Men with 10 or more years of schooling (%),67.8,61.6,False,False
Rajasthan,Alwar,Characteristics of Adults (age 15-49 years),14,Women who have ever used the internet (%),52.2,31.3,False,False
Rajasthan,Alwar,Characteristics of Adults (age 15-49 years),15,Men who have ever used the internet (%),79.2,57.4,False,False
Rajasthan,Alwar,Marriage and Fertility,16,Women age 20-24 years married before age 18 years (%),29.7,32.2,False,False
Rajasthan,Alwar,Marriage and Fertility,17,Men age 25-29 years married before age 21 years (%),*,*,True,False
Rajasthan,Alwar,Marriage and Fertility,18,Three or more births in the 5 years preceding the survey (%),4.4,5.0,False,False
Rajasthan,Alwar,Marriage and Fertility,19,Women age 15-19 years who were already mothers or pregnant at the time of the survey (%),6.2,8.0,False,False
Rajasthan,Alwar,Marriage and Fertility,20,Any method2 (%),78.5,54.6,False,False
Rajasthan,Alwar,Marriage and Fertility,21,Any modern method2 (%),58.7,47.3,False,False
Rajasthan,Alwar,Marriage and Fertility,22,Any traditional method (%),19.8,7.3,False,False
Rajasthan,Alwar,Marriage and Fertility,23,Female sterilization (%),40.0,34.0,False,False
Rajasthan,Alwar,Marriage and Fertility,24,Male sterilization (%),0.8,0.4,False,False
Rajasthan,Alwar,Marriage and Fertility,25,Total unmet need3 (%),6.9,12.0,False,False
Rajasthan,Alwar,Marriage and Fertility,26,Unmet need for spacing3 (%),3.9,5.9,False,False
Rajasthan,Alwar,Marriage and Fertility,27,Unmet need for limiting3 (%),3.0,6.1,False,False
Rajasthan,Alwar,Antenatal Care (for last birth in the 5 years before the survey),28,Mothers who had an antenatal check-up in the first trimester (%),72.9,55.5,False,False
Rajasthan,Alwar,Antenatal Care (for last birth in the 5 years before the survey),29,Mothers who had any antenatal care visits (%),96.1,78.3,False,False
Rajasthan,Alwar,Antenatal Care (for last birth in the 5 years before the survey),30,Mothers who had at least 4 antenatal care visits (%),52.9,30.0,False,False
Rajasthan,Alwar,Antenatal Care (for last birth in the 5 years before the survey),31,Mothers whose last birth was protected against neonatal tetanus4 (%),89.3,82.4,False,False
Rajasthan,Alwar,Antenatal Care (for last birth in the 5 years before the survey),32,Mothers who consumed iron folic acid for 100 days or more when they were pregnant (%),27.7,16.7,False,False
Rajasthan,Alwar,Antenatal Care (for last birth in the 5 years before the survey),33,Mothers who consumed iron folic acid for 180 days or more when they were pregnant (%),17.4,7.0,False,False
Rajasthan,Alwar,Antenatal Care (for last birth in the 5 years before the survey),34,Registered pregnancies for which the mother received a Mother and Child Protection (MCP) card (%),93.2,91.8,False,False
Rajasthan,Alwar,Delivery Care (for births in the 5 years before the survey),35,Institutional births (%),95.9,91.3,False,False
Rajasthan,Alwar,Delivery Care (for births in the 5 years before the survey),36,Institutional births in public facility (%),60.2,64.0,False,False
Rajasthan,Alwar,Delivery Care (for births in the 5 years before the survey),37,Births attended by skilled health personnel5 (%),95.7,90.8,False,False
Rajasthan,Alwar,Delivery Care (for births in the 5 years before the survey),38,Births delivered by caesarean section (%),11.4,8.8,False,False
Rajasthan,Alwar,Delivery Care (for births in the 5 years before the survey),39,Births in a private health facility that were delivered by caesarean section (%),22.6,16.8,False,False
Rajasthan,Alwar,Delivery Care (for births in the 5 years before the survey),40,Births in a public health facility that were delivered by caesarean section (%),5.5,6.6,False,False
Rajasthan,Alwar,Postnatal Care (for last birth in the 5 years before the survey),41,Mothers who received postnatal care from a doctor/nurse/LHV/ANM/midwife/other health personnel within 2,80.7,72.9,False,False
Rajasthan,Alwar,Postnatal Care (for last birth in the 5 years before the survey),42,Children born at home who were taken to a health facility for a check-up within 24 hours of birth (%),*,*,True,False
Rajasthan,Alwar,Postnatal Care (for last birth in the 5 years before the survey),43,Children who received postnatal care from a doctor/nurse/LHV/ANM/midwife/other health personnel within 2,86.1,76.2,False,False
Rajasthan,Alwar,Child Vaccinations and Vitamin A Supplementation,44,Children age 12-23 months fully vaccinated based on information from either vaccination card or mother's,80.0,59.4,False,False
Rajasthan,Alwar,Child Vaccinations and Vitamin A Supplementation,45,Children age 12-23 months fully vaccinated based on information from vaccination card only7 (%),80.0,72.1,True,False
Rajasthan,Alwar,Child Vaccinations and Vitamin A Supplementation,46,Children age 12-23 months who have received any vaccine (%),100.0,93.8,False,False
Rajasthan,Alwar,Child Vaccinations and Vitamin A Supplementation,47,Children age 12-23 months who have received BCG (%),96.3,92.6,False,False
Rajasthan,Alwar,Child Vaccinations and Vitamin A Supplementation,48,Children age 12-23 months who have received 3 doses of polio vaccine8 (%),84.4,72.5,False,False
Rajasthan,Alwar,Child Vaccinations and Vitamin A Supplementation,49,Children age 12-23 months who have received 3 doses of pentavalent vaccine (%),90.9,71.4,False,False
Rajasthan,Alwar,Child Vaccinations and Vitamin A Supplementation,50,Children age 12-23 months who have received the first dose of measles-containing vaccine (MCV) (%),96.5,81.0,False,False
Rajasthan,Alwar,Child Vaccinations and Vitamin A Supplementation,51,Children age 24-35 months who have received a second dose of measles-containing vaccine (MCV) (%),64.5,37.5,False,False
Rajasthan,Alwar,Child Vaccinations and Vitamin A Supplementation,52,Children age 12-23 months who have received birth dose of hepatitis B vaccine (%),87.5,63.5,False,False
Rajasthan,Alwar,Child Vaccinations and Vitamin A Supplementation,53,Children age 12-23 months who have received 3 doses of rotavirus vaccine (%),89.2,40.2,False,False
Rajasthan,Alwar,Child Vaccinations and Vitamin A Supplementation,54,Children age 9-35 months who received a vitamin A dose in the last 6 months (%),56.0,52.8,False,False
Rajasthan,Alwar,Child Vaccinations and Vitamin A Supplementation,55,Children age 12-23 months who received most of their vaccinations in a public health facility (%),96.0,97.3,False,False
Rajasthan,Alwar,Child Vaccinations and Vitamin A Supplementation,56,Children age 12-23 months who received most of their vaccinations in a private health facility (%),2.9,1.2,False,False
Rajasthan,Alwar,Treatment of Childhood Diseases (children under age 5 years),57,Prevalence of diarrhoea in the 2 weeks preceding the survey (%),9.3,6.1,False,False
Rajasthan,Alwar,Treatment of Childhood Diseases (children under age 5 years),58,Prevalence of symptoms of acute respiratory infection (ARI) in the 2 weeks preceding the survey (%),1.3,4.0,False,False
Rajasthan,Alwar,Treatment of Childhood Diseases (children under age 5 years),59,Children with fever or symptoms of ARI in the 2 weeks preceding the survey taken to a health facility or,78.2,65.7,False,False
Rajasthan,Alwar,Child Feeding Practices and Nutritional Status of Children,60,Children under age 3 years breastfed within one hour of birth9 (%),48.9,33.5,False,False
Rajasthan,Alwar,Child Feeding Practices and Nutritional Status of Children,61,Children under age 6 months exclusively breastfed10 (%),33.7,66.2,True,False
Rajasthan,Alwar,Child Feeding Practices and Nutritional Status of Children,62,Children under age 6 months currently breastfeeding10 (%),98.0,96.1,True,False
Rajasthan,Alwar,Child Feeding Practices and Nutritional Status of Children,63,Children under age 6 months exclusively breastfed or breastfeeding and consuming plain water/other,88.9,83.3,True,False
Rajasthan,Alwar,Child Feeding Practices and Nutritional Status of Children,64,Children age 6-8 months receiving solid or semi-solid food and breastmilk10 (%),59.2,*,True,False
Rajasthan,Alwar,Child Feeding Practices and Nutritional Status of Children,65,"Breastfeeding children age 6-23 months receiving an adequate diet10, 11 (%)",14.5,9.6,False,False
Rajasthan,Alwar,Child Feeding Practices and Nutritional Status of Children,66,"Non-breastfeeding children age 6-23 months receiving an adequate diet10, 11 (%)",4.5,*,True,False
Rajasthan,Alwar,Child Feeding Practices and Nutritional Status of Children,67,"Total children age 6-23 months receiving an adequate diet10, 11 (%)",12.2,11.2,False,False
Rajasthan,Alwar,Child Feeding Practices and Nutritional Status of Children,68,Children under 5 years who are stunted (height-for-age)12 (%),27.6,33.9,False,False
Rajasthan,Alwar,Child Feeding Practices and Nutritional Status of Children,69,Children under 5 years who are wasted (weight-for-height)12 (%),20.8,15.6,False,False
Rajasthan,Alwar,Child Feeding Practices and Nutritional Status of Children,70,Children under 5 years who are severely wasted (weight-for-height)13 (%),6.8,7.1,False,False
Rajasthan,Alwar,Child Feeding Practices and Nutritional Status of Children,71,Children under 5 years who are underweight (weight-for-age)12 (%),35.5,24.0,False,False
Rajasthan,Alwar,Child Feeding Practices and Nutritional Status of Children,72,Children under 5 years who are overweight (weight-for-height)14 (%),1.2,4.1,False,False
Rajasthan,Alwar,Nutritional Status of Adults (age 15-49 years),73,Women whose Body Mass Index (BMI) is below normal (BMI <18.5 kg/m2)15 (%),26.3,24.3,False,False
Rajasthan,Alwar,Nutritional Status of Adults (age 15-49 years),74,Women who are overweight or obese (BMI ≥25.0 kg/m2)15 (%),18.9,17.3,False,False
Rajasthan,Alwar,Women,75,Blood sugar level - high (141-160 mg/dl)16 (%),4.7,3.0,False,False
Rajasthan,Alwar,Women,76,Blood sugar level - very high (>160 mg/dl)16 (%),4.3,1.7,False,False
Rajasthan,Alwar,Women,77,Blood sugar level - high or very high (>140 mg/dl) or taking medicine to control blood sugar level16 (%),9.2,5.0,False,False
Rajasthan,Alwar,Men,78,Blood sugar level - high (141-160 mg/dl)16 (%),5.6,3.3,False,False
Rajasthan,Alwar,Men,79,Blood sugar level - very high (>160 mg/dl)16 (%),4.9,3.4,False,False
Rajasthan,Alwar,Men,80,Blood sugar level - high or very high (>140 mg/dl) or taking medicine to control blood sugar level16 (%),10.8,7.2,False,False
Rajasthan,Alwar,Women,81,Mildly elevated blood pressure (Systolic 140-159 mm of Hg and/or Diastolic 90-99 mm of Hg) (%),8.2,13.0,False,False
Rajasthan,Alwar,Women,82,Moderately or severely elevated blood pressure (Systolic ≥160 mm of Hg and/or Diastolic ≥100 mm,3.8,5.3,False,False
Rajasthan,Alwar,Women,83,Elevated blood pressure (Systolic ≥140 mm of Hg and/or Diastolic ≥90 mm of Hg) or taking medicine to,13.6,20.3,False,False
Rajasthan,Alwar,Men,84,Mildly elevated blood pressure (Systolic 140-159 mm of Hg and/or Diastolic 90-99 mm of Hg) (%),12.3,15.7,False,False
Rajasthan,Alwar,Men,85,Moderately or severely elevated blood pressure (Systolic ≥160 mm of Hg and/or Diastolic ≥100 mm,4.1,8.7,False,False
Rajasthan,Alwar,Men,86,Elevated blood pressure (Systolic ≥140 mm of Hg and/or Diastolic ≥90 mm of Hg) or taking medicine to,17.8,25.8,False,False
Rajasthan,Alwar,Men,87,Women having a bank or savings account that they themselves use (%),87.7,71.9,False,False
Rajasthan,Alwar,Men,88,Women having a mobile phone that they themselves use (%),47.7,47.1,False,False
Rajasthan,Alwar,Men,89,Women age 15-24 years who use hygienic methods of protection during their menstrual period17 (%),90.2,84.9,False,False
Rajasthan,Alwar,Tobacco Use and Alcohol Consumption among Adults (age 15 years and above),90,Women age 15 years and above who use any kind of tobacco (%),11.0,9.7,False,False
Rajasthan,Alwar,Tobacco Use and Alcohol Consumption among Adults (age 15 years and above),91,Men age 15 years and above who use any kind of tobacco (%),42.8,42.5,False,False
Rajasthan,Alwar,Tobacco Use and Alcohol Consumption among Adults (age 15 years and above),92,Women age 15 years and above who consume alcohol (%),0.3,0.3,False,False
Rajasthan,Alwar,Tobacco Use and Alcohol Consumption among Adults (age 15 years and above),93,Men age 15 years and above who consume alcohol (%),13.7,13.3,False,False
Rajasthan,Banswara,Population and Household Profile,1,Population below age 5 years (%),10.7,9.4,False,False
Rajasthan,Banswara,Population and Household Profile,2,Population below age 15 years (%),32.6,31.7,False,False
Rajasthan,Banswara,Population and Household Profile,3,Population age 60 years and above (%),12.5,10.7,False,False
Rajasthan,Banswara,Population and Household Profile,4,Population living in households with electricity (%),94.0,93.1,False,False
Rajasthan,Banswara,Population and Household Profile,5,Population living in households with an improved drinking-water source1 (%),92.4,95.6,False,False
Rajasthan,Banswara,Population and Household Profile,6,Households using iodized salt (%),96.9,88.4,False,False
Rajasthan,Banswara,Population and Household Profile,7,Households with any usual member covered under a health insurance/financing scheme (%),85.4,84.2,False,False
Rajasthan,Banswara,Population and Household Profile,8,Households with any usual member having a bank account/post office account (%),99.5,98.9,False,False
Rajasthan,Banswara,Population and Household Profile,9,Female population age 6 years and above who ever attended school (%),57.4,55.9,False,False
Rajasthan,Banswara,Population and Household Profile,10,Households with any usual female members owning a house and/or land (alone or jointly with others) (%),19.5,10.5,False,False
Rajasthan,Banswara,Population and Household Profile,11,Children age 2-4 years who attended pre-school (%),40.4,28.6,False,False
Rajasthan,Banswara,Characteristics of Adults (age 15-49 years),12,Women with 10 or more years of schooling (%),32.1,28.5,False,False
Rajasthan,Banswara,Characteristics of Adults (age 15-49 years),13,Men with 10 or more years of schooling (%),54.1,43.4,False,False
Rajasthan,Banswara,Characteristics of Adults (age 15-49 years),14,Women who have ever used the internet (%),59.9,26.7,False,False
Rajasthan,Banswara,Characteristics of Adults (age 15-49 years),15,Men who have ever used the internet (%),74.2,49.2,False,False
Rajasthan,Banswara,Marriage and Fertility,16,Women age 20-24 years married before age 18 years (%),23.0,25.0,False,False
Rajasthan,Banswara,Marriage and Fertility,17,Men age 25-29 years married before age 21 years (%),*,49.5,True,False
Rajasthan,Banswara,Marriage and Fertility,18,Three or more births in the 5 years preceding the survey (%),3.6,2.8,False,False
Rajasthan,Banswara,Marriage and Fertility,19,Women age 15-19 years who were already mothers or pregnant at the time of the survey (%),11.6,5.2,False,False
Rajasthan,Banswara,Marriage and Fertility,20,Any method2 (%),65.8,70.4,False,False
Rajasthan,Banswara,Marriage and Fertility,21,Any modern method2 (%),45.7,58.5,False,False
Rajasthan,Banswara,Marriage and Fertility,22,Any traditional method (%),20.1,11.9,False,False
Rajasthan,Banswara,Marriage and Fertility,23,Female sterilization (%),38.1,43.5,False,False
Rajasthan,Banswara,Marriage and Fertility,24,Male sterilization (%),0.2,0.0,False,False
Rajasthan,Banswara,Marriage and Fertility,25,Total unmet need3 (%),12.6,8.1,False,False
Rajasthan,Banswara,Marriage and Fertility,26,Unmet need for spacing3 (%),5.7,3.1,False,False
Rajasthan,Banswara,Marriage and Fertility,27,Unmet need for limiting3 (%),6.9,5.0,False,False
Rajasthan,Banswara,Antenatal Care (for last birth in the 5 years before the survey),28,Mothers who had an antenatal check-up in the first trimester (%),65.3,87.0,False,False
Rajasthan,Banswara,Antenatal Care (for last birth in the 5 years before the survey),29,Mothers who had any antenatal care visits (%),98.2,98.8,False,False
Rajasthan,Banswara,Antenatal Care (for last birth in the 5 years before the survey),30,Mothers who had at least 4 antenatal care visits (%),54.8,69.9,False,False
Rajasthan,Banswara,Antenatal Care (for last birth in the 5 years before the survey),31,Mothers whose last birth was protected against neonatal tetanus4 (%),95.5,95.9,False,False
Rajasthan,Banswara,Antenatal Care (for last birth in the 5 years before the survey),32,Mothers who consumed iron folic acid for 100 days or more when they were pregnant (%),30.8,26.4,False,False
Rajasthan,Banswara,Antenatal Care (for last birth in the 5 years before the survey),33,Mothers who consumed iron folic acid for 180 days or more when they were pregnant (%),12.9,6.8,False,False
Rajasthan,Banswara,Antenatal Care (for last birth in the 5 years before the survey),34,Registered pregnancies for which the mother received a Mother and Child Protection (MCP) card (%),96.8,96.7,False,False
Rajasthan,Banswara,Delivery Care (for births in the 5 years before the survey),35,Institutional births (%),97.2,97.7,False,False
Rajasthan,Banswara,Delivery Care (for births in the 5 years before the survey),36,Institutional births in public facility (%),84.9,83.8,False,False
Rajasthan,Banswara,Delivery Care (for births in the 5 years before the survey),37,Births attended by skilled health personnel5 (%),97.8,97.5,False,False
Rajasthan,Banswara,Delivery Care (for births in the 5 years before the survey),38,Births delivered by caesarean section (%),6.8,6.4,False,False
Rajasthan,Banswara,Delivery Care (for births in the 5 years before the survey),39,Births in a private health facility that were delivered by caesarean section (%),14.3,18.5,False,False
Rajasthan,Banswara,Delivery Care (for births in the 5 years before the survey),40,Births in a public health facility that were delivered by caesarean section (%),5.9,4.6,False,False
Rajasthan,Banswara,Postnatal Care (for last birth in the 5 years before the survey),41,Mothers who received postnatal care from a doctor/nurse/LHV/ANM/midwife/other health personnel within 2,93.4,94.0,False,False
Rajasthan,Banswara,Postnatal Care (for last birth in the 5 years before the survey),42,Children born at home who were taken to a health facility for a check-up within 24 hours of birth (%),*,*,True,False
Rajasthan,Banswara,Postnatal Care (for last birth in the 5 years before the survey),43,Children who received postnatal care from a doctor/nurse/LHV/ANM/midwife/other health personnel within 2,97.7,95.9,False,False
Rajasthan,Banswara,Child Vaccinations and Vitamin A Supplementation,44,Children age 12-23 months fully vaccinated based on information from either vaccination card or mother's,80.3,83.0,False,False
Rajasthan,Banswara,Child Vaccinations and Vitamin A Supplementation,45,Children age 12-23 months fully vaccinated based on information from vaccination card only7 (%),72.9,88.3,False,False
Rajasthan,Banswara,Child Vaccinations and Vitamin A Supplementation,46,Children age 12-23 months who have received any vaccine (%),95.4,98.9,False,False
Rajasthan,Banswara,Child Vaccinations and Vitamin A Supplementation,47,Children age 12-23 months who have received BCG (%),94.3,98.9,False,False
Rajasthan,Banswara,Child Vaccinations and Vitamin A Supplementation,48,Children age 12-23 months who have received 3 doses of polio vaccine8 (%),82.7,84.4,False,False
Rajasthan,Banswara,Child Vaccinations and Vitamin A Supplementation,49,Children age 12-23 months who have received 3 doses of pentavalent vaccine (%),86.4,91.1,False,False
Rajasthan,Banswara,Child Vaccinations and Vitamin A Supplementation,50,Children age 12-23 months who have received the first dose of measles-containing vaccine (MCV) (%),89.8,93.5,False,False
Rajasthan,Banswara,Child Vaccinations and Vitamin A Supplementation,51,Children age 24-35 months who have received a second dose of measles-containing vaccine (MCV) (%),58.2,57.9,False,False
Rajasthan,Banswara,Child Vaccinations and Vitamin A Supplementation,52,Children age 12-23 months who have received birth dose of hepatitis B vaccine (%),93.1,89.4,False,False
Rajasthan,Banswara,Child Vaccinations and Vitamin A Supplementation,53,Children age 12-23 months who have received 3 doses of rotavirus vaccine (%),82.4,75.1,False,False
Rajasthan,Banswara,Child Vaccinations and Vitamin A Supplementation,54,Children age 9-35 months who received a vitamin A dose in the last 6 months (%),60.7,63.9,False,False
Rajasthan,Banswara,Child Vaccinations and Vitamin A Supplementation,55,Children age 12-23 months who received most of their vaccinations in a public health facility (%),97.8,100.0,False,False
Rajasthan,Banswara,Child Vaccinations and Vitamin A Supplementation,56,Children age 12-23 months who received most of their vaccinations in a private health facility (%),2.2,0.0,False,False
Rajasthan,Banswara,Treatment of Childhood Diseases (children under age 5 years),57,Prevalence of diarrhoea in the 2 weeks preceding the survey (%),3.9,3.8,False,False
Rajasthan,Banswara,Treatment of Childhood Diseases (children under age 5 years),58,Prevalence of symptoms of acute respiratory infection (ARI) in the 2 weeks preceding the survey (%),1.5,0.5,False,False
Rajasthan,Banswara,Treatment of Childhood Diseases (children under age 5 years),59,Children with fever or symptoms of ARI in the 2 weeks preceding the survey taken to a health facility or,77.4,*,True,False
Rajasthan,Banswara,Child Feeding Practices and Nutritional Status of Children,60,Children under age 3 years breastfed within one hour of birth9 (%),35.1,57.8,False,False
Rajasthan,Banswara,Child Feeding Practices and Nutritional Status of Children,61,Children under age 6 months exclusively breastfed10 (%),68.2,71.8,True,False
Rajasthan,Banswara,Child Feeding Practices and Nutritional Status of Children,62,Children under age 6 months currently breastfeeding10 (%),96.0,100.0,True,False
Rajasthan,Banswara,Child Feeding Practices and Nutritional Status of Children,63,Children under age 6 months exclusively breastfed or breastfeeding and consuming plain water/other,92.1,82.0,True,False
Rajasthan,Banswara,Child Feeding Practices and Nutritional Status of Children,64,Children age 6-8 months receiving solid or semi-solid food and breastmilk10 (%),58.4,*,True,False
Rajasthan,Banswara,Child Feeding Practices and Nutritional Status of Children,65,"Breastfeeding children age 6-23 months receiving an adequate diet10, 11 (%)",6.6,10.5,False,False
Rajasthan,Banswara,Child Feeding Practices and Nutritional Status of Children,66,"Non-breastfeeding children age 6-23 months receiving an adequate diet10, 11 (%)",*,*,True,False
Rajasthan,Banswara,Child Feeding Practices and Nutritional Status of Children,67,"Total children age 6-23 months receiving an adequate diet10, 11 (%)",6.9,9.7,False,False
Rajasthan,Banswara,Child Feeding Practices and Nutritional Status of Children,68,Children under 5 years who are stunted (height-for-age)12 (%),44.4,44.6,False,False
Rajasthan,Banswara,Child Feeding Practices and Nutritional Status of Children,69,Children under 5 years who are wasted (weight-for-height)12 (%),29.8,17.3,False,False
Rajasthan,Banswara,Child Feeding Practices and Nutritional Status of Children,70,Children under 5 years who are severely wasted (weight-for-height)13 (%),11.4,7.5,False,False
Rajasthan,Banswara,Child Feeding Practices and Nutritional Status of Children,71,Children under 5 years who are underweight (weight-for-age)12 (%),51.4,38.7,False,False
Rajasthan,Banswara,Child Feeding Practices and Nutritional Status of Children,72,Children under 5 years who are overweight (weight-for-height)14 (%),1.4,2.1,False,False
Rajasthan,Banswara,Nutritional Status of Adults (age 15-49 years),73,Women whose Body Mass Index (BMI) is below normal (BMI <18.5 kg/m2)15 (%),48.2,23.3,False,False
Rajasthan,Banswara,Nutritional Status of Adults (age 15-49 years),74,Women who are overweight or obese (BMI ≥25.0 kg/m2)15 (%),9.1,4.5,False,False
Rajasthan,Banswara,Women,75,Blood sugar level - high (141-160 mg/dl)16 (%),5.8,5.7,False,False
Rajasthan,Banswara,Women,76,Blood sugar level - very high (>160 mg/dl)16 (%),3.4,3.1,False,False
Rajasthan,Banswara,Women,77,Blood sugar level - high or very high (>140 mg/dl) or taking medicine to control blood sugar level16 (%),9.8,8.9,False,False
Rajasthan,Banswara,Men,78,Blood sugar level - high (141-160 mg/dl)16 (%),5.8,6.2,False,False
Rajasthan,Banswara,Men,79,Blood sugar level - very high (>160 mg/dl)16 (%),5.8,4.4,False,False
Rajasthan,Banswara,Men,80,Blood sugar level - high or very high (>140 mg/dl) or taking medicine to control blood sugar level16 (%),12.2,10.8,False,False
Rajasthan,Banswara,Women,81,Mildly elevated blood pressure (Systolic 140-159 mm of Hg and/or Diastolic 90-99 mm of Hg) (%),4.7,12.6,False,False
Rajasthan,Banswara,Women,82,Moderately or severely elevated blood pressure (Systolic ≥160 mm of Hg and/or Diastolic ≥100 mm,2.2,3.1,False,False
Rajasthan,Banswara,Women,83,Elevated blood pressure (Systolic ≥140 mm of Hg and/or Diastolic ≥90 mm of Hg) or taking medicine to,9.4,17.1,False,False
Rajasthan,Banswara,Men,84,Mildly elevated blood pressure (Systolic 140-159 mm of Hg and/or Diastolic 90-99 mm of Hg) (%),6.1,15.2,False,False
Rajasthan,Banswara,Men,85,Moderately or severely elevated blood pressure (Systolic ≥160 mm of Hg and/or Diastolic ≥100 mm,3.3,3.6,False,False
Rajasthan,Banswara,Men,86,Elevated blood pressure (Systolic ≥140 mm of Hg and/or Diastolic ≥90 mm of Hg) or taking medicine to,11.6,19.4,False,False
Rajasthan,Banswara,Men,87,Women having a bank or savings account that they themselves use (%),92.6,76.1,False,False
Rajasthan,Banswara,Men,88,Women having a mobile phone that they themselves use (%),39.8,30.6,False,False
Rajasthan,Banswara,Men,89,Women age 15-24 years who use hygienic methods of protection during their menstrual period17 (%),66.7,61.3,False,False
Rajasthan,Banswara,Tobacco Use and Alcohol Consumption among Adults (age 15 years and above),90,Women age 15 years and above who use any kind of tobacco (%),7.8,5.8,False,False
Rajasthan,Banswara,Tobacco Use and Alcohol Consumption among Adults (age 15 years and above),91,Men age 15 years and above who use any kind of tobacco (%),37.3,38.7,False,False
Rajasthan,Banswara,Tobacco Use and Alcohol Consumption among Adults (age 15 years and above),92,Women age 15 years and above who consume alcohol (%),0.6,0.8,False,False
Rajasthan,Banswara,Tobacco Use and Alcohol Consumption among Adults (age 15 years and above),93,Men age 15 years and above who consume alcohol (%),17.0,18.1,False,False
Rajasthan,Baran,Population and Household Profile,1,Population below age 5 years (%),8.3,9.0,False,False
Rajasthan,Baran,Population and Household Profile,2,Population below age 15 years (%),25.5,28.4,False,False
Rajasthan,Baran,Population and Household Profile,3,Population age 60 years and above (%),12.5,11.1,False,False
Rajasthan,Baran,Population and Household Profile,4,Population living in households with electricity (%),99.6,98.3,False,False
Rajasthan,Baran,Population and Household Profile,5,Population living in households with an improved drinking-water source1 (%),93.5,96.1,False,False
Rajasthan,Baran,Population and Household Profile,6,Households using iodized salt (%),96.3,94.1,False,False
Rajasthan,Baran,Population and Household Profile,7,Households with any usual member covered under a health insurance/financing scheme (%),90.5,89.5,False,False
Rajasthan,Baran,Population and Household Profile,8,Households with any usual member having a bank account/post office account (%),99.8,98.3,False,False
Rajasthan,Baran,Population and Household Profile,9,Female population age 6 years and above who ever attended school (%),64.2,61.7,False,False
Rajasthan,Baran,Population and Household Profile,10,Households with any usual female members owning a house and/or land (alone or jointly with others) (%),16.4,9.0,False,False
Rajasthan,Baran,Population and Household Profile,11,Children age 2-4 years who attended pre-school (%),41.8,38.9,False,False
Rajasthan,Baran,Characteristics of Adults (age 15-49 years),12,Women with 10 or more years of schooling (%),30.7,24.4,False,False
Rajasthan,Baran,Characteristics of Adults (age 15-49 years),13,Men with 10 or more years of schooling (%),52.4,44.2,False,False
Rajasthan,Baran,Characteristics of Adults (age 15-49 years),14,Women who have ever used the internet (%),56.9,28.0,False,False
Rajasthan,Baran,Characteristics of Adults (age 15-49 years),15,Men who have ever used the internet (%),65.8,51.8,False,False
Rajasthan,Baran,Marriage and Fertility,16,Women age 20-24 years married before age 18 years (%),23.5,26.8,False,False
Rajasthan,Baran,Marriage and Fertility,17,Men age 25-29 years married before age 21 years (%),24.9,38.5,True,False
Rajasthan,Baran,Marriage and Fertility,18,Three or more births in the 5 years preceding the survey (%),2.1,2.2,False,False
Rajasthan,Baran,Marriage and Fertility,19,Women age 15-19 years who were already mothers or pregnant at the time of the survey (%),2.8,3.0,False,False
Rajasthan,Baran,Marriage and Fertility,20,Any method2 (%),75.5,78.9,False,False
Rajasthan,Baran,Marriage and Fertility,21,Any modern method2 (%),61.5,71.8,False,False
Rajasthan,Baran,Marriage and Fertility,22,Any traditional method (%),14.0,7.1,False,False
Rajasthan,Baran,Marriage and Fertility,23,Female sterilization (%),43.4,51.3,False,False
Rajasthan,Baran,Marriage and Fertility,24,Male sterilization (%),0.5,0.0,False,False
Rajasthan,Baran,Marriage and Fertility,25,Total unmet need3 (%),7.8,4.0,False,False
Rajasthan,Baran,Marriage and Fertility,26,Unmet need for spacing3 (%),4.5,2.8,False,False
Rajasthan,Baran,Marriage and Fertility,27,Unmet need for limiting3 (%),3.3,1.2,False,False
Rajasthan,Baran,Antenatal Care (for last birth in the 5 years before the survey),28,Mothers who had an antenatal check-up in the first trimester (%),90.7,88.2,False,False
Rajasthan,Baran,Antenatal Care (for last birth in the 5 years before the survey),29,Mothers who had any antenatal care visits (%),98.3,99.4,False,False
Rajasthan,Baran,Antenatal Care (for last birth in the 5 years before the survey),30,Mothers who had at least 4 antenatal care visits (%),83.5,79.3,False,False
Rajasthan,Baran,Antenatal Care (for last birth in the 5 years before the survey),31,Mothers whose last birth was protected against neonatal tetanus4 (%),98.5,95.1,False,False
Rajasthan,Baran,Antenatal Care (for last birth in the 5 years before the survey),32,Mothers who consumed iron folic acid for 100 days or more when they were pregnant (%),48.0,36.9,False,False
Rajasthan,Baran,Antenatal Care (for last birth in the 5 years before the survey),33,Mothers who consumed iron folic acid for 180 days or more when they were pregnant (%),35.9,11.2,False,False
Rajasthan,Baran,Antenatal Care (for last birth in the 5 years before the survey),34,Registered pregnancies for which the mother received a Mother and Child Protection (MCP) card (%),100.0,100.0,False,False
Rajasthan,Baran,Delivery Care (for births in the 5 years before the survey),35,Institutional births (%),98.6,97.3,False,False
Rajasthan,Baran,Delivery Care (for births in the 5 years before the survey),36,Institutional births in public facility (%),85.3,91.4,False,False
Rajasthan,Baran,Delivery Care (for births in the 5 years before the survey),37,Births attended by skilled health personnel5 (%),97.8,97.8,False,False
Rajasthan,Baran,Delivery Care (for births in the 5 years before the survey),38,Births delivered by caesarean section (%),16.3,6.7,False,False
Rajasthan,Baran,Delivery Care (for births in the 5 years before the survey),39,Births in a private health facility that were delivered by caesarean section (%),64.2,35.7,True,False
Rajasthan,Baran,Delivery Care (for births in the 5 years before the survey),40,Births in a public health facility that were delivered by caesarean section (%),9.1,5.0,False,False
Rajasthan,Baran,Postnatal Care (for last birth in the 5 years before the survey),41,Mothers who received postnatal care from a doctor/nurse/LHV/ANM/midwife/other health personnel within 2,92.6,92.4,False,False
Rajasthan,Baran,Postnatal Care (for last birth in the 5 years before the survey),42,Children born at home who were taken to a health facility for a check-up within 24 hours of birth (%),*,*,True,False
Rajasthan,Baran,Postnatal Care (for last birth in the 5 years before the survey),43,Children who received postnatal care from a doctor/nurse/LHV/ANM/midwife/other health personnel within 2,92.7,94.7,False,False
Rajasthan,Baran,Child Vaccinations and Vitamin A Supplementation,44,Children age 12-23 months fully vaccinated based on information from either vaccination card or mother's,92.6,89.3,False,False
Rajasthan,Baran,Child Vaccinations and Vitamin A Supplementation,45,Children age 12-23 months fully vaccinated based on information from vaccination card only7 (%),85.5,93.4,False,False
Rajasthan,Baran,Child Vaccinations and Vitamin A Supplementation,46,Children age 12-23 months who have received any vaccine (%),97.2,100.0,False,False
Rajasthan,Baran,Child Vaccinations and Vitamin A Supplementation,47,Children age 12-23 months who have received BCG (%),95.8,100.0,False,False
Rajasthan,Baran,Child Vaccinations and Vitamin A Supplementation,48,Children age 12-23 months who have received 3 doses of polio vaccine8 (%),95.5,90.5,False,False
Rajasthan,Baran,Child Vaccinations and Vitamin A Supplementation,49,Children age 12-23 months who have received 3 doses of pentavalent vaccine (%),94.0,95.3,False,False
Rajasthan,Baran,Child Vaccinations and Vitamin A Supplementation,50,Children age 12-23 months who have received the first dose of measles-containing vaccine (MCV) (%),95.5,96.5,False,False
Rajasthan,Baran,Child Vaccinations and Vitamin A Supplementation,51,Children age 24-35 months who have received a second dose of measles-containing vaccine (MCV) (%),84.3,67.0,False,False
Rajasthan,Baran,Child Vaccinations and Vitamin A Supplementation,52,Children age 12-23 months who have received birth dose of hepatitis B vaccine (%),94.1,92.1,False,False
Rajasthan,Baran,Child Vaccinations and Vitamin A Supplementation,53,Children age 12-23 months who have received 3 doses of rotavirus vaccine (%),93.4,80.3,False,False
Rajasthan,Baran,Child Vaccinations and Vitamin A Supplementation,54,Children age 9-35 months who received a vitamin A dose in the last 6 months (%),67.2,73.9,False,False
Rajasthan,Baran,Child Vaccinations and Vitamin A Supplementation,55,Children age 12-23 months who received most of their vaccinations in a public health facility (%),99.0,100.0,False,False
Rajasthan,Baran,Child Vaccinations and Vitamin A Supplementation,56,Children age 12-23 months who received most of their vaccinations in a private health facility (%),1.0,0.0,False,False
Rajasthan,Baran,Treatment of Childhood Diseases (children under age 5 years),57,Prevalence of diarrhoea in the 2 weeks preceding the survey (%),6.6,5.4,False,False
Rajasthan,Baran,Treatment of Childhood Diseases (children under age 5 years),58,Prevalence of symptoms of acute respiratory infection (ARI) in the 2 weeks preceding the survey (%),2.6,8.1,False,False
Rajasthan,Baran,Treatment of Childhood Diseases (children under age 5 years),59,Children with fever or symptoms of ARI in the 2 weeks preceding the survey taken to a health facility or,89.5,67.9,False,False
Rajasthan,Baran,Child Feeding Practices and Nutritional Status of Children,60,Children under age 3 years breastfed within one hour of birth9 (%),47.2,63.0,False,False
Rajasthan,Baran,Child Feeding Practices and Nutritional Status of Children,61,Children under age 6 months exclusively breastfed10 (%),69.8,78.2,True,False
Rajasthan,Baran,Child Feeding Practices and Nutritional Status of Children,62,Children under age 6 months currently breastfeeding10 (%),94.9,97.7,True,False
Rajasthan,Baran,Child Feeding Practices and Nutritional Status of Children,63,Children under age 6 months exclusively breastfed or breastfeeding and consuming plain water/other,97.5,88.3,True,False
Rajasthan,Baran,Child Feeding Practices and Nutritional Status of Children,64,Children age 6-8 months receiving solid or semi-solid food and breastmilk10 (%),*,41.6,True,False
Rajasthan,Baran,Child Feeding Practices and Nutritional Status of Children,65,"Breastfeeding children age 6-23 months receiving an adequate diet10, 11 (%)",9.8,12.1,False,False
Rajasthan,Baran,Child Feeding Practices and Nutritional Status of Children,66,"Non-breastfeeding children age 6-23 months receiving an adequate diet10, 11 (%)",*,*,True,False
Rajasthan,Baran,Child Feeding Practices and Nutritional Status of Children,67,"Total children age 6-23 months receiving an adequate diet10, 11 (%)",10.6,11.1,False,False
Rajasthan,Baran,Child Feeding Practices and Nutritional Status of Children,68,Children under 5 years who are stunted (height-for-age)12 (%),36.7,46.0,False,False
Rajasthan,Baran,Child Feeding Practices and Nutritional Status of Children,69,Children under 5 years who are wasted (weight-for-height)12 (%),18.9,21.3,False,False
Rajasthan,Baran,Child Feeding Practices and Nutritional Status of Children,70,Children under 5 years who are severely wasted (weight-for-height)13 (%),2.4,9.0,False,False
Rajasthan,Baran,Child Feeding Practices and Nutritional Status of Children,71,Children under 5 years who are underweight (weight-for-age)12 (%),37.4,40.2,False,False
Rajasthan,Baran,Child Feeding Practices and Nutritional Status of Children,72,Children under 5 years who are overweight (weight-for-height)14 (%),0.6,3.2,False,False
Rajasthan,Baran,Nutritional Status of Adults (age 15-49 years),73,Women whose Body Mass Index (BMI) is below normal (BMI <18.5 kg/m2)15 (%),33.3,20.5,False,False
Rajasthan,Baran,Nutritional Status of Adults (age 15-49 years),74,Women who are overweight or obese (BMI ≥25.0 kg/m2)15 (%),17.0,10.1,False,False
Rajasthan,Baran,Women,75,Blood sugar level - high (141-160 mg/dl)16 (%),5.2,4.5,False,False
Rajasthan,Baran,Women,76,Blood sugar level - very high (>160 mg/dl)16 (%),3.4,2.1,False,False
Rajasthan,Baran,Women,77,Blood sugar level - high or very high (>140 mg/dl) or taking medicine to control blood sugar level16 (%),9.3,7.2,False,False
Rajasthan,Baran,Men,78,Blood sugar level - high (141-160 mg/dl)16 (%),6.9,4.8,False,False
Rajasthan,Baran,Men,79,Blood sugar level - very high (>160 mg/dl)16 (%),5.0,2.5,False,False
Rajasthan,Baran,Men,80,Blood sugar level - high or very high (>140 mg/dl) or taking medicine to control blood sugar level16 (%),12.4,7.6,False,False
Rajasthan,Baran,Women,81,Mildly elevated blood pressure (Systolic 140-159 mm of Hg and/or Diastolic 90-99 mm of Hg) (%),8.5,7.5,False,False
Rajasthan,Baran,Women,82,Moderately or severely elevated blood pressure (Systolic ≥160 mm of Hg and/or Diastolic ≥100 mm,4.1,2.9,False,False
Rajasthan,Baran,Women,83,Elevated blood pressure (Systolic ≥140 mm of Hg and/or Diastolic ≥90 mm of Hg) or taking medicine to,16.8,12.6,False,False
Rajasthan,Baran,Men,84,Mildly elevated blood pressure (Systolic 140-159 mm of Hg and/or Diastolic 90-99 mm of Hg) (%),11.2,10.6,False,False
Rajasthan,Baran,Men,85,Moderately or severely elevated blood pressure (Systolic ≥160 mm of Hg and/or Diastolic ≥100 mm,5.3,3.4,False,False
Rajasthan,Baran,Men,86,Elevated blood pressure (Systolic ≥140 mm of Hg and/or Diastolic ≥90 mm of Hg) or taking medicine to,18.8,15.6,False,False
Rajasthan,Baran,Men,87,Women having a bank or savings account that they themselves use (%),91.9,77.1,False,False
Rajasthan,Baran,Men,88,Women having a mobile phone that they themselves use (%),43.2,38.4,False,False
Rajasthan,Baran,Men,89,Women age 15-24 years who use hygienic methods of protection during their menstrual period17 (%),87.4,74.7,False,False
Rajasthan,Baran,Tobacco Use and Alcohol Consumption among Adults (age 15 years and above),90,Women age 15 years and above who use any kind of tobacco (%),17.5,19.3,False,False
Rajasthan,Baran,Tobacco Use and Alcohol Consumption among Adults (age 15 years and above),91,Men age 15 years and above who use any kind of tobacco (%),56.2,57.0,False,False
Rajasthan,Baran,Tobacco Use and Alcohol Consumption among Adults (age 15 years and above),92,Women age 15 years and above who consume alcohol (%),0.3,0.8,False,False
Rajasthan,Baran,Tobacco Use and Alcohol Consumption among Adults (age 15 years and above),93,Men age 15 years and above who consume alcohol (%),16.0,16.2,False,False
Rajasthan,Barmer,Population and Household Profile,1,Population below age 5 years (%),11.5,12.2,False,False
Rajasthan,Barmer,Population and Household Profile,2,Population below age 15 years (%),33.1,31.4,False,False
Rajasthan,Barmer,Population and Household Profile,3,Population age 60 years and above (%),11.0,6.8,False,False
Rajasthan,Barmer,Population and Household Profile,4,Population living in households with electricity (%),95.1,95.5,False,False
Rajasthan,Barmer,Population and Household Profile,5,Population living in households with an improved drinking-water source1 (%),97.0,99.9,False,False
Rajasthan,Barmer,Population and Household Profile,6,Households using iodized salt (%),95.0,92.5,False,False
Rajasthan,Barmer,Population and Household Profile,7,Households with any usual member covered under a health insurance/financing scheme (%),93.8,97.8,False,False
Rajasthan,Barmer,Population and Household Profile,8,Households with any usual member having a bank account/post office account (%),98.9,97.8,False,False
Rajasthan,Barmer,Population and Household Profile,9,Female population age 6 years and above who ever attended school (%),57.5,67.0,False,False
Rajasthan,Barmer,Population and Household Profile,10,Households with any usual female members owning a house and/or land (alone or jointly with others) (%),4.7,4.3,False,False
Rajasthan,Barmer,Population and Household Profile,11,Children age 2-4 years who attended pre-school (%),23.1,14.1,False,False
Rajasthan,Barmer,Characteristics of Adults (age 15-49 years),12,Women with 10 or more years of schooling (%),34.4,25.6,False,False
Rajasthan,Barmer,Characteristics of Adults (age 15-49 years),13,Men with 10 or more years of schooling (%),49.8,51.2,False,False
Rajasthan,Barmer,Characteristics of Adults (age 15-49 years),14,Women who have ever used the internet (%),56.2,43.5,False,False
Rajasthan,Barmer,Characteristics of Adults (age 15-49 years),15,Men who have ever used the internet (%),70.2,70.9,False,False
Rajasthan,Barmer,Marriage and Fertility,16,Women age 20-24 years married before age 18 years (%),30.6,20.2,False,False
Rajasthan,Barmer,Marriage and Fertility,17,Men age 25-29 years married before age 21 years (%),35.7,31.3,True,False
Rajasthan,Barmer,Marriage and Fertility,18,Three or more births in the 5 years preceding the survey (%),4.9,3.5,False,False
Rajasthan,Barmer,Marriage and Fertility,19,Women age 15-19 years who were already mothers or pregnant at the time of the survey (%),2.9,2.0,False,False
Rajasthan,Barmer,Marriage and Fertility,20,Any method2 (%),78.8,77.9,False,False
Rajasthan,Barmer,Marriage and Fertility,21,Any modern method2 (%),63.7,66.7,False,False
Rajasthan,Barmer,Marriage and Fertility,22,Any traditional method (%),15.1,11.2,False,False
Rajasthan,Barmer,Marriage and Fertility,23,Female sterilization (%),29.6,46.3,False,False
Rajasthan,Barmer,Marriage and Fertility,24,Male sterilization (%),0.0,0.0,False,False
Rajasthan,Barmer,Marriage and Fertility,25,Total unmet need3 (%),8.2,5.1,False,False
Rajasthan,Barmer,Marriage and Fertility,26,Unmet need for spacing3 (%),4.7,2.8,False,False
Rajasthan,Barmer,Marriage and Fertility,27,Unmet need for limiting3 (%),3.5,2.3,False,False
Rajasthan,Barmer,Antenatal Care (for last birth in the 5 years before the survey),28,Mothers who had an antenatal check-up in the first trimester (%),69.1,82.7,False,False
Rajasthan,Barmer,Antenatal Care (for last birth in the 5 years before the survey),29,Mothers who had any antenatal care visits (%),94.5,98.2,False,False
Rajasthan,Barmer,Antenatal Care (for last birth in the 5 years before the survey),30,Mothers who had at least 4 antenatal care visits (%),48.9,64.9,False,False
Rajasthan,Barmer,Antenatal Care (for last birth in the 5 years before the survey),31,Mothers whose last birth was protected against neonatal tetanus4 (%),86.5,96.5,False,False
Rajasthan,Barmer,Antenatal Care (for last birth in the 5 years before the survey),32,Mothers who consumed iron folic acid for 100 days or more when they were pregnant (%),50.4,41.7,False,False
Rajasthan,Barmer,Antenatal Care (for last birth in the 5 years before the survey),33,Mothers who consumed iron folic acid for 180 days or more when they were pregnant (%),18.6,24.0,False,False
Rajasthan,Barmer,Antenatal Care (for last birth in the 5 years before the survey),34,Registered pregnancies for which the mother received a Mother and Child Protection (MCP) card (%),96.2,99.8,False,False
Rajasthan,Barmer,Delivery Care (for births in the 5 years before the survey),35,Institutional births (%),90.4,93.3,False,False
Rajasthan,Barmer,Delivery Care (for births in the 5 years before the survey),36,Institutional births in public facility (%),76.7,86.0,False,False
Rajasthan,Barmer,Delivery Care (for births in the 5 years before the survey),37,Births attended by skilled health personnel5 (%),92.3,94.3,False,False
Rajasthan,Barmer,Delivery Care (for births in the 5 years before the survey),38,Births delivered by caesarean section (%),7.8,4.9,False,False
Rajasthan,Barmer,Delivery Care (for births in the 5 years before the survey),39,Births in a private health facility that were delivered by caesarean section (%),23.2,19.8,True,False
Rajasthan,Barmer,Delivery Care (for births in the 5 years before the survey),40,Births in a public health facility that were delivered by caesarean section (%),6.0,4.0,False,False
Rajasthan,Barmer,Postnatal Care (for last birth in the 5 years before the survey),41,Mothers who received postnatal care from a doctor/nurse/LHV/ANM/midwife/other health personnel within 2,81.7,83.3,False,False
Rajasthan,Barmer,Postnatal Care (for last birth in the 5 years before the survey),42,Children born at home who were taken to a health facility for a check-up within 24 hours of birth (%),5.2,*,True,False
Rajasthan,Barmer,Postnatal Care (for last birth in the 5 years before the survey),43,Children who received postnatal care from a doctor/nurse/LHV/ANM/midwife/other health personnel within 2,85.2,85.1,False,False
Rajasthan,Barmer,Child Vaccinations and Vitamin A Supplementation,44,Children age 12-23 months fully vaccinated based on information from either vaccination card or mother's,70.6,92.9,False,False
Rajasthan,Barmer,Child Vaccinations and Vitamin A Supplementation,45,Children age 12-23 months fully vaccinated based on information from vaccination card only7 (%),59.2,92.8,False,False
Rajasthan,Barmer,Child Vaccinations and Vitamin A Supplementation,46,Children age 12-23 months who have received any vaccine (%),86.4,97.5,False,False
Rajasthan,Barmer,Child Vaccinations and Vitamin A Supplementation,47,Children age 12-23 months who have received BCG (%),81.2,97.5,False,False
Rajasthan,Barmer,Child Vaccinations and Vitamin A Supplementation,48,Children age 12-23 months who have received 3 doses of polio vaccine8 (%),75.8,94.0,False,False
Rajasthan,Barmer,Child Vaccinations and Vitamin A Supplementation,49,Children age 12-23 months who have received 3 doses of pentavalent vaccine (%),76.5,92.9,False,False
Rajasthan,Barmer,Child Vaccinations and Vitamin A Supplementation,50,Children age 12-23 months who have received the first dose of measles-containing vaccine (MCV) (%),78.7,92.9,False,False
Rajasthan,Barmer,Child Vaccinations and Vitamin A Supplementation,51,Children age 24-35 months who have received a second dose of measles-containing vaccine (MCV) (%),38.9,63.9,False,False
Rajasthan,Barmer,Child Vaccinations and Vitamin A Supplementation,52,Children age 12-23 months who have received birth dose of hepatitis B vaccine (%),69.3,78.3,False,False
Rajasthan,Barmer,Child Vaccinations and Vitamin A Supplementation,53,Children age 12-23 months who have received 3 doses of rotavirus vaccine (%),71.2,68.9,False,False
Rajasthan,Barmer,Child Vaccinations and Vitamin A Supplementation,54,Children age 9-35 months who received a vitamin A dose in the last 6 months (%),67.9,77.7,False,False
Rajasthan,Barmer,Child Vaccinations and Vitamin A Supplementation,55,Children age 12-23 months who received most of their vaccinations in a public health facility (%),98.5,100.0,False,False
Rajasthan,Barmer,Child Vaccinations and Vitamin A Supplementation,56,Children age 12-23 months who received most of their vaccinations in a private health facility (%),0.0,0.0,False,False
Rajasthan,Barmer,Treatment of Childhood Diseases (children under age 5 years),57,Prevalence of diarrhoea in the 2 weeks preceding the survey (%),4.3,9.4,False,False
Rajasthan,Barmer,Treatment of Childhood Diseases (children under age 5 years),58,Prevalence of symptoms of acute respiratory infection (ARI) in the 2 weeks preceding the survey (%),2.6,1.3,False,False
Rajasthan,Barmer,Treatment of Childhood Diseases (children under age 5 years),59,Children with fever or symptoms of ARI in the 2 weeks preceding the survey taken to a health facility or,54.5,84.5,True,False
Rajasthan,Barmer,Child Feeding Practices and Nutritional Status of Children,60,Children under age 3 years breastfed within one hour of birth9 (%),49.3,28.6,False,False
Rajasthan,Barmer,Child Feeding Practices and Nutritional Status of Children,61,Children under age 6 months exclusively breastfed10 (%),61.2,66.7,False,False
Rajasthan,Barmer,Child Feeding Practices and Nutritional Status of Children,62,Children under age 6 months currently breastfeeding10 (%),96.8,100.0,False,False
Rajasthan,Barmer,Child Feeding Practices and Nutritional Status of Children,63,Children under age 6 months exclusively breastfed or breastfeeding and consuming plain water/other,82.4,90.4,False,False
Rajasthan,Barmer,Child Feeding Practices and Nutritional Status of Children,64,Children age 6-8 months receiving solid or semi-solid food and breastmilk10 (%),31.0,*,True,False
Rajasthan,Barmer,Child Feeding Practices and Nutritional Status of Children,65,"Breastfeeding children age 6-23 months receiving an adequate diet10, 11 (%)",5.3,9.2,False,False
Rajasthan,Barmer,Child Feeding Practices and Nutritional Status of Children,66,"Non-breastfeeding children age 6-23 months receiving an adequate diet10, 11 (%)",6.3,*,True,False
Rajasthan,Barmer,Child Feeding Practices and Nutritional Status of Children,67,"Total children age 6-23 months receiving an adequate diet10, 11 (%)",5.4,9.0,False,False
Rajasthan,Barmer,Child Feeding Practices and Nutritional Status of Children,68,Children under 5 years who are stunted (height-for-age)12 (%),30.7,39.1,False,False
Rajasthan,Barmer,Child Feeding Practices and Nutritional Status of Children,69,Children under 5 years who are wasted (weight-for-height)12 (%),32.2,11.5,False,False
Rajasthan,Barmer,Child Feeding Practices and Nutritional Status of Children,70,Children under 5 years who are severely wasted (weight-for-height)13 (%),16.7,6.2,False,False
Rajasthan,Barmer,Child Feeding Practices and Nutritional Status of Children,71,Children under 5 years who are underweight (weight-for-age)12 (%),40.2,31.7,False,False
Rajasthan,Barmer,Child Feeding Practices and Nutritional Status of Children,72,Children under 5 years who are overweight (weight-for-height)14 (%),1.5,2.2,False,False
Rajasthan,Barmer,Nutritional Status of Adults (age 15-49 years),73,Women whose Body Mass Index (BMI) is below normal (BMI <18.5 kg/m2)15 (%),26.6,19.7,False,False
Rajasthan,Barmer,Nutritional Status of Adults (age 15-49 years),74,Women who are overweight or obese (BMI ≥25.0 kg/m2)15 (%),15.7,4.5,False,False
Rajasthan,Barmer,Women,75,Blood sugar level - high (141-160 mg/dl)16 (%),5.3,4.3,False,False
Rajasthan,Barmer,Women,76,Blood sugar level - very high (>160 mg/dl)16 (%),4.1,3.6,False,False
Rajasthan,Barmer,Women,77,Blood sugar level - high or very high (>140 mg/dl) or taking medicine to control blood sugar level16 (%),9.6,8.2,False,False
Rajasthan,Barmer,Men,78,Blood sugar level - high (141-160 mg/dl)16 (%),7.7,5.9,False,False
Rajasthan,Barmer,Men,79,Blood sugar level - very high (>160 mg/dl)16 (%),4.5,4.2,False,False
Rajasthan,Barmer,Men,80,Blood sugar level - high or very high (>140 mg/dl) or taking medicine to control blood sugar level16 (%),13.4,10.2,False,False
Rajasthan,Barmer,Women,81,Mildly elevated blood pressure (Systolic 140-159 mm of Hg and/or Diastolic 90-99 mm of Hg) (%),7.3,6.6,False,False
Rajasthan,Barmer,Women,82,Moderately or severely elevated blood pressure (Systolic ≥160 mm of Hg and/or Diastolic ≥100 mm,2.5,1.1,False,False
Rajasthan,Barmer,Women,83,Elevated blood pressure (Systolic ≥140 mm of Hg and/or Diastolic ≥90 mm of Hg) or taking medicine to,11.7,8.5,False,False
Rajasthan,Barmer,Men,84,Mildly elevated blood pressure (Systolic 140-159 mm of Hg and/or Diastolic 90-99 mm of Hg) (%),7.9,8.8,False,False
Rajasthan,Barmer,Men,85,Moderately or severely elevated blood pressure (Systolic ≥160 mm of Hg and/or Diastolic ≥100 mm,2.1,1.6,False,False
Rajasthan,Barmer,Men,86,Elevated blood pressure (Systolic ≥140 mm of Hg and/or Diastolic ≥90 mm of Hg) or taking medicine to,12.1,10.9,False,False
Rajasthan,Barmer,Men,87,Women having a bank or savings account that they themselves use (%),87.8,78.7,False,False
Rajasthan,Barmer,Men,88,Women having a mobile phone that they themselves use (%),71.3,57.5,False,False
Rajasthan,Barmer,Men,89,Women age 15-24 years who use hygienic methods of protection during their menstrual period17 (%),88.8,86.3,False,False
Rajasthan,Barmer,Tobacco Use and Alcohol Consumption among Adults (age 15 years and above),90,Women age 15 years and above who use any kind of tobacco (%),3.4,3.9,False,False
Rajasthan,Barmer,Tobacco Use and Alcohol Consumption among Adults (age 15 years and above),91,Men age 15 years and above who use any kind of tobacco (%),38.7,49.1,False,False
Rajasthan,Barmer,Tobacco Use and Alcohol Consumption among Adults (age 15 years and above),92,Women age 15 years and above who consume alcohol (%),0.7,0.4,False,False
Rajasthan,Barmer,Tobacco Use and Alcohol Consumption among Adults (age 15 years and above),93,Men age 15 years and above who consume alcohol (%),9.1,11.4,False,False
Rajasthan,Bharatpur,Population and Household Profile,1,Population below age 5 years (%),10.6,10.4,False,False
Rajasthan,Bharatpur,Population and Household Profile,2,Population below age 15 years (%),32.4,31.7,False,False
Rajasthan,Bharatpur,Population and Household Profile,3,Population age 60 years and above (%),11.3,11.8,False,False
Rajasthan,Bharatpur,Population and Household Profile,4,Population living in households with electricity (%),98.9,98.3,False,False
Rajasthan,Bharatpur,Population and Household Profile,5,Population living in households with an improved drinking-water source1 (%),95.3,93.9,False,False
Rajasthan,Bharatpur,Population and Household Profile,6,Households using iodized salt (%),82.9,89.8,False,False
Rajasthan,Bharatpur,Population and Household Profile,7,Households with any usual member covered under a health insurance/financing scheme (%),86.1,84.8,False,False
Rajasthan,Bharatpur,Population and Household Profile,8,Households with any usual member having a bank account/post office account (%),99.0,96.5,False,False
Rajasthan,Bharatpur,Population and Household Profile,9,Female population age 6 years and above who ever attended school (%),67.0,62.4,False,False
Rajasthan,Bharatpur,Population and Household Profile,10,Households with any usual female members owning a house and/or land (alone or jointly with others) (%),13.4,8.5,False,False
Rajasthan,Bharatpur,Population and Household Profile,11,Children age 2-4 years who attended pre-school (%),27.0,35.2,False,False
Rajasthan,Bharatpur,Characteristics of Adults (age 15-49 years),12,Women with 10 or more years of schooling (%),34.4,30.3,False,False
Rajasthan,Bharatpur,Characteristics of Adults (age 15-49 years),13,Men with 10 or more years of schooling (%),60.3,53.9,False,False
Rajasthan,Bharatpur,Characteristics of Adults (age 15-49 years),14,Women who have ever used the internet (%),49.4,27.8,False,False
Rajasthan,Bharatpur,Characteristics of Adults (age 15-49 years),15,Men who have ever used the internet (%),76.9,55.9,False,False
Rajasthan,Bharatpur,Marriage and Fertility,16,Women age 20-24 years married before age 18 years (%),26.4,33.5,False,False
Rajasthan,Bharatpur,Marriage and Fertility,17,Men age 25-29 years married before age 21 years (%),*,*,True,False
Rajasthan,Bharatpur,Marriage and Fertility,18,Three or more births in the 5 years preceding the survey (%),5.9,4.3,False,False
Rajasthan,Bharatpur,Marriage and Fertility,19,Women age 15-19 years who were already mothers or pregnant at the time of the survey (%),7.9,5.1,False,False
Rajasthan,Bharatpur,Marriage and Fertility,20,Any method2 (%),67.1,61.2,False,False
Rajasthan,Bharatpur,Marriage and Fertility,21,Any modern method2 (%),45.7,48.4,False,False
Rajasthan,Bharatpur,Marriage and Fertility,22,Any traditional method (%),21.4,12.8,False,False
Rajasthan,Bharatpur,Marriage and Fertility,23,Female sterilization (%),35.5,35.9,False,False
Rajasthan,Bharatpur,Marriage and Fertility,24,Male sterilization (%),0.1,0.0,False,False
Rajasthan,Bharatpur,Marriage and Fertility,25,Total unmet need3 (%),10.8,11.3,False,False
Rajasthan,Bharatpur,Marriage and Fertility,26,Unmet need for spacing3 (%),5.0,4.7,False,False
Rajasthan,Bharatpur,Marriage and Fertility,27,Unmet need for limiting3 (%),5.8,6.6,False,False
Rajasthan,Bharatpur,Antenatal Care (for last birth in the 5 years before the survey),28,Mothers who had an antenatal check-up in the first trimester (%),62.0,55.4,False,False
Rajasthan,Bharatpur,Antenatal Care (for last birth in the 5 years before the survey),29,Mothers who had any antenatal care visits (%),88.3,78.9,False,False
Rajasthan,Bharatpur,Antenatal Care (for last birth in the 5 years before the survey),30,Mothers who had at least 4 antenatal care visits (%),45.6,33.2,False,False
Rajasthan,Bharatpur,Antenatal Care (for last birth in the 5 years before the survey),31,Mothers whose last birth was protected against neonatal tetanus4 (%),86.5,86.9,False,False
Rajasthan,Bharatpur,Antenatal Care (for last birth in the 5 years before the survey),32,Mothers who consumed iron folic acid for 100 days or more when they were pregnant (%),19.2,13.7,False,False
Rajasthan,Bharatpur,Antenatal Care (for last birth in the 5 years before the survey),33,Mothers who consumed iron folic acid for 180 days or more when they were pregnant (%),12.0,3.9,False,False
Rajasthan,Bharatpur,Antenatal Care (for last birth in the 5 years before the survey),34,Registered pregnancies for which the mother received a Mother and Child Protection (MCP) card (%),91.1,95.5,False,False
Rajasthan,Bharatpur,Delivery Care (for births in the 5 years before the survey),35,Institutional births (%),90.7,92.1,False,False
Rajasthan,Bharatpur,Delivery Care (for births in the 5 years before the survey),36,Institutional births in public facility (%),71.5,74.6,False,False
Rajasthan,Bharatpur,Delivery Care (for births in the 5 years before the survey),37,Births attended by skilled health personnel5 (%),91.7,90.8,False,False
Rajasthan,Bharatpur,Delivery Care (for births in the 5 years before the survey),38,Births delivered by caesarean section (%),12.6,12.2,False,False
Rajasthan,Bharatpur,Delivery Care (for births in the 5 years before the survey),39,Births in a private health facility that were delivered by caesarean section (%),45.2,39.7,False,False
Rajasthan,Bharatpur,Delivery Care (for births in the 5 years before the survey),40,Births in a public health facility that were delivered by caesarean section (%),5.5,7.0,False,False
Rajasthan,Bharatpur,Postnatal Care (for last birth in the 5 years before the survey),41,Mothers who received postnatal care from a doctor/nurse/LHV/ANM/midwife/other health personnel within 2,85.7,75.9,False,False
Rajasthan,Bharatpur,Postnatal Care (for last birth in the 5 years before the survey),42,Children born at home who were taken to a health facility for a check-up within 24 hours of birth (%),10.9,0.0,True,False
Rajasthan,Bharatpur,Postnatal Care (for last birth in the 5 years before the survey),43,Children who received postnatal care from a doctor/nurse/LHV/ANM/midwife/other health personnel within 2,88.5,76.8,False,False
Rajasthan,Bharatpur,Child Vaccinations and Vitamin A Supplementation,44,Children age 12-23 months fully vaccinated based on information from either vaccination card or mother's,70.1,64.1,False,False
Rajasthan,Bharatpur,Child Vaccinations and Vitamin A Supplementation,45,Children age 12-23 months fully vaccinated based on information from vaccination card only7 (%),62.4,67.2,False,False
Rajasthan,Bharatpur,Child Vaccinations and Vitamin A Supplementation,46,Children age 12-23 months who have received any vaccine (%),94.1,95.1,False,False
Rajasthan,Bharatpur,Child Vaccinations and Vitamin A Supplementation,47,Children age 12-23 months who have received BCG (%),93.3,86.0,False,False
Rajasthan,Bharatpur,Child Vaccinations and Vitamin A Supplementation,48,Children age 12-23 months who have received 3 doses of polio vaccine8 (%),76.2,77.4,False,False
Rajasthan,Bharatpur,Child Vaccinations and Vitamin A Supplementation,49,Children age 12-23 months who have received 3 doses of pentavalent vaccine (%),79.2,80.1,False,False
Rajasthan,Bharatpur,Child Vaccinations and Vitamin A Supplementation,50,Children age 12-23 months who have received the first dose of measles-containing vaccine (MCV) (%),86.9,83.0,False,False
Rajasthan,Bharatpur,Child Vaccinations and Vitamin A Supplementation,51,Children age 24-35 months who have received a second dose of measles-containing vaccine (MCV) (%),52.6,27.9,False,False
Rajasthan,Bharatpur,Child Vaccinations and Vitamin A Supplementation,52,Children age 12-23 months who have received birth dose of hepatitis B vaccine (%),76.3,64.6,False,False
Rajasthan,Bharatpur,Child Vaccinations and Vitamin A Supplementation,53,Children age 12-23 months who have received 3 doses of rotavirus vaccine (%),71.0,51.2,False,False
Rajasthan,Bharatpur,Child Vaccinations and Vitamin A Supplementation,54,Children age 9-35 months who received a vitamin A dose in the last 6 months (%),43.9,44.9,False,False
Rajasthan,Bharatpur,Child Vaccinations and Vitamin A Supplementation,55,Children age 12-23 months who received most of their vaccinations in a public health facility (%),97.1,96.8,False,False
Rajasthan,Bharatpur,Child Vaccinations and Vitamin A Supplementation,56,Children age 12-23 months who received most of their vaccinations in a private health facility (%),0.0,1.1,False,False
Rajasthan,Bharatpur,Treatment of Childhood Diseases (children under age 5 years),57,Prevalence of diarrhoea in the 2 weeks preceding the survey (%),14.9,15.3,False,False
Rajasthan,Bharatpur,Treatment of Childhood Diseases (children under age 5 years),58,Prevalence of symptoms of acute respiratory infection (ARI) in the 2 weeks preceding the survey (%),1.6,3.8,False,False
Rajasthan,Bharatpur,Treatment of Childhood Diseases (children under age 5 years),59,Children with fever or symptoms of ARI in the 2 weeks preceding the survey taken to a health facility or,71.5,77.4,False,False
Rajasthan,Bharatpur,Child Feeding Practices and Nutritional Status of Children,60,Children under age 3 years breastfed within one hour of birth9 (%),35.4,37.9,False,False
Rajasthan,Bharatpur,Child Feeding Practices and Nutritional Status of Children,61,Children under age 6 months exclusively breastfed10 (%),16.3,48.2,True,False
Rajasthan,Bharatpur,Child Feeding Practices and Nutritional Status of Children,62,Children under age 6 months currently breastfeeding10 (%),100.0,91.6,True,False
Rajasthan,Bharatpur,Child Feeding Practices and Nutritional Status of Children,63,Children under age 6 months exclusively breastfed or breastfeeding and consuming plain water/other,80.9,79.4,True,False
Rajasthan,Bharatpur,Child Feeding Practices and Nutritional Status of Children,64,Children age 6-8 months receiving solid or semi-solid food and breastmilk10 (%),58.5,*,True,False
Rajasthan,Bharatpur,Child Feeding Practices and Nutritional Status of Children,65,"Breastfeeding children age 6-23 months receiving an adequate diet10, 11 (%)",3.3,12.9,False,False
Rajasthan,Bharatpur,Child Feeding Practices and Nutritional Status of Children,66,"Non-breastfeeding children age 6-23 months receiving an adequate diet10, 11 (%)",0.0,*,True,False
Rajasthan,Bharatpur,Child Feeding Practices and Nutritional Status of Children,67,"Total children age 6-23 months receiving an adequate diet10, 11 (%)",2.6,11.8,False,False
Rajasthan,Bharatpur,Child Feeding Practices and Nutritional Status of Children,68,Children under 5 years who are stunted (height-for-age)12 (%),36.7,40.3,False,False
Rajasthan,Bharatpur,Child Feeding Practices and Nutritional Status of Children,69,Children under 5 years who are wasted (weight-for-height)12 (%),19.7,12.2,False,False
Rajasthan,Bharatpur,Child Feeding Practices and Nutritional Status of Children,70,Children under 5 years who are severely wasted (weight-for-height)13 (%),6.5,4.3,False,False
Rajasthan,Bharatpur,Child Feeding Practices and Nutritional Status of Children,71,Children under 5 years who are underweight (weight-for-age)12 (%),40.5,29.1,False,False
Rajasthan,Bharatpur,Child Feeding Practices and Nutritional Status of Children,72,Children under 5 years who are overweight (weight-for-height)14 (%),0.4,5.1,False,False
Rajasthan,Bharatpur,Nutritional Status of Adults (age 15-49 years),73,Women whose Body Mass Index (BMI) is below normal (BMI <18.5 kg/m2)15 (%),28.7,23.5,False,False
Rajasthan,Bharatpur,Nutritional Status of Adults (age 15-49 years),74,Women who are overweight or obese (BMI ≥25.0 kg/m2)15 (%),17.4,12.4,False,False
Rajasthan,Bharatpur,Women,75,Blood sugar level - high (141-160 mg/dl)16 (%),5.4,3.0,False,False
Rajasthan,Bharatpur,Women,76,Blood sugar level - very high (>160 mg/dl)16 (%),3.5,3.2,False,False
Rajasthan,Bharatpur,Women,77,Blood sugar level - high or very high (>140 mg/dl) or taking medicine to control blood sugar level16 (%),9.2,6.7,False,False
Rajasthan,Bharatpur,Men,78,Blood sugar level - high (141-160 mg/dl)16 (%),7.4,3.1,False,False
Rajasthan,Bharatpur,Men,79,Blood sugar level - very high (>160 mg/dl)16 (%),6.5,3.7,False,False
Rajasthan,Bharatpur,Men,80,Blood sugar level - high or very high (>140 mg/dl) or taking medicine to control blood sugar level16 (%),14.8,7.7,False,False
Rajasthan,Bharatpur,Women,81,Mildly elevated blood pressure (Systolic 140-159 mm of Hg and/or Diastolic 90-99 mm of Hg) (%),5.5,11.3,False,False
Rajasthan,Bharatpur,Women,82,Moderately or severely elevated blood pressure (Systolic ≥160 mm of Hg and/or Diastolic ≥100 mm,2.7,4.9,False,False
Rajasthan,Bharatpur,Women,83,Elevated blood pressure (Systolic ≥140 mm of Hg and/or Diastolic ≥90 mm of Hg) or taking medicine to,10.5,19.1,False,False
Rajasthan,Bharatpur,Men,84,Mildly elevated blood pressure (Systolic 140-159 mm of Hg and/or Diastolic 90-99 mm of Hg) (%),7.1,16.4,False,False
Rajasthan,Bharatpur,Men,85,Moderately or severely elevated blood pressure (Systolic ≥160 mm of Hg and/or Diastolic ≥100 mm,3.6,4.5,False,False
Rajasthan,Bharatpur,Men,86,Elevated blood pressure (Systolic ≥140 mm of Hg and/or Diastolic ≥90 mm of Hg) or taking medicine to,12.4,23.6,False,False
Rajasthan,Bharatpur,Men,87,Women having a bank or savings account that they themselves use (%),83.0,80.5,False,False
Rajasthan,Bharatpur,Men,88,Women having a mobile phone that they themselves use (%),40.7,39.0,False,False
Rajasthan,Bharatpur,Men,89,Women age 15-24 years who use hygienic methods of protection during their menstrual period17 (%),77.9,77.7,False,False
Rajasthan,Bharatpur,Tobacco Use and Alcohol Consumption among Adults (age 15 years and above),90,Women age 15 years and above who use any kind of tobacco (%),11.2,10.5,False,False
Rajasthan,Bharatpur,Tobacco Use and Alcohol Consumption among Adults (age 15 years and above),91,Men age 15 years and above who use any kind of tobacco (%),45.2,47.5,False,False
Rajasthan,Bharatpur,Tobacco Use and Alcohol Consumption among Adults (age 15 years and above),92,Women age 15 years and above who consume alcohol (%),0.2,0.2,False,False
Rajasthan,Bharatpur,Tobacco Use and Alcohol Consumption among Adults (age 15 years and above),93,Men age 15 years and above who consume alcohol (%),11.2,12.1,False,False
Rajasthan,Bhilwara,Population and Household Profile,1,Population below age 5 years (%),8.0,8.7,False,False
Rajasthan,Bhilwara,Population and Household Profile,2,Population below age 15 years (%),27.8,29.2,False,False
Rajasthan,Bhilwara,Population and Household Profile,3,Population age 60 years and above (%),13.3,11.9,False,False
Rajasthan,Bhilwara,Population and Household Profile,4,Population living in households with electricity (%),99.3,99.3,False,False
Rajasthan,Bhilwara,Population and Household Profile,5,Population living in households with an improved drinking-water source1 (%),92.1,93.1,False,False
Rajasthan,Bhilwara,Population and Household Profile,6,Households using iodized salt (%),97.0,96.2,False,False
Rajasthan,Bhilwara,Population and Household Profile,7,Households with any usual member covered under a health insurance/financing scheme (%),87.9,89.1,False,False
Rajasthan,Bhilwara,Population and Household Profile,8,Households with any usual member having a bank account/post office account (%),98.4,98.8,False,False
Rajasthan,Bhilwara,Population and Household Profile,9,Female population age 6 years and above who ever attended school (%),56.9,57.1,False,False
Rajasthan,Bhilwara,Population and Household Profile,10,Households with any usual female members owning a house and/or land (alone or jointly with others) (%),16.1,12.9,False,False
Rajasthan,Bhilwara,Population and Household Profile,11,Children age 2-4 years who attended pre-school (%),47.2,32.6,False,False
Rajasthan,Bhilwara,Characteristics of Adults (age 15-49 years),12,Women with 10 or more years of schooling (%),32.8,25.3,False,False
Rajasthan,Bhilwara,Characteristics of Adults (age 15-49 years),13,Men with 10 or more years of schooling (%),57.4,47.3,False,False
Rajasthan,Bhilwara,Characteristics of Adults (age 15-49 years),14,Women who have ever used the internet (%),66.2,40.3,False,False
Rajasthan,Bhilwara,Characteristics of Adults (age 15-49 years),15,Men who have ever used the internet (%),89.0,70.2,False,False
Rajasthan,Bhilwara,Marriage and Fertility,16,Women age 20-24 years married before age 18 years (%),45.2,41.8,False,False
Rajasthan,Bhilwara,Marriage and Fertility,17,Men age 25-29 years married before age 21 years (%),*,32.2,True,False
Rajasthan,Bhilwara,Marriage and Fertility,18,Three or more births in the 5 years preceding the survey (%),0.6,1.3,False,False
Rajasthan,Bhilwara,Marriage and Fertility,19,Women age 15-19 years who were already mothers or pregnant at the time of the survey (%),8.3,5.4,False,False
Rajasthan,Bhilwara,Marriage and Fertility,20,Any method2 (%),78.6,71.1,False,False
Rajasthan,Bhilwara,Marriage and Fertility,21,Any modern method2 (%),49.9,58.9,False,False
Rajasthan,Bhilwara,Marriage and Fertility,22,Any traditional method (%),28.7,12.2,False,False
Rajasthan,Bhilwara,Marriage and Fertility,23,Female sterilization (%),34.8,41.8,False,False
Rajasthan,Bhilwara,Marriage and Fertility,24,Male sterilization (%),0.0,0.1,False,False
Rajasthan,Bhilwara,Marriage and Fertility,25,Total unmet need3 (%),6.6,7.2,False,False
Rajasthan,Bhilwara,Marriage and Fertility,26,Unmet need for spacing3 (%),4.2,4.6,False,False
Rajasthan,Bhilwara,Marriage and Fertility,27,Unmet need for limiting3 (%),2.4,2.6,False,False
Rajasthan,Bhilwara,Antenatal Care (for last birth in the 5 years before the survey),28,Mothers who had an antenatal check-up in the first trimester (%),85.3,78.0,False,False
Rajasthan,Bhilwara,Antenatal Care (for last birth in the 5 years before the survey),29,Mothers who had any antenatal care visits (%),98.0,98.4,False,False
Rajasthan,Bhilwara,Antenatal Care (for last birth in the 5 years before the survey),30,Mothers who had at least 4 antenatal care visits (%),60.0,64.7,False,False
Rajasthan,Bhilwara,Antenatal Care (for last birth in the 5 years before the survey),31,Mothers whose last birth was protected against neonatal tetanus4 (%),97.9,97.1,False,False
Rajasthan,Bhilwara,Antenatal Care (for last birth in the 5 years before the survey),32,Mothers who consumed iron folic acid for 100 days or more when they were pregnant (%),30.6,30.4,False,False
Rajasthan,Bhilwara,Antenatal Care (for last birth in the 5 years before the survey),33,Mothers who consumed iron folic acid for 180 days or more when they were pregnant (%),21.1,11.9,False,False
Rajasthan,Bhilwara,Antenatal Care (for last birth in the 5 years before the survey),34,Registered pregnancies for which the mother received a Mother and Child Protection (MCP) card (%),98.5,99.4,False,False
Rajasthan,Bhilwara,Delivery Care (for births in the 5 years before the survey),35,Institutional births (%),94.1,95.0,False,False
Rajasthan,Bhilwara,Delivery Care (for births in the 5 years before the survey),36,Institutional births in public facility (%),82.1,87.4,False,False
Rajasthan,Bhilwara,Delivery Care (for births in the 5 years before the survey),37,Births attended by skilled health personnel5 (%),94.1,96.0,False,False
Rajasthan,Bhilwara,Delivery Care (for births in the 5 years before the survey),38,Births delivered by caesarean section (%),14.7,5.9,False,False
Rajasthan,Bhilwara,Delivery Care (for births in the 5 years before the survey),39,Births in a private health facility that were delivered by caesarean section (%),42.2,36.4,True,False
Rajasthan,Bhilwara,Delivery Care (for births in the 5 years before the survey),40,Births in a public health facility that were delivered by caesarean section (%),11.7,3.6,False,False
Rajasthan,Bhilwara,Postnatal Care (for last birth in the 5 years before the survey),41,Mothers who received postnatal care from a doctor/nurse/LHV/ANM/midwife/other health personnel within 2,88.1,95.7,False,False
Rajasthan,Bhilwara,Postnatal Care (for last birth in the 5 years before the survey),42,Children born at home who were taken to a health facility for a check-up within 24 hours of birth (%),*,*,True,False
Rajasthan,Bhilwara,Postnatal Care (for last birth in the 5 years before the survey),43,Children who received postnatal care from a doctor/nurse/LHV/ANM/midwife/other health personnel within 2,93.1,94.1,False,False
Rajasthan,Bhilwara,Child Vaccinations and Vitamin A Supplementation,44,Children age 12-23 months fully vaccinated based on information from either vaccination card or mother's,80.5,83.2,False,False
Rajasthan,Bhilwara,Child Vaccinations and Vitamin A Supplementation,45,Children age 12-23 months fully vaccinated based on information from vaccination card only7 (%),76.7,87.8,False,False
Rajasthan,Bhilwara,Child Vaccinations and Vitamin A Supplementation,46,Children age 12-23 months who have received any vaccine (%),100.0,94.6,False,False
Rajasthan,Bhilwara,Child Vaccinations and Vitamin A Supplementation,47,Children age 12-23 months who have received BCG (%),97.5,94.6,False,False
Rajasthan,Bhilwara,Child Vaccinations and Vitamin A Supplementation,48,Children age 12-23 months who have received 3 doses of polio vaccine8 (%),84.3,89.9,False,False
Rajasthan,Bhilwara,Child Vaccinations and Vitamin A Supplementation,49,Children age 12-23 months who have received 3 doses of pentavalent vaccine (%),89.5,89.1,False,False
Rajasthan,Bhilwara,Child Vaccinations and Vitamin A Supplementation,50,Children age 12-23 months who have received the first dose of measles-containing vaccine (MCV) (%),94.9,89.1,False,False
Rajasthan,Bhilwara,Child Vaccinations and Vitamin A Supplementation,51,Children age 24-35 months who have received a second dose of measles-containing vaccine (MCV) (%),72.9,31.0,False,False
Rajasthan,Bhilwara,Child Vaccinations and Vitamin A Supplementation,52,Children age 12-23 months who have received birth dose of hepatitis B vaccine (%),92.4,84.8,False,False
Rajasthan,Bhilwara,Child Vaccinations and Vitamin A Supplementation,53,Children age 12-23 months who have received 3 doses of rotavirus vaccine (%),87.8,78.6,False,False
Rajasthan,Bhilwara,Child Vaccinations and Vitamin A Supplementation,54,Children age 9-35 months who received a vitamin A dose in the last 6 months (%),60.6,70.2,False,False
Rajasthan,Bhilwara,Child Vaccinations and Vitamin A Supplementation,55,Children age 12-23 months who received most of their vaccinations in a public health facility (%),97.5,100.0,False,False
Rajasthan,Bhilwara,Child Vaccinations and Vitamin A Supplementation,56,Children age 12-23 months who received most of their vaccinations in a private health facility (%),2.5,0.0,False,False
Rajasthan,Bhilwara,Treatment of Childhood Diseases (children under age 5 years),57,Prevalence of diarrhoea in the 2 weeks preceding the survey (%),7.4,3.9,False,False
Rajasthan,Bhilwara,Treatment of Childhood Diseases (children under age 5 years),58,Prevalence of symptoms of acute respiratory infection (ARI) in the 2 weeks preceding the survey (%),3.8,2.0,False,False
Rajasthan,Bhilwara,Treatment of Childhood Diseases (children under age 5 years),59,Children with fever or symptoms of ARI in the 2 weeks preceding the survey taken to a health facility or,75.0,*,True,False
Rajasthan,Bhilwara,Child Feeding Practices and Nutritional Status of Children,60,Children under age 3 years breastfed within one hour of birth9 (%),36.0,45.9,False,False
Rajasthan,Bhilwara,Child Feeding Practices and Nutritional Status of Children,61,Children under age 6 months exclusively breastfed10 (%),59.8,80.8,True,False
Rajasthan,Bhilwara,Child Feeding Practices and Nutritional Status of Children,62,Children under age 6 months currently breastfeeding10 (%),100.0,100.0,True,False
Rajasthan,Bhilwara,Child Feeding Practices and Nutritional Status of Children,63,Children under age 6 months exclusively breastfed or breastfeeding and consuming plain water/other,93.0,91.2,True,False
Rajasthan,Bhilwara,Child Feeding Practices and Nutritional Status of Children,64,Children age 6-8 months receiving solid or semi-solid food and breastmilk10 (%),*,*,True,False
Rajasthan,Bhilwara,Child Feeding Practices and Nutritional Status of Children,65,"Breastfeeding children age 6-23 months receiving an adequate diet10, 11 (%)",9.2,6.4,False,False
Rajasthan,Bhilwara,Child Feeding Practices and Nutritional Status of Children,66,"Non-breastfeeding children age 6-23 months receiving an adequate diet10, 11 (%)",*,*,True,False
Rajasthan,Bhilwara,Child Feeding Practices and Nutritional Status of Children,67,"Total children age 6-23 months receiving an adequate diet10, 11 (%)",8.5,5.8,False,False
Rajasthan,Bhilwara,Child Feeding Practices and Nutritional Status of Children,68,Children under 5 years who are stunted (height-for-age)12 (%),26.3,22.6,False,False
Rajasthan,Bhilwara,Child Feeding Practices and Nutritional Status of Children,69,Children under 5 years who are wasted (weight-for-height)12 (%),14.0,17.4,False,False
Rajasthan,Bhilwara,Child Feeding Practices and Nutritional Status of Children,70,Children under 5 years who are severely wasted (weight-for-height)13 (%),4.2,8.5,False,False
Rajasthan,Bhilwara,Child Feeding Practices and Nutritional Status of Children,71,Children under 5 years who are underweight (weight-for-age)12 (%),31.5,23.5,False,False
Rajasthan,Bhilwara,Child Feeding Practices and Nutritional Status of Children,72,Children under 5 years who are overweight (weight-for-height)14 (%),1.9,2.7,False,False
Rajasthan,Bhilwara,Nutritional Status of Adults (age 15-49 years),73,Women whose Body Mass Index (BMI) is below normal (BMI <18.5 kg/m2)15 (%),24.4,16.3,False,False
Rajasthan,Bhilwara,Nutritional Status of Adults (age 15-49 years),74,Women who are overweight or obese (BMI ≥25.0 kg/m2)15 (%),21.4,12.4,False,False
Rajasthan,Bhilwara,Women,75,Blood sugar level - high (141-160 mg/dl)16 (%),4.9,3.9,False,False
Rajasthan,Bhilwara,Women,76,Blood sugar level - very high (>160 mg/dl)16 (%),4.9,2.4,False,False
Rajasthan,Bhilwara,Women,77,Blood sugar level - high or very high (>140 mg/dl) or taking medicine to control blood sugar level16 (%),10.0,6.7,False,False
Rajasthan,Bhilwara,Men,78,Blood sugar level - high (141-160 mg/dl)16 (%),5.4,6.2,False,False
Rajasthan,Bhilwara,Men,79,Blood sugar level - very high (>160 mg/dl)16 (%),6.1,4.1,False,False
Rajasthan,Bhilwara,Men,80,Blood sugar level - high or very high (>140 mg/dl) or taking medicine to control blood sugar level16 (%),12.3,10.7,False,False
Rajasthan,Bhilwara,Women,81,Mildly elevated blood pressure (Systolic 140-159 mm of Hg and/or Diastolic 90-99 mm of Hg) (%),7.9,10.6,False,False
Rajasthan,Bhilwara,Women,82,Moderately or severely elevated blood pressure (Systolic ≥160 mm of Hg and/or Diastolic ≥100 mm,5.2,3.5,False,False
Rajasthan,Bhilwara,Women,83,Elevated blood pressure (Systolic ≥140 mm of Hg and/or Diastolic ≥90 mm of Hg) or taking medicine to,16.0,15.4,False,False
Rajasthan,Bhilwara,Men,84,Mildly elevated blood pressure (Systolic 140-159 mm of Hg and/or Diastolic 90-99 mm of Hg) (%),11.3,11.3,False,False
Rajasthan,Bhilwara,Men,85,Moderately or severely elevated blood pressure (Systolic ≥160 mm of Hg and/or Diastolic ≥100 mm,4.6,3.7,False,False
Rajasthan,Bhilwara,Men,86,Elevated blood pressure (Systolic ≥140 mm of Hg and/or Diastolic ≥90 mm of Hg) or taking medicine to,17.5,15.7,False,False
Rajasthan,Bhilwara,Men,87,Women having a bank or savings account that they themselves use (%),89.7,81.5,False,False
Rajasthan,Bhilwara,Men,88,Women having a mobile phone that they themselves use (%),66.4,54.5,False,False
Rajasthan,Bhilwara,Men,89,Women age 15-24 years who use hygienic methods of protection during their menstrual period17 (%),77.7,76.0,False,False
Rajasthan,Bhilwara,Tobacco Use and Alcohol Consumption among Adults (age 15 years and above),90,Women age 15 years and above who use any kind of tobacco (%),4.4,4.2,False,False
Rajasthan,Bhilwara,Tobacco Use and Alcohol Consumption among Adults (age 15 years and above),91,Men age 15 years and above who use any kind of tobacco (%),42.5,41.9,False,False
Rajasthan,Bhilwara,Tobacco Use and Alcohol Consumption among Adults (age 15 years and above),92,Women age 15 years and above who consume alcohol (%),0.2,0.4,False,False
Rajasthan,Bhilwara,Tobacco Use and Alcohol Consumption among Adults (age 15 years and above),93,Men age 15 years and above who consume alcohol (%),7.1,11.5,False,False
Rajasthan,Bikaner,Population and Household Profile,1,Population below age 5 years (%),9.8,9.6,False,False
Rajasthan,Bikaner,Population and Household Profile,2,Population below age 15 years (%),30.3,30.2,False,False
Rajasthan,Bikaner,Population and Household Profile,3,Population age 60 years and above (%),10.5,10.2,False,False
Rajasthan,Bikaner,Population and Household Profile,4,Population living in households with electricity (%),97.3,96.1,False,False
Rajasthan,Bikaner,Population and Household Profile,5,Population living in households with an improved drinking-water source1 (%),95.6,94.9,False,False
Rajasthan,Bikaner,Population and Household Profile,6,Households using iodized salt (%),93.9,95.7,False,False
Rajasthan,Bikaner,Population and Household Profile,7,Households with any usual member covered under a health insurance/financing scheme (%),90.3,87.4,False,False
Rajasthan,Bikaner,Population and Household Profile,8,Households with any usual member having a bank account/post office account (%),98.9,96.6,False,False
Rajasthan,Bikaner,Population and Household Profile,9,Female population age 6 years and above who ever attended school (%),68.7,64.6,False,False
Rajasthan,Bikaner,Population and Household Profile,10,Households with any usual female members owning a house and/or land (alone or jointly with others) (%),12.1,6.5,False,False
Rajasthan,Bikaner,Population and Household Profile,11,Children age 2-4 years who attended pre-school (%),36.6,26.0,False,False
Rajasthan,Bikaner,Characteristics of Adults (age 15-49 years),12,Women with 10 or more years of schooling (%),35.0,30.2,False,False
Rajasthan,Bikaner,Characteristics of Adults (age 15-49 years),13,Men with 10 or more years of schooling (%),47.9,40.4,False,False
Rajasthan,Bikaner,Characteristics of Adults (age 15-49 years),14,Women who have ever used the internet (%),72.2,30.4,False,False
Rajasthan,Bikaner,Characteristics of Adults (age 15-49 years),15,Men who have ever used the internet (%),78.8,65.0,False,False
Rajasthan,Bikaner,Marriage and Fertility,16,Women age 20-24 years married before age 18 years (%),24.1,33.3,False,False
Rajasthan,Bikaner,Marriage and Fertility,17,Men age 25-29 years married before age 21 years (%),41.8,31.0,True,False
Rajasthan,Bikaner,Marriage and Fertility,18,Three or more births in the 5 years preceding the survey (%),3.8,3.9,False,False
Rajasthan,Bikaner,Marriage and Fertility,19,Women age 15-19 years who were already mothers or pregnant at the time of the survey (%),4.1,6.5,False,False
Rajasthan,Bikaner,Marriage and Fertility,20,Any method2 (%),73.1,79.5,False,False
Rajasthan,Bikaner,Marriage and Fertility,21,Any modern method2 (%),54.8,67.5,False,False
Rajasthan,Bikaner,Marriage and Fertility,22,Any traditional method (%),18.3,12.0,False,False
Rajasthan,Bikaner,Marriage and Fertility,23,Female sterilization (%),39.7,43.4,False,False
Rajasthan,Bikaner,Marriage and Fertility,24,Male sterilization (%),0.8,0.1,False,False
Rajasthan,Bikaner,Marriage and Fertility,25,Total unmet need3 (%),9.1,4.6,False,False
Rajasthan,Bikaner,Marriage and Fertility,26,Unmet need for spacing3 (%),3.8,2.7,False,False
Rajasthan,Bikaner,Marriage and Fertility,27,Unmet need for limiting3 (%),5.3,1.9,False,False
Rajasthan,Bikaner,Antenatal Care (for last birth in the 5 years before the survey),28,Mothers who had an antenatal check-up in the first trimester (%),80.0,80.5,False,False
Rajasthan,Bikaner,Antenatal Care (for last birth in the 5 years before the survey),29,Mothers who had any antenatal care visits (%),97.9,91.8,False,False
Rajasthan,Bikaner,Antenatal Care (for last birth in the 5 years before the survey),30,Mothers who had at least 4 antenatal care visits (%),59.8,50.5,False,False
Rajasthan,Bikaner,Antenatal Care (for last birth in the 5 years before the survey),31,Mothers whose last birth was protected against neonatal tetanus4 (%),90.8,91.6,False,False
Rajasthan,Bikaner,Antenatal Care (for last birth in the 5 years before the survey),32,Mothers who consumed iron folic acid for 100 days or more when they were pregnant (%),43.9,29.8,False,False
Rajasthan,Bikaner,Antenatal Care (for last birth in the 5 years before the survey),33,Mothers who consumed iron folic acid for 180 days or more when they were pregnant (%),21.2,11.6,False,False
Rajasthan,Bikaner,Antenatal Care (for last birth in the 5 years before the survey),34,Registered pregnancies for which the mother received a Mother and Child Protection (MCP) card (%),98.1,98.7,False,False
Rajasthan,Bikaner,Delivery Care (for births in the 5 years before the survey),35,Institutional births (%),94.4,90.0,False,False
Rajasthan,Bikaner,Delivery Care (for births in the 5 years before the survey),36,Institutional births in public facility (%),81.9,81.8,False,False
Rajasthan,Bikaner,Delivery Care (for births in the 5 years before the survey),37,Births attended by skilled health personnel5 (%),95.9,92.7,False,False
Rajasthan,Bikaner,Delivery Care (for births in the 5 years before the survey),38,Births delivered by caesarean section (%),12.2,8.1,False,False
Rajasthan,Bikaner,Delivery Care (for births in the 5 years before the survey),39,Births in a private health facility that were delivered by caesarean section (%),31.9,35.5,True,False
Rajasthan,Bikaner,Delivery Care (for births in the 5 years before the survey),40,Births in a public health facility that were delivered by caesarean section (%),10.0,6.3,False,False
Rajasthan,Bikaner,Postnatal Care (for last birth in the 5 years before the survey),41,Mothers who received postnatal care from a doctor/nurse/LHV/ANM/midwife/other health personnel within 2,79.1,81.2,False,False
Rajasthan,Bikaner,Postnatal Care (for last birth in the 5 years before the survey),42,Children born at home who were taken to a health facility for a check-up within 24 hours of birth (%),0.0,0.0,True,False
Rajasthan,Bikaner,Postnatal Care (for last birth in the 5 years before the survey),43,Children who received postnatal care from a doctor/nurse/LHV/ANM/midwife/other health personnel within 2,84.1,80.8,False,False
Rajasthan,Bikaner,Child Vaccinations and Vitamin A Supplementation,44,Children age 12-23 months fully vaccinated based on information from either vaccination card or mother's,81.6,75.6,False,False
Rajasthan,Bikaner,Child Vaccinations and Vitamin A Supplementation,45,Children age 12-23 months fully vaccinated based on information from vaccination card only7 (%),63.9,81.3,False,False
Rajasthan,Bikaner,Child Vaccinations and Vitamin A Supplementation,46,Children age 12-23 months who have received any vaccine (%),88.9,96.9,False,False
Rajasthan,Bikaner,Child Vaccinations and Vitamin A Supplementation,47,Children age 12-23 months who have received BCG (%),86.0,94.8,False,False
Rajasthan,Bikaner,Child Vaccinations and Vitamin A Supplementation,48,Children age 12-23 months who have received 3 doses of polio vaccine8 (%),83.7,80.4,False,False
Rajasthan,Bikaner,Child Vaccinations and Vitamin A Supplementation,49,Children age 12-23 months who have received 3 doses of pentavalent vaccine (%),83.7,84.0,False,False
Rajasthan,Bikaner,Child Vaccinations and Vitamin A Supplementation,50,Children age 12-23 months who have received the first dose of measles-containing vaccine (MCV) (%),85.7,85.1,False,False
Rajasthan,Bikaner,Child Vaccinations and Vitamin A Supplementation,51,Children age 24-35 months who have received a second dose of measles-containing vaccine (MCV) (%),47.7,39.7,False,False
Rajasthan,Bikaner,Child Vaccinations and Vitamin A Supplementation,52,Children age 12-23 months who have received birth dose of hepatitis B vaccine (%),62.4,64.5,False,False
Rajasthan,Bikaner,Child Vaccinations and Vitamin A Supplementation,53,Children age 12-23 months who have received 3 doses of rotavirus vaccine (%),78.2,58.6,False,False
Rajasthan,Bikaner,Child Vaccinations and Vitamin A Supplementation,54,Children age 9-35 months who received a vitamin A dose in the last 6 months (%),66.0,56.3,False,False
Rajasthan,Bikaner,Child Vaccinations and Vitamin A Supplementation,55,Children age 12-23 months who received most of their vaccinations in a public health facility (%),98.5,95.6,False,False
Rajasthan,Bikaner,Child Vaccinations and Vitamin A Supplementation,56,Children age 12-23 months who received most of their vaccinations in a private health facility (%),0.6,4.4,False,False
Rajasthan,Bikaner,Treatment of Childhood Diseases (children under age 5 years),57,Prevalence of diarrhoea in the 2 weeks preceding the survey (%),3.5,3.6,False,False
Rajasthan,Bikaner,Treatment of Childhood Diseases (children under age 5 years),58,Prevalence of symptoms of acute respiratory infection (ARI) in the 2 weeks preceding the survey (%),0.9,2.2,False,False
Rajasthan,Bikaner,Treatment of Childhood Diseases (children under age 5 years),59,Children with fever or symptoms of ARI in the 2 weeks preceding the survey taken to a health facility or,79.5,83.4,True,False
Rajasthan,Bikaner,Child Feeding Practices and Nutritional Status of Children,60,Children under age 3 years breastfed within one hour of birth9 (%),53.6,48.0,False,False
Rajasthan,Bikaner,Child Feeding Practices and Nutritional Status of Children,61,Children under age 6 months exclusively breastfed10 (%),49.9,61.2,False,False
Rajasthan,Bikaner,Child Feeding Practices and Nutritional Status of Children,62,Children under age 6 months currently breastfeeding10 (%),100.0,94.2,False,False
Rajasthan,Bikaner,Child Feeding Practices and Nutritional Status of Children,63,Children under age 6 months exclusively breastfed or breastfeeding and consuming plain water/other,93.0,77.8,False,False
Rajasthan,Bikaner,Child Feeding Practices and Nutritional Status of Children,64,Children age 6-8 months receiving solid or semi-solid food and breastmilk10 (%),*,*,True,False
Rajasthan,Bikaner,Child Feeding Practices and Nutritional Status of Children,65,"Breastfeeding children age 6-23 months receiving an adequate diet10, 11 (%)",13.2,9.7,False,False
Rajasthan,Bikaner,Child Feeding Practices and Nutritional Status of Children,66,"Non-breastfeeding children age 6-23 months receiving an adequate diet10, 11 (%)",*,11.8,True,False
Rajasthan,Bikaner,Child Feeding Practices and Nutritional Status of Children,67,"Total children age 6-23 months receiving an adequate diet10, 11 (%)",11.2,10.2,False,False
Rajasthan,Bikaner,Child Feeding Practices and Nutritional Status of Children,68,Children under 5 years who are stunted (height-for-age)12 (%),22.5,22.8,False,False
Rajasthan,Bikaner,Child Feeding Practices and Nutritional Status of Children,69,Children under 5 years who are wasted (weight-for-height)12 (%),14.2,25.6,False,False
Rajasthan,Bikaner,Child Feeding Practices and Nutritional Status of Children,70,Children under 5 years who are severely wasted (weight-for-height)13 (%),4.6,12.6,False,False
Rajasthan,Bikaner,Child Feeding Practices and Nutritional Status of Children,71,Children under 5 years who are underweight (weight-for-age)12 (%),21.4,28.5,False,False
Rajasthan,Bikaner,Child Feeding Practices and Nutritional Status of Children,72,Children under 5 years who are overweight (weight-for-height)14 (%),1.5,3.4,False,False
Rajasthan,Bikaner,Nutritional Status of Adults (age 15-49 years),73,Women whose Body Mass Index (BMI) is below normal (BMI <18.5 kg/m2)15 (%),27.6,17.8,False,False
Rajasthan,Bikaner,Nutritional Status of Adults (age 15-49 years),74,Women who are overweight or obese (BMI ≥25.0 kg/m2)15 (%),22.8,14.4,False,False
Rajasthan,Bikaner,Women,75,Blood sugar level - high (141-160 mg/dl)16 (%),5.2,3.9,False,False
Rajasthan,Bikaner,Women,76,Blood sugar level - very high (>160 mg/dl)16 (%),4.5,2.7,False,False
Rajasthan,Bikaner,Women,77,Blood sugar level - high or very high (>140 mg/dl) or taking medicine to control blood sugar level16 (%),10.3,7.3,False,False
Rajasthan,Bikaner,Men,78,Blood sugar level - high (141-160 mg/dl)16 (%),7.6,4.8,False,False
Rajasthan,Bikaner,Men,79,Blood sugar level - very high (>160 mg/dl)16 (%),6.9,2.8,False,False
Rajasthan,Bikaner,Men,80,Blood sugar level - high or very high (>140 mg/dl) or taking medicine to control blood sugar level16 (%),14.9,8.5,False,False
Rajasthan,Bikaner,Women,81,Mildly elevated blood pressure (Systolic 140-159 mm of Hg and/or Diastolic 90-99 mm of Hg) (%),6.7,6.2,False,False
Rajasthan,Bikaner,Women,82,Moderately or severely elevated blood pressure (Systolic ≥160 mm of Hg and/or Diastolic ≥100 mm,1.8,2.2,False,False
Rajasthan,Bikaner,Women,83,Elevated blood pressure (Systolic ≥140 mm of Hg and/or Diastolic ≥90 mm of Hg) or taking medicine to,10.9,12.0,False,False
Rajasthan,Bikaner,Men,84,Mildly elevated blood pressure (Systolic 140-159 mm of Hg and/or Diastolic 90-99 mm of Hg) (%),11.8,8.4,False,False
Rajasthan,Bikaner,Men,85,Moderately or severely elevated blood pressure (Systolic ≥160 mm of Hg and/or Diastolic ≥100 mm,2.7,1.4,False,False
Rajasthan,Bikaner,Men,86,Elevated blood pressure (Systolic ≥140 mm of Hg and/or Diastolic ≥90 mm of Hg) or taking medicine to,16.4,11.8,False,False
Rajasthan,Bikaner,Men,87,Women having a bank or savings account that they themselves use (%),85.1,77.9,False,False
Rajasthan,Bikaner,Men,88,Women having a mobile phone that they themselves use (%),57.2,40.9,False,False
Rajasthan,Bikaner,Men,89,Women age 15-24 years who use hygienic methods of protection during their menstrual period17 (%),91.4,90.2,False,False
Rajasthan,Bikaner,Tobacco Use and Alcohol Consumption among Adults (age 15 years and above),90,Women age 15 years and above who use any kind of tobacco (%),5.2,3.4,False,False
Rajasthan,Bikaner,Tobacco Use and Alcohol Consumption among Adults (age 15 years and above),91,Men age 15 years and above who use any kind of tobacco (%),41.6,38.0,False,False
Rajasthan,Bikaner,Tobacco Use and Alcohol Consumption among Adults (age 15 years and above),92,Women age 15 years and above who consume alcohol (%),0.2,0.4,False,False
Rajasthan,Bikaner,Tobacco Use and Alcohol Consumption among Adults (age 15 years and above),93,Men age 15 years and above who consume alcohol (%),7.9,8.8,False,False
Rajasthan,Bundi,Population and Household Profile,1,Population below age 5 years (%),7.8,9.1,False,False
Rajasthan,Bundi,Population and Household Profile,2,Population below age 15 years (%),26.0,28.4,False,False
Rajasthan,Bundi,Population and Household Profile,3,Population age 60 years and above (%),11.9,11.9,False,False
Rajasthan,Bundi,Population and Household Profile,4,Population living in households with electricity (%),97.6,98.4,False,False
Rajasthan,Bundi,Population and Household Profile,5,Population living in households with an improved drinking-water source1 (%),96.1,95.7,False,False
Rajasthan,Bundi,Population and Household Profile,6,Households using iodized salt (%),97.3,94.9,False,False
Rajasthan,Bundi,Population and Household Profile,7,Households with any usual member covered under a health insurance/financing scheme (%),90.2,87.7,False,False
Rajasthan,Bundi,Population and Household Profile,8,Households with any usual member having a bank account/post office account (%),99.2,97.9,False,False
Rajasthan,Bundi,Population and Household Profile,9,Female population age 6 years and above who ever attended school (%),61.2,57.9,False,False
Rajasthan,Bundi,Population and Household Profile,10,Households with any usual female members owning a house and/or land (alone or jointly with others) (%),17.5,9.5,False,False
Rajasthan,Bundi,Population and Household Profile,11,Children age 2-4 years who attended pre-school (%),47.0,34.6,False,False
Rajasthan,Bundi,Characteristics of Adults (age 15-49 years),12,Women with 10 or more years of schooling (%),32.9,27.4,False,False
Rajasthan,Bundi,Characteristics of Adults (age 15-49 years),13,Men with 10 or more years of schooling (%),46.5,39.3,False,False
Rajasthan,Bundi,Characteristics of Adults (age 15-49 years),14,Women who have ever used the internet (%),56.1,15.2,False,False
Rajasthan,Bundi,Characteristics of Adults (age 15-49 years),15,Men who have ever used the internet (%),80.4,58.0,False,False
Rajasthan,Bundi,Marriage and Fertility,16,Women age 20-24 years married before age 18 years (%),25.9,34.1,False,False
Rajasthan,Bundi,Marriage and Fertility,17,Men age 25-29 years married before age 21 years (%),37.3,54.0,True,False
Rajasthan,Bundi,Marriage and Fertility,18,Three or more births in the 5 years preceding the survey (%),1.5,2.2,False,False
Rajasthan,Bundi,Marriage and Fertility,19,Women age 15-19 years who were already mothers or pregnant at the time of the survey (%),4.4,2.3,False,False
Rajasthan,Bundi,Marriage and Fertility,20,Any method2 (%),79.4,75.8,False,False
Rajasthan,Bundi,Marriage and Fertility,21,Any modern method2 (%),63.5,66.6,False,False
Rajasthan,Bundi,Marriage and Fertility,22,Any traditional method (%),15.9,9.2,False,False
Rajasthan,Bundi,Marriage and Fertility,23,Female sterilization (%),48.0,46.1,False,False
Rajasthan,Bundi,Marriage and Fertility,24,Male sterilization (%),0.2,0.0,False,False
Rajasthan,Bundi,Marriage and Fertility,25,Total unmet need3 (%),5.4,7.1,False,False
Rajasthan,Bundi,Marriage and Fertility,26,Unmet need for spacing3 (%),3.3,4.0,False,False
Rajasthan,Bundi,Marriage and Fertility,27,Unmet need for limiting3 (%),2.1,3.1,False,False
Rajasthan,Bundi,Antenatal Care (for last birth in the 5 years before the survey),28,Mothers who had an antenatal check-up in the first trimester (%),86.6,81.0,False,False
Rajasthan,Bundi,Antenatal Care (for last birth in the 5 years before the survey),29,Mothers who had any antenatal care visits (%),99.3,98.2,False,False
Rajasthan,Bundi,Antenatal Care (for last birth in the 5 years before the survey),30,Mothers who had at least 4 antenatal care visits (%),82.0,74.0,False,False
Rajasthan,Bundi,Antenatal Care (for last birth in the 5 years before the survey),31,Mothers whose last birth was protected against neonatal tetanus4 (%),96.0,91.1,False,False
Rajasthan,Bundi,Antenatal Care (for last birth in the 5 years before the survey),32,Mothers who consumed iron folic acid for 100 days or more when they were pregnant (%),44.3,35.5,False,False
Rajasthan,Bundi,Antenatal Care (for last birth in the 5 years before the survey),33,Mothers who consumed iron folic acid for 180 days or more when they were pregnant (%),30.0,8.7,False,False
Rajasthan,Bundi,Antenatal Care (for last birth in the 5 years before the survey),34,Registered pregnancies for which the mother received a Mother and Child Protection (MCP) card (%),99.3,97.9,False,False
Rajasthan,Bundi,Delivery Care (for births in the 5 years before the survey),35,Institutional births (%),94.7,95.3,False,False
Rajasthan,Bundi,Delivery Care (for births in the 5 years before the survey),36,Institutional births in public facility (%),83.7,83.7,False,False
Rajasthan,Bundi,Delivery Care (for births in the 5 years before the survey),37,Births attended by skilled health personnel5 (%),95.2,95.1,False,False
Rajasthan,Bundi,Delivery Care (for births in the 5 years before the survey),38,Births delivered by caesarean section (%),17.6,10.5,False,False
Rajasthan,Bundi,Delivery Care (for births in the 5 years before the survey),39,Births in a private health facility that were delivered by caesarean section (%),53.6,32.7,True,False
Rajasthan,Bundi,Delivery Care (for births in the 5 years before the survey),40,Births in a public health facility that were delivered by caesarean section (%),14.0,8.1,False,False
Rajasthan,Bundi,Postnatal Care (for last birth in the 5 years before the survey),41,Mothers who received postnatal care from a doctor/nurse/LHV/ANM/midwife/other health personnel within 2,89.5,85.2,False,False
Rajasthan,Bundi,Postnatal Care (for last birth in the 5 years before the survey),42,Children born at home who were taken to a health facility for a check-up within 24 hours of birth (%),*,*,True,False
Rajasthan,Bundi,Postnatal Care (for last birth in the 5 years before the survey),43,Children who received postnatal care from a doctor/nurse/LHV/ANM/midwife/other health personnel within 2,90.4,89.4,False,False
Rajasthan,Bundi,Child Vaccinations and Vitamin A Supplementation,44,Children age 12-23 months fully vaccinated based on information from either vaccination card or mother's,84.1,75.7,False,False
Rajasthan,Bundi,Child Vaccinations and Vitamin A Supplementation,45,Children age 12-23 months fully vaccinated based on information from vaccination card only7 (%),81.9,81.4,False,False
Rajasthan,Bundi,Child Vaccinations and Vitamin A Supplementation,46,Children age 12-23 months who have received any vaccine (%),98.9,100.0,False,False
Rajasthan,Bundi,Child Vaccinations and Vitamin A Supplementation,47,Children age 12-23 months who have received BCG (%),95.1,97.7,False,False
Rajasthan,Bundi,Child Vaccinations and Vitamin A Supplementation,48,Children age 12-23 months who have received 3 doses of polio vaccine8 (%),88.1,83.1,False,False
Rajasthan,Bundi,Child Vaccinations and Vitamin A Supplementation,49,Children age 12-23 months who have received 3 doses of pentavalent vaccine (%),91.3,92.3,False,False
Rajasthan,Bundi,Child Vaccinations and Vitamin A Supplementation,50,Children age 12-23 months who have received the first dose of measles-containing vaccine (MCV) (%),92.6,91.1,False,False
Rajasthan,Bundi,Child Vaccinations and Vitamin A Supplementation,51,Children age 24-35 months who have received a second dose of measles-containing vaccine (MCV) (%),76.4,62.0,False,False
Rajasthan,Bundi,Child Vaccinations and Vitamin A Supplementation,52,Children age 12-23 months who have received birth dose of hepatitis B vaccine (%),92.9,81.0,False,False
Rajasthan,Bundi,Child Vaccinations and Vitamin A Supplementation,53,Children age 12-23 months who have received 3 doses of rotavirus vaccine (%),92.6,65.5,False,False
Rajasthan,Bundi,Child Vaccinations and Vitamin A Supplementation,54,Children age 9-35 months who received a vitamin A dose in the last 6 months (%),63.1,62.8,False,False
Rajasthan,Bundi,Child Vaccinations and Vitamin A Supplementation,55,Children age 12-23 months who received most of their vaccinations in a public health facility (%),98.6,100.0,False,False
Rajasthan,Bundi,Child Vaccinations and Vitamin A Supplementation,56,Children age 12-23 months who received most of their vaccinations in a private health facility (%),1.4,0.0,False,False
Rajasthan,Bundi,Treatment of Childhood Diseases (children under age 5 years),57,Prevalence of diarrhoea in the 2 weeks preceding the survey (%),13.6,7.4,False,False
Rajasthan,Bundi,Treatment of Childhood Diseases (children under age 5 years),58,Prevalence of symptoms of acute respiratory infection (ARI) in the 2 weeks preceding the survey (%),0.3,9.5,False,False
Rajasthan,Bundi,Treatment of Childhood Diseases (children under age 5 years),59,Children with fever or symptoms of ARI in the 2 weeks preceding the survey taken to a health facility or,86.0,52.9,False,False
Rajasthan,Bundi,Child Feeding Practices and Nutritional Status of Children,60,Children under age 3 years breastfed within one hour of birth9 (%),49.2,41.8,False,False
Rajasthan,Bundi,Child Feeding Practices and Nutritional Status of Children,61,Children under age 6 months exclusively breastfed10 (%),45.6,72.7,True,False
Rajasthan,Bundi,Child Feeding Practices and Nutritional Status of Children,62,Children under age 6 months currently breastfeeding10 (%),96.3,100.0,True,False
Rajasthan,Bundi,Child Feeding Practices and Nutritional Status of Children,63,Children under age 6 months exclusively breastfed or breastfeeding and consuming plain water/other,93.4,82.6,True,False
Rajasthan,Bundi,Child Feeding Practices and Nutritional Status of Children,64,Children age 6-8 months receiving solid or semi-solid food and breastmilk10 (%),*,*,True,False
Rajasthan,Bundi,Child Feeding Practices and Nutritional Status of Children,65,"Breastfeeding children age 6-23 months receiving an adequate diet10, 11 (%)",7.0,9.5,False,False
Rajasthan,Bundi,Child Feeding Practices and Nutritional Status of Children,66,"Non-breastfeeding children age 6-23 months receiving an adequate diet10, 11 (%)",*,*,True,False
Rajasthan,Bundi,Child Feeding Practices and Nutritional Status of Children,67,"Total children age 6-23 months receiving an adequate diet10, 11 (%)",6.2,10.8,False,False
Rajasthan,Bundi,Child Feeding Practices and Nutritional Status of Children,68,Children under 5 years who are stunted (height-for-age)12 (%),29.5,30.0,False,False
Rajasthan,Bundi,Child Feeding Practices and Nutritional Status of Children,69,Children under 5 years who are wasted (weight-for-height)12 (%),24.3,19.6,False,False
Rajasthan,Bundi,Child Feeding Practices and Nutritional Status of Children,70,Children under 5 years who are severely wasted (weight-for-height)13 (%),6.2,6.2,False,False
Rajasthan,Bundi,Child Feeding Practices and Nutritional Status of Children,71,Children under 5 years who are underweight (weight-for-age)12 (%),37.7,29.1,False,False
Rajasthan,Bundi,Child Feeding Practices and Nutritional Status of Children,72,Children under 5 years who are overweight (weight-for-height)14 (%),0.3,1.0,False,False
Rajasthan,Bundi,Nutritional Status of Adults (age 15-49 years),73,Women whose Body Mass Index (BMI) is below normal (BMI <18.5 kg/m2)15 (%),33.8,29.6,False,False
Rajasthan,Bundi,Nutritional Status of Adults (age 15-49 years),74,Women who are overweight or obese (BMI ≥25.0 kg/m2)15 (%),14.3,12.4,False,False
Rajasthan,Bundi,Women,75,Blood sugar level - high (141-160 mg/dl)16 (%),4.8,3.4,False,False
Rajasthan,Bundi,Women,76,Blood sugar level - very high (>160 mg/dl)16 (%),3.3,2.0,False,False
Rajasthan,Bundi,Women,77,Blood sugar level - high or very high (>140 mg/dl) or taking medicine to control blood sugar level16 (%),8.7,5.9,False,False
Rajasthan,Bundi,Men,78,Blood sugar level - high (141-160 mg/dl)16 (%),7.2,3.4,False,False
Rajasthan,Bundi,Men,79,Blood sugar level - very high (>160 mg/dl)16 (%),4.5,4.0,False,False
Rajasthan,Bundi,Men,80,Blood sugar level - high or very high (>140 mg/dl) or taking medicine to control blood sugar level16 (%),12.6,8.0,False,False
Rajasthan,Bundi,Women,81,Mildly elevated blood pressure (Systolic 140-159 mm of Hg and/or Diastolic 90-99 mm of Hg) (%),7.3,10.5,False,False
Rajasthan,Bundi,Women,82,Moderately or severely elevated blood pressure (Systolic ≥160 mm of Hg and/or Diastolic ≥100 mm,4.4,4.6,False,False
Rajasthan,Bundi,Women,83,Elevated blood pressure (Systolic ≥140 mm of Hg and/or Diastolic ≥90 mm of Hg) or taking medicine to,14.7,17.2,False,False
Rajasthan,Bundi,Men,84,Mildly elevated blood pressure (Systolic 140-159 mm of Hg and/or Diastolic 90-99 mm of Hg) (%),8.6,13.4,False,False
Rajasthan,Bundi,Men,85,Moderately or severely elevated blood pressure (Systolic ≥160 mm of Hg and/or Diastolic ≥100 mm,3.3,4.0,False,False
Rajasthan,Bundi,Men,86,Elevated blood pressure (Systolic ≥140 mm of Hg and/or Diastolic ≥90 mm of Hg) or taking medicine to,14.2,19.0,False,False
Rajasthan,Bundi,Men,87,Women having a bank or savings account that they themselves use (%),92.8,74.7,False,False
Rajasthan,Bundi,Men,88,Women having a mobile phone that they themselves use (%),42.1,38.7,False,False
Rajasthan,Bundi,Men,89,Women age 15-24 years who use hygienic methods of protection during their menstrual period17 (%),82.4,77.6,False,False
Rajasthan,Bundi,Tobacco Use and Alcohol Consumption among Adults (age 15 years and above),90,Women age 15 years and above who use any kind of tobacco (%),13.1,13.8,False,False
Rajasthan,Bundi,Tobacco Use and Alcohol Consumption among Adults (age 15 years and above),91,Men age 15 years and above who use any kind of tobacco (%),49.7,52.8,False,False
Rajasthan,Bundi,Tobacco Use and Alcohol Consumption among Adults (age 15 years and above),92,Women age 15 years and above who consume alcohol (%),0.2,0.5,False,False
Rajasthan,Bundi,Tobacco Use and Alcohol Consumption among Adults (age 15 years and above),93,Men age 15 years and above who consume alcohol (%),11.3,11.5,False,False
Rajasthan,Chittorgarh,Population and Household Profile,1,Population below age 5 years (%),7.7,8.0,False,False
Rajasthan,Chittorgarh,Population and Household Profile,2,Population below age 15 years (%),24.1,26.1,False,False
Rajasthan,Chittorgarh,Population and Household Profile,3,Population age 60 years and above (%),14.5,13.7,False,False
Rajasthan,Chittorgarh,Population and Household Profile,4,Population living in households with electricity (%),99.4,99.0,False,False
Rajasthan,Chittorgarh,Population and Household Profile,5,Population living in households with an improved drinking-water source1 (%),98.2,97.6,False,False
Rajasthan,Chittorgarh,Population and Household Profile,6,Households using iodized salt (%),99.0,97.3,False,False
Rajasthan,Chittorgarh,Population and Household Profile,7,Households with any usual member covered under a health insurance/financing scheme (%),86.1,90.6,False,False
Rajasthan,Chittorgarh,Population and Household Profile,8,Households with any usual member having a bank account/post office account (%),99.3,99.2,False,False
Rajasthan,Chittorgarh,Population and Household Profile,9,Female population age 6 years and above who ever attended school (%),58.5,55.3,False,False
Rajasthan,Chittorgarh,Population and Household Profile,10,Households with any usual female members owning a house and/or land (alone or jointly with others) (%),20.8,12.0,False,False
Rajasthan,Chittorgarh,Population and Household Profile,11,Children age 2-4 years who attended pre-school (%),55.1,35.9,False,False
Rajasthan,Chittorgarh,Characteristics of Adults (age 15-49 years),12,Women with 10 or more years of schooling (%),31.7,24.8,False,False
Rajasthan,Chittorgarh,Characteristics of Adults (age 15-49 years),13,Men with 10 or more years of schooling (%),42.9,36.5,False,False
Rajasthan,Chittorgarh,Characteristics of Adults (age 15-49 years),14,Women who have ever used the internet (%),72.7,35.5,False,False
Rajasthan,Chittorgarh,Characteristics of Adults (age 15-49 years),15,Men who have ever used the internet (%),72.1,57.2,False,False
Rajasthan,Chittorgarh,Marriage and Fertility,16,Women age 20-24 years married before age 18 years (%),40.7,42.6,False,False
Rajasthan,Chittorgarh,Marriage and Fertility,17,Men age 25-29 years married before age 21 years (%),*,*,True,False
Rajasthan,Chittorgarh,Marriage and Fertility,18,Three or more births in the 5 years preceding the survey (%),0.6,1.7,False,False
Rajasthan,Chittorgarh,Marriage and Fertility,19,Women age 15-19 years who were already mothers or pregnant at the time of the survey (%),10.5,3.5,False,False
Rajasthan,Chittorgarh,Marriage and Fertility,20,Any method2 (%),74.6,66.9,False,False
Rajasthan,Chittorgarh,Marriage and Fertility,21,Any modern method2 (%),43.6,49.6,False,False
Rajasthan,Chittorgarh,Marriage and Fertility,22,Any traditional method (%),31.0,17.3,False,False
Rajasthan,Chittorgarh,Marriage and Fertility,23,Female sterilization (%),27.9,33.5,False,False
Rajasthan,Chittorgarh,Marriage and Fertility,24,Male sterilization (%),0.3,0.1,False,False
Rajasthan,Chittorgarh,Marriage and Fertility,25,Total unmet need3 (%),8.0,8.1,False,False
Rajasthan,Chittorgarh,Marriage and Fertility,26,Unmet need for spacing3 (%),4.4,3.3,False,False
Rajasthan,Chittorgarh,Marriage and Fertility,27,Unmet need for limiting3 (%),3.6,4.8,False,False
Rajasthan,Chittorgarh,Antenatal Care (for last birth in the 5 years before the survey),28,Mothers who had an antenatal check-up in the first trimester (%),72.7,85.5,False,False
Rajasthan,Chittorgarh,Antenatal Care (for last birth in the 5 years before the survey),29,Mothers who had any antenatal care visits (%),99.7,99.6,False,False
Rajasthan,Chittorgarh,Antenatal Care (for last birth in the 5 years before the survey),30,Mothers who had at least 4 antenatal care visits (%),58.8,75.0,False,False
Rajasthan,Chittorgarh,Antenatal Care (for last birth in the 5 years before the survey),31,Mothers whose last birth was protected against neonatal tetanus4 (%),96.5,97.2,False,False
Rajasthan,Chittorgarh,Antenatal Care (for last birth in the 5 years before the survey),32,Mothers who consumed iron folic acid for 100 days or more when they were pregnant (%),43.9,30.2,False,False
Rajasthan,Chittorgarh,Antenatal Care (for last birth in the 5 years before the survey),33,Mothers who consumed iron folic acid for 180 days or more when they were pregnant (%),31.2,13.7,False,False
Rajasthan,Chittorgarh,Antenatal Care (for last birth in the 5 years before the survey),34,Registered pregnancies for which the mother received a Mother and Child Protection (MCP) card (%),98.7,97.2,False,False
Rajasthan,Chittorgarh,Delivery Care (for births in the 5 years before the survey),35,Institutional births (%),95.5,96.8,False,False
Rajasthan,Chittorgarh,Delivery Care (for births in the 5 years before the survey),36,Institutional births in public facility (%),83.1,85.3,False,False
Rajasthan,Chittorgarh,Delivery Care (for births in the 5 years before the survey),37,Births attended by skilled health personnel5 (%),95.5,97.3,False,False
Rajasthan,Chittorgarh,Delivery Care (for births in the 5 years before the survey),38,Births delivered by caesarean section (%),15.9,15.4,False,False
Rajasthan,Chittorgarh,Delivery Care (for births in the 5 years before the survey),39,Births in a private health facility that were delivered by caesarean section (%),50.2,50.3,True,False
Rajasthan,Chittorgarh,Delivery Care (for births in the 5 years before the survey),40,Births in a public health facility that were delivered by caesarean section (%),11.6,11.3,False,False
Rajasthan,Chittorgarh,Postnatal Care (for last birth in the 5 years before the survey),41,Mothers who received postnatal care from a doctor/nurse/LHV/ANM/midwife/other health personnel within 2,89.3,91.2,False,False
Rajasthan,Chittorgarh,Postnatal Care (for last birth in the 5 years before the survey),42,Children born at home who were taken to a health facility for a check-up within 24 hours of birth (%),*,*,True,False
Rajasthan,Chittorgarh,Postnatal Care (for last birth in the 5 years before the survey),43,Children who received postnatal care from a doctor/nurse/LHV/ANM/midwife/other health personnel within 2,92.6,94.7,False,False
Rajasthan,Chittorgarh,Child Vaccinations and Vitamin A Supplementation,44,Children age 12-23 months fully vaccinated based on information from either vaccination card or mother's,83.8,87.8,True,False
Rajasthan,Chittorgarh,Child Vaccinations and Vitamin A Supplementation,45,Children age 12-23 months fully vaccinated based on information from vaccination card only7 (%),68.4,89.9,True,False
Rajasthan,Chittorgarh,Child Vaccinations and Vitamin A Supplementation,46,Children age 12-23 months who have received any vaccine (%),97.8,100.0,True,False
Rajasthan,Chittorgarh,Child Vaccinations and Vitamin A Supplementation,47,Children age 12-23 months who have received BCG (%),97.8,100.0,True,False
Rajasthan,Chittorgarh,Child Vaccinations and Vitamin A Supplementation,48,Children age 12-23 months who have received 3 doses of polio vaccine8 (%),92.0,89.1,True,False
Rajasthan,Chittorgarh,Child Vaccinations and Vitamin A Supplementation,49,Children age 12-23 months who have received 3 doses of pentavalent vaccine (%),87.5,96.8,True,False
Rajasthan,Chittorgarh,Child Vaccinations and Vitamin A Supplementation,50,Children age 12-23 months who have received the first dose of measles-containing vaccine (MCV) (%),95.8,97.1,True,False
Rajasthan,Chittorgarh,Child Vaccinations and Vitamin A Supplementation,51,Children age 24-35 months who have received a second dose of measles-containing vaccine (MCV) (%),69.0,58.1,False,False
Rajasthan,Chittorgarh,Child Vaccinations and Vitamin A Supplementation,52,Children age 12-23 months who have received birth dose of hepatitis B vaccine (%),95.7,88.4,True,False
Rajasthan,Chittorgarh,Child Vaccinations and Vitamin A Supplementation,53,Children age 12-23 months who have received 3 doses of rotavirus vaccine (%),87.8,86.6,True,False
Rajasthan,Chittorgarh,Child Vaccinations and Vitamin A Supplementation,54,Children age 9-35 months who received a vitamin A dose in the last 6 months (%),57.6,62.7,False,False
Rajasthan,Chittorgarh,Child Vaccinations and Vitamin A Supplementation,55,Children age 12-23 months who received most of their vaccinations in a public health facility (%),100.0,98.8,True,False
Rajasthan,Chittorgarh,Child Vaccinations and Vitamin A Supplementation,56,Children age 12-23 months who received most of their vaccinations in a private health facility (%),0.0,1.2,True,False
Rajasthan,Chittorgarh,Treatment of Childhood Diseases (children under age 5 years),57,Prevalence of diarrhoea in the 2 weeks preceding the survey (%),9.5,5.2,False,False
Rajasthan,Chittorgarh,Treatment of Childhood Diseases (children under age 5 years),58,Prevalence of symptoms of acute respiratory infection (ARI) in the 2 weeks preceding the survey (%),0.9,1.3,False,False
Rajasthan,Chittorgarh,Treatment of Childhood Diseases (children under age 5 years),59,Children with fever or symptoms of ARI in the 2 weeks preceding the survey taken to a health facility or,69.8,*,True,False
Rajasthan,Chittorgarh,Child Feeding Practices and Nutritional Status of Children,60,Children under age 3 years breastfed within one hour of birth9 (%),41.5,51.1,False,False
Rajasthan,Chittorgarh,Child Feeding Practices and Nutritional Status of Children,61,Children under age 6 months exclusively breastfed10 (%),65.6,77.2,True,False
Rajasthan,Chittorgarh,Child Feeding Practices and Nutritional Status of Children,62,Children under age 6 months currently breastfeeding10 (%),100.0,100.0,True,False
Rajasthan,Chittorgarh,Child Feeding Practices and Nutritional Status of Children,63,Children under age 6 months exclusively breastfed or breastfeeding and consuming plain water/other,98.0,100.0,True,False
Rajasthan,Chittorgarh,Child Feeding Practices and Nutritional Status of Children,64,Children age 6-8 months receiving solid or semi-solid food and breastmilk10 (%),*,*,True,False
Rajasthan,Chittorgarh,Child Feeding Practices and Nutritional Status of Children,65,"Breastfeeding children age 6-23 months receiving an adequate diet10, 11 (%)",6.1,5.0,False,False
Rajasthan,Chittorgarh,Child Feeding Practices and Nutritional Status of Children,66,"Non-breastfeeding children age 6-23 months receiving an adequate diet10, 11 (%)",*,*,True,False
Rajasthan,Chittorgarh,Child Feeding Practices and Nutritional Status of Children,67,"Total children age 6-23 months receiving an adequate diet10, 11 (%)",6.6,5.2,False,False
Rajasthan,Chittorgarh,Child Feeding Practices and Nutritional Status of Children,68,Children under 5 years who are stunted (height-for-age)12 (%),29.1,31.4,False,False
Rajasthan,Chittorgarh,Child Feeding Practices and Nutritional Status of Children,69,Children under 5 years who are wasted (weight-for-height)12 (%),18.9,14.6,False,False
Rajasthan,Chittorgarh,Child Feeding Practices and Nutritional Status of Children,70,Children under 5 years who are severely wasted (weight-for-height)13 (%),3.5,4.9,False,False
Rajasthan,Chittorgarh,Child Feeding Practices and Nutritional Status of Children,71,Children under 5 years who are underweight (weight-for-age)12 (%),32.6,25.9,False,False
Rajasthan,Chittorgarh,Child Feeding Practices and Nutritional Status of Children,72,Children under 5 years who are overweight (weight-for-height)14 (%),0.4,1.0,False,False
Rajasthan,Chittorgarh,Nutritional Status of Adults (age 15-49 years),73,Women whose Body Mass Index (BMI) is below normal (BMI <18.5 kg/m2)15 (%),28.2,20.2,False,False
Rajasthan,Chittorgarh,Nutritional Status of Adults (age 15-49 years),74,Women who are overweight or obese (BMI ≥25.0 kg/m2)15 (%),22.5,15.3,False,False
Rajasthan,Chittorgarh,Women,75,Blood sugar level - high (141-160 mg/dl)16 (%),7.1,5.6,False,False
Rajasthan,Chittorgarh,Women,76,Blood sugar level - very high (>160 mg/dl)16 (%),5.1,2.9,False,False
Rajasthan,Chittorgarh,Women,77,Blood sugar level - high or very high (>140 mg/dl) or taking medicine to control blood sugar level16 (%),12.8,9.1,False,False
Rajasthan,Chittorgarh,Men,78,Blood sugar level - high (141-160 mg/dl)16 (%),6.0,8.0,False,False
Rajasthan,Chittorgarh,Men,79,Blood sugar level - very high (>160 mg/dl)16 (%),6.4,4.0,False,False
Rajasthan,Chittorgarh,Men,80,Blood sugar level - high or very high (>140 mg/dl) or taking medicine to control blood sugar level16 (%),12.9,12.3,False,False
Rajasthan,Chittorgarh,Women,81,Mildly elevated blood pressure (Systolic 140-159 mm of Hg and/or Diastolic 90-99 mm of Hg) (%),6.8,11.9,False,False
Rajasthan,Chittorgarh,Women,82,Moderately or severely elevated blood pressure (Systolic ≥160 mm of Hg and/or Diastolic ≥100 mm,5.4,4.3,False,False
Rajasthan,Chittorgarh,Women,83,Elevated blood pressure (Systolic ≥140 mm of Hg and/or Diastolic ≥90 mm of Hg) or taking medicine to,16.5,18.3,False,False
Rajasthan,Chittorgarh,Men,84,Mildly elevated blood pressure (Systolic 140-159 mm of Hg and/or Diastolic 90-99 mm of Hg) (%),8.3,14.9,False,False
Rajasthan,Chittorgarh,Men,85,Moderately or severely elevated blood pressure (Systolic ≥160 mm of Hg and/or Diastolic ≥100 mm,3.6,5.1,False,False
Rajasthan,Chittorgarh,Men,86,Elevated blood pressure (Systolic ≥140 mm of Hg and/or Diastolic ≥90 mm of Hg) or taking medicine to,14.6,21.1,False,False
Rajasthan,Chittorgarh,Men,87,Women having a bank or savings account that they themselves use (%),91.2,89.2,False,False
Rajasthan,Chittorgarh,Men,88,Women having a mobile phone that they themselves use (%),63.4,51.8,False,False
Rajasthan,Chittorgarh,Men,89,Women age 15-24 years who use hygienic methods of protection during their menstrual period17 (%),79.9,67.5,False,False
Rajasthan,Chittorgarh,Tobacco Use and Alcohol Consumption among Adults (age 15 years and above),90,Women age 15 years and above who use any kind of tobacco (%),5.3,3.7,False,False
Rajasthan,Chittorgarh,Tobacco Use and Alcohol Consumption among Adults (age 15 years and above),91,Men age 15 years and above who use any kind of tobacco (%),47.3,44.4,False,False
Rajasthan,Chittorgarh,Tobacco Use and Alcohol Consumption among Adults (age 15 years and above),92,Women age 15 years and above who consume alcohol (%),0.3,0.5,False,False
Rajasthan,Chittorgarh,Tobacco Use and Alcohol Consumption among Adults (age 15 years and above),93,Men age 15 years and above who consume alcohol (%),11.6,10.5,False,False
Rajasthan,Churu,Population and Household Profile,1,Population below age 5 years (%),8.9,9.1,False,False
Rajasthan,Churu,Population and Household Profile,2,Population below age 15 years (%),27.7,29.0,False,False
Rajasthan,Churu,Population and Household Profile,3,Population age 60 years and above (%),12.2,10.8,False,False
Rajasthan,Churu,Population and Household Profile,4,Population living in households with electricity (%),98.2,96.6,False,False
Rajasthan,Churu,Population and Household Profile,5,Population living in households with an improved drinking-water source1 (%),98.6,98.2,False,False
Rajasthan,Churu,Population and Household Profile,6,Households using iodized salt (%),97.2,90.9,False,False
Rajasthan,Churu,Population and Household Profile,7,Households with any usual member covered under a health insurance/financing scheme (%),91.3,81.9,False,False
Rajasthan,Churu,Population and Household Profile,8,Households with any usual member having a bank account/post office account (%),99.0,97.9,False,False
Rajasthan,Churu,Population and Household Profile,9,Female population age 6 years and above who ever attended school (%),64.9,62.9,False,False
Rajasthan,Churu,Population and Household Profile,10,Households with any usual female members owning a house and/or land (alone or jointly with others) (%),15.0,11.3,False,False
Rajasthan,Churu,Population and Household Profile,11,Children age 2-4 years who attended pre-school (%),31.8,28.8,False,False
Rajasthan,Churu,Characteristics of Adults (age 15-49 years),12,Women with 10 or more years of schooling (%),42.5,33.4,False,False
Rajasthan,Churu,Characteristics of Adults (age 15-49 years),13,Men with 10 or more years of schooling (%),56.5,52.5,False,False
Rajasthan,Churu,Characteristics of Adults (age 15-49 years),14,Women who have ever used the internet (%),75.9,35.3,False,False
Rajasthan,Churu,Characteristics of Adults (age 15-49 years),15,Men who have ever used the internet (%),70.6,63.2,False,False
Rajasthan,Churu,Marriage and Fertility,16,Women age 20-24 years married before age 18 years (%),20.8,27.9,False,False
Rajasthan,Churu,Marriage and Fertility,17,Men age 25-29 years married before age 21 years (%),*,*,True,False
Rajasthan,Churu,Marriage and Fertility,18,Three or more births in the 5 years preceding the survey (%),2.6,3.4,False,False
Rajasthan,Churu,Marriage and Fertility,19,Women age 15-19 years who were already mothers or pregnant at the time of the survey (%),3.2,4.2,False,False
Rajasthan,Churu,Marriage and Fertility,20,Any method2 (%),68.9,76.7,False,False
Rajasthan,Churu,Marriage and Fertility,21,Any modern method2 (%),48.9,68.4,False,False
Rajasthan,Churu,Marriage and Fertility,22,Any traditional method (%),20.0,8.3,False,False
Rajasthan,Churu,Marriage and Fertility,23,Female sterilization (%),34.9,43.5,False,False
Rajasthan,Churu,Marriage and Fertility,24,Male sterilization (%),1.6,1.7,False,False
Rajasthan,Churu,Marriage and Fertility,25,Total unmet need3 (%),9.4,7.6,False,False
Rajasthan,Churu,Marriage and Fertility,26,Unmet need for spacing3 (%),4.1,3.6,False,False
Rajasthan,Churu,Marriage and Fertility,27,Unmet need for limiting3 (%),5.3,4.0,False,False
Rajasthan,Churu,Antenatal Care (for last birth in the 5 years before the survey),28,Mothers who had an antenatal check-up in the first trimester (%),83.7,72.4,False,False
Rajasthan,Churu,Antenatal Care (for last birth in the 5 years before the survey),29,Mothers who had any antenatal care visits (%),98.6,90.6,False,False
Rajasthan,Churu,Antenatal Care (for last birth in the 5 years before the survey),30,Mothers who had at least 4 antenatal care visits (%),73.2,45.0,False,False
Rajasthan,Churu,Antenatal Care (for last birth in the 5 years before the survey),31,Mothers whose last birth was protected against neonatal tetanus4 (%),95.5,87.3,False,False
Rajasthan,Churu,Antenatal Care (for last birth in the 5 years before the survey),32,Mothers who consumed iron folic acid for 100 days or more when they were pregnant (%),51.8,31.4,False,False
Rajasthan,Churu,Antenatal Care (for last birth in the 5 years before the survey),33,Mothers who consumed iron folic acid for 180 days or more when they were pregnant (%),26.9,12.9,False,False
Rajasthan,Churu,Antenatal Care (for last birth in the 5 years before the survey),34,Registered pregnancies for which the mother received a Mother and Child Protection (MCP) card (%),98.3,97.4,False,False
Rajasthan,Churu,Delivery Care (for births in the 5 years before the survey),35,Institutional births (%),90.7,87.8,False,False
Rajasthan,Churu,Delivery Care (for births in the 5 years before the survey),36,Institutional births in public facility (%),59.9,67.4,False,False
Rajasthan,Churu,Delivery Care (for births in the 5 years before the survey),37,Births attended by skilled health personnel5 (%),93.5,89.9,False,False
Rajasthan,Churu,Delivery Care (for births in the 5 years before the survey),38,Births delivered by caesarean section (%),11.9,8.2,False,False
Rajasthan,Churu,Delivery Care (for births in the 5 years before the survey),39,Births in a private health facility that were delivered by caesarean section (%),29.6,23.8,False,False
Rajasthan,Churu,Delivery Care (for births in the 5 years before the survey),40,Births in a public health facility that were delivered by caesarean section (%),4.7,4.9,False,False
Rajasthan,Churu,Postnatal Care (for last birth in the 5 years before the survey),41,Mothers who received postnatal care from a doctor/nurse/LHV/ANM/midwife/other health personnel within 2,80.9,73.9,False,False
Rajasthan,Churu,Postnatal Care (for last birth in the 5 years before the survey),42,Children born at home who were taken to a health facility for a check-up within 24 hours of birth (%),0.0,2.2,True,False
Rajasthan,Churu,Postnatal Care (for last birth in the 5 years before the survey),43,Children who received postnatal care from a doctor/nurse/LHV/ANM/midwife/other health personnel within 2,86.3,75.2,False,False
Rajasthan,Churu,Child Vaccinations and Vitamin A Supplementation,44,Children age 12-23 months fully vaccinated based on information from either vaccination card or mother's,77.1,74.3,False,False
Rajasthan,Churu,Child Vaccinations and Vitamin A Supplementation,45,Children age 12-23 months fully vaccinated based on information from vaccination card only7 (%),80.0,82.4,False,False
Rajasthan,Churu,Child Vaccinations and Vitamin A Supplementation,46,Children age 12-23 months who have received any vaccine (%),85.5,95.8,False,False
Rajasthan,Churu,Child Vaccinations and Vitamin A Supplementation,47,Children age 12-23 months who have received BCG (%),80.6,93.0,False,False
Rajasthan,Churu,Child Vaccinations and Vitamin A Supplementation,48,Children age 12-23 months who have received 3 doses of polio vaccine8 (%),82.0,79.1,False,False
Rajasthan,Churu,Child Vaccinations and Vitamin A Supplementation,49,Children age 12-23 months who have received 3 doses of pentavalent vaccine (%),84.5,88.2,False,False
Rajasthan,Churu,Child Vaccinations and Vitamin A Supplementation,50,Children age 12-23 months who have received the first dose of measles-containing vaccine (MCV) (%),84.5,88.1,False,False
Rajasthan,Churu,Child Vaccinations and Vitamin A Supplementation,51,Children age 24-35 months who have received a second dose of measles-containing vaccine (MCV) (%),49.0,47.5,False,False
Rajasthan,Churu,Child Vaccinations and Vitamin A Supplementation,52,Children age 12-23 months who have received birth dose of hepatitis B vaccine (%),60.2,60.0,False,False
Rajasthan,Churu,Child Vaccinations and Vitamin A Supplementation,53,Children age 12-23 months who have received 3 doses of rotavirus vaccine (%),79.4,52.5,False,False
Rajasthan,Churu,Child Vaccinations and Vitamin A Supplementation,54,Children age 9-35 months who received a vitamin A dose in the last 6 months (%),76.8,61.4,False,False
Rajasthan,Churu,Child Vaccinations and Vitamin A Supplementation,55,Children age 12-23 months who received most of their vaccinations in a public health facility (%),98.8,100.0,False,False
Rajasthan,Churu,Child Vaccinations and Vitamin A Supplementation,56,Children age 12-23 months who received most of their vaccinations in a private health facility (%),1.2,0.0,False,False
Rajasthan,Churu,Treatment of Childhood Diseases (children under age 5 years),57,Prevalence of diarrhoea in the 2 weeks preceding the survey (%),1.7,6.2,False,False
Rajasthan,Churu,Treatment of Childhood Diseases (children under age 5 years),58,Prevalence of symptoms of acute respiratory infection (ARI) in the 2 weeks preceding the survey (%),0.7,5.2,False,False
Rajasthan,Churu,Treatment of Childhood Diseases (children under age 5 years),59,Children with fever or symptoms of ARI in the 2 weeks preceding the survey taken to a health facility or,*,73.8,True,False
Rajasthan,Churu,Child Feeding Practices and Nutritional Status of Children,60,Children under age 3 years breastfed within one hour of birth9 (%),59.4,39.7,False,False
Rajasthan,Churu,Child Feeding Practices and Nutritional Status of Children,61,Children under age 6 months exclusively breastfed10 (%),72.5,62.0,True,False
Rajasthan,Churu,Child Feeding Practices and Nutritional Status of Children,62,Children under age 6 months currently breastfeeding10 (%),100.0,92.5,True,False
Rajasthan,Churu,Child Feeding Practices and Nutritional Status of Children,63,Children under age 6 months exclusively breastfed or breastfeeding and consuming plain water/other,98.2,74.7,True,False
Rajasthan,Churu,Child Feeding Practices and Nutritional Status of Children,64,Children age 6-8 months receiving solid or semi-solid food and breastmilk10 (%),*,*,True,False
Rajasthan,Churu,Child Feeding Practices and Nutritional Status of Children,65,"Breastfeeding children age 6-23 months receiving an adequate diet10, 11 (%)",8.5,10.6,False,False
Rajasthan,Churu,Child Feeding Practices and Nutritional Status of Children,66,"Non-breastfeeding children age 6-23 months receiving an adequate diet10, 11 (%)",*,*,True,False
Rajasthan,Churu,Child Feeding Practices and Nutritional Status of Children,67,"Total children age 6-23 months receiving an adequate diet10, 11 (%)",8.2,11.2,False,False
Rajasthan,Churu,Child Feeding Practices and Nutritional Status of Children,68,Children under 5 years who are stunted (height-for-age)12 (%),23.5,27.1,False,False
Rajasthan,Churu,Child Feeding Practices and Nutritional Status of Children,69,Children under 5 years who are wasted (weight-for-height)12 (%),12.2,16.5,False,False
Rajasthan,Churu,Child Feeding Practices and Nutritional Status of Children,70,Children under 5 years who are severely wasted (weight-for-height)13 (%),3.2,5.2,False,False
Rajasthan,Churu,Child Feeding Practices and Nutritional Status of Children,71,Children under 5 years who are underweight (weight-for-age)12 (%),22.4,23.4,False,False
Rajasthan,Churu,Child Feeding Practices and Nutritional Status of Children,72,Children under 5 years who are overweight (weight-for-height)14 (%),1.4,4.0,False,False
Rajasthan,Churu,Nutritional Status of Adults (age 15-49 years),73,Women whose Body Mass Index (BMI) is below normal (BMI <18.5 kg/m2)15 (%),25.9,20.3,False,False
Rajasthan,Churu,Nutritional Status of Adults (age 15-49 years),74,Women who are overweight or obese (BMI ≥25.0 kg/m2)15 (%),23.3,20.3,False,False
Rajasthan,Churu,Women,75,Blood sugar level - high (141-160 mg/dl)16 (%),5.4,2.9,False,False
Rajasthan,Churu,Women,76,Blood sugar level - very high (>160 mg/dl)16 (%),4.1,2.6,False,False
Rajasthan,Churu,Women,77,Blood sugar level - high or very high (>140 mg/dl) or taking medicine to control blood sugar level16 (%),10.1,6.2,False,False
Rajasthan,Churu,Men,78,Blood sugar level - high (141-160 mg/dl)16 (%),6.4,3.6,False,False
Rajasthan,Churu,Men,79,Blood sugar level - very high (>160 mg/dl)16 (%),5.3,4.0,False,False
Rajasthan,Churu,Men,80,Blood sugar level - high or very high (>140 mg/dl) or taking medicine to control blood sugar level16 (%),12.4,8.9,False,False
Rajasthan,Churu,Women,81,Mildly elevated blood pressure (Systolic 140-159 mm of Hg and/or Diastolic 90-99 mm of Hg) (%),8.3,12.7,False,False
Rajasthan,Churu,Women,82,Moderately or severely elevated blood pressure (Systolic ≥160 mm of Hg and/or Diastolic ≥100 mm,2.4,5.4,False,False
Rajasthan,Churu,Women,83,Elevated blood pressure (Systolic ≥140 mm of Hg and/or Diastolic ≥90 mm of Hg) or taking medicine to,14.2,21.2,False,False
Rajasthan,Churu,Men,84,Mildly elevated blood pressure (Systolic 140-159 mm of Hg and/or Diastolic 90-99 mm of Hg) (%),11.9,16.6,False,False
Rajasthan,Churu,Men,85,Moderately or severely elevated blood pressure (Systolic ≥160 mm of Hg and/or Diastolic ≥100 mm,4.5,6.5,False,False
Rajasthan,Churu,Men,86,Elevated blood pressure (Systolic ≥140 mm of Hg and/or Diastolic ≥90 mm of Hg) or taking medicine to,17.9,25.4,False,False
Rajasthan,Churu,Men,87,Women having a bank or savings account that they themselves use (%),82.9,79.0,False,False
Rajasthan,Churu,Men,88,Women having a mobile phone that they themselves use (%),61.7,48.2,False,False
Rajasthan,Churu,Men,89,Women age 15-24 years who use hygienic methods of protection during their menstrual period17 (%),95.0,87.9,False,False
Rajasthan,Churu,Tobacco Use and Alcohol Consumption among Adults (age 15 years and above),90,Women age 15 years and above who use any kind of tobacco (%),6.5,5.0,False,False
Rajasthan,Churu,Tobacco Use and Alcohol Consumption among Adults (age 15 years and above),91,Men age 15 years and above who use any kind of tobacco (%),45.3,39.9,False,False
Rajasthan,Churu,Tobacco Use and Alcohol Consumption among Adults (age 15 years and above),92,Women age 15 years and above who consume alcohol (%),0.2,0.4,False,False
Rajasthan,Churu,Tobacco Use and Alcohol Consumption among Adults (age 15 years and above),93,Men age 15 years and above who consume alcohol (%),8.2,9.1,False,False
Rajasthan,Dausa,Population and Household Profile,1,Population below age 5 years (%),8.4,8.5,False,False
Rajasthan,Dausa,Population and Household Profile,2,Population below age 15 years (%),27.1,29.2,False,False
Rajasthan,Dausa,Population and Household Profile,3,Population age 60 years and above (%),12.0,11.2,False,False
Rajasthan,Dausa,Population and Household Profile,4,Population living in households with electricity (%),99.3,99.0,False,False
Rajasthan,Dausa,Population and Household Profile,5,Population living in households with an improved drinking-water source1 (%),98.0,99.4,False,False
Rajasthan,Dausa,Population and Household Profile,6,Households using iodized salt (%),96.6,92.8,False,False
Rajasthan,Dausa,Population and Household Profile,7,Households with any usual member covered under a health insurance/financing scheme (%),91.4,91.2,False,False
Rajasthan,Dausa,Population and Household Profile,8,Households with any usual member having a bank account/post office account (%),99.3,98.2,False,False
Rajasthan,Dausa,Population and Household Profile,9,Female population age 6 years and above who ever attended school (%),65.1,59.4,False,False
Rajasthan,Dausa,Population and Household Profile,10,Households with any usual female members owning a house and/or land (alone or jointly with others) (%),12.1,9.9,False,False
Rajasthan,Dausa,Population and Household Profile,11,Children age 2-4 years who attended pre-school (%),44.9,34.2,False,False
Rajasthan,Dausa,Characteristics of Adults (age 15-49 years),12,Women with 10 or more years of schooling (%),44.8,34.6,False,False
Rajasthan,Dausa,Characteristics of Adults (age 15-49 years),13,Men with 10 or more years of schooling (%),73.7,63.9,False,False
Rajasthan,Dausa,Characteristics of Adults (age 15-49 years),14,Women who have ever used the internet (%),58.8,21.3,False,False
Rajasthan,Dausa,Characteristics of Adults (age 15-49 years),15,Men who have ever used the internet (%),84.3,61.3,False,False
Rajasthan,Dausa,Marriage and Fertility,16,Women age 20-24 years married before age 18 years (%),27.1,26.3,False,False
Rajasthan,Dausa,Marriage and Fertility,17,Men age 25-29 years married before age 21 years (%),23.6,*,True,False
Rajasthan,Dausa,Marriage and Fertility,18,Three or more births in the 5 years preceding the survey (%),4.5,4.2,False,False
Rajasthan,Dausa,Marriage and Fertility,19,Women age 15-19 years who were already mothers or pregnant at the time of the survey (%),6.5,3.0,False,False
Rajasthan,Dausa,Marriage and Fertility,20,Any method2 (%),77.6,80.0,False,False
Rajasthan,Dausa,Marriage and Fertility,21,Any modern method2 (%),59.6,68.7,False,False
Rajasthan,Dausa,Marriage and Fertility,22,Any traditional method (%),18.0,11.3,False,False
Rajasthan,Dausa,Marriage and Fertility,23,Female sterilization (%),46.7,54.6,False,False
Rajasthan,Dausa,Marriage and Fertility,24,Male sterilization (%),0.0,0.3,False,False
Rajasthan,Dausa,Marriage and Fertility,25,Total unmet need3 (%),6.7,5.2,False,False
Rajasthan,Dausa,Marriage and Fertility,26,Unmet need for spacing3 (%),4.2,3.1,False,False
Rajasthan,Dausa,Marriage and Fertility,27,Unmet need for limiting3 (%),2.5,2.1,False,False
Rajasthan,Dausa,Antenatal Care (for last birth in the 5 years before the survey),28,Mothers who had an antenatal check-up in the first trimester (%),81.3,81.0,False,False
Rajasthan,Dausa,Antenatal Care (for last birth in the 5 years before the survey),29,Mothers who had any antenatal care visits (%),98.8,96.2,False,False
Rajasthan,Dausa,Antenatal Care (for last birth in the 5 years before the survey),30,Mothers who had at least 4 antenatal care visits (%),66.9,53.6,False,False
Rajasthan,Dausa,Antenatal Care (for last birth in the 5 years before the survey),31,Mothers whose last birth was protected against neonatal tetanus4 (%),96.5,92.1,False,False
Rajasthan,Dausa,Antenatal Care (for last birth in the 5 years before the survey),32,Mothers who consumed iron folic acid for 100 days or more when they were pregnant (%),45.2,16.3,False,False
Rajasthan,Dausa,Antenatal Care (for last birth in the 5 years before the survey),33,Mothers who consumed iron folic acid for 180 days or more when they were pregnant (%),30.0,4.9,False,False
Rajasthan,Dausa,Antenatal Care (for last birth in the 5 years before the survey),34,Registered pregnancies for which the mother received a Mother and Child Protection (MCP) card (%),96.2,98.3,False,False
Rajasthan,Dausa,Delivery Care (for births in the 5 years before the survey),35,Institutional births (%),98.4,98.2,False,False
Rajasthan,Dausa,Delivery Care (for births in the 5 years before the survey),36,Institutional births in public facility (%),57.0,74.3,False,False
Rajasthan,Dausa,Delivery Care (for births in the 5 years before the survey),37,Births attended by skilled health personnel5 (%),97.9,96.1,False,False
Rajasthan,Dausa,Delivery Care (for births in the 5 years before the survey),38,Births delivered by caesarean section (%),13.6,8.8,False,False
Rajasthan,Dausa,Delivery Care (for births in the 5 years before the survey),39,Births in a private health facility that were delivered by caesarean section (%),20.8,18.4,False,False
Rajasthan,Dausa,Delivery Care (for births in the 5 years before the survey),40,Births in a public health facility that were delivered by caesarean section (%),8.8,5.9,False,False
Rajasthan,Dausa,Postnatal Care (for last birth in the 5 years before the survey),41,Mothers who received postnatal care from a doctor/nurse/LHV/ANM/midwife/other health personnel within 2,85.8,89.7,False,False
Rajasthan,Dausa,Postnatal Care (for last birth in the 5 years before the survey),42,Children born at home who were taken to a health facility for a check-up within 24 hours of birth (%),*,*,True,False
Rajasthan,Dausa,Postnatal Care (for last birth in the 5 years before the survey),43,Children who received postnatal care from a doctor/nurse/LHV/ANM/midwife/other health personnel within 2,91.9,93.1,False,False
Rajasthan,Dausa,Child Vaccinations and Vitamin A Supplementation,44,Children age 12-23 months fully vaccinated based on information from either vaccination card or mother's,76.4,92.1,False,False
Rajasthan,Dausa,Child Vaccinations and Vitamin A Supplementation,45,Children age 12-23 months fully vaccinated based on information from vaccination card only7 (%),79.4,87.4,False,False
Rajasthan,Dausa,Child Vaccinations and Vitamin A Supplementation,46,Children age 12-23 months who have received any vaccine (%),98.8,100.0,False,False
Rajasthan,Dausa,Child Vaccinations and Vitamin A Supplementation,47,Children age 12-23 months who have received BCG (%),97.9,98.5,False,False
Rajasthan,Dausa,Child Vaccinations and Vitamin A Supplementation,48,Children age 12-23 months who have received 3 doses of polio vaccine8 (%),84.6,95.0,False,False
Rajasthan,Dausa,Child Vaccinations and Vitamin A Supplementation,49,Children age 12-23 months who have received 3 doses of pentavalent vaccine (%),87.5,96.2,False,False
Rajasthan,Dausa,Child Vaccinations and Vitamin A Supplementation,50,Children age 12-23 months who have received the first dose of measles-containing vaccine (MCV) (%),93.6,96.1,False,False
Rajasthan,Dausa,Child Vaccinations and Vitamin A Supplementation,51,Children age 24-35 months who have received a second dose of measles-containing vaccine (MCV) (%),64.3,53.3,False,False
Rajasthan,Dausa,Child Vaccinations and Vitamin A Supplementation,52,Children age 12-23 months who have received birth dose of hepatitis B vaccine (%),77.9,88.4,False,False
Rajasthan,Dausa,Child Vaccinations and Vitamin A Supplementation,53,Children age 12-23 months who have received 3 doses of rotavirus vaccine (%),89.4,82.8,False,False
Rajasthan,Dausa,Child Vaccinations and Vitamin A Supplementation,54,Children age 9-35 months who received a vitamin A dose in the last 6 months (%),54.6,60.2,False,False
Rajasthan,Dausa,Child Vaccinations and Vitamin A Supplementation,55,Children age 12-23 months who received most of their vaccinations in a public health facility (%),95.3,100.0,False,False
Rajasthan,Dausa,Child Vaccinations and Vitamin A Supplementation,56,Children age 12-23 months who received most of their vaccinations in a private health facility (%),2.3,0.0,False,False
Rajasthan,Dausa,Treatment of Childhood Diseases (children under age 5 years),57,Prevalence of diarrhoea in the 2 weeks preceding the survey (%),8.1,7.3,False,False
Rajasthan,Dausa,Treatment of Childhood Diseases (children under age 5 years),58,Prevalence of symptoms of acute respiratory infection (ARI) in the 2 weeks preceding the survey (%),1.0,4.4,False,False
Rajasthan,Dausa,Treatment of Childhood Diseases (children under age 5 years),59,Children with fever or symptoms of ARI in the 2 weeks preceding the survey taken to a health facility or,76.8,71.0,False,False
Rajasthan,Dausa,Child Feeding Practices and Nutritional Status of Children,60,Children under age 3 years breastfed within one hour of birth9 (%),41.1,36.7,False,False
Rajasthan,Dausa,Child Feeding Practices and Nutritional Status of Children,61,Children under age 6 months exclusively breastfed10 (%),33.0,72.8,True,False
Rajasthan,Dausa,Child Feeding Practices and Nutritional Status of Children,62,Children under age 6 months currently breastfeeding10 (%),93.9,100.0,True,False
Rajasthan,Dausa,Child Feeding Practices and Nutritional Status of Children,63,Children under age 6 months exclusively breastfed or breastfeeding and consuming plain water/other,89.9,100.0,True,False
Rajasthan,Dausa,Child Feeding Practices and Nutritional Status of Children,64,Children age 6-8 months receiving solid or semi-solid food and breastmilk10 (%),*,*,True,False
Rajasthan,Dausa,Child Feeding Practices and Nutritional Status of Children,65,"Breastfeeding children age 6-23 months receiving an adequate diet10, 11 (%)",11.8,6.7,False,False
Rajasthan,Dausa,Child Feeding Practices and Nutritional Status of Children,66,"Non-breastfeeding children age 6-23 months receiving an adequate diet10, 11 (%)",19.4,*,True,False
Rajasthan,Dausa,Child Feeding Practices and Nutritional Status of Children,67,"Total children age 6-23 months receiving an adequate diet10, 11 (%)",13.2,5.8,False,False
Rajasthan,Dausa,Child Feeding Practices and Nutritional Status of Children,68,Children under 5 years who are stunted (height-for-age)12 (%),28.6,37.7,False,False
Rajasthan,Dausa,Child Feeding Practices and Nutritional Status of Children,69,Children under 5 years who are wasted (weight-for-height)12 (%),18.9,20.7,False,False
Rajasthan,Dausa,Child Feeding Practices and Nutritional Status of Children,70,Children under 5 years who are severely wasted (weight-for-height)13 (%),5.7,9.7,False,False
Rajasthan,Dausa,Child Feeding Practices and Nutritional Status of Children,71,Children under 5 years who are underweight (weight-for-age)12 (%),30.5,33.5,False,False
Rajasthan,Dausa,Child Feeding Practices and Nutritional Status of Children,72,Children under 5 years who are overweight (weight-for-height)14 (%),1.1,2.2,False,False
Rajasthan,Dausa,Nutritional Status of Adults (age 15-49 years),73,Women whose Body Mass Index (BMI) is below normal (BMI <18.5 kg/m2)15 (%),24.5,22.7,False,False
Rajasthan,Dausa,Nutritional Status of Adults (age 15-49 years),74,Women who are overweight or obese (BMI ≥25.0 kg/m2)15 (%),17.5,9.1,False,False
Rajasthan,Dausa,Women,75,Blood sugar level - high (141-160 mg/dl)16 (%),4.7,4.4,False,False
Rajasthan,Dausa,Women,76,Blood sugar level - very high (>160 mg/dl)16 (%),4.1,2.6,False,False
Rajasthan,Dausa,Women,77,Blood sugar level - high or very high (>140 mg/dl) or taking medicine to control blood sugar level16 (%),9.1,7.4,False,False
Rajasthan,Dausa,Men,78,Blood sugar level - high (141-160 mg/dl)16 (%),6.8,5.5,False,False
Rajasthan,Dausa,Men,79,Blood sugar level - very high (>160 mg/dl)16 (%),4.1,2.6,False,False
Rajasthan,Dausa,Men,80,Blood sugar level - high or very high (>140 mg/dl) or taking medicine to control blood sugar level16 (%),11.8,8.5,False,False
Rajasthan,Dausa,Women,81,Mildly elevated blood pressure (Systolic 140-159 mm of Hg and/or Diastolic 90-99 mm of Hg) (%),6.7,7.8,False,False
Rajasthan,Dausa,Women,82,Moderately or severely elevated blood pressure (Systolic ≥160 mm of Hg and/or Diastolic ≥100 mm,3.6,3.0,False,False
Rajasthan,Dausa,Women,83,Elevated blood pressure (Systolic ≥140 mm of Hg and/or Diastolic ≥90 mm of Hg) or taking medicine to,12.5,12.2,False,False
Rajasthan,Dausa,Men,84,Mildly elevated blood pressure (Systolic 140-159 mm of Hg and/or Diastolic 90-99 mm of Hg) (%),8.0,11.0,False,False
Rajasthan,Dausa,Men,85,Moderately or severely elevated blood pressure (Systolic ≥160 mm of Hg and/or Diastolic ≥100 mm,3.9,4.0,False,False
Rajasthan,Dausa,Men,86,Elevated blood pressure (Systolic ≥140 mm of Hg and/or Diastolic ≥90 mm of Hg) or taking medicine to,13.1,16.1,False,False
Rajasthan,Dausa,Men,87,Women having a bank or savings account that they themselves use (%),89.2,81.1,False,False
Rajasthan,Dausa,Men,88,Women having a mobile phone that they themselves use (%),45.8,34.6,False,False
Rajasthan,Dausa,Men,89,Women age 15-24 years who use hygienic methods of protection during their menstrual period17 (%),94.3,86.9,False,False
Rajasthan,Dausa,Tobacco Use and Alcohol Consumption among Adults (age 15 years and above),90,Women age 15 years and above who use any kind of tobacco (%),14.4,15.8,False,False
Rajasthan,Dausa,Tobacco Use and Alcohol Consumption among Adults (age 15 years and above),91,Men age 15 years and above who use any kind of tobacco (%),40.6,47.5,False,False
Rajasthan,Dausa,Tobacco Use and Alcohol Consumption among Adults (age 15 years and above),92,Women age 15 years and above who consume alcohol (%),0.3,0.2,False,False
Rajasthan,Dausa,Tobacco Use and Alcohol Consumption among Adults (age 15 years and above),93,Men age 15 years and above who consume alcohol (%),6.8,7.2,False,False
Rajasthan,Dholpur,Population and Household Profile,1,Population below age 5 years (%),11.2,11.2,False,False
Rajasthan,Dholpur,Population and Household Profile,2,Population below age 15 years (%),35.6,34.9,False,False
Rajasthan,Dholpur,Population and Household Profile,3,Population age 60 years and above (%),10.0,9.3,False,False
Rajasthan,Dholpur,Population and Household Profile,4,Population living in households with electricity (%),98.1,97.5,False,False
Rajasthan,Dholpur,Population and Household Profile,5,Population living in households with an improved drinking-water source1 (%),97.3,94.8,False,False
Rajasthan,Dholpur,Population and Household Profile,6,Households using iodized salt (%),78.2,78.0,False,False
Rajasthan,Dholpur,Population and Household Profile,7,Households with any usual member covered under a health insurance/financing scheme (%),89.7,89.0,False,False
Rajasthan,Dholpur,Population and Household Profile,8,Households with any usual member having a bank account/post office account (%),99.1,96.8,False,False
Rajasthan,Dholpur,Population and Household Profile,9,Female population age 6 years and above who ever attended school (%),67.3,63.2,False,False
Rajasthan,Dholpur,Population and Household Profile,10,Households with any usual female members owning a house and/or land (alone or jointly with others) (%),14.3,10.0,False,False
Rajasthan,Dholpur,Population and Household Profile,11,Children age 2-4 years who attended pre-school (%),39.9,31.6,False,False
Rajasthan,Dholpur,Characteristics of Adults (age 15-49 years),12,Women with 10 or more years of schooling (%),29.6,27.0,False,False
Rajasthan,Dholpur,Characteristics of Adults (age 15-49 years),13,Men with 10 or more years of schooling (%),39.5,41.9,False,False
Rajasthan,Dholpur,Characteristics of Adults (age 15-49 years),14,Women who have ever used the internet (%),55.1,17.8,False,False
Rajasthan,Dholpur,Characteristics of Adults (age 15-49 years),15,Men who have ever used the internet (%),70.5,37.4,False,False
Rajasthan,Dholpur,Marriage and Fertility,16,Women age 20-24 years married before age 18 years (%),23.2,29.6,False,False
Rajasthan,Dholpur,Marriage and Fertility,17,Men age 25-29 years married before age 21 years (%),47.7,*,True,False
Rajasthan,Dholpur,Marriage and Fertility,18,Three or more births in the 5 years preceding the survey (%),5.2,6.0,False,False
Rajasthan,Dholpur,Marriage and Fertility,19,Women age 15-19 years who were already mothers or pregnant at the time of the survey (%),5.2,7.2,False,False
Rajasthan,Dholpur,Marriage and Fertility,20,Any method2 (%),71.3,67.9,False,False
Rajasthan,Dholpur,Marriage and Fertility,21,Any modern method2 (%),43.8,52.9,False,False
Rajasthan,Dholpur,Marriage and Fertility,22,Any traditional method (%),27.5,15.0,False,False
Rajasthan,Dholpur,Marriage and Fertility,23,Female sterilization (%),35.6,35.1,False,False
Rajasthan,Dholpur,Marriage and Fertility,24,Male sterilization (%),0.0,0.0,False,False
Rajasthan,Dholpur,Marriage and Fertility,25,Total unmet need3 (%),8.8,10.9,False,False
Rajasthan,Dholpur,Marriage and Fertility,26,Unmet need for spacing3 (%),5.0,4.5,False,False
Rajasthan,Dholpur,Marriage and Fertility,27,Unmet need for limiting3 (%),3.8,6.4,False,False
Rajasthan,Dholpur,Antenatal Care (for last birth in the 5 years before the survey),28,Mothers who had an antenatal check-up in the first trimester (%),72.4,67.9,False,False
Rajasthan,Dholpur,Antenatal Care (for last birth in the 5 years before the survey),29,Mothers who had any antenatal care visits (%),94.9,91.3,False,False
Rajasthan,Dholpur,Antenatal Care (for last birth in the 5 years before the survey),30,Mothers who had at least 4 antenatal care visits (%),44.0,42.4,False,False
Rajasthan,Dholpur,Antenatal Care (for last birth in the 5 years before the survey),31,Mothers whose last birth was protected against neonatal tetanus4 (%),92.9,91.5,False,False
Rajasthan,Dholpur,Antenatal Care (for last birth in the 5 years before the survey),32,Mothers who consumed iron folic acid for 100 days or more when they were pregnant (%),19.0,21.3,False,False
Rajasthan,Dholpur,Antenatal Care (for last birth in the 5 years before the survey),33,Mothers who consumed iron folic acid for 180 days or more when they were pregnant (%),8.8,4.7,False,False
Rajasthan,Dholpur,Antenatal Care (for last birth in the 5 years before the survey),34,Registered pregnancies for which the mother received a Mother and Child Protection (MCP) card (%),96.2,97.1,False,False
Rajasthan,Dholpur,Delivery Care (for births in the 5 years before the survey),35,Institutional births (%),95.4,94.4,False,False
Rajasthan,Dholpur,Delivery Care (for births in the 5 years before the survey),36,Institutional births in public facility (%),84.3,86.1,False,False
Rajasthan,Dholpur,Delivery Care (for births in the 5 years before the survey),37,Births attended by skilled health personnel5 (%),95.9,94.2,False,False
Rajasthan,Dholpur,Delivery Care (for births in the 5 years before the survey),38,Births delivered by caesarean section (%),10.1,5.9,False,False
Rajasthan,Dholpur,Delivery Care (for births in the 5 years before the survey),39,Births in a private health facility that were delivered by caesarean section (%),57.2,26.3,True,False
Rajasthan,Dholpur,Delivery Care (for births in the 5 years before the survey),40,Births in a public health facility that were delivered by caesarean section (%),4.5,4.3,False,False
Rajasthan,Dholpur,Postnatal Care (for last birth in the 5 years before the survey),41,Mothers who received postnatal care from a doctor/nurse/LHV/ANM/midwife/other health personnel within 2,85.5,79.4,False,False
Rajasthan,Dholpur,Postnatal Care (for last birth in the 5 years before the survey),42,Children born at home who were taken to a health facility for a check-up within 24 hours of birth (%),*,*,True,False
Rajasthan,Dholpur,Postnatal Care (for last birth in the 5 years before the survey),43,Children who received postnatal care from a doctor/nurse/LHV/ANM/midwife/other health personnel within 2,87.2,84.9,False,False
Rajasthan,Dholpur,Child Vaccinations and Vitamin A Supplementation,44,Children age 12-23 months fully vaccinated based on information from either vaccination card or mother's,84.5,85.9,False,False
Rajasthan,Dholpur,Child Vaccinations and Vitamin A Supplementation,45,Children age 12-23 months fully vaccinated based on information from vaccination card only7 (%),81.4,79.8,False,False
Rajasthan,Dholpur,Child Vaccinations and Vitamin A Supplementation,46,Children age 12-23 months who have received any vaccine (%),97.4,100.0,False,False
Rajasthan,Dholpur,Child Vaccinations and Vitamin A Supplementation,47,Children age 12-23 months who have received BCG (%),96.6,98.3,False,False
Rajasthan,Dholpur,Child Vaccinations and Vitamin A Supplementation,48,Children age 12-23 months who have received 3 doses of polio vaccine8 (%),91.3,89.7,False,False
Rajasthan,Dholpur,Child Vaccinations and Vitamin A Supplementation,49,Children age 12-23 months who have received 3 doses of pentavalent vaccine (%),90.9,94.3,False,False
Rajasthan,Dholpur,Child Vaccinations and Vitamin A Supplementation,50,Children age 12-23 months who have received the first dose of measles-containing vaccine (MCV) (%),93.1,97.0,False,False
Rajasthan,Dholpur,Child Vaccinations and Vitamin A Supplementation,51,Children age 24-35 months who have received a second dose of measles-containing vaccine (MCV) (%),67.5,48.3,False,False
Rajasthan,Dholpur,Child Vaccinations and Vitamin A Supplementation,52,Children age 12-23 months who have received birth dose of hepatitis B vaccine (%),90.3,80.9,False,False
Rajasthan,Dholpur,Child Vaccinations and Vitamin A Supplementation,53,Children age 12-23 months who have received 3 doses of rotavirus vaccine (%),86.4,79.6,False,False
Rajasthan,Dholpur,Child Vaccinations and Vitamin A Supplementation,54,Children age 9-35 months who received a vitamin A dose in the last 6 months (%),55.5,63.0,False,False
Rajasthan,Dholpur,Child Vaccinations and Vitamin A Supplementation,55,Children age 12-23 months who received most of their vaccinations in a public health facility (%),95.0,97.3,False,False
Rajasthan,Dholpur,Child Vaccinations and Vitamin A Supplementation,56,Children age 12-23 months who received most of their vaccinations in a private health facility (%),1.5,1.1,False,False
Rajasthan,Dholpur,Treatment of Childhood Diseases (children under age 5 years),57,Prevalence of diarrhoea in the 2 weeks preceding the survey (%),14.5,10.8,False,False
Rajasthan,Dholpur,Treatment of Childhood Diseases (children under age 5 years),58,Prevalence of symptoms of acute respiratory infection (ARI) in the 2 weeks preceding the survey (%),1.0,6.0,False,False
Rajasthan,Dholpur,Treatment of Childhood Diseases (children under age 5 years),59,Children with fever or symptoms of ARI in the 2 weeks preceding the survey taken to a health facility or,65.1,69.2,False,False
Rajasthan,Dholpur,Child Feeding Practices and Nutritional Status of Children,60,Children under age 3 years breastfed within one hour of birth9 (%),29.7,41.0,False,False
Rajasthan,Dholpur,Child Feeding Practices and Nutritional Status of Children,61,Children under age 6 months exclusively breastfed10 (%),30.3,77.9,True,False
Rajasthan,Dholpur,Child Feeding Practices and Nutritional Status of Children,62,Children under age 6 months currently breastfeeding10 (%),95.2,100.0,True,False
Rajasthan,Dholpur,Child Feeding Practices and Nutritional Status of Children,63,Children under age 6 months exclusively breastfed or breastfeeding and consuming plain water/other,91.0,89.7,True,False
Rajasthan,Dholpur,Child Feeding Practices and Nutritional Status of Children,64,Children age 6-8 months receiving solid or semi-solid food and breastmilk10 (%),76.3,36.3,True,False
Rajasthan,Dholpur,Child Feeding Practices and Nutritional Status of Children,65,"Breastfeeding children age 6-23 months receiving an adequate diet10, 11 (%)",5.2,4.9,False,False
Rajasthan,Dholpur,Child Feeding Practices and Nutritional Status of Children,66,"Non-breastfeeding children age 6-23 months receiving an adequate diet10, 11 (%)",*,*,True,False
Rajasthan,Dholpur,Child Feeding Practices and Nutritional Status of Children,67,"Total children age 6-23 months receiving an adequate diet10, 11 (%)",4.7,5.8,False,False
Rajasthan,Dholpur,Child Feeding Practices and Nutritional Status of Children,68,Children under 5 years who are stunted (height-for-age)12 (%),45.0,45.7,False,False
Rajasthan,Dholpur,Child Feeding Practices and Nutritional Status of Children,69,Children under 5 years who are wasted (weight-for-height)12 (%),19.5,13.7,False,False
Rajasthan,Dholpur,Child Feeding Practices and Nutritional Status of Children,70,Children under 5 years who are severely wasted (weight-for-height)13 (%),5.4,6.3,False,False
Rajasthan,Dholpur,Child Feeding Practices and Nutritional Status of Children,71,Children under 5 years who are underweight (weight-for-age)12 (%),43.6,31.3,False,False
Rajasthan,Dholpur,Child Feeding Practices and Nutritional Status of Children,72,Children under 5 years who are overweight (weight-for-height)14 (%),1.0,5.6,False,False
Rajasthan,Dholpur,Nutritional Status of Adults (age 15-49 years),73,Women whose Body Mass Index (BMI) is below normal (BMI <18.5 kg/m2)15 (%),27.3,21.5,False,False
Rajasthan,Dholpur,Nutritional Status of Adults (age 15-49 years),74,Women who are overweight or obese (BMI ≥25.0 kg/m2)15 (%),15.8,11.7,False,False
Rajasthan,Dholpur,Women,75,Blood sugar level - high (141-160 mg/dl)16 (%),5.8,3.0,False,False
Rajasthan,Dholpur,Women,76,Blood sugar level - very high (>160 mg/dl)16 (%),3.7,2.6,False,False
Rajasthan,Dholpur,Women,77,Blood sugar level - high or very high (>140 mg/dl) or taking medicine to control blood sugar level16 (%),9.6,5.8,False,False
Rajasthan,Dholpur,Men,78,Blood sugar level - high (141-160 mg/dl)16 (%),8.2,4.0,False,False
Rajasthan,Dholpur,Men,79,Blood sugar level - very high (>160 mg/dl)16 (%),6.1,3.0,False,False
Rajasthan,Dholpur,Men,80,Blood sugar level - high or very high (>140 mg/dl) or taking medicine to control blood sugar level16 (%),14.3,7.3,False,False
Rajasthan,Dholpur,Women,81,Mildly elevated blood pressure (Systolic 140-159 mm of Hg and/or Diastolic 90-99 mm of Hg) (%),4.6,8.5,False,False
Rajasthan,Dholpur,Women,82,Moderately or severely elevated blood pressure (Systolic ≥160 mm of Hg and/or Diastolic ≥100 mm,2.7,3.7,False,False
Rajasthan,Dholpur,Women,83,Elevated blood pressure (Systolic ≥140 mm of Hg and/or Diastolic ≥90 mm of Hg) or taking medicine to,9.0,13.4,False,False
Rajasthan,Dholpur,Men,84,Mildly elevated blood pressure (Systolic 140-159 mm of Hg and/or Diastolic 90-99 mm of Hg) (%),6.8,10.3,False,False
Rajasthan,Dholpur,Men,85,Moderately or severely elevated blood pressure (Systolic ≥160 mm of Hg and/or Diastolic ≥100 mm,2.2,3.8,False,False
Rajasthan,Dholpur,Men,86,Elevated blood pressure (Systolic ≥140 mm of Hg and/or Diastolic ≥90 mm of Hg) or taking medicine to,10.3,15.1,False,False
Rajasthan,Dholpur,Men,87,Women having a bank or savings account that they themselves use (%),89.7,79.9,False,False
Rajasthan,Dholpur,Men,88,Women having a mobile phone that they themselves use (%),39.1,37.2,False,False
Rajasthan,Dholpur,Men,89,Women age 15-24 years who use hygienic methods of protection during their menstrual period17 (%),87.0,76.0,False,False
Rajasthan,Dholpur,Tobacco Use and Alcohol Consumption among Adults (age 15 years and above),90,Women age 15 years and above who use any kind of tobacco (%),10.3,9.9,False,False
Rajasthan,Dholpur,Tobacco Use and Alcohol Consumption among Adults (age 15 years and above),91,Men age 15 years and above who use any kind of tobacco (%),49.6,48.0,False,False
Rajasthan,Dholpur,Tobacco Use and Alcohol Consumption among Adults (age 15 years and above),92,Women age 15 years and above who consume alcohol (%),0.3,0.2,False,False
Rajasthan,Dholpur,Tobacco Use and Alcohol Consumption among Adults (age 15 years and above),93,Men age 15 years and above who consume alcohol (%),10.1,9.9,False,False
Rajasthan,Dungarpur,Population and Household Profile,1,Population below age 5 years (%),10.4,8.5,False,False
Rajasthan,Dungarpur,Population and Household Profile,2,Population below age 15 years (%),30.6,28.8,False,False
Rajasthan,Dungarpur,Population and Household Profile,3,Population age 60 years and above (%),12.2,8.3,False,False
Rajasthan,Dungarpur,Population and Household Profile,4,Population living in households with electricity (%),99.4,99.4,False,False
Rajasthan,Dungarpur,Population and Household Profile,5,Population living in households with an improved drinking-water source1 (%),95.0,94.1,False,False
Rajasthan,Dungarpur,Population and Household Profile,6,Households using iodized salt (%),95.7,96.6,False,False
Rajasthan,Dungarpur,Population and Household Profile,7,Households with any usual member covered under a health insurance/financing scheme (%),87.6,97.5,False,False
Rajasthan,Dungarpur,Population and Household Profile,8,Households with any usual member having a bank account/post office account (%),99.6,98.5,False,False
Rajasthan,Dungarpur,Population and Household Profile,9,Female population age 6 years and above who ever attended school (%),62.7,64.6,False,False
Rajasthan,Dungarpur,Population and Household Profile,10,Households with any usual female members owning a house and/or land (alone or jointly with others) (%),9.1,6.8,False,False
Rajasthan,Dungarpur,Population and Household Profile,11,Children age 2-4 years who attended pre-school (%),38.2,21.1,False,False
Rajasthan,Dungarpur,Characteristics of Adults (age 15-49 years),12,Women with 10 or more years of schooling (%),39.3,32.5,False,False
Rajasthan,Dungarpur,Characteristics of Adults (age 15-49 years),13,Men with 10 or more years of schooling (%),46.6,65.9,False,False
Rajasthan,Dungarpur,Characteristics of Adults (age 15-49 years),14,Women who have ever used the internet (%),44.0,38.8,False,False
Rajasthan,Dungarpur,Characteristics of Adults (age 15-49 years),15,Men who have ever used the internet (%),66.0,57.0,False,False
Rajasthan,Dungarpur,Marriage and Fertility,16,Women age 20-24 years married before age 18 years (%),17.9,16.9,False,False
Rajasthan,Dungarpur,Marriage and Fertility,17,Men age 25-29 years married before age 21 years (%),*,27.4,True,False
Rajasthan,Dungarpur,Marriage and Fertility,18,Three or more births in the 5 years preceding the survey (%),3.4,0.9,False,False
Rajasthan,Dungarpur,Marriage and Fertility,19,Women age 15-19 years who were already mothers or pregnant at the time of the survey (%),5.1,4.4,False,False
Rajasthan,Dungarpur,Marriage and Fertility,20,Any method2 (%),68.3,70.7,False,False
Rajasthan,Dungarpur,Marriage and Fertility,21,Any modern method2 (%),56.2,60.8,False,False
Rajasthan,Dungarpur,Marriage and Fertility,22,Any traditional method (%),12.1,9.9,False,False
Rajasthan,Dungarpur,Marriage and Fertility,23,Female sterilization (%),31.7,41.6,False,False
Rajasthan,Dungarpur,Marriage and Fertility,24,Male sterilization (%),0.0,0.0,False,False
Rajasthan,Dungarpur,Marriage and Fertility,25,Total unmet need3 (%),10.7,5.9,False,False
Rajasthan,Dungarpur,Marriage and Fertility,26,Unmet need for spacing3 (%),4.2,1.8,False,False
Rajasthan,Dungarpur,Marriage and Fertility,27,Unmet need for limiting3 (%),6.5,4.1,False,False
Rajasthan,Dungarpur,Antenatal Care (for last birth in the 5 years before the survey),28,Mothers who had an antenatal check-up in the first trimester (%),79.1,77.0,False,False
Rajasthan,Dungarpur,Antenatal Care (for last birth in the 5 years before the survey),29,Mothers who had any antenatal care visits (%),98.2,99.3,False,False
Rajasthan,Dungarpur,Antenatal Care (for last birth in the 5 years before the survey),30,Mothers who had at least 4 antenatal care visits (%),64.5,50.6,False,False
Rajasthan,Dungarpur,Antenatal Care (for last birth in the 5 years before the survey),31,Mothers whose last birth was protected against neonatal tetanus4 (%),96.7,97.5,False,False
Rajasthan,Dungarpur,Antenatal Care (for last birth in the 5 years before the survey),32,Mothers who consumed iron folic acid for 100 days or more when they were pregnant (%),39.6,38.0,False,False
Rajasthan,Dungarpur,Antenatal Care (for last birth in the 5 years before the survey),33,Mothers who consumed iron folic acid for 180 days or more when they were pregnant (%),12.2,6.7,False,False
Rajasthan,Dungarpur,Antenatal Care (for last birth in the 5 years before the survey),34,Registered pregnancies for which the mother received a Mother and Child Protection (MCP) card (%),98.7,100.0,False,False
Rajasthan,Dungarpur,Delivery Care (for births in the 5 years before the survey),35,Institutional births (%),92.8,94.1,False,False
Rajasthan,Dungarpur,Delivery Care (for births in the 5 years before the survey),36,Institutional births in public facility (%),75.8,81.2,False,False
Rajasthan,Dungarpur,Delivery Care (for births in the 5 years before the survey),37,Births attended by skilled health personnel5 (%),95.5,95.5,False,False
Rajasthan,Dungarpur,Delivery Care (for births in the 5 years before the survey),38,Births delivered by caesarean section (%),11.1,5.9,False,False
Rajasthan,Dungarpur,Delivery Care (for births in the 5 years before the survey),39,Births in a private health facility that were delivered by caesarean section (%),28.8,20.6,False,False
Rajasthan,Dungarpur,Delivery Care (for births in the 5 years before the survey),40,Births in a public health facility that were delivered by caesarean section (%),8.2,4.0,False,False
Rajasthan,Dungarpur,Postnatal Care (for last birth in the 5 years before the survey),41,Mothers who received postnatal care from a doctor/nurse/LHV/ANM/midwife/other health personnel within 2,89.3,92.6,False,False
Rajasthan,Dungarpur,Postnatal Care (for last birth in the 5 years before the survey),42,Children born at home who were taken to a health facility for a check-up within 24 hours of birth (%),*,*,True,False
Rajasthan,Dungarpur,Postnatal Care (for last birth in the 5 years before the survey),43,Children who received postnatal care from a doctor/nurse/LHV/ANM/midwife/other health personnel within 2,91.6,92.4,False,False
Rajasthan,Dungarpur,Child Vaccinations and Vitamin A Supplementation,44,Children age 12-23 months fully vaccinated based on information from either vaccination card or mother's,79.5,83.3,False,False
Rajasthan,Dungarpur,Child Vaccinations and Vitamin A Supplementation,45,Children age 12-23 months fully vaccinated based on information from vaccination card only7 (%),64.8,89.2,False,False
Rajasthan,Dungarpur,Child Vaccinations and Vitamin A Supplementation,46,Children age 12-23 months who have received any vaccine (%),95.2,100.0,False,False
Rajasthan,Dungarpur,Child Vaccinations and Vitamin A Supplementation,47,Children age 12-23 months who have received BCG (%),94.2,96.9,False,False
Rajasthan,Dungarpur,Child Vaccinations and Vitamin A Supplementation,48,Children age 12-23 months who have received 3 doses of polio vaccine8 (%),82.8,84.8,False,False
Rajasthan,Dungarpur,Child Vaccinations and Vitamin A Supplementation,49,Children age 12-23 months who have received 3 doses of pentavalent vaccine (%),80.5,93.7,False,False
Rajasthan,Dungarpur,Child Vaccinations and Vitamin A Supplementation,50,Children age 12-23 months who have received the first dose of measles-containing vaccine (MCV) (%),88.2,96.8,False,False
Rajasthan,Dungarpur,Child Vaccinations and Vitamin A Supplementation,51,Children age 24-35 months who have received a second dose of measles-containing vaccine (MCV) (%),42.3,52.4,False,False
Rajasthan,Dungarpur,Child Vaccinations and Vitamin A Supplementation,52,Children age 12-23 months who have received birth dose of hepatitis B vaccine (%),88.8,73.4,False,False
Rajasthan,Dungarpur,Child Vaccinations and Vitamin A Supplementation,53,Children age 12-23 months who have received 3 doses of rotavirus vaccine (%),77.6,53.3,False,False
Rajasthan,Dungarpur,Child Vaccinations and Vitamin A Supplementation,54,Children age 9-35 months who received a vitamin A dose in the last 6 months (%),67.8,61.7,False,False
Rajasthan,Dungarpur,Child Vaccinations and Vitamin A Supplementation,55,Children age 12-23 months who received most of their vaccinations in a public health facility (%),100.0,97.6,False,False
Rajasthan,Dungarpur,Child Vaccinations and Vitamin A Supplementation,56,Children age 12-23 months who received most of their vaccinations in a private health facility (%),0.0,2.4,False,False
Rajasthan,Dungarpur,Treatment of Childhood Diseases (children under age 5 years),57,Prevalence of diarrhoea in the 2 weeks preceding the survey (%),4.0,5.7,False,False
Rajasthan,Dungarpur,Treatment of Childhood Diseases (children under age 5 years),58,Prevalence of symptoms of acute respiratory infection (ARI) in the 2 weeks preceding the survey (%),0.8,0.0,False,False
Rajasthan,Dungarpur,Treatment of Childhood Diseases (children under age 5 years),59,Children with fever or symptoms of ARI in the 2 weeks preceding the survey taken to a health facility or,*,*,True,False
Rajasthan,Dungarpur,Child Feeding Practices and Nutritional Status of Children,60,Children under age 3 years breastfed within one hour of birth9 (%),52.9,47.2,False,False
Rajasthan,Dungarpur,Child Feeding Practices and Nutritional Status of Children,61,Children under age 6 months exclusively breastfed10 (%),38.6,66.3,True,False
Rajasthan,Dungarpur,Child Feeding Practices and Nutritional Status of Children,62,Children under age 6 months currently breastfeeding10 (%),98.1,97.4,True,False
Rajasthan,Dungarpur,Child Feeding Practices and Nutritional Status of Children,63,Children under age 6 months exclusively breastfed or breastfeeding and consuming plain water/other,93.3,73.9,True,False
Rajasthan,Dungarpur,Child Feeding Practices and Nutritional Status of Children,64,Children age 6-8 months receiving solid or semi-solid food and breastmilk10 (%),43.3,*,True,False
Rajasthan,Dungarpur,Child Feeding Practices and Nutritional Status of Children,65,"Breastfeeding children age 6-23 months receiving an adequate diet10, 11 (%)",10.9,5.1,False,False
Rajasthan,Dungarpur,Child Feeding Practices and Nutritional Status of Children,66,"Non-breastfeeding children age 6-23 months receiving an adequate diet10, 11 (%)",*,*,True,False
Rajasthan,Dungarpur,Child Feeding Practices and Nutritional Status of Children,67,"Total children age 6-23 months receiving an adequate diet10, 11 (%)",10.6,4.7,False,False
Rajasthan,Dungarpur,Child Feeding Practices and Nutritional Status of Children,68,Children under 5 years who are stunted (height-for-age)12 (%),35.8,31.4,False,False
Rajasthan,Dungarpur,Child Feeding Practices and Nutritional Status of Children,69,Children under 5 years who are wasted (weight-for-height)12 (%),34.4,15.6,False,False
Rajasthan,Dungarpur,Child Feeding Practices and Nutritional Status of Children,70,Children under 5 years who are severely wasted (weight-for-height)13 (%),11.4,4.4,False,False
Rajasthan,Dungarpur,Child Feeding Practices and Nutritional Status of Children,71,Children under 5 years who are underweight (weight-for-age)12 (%),47.0,25.9,False,False
Rajasthan,Dungarpur,Child Feeding Practices and Nutritional Status of Children,72,Children under 5 years who are overweight (weight-for-height)14 (%),1.6,2.5,False,False
Rajasthan,Dungarpur,Nutritional Status of Adults (age 15-49 years),73,Women whose Body Mass Index (BMI) is below normal (BMI <18.5 kg/m2)15 (%),42.0,26.8,False,False
Rajasthan,Dungarpur,Nutritional Status of Adults (age 15-49 years),74,Women who are overweight or obese (BMI ≥25.0 kg/m2)15 (%),10.4,4.4,False,False
Rajasthan,Dungarpur,Women,75,Blood sugar level - high (141-160 mg/dl)16 (%),6.4,5.7,False,False
Rajasthan,Dungarpur,Women,76,Blood sugar level - very high (>160 mg/dl)16 (%),5.0,4.0,False,False
Rajasthan,Dungarpur,Women,77,Blood sugar level - high or very high (>140 mg/dl) or taking medicine to control blood sugar level16 (%),11.7,10.1,False,False
Rajasthan,Dungarpur,Men,78,Blood sugar level - high (141-160 mg/dl)16 (%),7.5,9.1,False,False
Rajasthan,Dungarpur,Men,79,Blood sugar level - very high (>160 mg/dl)16 (%),4.8,5.7,False,False
Rajasthan,Dungarpur,Men,80,Blood sugar level - high or very high (>140 mg/dl) or taking medicine to control blood sugar level16 (%),13.2,15.1,False,False
Rajasthan,Dungarpur,Women,81,Mildly elevated blood pressure (Systolic 140-159 mm of Hg and/or Diastolic 90-99 mm of Hg) (%),7.3,9.9,False,False
Rajasthan,Dungarpur,Women,82,Moderately or severely elevated blood pressure (Systolic ≥160 mm of Hg and/or Diastolic ≥100 mm,3.2,1.9,False,False
Rajasthan,Dungarpur,Women,83,Elevated blood pressure (Systolic ≥140 mm of Hg and/or Diastolic ≥90 mm of Hg) or taking medicine to,13.2,12.9,False,False
Rajasthan,Dungarpur,Men,84,Mildly elevated blood pressure (Systolic 140-159 mm of Hg and/or Diastolic 90-99 mm of Hg) (%),11.0,11.7,False,False
Rajasthan,Dungarpur,Men,85,Moderately or severely elevated blood pressure (Systolic ≥160 mm of Hg and/or Diastolic ≥100 mm,3.9,2.4,False,False
Rajasthan,Dungarpur,Men,86,Elevated blood pressure (Systolic ≥140 mm of Hg and/or Diastolic ≥90 mm of Hg) or taking medicine to,17.4,14.9,False,False
Rajasthan,Dungarpur,Men,87,Women having a bank or savings account that they themselves use (%),95.0,78.1,False,False
Rajasthan,Dungarpur,Men,88,Women having a mobile phone that they themselves use (%),56.4,51.5,False,False
Rajasthan,Dungarpur,Men,89,Women age 15-24 years who use hygienic methods of protection during their menstrual period17 (%),82.8,85.5,False,False
Rajasthan,Dungarpur,Tobacco Use and Alcohol Consumption among Adults (age 15 years and above),90,Women age 15 years and above who use any kind of tobacco (%),2.2,3.6,False,False
Rajasthan,Dungarpur,Tobacco Use and Alcohol Consumption among Adults (age 15 years and above),91,Men age 15 years and above who use any kind of tobacco (%),38.1,40.8,False,False
Rajasthan,Dungarpur,Tobacco Use and Alcohol Consumption among Adults (age 15 years and above),92,Women age 15 years and above who consume alcohol (%),0.1,0.3,False,False
Rajasthan,Dungarpur,Tobacco Use and Alcohol Consumption among Adults (age 15 years and above),93,Men age 15 years and above who consume alcohol (%),12.9,11.4,False,False
Rajasthan,Ganganagar,Population and Household Profile,1,Population below age 5 years (%),6.4,7.3,False,False
Rajasthan,Ganganagar,Population and Household Profile,2,Population below age 15 years (%),21.8,24.9,False,False
Rajasthan,Ganganagar,Population and Household Profile,3,Population age 60 years and above (%),12.0,10.3,False,False
Rajasthan,Ganganagar,Population and Household Profile,4,Population living in households with electricity (%),98.8,96.9,False,False
Rajasthan,Ganganagar,Population and Household Profile,5,Population living in households with an improved drinking-water source1 (%),85.4,94.4,False,False
Rajasthan,Ganganagar,Population and Household Profile,6,Households using iodized salt (%),93.8,98.1,False,False
Rajasthan,Ganganagar,Population and Household Profile,7,Households with any usual member covered under a health insurance/financing scheme (%),93.7,85.3,False,False
Rajasthan,Ganganagar,Population and Household Profile,8,Households with any usual member having a bank account/post office account (%),99.2,97.7,False,False
Rajasthan,Ganganagar,Population and Household Profile,9,Female population age 6 years and above who ever attended school (%),70.4,68.6,False,False
Rajasthan,Ganganagar,Population and Household Profile,10,Households with any usual female members owning a house and/or land (alone or jointly with others) (%),16.9,6.7,False,False
Rajasthan,Ganganagar,Population and Household Profile,11,Children age 2-4 years who attended pre-school (%),58.3,39.4,False,False
Rajasthan,Ganganagar,Characteristics of Adults (age 15-49 years),12,Women with 10 or more years of schooling (%),46.9,39.3,False,False
Rajasthan,Ganganagar,Characteristics of Adults (age 15-49 years),13,Men with 10 or more years of schooling (%),58.2,49.2,False,False
Rajasthan,Ganganagar,Characteristics of Adults (age 15-49 years),14,Women who have ever used the internet (%),77.4,39.5,False,False
Rajasthan,Ganganagar,Characteristics of Adults (age 15-49 years),15,Men who have ever used the internet (%),86.6,69.0,False,False
Rajasthan,Ganganagar,Marriage and Fertility,16,Women age 20-24 years married before age 18 years (%),10.5,13.6,False,False
Rajasthan,Ganganagar,Marriage and Fertility,17,Men age 25-29 years married before age 21 years (%),10.7,11.0,True,False
Rajasthan,Ganganagar,Marriage and Fertility,18,Three or more births in the 5 years preceding the survey (%),2.5,0.8,False,False
Rajasthan,Ganganagar,Marriage and Fertility,19,Women age 15-19 years who were already mothers or pregnant at the time of the survey (%),3.1,2.4,False,False
Rajasthan,Ganganagar,Marriage and Fertility,20,Any method2 (%),75.6,81.1,False,False
Rajasthan,Ganganagar,Marriage and Fertility,21,Any modern method2 (%),63.1,72.8,False,False
Rajasthan,Ganganagar,Marriage and Fertility,22,Any traditional method (%),12.5,8.3,False,False
Rajasthan,Ganganagar,Marriage and Fertility,23,Female sterilization (%),42.3,48.5,False,False
Rajasthan,Ganganagar,Marriage and Fertility,24,Male sterilization (%),1.1,0.6,False,False
Rajasthan,Ganganagar,Marriage and Fertility,25,Total unmet need3 (%),5.6,5.1,False,False
Rajasthan,Ganganagar,Marriage and Fertility,26,Unmet need for spacing3 (%),3.3,3.5,False,False
Rajasthan,Ganganagar,Marriage and Fertility,27,Unmet need for limiting3 (%),2.3,1.6,False,False
Rajasthan,Ganganagar,Antenatal Care (for last birth in the 5 years before the survey),28,Mothers who had an antenatal check-up in the first trimester (%),81.8,83.3,False,False
Rajasthan,Ganganagar,Antenatal Care (for last birth in the 5 years before the survey),29,Mothers who had any antenatal care visits (%),98.6,96.1,False,False
Rajasthan,Ganganagar,Antenatal Care (for last birth in the 5 years before the survey),30,Mothers who had at least 4 antenatal care visits (%),70.3,58.7,False,False
Rajasthan,Ganganagar,Antenatal Care (for last birth in the 5 years before the survey),31,Mothers whose last birth was protected against neonatal tetanus4 (%),95.0,96.8,False,False
Rajasthan,Ganganagar,Antenatal Care (for last birth in the 5 years before the survey),32,Mothers who consumed iron folic acid for 100 days or more when they were pregnant (%),43.2,48.5,False,False
Rajasthan,Ganganagar,Antenatal Care (for last birth in the 5 years before the survey),33,Mothers who consumed iron folic acid for 180 days or more when they were pregnant (%),34.2,23.6,False,False
Rajasthan,Ganganagar,Antenatal Care (for last birth in the 5 years before the survey),34,Registered pregnancies for which the mother received a Mother and Child Protection (MCP) card (%),96.1,99.2,False,False
Rajasthan,Ganganagar,Delivery Care (for births in the 5 years before the survey),35,Institutional births (%),97.6,97.7,False,False
Rajasthan,Ganganagar,Delivery Care (for births in the 5 years before the survey),36,Institutional births in public facility (%),65.3,74.0,False,False
Rajasthan,Ganganagar,Delivery Care (for births in the 5 years before the survey),37,Births attended by skilled health personnel5 (%),98.4,98.2,False,False
Rajasthan,Ganganagar,Delivery Care (for births in the 5 years before the survey),38,Births delivered by caesarean section (%),25.0,14.3,False,False
Rajasthan,Ganganagar,Delivery Care (for births in the 5 years before the survey),39,Births in a private health facility that were delivered by caesarean section (%),53.9,35.0,False,False
Rajasthan,Ganganagar,Delivery Care (for births in the 5 years before the survey),40,Births in a public health facility that were delivered by caesarean section (%),11.6,8.1,False,False
Rajasthan,Ganganagar,Postnatal Care (for last birth in the 5 years before the survey),41,Mothers who received postnatal care from a doctor/nurse/LHV/ANM/midwife/other health personnel within 2,91.8,85.9,False,False
Rajasthan,Ganganagar,Postnatal Care (for last birth in the 5 years before the survey),42,Children born at home who were taken to a health facility for a check-up within 24 hours of birth (%),*,*,True,False
Rajasthan,Ganganagar,Postnatal Care (for last birth in the 5 years before the survey),43,Children who received postnatal care from a doctor/nurse/LHV/ANM/midwife/other health personnel within 2,92.4,84.6,False,False
Rajasthan,Ganganagar,Child Vaccinations and Vitamin A Supplementation,44,Children age 12-23 months fully vaccinated based on information from either vaccination card or mother's,84.3,89.7,True,False
Rajasthan,Ganganagar,Child Vaccinations and Vitamin A Supplementation,45,Children age 12-23 months fully vaccinated based on information from vaccination card only7 (%),63.1,90.4,True,False
Rajasthan,Ganganagar,Child Vaccinations and Vitamin A Supplementation,46,Children age 12-23 months who have received any vaccine (%),96.1,97.0,True,False
Rajasthan,Ganganagar,Child Vaccinations and Vitamin A Supplementation,47,Children age 12-23 months who have received BCG (%),93.8,95.6,True,False
Rajasthan,Ganganagar,Child Vaccinations and Vitamin A Supplementation,48,Children age 12-23 months who have received 3 doses of polio vaccine8 (%),90.5,91.1,True,False
Rajasthan,Ganganagar,Child Vaccinations and Vitamin A Supplementation,49,Children age 12-23 months who have received 3 doses of pentavalent vaccine (%),86.0,94.0,True,False
Rajasthan,Ganganagar,Child Vaccinations and Vitamin A Supplementation,50,Children age 12-23 months who have received the first dose of measles-containing vaccine (MCV) (%),92.2,95.6,True,False
Rajasthan,Ganganagar,Child Vaccinations and Vitamin A Supplementation,51,Children age 24-35 months who have received a second dose of measles-containing vaccine (MCV) (%),64.2,53.1,False,False
Rajasthan,Ganganagar,Child Vaccinations and Vitamin A Supplementation,52,Children age 12-23 months who have received birth dose of hepatitis B vaccine (%),80.5,64.0,True,False
Rajasthan,Ganganagar,Child Vaccinations and Vitamin A Supplementation,53,Children age 12-23 months who have received 3 doses of rotavirus vaccine (%),86.3,45.1,True,False
Rajasthan,Ganganagar,Child Vaccinations and Vitamin A Supplementation,54,Children age 9-35 months who received a vitamin A dose in the last 6 months (%),70.4,70.8,False,False
Rajasthan,Ganganagar,Child Vaccinations and Vitamin A Supplementation,55,Children age 12-23 months who received most of their vaccinations in a public health facility (%),91.7,98.5,True,False
Rajasthan,Ganganagar,Child Vaccinations and Vitamin A Supplementation,56,Children age 12-23 months who received most of their vaccinations in a private health facility (%),8.3,1.5,True,False
Rajasthan,Ganganagar,Treatment of Childhood Diseases (children under age 5 years),57,Prevalence of diarrhoea in the 2 weeks preceding the survey (%),5.5,3.0,False,False
Rajasthan,Ganganagar,Treatment of Childhood Diseases (children under age 5 years),58,Prevalence of symptoms of acute respiratory infection (ARI) in the 2 weeks preceding the survey (%),1.2,4.2,False,False
Rajasthan,Ganganagar,Treatment of Childhood Diseases (children under age 5 years),59,Children with fever or symptoms of ARI in the 2 weeks preceding the survey taken to a health facility or,71.5,61.0,True,False
Rajasthan,Ganganagar,Child Feeding Practices and Nutritional Status of Children,60,Children under age 3 years breastfed within one hour of birth9 (%),39.7,46.9,False,False
Rajasthan,Ganganagar,Child Feeding Practices and Nutritional Status of Children,61,Children under age 6 months exclusively breastfed10 (%),*,81.9,True,False
Rajasthan,Ganganagar,Child Feeding Practices and Nutritional Status of Children,62,Children under age 6 months currently breastfeeding10 (%),*,100.0,True,False
Rajasthan,Ganganagar,Child Feeding Practices and Nutritional Status of Children,63,Children under age 6 months exclusively breastfed or breastfeeding and consuming plain water/other,*,86.8,True,False
Rajasthan,Ganganagar,Child Feeding Practices and Nutritional Status of Children,64,Children age 6-8 months receiving solid or semi-solid food and breastmilk10 (%),*,*,True,False
Rajasthan,Ganganagar,Child Feeding Practices and Nutritional Status of Children,65,"Breastfeeding children age 6-23 months receiving an adequate diet10, 11 (%)",7.3,12.0,False,False
Rajasthan,Ganganagar,Child Feeding Practices and Nutritional Status of Children,66,"Non-breastfeeding children age 6-23 months receiving an adequate diet10, 11 (%)",*,*,True,False
Rajasthan,Ganganagar,Child Feeding Practices and Nutritional Status of Children,67,"Total children age 6-23 months receiving an adequate diet10, 11 (%)",6.6,12.3,False,False
Rajasthan,Ganganagar,Child Feeding Practices and Nutritional Status of Children,68,Children under 5 years who are stunted (height-for-age)12 (%),27.0,24.5,False,False
Rajasthan,Ganganagar,Child Feeding Practices and Nutritional Status of Children,69,Children under 5 years who are wasted (weight-for-height)12 (%),21.2,24.9,False,False
Rajasthan,Ganganagar,Child Feeding Practices and Nutritional Status of Children,70,Children under 5 years who are severely wasted (weight-for-height)13 (%),4.4,10.8,False,False
Rajasthan,Ganganagar,Child Feeding Practices and Nutritional Status of Children,71,Children under 5 years who are underweight (weight-for-age)12 (%),33.1,26.1,False,False
Rajasthan,Ganganagar,Child Feeding Practices and Nutritional Status of Children,72,Children under 5 years who are overweight (weight-for-height)14 (%),0.8,4.5,False,False
Rajasthan,Ganganagar,Nutritional Status of Adults (age 15-49 years),73,Women whose Body Mass Index (BMI) is below normal (BMI <18.5 kg/m2)15 (%),24.1,14.3,False,False
Rajasthan,Ganganagar,Nutritional Status of Adults (age 15-49 years),74,Women who are overweight or obese (BMI ≥25.0 kg/m2)15 (%),27.7,19.5,False,False
Rajasthan,Ganganagar,Women,75,Blood sugar level - high (141-160 mg/dl)16 (%),5.9,3.8,False,False
Rajasthan,Ganganagar,Women,76,Blood sugar level - very high (>160 mg/dl)16 (%),6.4,5.1,False,False
Rajasthan,Ganganagar,Women,77,Blood sugar level - high or very high (>140 mg/dl) or taking medicine to control blood sugar level16 (%),12.8,9.5,False,False
Rajasthan,Ganganagar,Men,78,Blood sugar level - high (141-160 mg/dl)16 (%),7.5,3.9,False,False
Rajasthan,Ganganagar,Men,79,Blood sugar level - very high (>160 mg/dl)16 (%),7.3,3.8,False,False
Rajasthan,Ganganagar,Men,80,Blood sugar level - high or very high (>140 mg/dl) or taking medicine to control blood sugar level16 (%),15.7,8.4,False,False
Rajasthan,Ganganagar,Women,81,Mildly elevated blood pressure (Systolic 140-159 mm of Hg and/or Diastolic 90-99 mm of Hg) (%),8.5,10.3,False,False
Rajasthan,Ganganagar,Women,82,Moderately or severely elevated blood pressure (Systolic ≥160 mm of Hg and/or Diastolic ≥100 mm,4.3,2.2,False,False
Rajasthan,Ganganagar,Women,83,Elevated blood pressure (Systolic ≥140 mm of Hg and/or Diastolic ≥90 mm of Hg) or taking medicine to,17.1,16.2,False,False
Rajasthan,Ganganagar,Men,84,Mildly elevated blood pressure (Systolic 140-159 mm of Hg and/or Diastolic 90-99 mm of Hg) (%),12.3,12.8,False,False
Rajasthan,Ganganagar,Men,85,Moderately or severely elevated blood pressure (Systolic ≥160 mm of Hg and/or Diastolic ≥100 mm,5.1,3.0,False,False
Rajasthan,Ganganagar,Men,86,Elevated blood pressure (Systolic ≥140 mm of Hg and/or Diastolic ≥90 mm of Hg) or taking medicine to,19.5,18.3,False,False
Rajasthan,Ganganagar,Men,87,Women having a bank or savings account that they themselves use (%),92.2,84.2,False,False
Rajasthan,Ganganagar,Men,88,Women having a mobile phone that they themselves use (%),58.2,50.5,False,False
Rajasthan,Ganganagar,Men,89,Women age 15-24 years who use hygienic methods of protection during their menstrual period17 (%),94.6,92.3,False,False
Rajasthan,Ganganagar,Tobacco Use and Alcohol Consumption among Adults (age 15 years and above),90,Women age 15 years and above who use any kind of tobacco (%),1.0,2.1,False,False
Rajasthan,Ganganagar,Tobacco Use and Alcohol Consumption among Adults (age 15 years and above),91,Men age 15 years and above who use any kind of tobacco (%),23.6,29.0,False,False
Rajasthan,Ganganagar,Tobacco Use and Alcohol Consumption among Adults (age 15 years and above),92,Women age 15 years and above who consume alcohol (%),0.1,0.5,False,False
Rajasthan,Ganganagar,Tobacco Use and Alcohol Consumption among Adults (age 15 years and above),93,Men age 15 years and above who consume alcohol (%),17.5,15.6,False,False
Rajasthan,Hanumangarh,Population and Household Profile,1,Population below age 5 years (%),7.2,7.9,False,False
Rajasthan,Hanumangarh,Population and Household Profile,2,Population below age 15 years (%),23.3,25.1,False,False
Rajasthan,Hanumangarh,Population and Household Profile,3,Population age 60 years and above (%),11.6,10.9,False,False
Rajasthan,Hanumangarh,Population and Household Profile,4,Population living in households with electricity (%),99.2,99.0,False,False
Rajasthan,Hanumangarh,Population and Household Profile,5,Population living in households with an improved drinking-water source1 (%),91.2,97.8,False,False
Rajasthan,Hanumangarh,Population and Household Profile,6,Households using iodized salt (%),96.8,97.7,False,False
Rajasthan,Hanumangarh,Population and Household Profile,7,Households with any usual member covered under a health insurance/financing scheme (%),93.1,89.0,False,False
Rajasthan,Hanumangarh,Population and Household Profile,8,Households with any usual member having a bank account/post office account (%),98.4,98.6,False,False
Rajasthan,Hanumangarh,Population and Household Profile,9,Female population age 6 years and above who ever attended school (%),67.2,65.1,False,False
Rajasthan,Hanumangarh,Population and Household Profile,10,Households with any usual female members owning a house and/or land (alone or jointly with others) (%),15.0,9.1,False,False
Rajasthan,Hanumangarh,Population and Household Profile,11,Children age 2-4 years who attended pre-school (%),53.6,33.5,False,False
Rajasthan,Hanumangarh,Characteristics of Adults (age 15-49 years),12,Women with 10 or more years of schooling (%),44.7,38.4,False,False
Rajasthan,Hanumangarh,Characteristics of Adults (age 15-49 years),13,Men with 10 or more years of schooling (%),55.9,54.5,False,False
Rajasthan,Hanumangarh,Characteristics of Adults (age 15-49 years),14,Women who have ever used the internet (%),76.9,34.8,False,False
Rajasthan,Hanumangarh,Characteristics of Adults (age 15-49 years),15,Men who have ever used the internet (%),84.6,64.5,False,False
Rajasthan,Hanumangarh,Marriage and Fertility,16,Women age 20-24 years married before age 18 years (%),16.0,18.6,False,False
Rajasthan,Hanumangarh,Marriage and Fertility,17,Men age 25-29 years married before age 21 years (%),25.0,23.9,True,False
Rajasthan,Hanumangarh,Marriage and Fertility,18,Three or more births in the 5 years preceding the survey (%),2.9,2.3,False,False
Rajasthan,Hanumangarh,Marriage and Fertility,19,Women age 15-19 years who were already mothers or pregnant at the time of the survey (%),8.4,2.8,False,False
Rajasthan,Hanumangarh,Marriage and Fertility,20,Any method2 (%),76.1,80.2,False,False
Rajasthan,Hanumangarh,Marriage and Fertility,21,Any modern method2 (%),66.0,70.7,False,False
Rajasthan,Hanumangarh,Marriage and Fertility,22,Any traditional method (%),10.1,9.5,False,False
Rajasthan,Hanumangarh,Marriage and Fertility,23,Female sterilization (%),48.7,49.9,False,False
Rajasthan,Hanumangarh,Marriage and Fertility,24,Male sterilization (%),0.9,0.7,False,False
Rajasthan,Hanumangarh,Marriage and Fertility,25,Total unmet need3 (%),7.0,6.1,False,False
Rajasthan,Hanumangarh,Marriage and Fertility,26,Unmet need for spacing3 (%),5.5,3.1,False,False
Rajasthan,Hanumangarh,Marriage and Fertility,27,Unmet need for limiting3 (%),1.5,3.0,False,False
Rajasthan,Hanumangarh,Antenatal Care (for last birth in the 5 years before the survey),28,Mothers who had an antenatal check-up in the first trimester (%),86.7,84.4,False,False
Rajasthan,Hanumangarh,Antenatal Care (for last birth in the 5 years before the survey),29,Mothers who had any antenatal care visits (%),99.2,95.9,False,False
Rajasthan,Hanumangarh,Antenatal Care (for last birth in the 5 years before the survey),30,Mothers who had at least 4 antenatal care visits (%),63.4,53.1,False,False
Rajasthan,Hanumangarh,Antenatal Care (for last birth in the 5 years before the survey),31,Mothers whose last birth was protected against neonatal tetanus4 (%),97.4,91.7,False,False
Rajasthan,Hanumangarh,Antenatal Care (for last birth in the 5 years before the survey),32,Mothers who consumed iron folic acid for 100 days or more when they were pregnant (%),45.8,48.3,False,False
Rajasthan,Hanumangarh,Antenatal Care (for last birth in the 5 years before the survey),33,Mothers who consumed iron folic acid for 180 days or more when they were pregnant (%),26.4,20.8,False,False
Rajasthan,Hanumangarh,Antenatal Care (for last birth in the 5 years before the survey),34,Registered pregnancies for which the mother received a Mother and Child Protection (MCP) card (%),98.9,99.7,False,False
Rajasthan,Hanumangarh,Delivery Care (for births in the 5 years before the survey),35,Institutional births (%),99.2,94.9,False,False
Rajasthan,Hanumangarh,Delivery Care (for births in the 5 years before the survey),36,Institutional births in public facility (%),70.7,65.7,False,False
Rajasthan,Hanumangarh,Delivery Care (for births in the 5 years before the survey),37,Births attended by skilled health personnel5 (%),99.5,96.9,False,False
Rajasthan,Hanumangarh,Delivery Care (for births in the 5 years before the survey),38,Births delivered by caesarean section (%),20.7,16.0,False,False
Rajasthan,Hanumangarh,Delivery Care (for births in the 5 years before the survey),39,Births in a private health facility that were delivered by caesarean section (%),47.0,34.7,False,False
Rajasthan,Hanumangarh,Delivery Care (for births in the 5 years before the survey),40,Births in a public health facility that were delivered by caesarean section (%),10.4,9.0,False,False
Rajasthan,Hanumangarh,Postnatal Care (for last birth in the 5 years before the survey),41,Mothers who received postnatal care from a doctor/nurse/LHV/ANM/midwife/other health personnel within 2,93.3,83.4,False,False
Rajasthan,Hanumangarh,Postnatal Care (for last birth in the 5 years before the survey),42,Children born at home who were taken to a health facility for a check-up within 24 hours of birth (%),*,*,True,False
Rajasthan,Hanumangarh,Postnatal Care (for last birth in the 5 years before the survey),43,Children who received postnatal care from a doctor/nurse/LHV/ANM/midwife/other health personnel within 2,96.9,84.8,False,False
Rajasthan,Hanumangarh,Child Vaccinations and Vitamin A Supplementation,44,Children age 12-23 months fully vaccinated based on information from either vaccination card or mother's,74.7,83.3,False,False
Rajasthan,Hanumangarh,Child Vaccinations and Vitamin A Supplementation,45,Children age 12-23 months fully vaccinated based on information from vaccination card only7 (%),70.8,86.6,False,False
Rajasthan,Hanumangarh,Child Vaccinations and Vitamin A Supplementation,46,Children age 12-23 months who have received any vaccine (%),85.7,96.0,False,False
Rajasthan,Hanumangarh,Child Vaccinations and Vitamin A Supplementation,47,Children age 12-23 months who have received BCG (%),82.9,92.2,False,False
Rajasthan,Hanumangarh,Child Vaccinations and Vitamin A Supplementation,48,Children age 12-23 months who have received 3 doses of polio vaccine8 (%),77.5,88.3,False,False
Rajasthan,Hanumangarh,Child Vaccinations and Vitamin A Supplementation,49,Children age 12-23 months who have received 3 doses of pentavalent vaccine (%),77.5,94.7,False,False
Rajasthan,Hanumangarh,Child Vaccinations and Vitamin A Supplementation,50,Children age 12-23 months who have received the first dose of measles-containing vaccine (MCV) (%),80.2,93.5,False,False
Rajasthan,Hanumangarh,Child Vaccinations and Vitamin A Supplementation,51,Children age 24-35 months who have received a second dose of measles-containing vaccine (MCV) (%),51.0,41.7,False,False
Rajasthan,Hanumangarh,Child Vaccinations and Vitamin A Supplementation,52,Children age 12-23 months who have received birth dose of hepatitis B vaccine (%),70.2,66.7,False,False
Rajasthan,Hanumangarh,Child Vaccinations and Vitamin A Supplementation,53,Children age 12-23 months who have received 3 doses of rotavirus vaccine (%),74.2,57.6,False,False
Rajasthan,Hanumangarh,Child Vaccinations and Vitamin A Supplementation,54,Children age 9-35 months who received a vitamin A dose in the last 6 months (%),66.2,64.8,False,False
Rajasthan,Hanumangarh,Child Vaccinations and Vitamin A Supplementation,55,Children age 12-23 months who received most of their vaccinations in a public health facility (%),96.0,100.0,False,False
Rajasthan,Hanumangarh,Child Vaccinations and Vitamin A Supplementation,56,Children age 12-23 months who received most of their vaccinations in a private health facility (%),4.1,0.0,False,False
Rajasthan,Hanumangarh,Treatment of Childhood Diseases (children under age 5 years),57,Prevalence of diarrhoea in the 2 weeks preceding the survey (%),3.4,2.2,False,False
Rajasthan,Hanumangarh,Treatment of Childhood Diseases (children under age 5 years),58,Prevalence of symptoms of acute respiratory infection (ARI) in the 2 weeks preceding the survey (%),1.8,1.6,False,False
Rajasthan,Hanumangarh,Treatment of Childhood Diseases (children under age 5 years),59,Children with fever or symptoms of ARI in the 2 weeks preceding the survey taken to a health facility or,70.3,77.4,True,False
Rajasthan,Hanumangarh,Child Feeding Practices and Nutritional Status of Children,60,Children under age 3 years breastfed within one hour of birth9 (%),41.5,45.0,False,False
Rajasthan,Hanumangarh,Child Feeding Practices and Nutritional Status of Children,61,Children under age 6 months exclusively breastfed10 (%),80.5,83.9,True,False
Rajasthan,Hanumangarh,Child Feeding Practices and Nutritional Status of Children,62,Children under age 6 months currently breastfeeding10 (%),100.0,97.4,True,False
Rajasthan,Hanumangarh,Child Feeding Practices and Nutritional Status of Children,63,Children under age 6 months exclusively breastfed or breastfeeding and consuming plain water/other,95.2,89.4,True,False
Rajasthan,Hanumangarh,Child Feeding Practices and Nutritional Status of Children,64,Children age 6-8 months receiving solid or semi-solid food and breastmilk10 (%),*,*,True,False
Rajasthan,Hanumangarh,Child Feeding Practices and Nutritional Status of Children,65,"Breastfeeding children age 6-23 months receiving an adequate diet10, 11 (%)",8.2,6.1,False,False
Rajasthan,Hanumangarh,Child Feeding Practices and Nutritional Status of Children,66,"Non-breastfeeding children age 6-23 months receiving an adequate diet10, 11 (%)",*,*,True,False
Rajasthan,Hanumangarh,Child Feeding Practices and Nutritional Status of Children,67,"Total children age 6-23 months receiving an adequate diet10, 11 (%)",7.0,7.1,False,False
Rajasthan,Hanumangarh,Child Feeding Practices and Nutritional Status of Children,68,Children under 5 years who are stunted (height-for-age)12 (%),20.9,24.2,False,False
Rajasthan,Hanumangarh,Child Feeding Practices and Nutritional Status of Children,69,Children under 5 years who are wasted (weight-for-height)12 (%),14.7,19.8,False,False
Rajasthan,Hanumangarh,Child Feeding Practices and Nutritional Status of Children,70,Children under 5 years who are severely wasted (weight-for-height)13 (%),3.8,9.0,False,False
Rajasthan,Hanumangarh,Child Feeding Practices and Nutritional Status of Children,71,Children under 5 years who are underweight (weight-for-age)12 (%),23.5,21.3,False,False
Rajasthan,Hanumangarh,Child Feeding Practices and Nutritional Status of Children,72,Children under 5 years who are overweight (weight-for-height)14 (%),0.3,3.9,False,False
Rajasthan,Hanumangarh,Nutritional Status of Adults (age 15-49 years),73,Women whose Body Mass Index (BMI) is below normal (BMI <18.5 kg/m2)15 (%),25.9,19.3,False,False
Rajasthan,Hanumangarh,Nutritional Status of Adults (age 15-49 years),74,Women who are overweight or obese (BMI ≥25.0 kg/m2)15 (%),23.0,17.6,False,False
Rajasthan,Hanumangarh,Women,75,Blood sugar level - high (141-160 mg/dl)16 (%),5.1,3.9,False,False
Rajasthan,Hanumangarh,Women,76,Blood sugar level - very high (>160 mg/dl)16 (%),5.3,3.0,False,False
Rajasthan,Hanumangarh,Women,77,Blood sugar level - high or very high (>140 mg/dl) or taking medicine to control blood sugar level16 (%),10.6,7.4,False,False
Rajasthan,Hanumangarh,Men,78,Blood sugar level - high (141-160 mg/dl)16 (%),5.4,4.1,False,False
Rajasthan,Hanumangarh,Men,79,Blood sugar level - very high (>160 mg/dl)16 (%),5.7,4.1,False,False
Rajasthan,Hanumangarh,Men,80,Blood sugar level - high or very high (>140 mg/dl) or taking medicine to control blood sugar level16 (%),11.5,8.5,False,False
Rajasthan,Hanumangarh,Women,81,Mildly elevated blood pressure (Systolic 140-159 mm of Hg and/or Diastolic 90-99 mm of Hg) (%),8.2,11.4,False,False
Rajasthan,Hanumangarh,Women,82,Moderately or severely elevated blood pressure (Systolic ≥160 mm of Hg and/or Diastolic ≥100 mm,4.0,4.0,False,False
Rajasthan,Hanumangarh,Women,83,Elevated blood pressure (Systolic ≥140 mm of Hg and/or Diastolic ≥90 mm of Hg) or taking medicine to,15.2,20.0,False,False
Rajasthan,Hanumangarh,Men,84,Mildly elevated blood pressure (Systolic 140-159 mm of Hg and/or Diastolic 90-99 mm of Hg) (%),14.0,15.7,False,False
Rajasthan,Hanumangarh,Men,85,Moderately or severely elevated blood pressure (Systolic ≥160 mm of Hg and/or Diastolic ≥100 mm,4.9,4.8,False,False
Rajasthan,Hanumangarh,Men,86,Elevated blood pressure (Systolic ≥140 mm of Hg and/or Diastolic ≥90 mm of Hg) or taking medicine to,20.9,22.6,False,False
Rajasthan,Hanumangarh,Men,87,Women having a bank or savings account that they themselves use (%),92.4,84.1,False,False
Rajasthan,Hanumangarh,Men,88,Women having a mobile phone that they themselves use (%),55.1,45.2,False,False
Rajasthan,Hanumangarh,Men,89,Women age 15-24 years who use hygienic methods of protection during their menstrual period17 (%),95.2,92.0,False,False
Rajasthan,Hanumangarh,Tobacco Use and Alcohol Consumption among Adults (age 15 years and above),90,Women age 15 years and above who use any kind of tobacco (%),1.0,1.5,False,False
Rajasthan,Hanumangarh,Tobacco Use and Alcohol Consumption among Adults (age 15 years and above),91,Men age 15 years and above who use any kind of tobacco (%),31.4,36.1,False,False
Rajasthan,Hanumangarh,Tobacco Use and Alcohol Consumption among Adults (age 15 years and above),92,Women age 15 years and above who consume alcohol (%),0.2,0.1,False,False
Rajasthan,Hanumangarh,Tobacco Use and Alcohol Consumption among Adults (age 15 years and above),93,Men age 15 years and above who consume alcohol (%),12.9,13.0,False,False
Rajasthan,Jaipur,Population and Household Profile,1,Population below age 5 years (%),6.3,8.2,False,False
Rajasthan,Jaipur,Population and Household Profile,2,Population below age 15 years (%),23.3,25.6,False,False
Rajasthan,Jaipur,Population and Household Profile,3,Population age 60 years and above (%),11.7,10.1,False,False
Rajasthan,Jaipur,Population and Household Profile,4,Population living in households with electricity (%),99.9,99.5,False,False
Rajasthan,Jaipur,Population and Household Profile,5,Population living in households with an improved drinking-water source1 (%),99.1,99.9,False,False
Rajasthan,Jaipur,Population and Household Profile,6,Households using iodized salt (%),97.2,95.3,False,False
Rajasthan,Jaipur,Population and Household Profile,7,Households with any usual member covered under a health insurance/financing scheme (%),78.4,81.5,False,False
Rajasthan,Jaipur,Population and Household Profile,8,Households with any usual member having a bank account/post office account (%),97.6,98.2,False,False
Rajasthan,Jaipur,Population and Household Profile,9,Female population age 6 years and above who ever attended school (%),73.1,68.1,False,False
Rajasthan,Jaipur,Population and Household Profile,10,Households with any usual female members owning a house and/or land (alone or jointly with others) (%),12.6,10.4,False,False
Rajasthan,Jaipur,Population and Household Profile,11,Children age 2-4 years who attended pre-school (%),46.7,39.1,False,False
Rajasthan,Jaipur,Characteristics of Adults (age 15-49 years),12,Women with 10 or more years of schooling (%),54.2,47.9,False,False
Rajasthan,Jaipur,Characteristics of Adults (age 15-49 years),13,Men with 10 or more years of schooling (%),64.7,62.5,False,False
Rajasthan,Jaipur,Characteristics of Adults (age 15-49 years),14,Women who have ever used the internet (%),81.7,51.8,False,False
Rajasthan,Jaipur,Characteristics of Adults (age 15-49 years),15,Men who have ever used the internet (%),93.3,70.5,False,False
Rajasthan,Jaipur,Marriage and Fertility,16,Women age 20-24 years married before age 18 years (%),14.4,23.1,False,False
Rajasthan,Jaipur,Marriage and Fertility,17,Men age 25-29 years married before age 21 years (%),18.4,19.5,True,False
Rajasthan,Jaipur,Marriage and Fertility,18,Three or more births in the 5 years preceding the survey (%),0.5,1.3,False,False
Rajasthan,Jaipur,Marriage and Fertility,19,Women age 15-19 years who were already mothers or pregnant at the time of the survey (%),3.3,1.8,False,False
Rajasthan,Jaipur,Marriage and Fertility,20,Any method2 (%),78.8,76.9,False,False
Rajasthan,Jaipur,Marriage and Fertility,21,Any modern method2 (%),59.6,66.7,False,False
Rajasthan,Jaipur,Marriage and Fertility,22,Any traditional method (%),19.2,10.2,False,False
Rajasthan,Jaipur,Marriage and Fertility,23,Female sterilization (%),40.8,44.8,False,False
Rajasthan,Jaipur,Marriage and Fertility,24,Male sterilization (%),0.6,0.4,False,False
Rajasthan,Jaipur,Marriage and Fertility,25,Total unmet need3 (%),6.2,5.4,False,False
Rajasthan,Jaipur,Marriage and Fertility,26,Unmet need for spacing3 (%),3.8,2.8,False,False
Rajasthan,Jaipur,Marriage and Fertility,27,Unmet need for limiting3 (%),2.4,2.6,False,False
Rajasthan,Jaipur,Antenatal Care (for last birth in the 5 years before the survey),28,Mothers who had an antenatal check-up in the first trimester (%),83.8,81.3,False,False
Rajasthan,Jaipur,Antenatal Care (for last birth in the 5 years before the survey),29,Mothers who had any antenatal care visits (%),99.6,95.1,False,False
Rajasthan,Jaipur,Antenatal Care (for last birth in the 5 years before the survey),30,Mothers who had at least 4 antenatal care visits (%),73.1,53.5,False,False
Rajasthan,Jaipur,Antenatal Care (for last birth in the 5 years before the survey),31,Mothers whose last birth was protected against neonatal tetanus4 (%),96.3,92.5,False,False
Rajasthan,Jaipur,Antenatal Care (for last birth in the 5 years before the survey),32,Mothers who consumed iron folic acid for 100 days or more when they were pregnant (%),52.4,20.6,False,False
Rajasthan,Jaipur,Antenatal Care (for last birth in the 5 years before the survey),33,Mothers who consumed iron folic acid for 180 days or more when they were pregnant (%),34.3,8.9,False,False
Rajasthan,Jaipur,Antenatal Care (for last birth in the 5 years before the survey),34,Registered pregnancies for which the mother received a Mother and Child Protection (MCP) card (%),97.4,97.6,False,False
Rajasthan,Jaipur,Delivery Care (for births in the 5 years before the survey),35,Institutional births (%),97.5,97.3,False,False
Rajasthan,Jaipur,Delivery Care (for births in the 5 years before the survey),36,Institutional births in public facility (%),57.8,67.0,False,False
Rajasthan,Jaipur,Delivery Care (for births in the 5 years before the survey),37,Births attended by skilled health personnel5 (%),97.9,98.0,False,False
Rajasthan,Jaipur,Delivery Care (for births in the 5 years before the survey),38,Births delivered by caesarean section (%),33.7,18.0,False,False
Rajasthan,Jaipur,Delivery Care (for births in the 5 years before the survey),39,Births in a private health facility that were delivered by caesarean section (%),53.0,25.0,False,False
Rajasthan,Jaipur,Delivery Care (for births in the 5 years before the survey),40,Births in a public health facility that were delivered by caesarean section (%),21.9,15.6,False,False
Rajasthan,Jaipur,Postnatal Care (for last birth in the 5 years before the survey),41,Mothers who received postnatal care from a doctor/nurse/LHV/ANM/midwife/other health personnel within 2,93.0,89.4,False,False
Rajasthan,Jaipur,Postnatal Care (for last birth in the 5 years before the survey),42,Children born at home who were taken to a health facility for a check-up within 24 hours of birth (%),*,*,True,False
Rajasthan,Jaipur,Postnatal Care (for last birth in the 5 years before the survey),43,Children who received postnatal care from a doctor/nurse/LHV/ANM/midwife/other health personnel within 2,95.0,92.6,False,False
Rajasthan,Jaipur,Child Vaccinations and Vitamin A Supplementation,44,Children age 12-23 months fully vaccinated based on information from either vaccination card or mother's,88.0,89.3,False,False
Rajasthan,Jaipur,Child Vaccinations and Vitamin A Supplementation,45,Children age 12-23 months fully vaccinated based on information from vaccination card only7 (%),87.6,96.8,True,False
Rajasthan,Jaipur,Child Vaccinations and Vitamin A Supplementation,46,Children age 12-23 months who have received any vaccine (%),100.0,98.6,False,False
Rajasthan,Jaipur,Child Vaccinations and Vitamin A Supplementation,47,Children age 12-23 months who have received BCG (%),100.0,98.6,False,False
Rajasthan,Jaipur,Child Vaccinations and Vitamin A Supplementation,48,Children age 12-23 months who have received 3 doses of polio vaccine8 (%),90.3,89.3,False,False
Rajasthan,Jaipur,Child Vaccinations and Vitamin A Supplementation,49,Children age 12-23 months who have received 3 doses of pentavalent vaccine (%),94.4,97.1,False,False
Rajasthan,Jaipur,Child Vaccinations and Vitamin A Supplementation,50,Children age 12-23 months who have received the first dose of measles-containing vaccine (MCV) (%),98.5,98.6,False,False
Rajasthan,Jaipur,Child Vaccinations and Vitamin A Supplementation,51,Children age 24-35 months who have received a second dose of measles-containing vaccine (MCV) (%),70.9,57.6,False,False
Rajasthan,Jaipur,Child Vaccinations and Vitamin A Supplementation,52,Children age 12-23 months who have received birth dose of hepatitis B vaccine (%),89.1,82.4,False,False
Rajasthan,Jaipur,Child Vaccinations and Vitamin A Supplementation,53,Children age 12-23 months who have received 3 doses of rotavirus vaccine (%),95.1,89.8,False,False
Rajasthan,Jaipur,Child Vaccinations and Vitamin A Supplementation,54,Children age 9-35 months who received a vitamin A dose in the last 6 months (%),66.1,62.3,False,False
Rajasthan,Jaipur,Child Vaccinations and Vitamin A Supplementation,55,Children age 12-23 months who received most of their vaccinations in a public health facility (%),97.7,97.3,False,False
Rajasthan,Jaipur,Child Vaccinations and Vitamin A Supplementation,56,Children age 12-23 months who received most of their vaccinations in a private health facility (%),2.3,2.7,False,False
Rajasthan,Jaipur,Treatment of Childhood Diseases (children under age 5 years),57,Prevalence of diarrhoea in the 2 weeks preceding the survey (%),2.8,4.3,False,False
Rajasthan,Jaipur,Treatment of Childhood Diseases (children under age 5 years),58,Prevalence of symptoms of acute respiratory infection (ARI) in the 2 weeks preceding the survey (%),5.7,0.6,False,False
Rajasthan,Jaipur,Treatment of Childhood Diseases (children under age 5 years),59,Children with fever or symptoms of ARI in the 2 weeks preceding the survey taken to a health facility or,69.4,79.4,True,False
Rajasthan,Jaipur,Child Feeding Practices and Nutritional Status of Children,60,Children under age 3 years breastfed within one hour of birth9 (%),27.5,40.7,False,False
Rajasthan,Jaipur,Child Feeding Practices and Nutritional Status of Children,61,Children under age 6 months exclusively breastfed10 (%),60.2,67.8,True,False
Rajasthan,Jaipur,Child Feeding Practices and Nutritional Status of Children,62,Children under age 6 months currently breastfeeding10 (%),100.0,92.5,True,False
Rajasthan,Jaipur,Child Feeding Practices and Nutritional Status of Children,63,Children under age 6 months exclusively breastfed or breastfeeding and consuming plain water/other,90.1,80.7,True,False
Rajasthan,Jaipur,Child Feeding Practices and Nutritional Status of Children,64,Children age 6-8 months receiving solid or semi-solid food and breastmilk10 (%),*,*,True,False
Rajasthan,Jaipur,Child Feeding Practices and Nutritional Status of Children,65,"Breastfeeding children age 6-23 months receiving an adequate diet10, 11 (%)",16.5,5.2,False,False
Rajasthan,Jaipur,Child Feeding Practices and Nutritional Status of Children,66,"Non-breastfeeding children age 6-23 months receiving an adequate diet10, 11 (%)",*,*,True,False
Rajasthan,Jaipur,Child Feeding Practices and Nutritional Status of Children,67,"Total children age 6-23 months receiving an adequate diet10, 11 (%)",14.1,5.8,False,False
Rajasthan,Jaipur,Child Feeding Practices and Nutritional Status of Children,68,Children under 5 years who are stunted (height-for-age)12 (%),24.5,25.0,False,False
Rajasthan,Jaipur,Child Feeding Practices and Nutritional Status of Children,69,Children under 5 years who are wasted (weight-for-height)12 (%),9.7,14.6,False,False
Rajasthan,Jaipur,Child Feeding Practices and Nutritional Status of Children,70,Children under 5 years who are severely wasted (weight-for-height)13 (%),1.6,4.2,False,False
Rajasthan,Jaipur,Child Feeding Practices and Nutritional Status of Children,71,Children under 5 years who are underweight (weight-for-age)12 (%),19.8,20.8,False,False
Rajasthan,Jaipur,Child Feeding Practices and Nutritional Status of Children,72,Children under 5 years who are overweight (weight-for-height)14 (%),2.7,2.0,False,False
Rajasthan,Jaipur,Nutritional Status of Adults (age 15-49 years),73,Women whose Body Mass Index (BMI) is below normal (BMI <18.5 kg/m2)15 (%),19.4,16.6,False,False
Rajasthan,Jaipur,Nutritional Status of Adults (age 15-49 years),74,Women who are overweight or obese (BMI ≥25.0 kg/m2)15 (%),26.7,18.1,False,False
Rajasthan,Jaipur,Women,75,Blood sugar level - high (141-160 mg/dl)16 (%),4.2,4.2,False,False
Rajasthan,Jaipur,Women,76,Blood sugar level - very high (>160 mg/dl)16 (%),4.3,2.9,False,False
Rajasthan,Jaipur,Women,77,Blood sugar level - high or very high (>140 mg/dl) or taking medicine to control blood sugar level16 (%),9.5,7.9,False,False
Rajasthan,Jaipur,Men,78,Blood sugar level - high (141-160 mg/dl)16 (%),4.8,4.8,False,False
Rajasthan,Jaipur,Men,79,Blood sugar level - very high (>160 mg/dl)16 (%),4.2,2.8,False,False
Rajasthan,Jaipur,Men,80,Blood sugar level - high or very high (>140 mg/dl) or taking medicine to control blood sugar level16 (%),9.9,8.5,False,False
Rajasthan,Jaipur,Women,81,Mildly elevated blood pressure (Systolic 140-159 mm of Hg and/or Diastolic 90-99 mm of Hg) (%),7.0,9.1,False,False
Rajasthan,Jaipur,Women,82,Moderately or severely elevated blood pressure (Systolic ≥160 mm of Hg and/or Diastolic ≥100 mm,4.0,3.1,False,False
Rajasthan,Jaipur,Women,83,Elevated blood pressure (Systolic ≥140 mm of Hg and/or Diastolic ≥90 mm of Hg) or taking medicine to,15.9,14.7,False,False
Rajasthan,Jaipur,Men,84,Mildly elevated blood pressure (Systolic 140-159 mm of Hg and/or Diastolic 90-99 mm of Hg) (%),10.9,11.7,False,False
Rajasthan,Jaipur,Men,85,Moderately or severely elevated blood pressure (Systolic ≥160 mm of Hg and/or Diastolic ≥100 mm,4.8,3.3,False,False
Rajasthan,Jaipur,Men,86,Elevated blood pressure (Systolic ≥140 mm of Hg and/or Diastolic ≥90 mm of Hg) or taking medicine to,17.9,16.5,False,False
Rajasthan,Jaipur,Men,87,Women having a bank or savings account that they themselves use (%),89.2,86.4,False,False
Rajasthan,Jaipur,Men,88,Women having a mobile phone that they themselves use (%),70.6,55.3,False,False
Rajasthan,Jaipur,Men,89,Women age 15-24 years who use hygienic methods of protection during their menstrual period17 (%),97.6,91.8,False,False
Rajasthan,Jaipur,Tobacco Use and Alcohol Consumption among Adults (age 15 years and above),90,Women age 15 years and above who use any kind of tobacco (%),6.8,6.3,False,False
Rajasthan,Jaipur,Tobacco Use and Alcohol Consumption among Adults (age 15 years and above),91,Men age 15 years and above who use any kind of tobacco (%),28.2,33.1,False,False
Rajasthan,Jaipur,Tobacco Use and Alcohol Consumption among Adults (age 15 years and above),92,Women age 15 years and above who consume alcohol (%),0.0,0.2,False,False
Rajasthan,Jaipur,Tobacco Use and Alcohol Consumption among Adults (age 15 years and above),93,Men age 15 years and above who consume alcohol (%),10.3,7.7,False,False
Rajasthan,Jaisalmer,Population and Household Profile,1,Population below age 5 years (%),11.7,11.1,False,False
Rajasthan,Jaisalmer,Population and Household Profile,2,Population below age 15 years (%),34.6,32.9,False,False
Rajasthan,Jaisalmer,Population and Household Profile,3,Population age 60 years and above (%),10.4,8.1,False,False
Rajasthan,Jaisalmer,Population and Household Profile,4,Population living in households with electricity (%),93.9,97.3,False,False
Rajasthan,Jaisalmer,Population and Household Profile,5,Population living in households with an improved drinking-water source1 (%),97.5,95.2,False,False
Rajasthan,Jaisalmer,Population and Household Profile,6,Households using iodized salt (%),91.0,93.0,False,False
Rajasthan,Jaisalmer,Population and Household Profile,7,Households with any usual member covered under a health insurance/financing scheme (%),94.1,93.7,False,False
Rajasthan,Jaisalmer,Population and Household Profile,8,Households with any usual member having a bank account/post office account (%),98.7,97.4,False,False
Rajasthan,Jaisalmer,Population and Household Profile,9,Female population age 6 years and above who ever attended school (%),55.5,61.7,False,False
Rajasthan,Jaisalmer,Population and Household Profile,10,Households with any usual female members owning a house and/or land (alone or jointly with others) (%),9.1,5.5,False,False
Rajasthan,Jaisalmer,Population and Household Profile,11,Children age 2-4 years who attended pre-school (%),26.9,15.3,False,False
Rajasthan,Jaisalmer,Characteristics of Adults (age 15-49 years),12,Women with 10 or more years of schooling (%),20.2,18.7,False,False
Rajasthan,Jaisalmer,Characteristics of Adults (age 15-49 years),13,Men with 10 or more years of schooling (%),45.8,40.3,False,False
Rajasthan,Jaisalmer,Characteristics of Adults (age 15-49 years),14,Women who have ever used the internet (%),61.6,39.1,False,False
Rajasthan,Jaisalmer,Characteristics of Adults (age 15-49 years),15,Men who have ever used the internet (%),76.0,74.3,False,False
Rajasthan,Jaisalmer,Marriage and Fertility,16,Women age 20-24 years married before age 18 years (%),36.6,28.9,False,False
Rajasthan,Jaisalmer,Marriage and Fertility,17,Men age 25-29 years married before age 21 years (%),*,31.4,True,False
Rajasthan,Jaisalmer,Marriage and Fertility,18,Three or more births in the 5 years preceding the survey (%),5.4,4.5,False,False
Rajasthan,Jaisalmer,Marriage and Fertility,19,Women age 15-19 years who were already mothers or pregnant at the time of the survey (%),6.3,1.0,False,False
Rajasthan,Jaisalmer,Marriage and Fertility,20,Any method2 (%),66.3,83.0,False,False
Rajasthan,Jaisalmer,Marriage and Fertility,21,Any modern method2 (%),54.2,68.2,False,False
Rajasthan,Jaisalmer,Marriage and Fertility,22,Any traditional method (%),12.1,14.8,False,False
Rajasthan,Jaisalmer,Marriage and Fertility,23,Female sterilization (%),37.5,49.3,False,False
Rajasthan,Jaisalmer,Marriage and Fertility,24,Male sterilization (%),0.2,0.3,False,False
Rajasthan,Jaisalmer,Marriage and Fertility,25,Total unmet need3 (%),10.3,5.6,False,False
Rajasthan,Jaisalmer,Marriage and Fertility,26,Unmet need for spacing3 (%),5.8,2.8,False,False
Rajasthan,Jaisalmer,Marriage and Fertility,27,Unmet need for limiting3 (%),4.5,2.8,False,False
Rajasthan,Jaisalmer,Antenatal Care (for last birth in the 5 years before the survey),28,Mothers who had an antenatal check-up in the first trimester (%),74.1,64.6,False,False
Rajasthan,Jaisalmer,Antenatal Care (for last birth in the 5 years before the survey),29,Mothers who had any antenatal care visits (%),98.2,93.3,False,False
Rajasthan,Jaisalmer,Antenatal Care (for last birth in the 5 years before the survey),30,Mothers who had at least 4 antenatal care visits (%),30.4,47.6,False,False
Rajasthan,Jaisalmer,Antenatal Care (for last birth in the 5 years before the survey),31,Mothers whose last birth was protected against neonatal tetanus4 (%),92.5,96.2,False,False
Rajasthan,Jaisalmer,Antenatal Care (for last birth in the 5 years before the survey),32,Mothers who consumed iron folic acid for 100 days or more when they were pregnant (%),35.7,37.5,False,False
Rajasthan,Jaisalmer,Antenatal Care (for last birth in the 5 years before the survey),33,Mothers who consumed iron folic acid for 180 days or more when they were pregnant (%),16.6,13.1,False,False
Rajasthan,Jaisalmer,Antenatal Care (for last birth in the 5 years before the survey),34,Registered pregnancies for which the mother received a Mother and Child Protection (MCP) card (%),95.1,98.4,False,False
Rajasthan,Jaisalmer,Delivery Care (for births in the 5 years before the survey),35,Institutional births (%),90.7,90.0,False,False
Rajasthan,Jaisalmer,Delivery Care (for births in the 5 years before the survey),36,Institutional births in public facility (%),80.7,81.1,False,False
Rajasthan,Jaisalmer,Delivery Care (for births in the 5 years before the survey),37,Births attended by skilled health personnel5 (%),95.2,93.6,False,False
Rajasthan,Jaisalmer,Delivery Care (for births in the 5 years before the survey),38,Births delivered by caesarean section (%),7.0,9.3,False,False
Rajasthan,Jaisalmer,Delivery Care (for births in the 5 years before the survey),39,Births in a private health facility that were delivered by caesarean section (%),30.4,23.9,False,False
Rajasthan,Jaisalmer,Delivery Care (for births in the 5 years before the survey),40,Births in a public health facility that were delivered by caesarean section (%),4.9,8.9,False,False
Rajasthan,Jaisalmer,Postnatal Care (for last birth in the 5 years before the survey),41,Mothers who received postnatal care from a doctor/nurse/LHV/ANM/midwife/other health personnel within 2,77.3,80.1,False,False
Rajasthan,Jaisalmer,Postnatal Care (for last birth in the 5 years before the survey),42,Children born at home who were taken to a health facility for a check-up within 24 hours of birth (%),3.4,3.7,True,False
Rajasthan,Jaisalmer,Postnatal Care (for last birth in the 5 years before the survey),43,Children who received postnatal care from a doctor/nurse/LHV/ANM/midwife/other health personnel within 2,79.3,79.0,False,False
Rajasthan,Jaisalmer,Child Vaccinations and Vitamin A Supplementation,44,Children age 12-23 months fully vaccinated based on information from either vaccination card or mother's,59.0,72.0,False,False
Rajasthan,Jaisalmer,Child Vaccinations and Vitamin A Supplementation,45,Children age 12-23 months fully vaccinated based on information from vaccination card only7 (%),69.0,74.7,False,False
Rajasthan,Jaisalmer,Child Vaccinations and Vitamin A Supplementation,46,Children age 12-23 months who have received any vaccine (%),79.3,90.9,False,False
Rajasthan,Jaisalmer,Child Vaccinations and Vitamin A Supplementation,47,Children age 12-23 months who have received BCG (%),75.0,89.8,False,False
Rajasthan,Jaisalmer,Child Vaccinations and Vitamin A Supplementation,48,Children age 12-23 months who have received 3 doses of polio vaccine8 (%),65.3,76.1,False,False
Rajasthan,Jaisalmer,Child Vaccinations and Vitamin A Supplementation,49,Children age 12-23 months who have received 3 doses of pentavalent vaccine (%),69.6,78.3,False,False
Rajasthan,Jaisalmer,Child Vaccinations and Vitamin A Supplementation,50,Children age 12-23 months who have received the first dose of measles-containing vaccine (MCV) (%),70.5,80.3,False,False
Rajasthan,Jaisalmer,Child Vaccinations and Vitamin A Supplementation,51,Children age 24-35 months who have received a second dose of measles-containing vaccine (MCV) (%),41.4,57.1,False,False
Rajasthan,Jaisalmer,Child Vaccinations and Vitamin A Supplementation,52,Children age 12-23 months who have received birth dose of hepatitis B vaccine (%),47.7,72.1,False,False
Rajasthan,Jaisalmer,Child Vaccinations and Vitamin A Supplementation,53,Children age 12-23 months who have received 3 doses of rotavirus vaccine (%),61.3,46.2,False,False
Rajasthan,Jaisalmer,Child Vaccinations and Vitamin A Supplementation,54,Children age 9-35 months who received a vitamin A dose in the last 6 months (%),58.3,70.7,False,False
Rajasthan,Jaisalmer,Child Vaccinations and Vitamin A Supplementation,55,Children age 12-23 months who received most of their vaccinations in a public health facility (%),95.6,96.8,False,False
Rajasthan,Jaisalmer,Child Vaccinations and Vitamin A Supplementation,56,Children age 12-23 months who received most of their vaccinations in a private health facility (%),3.6,2.1,False,False
Rajasthan,Jaisalmer,Treatment of Childhood Diseases (children under age 5 years),57,Prevalence of diarrhoea in the 2 weeks preceding the survey (%),4.1,7.7,False,False
Rajasthan,Jaisalmer,Treatment of Childhood Diseases (children under age 5 years),58,Prevalence of symptoms of acute respiratory infection (ARI) in the 2 weeks preceding the survey (%),0.2,3.1,False,False
Rajasthan,Jaisalmer,Treatment of Childhood Diseases (children under age 5 years),59,Children with fever or symptoms of ARI in the 2 weeks preceding the survey taken to a health facility or,87.2,71.3,True,False
Rajasthan,Jaisalmer,Child Feeding Practices and Nutritional Status of Children,60,Children under age 3 years breastfed within one hour of birth9 (%),59.1,36.4,False,False
Rajasthan,Jaisalmer,Child Feeding Practices and Nutritional Status of Children,61,Children under age 6 months exclusively breastfed10 (%),55.9,63.2,True,False
Rajasthan,Jaisalmer,Child Feeding Practices and Nutritional Status of Children,62,Children under age 6 months currently breastfeeding10 (%),90.8,98.6,True,False
Rajasthan,Jaisalmer,Child Feeding Practices and Nutritional Status of Children,63,Children under age 6 months exclusively breastfed or breastfeeding and consuming plain water/other,92.9,88.9,True,False
Rajasthan,Jaisalmer,Child Feeding Practices and Nutritional Status of Children,64,Children age 6-8 months receiving solid or semi-solid food and breastmilk10 (%),15.4,*,True,False
Rajasthan,Jaisalmer,Child Feeding Practices and Nutritional Status of Children,65,"Breastfeeding children age 6-23 months receiving an adequate diet10, 11 (%)",0.6,6.4,False,False
Rajasthan,Jaisalmer,Child Feeding Practices and Nutritional Status of Children,66,"Non-breastfeeding children age 6-23 months receiving an adequate diet10, 11 (%)",17.6,*,True,False
Rajasthan,Jaisalmer,Child Feeding Practices and Nutritional Status of Children,67,"Total children age 6-23 months receiving an adequate diet10, 11 (%)",3.7,6.1,False,False
Rajasthan,Jaisalmer,Child Feeding Practices and Nutritional Status of Children,68,Children under 5 years who are stunted (height-for-age)12 (%),28.7,25.5,False,False
Rajasthan,Jaisalmer,Child Feeding Practices and Nutritional Status of Children,69,Children under 5 years who are wasted (weight-for-height)12 (%),17.0,25.0,False,False
Rajasthan,Jaisalmer,Child Feeding Practices and Nutritional Status of Children,70,Children under 5 years who are severely wasted (weight-for-height)13 (%),5.4,13.8,False,False
Rajasthan,Jaisalmer,Child Feeding Practices and Nutritional Status of Children,71,Children under 5 years who are underweight (weight-for-age)12 (%),28.7,31.7,False,False
Rajasthan,Jaisalmer,Child Feeding Practices and Nutritional Status of Children,72,Children under 5 years who are overweight (weight-for-height)14 (%),0.6,2.7,False,False
Rajasthan,Jaisalmer,Nutritional Status of Adults (age 15-49 years),73,Women whose Body Mass Index (BMI) is below normal (BMI <18.5 kg/m2)15 (%),27.9,16.3,False,False
Rajasthan,Jaisalmer,Nutritional Status of Adults (age 15-49 years),74,Women who are overweight or obese (BMI ≥25.0 kg/m2)15 (%),21.1,11.2,False,False
Rajasthan,Jaisalmer,Women,75,Blood sugar level - high (141-160 mg/dl)16 (%),5.0,2.7,False,False
Rajasthan,Jaisalmer,Women,76,Blood sugar level - very high (>160 mg/dl)16 (%),4.9,2.0,False,False
Rajasthan,Jaisalmer,Women,77,Blood sugar level - high or very high (>140 mg/dl) or taking medicine to control blood sugar level16 (%),10.4,4.9,False,False
Rajasthan,Jaisalmer,Men,78,Blood sugar level - high (141-160 mg/dl)16 (%),8.2,5.0,False,False
Rajasthan,Jaisalmer,Men,79,Blood sugar level - very high (>160 mg/dl)16 (%),7.7,3.2,False,False
Rajasthan,Jaisalmer,Men,80,Blood sugar level - high or very high (>140 mg/dl) or taking medicine to control blood sugar level16 (%),16.7,8.8,False,False
Rajasthan,Jaisalmer,Women,81,Mildly elevated blood pressure (Systolic 140-159 mm of Hg and/or Diastolic 90-99 mm of Hg) (%),7.2,6.6,False,False
Rajasthan,Jaisalmer,Women,82,Moderately or severely elevated blood pressure (Systolic ≥160 mm of Hg and/or Diastolic ≥100 mm,3.2,1.7,False,False
Rajasthan,Jaisalmer,Women,83,Elevated blood pressure (Systolic ≥140 mm of Hg and/or Diastolic ≥90 mm of Hg) or taking medicine to,13.5,9.7,False,False
Rajasthan,Jaisalmer,Men,84,Mildly elevated blood pressure (Systolic 140-159 mm of Hg and/or Diastolic 90-99 mm of Hg) (%),13.2,12.7,False,False
Rajasthan,Jaisalmer,Men,85,Moderately or severely elevated blood pressure (Systolic ≥160 mm of Hg and/or Diastolic ≥100 mm,5.1,2.1,False,False
Rajasthan,Jaisalmer,Men,86,Elevated blood pressure (Systolic ≥140 mm of Hg and/or Diastolic ≥90 mm of Hg) or taking medicine to,21.5,15.8,False,False
Rajasthan,Jaisalmer,Men,87,Women having a bank or savings account that they themselves use (%),84.6,70.1,False,False
Rajasthan,Jaisalmer,Men,88,Women having a mobile phone that they themselves use (%),64.9,57.1,False,False
Rajasthan,Jaisalmer,Men,89,Women age 15-24 years who use hygienic methods of protection during their menstrual period17 (%),76.2,82.8,False,False
Rajasthan,Jaisalmer,Tobacco Use and Alcohol Consumption among Adults (age 15 years and above),90,Women age 15 years and above who use any kind of tobacco (%),4.2,5.0,False,False
Rajasthan,Jaisalmer,Tobacco Use and Alcohol Consumption among Adults (age 15 years and above),91,Men age 15 years and above who use any kind of tobacco (%),33.4,44.9,False,False
Rajasthan,Jaisalmer,Tobacco Use and Alcohol Consumption among Adults (age 15 years and above),92,Women age 15 years and above who consume alcohol (%),0.0,0.1,False,False
Rajasthan,Jaisalmer,Tobacco Use and Alcohol Consumption among Adults (age 15 years and above),93,Men age 15 years and above who consume alcohol (%),12.2,10.5,False,False
Rajasthan,Jalore,Population and Household Profile,1,Population below age 5 years (%),11.4,11.1,False,False
Rajasthan,Jalore,Population and Household Profile,2,Population below age 15 years (%),32.3,31.1,False,False
Rajasthan,Jalore,Population and Household Profile,3,Population age 60 years and above (%),11.8,8.8,False,False
Rajasthan,Jalore,Population and Household Profile,4,Population living in households with electricity (%),97.0,98.4,False,False
Rajasthan,Jalore,Population and Household Profile,5,Population living in households with an improved drinking-water source1 (%),93.4,98.3,False,False
Rajasthan,Jalore,Population and Household Profile,6,Households using iodized salt (%),96.4,97.0,False,False
Rajasthan,Jalore,Population and Household Profile,7,Households with any usual member covered under a health insurance/financing scheme (%),91.2,96.6,False,False
Rajasthan,Jalore,Population and Household Profile,8,Households with any usual member having a bank account/post office account (%),98.1,97.4,False,False
Rajasthan,Jalore,Population and Household Profile,9,Female population age 6 years and above who ever attended school (%),55.9,59.5,False,False
Rajasthan,Jalore,Population and Household Profile,10,Households with any usual female members owning a house and/or land (alone or jointly with others) (%),10.8,5.3,False,False
Rajasthan,Jalore,Population and Household Profile,11,Children age 2-4 years who attended pre-school (%),25.7,12.7,False,False
Rajasthan,Jalore,Characteristics of Adults (age 15-49 years),12,Women with 10 or more years of schooling (%),23.7,22.2,False,False
Rajasthan,Jalore,Characteristics of Adults (age 15-49 years),13,Men with 10 or more years of schooling (%),31.8,46.0,False,False
Rajasthan,Jalore,Characteristics of Adults (age 15-49 years),14,Women who have ever used the internet (%),60.9,37.3,False,False
Rajasthan,Jalore,Characteristics of Adults (age 15-49 years),15,Men who have ever used the internet (%),71.2,58.7,False,False
Rajasthan,Jalore,Marriage and Fertility,16,Women age 20-24 years married before age 18 years (%),20.1,23.3,False,False
Rajasthan,Jalore,Marriage and Fertility,17,Men age 25-29 years married before age 21 years (%),32.0,30.2,True,False
Rajasthan,Jalore,Marriage and Fertility,18,Three or more births in the 5 years preceding the survey (%),6.1,2.4,False,False
Rajasthan,Jalore,Marriage and Fertility,19,Women age 15-19 years who were already mothers or pregnant at the time of the survey (%),3.0,2.9,False,False
Rajasthan,Jalore,Marriage and Fertility,20,Any method2 (%),68.7,54.2,False,False
Rajasthan,Jalore,Marriage and Fertility,21,Any modern method2 (%),51.1,46.2,False,False
Rajasthan,Jalore,Marriage and Fertility,22,Any traditional method (%),17.6,8.0,False,False
Rajasthan,Jalore,Marriage and Fertility,23,Female sterilization (%),37.4,34.2,False,False
Rajasthan,Jalore,Marriage and Fertility,24,Male sterilization (%),0.1,0.0,False,False
Rajasthan,Jalore,Marriage and Fertility,25,Total unmet need3 (%),9.6,14.8,False,False
Rajasthan,Jalore,Marriage and Fertility,26,Unmet need for spacing3 (%),5.0,6.9,False,False
Rajasthan,Jalore,Marriage and Fertility,27,Unmet need for limiting3 (%),4.6,7.9,False,False
Rajasthan,Jalore,Antenatal Care (for last birth in the 5 years before the survey),28,Mothers who had an antenatal check-up in the first trimester (%),73.5,82.1,False,False
Rajasthan,Jalore,Antenatal Care (for last birth in the 5 years before the survey),29,Mothers who had any antenatal care visits (%),97.8,96.5,False,False
Rajasthan,Jalore,Antenatal Care (for last birth in the 5 years before the survey),30,Mothers who had at least 4 antenatal care visits (%),54.4,71.2,False,False
Rajasthan,Jalore,Antenatal Care (for last birth in the 5 years before the survey),31,Mothers whose last birth was protected against neonatal tetanus4 (%),90.2,95.8,False,False
Rajasthan,Jalore,Antenatal Care (for last birth in the 5 years before the survey),32,Mothers who consumed iron folic acid for 100 days or more when they were pregnant (%),38.9,38.0,False,False
Rajasthan,Jalore,Antenatal Care (for last birth in the 5 years before the survey),33,Mothers who consumed iron folic acid for 180 days or more when they were pregnant (%),13.0,15.2,False,False
Rajasthan,Jalore,Antenatal Care (for last birth in the 5 years before the survey),34,Registered pregnancies for which the mother received a Mother and Child Protection (MCP) card (%),98.0,98.0,False,False
Rajasthan,Jalore,Delivery Care (for births in the 5 years before the survey),35,Institutional births (%),93.5,95.5,False,False
Rajasthan,Jalore,Delivery Care (for births in the 5 years before the survey),36,Institutional births in public facility (%),36.8,73.7,False,False
Rajasthan,Jalore,Delivery Care (for births in the 5 years before the survey),37,Births attended by skilled health personnel5 (%),95.5,94.8,False,False
Rajasthan,Jalore,Delivery Care (for births in the 5 years before the survey),38,Births delivered by caesarean section (%),8.0,4.1,False,False
Rajasthan,Jalore,Delivery Care (for births in the 5 years before the survey),39,Births in a private health facility that were delivered by caesarean section (%),11.6,13.5,False,False
Rajasthan,Jalore,Delivery Care (for births in the 5 years before the survey),40,Births in a public health facility that were delivered by caesarean section (%),3.8,1.5,False,False
Rajasthan,Jalore,Postnatal Care (for last birth in the 5 years before the survey),41,Mothers who received postnatal care from a doctor/nurse/LHV/ANM/midwife/other health personnel within 2,83.3,87.6,False,False
Rajasthan,Jalore,Postnatal Care (for last birth in the 5 years before the survey),42,Children born at home who were taken to a health facility for a check-up within 24 hours of birth (%),0.0,*,True,False
Rajasthan,Jalore,Postnatal Care (for last birth in the 5 years before the survey),43,Children who received postnatal care from a doctor/nurse/LHV/ANM/midwife/other health personnel within 2,88.7,87.0,False,False
Rajasthan,Jalore,Child Vaccinations and Vitamin A Supplementation,44,Children age 12-23 months fully vaccinated based on information from either vaccination card or mother's,80.1,78.0,False,False
Rajasthan,Jalore,Child Vaccinations and Vitamin A Supplementation,45,Children age 12-23 months fully vaccinated based on information from vaccination card only7 (%),67.9,82.4,False,False
Rajasthan,Jalore,Child Vaccinations and Vitamin A Supplementation,46,Children age 12-23 months who have received any vaccine (%),87.7,97.4,False,False
Rajasthan,Jalore,Child Vaccinations and Vitamin A Supplementation,47,Children age 12-23 months who have received BCG (%),85.5,97.4,False,False
Rajasthan,Jalore,Child Vaccinations and Vitamin A Supplementation,48,Children age 12-23 months who have received 3 doses of polio vaccine8 (%),82.2,84.5,False,False
Rajasthan,Jalore,Child Vaccinations and Vitamin A Supplementation,49,Children age 12-23 months who have received 3 doses of pentavalent vaccine (%),86.2,85.3,False,False
Rajasthan,Jalore,Child Vaccinations and Vitamin A Supplementation,50,Children age 12-23 months who have received the first dose of measles-containing vaccine (MCV) (%),87.0,87.7,False,False
Rajasthan,Jalore,Child Vaccinations and Vitamin A Supplementation,51,Children age 24-35 months who have received a second dose of measles-containing vaccine (MCV) (%),41.7,52.8,False,False
Rajasthan,Jalore,Child Vaccinations and Vitamin A Supplementation,52,Children age 12-23 months who have received birth dose of hepatitis B vaccine (%),70.8,68.4,False,False
Rajasthan,Jalore,Child Vaccinations and Vitamin A Supplementation,53,Children age 12-23 months who have received 3 doses of rotavirus vaccine (%),78.1,62.5,False,False
Rajasthan,Jalore,Child Vaccinations and Vitamin A Supplementation,54,Children age 9-35 months who received a vitamin A dose in the last 6 months (%),76.1,76.7,False,False
Rajasthan,Jalore,Child Vaccinations and Vitamin A Supplementation,55,Children age 12-23 months who received most of their vaccinations in a public health facility (%),98.4,96.7,False,False
Rajasthan,Jalore,Child Vaccinations and Vitamin A Supplementation,56,Children age 12-23 months who received most of their vaccinations in a private health facility (%),0.8,2.3,False,False
Rajasthan,Jalore,Treatment of Childhood Diseases (children under age 5 years),57,Prevalence of diarrhoea in the 2 weeks preceding the survey (%),4.1,5.2,False,False
Rajasthan,Jalore,Treatment of Childhood Diseases (children under age 5 years),58,Prevalence of symptoms of acute respiratory infection (ARI) in the 2 weeks preceding the survey (%),0.7,1.7,False,False
Rajasthan,Jalore,Treatment of Childhood Diseases (children under age 5 years),59,Children with fever or symptoms of ARI in the 2 weeks preceding the survey taken to a health facility or,71.2,*,True,False
Rajasthan,Jalore,Child Feeding Practices and Nutritional Status of Children,60,Children under age 3 years breastfed within one hour of birth9 (%),56.8,43.3,False,False
Rajasthan,Jalore,Child Feeding Practices and Nutritional Status of Children,61,Children under age 6 months exclusively breastfed10 (%),49.4,78.6,False,False
Rajasthan,Jalore,Child Feeding Practices and Nutritional Status of Children,62,Children under age 6 months currently breastfeeding10 (%),98.4,99.1,False,False
Rajasthan,Jalore,Child Feeding Practices and Nutritional Status of Children,63,Children under age 6 months exclusively breastfed or breastfeeding and consuming plain water/other,75.9,94.7,False,False
Rajasthan,Jalore,Child Feeding Practices and Nutritional Status of Children,64,Children age 6-8 months receiving solid or semi-solid food and breastmilk10 (%),32.6,*,True,False
Rajasthan,Jalore,Child Feeding Practices and Nutritional Status of Children,65,"Breastfeeding children age 6-23 months receiving an adequate diet10, 11 (%)",10.8,5.8,False,False
Rajasthan,Jalore,Child Feeding Practices and Nutritional Status of Children,66,"Non-breastfeeding children age 6-23 months receiving an adequate diet10, 11 (%)",*,*,True,False
Rajasthan,Jalore,Child Feeding Practices and Nutritional Status of Children,67,"Total children age 6-23 months receiving an adequate diet10, 11 (%)",11.7,5.0,False,False
Rajasthan,Jalore,Child Feeding Practices and Nutritional Status of Children,68,Children under 5 years who are stunted (height-for-age)12 (%),43.8,44.3,False,False
Rajasthan,Jalore,Child Feeding Practices and Nutritional Status of Children,69,Children under 5 years who are wasted (weight-for-height)12 (%),22.5,12.1,False,False
Rajasthan,Jalore,Child Feeding Practices and Nutritional Status of Children,70,Children under 5 years who are severely wasted (weight-for-height)13 (%),8.2,4.8,False,False
Rajasthan,Jalore,Child Feeding Practices and Nutritional Status of Children,71,Children under 5 years who are underweight (weight-for-age)12 (%),44.7,36.5,False,False
Rajasthan,Jalore,Child Feeding Practices and Nutritional Status of Children,72,Children under 5 years who are overweight (weight-for-height)14 (%),1.8,3.0,False,False
Rajasthan,Jalore,Nutritional Status of Adults (age 15-49 years),73,Women whose Body Mass Index (BMI) is below normal (BMI <18.5 kg/m2)15 (%),34.7,19.7,False,False
Rajasthan,Jalore,Nutritional Status of Adults (age 15-49 years),74,Women who are overweight or obese (BMI ≥25.0 kg/m2)15 (%),9.8,4.3,False,False
Rajasthan,Jalore,Women,75,Blood sugar level - high (141-160 mg/dl)16 (%),5.5,4.3,False,False
Rajasthan,Jalore,Women,76,Blood sugar level - very high (>160 mg/dl)16 (%),3.6,4.4,False,False
Rajasthan,Jalore,Women,77,Blood sugar level - high or very high (>140 mg/dl) or taking medicine to control blood sugar level16 (%),9.3,9.1,False,False
Rajasthan,Jalore,Men,78,Blood sugar level - high (141-160 mg/dl)16 (%),8.2,6.2,False,False
Rajasthan,Jalore,Men,79,Blood sugar level - very high (>160 mg/dl)16 (%),4.2,4.3,False,False
Rajasthan,Jalore,Men,80,Blood sugar level - high or very high (>140 mg/dl) or taking medicine to control blood sugar level16 (%),12.7,10.8,False,False
Rajasthan,Jalore,Women,81,Mildly elevated blood pressure (Systolic 140-159 mm of Hg and/or Diastolic 90-99 mm of Hg) (%),6.7,7.9,False,False
Rajasthan,Jalore,Women,82,Moderately or severely elevated blood pressure (Systolic ≥160 mm of Hg and/or Diastolic ≥100 mm,1.3,1.6,False,False
Rajasthan,Jalore,Women,83,Elevated blood pressure (Systolic ≥140 mm of Hg and/or Diastolic ≥90 mm of Hg) or taking medicine to,9.1,10.4,False,False
Rajasthan,Jalore,Men,84,Mildly elevated blood pressure (Systolic 140-159 mm of Hg and/or Diastolic 90-99 mm of Hg) (%),10.3,9.0,False,False
Rajasthan,Jalore,Men,85,Moderately or severely elevated blood pressure (Systolic ≥160 mm of Hg and/or Diastolic ≥100 mm,1.3,1.6,False,False
Rajasthan,Jalore,Men,86,Elevated blood pressure (Systolic ≥140 mm of Hg and/or Diastolic ≥90 mm of Hg) or taking medicine to,12.3,11.5,False,False
Rajasthan,Jalore,Men,87,Women having a bank or savings account that they themselves use (%),83.5,76.6,False,False
Rajasthan,Jalore,Men,88,Women having a mobile phone that they themselves use (%),61.2,56.9,False,False
Rajasthan,Jalore,Men,89,Women age 15-24 years who use hygienic methods of protection during their menstrual period17 (%),80.9,79.8,False,False
Rajasthan,Jalore,Tobacco Use and Alcohol Consumption among Adults (age 15 years and above),90,Women age 15 years and above who use any kind of tobacco (%),7.3,6.5,False,False
Rajasthan,Jalore,Tobacco Use and Alcohol Consumption among Adults (age 15 years and above),91,Men age 15 years and above who use any kind of tobacco (%),40.9,44.2,False,False
Rajasthan,Jalore,Tobacco Use and Alcohol Consumption among Adults (age 15 years and above),92,Women age 15 years and above who consume alcohol (%),0.3,0.5,False,False
Rajasthan,Jalore,Tobacco Use and Alcohol Consumption among Adults (age 15 years and above),93,Men age 15 years and above who consume alcohol (%),8.0,9.9,False,False
Rajasthan,Jhalawar,Population and Household Profile,1,Population below age 5 years (%),9.4,8.4,False,False
Rajasthan,Jhalawar,Population and Household Profile,2,Population below age 15 years (%),25.9,25.7,False,False
Rajasthan,Jhalawar,Population and Household Profile,3,Population age 60 years and above (%),12.2,12.3,False,False
Rajasthan,Jhalawar,Population and Household Profile,4,Population living in households with electricity (%),99.7,99.3,False,False
Rajasthan,Jhalawar,Population and Household Profile,5,Population living in households with an improved drinking-water source1 (%),88.4,92.4,False,False
Rajasthan,Jhalawar,Population and Household Profile,6,Households using iodized salt (%),98.9,95.5,False,False
Rajasthan,Jhalawar,Population and Household Profile,7,Households with any usual member covered under a health insurance/financing scheme (%),89.2,93.6,False,False
Rajasthan,Jhalawar,Population and Household Profile,8,Households with any usual member having a bank account/post office account (%),99.3,97.2,False,False
Rajasthan,Jhalawar,Population and Household Profile,9,Female population age 6 years and above who ever attended school (%),62.2,55.6,False,False
Rajasthan,Jhalawar,Population and Household Profile,10,Households with any usual female members owning a house and/or land (alone or jointly with others) (%),15.9,8.2,False,False
Rajasthan,Jhalawar,Population and Household Profile,11,Children age 2-4 years who attended pre-school (%),40.9,30.6,False,False
Rajasthan,Jhalawar,Characteristics of Adults (age 15-49 years),12,Women with 10 or more years of schooling (%),29.4,22.4,False,False
Rajasthan,Jhalawar,Characteristics of Adults (age 15-49 years),13,Men with 10 or more years of schooling (%),40.7,36.5,False,False
Rajasthan,Jhalawar,Characteristics of Adults (age 15-49 years),14,Women who have ever used the internet (%),60.0,19.5,False,False
Rajasthan,Jhalawar,Characteristics of Adults (age 15-49 years),15,Men who have ever used the internet (%),70.8,55.4,False,False
Rajasthan,Jhalawar,Marriage and Fertility,16,Women age 20-24 years married before age 18 years (%),35.2,37.8,False,False
Rajasthan,Jhalawar,Marriage and Fertility,17,Men age 25-29 years married before age 21 years (%),56.6,45.8,True,False
Rajasthan,Jhalawar,Marriage and Fertility,18,Three or more births in the 5 years preceding the survey (%),1.4,1.3,False,False
Rajasthan,Jhalawar,Marriage and Fertility,19,Women age 15-19 years who were already mothers or pregnant at the time of the survey (%),5.6,5.6,False,False
Rajasthan,Jhalawar,Marriage and Fertility,20,Any method2 (%),74.7,74.4,False,False
Rajasthan,Jhalawar,Marriage and Fertility,21,Any modern method2 (%),61.3,67.8,False,False
Rajasthan,Jhalawar,Marriage and Fertility,22,Any traditional method (%),13.4,6.6,False,False
Rajasthan,Jhalawar,Marriage and Fertility,23,Female sterilization (%),45.0,49.3,False,False
Rajasthan,Jhalawar,Marriage and Fertility,24,Male sterilization (%),0.3,0.0,False,False
Rajasthan,Jhalawar,Marriage and Fertility,25,Total unmet need3 (%),9.1,6.8,False,False
Rajasthan,Jhalawar,Marriage and Fertility,26,Unmet need for spacing3 (%),5.5,4.3,False,False
Rajasthan,Jhalawar,Marriage and Fertility,27,Unmet need for limiting3 (%),3.6,2.5,False,False
Rajasthan,Jhalawar,Antenatal Care (for last birth in the 5 years before the survey),28,Mothers who had an antenatal check-up in the first trimester (%),83.1,89.9,False,False
Rajasthan,Jhalawar,Antenatal Care (for last birth in the 5 years before the survey),29,Mothers who had any antenatal care visits (%),97.6,100.0,False,False
Rajasthan,Jhalawar,Antenatal Care (for last birth in the 5 years before the survey),30,Mothers who had at least 4 antenatal care visits (%),77.4,72.3,False,False
Rajasthan,Jhalawar,Antenatal Care (for last birth in the 5 years before the survey),31,Mothers whose last birth was protected against neonatal tetanus4 (%),97.4,95.9,False,False
Rajasthan,Jhalawar,Antenatal Care (for last birth in the 5 years before the survey),32,Mothers who consumed iron folic acid for 100 days or more when they were pregnant (%),47.4,30.3,False,False
Rajasthan,Jhalawar,Antenatal Care (for last birth in the 5 years before the survey),33,Mothers who consumed iron folic acid for 180 days or more when they were pregnant (%),36.4,9.1,False,False
Rajasthan,Jhalawar,Antenatal Care (for last birth in the 5 years before the survey),34,Registered pregnancies for which the mother received a Mother and Child Protection (MCP) card (%),98.8,99.8,False,False
Rajasthan,Jhalawar,Delivery Care (for births in the 5 years before the survey),35,Institutional births (%),98.7,98.3,False,False
Rajasthan,Jhalawar,Delivery Care (for births in the 5 years before the survey),36,Institutional births in public facility (%),88.4,92.2,False,False
Rajasthan,Jhalawar,Delivery Care (for births in the 5 years before the survey),37,Births attended by skilled health personnel5 (%),95.5,98.5,False,False
Rajasthan,Jhalawar,Delivery Care (for births in the 5 years before the survey),38,Births delivered by caesarean section (%),13.8,8.6,False,False
Rajasthan,Jhalawar,Delivery Care (for births in the 5 years before the survey),39,Births in a private health facility that were delivered by caesarean section (%),46.7,*,True,False
Rajasthan,Jhalawar,Delivery Care (for births in the 5 years before the survey),40,Births in a public health facility that were delivered by caesarean section (%),10.2,6.6,False,False
Rajasthan,Jhalawar,Postnatal Care (for last birth in the 5 years before the survey),41,Mothers who received postnatal care from a doctor/nurse/LHV/ANM/midwife/other health personnel within 2,85.6,89.7,False,False
Rajasthan,Jhalawar,Postnatal Care (for last birth in the 5 years before the survey),42,Children born at home who were taken to a health facility for a check-up within 24 hours of birth (%),*,*,True,False
Rajasthan,Jhalawar,Postnatal Care (for last birth in the 5 years before the survey),43,Children who received postnatal care from a doctor/nurse/LHV/ANM/midwife/other health personnel within 2,93.2,91.0,False,False
Rajasthan,Jhalawar,Child Vaccinations and Vitamin A Supplementation,44,Children age 12-23 months fully vaccinated based on information from either vaccination card or mother's,94.2,81.5,False,False
Rajasthan,Jhalawar,Child Vaccinations and Vitamin A Supplementation,45,Children age 12-23 months fully vaccinated based on information from vaccination card only7 (%),87.6,92.0,False,False
Rajasthan,Jhalawar,Child Vaccinations and Vitamin A Supplementation,46,Children age 12-23 months who have received any vaccine (%),99.0,98.8,False,False
Rajasthan,Jhalawar,Child Vaccinations and Vitamin A Supplementation,47,Children age 12-23 months who have received BCG (%),97.9,98.8,False,False
Rajasthan,Jhalawar,Child Vaccinations and Vitamin A Supplementation,48,Children age 12-23 months who have received 3 doses of polio vaccine8 (%),95.3,83.9,False,False
Rajasthan,Jhalawar,Child Vaccinations and Vitamin A Supplementation,49,Children age 12-23 months who have received 3 doses of pentavalent vaccine (%),94.2,90.8,False,False
Rajasthan,Jhalawar,Child Vaccinations and Vitamin A Supplementation,50,Children age 12-23 months who have received the first dose of measles-containing vaccine (MCV) (%),95.3,90.6,False,False
Rajasthan,Jhalawar,Child Vaccinations and Vitamin A Supplementation,51,Children age 24-35 months who have received a second dose of measles-containing vaccine (MCV) (%),80.6,72.4,False,False
Rajasthan,Jhalawar,Child Vaccinations and Vitamin A Supplementation,52,Children age 12-23 months who have received birth dose of hepatitis B vaccine (%),96.7,84.9,False,False
Rajasthan,Jhalawar,Child Vaccinations and Vitamin A Supplementation,53,Children age 12-23 months who have received 3 doses of rotavirus vaccine (%),92.9,77.6,False,False
Rajasthan,Jhalawar,Child Vaccinations and Vitamin A Supplementation,54,Children age 9-35 months who received a vitamin A dose in the last 6 months (%),60.4,67.8,False,False
Rajasthan,Jhalawar,Child Vaccinations and Vitamin A Supplementation,55,Children age 12-23 months who received most of their vaccinations in a public health facility (%),97.4,100.0,False,False
Rajasthan,Jhalawar,Child Vaccinations and Vitamin A Supplementation,56,Children age 12-23 months who received most of their vaccinations in a private health facility (%),0.0,0.0,False,False
Rajasthan,Jhalawar,Treatment of Childhood Diseases (children under age 5 years),57,Prevalence of diarrhoea in the 2 weeks preceding the survey (%),3.9,3.7,False,False
Rajasthan,Jhalawar,Treatment of Childhood Diseases (children under age 5 years),58,Prevalence of symptoms of acute respiratory infection (ARI) in the 2 weeks preceding the survey (%),3.7,5.1,False,False
Rajasthan,Jhalawar,Treatment of Childhood Diseases (children under age 5 years),59,Children with fever or symptoms of ARI in the 2 weeks preceding the survey taken to a health facility or,84.8,59.3,True,False
Rajasthan,Jhalawar,Child Feeding Practices and Nutritional Status of Children,60,Children under age 3 years breastfed within one hour of birth9 (%),52.1,59.3,False,False
Rajasthan,Jhalawar,Child Feeding Practices and Nutritional Status of Children,61,Children under age 6 months exclusively breastfed10 (%),73.8,77.1,True,False
Rajasthan,Jhalawar,Child Feeding Practices and Nutritional Status of Children,62,Children under age 6 months currently breastfeeding10 (%),97.5,98.0,True,False
Rajasthan,Jhalawar,Child Feeding Practices and Nutritional Status of Children,63,Children under age 6 months exclusively breastfed or breastfeeding and consuming plain water/other,97.6,90.1,True,False
Rajasthan,Jhalawar,Child Feeding Practices and Nutritional Status of Children,64,Children age 6-8 months receiving solid or semi-solid food and breastmilk10 (%),*,*,True,False
Rajasthan,Jhalawar,Child Feeding Practices and Nutritional Status of Children,65,"Breastfeeding children age 6-23 months receiving an adequate diet10, 11 (%)",4.9,6.0,False,False
Rajasthan,Jhalawar,Child Feeding Practices and Nutritional Status of Children,66,"Non-breastfeeding children age 6-23 months receiving an adequate diet10, 11 (%)",*,*,True,False
Rajasthan,Jhalawar,Child Feeding Practices and Nutritional Status of Children,67,"Total children age 6-23 months receiving an adequate diet10, 11 (%)",7.2,5.8,False,False
Rajasthan,Jhalawar,Child Feeding Practices and Nutritional Status of Children,68,Children under 5 years who are stunted (height-for-age)12 (%),32.1,34.0,False,False
Rajasthan,Jhalawar,Child Feeding Practices and Nutritional Status of Children,69,Children under 5 years who are wasted (weight-for-height)12 (%),23.1,29.0,False,False
Rajasthan,Jhalawar,Child Feeding Practices and Nutritional Status of Children,70,Children under 5 years who are severely wasted (weight-for-height)13 (%),7.9,14.0,False,False
Rajasthan,Jhalawar,Child Feeding Practices and Nutritional Status of Children,71,Children under 5 years who are underweight (weight-for-age)12 (%),39.2,38.1,False,False
Rajasthan,Jhalawar,Child Feeding Practices and Nutritional Status of Children,72,Children under 5 years who are overweight (weight-for-height)14 (%),0.2,1.4,False,False
Rajasthan,Jhalawar,Nutritional Status of Adults (age 15-49 years),73,Women whose Body Mass Index (BMI) is below normal (BMI <18.5 kg/m2)15 (%),35.2,19.8,False,False
Rajasthan,Jhalawar,Nutritional Status of Adults (age 15-49 years),74,Women who are overweight or obese (BMI ≥25.0 kg/m2)15 (%),15.9,8.6,False,False
Rajasthan,Jhalawar,Women,75,Blood sugar level - high (141-160 mg/dl)16 (%),4.1,4.6,False,False
Rajasthan,Jhalawar,Women,76,Blood sugar level - very high (>160 mg/dl)16 (%),3.9,2.7,False,False
Rajasthan,Jhalawar,Women,77,Blood sugar level - high or very high (>140 mg/dl) or taking medicine to control blood sugar level16 (%),8.7,7.7,False,False
Rajasthan,Jhalawar,Men,78,Blood sugar level - high (141-160 mg/dl)16 (%),5.2,6.4,False,False
Rajasthan,Jhalawar,Men,79,Blood sugar level - very high (>160 mg/dl)16 (%),4.8,2.0,False,False
Rajasthan,Jhalawar,Men,80,Blood sugar level - high or very high (>140 mg/dl) or taking medicine to control blood sugar level16 (%),10.5,8.8,False,False
Rajasthan,Jhalawar,Women,81,Mildly elevated blood pressure (Systolic 140-159 mm of Hg and/or Diastolic 90-99 mm of Hg) (%),8.2,9.4,False,False
Rajasthan,Jhalawar,Women,82,Moderately or severely elevated blood pressure (Systolic ≥160 mm of Hg and/or Diastolic ≥100 mm,5.5,3.8,False,False
Rajasthan,Jhalawar,Women,83,Elevated blood pressure (Systolic ≥140 mm of Hg and/or Diastolic ≥90 mm of Hg) or taking medicine to,17.9,15.0,False,False
Rajasthan,Jhalawar,Men,84,Mildly elevated blood pressure (Systolic 140-159 mm of Hg and/or Diastolic 90-99 mm of Hg) (%),10.7,12.7,False,False
Rajasthan,Jhalawar,Men,85,Moderately or severely elevated blood pressure (Systolic ≥160 mm of Hg and/or Diastolic ≥100 mm,5.6,3.6,False,False
Rajasthan,Jhalawar,Men,86,Elevated blood pressure (Systolic ≥140 mm of Hg and/or Diastolic ≥90 mm of Hg) or taking medicine to,18.4,17.3,False,False
Rajasthan,Jhalawar,Men,87,Women having a bank or savings account that they themselves use (%),91.9,73.1,False,False
Rajasthan,Jhalawar,Men,88,Women having a mobile phone that they themselves use (%),46.4,33.8,False,False
Rajasthan,Jhalawar,Men,89,Women age 15-24 years who use hygienic methods of protection during their menstrual period17 (%),63.8,62.1,False,False
Rajasthan,Jhalawar,Tobacco Use and Alcohol Consumption among Adults (age 15 years and above),90,Women age 15 years and above who use any kind of tobacco (%),6.8,9.8,False,False
Rajasthan,Jhalawar,Tobacco Use and Alcohol Consumption among Adults (age 15 years and above),91,Men age 15 years and above who use any kind of tobacco (%),46.7,55.4,False,False
Rajasthan,Jhalawar,Tobacco Use and Alcohol Consumption among Adults (age 15 years and above),92,Women age 15 years and above who consume alcohol (%),0.2,0.4,False,False
Rajasthan,Jhalawar,Tobacco Use and Alcohol Consumption among Adults (age 15 years and above),93,Men age 15 years and above who consume alcohol (%),15.6,15.1,False,False
Rajasthan,Jhunjhunu,Population and Household Profile,1,Population below age 5 years (%),7.4,7.4,False,False
Rajasthan,Jhunjhunu,Population and Household Profile,2,Population below age 15 years (%),23.2,24.8,False,False
Rajasthan,Jhunjhunu,Population and Household Profile,3,Population age 60 years and above (%),13.8,13.5,False,False
Rajasthan,Jhunjhunu,Population and Household Profile,4,Population living in households with electricity (%),99.5,99.0,False,False
Rajasthan,Jhunjhunu,Population and Household Profile,5,Population living in households with an improved drinking-water source1 (%),99.6,98.4,False,False
Rajasthan,Jhunjhunu,Population and Household Profile,6,Households using iodized salt (%),96.4,94.9,False,False
Rajasthan,Jhunjhunu,Population and Household Profile,7,Households with any usual member covered under a health insurance/financing scheme (%),89.3,86.1,False,False
Rajasthan,Jhunjhunu,Population and Household Profile,8,Households with any usual member having a bank account/post office account (%),98.6,97.7,False,False
Rajasthan,Jhunjhunu,Population and Household Profile,9,Female population age 6 years and above who ever attended school (%),69.6,66.8,False,False
Rajasthan,Jhunjhunu,Population and Household Profile,10,Households with any usual female members owning a house and/or land (alone or jointly with others) (%),15.6,12.1,False,False
Rajasthan,Jhunjhunu,Population and Household Profile,11,Children age 2-4 years who attended pre-school (%),38.8,38.8,False,False
Rajasthan,Jhunjhunu,Characteristics of Adults (age 15-49 years),12,Women with 10 or more years of schooling (%),53.0,45.2,False,False
Rajasthan,Jhunjhunu,Characteristics of Adults (age 15-49 years),13,Men with 10 or more years of schooling (%),66.7,59.3,False,False
Rajasthan,Jhunjhunu,Characteristics of Adults (age 15-49 years),14,Women who have ever used the internet (%),78.7,42.0,False,False
Rajasthan,Jhunjhunu,Characteristics of Adults (age 15-49 years),15,Men who have ever used the internet (%),79.1,72.1,False,False
Rajasthan,Jhunjhunu,Marriage and Fertility,16,Women age 20-24 years married before age 18 years (%),10.0,18.1,False,False
Rajasthan,Jhunjhunu,Marriage and Fertility,17,Men age 25-29 years married before age 21 years (%),*,21.6,True,False
Rajasthan,Jhunjhunu,Marriage and Fertility,18,Three or more births in the 5 years preceding the survey (%),1.9,2.1,False,False
Rajasthan,Jhunjhunu,Marriage and Fertility,19,Women age 15-19 years who were already mothers or pregnant at the time of the survey (%),2.1,0.8,False,False
Rajasthan,Jhunjhunu,Marriage and Fertility,20,Any method2 (%),76.8,77.8,False,False
Rajasthan,Jhunjhunu,Marriage and Fertility,21,Any modern method2 (%),59.4,69.1,False,False
Rajasthan,Jhunjhunu,Marriage and Fertility,22,Any traditional method (%),17.4,8.7,False,False
Rajasthan,Jhunjhunu,Marriage and Fertility,23,Female sterilization (%),39.4,48.3,False,False
Rajasthan,Jhunjhunu,Marriage and Fertility,24,Male sterilization (%),1.4,1.0,False,False
Rajasthan,Jhunjhunu,Marriage and Fertility,25,Total unmet need3 (%),7.4,7.1,False,False
Rajasthan,Jhunjhunu,Marriage and Fertility,26,Unmet need for spacing3 (%),3.8,3.7,False,False
Rajasthan,Jhunjhunu,Marriage and Fertility,27,Unmet need for limiting3 (%),3.6,3.4,False,False
Rajasthan,Jhunjhunu,Antenatal Care (for last birth in the 5 years before the survey),28,Mothers who had an antenatal check-up in the first trimester (%),81.7,80.1,False,False
Rajasthan,Jhunjhunu,Antenatal Care (for last birth in the 5 years before the survey),29,Mothers who had any antenatal care visits (%),94.3,91.3,False,False
Rajasthan,Jhunjhunu,Antenatal Care (for last birth in the 5 years before the survey),30,Mothers who had at least 4 antenatal care visits (%),63.6,49.2,False,False
Rajasthan,Jhunjhunu,Antenatal Care (for last birth in the 5 years before the survey),31,Mothers whose last birth was protected against neonatal tetanus4 (%),94.2,91.6,False,False
Rajasthan,Jhunjhunu,Antenatal Care (for last birth in the 5 years before the survey),32,Mothers who consumed iron folic acid for 100 days or more when they were pregnant (%),42.2,38.8,False,False
Rajasthan,Jhunjhunu,Antenatal Care (for last birth in the 5 years before the survey),33,Mothers who consumed iron folic acid for 180 days or more when they were pregnant (%),28.8,16.5,False,False
Rajasthan,Jhunjhunu,Antenatal Care (for last birth in the 5 years before the survey),34,Registered pregnancies for which the mother received a Mother and Child Protection (MCP) card (%),98.1,98.9,False,False
Rajasthan,Jhunjhunu,Delivery Care (for births in the 5 years before the survey),35,Institutional births (%),98.3,97.1,False,False
Rajasthan,Jhunjhunu,Delivery Care (for births in the 5 years before the survey),36,Institutional births in public facility (%),49.0,64.8,False,False
Rajasthan,Jhunjhunu,Delivery Care (for births in the 5 years before the survey),37,Births attended by skilled health personnel5 (%),99.4,98.6,False,False
Rajasthan,Jhunjhunu,Delivery Care (for births in the 5 years before the survey),38,Births delivered by caesarean section (%),24.3,13.7,False,False
Rajasthan,Jhunjhunu,Delivery Care (for births in the 5 years before the survey),39,Births in a private health facility that were delivered by caesarean section (%),35.2,30.4,False,False
Rajasthan,Jhunjhunu,Delivery Care (for births in the 5 years before the survey),40,Births in a public health facility that were delivered by caesarean section (%),14.2,5.9,False,False
Rajasthan,Jhunjhunu,Postnatal Care (for last birth in the 5 years before the survey),41,Mothers who received postnatal care from a doctor/nurse/LHV/ANM/midwife/other health personnel within 2,87.0,84.6,False,False
Rajasthan,Jhunjhunu,Postnatal Care (for last birth in the 5 years before the survey),42,Children born at home who were taken to a health facility for a check-up within 24 hours of birth (%),*,*,True,False
Rajasthan,Jhunjhunu,Postnatal Care (for last birth in the 5 years before the survey),43,Children who received postnatal care from a doctor/nurse/LHV/ANM/midwife/other health personnel within 2,92.2,86.6,False,False
Rajasthan,Jhunjhunu,Child Vaccinations and Vitamin A Supplementation,44,Children age 12-23 months fully vaccinated based on information from either vaccination card or mother's,73.4,88.7,False,False
Rajasthan,Jhunjhunu,Child Vaccinations and Vitamin A Supplementation,45,Children age 12-23 months fully vaccinated based on information from vaccination card only7 (%),70.9,88.0,False,False
Rajasthan,Jhunjhunu,Child Vaccinations and Vitamin A Supplementation,46,Children age 12-23 months who have received any vaccine (%),91.8,100.0,False,False
Rajasthan,Jhunjhunu,Child Vaccinations and Vitamin A Supplementation,47,Children age 12-23 months who have received BCG (%),91.8,98.5,False,False
Rajasthan,Jhunjhunu,Child Vaccinations and Vitamin A Supplementation,48,Children age 12-23 months who have received 3 doses of polio vaccine8 (%),76.3,90.2,False,False
Rajasthan,Jhunjhunu,Child Vaccinations and Vitamin A Supplementation,49,Children age 12-23 months who have received 3 doses of pentavalent vaccine (%),81.7,96.0,False,False
Rajasthan,Jhunjhunu,Child Vaccinations and Vitamin A Supplementation,50,Children age 12-23 months who have received the first dose of measles-containing vaccine (MCV) (%),85.1,94.6,False,False
Rajasthan,Jhunjhunu,Child Vaccinations and Vitamin A Supplementation,51,Children age 24-35 months who have received a second dose of measles-containing vaccine (MCV) (%),52.7,49.2,False,False
Rajasthan,Jhunjhunu,Child Vaccinations and Vitamin A Supplementation,52,Children age 12-23 months who have received birth dose of hepatitis B vaccine (%),70.5,70.1,False,False
Rajasthan,Jhunjhunu,Child Vaccinations and Vitamin A Supplementation,53,Children age 12-23 months who have received 3 doses of rotavirus vaccine (%),76.7,52.4,False,False
Rajasthan,Jhunjhunu,Child Vaccinations and Vitamin A Supplementation,54,Children age 9-35 months who received a vitamin A dose in the last 6 months (%),68.4,62.9,False,False
Rajasthan,Jhunjhunu,Child Vaccinations and Vitamin A Supplementation,55,Children age 12-23 months who received most of their vaccinations in a public health facility (%),98.5,98.4,False,False
Rajasthan,Jhunjhunu,Child Vaccinations and Vitamin A Supplementation,56,Children age 12-23 months who received most of their vaccinations in a private health facility (%),1.5,1.6,False,False
Rajasthan,Jhunjhunu,Treatment of Childhood Diseases (children under age 5 years),57,Prevalence of diarrhoea in the 2 weeks preceding the survey (%),1.8,3.7,False,False
Rajasthan,Jhunjhunu,Treatment of Childhood Diseases (children under age 5 years),58,Prevalence of symptoms of acute respiratory infection (ARI) in the 2 weeks preceding the survey (%),1.0,3.1,False,False
Rajasthan,Jhunjhunu,Treatment of Childhood Diseases (children under age 5 years),59,Children with fever or symptoms of ARI in the 2 weeks preceding the survey taken to a health facility or,84.3,*,True,False
Rajasthan,Jhunjhunu,Child Feeding Practices and Nutritional Status of Children,60,Children under age 3 years breastfed within one hour of birth9 (%),35.2,43.3,False,False
Rajasthan,Jhunjhunu,Child Feeding Practices and Nutritional Status of Children,61,Children under age 6 months exclusively breastfed10 (%),86.8,83.5,True,False
Rajasthan,Jhunjhunu,Child Feeding Practices and Nutritional Status of Children,62,Children under age 6 months currently breastfeeding10 (%),100.0,95.5,True,False
Rajasthan,Jhunjhunu,Child Feeding Practices and Nutritional Status of Children,63,Children under age 6 months exclusively breastfed or breastfeeding and consuming plain water/other,100.0,83.5,True,False
Rajasthan,Jhunjhunu,Child Feeding Practices and Nutritional Status of Children,64,Children age 6-8 months receiving solid or semi-solid food and breastmilk10 (%),*,*,True,False
Rajasthan,Jhunjhunu,Child Feeding Practices and Nutritional Status of Children,65,"Breastfeeding children age 6-23 months receiving an adequate diet10, 11 (%)",3.8,11.4,False,False
Rajasthan,Jhunjhunu,Child Feeding Practices and Nutritional Status of Children,66,"Non-breastfeeding children age 6-23 months receiving an adequate diet10, 11 (%)",*,*,True,False
Rajasthan,Jhunjhunu,Child Feeding Practices and Nutritional Status of Children,67,"Total children age 6-23 months receiving an adequate diet10, 11 (%)",6.3,10.7,False,False
Rajasthan,Jhunjhunu,Child Feeding Practices and Nutritional Status of Children,68,Children under 5 years who are stunted (height-for-age)12 (%),18.2,20.9,False,False
Rajasthan,Jhunjhunu,Child Feeding Practices and Nutritional Status of Children,69,Children under 5 years who are wasted (weight-for-height)12 (%),8.9,13.9,False,False
Rajasthan,Jhunjhunu,Child Feeding Practices and Nutritional Status of Children,70,Children under 5 years who are severely wasted (weight-for-height)13 (%),1.9,9.1,False,False
Rajasthan,Jhunjhunu,Child Feeding Practices and Nutritional Status of Children,71,Children under 5 years who are underweight (weight-for-age)12 (%),15.0,19.6,False,False
Rajasthan,Jhunjhunu,Child Feeding Practices and Nutritional Status of Children,72,Children under 5 years who are overweight (weight-for-height)14 (%),0.3,5.9,False,False
Rajasthan,Jhunjhunu,Nutritional Status of Adults (age 15-49 years),73,Women whose Body Mass Index (BMI) is below normal (BMI <18.5 kg/m2)15 (%),21.2,20.0,False,False
Rajasthan,Jhunjhunu,Nutritional Status of Adults (age 15-49 years),74,Women who are overweight or obese (BMI ≥25.0 kg/m2)15 (%),25.7,19.0,False,False
Rajasthan,Jhunjhunu,Women,75,Blood sugar level - high (141-160 mg/dl)16 (%),5.3,2.9,False,False
Rajasthan,Jhunjhunu,Women,76,Blood sugar level - very high (>160 mg/dl)16 (%),4.1,2.9,False,False
Rajasthan,Jhunjhunu,Women,77,Blood sugar level - high or very high (>140 mg/dl) or taking medicine to control blood sugar level16 (%),10.1,6.7,False,False
Rajasthan,Jhunjhunu,Men,78,Blood sugar level - high (141-160 mg/dl)16 (%),7.0,3.6,False,False
Rajasthan,Jhunjhunu,Men,79,Blood sugar level - very high (>160 mg/dl)16 (%),5.8,3.7,False,False
Rajasthan,Jhunjhunu,Men,80,Blood sugar level - high or very high (>140 mg/dl) or taking medicine to control blood sugar level16 (%),13.5,8.2,False,False
Rajasthan,Jhunjhunu,Women,81,Mildly elevated blood pressure (Systolic 140-159 mm of Hg and/or Diastolic 90-99 mm of Hg) (%),12.6,12.5,False,False
Rajasthan,Jhunjhunu,Women,82,Moderately or severely elevated blood pressure (Systolic ≥160 mm of Hg and/or Diastolic ≥100 mm,4.8,5.0,False,False
Rajasthan,Jhunjhunu,Women,83,Elevated blood pressure (Systolic ≥140 mm of Hg and/or Diastolic ≥90 mm of Hg) or taking medicine to,19.8,20.7,False,False
Rajasthan,Jhunjhunu,Men,84,Mildly elevated blood pressure (Systolic 140-159 mm of Hg and/or Diastolic 90-99 mm of Hg) (%),16.7,18.0,False,False
Rajasthan,Jhunjhunu,Men,85,Moderately or severely elevated blood pressure (Systolic ≥160 mm of Hg and/or Diastolic ≥100 mm,6.8,5.6,False,False
Rajasthan,Jhunjhunu,Men,86,Elevated blood pressure (Systolic ≥140 mm of Hg and/or Diastolic ≥90 mm of Hg) or taking medicine to,25.9,25.6,False,False
Rajasthan,Jhunjhunu,Men,87,Women having a bank or savings account that they themselves use (%),86.9,82.2,False,False
Rajasthan,Jhunjhunu,Men,88,Women having a mobile phone that they themselves use (%),69.1,56.2,False,False
Rajasthan,Jhunjhunu,Men,89,Women age 15-24 years who use hygienic methods of protection during their menstrual period17 (%),99.1,93.6,False,False
Rajasthan,Jhunjhunu,Tobacco Use and Alcohol Consumption among Adults (age 15 years and above),90,Women age 15 years and above who use any kind of tobacco (%),5.1,5.9,False,False
Rajasthan,Jhunjhunu,Tobacco Use and Alcohol Consumption among Adults (age 15 years and above),91,Men age 15 years and above who use any kind of tobacco (%),32.7,39.9,False,False
Rajasthan,Jhunjhunu,Tobacco Use and Alcohol Consumption among Adults (age 15 years and above),92,Women age 15 years and above who consume alcohol (%),0.1,0.7,False,False
Rajasthan,Jhunjhunu,Tobacco Use and Alcohol Consumption among Adults (age 15 years and above),93,Men age 15 years and above who consume alcohol (%),9.2,12.4,False,False
Rajasthan,Jodhpur,Population and Household Profile,1,Population below age 5 years (%),9.3,10.2,False,False
Rajasthan,Jodhpur,Population and Household Profile,2,Population below age 15 years (%),28.2,30.3,False,False
Rajasthan,Jodhpur,Population and Household Profile,3,Population age 60 years and above (%),10.4,9.5,False,False
Rajasthan,Jodhpur,Population and Household Profile,4,Population living in households with electricity (%),98.7,98.4,False,False
Rajasthan,Jodhpur,Population and Household Profile,5,Population living in households with an improved drinking-water source1 (%),99.3,96.5,False,False
Rajasthan,Jodhpur,Population and Household Profile,6,Households using iodized salt (%),96.2,94.5,False,False
Rajasthan,Jodhpur,Population and Household Profile,7,Households with any usual member covered under a health insurance/financing scheme (%),98.1,87.5,False,False
Rajasthan,Jodhpur,Population and Household Profile,8,Households with any usual member having a bank account/post office account (%),99.1,97.1,False,False
Rajasthan,Jodhpur,Population and Household Profile,9,Female population age 6 years and above who ever attended school (%),66.0,64.8,False,False
Rajasthan,Jodhpur,Population and Household Profile,10,Households with any usual female members owning a house and/or land (alone or jointly with others) (%),10.3,8.6,False,False
Rajasthan,Jodhpur,Population and Household Profile,11,Children age 2-4 years who attended pre-school (%),44.3,21.1,False,False
Rajasthan,Jodhpur,Characteristics of Adults (age 15-49 years),12,Women with 10 or more years of schooling (%),33.3,34.6,False,False
Rajasthan,Jodhpur,Characteristics of Adults (age 15-49 years),13,Men with 10 or more years of schooling (%),57.6,43.1,False,False
Rajasthan,Jodhpur,Characteristics of Adults (age 15-49 years),14,Women who have ever used the internet (%),74.8,43.0,False,False
Rajasthan,Jodhpur,Characteristics of Adults (age 15-49 years),15,Men who have ever used the internet (%),90.0,69.9,False,False
Rajasthan,Jodhpur,Marriage and Fertility,16,Women age 20-24 years married before age 18 years (%),25.9,28.1,False,False
Rajasthan,Jodhpur,Marriage and Fertility,17,Men age 25-29 years married before age 21 years (%),33.1,23.0,True,False
Rajasthan,Jodhpur,Marriage and Fertility,18,Three or more births in the 5 years preceding the survey (%),3.9,2.6,False,False
Rajasthan,Jodhpur,Marriage and Fertility,19,Women age 15-19 years who were already mothers or pregnant at the time of the survey (%),1.4,5.1,False,False
Rajasthan,Jodhpur,Marriage and Fertility,20,Any method2 (%),84.7,78.9,False,False
Rajasthan,Jodhpur,Marriage and Fertility,21,Any modern method2 (%),71.0,66.4,False,False
Rajasthan,Jodhpur,Marriage and Fertility,22,Any traditional method (%),13.7,12.5,False,False
Rajasthan,Jodhpur,Marriage and Fertility,23,Female sterilization (%),30.9,41.0,False,False
Rajasthan,Jodhpur,Marriage and Fertility,24,Male sterilization (%),0.0,0.0,False,False
Rajasthan,Jodhpur,Marriage and Fertility,25,Total unmet need3 (%),4.1,5.7,False,False
Rajasthan,Jodhpur,Marriage and Fertility,26,Unmet need for spacing3 (%),2.5,3.2,False,False
Rajasthan,Jodhpur,Marriage and Fertility,27,Unmet need for limiting3 (%),1.6,2.5,False,False
Rajasthan,Jodhpur,Antenatal Care (for last birth in the 5 years before the survey),28,Mothers who had an antenatal check-up in the first trimester (%),89.9,71.9,False,False
Rajasthan,Jodhpur,Antenatal Care (for last birth in the 5 years before the survey),29,Mothers who had any antenatal care visits (%),97.5,94.2,False,False
Rajasthan,Jodhpur,Antenatal Care (for last birth in the 5 years before the survey),30,Mothers who had at least 4 antenatal care visits (%),67.7,56.7,False,False
Rajasthan,Jodhpur,Antenatal Care (for last birth in the 5 years before the survey),31,Mothers whose last birth was protected against neonatal tetanus4 (%),95.9,96.4,False,False
Rajasthan,Jodhpur,Antenatal Care (for last birth in the 5 years before the survey),32,Mothers who consumed iron folic acid for 100 days or more when they were pregnant (%),38.6,46.3,False,False
Rajasthan,Jodhpur,Antenatal Care (for last birth in the 5 years before the survey),33,Mothers who consumed iron folic acid for 180 days or more when they were pregnant (%),15.7,24.4,False,False
Rajasthan,Jodhpur,Antenatal Care (for last birth in the 5 years before the survey),34,Registered pregnancies for which the mother received a Mother and Child Protection (MCP) card (%),99.8,99.4,False,False
Rajasthan,Jodhpur,Delivery Care (for births in the 5 years before the survey),35,Institutional births (%),92.3,90.0,False,False
Rajasthan,Jodhpur,Delivery Care (for births in the 5 years before the survey),36,Institutional births in public facility (%),81.0,73.9,False,False
Rajasthan,Jodhpur,Delivery Care (for births in the 5 years before the survey),37,Births attended by skilled health personnel5 (%),93.4,92.6,False,False
Rajasthan,Jodhpur,Delivery Care (for births in the 5 years before the survey),38,Births delivered by caesarean section (%),22.1,13.6,False,False
Rajasthan,Jodhpur,Delivery Care (for births in the 5 years before the survey),39,Births in a private health facility that were delivered by caesarean section (%),60.7,35.1,False,False
Rajasthan,Jodhpur,Delivery Care (for births in the 5 years before the survey),40,Births in a public health facility that were delivered by caesarean section (%),18.9,10.8,False,False
Rajasthan,Jodhpur,Postnatal Care (for last birth in the 5 years before the survey),41,Mothers who received postnatal care from a doctor/nurse/LHV/ANM/midwife/other health personnel within 2,90.1,81.6,False,False
Rajasthan,Jodhpur,Postnatal Care (for last birth in the 5 years before the survey),42,Children born at home who were taken to a health facility for a check-up within 24 hours of birth (%),*,0.0,True,False
Rajasthan,Jodhpur,Postnatal Care (for last birth in the 5 years before the survey),43,Children who received postnatal care from a doctor/nurse/LHV/ANM/midwife/other health personnel within 2,88.9,83.9,False,False
Rajasthan,Jodhpur,Child Vaccinations and Vitamin A Supplementation,44,Children age 12-23 months fully vaccinated based on information from either vaccination card or mother's,93.2,81.2,False,False
Rajasthan,Jodhpur,Child Vaccinations and Vitamin A Supplementation,45,Children age 12-23 months fully vaccinated based on information from vaccination card only7 (%),81.8,77.0,False,False
Rajasthan,Jodhpur,Child Vaccinations and Vitamin A Supplementation,46,Children age 12-23 months who have received any vaccine (%),98.4,97.7,False,False
Rajasthan,Jodhpur,Child Vaccinations and Vitamin A Supplementation,47,Children age 12-23 months who have received BCG (%),97.4,94.1,False,False
Rajasthan,Jodhpur,Child Vaccinations and Vitamin A Supplementation,48,Children age 12-23 months who have received 3 doses of polio vaccine8 (%),94.2,87.2,False,False
Rajasthan,Jodhpur,Child Vaccinations and Vitamin A Supplementation,49,Children age 12-23 months who have received 3 doses of pentavalent vaccine (%),94.2,85.9,False,False
Rajasthan,Jodhpur,Child Vaccinations and Vitamin A Supplementation,50,Children age 12-23 months who have received the first dose of measles-containing vaccine (MCV) (%),95.1,89.0,False,False
Rajasthan,Jodhpur,Child Vaccinations and Vitamin A Supplementation,51,Children age 24-35 months who have received a second dose of measles-containing vaccine (MCV) (%),76.2,58.0,False,False
Rajasthan,Jodhpur,Child Vaccinations and Vitamin A Supplementation,52,Children age 12-23 months who have received birth dose of hepatitis B vaccine (%),93.8,82.2,False,False
Rajasthan,Jodhpur,Child Vaccinations and Vitamin A Supplementation,53,Children age 12-23 months who have received 3 doses of rotavirus vaccine (%),94.2,46.1,False,False
Rajasthan,Jodhpur,Child Vaccinations and Vitamin A Supplementation,54,Children age 9-35 months who received a vitamin A dose in the last 6 months (%),93.1,69.8,False,False
Rajasthan,Jodhpur,Child Vaccinations and Vitamin A Supplementation,55,Children age 12-23 months who received most of their vaccinations in a public health facility (%),98.1,97.3,False,False
Rajasthan,Jodhpur,Child Vaccinations and Vitamin A Supplementation,56,Children age 12-23 months who received most of their vaccinations in a private health facility (%),1.9,2.7,False,False
Rajasthan,Jodhpur,Treatment of Childhood Diseases (children under age 5 years),57,Prevalence of diarrhoea in the 2 weeks preceding the survey (%),3.3,5.3,False,False
Rajasthan,Jodhpur,Treatment of Childhood Diseases (children under age 5 years),58,Prevalence of symptoms of acute respiratory infection (ARI) in the 2 weeks preceding the survey (%),2.4,2.4,False,False
Rajasthan,Jodhpur,Treatment of Childhood Diseases (children under age 5 years),59,Children with fever or symptoms of ARI in the 2 weeks preceding the survey taken to a health facility or,70.6,55.0,True,False
Rajasthan,Jodhpur,Child Feeding Practices and Nutritional Status of Children,60,Children under age 3 years breastfed within one hour of birth9 (%),56.1,27.9,False,False
Rajasthan,Jodhpur,Child Feeding Practices and Nutritional Status of Children,61,Children under age 6 months exclusively breastfed10 (%),39.1,64.7,True,False
Rajasthan,Jodhpur,Child Feeding Practices and Nutritional Status of Children,62,Children under age 6 months currently breastfeeding10 (%),96.5,100.0,True,False
Rajasthan,Jodhpur,Child Feeding Practices and Nutritional Status of Children,63,Children under age 6 months exclusively breastfed or breastfeeding and consuming plain water/other,81.9,90.8,True,False
Rajasthan,Jodhpur,Child Feeding Practices and Nutritional Status of Children,64,Children age 6-8 months receiving solid or semi-solid food and breastmilk10 (%),46.7,67.2,True,False
Rajasthan,Jodhpur,Child Feeding Practices and Nutritional Status of Children,65,"Breastfeeding children age 6-23 months receiving an adequate diet10, 11 (%)",8.7,13.1,False,False
Rajasthan,Jodhpur,Child Feeding Practices and Nutritional Status of Children,66,"Non-breastfeeding children age 6-23 months receiving an adequate diet10, 11 (%)",*,*,True,False
Rajasthan,Jodhpur,Child Feeding Practices and Nutritional Status of Children,67,"Total children age 6-23 months receiving an adequate diet10, 11 (%)",9.5,12.5,False,False
Rajasthan,Jodhpur,Child Feeding Practices and Nutritional Status of Children,68,Children under 5 years who are stunted (height-for-age)12 (%),20.1,32.6,False,False
Rajasthan,Jodhpur,Child Feeding Practices and Nutritional Status of Children,69,Children under 5 years who are wasted (weight-for-height)12 (%),17.3,13.3,False,False
Rajasthan,Jodhpur,Child Feeding Practices and Nutritional Status of Children,70,Children under 5 years who are severely wasted (weight-for-height)13 (%),5.9,6.0,False,False
Rajasthan,Jodhpur,Child Feeding Practices and Nutritional Status of Children,71,Children under 5 years who are underweight (weight-for-age)12 (%),21.5,25.4,False,False
Rajasthan,Jodhpur,Child Feeding Practices and Nutritional Status of Children,72,Children under 5 years who are overweight (weight-for-height)14 (%),2.1,5.5,False,False
Rajasthan,Jodhpur,Nutritional Status of Adults (age 15-49 years),73,Women whose Body Mass Index (BMI) is below normal (BMI <18.5 kg/m2)15 (%),22.5,16.9,False,False
Rajasthan,Jodhpur,Nutritional Status of Adults (age 15-49 years),74,Women who are overweight or obese (BMI ≥25.0 kg/m2)15 (%),24.9,13.3,False,False
Rajasthan,Jodhpur,Women,75,Blood sugar level - high (141-160 mg/dl)16 (%),5.6,3.1,False,False
Rajasthan,Jodhpur,Women,76,Blood sugar level - very high (>160 mg/dl)16 (%),5.5,2.2,False,False
Rajasthan,Jodhpur,Women,77,Blood sugar level - high or very high (>140 mg/dl) or taking medicine to control blood sugar level16 (%),12.1,6.3,False,False
Rajasthan,Jodhpur,Men,78,Blood sugar level - high (141-160 mg/dl)16 (%),6.3,4.8,False,False
Rajasthan,Jodhpur,Men,79,Blood sugar level - very high (>160 mg/dl)16 (%),5.6,2.4,False,False
Rajasthan,Jodhpur,Men,80,Blood sugar level - high or very high (>140 mg/dl) or taking medicine to control blood sugar level16 (%),12.4,7.5,False,False
Rajasthan,Jodhpur,Women,81,Mildly elevated blood pressure (Systolic 140-159 mm of Hg and/or Diastolic 90-99 mm of Hg) (%),8.4,8.6,False,False
Rajasthan,Jodhpur,Women,82,Moderately or severely elevated blood pressure (Systolic ≥160 mm of Hg and/or Diastolic ≥100 mm,2.5,2.6,False,False
Rajasthan,Jodhpur,Women,83,Elevated blood pressure (Systolic ≥140 mm of Hg and/or Diastolic ≥90 mm of Hg) or taking medicine to,15.0,13.1,False,False
Rajasthan,Jodhpur,Men,84,Mildly elevated blood pressure (Systolic 140-159 mm of Hg and/or Diastolic 90-99 mm of Hg) (%),8.9,12.8,False,False
Rajasthan,Jodhpur,Men,85,Moderately or severely elevated blood pressure (Systolic ≥160 mm of Hg and/or Diastolic ≥100 mm,2.0,2.6,False,False
Rajasthan,Jodhpur,Men,86,Elevated blood pressure (Systolic ≥140 mm of Hg and/or Diastolic ≥90 mm of Hg) or taking medicine to,13.7,16.5,False,False
Rajasthan,Jodhpur,Men,87,Women having a bank or savings account that they themselves use (%),94.1,82.4,False,False
Rajasthan,Jodhpur,Men,88,Women having a mobile phone that they themselves use (%),77.8,60.9,False,False
Rajasthan,Jodhpur,Men,89,Women age 15-24 years who use hygienic methods of protection during their menstrual period17 (%),95.9,89.5,False,False
Rajasthan,Jodhpur,Tobacco Use and Alcohol Consumption among Adults (age 15 years and above),90,Women age 15 years and above who use any kind of tobacco (%),5.3,6.9,False,False
Rajasthan,Jodhpur,Tobacco Use and Alcohol Consumption among Adults (age 15 years and above),91,Men age 15 years and above who use any kind of tobacco (%),29.0,43.6,False,False
Rajasthan,Jodhpur,Tobacco Use and Alcohol Consumption among Adults (age 15 years and above),92,Women age 15 years and above who consume alcohol (%),0.2,0.2,False,False
Rajasthan,Jodhpur,Tobacco Use and Alcohol Consumption among Adults (age 15 years and above),93,Men age 15 years and above who consume alcohol (%),7.6,7.5,False,False
Rajasthan,Karauli,Population and Household Profile,1,Population below age 5 years (%),11.1,9.7,False,False
Rajasthan,Karauli,Population and Household Profile,2,Population below age 15 years (%),32.0,32.1,False,False
Rajasthan,Karauli,Population and Household Profile,3,Population age 60 years and above (%),12.5,11.0,False,False
Rajasthan,Karauli,Population and Household Profile,4,Population living in households with electricity (%),96.8,98.7,False,False
Rajasthan,Karauli,Population and Household Profile,5,Population living in households with an improved drinking-water source1 (%),92.9,94.8,False,False
Rajasthan,Karauli,Population and Household Profile,6,Households using iodized salt (%),88.4,84.7,False,False
Rajasthan,Karauli,Population and Household Profile,7,Households with any usual member covered under a health insurance/financing scheme (%),88.9,86.4,False,False
Rajasthan,Karauli,Population and Household Profile,8,Households with any usual member having a bank account/post office account (%),99.4,96.7,False,False
Rajasthan,Karauli,Population and Household Profile,9,Female population age 6 years and above who ever attended school (%),62.0,56.5,False,False
Rajasthan,Karauli,Population and Household Profile,10,Households with any usual female members owning a house and/or land (alone or jointly with others) (%),14.9,9.6,False,False
Rajasthan,Karauli,Population and Household Profile,11,Children age 2-4 years who attended pre-school (%),38.2,27.1,False,False
Rajasthan,Karauli,Characteristics of Adults (age 15-49 years),12,Women with 10 or more years of schooling (%),32.8,22.7,False,False
Rajasthan,Karauli,Characteristics of Adults (age 15-49 years),13,Men with 10 or more years of schooling (%),61.1,48.0,False,False
Rajasthan,Karauli,Characteristics of Adults (age 15-49 years),14,Women who have ever used the internet (%),51.8,19.4,False,False
Rajasthan,Karauli,Characteristics of Adults (age 15-49 years),15,Men who have ever used the internet (%),89.3,47.2,False,False
Rajasthan,Karauli,Marriage and Fertility,16,Women age 20-24 years married before age 18 years (%),31.4,33.5,False,False
Rajasthan,Karauli,Marriage and Fertility,17,Men age 25-29 years married before age 21 years (%),20.4,22.0,True,False
Rajasthan,Karauli,Marriage and Fertility,18,Three or more births in the 5 years preceding the survey (%),4.3,4.2,False,False
Rajasthan,Karauli,Marriage and Fertility,19,Women age 15-19 years who were already mothers or pregnant at the time of the survey (%),6.0,7.0,False,False
Rajasthan,Karauli,Marriage and Fertility,20,Any method2 (%),72.5,72.7,False,False
Rajasthan,Karauli,Marriage and Fertility,21,Any modern method2 (%),50.1,61.2,False,False
Rajasthan,Karauli,Marriage and Fertility,22,Any traditional method (%),22.4,11.5,False,False
Rajasthan,Karauli,Marriage and Fertility,23,Female sterilization (%),41.0,49.5,False,False
Rajasthan,Karauli,Marriage and Fertility,24,Male sterilization (%),0.1,0.0,False,False
Rajasthan,Karauli,Marriage and Fertility,25,Total unmet need3 (%),8.0,6.9,False,False
Rajasthan,Karauli,Marriage and Fertility,26,Unmet need for spacing3 (%),4.4,3.6,False,False
Rajasthan,Karauli,Marriage and Fertility,27,Unmet need for limiting3 (%),3.6,3.3,False,False
Rajasthan,Karauli,Antenatal Care (for last birth in the 5 years before the survey),28,Mothers who had an antenatal check-up in the first trimester (%),76.7,65.0,False,False
Rajasthan,Karauli,Antenatal Care (for last birth in the 5 years before the survey),29,Mothers who had any antenatal care visits (%),97.3,91.5,False,False
Rajasthan,Karauli,Antenatal Care (for last birth in the 5 years before the survey),30,Mothers who had at least 4 antenatal care visits (%),54.3,42.0,False,False
Rajasthan,Karauli,Antenatal Care (for last birth in the 5 years before the survey),31,Mothers whose last birth was protected against neonatal tetanus4 (%),96.0,94.5,False,False
Rajasthan,Karauli,Antenatal Care (for last birth in the 5 years before the survey),32,Mothers who consumed iron folic acid for 100 days or more when they were pregnant (%),27.4,14.1,False,False
Rajasthan,Karauli,Antenatal Care (for last birth in the 5 years before the survey),33,Mothers who consumed iron folic acid for 180 days or more when they were pregnant (%),16.2,2.2,False,False
Rajasthan,Karauli,Antenatal Care (for last birth in the 5 years before the survey),34,Registered pregnancies for which the mother received a Mother and Child Protection (MCP) card (%),96.7,97.4,False,False
Rajasthan,Karauli,Delivery Care (for births in the 5 years before the survey),35,Institutional births (%),96.8,97.6,False,False
Rajasthan,Karauli,Delivery Care (for births in the 5 years before the survey),36,Institutional births in public facility (%),63.1,76.9,False,False
Rajasthan,Karauli,Delivery Care (for births in the 5 years before the survey),37,Births attended by skilled health personnel5 (%),97.1,97.6,False,False
Rajasthan,Karauli,Delivery Care (for births in the 5 years before the survey),38,Births delivered by caesarean section (%),11.4,2.8,False,False
Rajasthan,Karauli,Delivery Care (for births in the 5 years before the survey),39,Births in a private health facility that were delivered by caesarean section (%),27.1,6.3,False,False
Rajasthan,Karauli,Delivery Care (for births in the 5 years before the survey),40,Births in a public health facility that were delivered by caesarean section (%),3.6,1.9,False,False
Rajasthan,Karauli,Postnatal Care (for last birth in the 5 years before the survey),41,Mothers who received postnatal care from a doctor/nurse/LHV/ANM/midwife/other health personnel within 2 days of delivery+ (%),85.5,89.4,False,False
Rajasthan,Karauli,Postnatal Care (for last birth in the 5 years before the survey),42,Children born at home who were taken to a health facility for a check-up within 24 hours of birth (%),*,*,True,False
Rajasthan,Karauli,Postnatal Care (for last birth in the 5 years before the survey),43,Children who received postnatal care from a doctor/nurse/LHV/ANM/midwife/other health personnel within 2 days of delivery+ (%),88.3,87.5,False,False
Rajasthan,Karauli,Child Vaccinations and Vitamin A Supplementation,44,Children age 12-23 months fully vaccinated based on information from either vaccination card or mother's recall6 (%),82.0,88.9,False,False
Rajasthan,Karauli,Child Vaccinations and Vitamin A Supplementation,45,Children age 12-23 months fully vaccinated based on information from vaccination card only7 (%),79.8,93.1,False,False
Rajasthan,Karauli,Child Vaccinations and Vitamin A Supplementation,46,Children age 12-23 months who have received any vaccine (%),100.0,98.2,False,False
Rajasthan,Karauli,Child Vaccinations and Vitamin A Supplementation,47,Children age 12-23 months who have received BCG (%),100.0,98.2,False,False
Rajasthan,Karauli,Child Vaccinations and Vitamin A Supplementation,48,Children age 12-23 months who have received 3 doses of polio vaccine8 (%),84.5,91.2,False,False
Rajasthan,Karauli,Child Vaccinations and Vitamin A Supplementation,49,Children age 12-23 months who have received 3 doses of pentavalent vaccine (%),90.9,95.9,False,False
Rajasthan,Karauli,Child Vaccinations and Vitamin A Supplementation,50,Children age 12-23 months who have received the first dose of measles-containing vaccine (MCV) (%),96.9,95.9,False,False
Rajasthan,Karauli,Child Vaccinations and Vitamin A Supplementation,51,Children age 24-35 months who have received a second dose of measles-containing vaccine (MCV) (%),64.2,41.8,False,False
Rajasthan,Karauli,Child Vaccinations and Vitamin A Supplementation,52,Children age 12-23 months who have received birth dose of hepatitis B vaccine (%),90.1,81.4,False,False
Rajasthan,Karauli,Child Vaccinations and Vitamin A Supplementation,53,Children age 12-23 months who have received 3 doses of rotavirus vaccine (%),87.6,70.0,False,False
Rajasthan,Karauli,Child Vaccinations and Vitamin A Supplementation,54,Children age 9-35 months who received a vitamin A dose in the last 6 months (%),55.7,61.7,False,False
Rajasthan,Karauli,Child Vaccinations and Vitamin A Supplementation,55,Children age 12-23 months who received most of their vaccinations in a public health facility (%),98.4,98.4,False,False
Rajasthan,Karauli,Child Vaccinations and Vitamin A Supplementation,56,Children age 12-23 months who received most of their vaccinations in a private health facility (%),0.0,1.6,False,False
Rajasthan,Karauli,Treatment of Childhood Diseases (children under age 5 years),57,Prevalence of diarrhoea in the 2 weeks preceding the survey (%),15.9,6.4,False,False
Rajasthan,Karauli,Treatment of Childhood Diseases (children under age 5 years),58,Prevalence of symptoms of acute respiratory infection (ARI) in the 2 weeks preceding the survey (%),2.2,2.4,False,False
Rajasthan,Karauli,Treatment of Childhood Diseases (children under age 5 years),59,Children with fever or symptoms of ARI in the 2 weeks preceding the survey taken to a health facility or health provider (%),69.2,74.7,False,False
Rajasthan,Karauli,Child Feeding Practices and Nutritional Status of Children,60,Children under age 3 years breastfed within one hour of birth9 (%),32.8,38.4,False,False
Rajasthan,Karauli,Child Feeding Practices and Nutritional Status of Children,61,Children under age 6 months exclusively breastfed10 (%),42.2,81.3,True,False
Rajasthan,Karauli,Child Feeding Practices and Nutritional Status of Children,62,Children under age 6 months currently breastfeeding10 (%),98.1,95.3,True,False
Rajasthan,Karauli,Child Feeding Practices and Nutritional Status of Children,63,Children under age 6 months exclusively breastfed or breastfeeding and consuming plain water/other milk only10 (%),89.5,95.5,True,False
Rajasthan,Karauli,Child Feeding Practices and Nutritional Status of Children,64,Children age 6-8 months receiving solid or semi-solid food and breastmilk10 (%),*,30.6,True,False
Rajasthan,Karauli,Child Feeding Practices and Nutritional Status of Children,65,"Breastfeeding children age 6-23 months receiving an adequate diet10, 11 (%)",8.6,7.2,False,False
Rajasthan,Karauli,Child Feeding Practices and Nutritional Status of Children,66,"Non-breastfeeding children age 6-23 months receiving an adequate diet10, 11 (%)",*,*,True,False
Rajasthan,Karauli,Child Feeding Practices and Nutritional Status of Children,67,"Total children age 6-23 months receiving an adequate diet10, 11 (%)",8.4,6.3,False,False
Rajasthan,Karauli,Child Feeding Practices and Nutritional Status of Children,68,Children under 5 years who are stunted (height-for-age)12 (%),39.0,37.6,False,False
Rajasthan,Karauli,Child Feeding Practices and Nutritional Status of Children,69,Children under 5 years who are wasted (weight-for-height)12 (%),18.5,26.6,False,False
Rajasthan,Karauli,Child Feeding Practices and Nutritional Status of Children,70,Children under 5 years who are severely wasted (weight-for-height)13 (%),5.2,10.6,False,False
Rajasthan,Karauli,Child Feeding Practices and Nutritional Status of Children,71,Children under 5 years who are underweight (weight-for-age)12 (%),40.4,37.3,False,False
Rajasthan,Karauli,Child Feeding Practices and Nutritional Status of Children,72,Children under 5 years who are overweight (weight-for-height)14 (%),0.3,2.3,False,False
Rajasthan,Karauli,Nutritional Status of Adults (age 15-49 years),73,Women whose Body Mass Index (BMI) is below normal (BMI <18.5 kg/m2)15 (%),32.7,23.0,False,False
Rajasthan,Karauli,Nutritional Status of Adults (age 15-49 years),74,Women who are overweight or obese (BMI ≥25.0 kg/m2)15 (%),13.8,10.5,False,False
Rajasthan,Karauli,Women,75,Blood sugar level - high (141-160 mg/dl)16 (%),4.9,3.7,False,False
Rajasthan,Karauli,Women,76,Blood sugar level - very high (>160 mg/dl)16 (%),3.3,2.0,False,False
Rajasthan,Karauli,Women,77,Blood sugar level - high or very high (>140 mg/dl) or taking medicine to control blood sugar level16 (%),8.3,6.0,False,False
Rajasthan,Karauli,Men,78,Blood sugar level - high (141-160 mg/dl)16 (%),6.7,5.0,False,False
Rajasthan,Karauli,Men,79,Blood sugar level - very high (>160 mg/dl)16 (%),4.9,2.4,False,False
Rajasthan,Karauli,Men,80,Blood sugar level - high or very high (>140 mg/dl) or taking medicine to control blood sugar level16 (%),11.8,7.8,False,False
Rajasthan,Karauli,Women,81,Mildly elevated blood pressure (Systolic 140-159 mm of Hg and/or Diastolic 90-99 mm of Hg) (%),6.1,7.5,False,False
Rajasthan,Karauli,Women,82,Moderately or severely elevated blood pressure (Systolic ≥160 mm of Hg and/or Diastolic ≥100 mm of Hg) (%),3.0,1.7,False,False
Rajasthan,Karauli,Women,83,Elevated blood pressure (Systolic ≥140 mm of Hg and/or Diastolic ≥90 mm of Hg) or taking medicine to control blood pressure (%),11.0,10.6,False,False
Rajasthan,Karauli,Men,84,Mildly elevated blood pressure (Systolic 140-159 mm of Hg and/or Diastolic 90-99 mm of Hg) (%),9.2,9.5,False,False
Rajasthan,Karauli,Men,85,Moderately or severely elevated blood pressure (Systolic ≥160 mm of Hg and/or Diastolic ≥100 mm of Hg) (%),3.3,2.8,False,False
Rajasthan,Karauli,Men,86,Elevated blood pressure (Systolic ≥140 mm of Hg and/or Diastolic ≥90 mm of Hg) or taking medicine to control blood pressure (%),14.3,13.2,False,False
Rajasthan,Karauli,Men,87,Women having a bank or savings account that they themselves use (%),87.3,79.9,False,False
Rajasthan,Karauli,Men,88,Women having a mobile phone that they themselves use (%),39.3,32.5,False,False
Rajasthan,Karauli,Men,89,Women age 15-24 years who use hygienic methods of protection during their menstrual period17 (%),90.6,73.8,False,False
Rajasthan,Karauli,Tobacco Use and Alcohol Consumption among Adults (age 15 years and above),90,Women age 15 years and above who use any kind of tobacco (%),18.3,17.3,False,False
Rajasthan,Karauli,Tobacco Use and Alcohol Consumption among Adults (age 15 years and above),91,Men age 15 years and above who use any kind of tobacco (%),51.7,51.6,False,False
Rajasthan,Karauli,Tobacco Use and Alcohol Consumption among Adults (age 15 years and above),92,Women age 15 years and above who consume alcohol (%),0.1,0.4,False,False
Rajasthan,Karauli,Tobacco Use and Alcohol Consumption among Adults (age 15 years and above),93,Men age 15 years and above who consume alcohol (%),7.6,7.0,False,False
Rajasthan,Kota,Population and Household Profile,1,Population below age 5 years (%),6.1,7.2,False,False
Rajasthan,Kota,Population and Household Profile,2,Population below age 15 years (%),22.1,23.9,False,False
Rajasthan,Kota,Population and Household Profile,3,Population age 60 years and above (%),13.7,11.4,False,False
Rajasthan,Kota,Population and Household Profile,4,Population living in households with electricity (%),99.6,99.4,False,False
Rajasthan,Kota,Population and Household Profile,5,Population living in households with an improved drinking-water source1 (%),98.9,99.6,False,False
Rajasthan,Kota,Population and Household Profile,6,Households using iodized salt (%),97.1,96.0,False,False
Rajasthan,Kota,Population and Household Profile,7,Households with any usual member covered under a health insurance/financing scheme (%),87.5,80.9,False,False
Rajasthan,Kota,Population and Household Profile,8,Households with any usual member having a bank account/post office account (%),98.8,97.7,False,False
Rajasthan,Kota,Population and Household Profile,9,Female population age 6 years and above who ever attended school (%),73.9,74.7,False,False
Rajasthan,Kota,Population and Household Profile,10,Households with any usual female members owning a house and/or land (alone or jointly with others) (%),15.9,10.3,False,False
Rajasthan,Kota,Population and Household Profile,11,Children age 2-4 years who attended pre-school (%),51.9,36.9,False,False
Rajasthan,Kota,Characteristics of Adults (age 15-49 years),12,Women with 10 or more years of schooling (%),48.8,44.0,False,False
Rajasthan,Kota,Characteristics of Adults (age 15-49 years),13,Men with 10 or more years of schooling (%),56.1,57.9,False,False
Rajasthan,Kota,Characteristics of Adults (age 15-49 years),14,Women who have ever used the internet (%),73.8,50.4,False,False
Rajasthan,Kota,Characteristics of Adults (age 15-49 years),15,Men who have ever used the internet (%),75.0,71.1,False,False
Rajasthan,Kota,Marriage and Fertility,16,Women age 20-24 years married before age 18 years (%),9.6,13.2,False,False
Rajasthan,Kota,Marriage and Fertility,17,Men age 25-29 years married before age 21 years (%),12.1,19.3,True,False
Rajasthan,Kota,Marriage and Fertility,18,Three or more births in the 5 years preceding the survey (%),1.3,1.8,False,False
Rajasthan,Kota,Marriage and Fertility,19,Women age 15-19 years who were already mothers or pregnant at the time of the survey (%),1.2,0.5,False,False
Rajasthan,Kota,Marriage and Fertility,20,Any method2 (%),79.3,77.2,False,False
Rajasthan,Kota,Marriage and Fertility,21,Any modern method2 (%),64.0,68.3,False,False
Rajasthan,Kota,Marriage and Fertility,22,Any traditional method (%),15.3,8.9,False,False
Rajasthan,Kota,Marriage and Fertility,23,Female sterilization (%),39.2,39.9,False,False
Rajasthan,Kota,Marriage and Fertility,24,Male sterilization (%),1.0,0.0,False,False
Rajasthan,Kota,Marriage and Fertility,25,Total unmet need3 (%),4.4,4.6,False,False
Rajasthan,Kota,Marriage and Fertility,26,Unmet need for spacing3 (%),3.3,2.6,False,False
Rajasthan,Kota,Marriage and Fertility,27,Unmet need for limiting3 (%),1.1,2.0,False,False
Rajasthan,Kota,Antenatal Care (for last birth in the 5 years before the survey),28,Mothers who had an antenatal check-up in the first trimester (%),87.8,88.0,False,False
Rajasthan,Kota,Antenatal Care (for last birth in the 5 years before the survey),29,Mothers who had any antenatal care visits (%),99.4,99.4,False,False
Rajasthan,Kota,Antenatal Care (for last birth in the 5 years before the survey),30,Mothers who had at least 4 antenatal care visits (%),85.2,81.3,False,False
Rajasthan,Kota,Antenatal Care (for last birth in the 5 years before the survey),31,Mothers whose last birth was protected against neonatal tetanus4 (%),93.8,94.8,False,False
Rajasthan,Kota,Antenatal Care (for last birth in the 5 years before the survey),32,Mothers who consumed iron folic acid for 100 days or more when they were pregnant (%),62.3,37.3,False,False
Rajasthan,Kota,Antenatal Care (for last birth in the 5 years before the survey),33,Mothers who consumed iron folic acid for 180 days or more when they were pregnant (%),50.3,11.9,False,False
Rajasthan,Kota,Antenatal Care (for last birth in the 5 years before the survey),34,Registered pregnancies for which the mother received a Mother and Child Protection (MCP) card (%),98.8,98.7,False,False
Rajasthan,Kota,Delivery Care (for births in the 5 years before the survey),35,Institutional births (%),96.7,97.9,False,False
Rajasthan,Kota,Delivery Care (for births in the 5 years before the survey),36,Institutional births in public facility (%),67.3,77.8,False,False
Rajasthan,Kota,Delivery Care (for births in the 5 years before the survey),37,Births attended by skilled health personnel5 (%),97.2,99.0,False,False
Rajasthan,Kota,Delivery Care (for births in the 5 years before the survey),38,Births delivered by caesarean section (%),28.3,20.7,False,False
Rajasthan,Kota,Delivery Care (for births in the 5 years before the survey),39,Births in a private health facility that were delivered by caesarean section (%),39.5,35.6,False,False
Rajasthan,Kota,Delivery Care (for births in the 5 years before the survey),40,Births in a public health facility that were delivered by caesarean section (%),24.8,17.4,False,False
Rajasthan,Kota,Postnatal Care (for last birth in the 5 years before the survey),41,Mothers who received postnatal care from a doctor/nurse/LHV/ANM/midwife/other health personnel within 2,92.9,88.8,False,False
Rajasthan,Kota,Postnatal Care (for last birth in the 5 years before the survey),42,Children born at home who were taken to a health facility for a check-up within 24 hours of birth (%),*,*,True,False
Rajasthan,Kota,Postnatal Care (for last birth in the 5 years before the survey),43,Children who received postnatal care from a doctor/nurse/LHV/ANM/midwife/other health personnel within 2,92.1,91.3,False,False
Rajasthan,Kota,Child Vaccinations and Vitamin A Supplementation,44,Children age 12-23 months fully vaccinated based on information from either vaccination card or mother's,97.8,84.4,True,False
Rajasthan,Kota,Child Vaccinations and Vitamin A Supplementation,45,Children age 12-23 months fully vaccinated based on information from vaccination card only7 (%),92.1,85.2,True,False
Rajasthan,Kota,Child Vaccinations and Vitamin A Supplementation,46,Children age 12-23 months who have received any vaccine (%),100.0,98.4,True,False
Rajasthan,Kota,Child Vaccinations and Vitamin A Supplementation,47,Children age 12-23 months who have received BCG (%),100.0,98.4,True,False
Rajasthan,Kota,Child Vaccinations and Vitamin A Supplementation,48,Children age 12-23 months who have received 3 doses of polio vaccine8 (%),100.0,86.3,True,False
Rajasthan,Kota,Child Vaccinations and Vitamin A Supplementation,49,Children age 12-23 months who have received 3 doses of pentavalent vaccine (%),100.0,91.8,True,False
Rajasthan,Kota,Child Vaccinations and Vitamin A Supplementation,50,Children age 12-23 months who have received the first dose of measles-containing vaccine (MCV) (%),97.8,95.3,True,False
Rajasthan,Kota,Child Vaccinations and Vitamin A Supplementation,51,Children age 24-35 months who have received a second dose of measles-containing vaccine (MCV) (%),85.9,55.9,True,False
Rajasthan,Kota,Child Vaccinations and Vitamin A Supplementation,52,Children age 12-23 months who have received birth dose of hepatitis B vaccine (%),92.9,80.4,True,False
Rajasthan,Kota,Child Vaccinations and Vitamin A Supplementation,53,Children age 12-23 months who have received 3 doses of rotavirus vaccine (%),97.8,71.9,True,False
Rajasthan,Kota,Child Vaccinations and Vitamin A Supplementation,54,Children age 9-35 months who received a vitamin A dose in the last 6 months (%),60.3,61.6,False,False
Rajasthan,Kota,Child Vaccinations and Vitamin A Supplementation,55,Children age 12-23 months who received most of their vaccinations in a public health facility (%),97.7,93.7,True,False
Rajasthan,Kota,Child Vaccinations and Vitamin A Supplementation,56,Children age 12-23 months who received most of their vaccinations in a private health facility (%),2.3,6.4,True,False
Rajasthan,Kota,Treatment of Childhood Diseases (children under age 5 years),57,Prevalence of diarrhoea in the 2 weeks preceding the survey (%),3.9,6.4,False,False
Rajasthan,Kota,Treatment of Childhood Diseases (children under age 5 years),58,Prevalence of symptoms of acute respiratory infection (ARI) in the 2 weeks preceding the survey (%),2.0,7.4,False,False
Rajasthan,Kota,Treatment of Childhood Diseases (children under age 5 years),59,Children with fever or symptoms of ARI in the 2 weeks preceding the survey taken to a health facility or,72.4,62.1,True,False
Rajasthan,Kota,Child Feeding Practices and Nutritional Status of Children,60,Children under age 3 years breastfed within one hour of birth9 (%),38.9,47.9,False,False
Rajasthan,Kota,Child Feeding Practices and Nutritional Status of Children,61,Children under age 6 months exclusively breastfed10 (%),*,77.6,True,False
Rajasthan,Kota,Child Feeding Practices and Nutritional Status of Children,62,Children under age 6 months currently breastfeeding10 (%),*,97.1,True,False
Rajasthan,Kota,Child Feeding Practices and Nutritional Status of Children,63,Children under age 6 months exclusively breastfed or breastfeeding and consuming plain water/other,*,95.3,True,False
Rajasthan,Kota,Child Feeding Practices and Nutritional Status of Children,64,Children age 6-8 months receiving solid or semi-solid food and breastmilk10 (%),*,*,True,False
Rajasthan,Kota,Child Feeding Practices and Nutritional Status of Children,65,"Breastfeeding children age 6-23 months receiving an adequate diet10, 11 (%)",20.5,10.3,False,False
Rajasthan,Kota,Child Feeding Practices and Nutritional Status of Children,66,"Non-breastfeeding children age 6-23 months receiving an adequate diet10, 11 (%)",*,*,True,False
Rajasthan,Kota,Child Feeding Practices and Nutritional Status of Children,67,"Total children age 6-23 months receiving an adequate diet10, 11 (%)",18.6,9.3,False,False
Rajasthan,Kota,Child Feeding Practices and Nutritional Status of Children,68,Children under 5 years who are stunted (height-for-age)12 (%),27.2,29.5,False,False
Rajasthan,Kota,Child Feeding Practices and Nutritional Status of Children,69,Children under 5 years who are wasted (weight-for-height)12 (%),20.5,20.8,False,False
Rajasthan,Kota,Child Feeding Practices and Nutritional Status of Children,70,Children under 5 years who are severely wasted (weight-for-height)13 (%),2.5,7.9,False,False
Rajasthan,Kota,Child Feeding Practices and Nutritional Status of Children,71,Children under 5 years who are underweight (weight-for-age)12 (%),33.2,26.4,False,False
Rajasthan,Kota,Child Feeding Practices and Nutritional Status of Children,72,Children under 5 years who are overweight (weight-for-height)14 (%),1.5,3.3,False,False
Rajasthan,Kota,Nutritional Status of Adults (age 15-49 years),73,Women whose Body Mass Index (BMI) is below normal (BMI <18.5 kg/m2)15 (%),23.0,15.5,False,False
Rajasthan,Kota,Nutritional Status of Adults (age 15-49 years),74,Women who are overweight or obese (BMI ≥25.0 kg/m2)15 (%),29.1,13.0,False,False
Rajasthan,Kota,Women,75,Blood sugar level - high (141-160 mg/dl)16 (%),4.7,3.1,False,False
Rajasthan,Kota,Women,76,Blood sugar level - very high (>160 mg/dl)16 (%),5.9,1.8,False,False
Rajasthan,Kota,Women,77,Blood sugar level - high or very high (>140 mg/dl) or taking medicine to control blood sugar level16 (%),11.2,5.8,False,False
Rajasthan,Kota,Men,78,Blood sugar level - high (141-160 mg/dl)16 (%),6.9,5.0,False,False
Rajasthan,Kota,Men,79,Blood sugar level - very high (>160 mg/dl)16 (%),6.7,2.1,False,False
Rajasthan,Kota,Men,80,Blood sugar level - high or very high (>140 mg/dl) or taking medicine to control blood sugar level16 (%),14.8,7.8,False,False
Rajasthan,Kota,Women,81,Mildly elevated blood pressure (Systolic 140-159 mm of Hg and/or Diastolic 90-99 mm of Hg) (%),9.5,9.9,False,False
Rajasthan,Kota,Women,82,Moderately or severely elevated blood pressure (Systolic ≥160 mm of Hg and/or Diastolic ≥100 mm,4.4,2.8,False,False
Rajasthan,Kota,Women,83,Elevated blood pressure (Systolic ≥140 mm of Hg and/or Diastolic ≥90 mm of Hg) or taking medicine to,18.7,15.9,False,False
Rajasthan,Kota,Men,84,Mildly elevated blood pressure (Systolic 140-159 mm of Hg and/or Diastolic 90-99 mm of Hg) (%),11.8,14.1,False,False
Rajasthan,Kota,Men,85,Moderately or severely elevated blood pressure (Systolic ≥160 mm of Hg and/or Diastolic ≥100 mm,4.7,3.8,False,False
Rajasthan,Kota,Men,86,Elevated blood pressure (Systolic ≥140 mm of Hg and/or Diastolic ≥90 mm of Hg) or taking medicine to,20.2,20.2,False,False
Rajasthan,Kota,Men,87,Women having a bank or savings account that they themselves use (%),89.4,86.0,False,False
Rajasthan,Kota,Men,88,Women having a mobile phone that they themselves use (%),60.8,62.2,False,False
Rajasthan,Kota,Men,89,Women age 15-24 years who use hygienic methods of protection during their menstrual period17 (%),87.0,83.3,False,False
Rajasthan,Kota,Tobacco Use and Alcohol Consumption among Adults (age 15 years and above),90,Women age 15 years and above who use any kind of tobacco (%),8.6,9.2,False,False
Rajasthan,Kota,Tobacco Use and Alcohol Consumption among Adults (age 15 years and above),91,Men age 15 years and above who use any kind of tobacco (%),39.0,43.2,False,False
Rajasthan,Kota,Tobacco Use and Alcohol Consumption among Adults (age 15 years and above),92,Women age 15 years and above who consume alcohol (%),0.3,0.3,False,False
Rajasthan,Kota,Tobacco Use and Alcohol Consumption among Adults (age 15 years and above),93,Men age 15 years and above who consume alcohol (%),11.2,12.6,False,False
Rajasthan,Nagaur,Population and Household Profile,1,Population below age 5 years (%),9.0,9.3,False,False
Rajasthan,Nagaur,Population and Household Profile,2,Population below age 15 years (%),27.7,27.6,False,False
Rajasthan,Nagaur,Population and Household Profile,3,Population age 60 years and above (%),12.0,10.3,False,False
Rajasthan,Nagaur,Population and Household Profile,4,Population living in households with electricity (%),98.5,99.0,False,False
Rajasthan,Nagaur,Population and Household Profile,5,Population living in households with an improved drinking-water source1 (%),98.1,96.9,False,False
Rajasthan,Nagaur,Population and Household Profile,6,Households using iodized salt (%),97.2,92.3,False,False
Rajasthan,Nagaur,Population and Household Profile,7,Households with any usual member covered under a health insurance/financing scheme (%),96.6,90.0,False,False
Rajasthan,Nagaur,Population and Household Profile,8,Households with any usual member having a bank account/post office account (%),99.4,97.6,False,False
Rajasthan,Nagaur,Population and Household Profile,9,Female population age 6 years and above who ever attended school (%),61.3,62.9,False,False
Rajasthan,Nagaur,Population and Household Profile,10,Households with any usual female members owning a house and/or land (alone or jointly with others) (%),13.5,9.2,False,False
Rajasthan,Nagaur,Population and Household Profile,11,Children age 2-4 years who attended pre-school (%),32.9,28.9,False,False
Rajasthan,Nagaur,Characteristics of Adults (age 15-49 years),12,Women with 10 or more years of schooling (%),38.1,32.3,False,False
Rajasthan,Nagaur,Characteristics of Adults (age 15-49 years),13,Men with 10 or more years of schooling (%),58.7,53.4,False,False
Rajasthan,Nagaur,Characteristics of Adults (age 15-49 years),14,Women who have ever used the internet (%),76.7,39.0,False,False
Rajasthan,Nagaur,Characteristics of Adults (age 15-49 years),15,Men who have ever used the internet (%),85.0,66.4,False,False
Rajasthan,Nagaur,Marriage and Fertility,16,Women age 20-24 years married before age 18 years (%),20.8,28.2,False,False
Rajasthan,Nagaur,Marriage and Fertility,17,Men age 25-29 years married before age 21 years (%),18.8,33.0,True,False
Rajasthan,Nagaur,Marriage and Fertility,18,Three or more births in the 5 years preceding the survey (%),2.0,1.3,False,False
Rajasthan,Nagaur,Marriage and Fertility,19,Women age 15-19 years who were already mothers or pregnant at the time of the survey (%),2.3,0.9,False,False
Rajasthan,Nagaur,Marriage and Fertility,20,Any method2 (%),71.1,83.4,False,False
Rajasthan,Nagaur,Marriage and Fertility,21,Any modern method2 (%),50.2,69.3,False,False
Rajasthan,Nagaur,Marriage and Fertility,22,Any traditional method (%),20.9,14.1,False,False
Rajasthan,Nagaur,Marriage and Fertility,23,Female sterilization (%),34.5,40.9,False,False
Rajasthan,Nagaur,Marriage and Fertility,24,Male sterilization (%),0.6,0.2,False,False
Rajasthan,Nagaur,Marriage and Fertility,25,Total unmet need3 (%),10.2,4.4,False,False
Rajasthan,Nagaur,Marriage and Fertility,26,Unmet need for spacing3 (%),5.9,2.2,False,False
Rajasthan,Nagaur,Marriage and Fertility,27,Unmet need for limiting3 (%),4.3,2.2,False,False
Rajasthan,Nagaur,Antenatal Care (for last birth in the 5 years before the survey),28,Mothers who had an antenatal check-up in the first trimester (%),84.0,77.1,False,False
Rajasthan,Nagaur,Antenatal Care (for last birth in the 5 years before the survey),29,Mothers who had any antenatal care visits (%),98.8,95.7,False,False
Rajasthan,Nagaur,Antenatal Care (for last birth in the 5 years before the survey),30,Mothers who had at least 4 antenatal care visits (%),68.7,46.2,False,False
Rajasthan,Nagaur,Antenatal Care (for last birth in the 5 years before the survey),31,Mothers whose last birth was protected against neonatal tetanus4 (%),95.5,96.4,False,False
Rajasthan,Nagaur,Antenatal Care (for last birth in the 5 years before the survey),32,Mothers who consumed iron folic acid for 100 days or more when they were pregnant (%),41.0,40.6,False,False
Rajasthan,Nagaur,Antenatal Care (for last birth in the 5 years before the survey),33,Mothers who consumed iron folic acid for 180 days or more when they were pregnant (%),23.1,19.0,False,False
Rajasthan,Nagaur,Antenatal Care (for last birth in the 5 years before the survey),34,Registered pregnancies for which the mother received a Mother and Child Protection (MCP) card (%),98.0,99.5,False,False
Rajasthan,Nagaur,Delivery Care (for births in the 5 years before the survey),35,Institutional births (%),96.4,97.0,False,False
Rajasthan,Nagaur,Delivery Care (for births in the 5 years before the survey),36,Institutional births in public facility (%),63.3,77.0,False,False
Rajasthan,Nagaur,Delivery Care (for births in the 5 years before the survey),37,Births attended by skilled health personnel5 (%),96.6,96.9,False,False
Rajasthan,Nagaur,Delivery Care (for births in the 5 years before the survey),38,Births delivered by caesarean section (%),21.3,8.9,False,False
Rajasthan,Nagaur,Delivery Care (for births in the 5 years before the survey),39,Births in a private health facility that were delivered by caesarean section (%),41.1,23.9,False,False
Rajasthan,Nagaur,Delivery Care (for births in the 5 years before the survey),40,Births in a public health facility that were delivered by caesarean section (%),12.2,5.4,False,False
Rajasthan,Nagaur,Postnatal Care (for last birth in the 5 years before the survey),41,Mothers who received postnatal care from a doctor/nurse/LHV/ANM/midwife/other health personnel within 2,91.5,80.8,False,False
Rajasthan,Nagaur,Postnatal Care (for last birth in the 5 years before the survey),42,Children born at home who were taken to a health facility for a check-up within 24 hours of birth (%),*,*,True,False
Rajasthan,Nagaur,Postnatal Care (for last birth in the 5 years before the survey),43,Children who received postnatal care from a doctor/nurse/LHV/ANM/midwife/other health personnel within 2,90.0,85.5,False,False
Rajasthan,Nagaur,Child Vaccinations and Vitamin A Supplementation,44,Children age 12-23 months fully vaccinated based on information from either vaccination card or mother's,75.7,80.6,False,False
Rajasthan,Nagaur,Child Vaccinations and Vitamin A Supplementation,45,Children age 12-23 months fully vaccinated based on information from vaccination card only7 (%),79.5,93.4,False,False
Rajasthan,Nagaur,Child Vaccinations and Vitamin A Supplementation,46,Children age 12-23 months who have received any vaccine (%),98.7,96.4,False,False
Rajasthan,Nagaur,Child Vaccinations and Vitamin A Supplementation,47,Children age 12-23 months who have received BCG (%),94.7,95.3,False,False
Rajasthan,Nagaur,Child Vaccinations and Vitamin A Supplementation,48,Children age 12-23 months who have received 3 doses of polio vaccine8 (%),78.0,82.7,False,False
Rajasthan,Nagaur,Child Vaccinations and Vitamin A Supplementation,49,Children age 12-23 months who have received 3 doses of pentavalent vaccine (%),91.3,92.0,False,False
Rajasthan,Nagaur,Child Vaccinations and Vitamin A Supplementation,50,Children age 12-23 months who have received the first dose of measles-containing vaccine (MCV) (%),92.5,92.0,False,False
Rajasthan,Nagaur,Child Vaccinations and Vitamin A Supplementation,51,Children age 24-35 months who have received a second dose of measles-containing vaccine (MCV) (%),51.1,58.9,False,False
Rajasthan,Nagaur,Child Vaccinations and Vitamin A Supplementation,52,Children age 12-23 months who have received birth dose of hepatitis B vaccine (%),83.7,69.2,False,False
Rajasthan,Nagaur,Child Vaccinations and Vitamin A Supplementation,53,Children age 12-23 months who have received 3 doses of rotavirus vaccine (%),84.2,42.6,False,False
Rajasthan,Nagaur,Child Vaccinations and Vitamin A Supplementation,54,Children age 9-35 months who received a vitamin A dose in the last 6 months (%),76.2,66.0,False,False
Rajasthan,Nagaur,Child Vaccinations and Vitamin A Supplementation,55,Children age 12-23 months who received most of their vaccinations in a public health facility (%),94.1,98.7,False,False
Rajasthan,Nagaur,Child Vaccinations and Vitamin A Supplementation,56,Children age 12-23 months who received most of their vaccinations in a private health facility (%),5.9,0.0,False,False
Rajasthan,Nagaur,Treatment of Childhood Diseases (children under age 5 years),57,Prevalence of diarrhoea in the 2 weeks preceding the survey (%),4.9,4.6,False,False
Rajasthan,Nagaur,Treatment of Childhood Diseases (children under age 5 years),58,Prevalence of symptoms of acute respiratory infection (ARI) in the 2 weeks preceding the survey (%),0.7,1.3,False,False
Rajasthan,Nagaur,Treatment of Childhood Diseases (children under age 5 years),59,Children with fever or symptoms of ARI in the 2 weeks preceding the survey taken to a health facility or,77.4,67.1,True,False
Rajasthan,Nagaur,Child Feeding Practices and Nutritional Status of Children,60,Children under age 3 years breastfed within one hour of birth9 (%),53.9,28.9,False,False
Rajasthan,Nagaur,Child Feeding Practices and Nutritional Status of Children,61,Children under age 6 months exclusively breastfed10 (%),54.7,69.0,True,False
Rajasthan,Nagaur,Child Feeding Practices and Nutritional Status of Children,62,Children under age 6 months currently breastfeeding10 (%),100.0,98.5,True,False
Rajasthan,Nagaur,Child Feeding Practices and Nutritional Status of Children,63,Children under age 6 months exclusively breastfed or breastfeeding and consuming plain water/other,90.1,88.5,True,False
Rajasthan,Nagaur,Child Feeding Practices and Nutritional Status of Children,64,Children age 6-8 months receiving solid or semi-solid food and breastmilk10 (%),45.2,*,True,False
Rajasthan,Nagaur,Child Feeding Practices and Nutritional Status of Children,65,"Breastfeeding children age 6-23 months receiving an adequate diet10, 11 (%)",3.6,8.1,False,False
Rajasthan,Nagaur,Child Feeding Practices and Nutritional Status of Children,66,"Non-breastfeeding children age 6-23 months receiving an adequate diet10, 11 (%)",*,*,True,False
Rajasthan,Nagaur,Child Feeding Practices and Nutritional Status of Children,67,"Total children age 6-23 months receiving an adequate diet10, 11 (%)",3.4,7.3,False,False
Rajasthan,Nagaur,Child Feeding Practices and Nutritional Status of Children,68,Children under 5 years who are stunted (height-for-age)12 (%),19.6,31.5,False,False
Rajasthan,Nagaur,Child Feeding Practices and Nutritional Status of Children,69,Children under 5 years who are wasted (weight-for-height)12 (%),16.1,16.2,False,False
Rajasthan,Nagaur,Child Feeding Practices and Nutritional Status of Children,70,Children under 5 years who are severely wasted (weight-for-height)13 (%),4.3,8.8,False,False
Rajasthan,Nagaur,Child Feeding Practices and Nutritional Status of Children,71,Children under 5 years who are underweight (weight-for-age)12 (%),22.6,26.2,False,False
Rajasthan,Nagaur,Child Feeding Practices and Nutritional Status of Children,72,Children under 5 years who are overweight (weight-for-height)14 (%),0.5,3.7,False,False
Rajasthan,Nagaur,Nutritional Status of Adults (age 15-49 years),73,Women whose Body Mass Index (BMI) is below normal (BMI <18.5 kg/m2)15 (%),25.0,18.9,False,False
Rajasthan,Nagaur,Nutritional Status of Adults (age 15-49 years),74,Women who are overweight or obese (BMI ≥25.0 kg/m2)15 (%),25.6,13.0,False,False
Rajasthan,Nagaur,Women,75,Blood sugar level - high (141-160 mg/dl)16 (%),5.6,3.4,False,False
Rajasthan,Nagaur,Women,76,Blood sugar level - very high (>160 mg/dl)16 (%),5.2,3.1,False,False
Rajasthan,Nagaur,Women,77,Blood sugar level - high or very high (>140 mg/dl) or taking medicine to control blood sugar level16 (%),11.5,6.9,False,False
Rajasthan,Nagaur,Men,78,Blood sugar level - high (141-160 mg/dl)16 (%),7.4,4.6,False,False
Rajasthan,Nagaur,Men,79,Blood sugar level - very high (>160 mg/dl)16 (%),6.3,3.1,False,False
Rajasthan,Nagaur,Men,80,Blood sugar level - high or very high (>140 mg/dl) or taking medicine to control blood sugar level16 (%),14.9,7.9,False,False
Rajasthan,Nagaur,Women,81,Mildly elevated blood pressure (Systolic 140-159 mm of Hg and/or Diastolic 90-99 mm of Hg) (%),11.1,10.5,False,False
Rajasthan,Nagaur,Women,82,Moderately or severely elevated blood pressure (Systolic ≥160 mm of Hg and/or Diastolic ≥100 mm,4.5,2.9,False,False
Rajasthan,Nagaur,Women,83,Elevated blood pressure (Systolic ≥140 mm of Hg and/or Diastolic ≥90 mm of Hg) or taking medicine to,18.4,15.6,False,False
Rajasthan,Nagaur,Men,84,Mildly elevated blood pressure (Systolic 140-159 mm of Hg and/or Diastolic 90-99 mm of Hg) (%),14.9,12.7,False,False
Rajasthan,Nagaur,Men,85,Moderately or severely elevated blood pressure (Systolic ≥160 mm of Hg and/or Diastolic ≥100 mm,4.5,3.3,False,False
Rajasthan,Nagaur,Men,86,Elevated blood pressure (Systolic ≥140 mm of Hg and/or Diastolic ≥90 mm of Hg) or taking medicine to,21.7,17.5,False,False
Rajasthan,Nagaur,Men,87,Women having a bank or savings account that they themselves use (%),88.8,73.1,False,False
Rajasthan,Nagaur,Men,88,Women having a mobile phone that they themselves use (%),70.8,54.7,False,False
Rajasthan,Nagaur,Men,89,Women age 15-24 years who use hygienic methods of protection during their menstrual period17 (%),95.3,86.6,False,False
Rajasthan,Nagaur,Tobacco Use and Alcohol Consumption among Adults (age 15 years and above),90,Women age 15 years and above who use any kind of tobacco (%),9.1,5.9,False,False
Rajasthan,Nagaur,Tobacco Use and Alcohol Consumption among Adults (age 15 years and above),91,Men age 15 years and above who use any kind of tobacco (%),38.8,44.0,False,False
Rajasthan,Nagaur,Tobacco Use and Alcohol Consumption among Adults (age 15 years and above),92,Women age 15 years and above who consume alcohol (%),0.2,0.3,False,False
Rajasthan,Nagaur,Tobacco Use and Alcohol Consumption among Adults (age 15 years and above),93,Men age 15 years and above who consume alcohol (%),5.9,7.5,False,False
Rajasthan,Pali,Population and Household Profile,1,Population below age 5 years (%),9.0,8.6,False,False
Rajasthan,Pali,Population and Household Profile,2,Population below age 15 years (%),27.2,27.3,False,False
Rajasthan,Pali,Population and Household Profile,3,Population age 60 years and above (%),14.9,10.0,False,False
Rajasthan,Pali,Population and Household Profile,4,Population living in households with electricity (%),99.2,99.7,False,False
Rajasthan,Pali,Population and Household Profile,5,Population living in households with an improved drinking-water source1 (%),93.5,96.2,False,False
Rajasthan,Pali,Population and Household Profile,6,Households using iodized salt (%),95.5,96.2,False,False
Rajasthan,Pali,Population and Household Profile,7,Households with any usual member covered under a health insurance/financing scheme (%),93.4,96.2,False,False
Rajasthan,Pali,Population and Household Profile,8,Households with any usual member having a bank account/post office account (%),99.4,98.3,False,False
Rajasthan,Pali,Population and Household Profile,9,Female population age 6 years and above who ever attended school (%),61.9,67.1,False,False
Rajasthan,Pali,Population and Household Profile,10,Households with any usual female members owning a house and/or land (alone or jointly with others) (%),12.8,9.6,False,False
Rajasthan,Pali,Population and Household Profile,11,Children age 2-4 years who attended pre-school (%),35.8,29.1,False,False
Rajasthan,Pali,Characteristics of Adults (age 15-49 years),12,Women with 10 or more years of schooling (%),33.5,36.6,False,False
Rajasthan,Pali,Characteristics of Adults (age 15-49 years),13,Men with 10 or more years of schooling (%),54.1,61.1,False,False
Rajasthan,Pali,Characteristics of Adults (age 15-49 years),14,Women who have ever used the internet (%),77.6,43.9,False,False
Rajasthan,Pali,Characteristics of Adults (age 15-49 years),15,Men who have ever used the internet (%),87.7,85.0,False,False
Rajasthan,Pali,Marriage and Fertility,16,Women age 20-24 years married before age 18 years (%),13.0,11.8,False,False
Rajasthan,Pali,Marriage and Fertility,17,Men age 25-29 years married before age 21 years (%),*,17.6,True,False
Rajasthan,Pali,Marriage and Fertility,18,Three or more births in the 5 years preceding the survey (%),4.0,1.4,False,False
Rajasthan,Pali,Marriage and Fertility,19,Women age 15-19 years who were already mothers or pregnant at the time of the survey (%),3.1,2.2,False,False
Rajasthan,Pali,Marriage and Fertility,20,Any method2 (%),58.6,57.8,False,False
Rajasthan,Pali,Marriage and Fertility,21,Any modern method2 (%),49.4,47.6,False,False
Rajasthan,Pali,Marriage and Fertility,22,Any traditional method (%),9.2,10.2,False,False
Rajasthan,Pali,Marriage and Fertility,23,Female sterilization (%),33.0,33.5,False,False
Rajasthan,Pali,Marriage and Fertility,24,Male sterilization (%),0.3,0.1,False,False
Rajasthan,Pali,Marriage and Fertility,25,Total unmet need3 (%),10.5,12.9,False,False
Rajasthan,Pali,Marriage and Fertility,26,Unmet need for spacing3 (%),6.4,5.1,False,False
Rajasthan,Pali,Marriage and Fertility,27,Unmet need for limiting3 (%),4.1,7.8,False,False
Rajasthan,Pali,Antenatal Care (for last birth in the 5 years before the survey),28,Mothers who had an antenatal check-up in the first trimester (%),77.2,69.3,False,False
Rajasthan,Pali,Antenatal Care (for last birth in the 5 years before the survey),29,Mothers who had any antenatal care visits (%),98.0,97.7,False,False
Rajasthan,Pali,Antenatal Care (for last birth in the 5 years before the survey),30,Mothers who had at least 4 antenatal care visits (%),55.2,45.0,False,False
Rajasthan,Pali,Antenatal Care (for last birth in the 5 years before the survey),31,Mothers whose last birth was protected against neonatal tetanus4 (%),95.7,97.5,False,False
Rajasthan,Pali,Antenatal Care (for last birth in the 5 years before the survey),32,Mothers who consumed iron folic acid for 100 days or more when they were pregnant (%),43.3,43.8,False,False
Rajasthan,Pali,Antenatal Care (for last birth in the 5 years before the survey),33,Mothers who consumed iron folic acid for 180 days or more when they were pregnant (%),30.2,20.0,False,False
Rajasthan,Pali,Antenatal Care (for last birth in the 5 years before the survey),34,Registered pregnancies for which the mother received a Mother and Child Protection (MCP) card (%),98.1,98.5,False,False
Rajasthan,Pali,Delivery Care (for births in the 5 years before the survey),35,Institutional births (%),90.9,98.8,False,False
Rajasthan,Pali,Delivery Care (for births in the 5 years before the survey),36,Institutional births in public facility (%),73.9,82.4,False,False
Rajasthan,Pali,Delivery Care (for births in the 5 years before the survey),37,Births attended by skilled health personnel5 (%),92.7,98.5,False,False
Rajasthan,Pali,Delivery Care (for births in the 5 years before the survey),38,Births delivered by caesarean section (%),15.4,10.2,False,False
Rajasthan,Pali,Delivery Care (for births in the 5 years before the survey),39,Births in a private health facility that were delivered by caesarean section (%),31.6,39.9,False,False
Rajasthan,Pali,Delivery Care (for births in the 5 years before the survey),40,Births in a public health facility that were delivered by caesarean section (%),13.6,4.4,False,False
Rajasthan,Pali,Postnatal Care (for last birth in the 5 years before the survey),41,Mothers who received postnatal care from a doctor/nurse/LHV/ANM/midwife/other health personnel within 2,82.8,96.4,False,False
Rajasthan,Pali,Postnatal Care (for last birth in the 5 years before the survey),42,Children born at home who were taken to a health facility for a check-up within 24 hours of birth (%),3.0,*,True,False
Rajasthan,Pali,Postnatal Care (for last birth in the 5 years before the survey),43,Children who received postnatal care from a doctor/nurse/LHV/ANM/midwife/other health personnel within 2,87.0,94.7,False,False
Rajasthan,Pali,Child Vaccinations and Vitamin A Supplementation,44,Children age 12-23 months fully vaccinated based on information from either vaccination card or mother's,90.5,90.2,False,False
Rajasthan,Pali,Child Vaccinations and Vitamin A Supplementation,45,Children age 12-23 months fully vaccinated based on information from vaccination card only7 (%),77.1,89.2,False,False
Rajasthan,Pali,Child Vaccinations and Vitamin A Supplementation,46,Children age 12-23 months who have received any vaccine (%),95.1,100.0,False,False
Rajasthan,Pali,Child Vaccinations and Vitamin A Supplementation,47,Children age 12-23 months who have received BCG (%),95.1,100.0,False,False
Rajasthan,Pali,Child Vaccinations and Vitamin A Supplementation,48,Children age 12-23 months who have received 3 doses of polio vaccine8 (%),90.5,91.5,False,False
Rajasthan,Pali,Child Vaccinations and Vitamin A Supplementation,49,Children age 12-23 months who have received 3 doses of pentavalent vaccine (%),91.6,93.1,False,False
Rajasthan,Pali,Child Vaccinations and Vitamin A Supplementation,50,Children age 12-23 months who have received the first dose of measles-containing vaccine (MCV) (%),92.9,97.4,False,False
Rajasthan,Pali,Child Vaccinations and Vitamin A Supplementation,51,Children age 24-35 months who have received a second dose of measles-containing vaccine (MCV) (%),52.0,77.1,False,False
Rajasthan,Pali,Child Vaccinations and Vitamin A Supplementation,52,Children age 12-23 months who have received birth dose of hepatitis B vaccine (%),92.2,89.4,False,False
Rajasthan,Pali,Child Vaccinations and Vitamin A Supplementation,53,Children age 12-23 months who have received 3 doses of rotavirus vaccine (%),80.9,61.1,False,False
Rajasthan,Pali,Child Vaccinations and Vitamin A Supplementation,54,Children age 9-35 months who received a vitamin A dose in the last 6 months (%),68.9,65.7,False,False
Rajasthan,Pali,Child Vaccinations and Vitamin A Supplementation,55,Children age 12-23 months who received most of their vaccinations in a public health facility (%),98.8,100.0,False,False
Rajasthan,Pali,Child Vaccinations and Vitamin A Supplementation,56,Children age 12-23 months who received most of their vaccinations in a private health facility (%),1.2,0.0,False,False
Rajasthan,Pali,Treatment of Childhood Diseases (children under age 5 years),57,Prevalence of diarrhoea in the 2 weeks preceding the survey (%),5.6,6.3,False,False
Rajasthan,Pali,Treatment of Childhood Diseases (children under age 5 years),58,Prevalence of symptoms of acute respiratory infection (ARI) in the 2 weeks preceding the survey (%),0.4,1.3,False,False
Rajasthan,Pali,Treatment of Childhood Diseases (children under age 5 years),59,Children with fever or symptoms of ARI in the 2 weeks preceding the survey taken to a health facility or,83.4,88.1,True,False
Rajasthan,Pali,Child Feeding Practices and Nutritional Status of Children,60,Children under age 3 years breastfed within one hour of birth9 (%),50.4,38.5,False,False
Rajasthan,Pali,Child Feeding Practices and Nutritional Status of Children,61,Children under age 6 months exclusively breastfed10 (%),74.8,48.9,True,False
Rajasthan,Pali,Child Feeding Practices and Nutritional Status of Children,62,Children under age 6 months currently breastfeeding10 (%),100.0,100.0,True,False
Rajasthan,Pali,Child Feeding Practices and Nutritional Status of Children,63,Children under age 6 months exclusively breastfed or breastfeeding and consuming plain water/other,90.7,79.4,True,False
Rajasthan,Pali,Child Feeding Practices and Nutritional Status of Children,64,Children age 6-8 months receiving solid or semi-solid food and breastmilk10 (%),*,*,True,False
Rajasthan,Pali,Child Feeding Practices and Nutritional Status of Children,65,"Breastfeeding children age 6-23 months receiving an adequate diet10, 11 (%)",9.8,6.1,False,False
Rajasthan,Pali,Child Feeding Practices and Nutritional Status of Children,66,"Non-breastfeeding children age 6-23 months receiving an adequate diet10, 11 (%)",*,*,True,False
Rajasthan,Pali,Child Feeding Practices and Nutritional Status of Children,67,"Total children age 6-23 months receiving an adequate diet10, 11 (%)",9.6,5.5,False,False
Rajasthan,Pali,Child Feeding Practices and Nutritional Status of Children,68,Children under 5 years who are stunted (height-for-age)12 (%),37.3,35.9,False,False
Rajasthan,Pali,Child Feeding Practices and Nutritional Status of Children,69,Children under 5 years who are wasted (weight-for-height)12 (%),17.4,18.3,False,False
Rajasthan,Pali,Child Feeding Practices and Nutritional Status of Children,70,Children under 5 years who are severely wasted (weight-for-height)13 (%),4.7,9.4,False,False
Rajasthan,Pali,Child Feeding Practices and Nutritional Status of Children,71,Children under 5 years who are underweight (weight-for-age)12 (%),38.8,35.9,False,False
Rajasthan,Pali,Child Feeding Practices and Nutritional Status of Children,72,Children under 5 years who are overweight (weight-for-height)14 (%),1.3,0.9,False,False
Rajasthan,Pali,Nutritional Status of Adults (age 15-49 years),73,Women whose Body Mass Index (BMI) is below normal (BMI <18.5 kg/m2)15 (%),30.7,16.3,False,False
Rajasthan,Pali,Nutritional Status of Adults (age 15-49 years),74,Women who are overweight or obese (BMI ≥25.0 kg/m2)15 (%),15.6,8.1,False,False
Rajasthan,Pali,Women,75,Blood sugar level - high (141-160 mg/dl)16 (%),5.7,5.4,False,False
Rajasthan,Pali,Women,76,Blood sugar level - very high (>160 mg/dl)16 (%),3.7,3.6,False,False
Rajasthan,Pali,Women,77,Blood sugar level - high or very high (>140 mg/dl) or taking medicine to control blood sugar level16 (%),9.9,9.5,False,False
Rajasthan,Pali,Men,78,Blood sugar level - high (141-160 mg/dl)16 (%),6.0,8.4,False,False
Rajasthan,Pali,Men,79,Blood sugar level - very high (>160 mg/dl)16 (%),5.5,5.1,False,False
Rajasthan,Pali,Men,80,Blood sugar level - high or very high (>140 mg/dl) or taking medicine to control blood sugar level16 (%),12.0,13.8,False,False
Rajasthan,Pali,Women,81,Mildly elevated blood pressure (Systolic 140-159 mm of Hg and/or Diastolic 90-99 mm of Hg) (%),6.2,8.5,False,False
Rajasthan,Pali,Women,82,Moderately or severely elevated blood pressure (Systolic ≥160 mm of Hg and/or Diastolic ≥100 mm,3.1,1.9,False,False
Rajasthan,Pali,Women,83,Elevated blood pressure (Systolic ≥140 mm of Hg and/or Diastolic ≥90 mm of Hg) or taking medicine to,11.5,13.0,False,False
Rajasthan,Pali,Men,84,Mildly elevated blood pressure (Systolic 140-159 mm of Hg and/or Diastolic 90-99 mm of Hg) (%),7.3,12.2,False,False
Rajasthan,Pali,Men,85,Moderately or severely elevated blood pressure (Systolic ≥160 mm of Hg and/or Diastolic ≥100 mm,2.1,2.7,False,False
Rajasthan,Pali,Men,86,Elevated blood pressure (Systolic ≥140 mm of Hg and/or Diastolic ≥90 mm of Hg) or taking medicine to,10.9,16.5,False,False
Rajasthan,Pali,Men,87,Women having a bank or savings account that they themselves use (%),90.3,80.8,False,False
Rajasthan,Pali,Men,88,Women having a mobile phone that they themselves use (%),70.6,68.4,False,False
Rajasthan,Pali,Men,89,Women age 15-24 years who use hygienic methods of protection during their menstrual period17 (%),93.9,94.1,False,False
Rajasthan,Pali,Tobacco Use and Alcohol Consumption among Adults (age 15 years and above),90,Women age 15 years and above who use any kind of tobacco (%),4.5,4.6,False,False
Rajasthan,Pali,Tobacco Use and Alcohol Consumption among Adults (age 15 years and above),91,Men age 15 years and above who use any kind of tobacco (%),29.5,40.1,False,False
Rajasthan,Pali,Tobacco Use and Alcohol Consumption among Adults (age 15 years and above),92,Women age 15 years and above who consume alcohol (%),0.3,0.1,False,False
Rajasthan,Pali,Tobacco Use and Alcohol Consumption among Adults (age 15 years and above),93,Men age 15 years and above who consume alcohol (%),6.0,9.0,False,False
Rajasthan,Pratapgarh,Population and Household Profile,1,Population below age 5 years (%),10.1,9.1,False,False
Rajasthan,Pratapgarh,Population and Household Profile,2,Population below age 15 years (%),30.9,30.7,False,False
Rajasthan,Pratapgarh,Population and Household Profile,3,Population age 60 years and above (%),12.0,10.8,False,False
Rajasthan,Pratapgarh,Population and Household Profile,4,Population living in households with electricity (%),97.5,97.0,False,False
Rajasthan,Pratapgarh,Population and Household Profile,5,Population living in households with an improved drinking-water source1 (%),90.1,88.6,False,False
Rajasthan,Pratapgarh,Population and Household Profile,6,Households using iodized salt (%),98.7,90.4,False,False
Rajasthan,Pratapgarh,Population and Household Profile,7,Households with any usual member covered under a health insurance/financing scheme (%),79.2,84.5,False,False
Rajasthan,Pratapgarh,Population and Household Profile,8,Households with any usual member having a bank account/post office account (%),99.1,97.7,False,False
Rajasthan,Pratapgarh,Population and Household Profile,9,Female population age 6 years and above who ever attended school (%),58.5,57.0,False,False
Rajasthan,Pratapgarh,Population and Household Profile,10,Households with any usual female members owning a house and/or land (alone or jointly with others) (%),21.7,9.3,False,False
Rajasthan,Pratapgarh,Population and Household Profile,11,Children age 2-4 years who attended pre-school (%),39.9,31.1,False,False
Rajasthan,Pratapgarh,Characteristics of Adults (age 15-49 years),12,Women with 10 or more years of schooling (%),28.4,23.5,False,False
Rajasthan,Pratapgarh,Characteristics of Adults (age 15-49 years),13,Men with 10 or more years of schooling (%),41.5,27.9,False,False
Rajasthan,Pratapgarh,Characteristics of Adults (age 15-49 years),14,Women who have ever used the internet (%),63.6,18.0,False,False
Rajasthan,Pratapgarh,Characteristics of Adults (age 15-49 years),15,Men who have ever used the internet (%),79.5,50.7,False,False
Rajasthan,Pratapgarh,Marriage and Fertility,16,Women age 20-24 years married before age 18 years (%),30.6,30.9,False,False
Rajasthan,Pratapgarh,Marriage and Fertility,17,Men age 25-29 years married before age 21 years (%),47.2,*,True,False
Rajasthan,Pratapgarh,Marriage and Fertility,18,Three or more births in the 5 years preceding the survey (%),3.3,2.9,False,False
Rajasthan,Pratapgarh,Marriage and Fertility,19,Women age 15-19 years who were already mothers or pregnant at the time of the survey (%),13.1,3.2,False,False
Rajasthan,Pratapgarh,Marriage and Fertility,20,Any method2 (%),70.9,72.0,False,False
Rajasthan,Pratapgarh,Marriage and Fertility,21,Any modern method2 (%),47.5,61.8,False,False
Rajasthan,Pratapgarh,Marriage and Fertility,22,Any traditional method (%),23.4,10.2,False,False
Rajasthan,Pratapgarh,Marriage and Fertility,23,Female sterilization (%),35.9,46.1,False,False
Rajasthan,Pratapgarh,Marriage and Fertility,24,Male sterilization (%),0.1,0.5,False,False
Rajasthan,Pratapgarh,Marriage and Fertility,25,Total unmet need3 (%),11.9,6.0,False,False
Rajasthan,Pratapgarh,Marriage and Fertility,26,Unmet need for spacing3 (%),5.9,3.1,False,False
Rajasthan,Pratapgarh,Marriage and Fertility,27,Unmet need for limiting3 (%),6.0,2.9,False,False
Rajasthan,Pratapgarh,Antenatal Care (for last birth in the 5 years before the survey),28,Mothers who had an antenatal check-up in the first trimester (%),63.4,75.1,False,False
Rajasthan,Pratapgarh,Antenatal Care (for last birth in the 5 years before the survey),29,Mothers who had any antenatal care visits (%),95.5,98.1,False,False
Rajasthan,Pratapgarh,Antenatal Care (for last birth in the 5 years before the survey),30,Mothers who had at least 4 antenatal care visits (%),45.6,52.9,False,False
Rajasthan,Pratapgarh,Antenatal Care (for last birth in the 5 years before the survey),31,Mothers whose last birth was protected against neonatal tetanus4 (%),96.3,91.2,False,False
Rajasthan,Pratapgarh,Antenatal Care (for last birth in the 5 years before the survey),32,Mothers who consumed iron folic acid for 100 days or more when they were pregnant (%),26.6,17.0,False,False
Rajasthan,Pratapgarh,Antenatal Care (for last birth in the 5 years before the survey),33,Mothers who consumed iron folic acid for 180 days or more when they were pregnant (%),17.2,2.7,False,False
Rajasthan,Pratapgarh,Antenatal Care (for last birth in the 5 years before the survey),34,Registered pregnancies for which the mother received a Mother and Child Protection (MCP) card (%),95.7,98.7,False,False
Rajasthan,Pratapgarh,Delivery Care (for births in the 5 years before the survey),35,Institutional births (%),93.7,96.4,False,False
Rajasthan,Pratapgarh,Delivery Care (for births in the 5 years before the survey),36,Institutional births in public facility (%),87.5,92.3,False,False
Rajasthan,Pratapgarh,Delivery Care (for births in the 5 years before the survey),37,Births attended by skilled health personnel5 (%),94.4,97.1,False,False
Rajasthan,Pratapgarh,Delivery Care (for births in the 5 years before the survey),38,Births delivered by caesarean section (%),6.1,3.6,False,False
Rajasthan,Pratapgarh,Delivery Care (for births in the 5 years before the survey),39,Births in a private health facility that were delivered by caesarean section (%),40.2,*,True,False
Rajasthan,Pratapgarh,Delivery Care (for births in the 5 years before the survey),40,Births in a public health facility that were delivered by caesarean section (%),4.1,1.8,False,False
Rajasthan,Pratapgarh,Postnatal Care (for last birth in the 5 years before the survey),41,Mothers who received postnatal care from a doctor/nurse/LHV/ANM/midwife/other health personnel within 2,92.4,94.0,False,False
Rajasthan,Pratapgarh,Postnatal Care (for last birth in the 5 years before the survey),42,Children born at home who were taken to a health facility for a check-up within 24 hours of birth (%),*,*,True,False
Rajasthan,Pratapgarh,Postnatal Care (for last birth in the 5 years before the survey),43,Children who received postnatal care from a doctor/nurse/LHV/ANM/midwife/other health personnel within 2,94.9,93.0,False,False
Rajasthan,Pratapgarh,Child Vaccinations and Vitamin A Supplementation,44,Children age 12-23 months fully vaccinated based on information from either vaccination card or mother's,72.3,75.8,False,False
Rajasthan,Pratapgarh,Child Vaccinations and Vitamin A Supplementation,45,Children age 12-23 months fully vaccinated based on information from vaccination card only7 (%),74.3,88.7,False,False
Rajasthan,Pratapgarh,Child Vaccinations and Vitamin A Supplementation,46,Children age 12-23 months who have received any vaccine (%),98.6,100.0,False,False
Rajasthan,Pratapgarh,Child Vaccinations and Vitamin A Supplementation,47,Children age 12-23 months who have received BCG (%),97.0,96.5,False,False
Rajasthan,Pratapgarh,Child Vaccinations and Vitamin A Supplementation,48,Children age 12-23 months who have received 3 doses of polio vaccine8 (%),78.2,81.1,False,False
Rajasthan,Pratapgarh,Child Vaccinations and Vitamin A Supplementation,49,Children age 12-23 months who have received 3 doses of pentavalent vaccine (%),86.9,97.2,False,False
Rajasthan,Pratapgarh,Child Vaccinations and Vitamin A Supplementation,50,Children age 12-23 months who have received the first dose of measles-containing vaccine (MCV) (%),91.0,91.9,False,False
Rajasthan,Pratapgarh,Child Vaccinations and Vitamin A Supplementation,51,Children age 24-35 months who have received a second dose of measles-containing vaccine (MCV) (%),60.1,37.5,False,False
Rajasthan,Pratapgarh,Child Vaccinations and Vitamin A Supplementation,52,Children age 12-23 months who have received birth dose of hepatitis B vaccine (%),97.0,83.7,False,False
Rajasthan,Pratapgarh,Child Vaccinations and Vitamin A Supplementation,53,Children age 12-23 months who have received 3 doses of rotavirus vaccine (%),82.2,67.7,False,False
Rajasthan,Pratapgarh,Child Vaccinations and Vitamin A Supplementation,54,Children age 9-35 months who received a vitamin A dose in the last 6 months (%),53.3,76.1,False,False
Rajasthan,Pratapgarh,Child Vaccinations and Vitamin A Supplementation,55,Children age 12-23 months who received most of their vaccinations in a public health facility (%),97.7,100.0,False,False
Rajasthan,Pratapgarh,Child Vaccinations and Vitamin A Supplementation,56,Children age 12-23 months who received most of their vaccinations in a private health facility (%),0.0,0.0,False,False
Rajasthan,Pratapgarh,Treatment of Childhood Diseases (children under age 5 years),57,Prevalence of diarrhoea in the 2 weeks preceding the survey (%),7.0,5.0,False,False
Rajasthan,Pratapgarh,Treatment of Childhood Diseases (children under age 5 years),58,Prevalence of symptoms of acute respiratory infection (ARI) in the 2 weeks preceding the survey (%),0.8,0.8,False,False
Rajasthan,Pratapgarh,Treatment of Childhood Diseases (children under age 5 years),59,Children with fever or symptoms of ARI in the 2 weeks preceding the survey taken to a health facility or,87.0,*,True,False
Rajasthan,Pratapgarh,Child Feeding Practices and Nutritional Status of Children,60,Children under age 3 years breastfed within one hour of birth9 (%),40.2,56.6,False,False
Rajasthan,Pratapgarh,Child Feeding Practices and Nutritional Status of Children,61,Children under age 6 months exclusively breastfed10 (%),56.3,78.6,True,False
Rajasthan,Pratapgarh,Child Feeding Practices and Nutritional Status of Children,62,Children under age 6 months currently breastfeeding10 (%),100.0,100.0,True,False
Rajasthan,Pratapgarh,Child Feeding Practices and Nutritional Status of Children,63,Children under age 6 months exclusively breastfed or breastfeeding and consuming plain water/other,94.0,85.3,True,False
Rajasthan,Pratapgarh,Child Feeding Practices and Nutritional Status of Children,64,Children age 6-8 months receiving solid or semi-solid food and breastmilk10 (%),*,*,True,False
Rajasthan,Pratapgarh,Child Feeding Practices and Nutritional Status of Children,65,"Breastfeeding children age 6-23 months receiving an adequate diet10, 11 (%)",2.8,6.8,False,False
Rajasthan,Pratapgarh,Child Feeding Practices and Nutritional Status of Children,66,"Non-breastfeeding children age 6-23 months receiving an adequate diet10, 11 (%)",*,*,True,False
Rajasthan,Pratapgarh,Child Feeding Practices and Nutritional Status of Children,67,"Total children age 6-23 months receiving an adequate diet10, 11 (%)",6.6,8.0,False,False
Rajasthan,Pratapgarh,Child Feeding Practices and Nutritional Status of Children,68,Children under 5 years who are stunted (height-for-age)12 (%),43.7,29.0,False,False
Rajasthan,Pratapgarh,Child Feeding Practices and Nutritional Status of Children,69,Children under 5 years who are wasted (weight-for-height)12 (%),27.6,24.9,False,False
Rajasthan,Pratapgarh,Child Feeding Practices and Nutritional Status of Children,70,Children under 5 years who are severely wasted (weight-for-height)13 (%),9.9,11.5,False,False
Rajasthan,Pratapgarh,Child Feeding Practices and Nutritional Status of Children,71,Children under 5 years who are underweight (weight-for-age)12 (%),49.4,31.8,False,False
Rajasthan,Pratapgarh,Child Feeding Practices and Nutritional Status of Children,72,Children under 5 years who are overweight (weight-for-height)14 (%),1.2,2.9,False,False
Rajasthan,Pratapgarh,Nutritional Status of Adults (age 15-49 years),73,Women whose Body Mass Index (BMI) is below normal (BMI <18.5 kg/m2)15 (%),42.4,24.1,False,False
Rajasthan,Pratapgarh,Nutritional Status of Adults (age 15-49 years),74,Women who are overweight or obese (BMI ≥25.0 kg/m2)15 (%),11.0,5.9,False,False
Rajasthan,Pratapgarh,Women,75,Blood sugar level - high (141-160 mg/dl)16 (%),4.7,3.5,False,False
Rajasthan,Pratapgarh,Women,76,Blood sugar level - very high (>160 mg/dl)16 (%),4.1,1.7,False,False
Rajasthan,Pratapgarh,Women,77,Blood sugar level - high or very high (>140 mg/dl) or taking medicine to control blood sugar level16 (%),9.4,5.4,False,False
Rajasthan,Pratapgarh,Men,78,Blood sugar level - high (141-160 mg/dl)16 (%),6.8,6.1,False,False
Rajasthan,Pratapgarh,Men,79,Blood sugar level - very high (>160 mg/dl)16 (%),5.7,3.5,False,False
Rajasthan,Pratapgarh,Men,80,Blood sugar level - high or very high (>140 mg/dl) or taking medicine to control blood sugar level16 (%),12.9,9.9,False,False
Rajasthan,Pratapgarh,Women,81,Mildly elevated blood pressure (Systolic 140-159 mm of Hg and/or Diastolic 90-99 mm of Hg) (%),4.7,11.8,False,False
Rajasthan,Pratapgarh,Women,82,Moderately or severely elevated blood pressure (Systolic ≥160 mm of Hg and/or Diastolic ≥100 mm,3.5,3.4,False,False
Rajasthan,Pratapgarh,Women,83,Elevated blood pressure (Systolic ≥140 mm of Hg and/or Diastolic ≥90 mm of Hg) or taking medicine to,10.4,16.5,False,False
Rajasthan,Pratapgarh,Men,84,Mildly elevated blood pressure (Systolic 140-159 mm of Hg and/or Diastolic 90-99 mm of Hg) (%),5.8,13.3,False,False
Rajasthan,Pratapgarh,Men,85,Moderately or severely elevated blood pressure (Systolic ≥160 mm of Hg and/or Diastolic ≥100 mm,3.4,4.5,False,False
Rajasthan,Pratapgarh,Men,86,Elevated blood pressure (Systolic ≥140 mm of Hg and/or Diastolic ≥90 mm of Hg) or taking medicine to,10.8,18.7,False,False
Rajasthan,Pratapgarh,Men,87,Women having a bank or savings account that they themselves use (%),92.1,77.4,False,False
Rajasthan,Pratapgarh,Men,88,Women having a mobile phone that they themselves use (%),47.1,31.0,False,False
Rajasthan,Pratapgarh,Men,89,Women age 15-24 years who use hygienic methods of protection during their menstrual period17 (%),73.6,67.6,False,False
Rajasthan,Pratapgarh,Tobacco Use and Alcohol Consumption among Adults (age 15 years and above),90,Women age 15 years and above who use any kind of tobacco (%),2.4,2.7,False,False
Rajasthan,Pratapgarh,Tobacco Use and Alcohol Consumption among Adults (age 15 years and above),91,Men age 15 years and above who use any kind of tobacco (%),42.6,37.8,False,False
Rajasthan,Pratapgarh,Tobacco Use and Alcohol Consumption among Adults (age 15 years and above),92,Women age 15 years and above who consume alcohol (%),0.1,0.4,False,False
Rajasthan,Pratapgarh,Tobacco Use and Alcohol Consumption among Adults (age 15 years and above),93,Men age 15 years and above who consume alcohol (%),18.6,18.0,False,False
Rajasthan,Rajsamand,Population and Household Profile,1,Population below age 5 years (%),8.6,8.3,False,False
Rajasthan,Rajsamand,Population and Household Profile,2,Population below age 15 years (%),28.3,27.6,False,False
Rajasthan,Rajsamand,Population and Household Profile,3,Population age 60 years and above (%),13.4,10.9,False,False
Rajasthan,Rajsamand,Population and Household Profile,4,Population living in households with electricity (%),99.4,98.9,False,False
Rajasthan,Rajsamand,Population and Household Profile,5,Population living in households with an improved drinking-water source1 (%),92.6,94.8,False,False
Rajasthan,Rajsamand,Population and Household Profile,6,Households using iodized salt (%),96.5,97.5,False,False
Rajasthan,Rajsamand,Population and Household Profile,7,Households with any usual member covered under a health insurance/financing scheme (%),83.5,93.2,False,False
Rajasthan,Rajsamand,Population and Household Profile,8,Households with any usual member having a bank account/post office account (%),98.8,97.5,False,False
Rajasthan,Rajsamand,Population and Household Profile,9,Female population age 6 years and above who ever attended school (%),60.9,64.2,False,False
Rajasthan,Rajsamand,Population and Household Profile,10,Households with any usual female members owning a house and/or land (alone or jointly with others) (%),14.5,10.6,False,False
Rajasthan,Rajsamand,Population and Household Profile,11,Children age 2-4 years who attended pre-school (%),34.6,28.2,False,False
Rajasthan,Rajsamand,Characteristics of Adults (age 15-49 years),12,Women with 10 or more years of schooling (%),28.9,33.9,False,False
Rajasthan,Rajsamand,Characteristics of Adults (age 15-49 years),13,Men with 10 or more years of schooling (%),37.6,61.9,False,False
Rajasthan,Rajsamand,Characteristics of Adults (age 15-49 years),14,Women who have ever used the internet (%),63.4,38.6,False,False
Rajasthan,Rajsamand,Characteristics of Adults (age 15-49 years),15,Men who have ever used the internet (%),77.6,78.0,False,False
Rajasthan,Rajsamand,Marriage and Fertility,16,Women age 20-24 years married before age 18 years (%),40.1,27.5,False,False
Rajasthan,Rajsamand,Marriage and Fertility,17,Men age 25-29 years married before age 21 years (%),54.1,*,True,False
Rajasthan,Rajsamand,Marriage and Fertility,18,Three or more births in the 5 years preceding the survey (%),1.7,2.2,False,False
Rajasthan,Rajsamand,Marriage and Fertility,19,Women age 15-19 years who were already mothers or pregnant at the time of the survey (%),5.3,3.2,False,False
Rajasthan,Rajsamand,Marriage and Fertility,20,Any method2 (%),70.0,56.6,False,False
Rajasthan,Rajsamand,Marriage and Fertility,21,Any modern method2 (%),58.3,50.7,False,False
Rajasthan,Rajsamand,Marriage and Fertility,22,Any traditional method (%),11.7,5.9,False,False
Rajasthan,Rajsamand,Marriage and Fertility,23,Female sterilization (%),29.3,36.9,False,False
Rajasthan,Rajsamand,Marriage and Fertility,24,Male sterilization (%),0.4,0.0,False,False
Rajasthan,Rajsamand,Marriage and Fertility,25,Total unmet need3 (%),7.4,14.7,False,False
Rajasthan,Rajsamand,Marriage and Fertility,26,Unmet need for spacing3 (%),4.0,7.4,False,False
Rajasthan,Rajsamand,Marriage and Fertility,27,Unmet need for limiting3 (%),3.4,7.3,False,False
Rajasthan,Rajsamand,Antenatal Care (for last birth in the 5 years before the survey),28,Mothers who had an antenatal check-up in the first trimester (%),73.0,84.8,False,False
Rajasthan,Rajsamand,Antenatal Care (for last birth in the 5 years before the survey),29,Mothers who had any antenatal care visits (%),95.6,95.5,False,False
Rajasthan,Rajsamand,Antenatal Care (for last birth in the 5 years before the survey),30,Mothers who had at least 4 antenatal care visits (%),59.1,60.7,False,False
Rajasthan,Rajsamand,Antenatal Care (for last birth in the 5 years before the survey),31,Mothers whose last birth was protected against neonatal tetanus4 (%),98.0,96.4,False,False
Rajasthan,Rajsamand,Antenatal Care (for last birth in the 5 years before the survey),32,Mothers who consumed iron folic acid for 100 days or more when they were pregnant (%),43.6,46.3,False,False
Rajasthan,Rajsamand,Antenatal Care (for last birth in the 5 years before the survey),33,Mothers who consumed iron folic acid for 180 days or more when they were pregnant (%),27.6,23.9,False,False
Rajasthan,Rajsamand,Antenatal Care (for last birth in the 5 years before the survey),34,Registered pregnancies for which the mother received a Mother and Child Protection (MCP) card (%),97.0,99.7,False,False
Rajasthan,Rajsamand,Delivery Care (for births in the 5 years before the survey),35,Institutional births (%),91.0,95.1,False,False
Rajasthan,Rajsamand,Delivery Care (for births in the 5 years before the survey),36,Institutional births in public facility (%),80.0,84.3,False,False
Rajasthan,Rajsamand,Delivery Care (for births in the 5 years before the survey),37,Births attended by skilled health personnel5 (%),92.3,95.7,False,False
Rajasthan,Rajsamand,Delivery Care (for births in the 5 years before the survey),38,Births delivered by caesarean section (%),7.7,9.0,False,False
Rajasthan,Rajsamand,Delivery Care (for births in the 5 years before the survey),39,Births in a private health facility that were delivered by caesarean section (%),37.5,43.3,True,False
Rajasthan,Rajsamand,Delivery Care (for births in the 5 years before the survey),40,Births in a public health facility that were delivered by caesarean section (%),4.4,5.2,False,False
Rajasthan,Rajsamand,Postnatal Care (for last birth in the 5 years before the survey),41,Mothers who received postnatal care from a doctor/nurse/LHV/ANM/midwife/other health personnel within 2,82.6,82.6,False,False
Rajasthan,Rajsamand,Postnatal Care (for last birth in the 5 years before the survey),42,Children born at home who were taken to a health facility for a check-up within 24 hours of birth (%),11.7,*,True,False
Rajasthan,Rajsamand,Postnatal Care (for last birth in the 5 years before the survey),43,Children who received postnatal care from a doctor/nurse/LHV/ANM/midwife/other health personnel within 2,88.4,79.2,False,False
Rajasthan,Rajsamand,Child Vaccinations and Vitamin A Supplementation,44,Children age 12-23 months fully vaccinated based on information from either vaccination card or mother's,86.9,71.7,False,False
Rajasthan,Rajsamand,Child Vaccinations and Vitamin A Supplementation,45,Children age 12-23 months fully vaccinated based on information from vaccination card only7 (%),84.6,76.6,False,False
Rajasthan,Rajsamand,Child Vaccinations and Vitamin A Supplementation,46,Children age 12-23 months who have received any vaccine (%),95.5,94.2,False,False
Rajasthan,Rajsamand,Child Vaccinations and Vitamin A Supplementation,47,Children age 12-23 months who have received BCG (%),94.2,85.3,False,False
Rajasthan,Rajsamand,Child Vaccinations and Vitamin A Supplementation,48,Children age 12-23 months who have received 3 doses of polio vaccine8 (%),88.8,79.1,False,False
Rajasthan,Rajsamand,Child Vaccinations and Vitamin A Supplementation,49,Children age 12-23 months who have received 3 doses of pentavalent vaccine (%),90.6,81.3,False,False
Rajasthan,Rajsamand,Child Vaccinations and Vitamin A Supplementation,50,Children age 12-23 months who have received the first dose of measles-containing vaccine (MCV) (%),92.6,86.7,False,False
Rajasthan,Rajsamand,Child Vaccinations and Vitamin A Supplementation,51,Children age 24-35 months who have received a second dose of measles-containing vaccine (MCV) (%),57.1,37.3,False,False
Rajasthan,Rajsamand,Child Vaccinations and Vitamin A Supplementation,52,Children age 12-23 months who have received birth dose of hepatitis B vaccine (%),91.7,65.6,False,False
Rajasthan,Rajsamand,Child Vaccinations and Vitamin A Supplementation,53,Children age 12-23 months who have received 3 doses of rotavirus vaccine (%),88.9,52.8,False,False
Rajasthan,Rajsamand,Child Vaccinations and Vitamin A Supplementation,54,Children age 9-35 months who received a vitamin A dose in the last 6 months (%),76.1,63.3,False,False
Rajasthan,Rajsamand,Child Vaccinations and Vitamin A Supplementation,55,Children age 12-23 months who received most of their vaccinations in a public health facility (%),98.1,100.0,False,False
Rajasthan,Rajsamand,Child Vaccinations and Vitamin A Supplementation,56,Children age 12-23 months who received most of their vaccinations in a private health facility (%),0.0,0.0,False,False
Rajasthan,Rajsamand,Treatment of Childhood Diseases (children under age 5 years),57,Prevalence of diarrhoea in the 2 weeks preceding the survey (%),7.2,8.2,False,False
Rajasthan,Rajsamand,Treatment of Childhood Diseases (children under age 5 years),58,Prevalence of symptoms of acute respiratory infection (ARI) in the 2 weeks preceding the survey (%),1.0,3.2,False,False
Rajasthan,Rajsamand,Treatment of Childhood Diseases (children under age 5 years),59,Children with fever or symptoms of ARI in the 2 weeks preceding the survey taken to a health facility or,74.1,63.0,True,False
Rajasthan,Rajsamand,Child Feeding Practices and Nutritional Status of Children,60,Children under age 3 years breastfed within one hour of birth9 (%),50.2,44.1,False,False
Rajasthan,Rajsamand,Child Feeding Practices and Nutritional Status of Children,61,Children under age 6 months exclusively breastfed10 (%),59.3,73.4,True,False
Rajasthan,Rajsamand,Child Feeding Practices and Nutritional Status of Children,62,Children under age 6 months currently breastfeeding10 (%),100.0,100.0,True,False
Rajasthan,Rajsamand,Child Feeding Practices and Nutritional Status of Children,63,Children under age 6 months exclusively breastfed or breastfeeding and consuming plain water/other,83.6,88.3,True,False
Rajasthan,Rajsamand,Child Feeding Practices and Nutritional Status of Children,64,Children age 6-8 months receiving solid or semi-solid food and breastmilk10 (%),*,*,True,False
Rajasthan,Rajsamand,Child Feeding Practices and Nutritional Status of Children,65,"Breastfeeding children age 6-23 months receiving an adequate diet10, 11 (%)",12.5,9.0,False,False
Rajasthan,Rajsamand,Child Feeding Practices and Nutritional Status of Children,66,"Non-breastfeeding children age 6-23 months receiving an adequate diet10, 11 (%)",*,*,True,False
Rajasthan,Rajsamand,Child Feeding Practices and Nutritional Status of Children,67,"Total children age 6-23 months receiving an adequate diet10, 11 (%)",12.2,7.6,False,False
Rajasthan,Rajsamand,Child Feeding Practices and Nutritional Status of Children,68,Children under 5 years who are stunted (height-for-age)12 (%),27.3,30.3,False,False
Rajasthan,Rajsamand,Child Feeding Practices and Nutritional Status of Children,69,Children under 5 years who are wasted (weight-for-height)12 (%),16.4,16.6,False,False
Rajasthan,Rajsamand,Child Feeding Practices and Nutritional Status of Children,70,Children under 5 years who are severely wasted (weight-for-height)13 (%),6.8,10.2,False,False
Rajasthan,Rajsamand,Child Feeding Practices and Nutritional Status of Children,71,Children under 5 years who are underweight (weight-for-age)12 (%),29.8,23.7,False,False
Rajasthan,Rajsamand,Child Feeding Practices and Nutritional Status of Children,72,Children under 5 years who are overweight (weight-for-height)14 (%),0.2,4.5,False,False
Rajasthan,Rajsamand,Nutritional Status of Adults (age 15-49 years),73,Women whose Body Mass Index (BMI) is below normal (BMI <18.5 kg/m2)15 (%),25.1,18.1,False,False
Rajasthan,Rajsamand,Nutritional Status of Adults (age 15-49 years),74,Women who are overweight or obese (BMI ≥25.0 kg/m2)15 (%),18.7,8.3,False,False
Rajasthan,Rajsamand,Women,75,Blood sugar level - high (141-160 mg/dl)16 (%),3.9,3.9,False,False
Rajasthan,Rajsamand,Women,76,Blood sugar level - very high (>160 mg/dl)16 (%),3.7,2.2,False,False
Rajasthan,Rajsamand,Women,77,Blood sugar level - high or very high (>140 mg/dl) or taking medicine to control blood sugar level16 (%),8.2,6.8,False,False
Rajasthan,Rajsamand,Men,78,Blood sugar level - high (141-160 mg/dl)16 (%),4.8,4.4,False,False
Rajasthan,Rajsamand,Men,79,Blood sugar level - very high (>160 mg/dl)16 (%),3.8,2.4,False,False
Rajasthan,Rajsamand,Men,80,Blood sugar level - high or very high (>140 mg/dl) or taking medicine to control blood sugar level16 (%),9.2,7.9,False,False
Rajasthan,Rajsamand,Women,81,Mildly elevated blood pressure (Systolic 140-159 mm of Hg and/or Diastolic 90-99 mm of Hg) (%),7.9,8.6,False,False
Rajasthan,Rajsamand,Women,82,Moderately or severely elevated blood pressure (Systolic ≥160 mm of Hg and/or Diastolic ≥100 mm,3.2,2.6,False,False
Rajasthan,Rajsamand,Women,83,Elevated blood pressure (Systolic ≥140 mm of Hg and/or Diastolic ≥90 mm of Hg) or taking medicine to,13.4,15.1,False,False
Rajasthan,Rajsamand,Men,84,Mildly elevated blood pressure (Systolic 140-159 mm of Hg and/or Diastolic 90-99 mm of Hg) (%),9.1,11.4,False,False
Rajasthan,Rajsamand,Men,85,Moderately or severely elevated blood pressure (Systolic ≥160 mm of Hg and/or Diastolic ≥100 mm,3.3,2.1,False,False
Rajasthan,Rajsamand,Men,86,Elevated blood pressure (Systolic ≥140 mm of Hg and/or Diastolic ≥90 mm of Hg) or taking medicine to,13.7,15.4,False,False
Rajasthan,Rajsamand,Men,87,Women having a bank or savings account that they themselves use (%),87.8,85.0,False,False
Rajasthan,Rajsamand,Men,88,Women having a mobile phone that they themselves use (%),64.6,55.6,False,False
Rajasthan,Rajsamand,Men,89,Women age 15-24 years who use hygienic methods of protection during their menstrual period17 (%),78.7,77.9,False,False
Rajasthan,Rajsamand,Tobacco Use and Alcohol Consumption among Adults (age 15 years and above),90,Women age 15 years and above who use any kind of tobacco (%),5.8,4.8,False,False
Rajasthan,Rajsamand,Tobacco Use and Alcohol Consumption among Adults (age 15 years and above),91,Men age 15 years and above who use any kind of tobacco (%),37.2,44.6,False,False
Rajasthan,Rajsamand,Tobacco Use and Alcohol Consumption among Adults (age 15 years and above),92,Women age 15 years and above who consume alcohol (%),0.4,0.1,False,False
Rajasthan,Rajsamand,Tobacco Use and Alcohol Consumption among Adults (age 15 years and above),93,Men age 15 years and above who consume alcohol (%),10.4,11.6,False,False
Rajasthan,Sawai Madhopur,Population and Household Profile,1,Population below age 5 years (%),9.1,9.1,False,False
Rajasthan,Sawai Madhopur,Population and Household Profile,2,Population below age 15 years (%),28.0,28.9,False,False
Rajasthan,Sawai Madhopur,Population and Household Profile,3,Population age 60 years and above (%),12.5,11.5,False,False
Rajasthan,Sawai Madhopur,Population and Household Profile,4,Population living in households with electricity (%),99.8,95.5,False,False
Rajasthan,Sawai Madhopur,Population and Household Profile,5,Population living in households with an improved drinking-water source1 (%),83.8,92.5,False,False
Rajasthan,Sawai Madhopur,Population and Household Profile,6,Households using iodized salt (%),95.2,92.5,False,False
Rajasthan,Sawai Madhopur,Population and Household Profile,7,Households with any usual member covered under a health insurance/financing scheme (%),85.8,80.5,False,False
Rajasthan,Sawai Madhopur,Population and Household Profile,8,Households with any usual member having a bank account/post office account (%),99.3,96.7,False,False
Rajasthan,Sawai Madhopur,Population and Household Profile,9,Female population age 6 years and above who ever attended school (%),60.0,57.4,False,False
Rajasthan,Sawai Madhopur,Population and Household Profile,10,Households with any usual female members owning a house and/or land (alone or jointly with others) (%),13.8,9.9,False,False
Rajasthan,Sawai Madhopur,Population and Household Profile,11,Children age 2-4 years who attended pre-school (%),42.9,34.5,False,False
Rajasthan,Sawai Madhopur,Characteristics of Adults (age 15-49 years),12,Women with 10 or more years of schooling (%),33.1,28.3,False,False
Rajasthan,Sawai Madhopur,Characteristics of Adults (age 15-49 years),13,Men with 10 or more years of schooling (%),56.5,49.7,False,False
Rajasthan,Sawai Madhopur,Characteristics of Adults (age 15-49 years),14,Women who have ever used the internet (%),69.1,13.9,False,False
Rajasthan,Sawai Madhopur,Characteristics of Adults (age 15-49 years),15,Men who have ever used the internet (%),79.7,54.7,False,False
Rajasthan,Sawai Madhopur,Marriage and Fertility,16,Women age 20-24 years married before age 18 years (%),24.1,35.4,False,False
Rajasthan,Sawai Madhopur,Marriage and Fertility,17,Men age 25-29 years married before age 21 years (%),*,*,True,False
Rajasthan,Sawai Madhopur,Marriage and Fertility,18,Three or more births in the 5 years preceding the survey (%),5.6,3.0,False,False
Rajasthan,Sawai Madhopur,Marriage and Fertility,19,Women age 15-19 years who were already mothers or pregnant at the time of the survey (%),5.4,2.9,False,False
Rajasthan,Sawai Madhopur,Marriage and Fertility,20,Any method2 (%),73.4,58.7,False,False
Rajasthan,Sawai Madhopur,Marriage and Fertility,21,Any modern method2 (%),52.2,50.2,False,False
Rajasthan,Sawai Madhopur,Marriage and Fertility,22,Any traditional method (%),21.2,8.5,False,False
Rajasthan,Sawai Madhopur,Marriage and Fertility,23,Female sterilization (%),39.4,37.1,False,False
Rajasthan,Sawai Madhopur,Marriage and Fertility,24,Male sterilization (%),0.2,0.1,False,False
Rajasthan,Sawai Madhopur,Marriage and Fertility,25,Total unmet need3 (%),9.7,11.5,False,False
Rajasthan,Sawai Madhopur,Marriage and Fertility,26,Unmet need for spacing3 (%),6.0,5.3,False,False
Rajasthan,Sawai Madhopur,Marriage and Fertility,27,Unmet need for limiting3 (%),3.7,6.2,False,False
Rajasthan,Sawai Madhopur,Antenatal Care (for last birth in the 5 years before the survey),28,Mothers who had an antenatal check-up in the first trimester (%),78.0,65.4,False,False
Rajasthan,Sawai Madhopur,Antenatal Care (for last birth in the 5 years before the survey),29,Mothers who had any antenatal care visits (%),98.7,83.3,False,False
Rajasthan,Sawai Madhopur,Antenatal Care (for last birth in the 5 years before the survey),30,Mothers who had at least 4 antenatal care visits (%),57.6,47.3,False,False
Rajasthan,Sawai Madhopur,Antenatal Care (for last birth in the 5 years before the survey),31,Mothers whose last birth was protected against neonatal tetanus4 (%),96.5,82.5,False,False
Rajasthan,Sawai Madhopur,Antenatal Care (for last birth in the 5 years before the survey),32,Mothers who consumed iron folic acid for 100 days or more when they were pregnant (%),23.5,24.6,False,False
Rajasthan,Sawai Madhopur,Antenatal Care (for last birth in the 5 years before the survey),33,Mothers who consumed iron folic acid for 180 days or more when they were pregnant (%),15.8,5.8,False,False
Rajasthan,Sawai Madhopur,Antenatal Care (for last birth in the 5 years before the survey),34,Registered pregnancies for which the mother received a Mother and Child Protection (MCP) card (%),95.9,95.3,False,False
Rajasthan,Sawai Madhopur,Delivery Care (for births in the 5 years before the survey),35,Institutional births (%),98.4,97.4,False,False
Rajasthan,Sawai Madhopur,Delivery Care (for births in the 5 years before the survey),36,Institutional births in public facility (%),77.0,83.2,False,False
Rajasthan,Sawai Madhopur,Delivery Care (for births in the 5 years before the survey),37,Births attended by skilled health personnel5 (%),98.4,97.8,False,False
Rajasthan,Sawai Madhopur,Delivery Care (for births in the 5 years before the survey),38,Births delivered by caesarean section (%),10.2,10.4,False,False
Rajasthan,Sawai Madhopur,Delivery Care (for births in the 5 years before the survey),39,Births in a private health facility that were delivered by caesarean section (%),23.2,17.9,False,False
Rajasthan,Sawai Madhopur,Delivery Care (for births in the 5 years before the survey),40,Births in a public health facility that were delivered by caesarean section (%),6.9,9.5,False,False
Rajasthan,Sawai Madhopur,Postnatal Care (for last birth in the 5 years before the survey),41,Mothers who received postnatal care from a doctor/nurse/LHV/ANM/midwife/other health personnel within 2,88.4,75.2,False,False
Rajasthan,Sawai Madhopur,Postnatal Care (for last birth in the 5 years before the survey),42,Children born at home who were taken to a health facility for a check-up within 24 hours of birth (%),*,*,True,False
Rajasthan,Sawai Madhopur,Postnatal Care (for last birth in the 5 years before the survey),43,Children who received postnatal care from a doctor/nurse/LHV/ANM/midwife/other health personnel within 2,93.8,82.8,False,False
Rajasthan,Sawai Madhopur,Child Vaccinations and Vitamin A Supplementation,44,Children age 12-23 months fully vaccinated based on information from either vaccination card or mother's,80.9,54.9,False,False
Rajasthan,Sawai Madhopur,Child Vaccinations and Vitamin A Supplementation,45,Children age 12-23 months fully vaccinated based on information from vaccination card only7 (%),65.9,56.1,True,False
Rajasthan,Sawai Madhopur,Child Vaccinations and Vitamin A Supplementation,46,Children age 12-23 months who have received any vaccine (%),98.4,94.6,False,False
Rajasthan,Sawai Madhopur,Child Vaccinations and Vitamin A Supplementation,47,Children age 12-23 months who have received BCG (%),96.9,90.1,False,False
Rajasthan,Sawai Madhopur,Child Vaccinations and Vitamin A Supplementation,48,Children age 12-23 months who have received 3 doses of polio vaccine8 (%),86.6,62.5,False,False
Rajasthan,Sawai Madhopur,Child Vaccinations and Vitamin A Supplementation,49,Children age 12-23 months who have received 3 doses of pentavalent vaccine (%),80.9,77.2,False,False
Rajasthan,Sawai Madhopur,Child Vaccinations and Vitamin A Supplementation,50,Children age 12-23 months who have received the first dose of measles-containing vaccine (MCV) (%),85.3,77.5,False,False
Rajasthan,Sawai Madhopur,Child Vaccinations and Vitamin A Supplementation,51,Children age 24-35 months who have received a second dose of measles-containing vaccine (MCV) (%),65.3,55.6,False,False
Rajasthan,Sawai Madhopur,Child Vaccinations and Vitamin A Supplementation,52,Children age 12-23 months who have received birth dose of hepatitis B vaccine (%),92.8,65.0,False,False
Rajasthan,Sawai Madhopur,Child Vaccinations and Vitamin A Supplementation,53,Children age 12-23 months who have received 3 doses of rotavirus vaccine (%),77.9,35.9,False,False
Rajasthan,Sawai Madhopur,Child Vaccinations and Vitamin A Supplementation,54,Children age 9-35 months who received a vitamin A dose in the last 6 months (%),49.8,56.6,False,False
Rajasthan,Sawai Madhopur,Child Vaccinations and Vitamin A Supplementation,55,Children age 12-23 months who received most of their vaccinations in a public health facility (%),90.4,100.0,False,False
Rajasthan,Sawai Madhopur,Child Vaccinations and Vitamin A Supplementation,56,Children age 12-23 months who received most of their vaccinations in a private health facility (%),6.5,0.0,False,False
Rajasthan,Sawai Madhopur,Treatment of Childhood Diseases (children under age 5 years),57,Prevalence of diarrhoea in the 2 weeks preceding the survey (%),10.9,8.7,False,False
Rajasthan,Sawai Madhopur,Treatment of Childhood Diseases (children under age 5 years),58,Prevalence of symptoms of acute respiratory infection (ARI) in the 2 weeks preceding the survey (%),0.5,7.0,False,False
Rajasthan,Sawai Madhopur,Treatment of Childhood Diseases (children under age 5 years),59,Children with fever or symptoms of ARI in the 2 weeks preceding the survey taken to a health facility or,84.0,73.3,False,False
Rajasthan,Sawai Madhopur,Child Feeding Practices and Nutritional Status of Children,60,Children under age 3 years breastfed within one hour of birth9 (%),39.8,48.2,False,False
Rajasthan,Sawai Madhopur,Child Feeding Practices and Nutritional Status of Children,61,Children under age 6 months exclusively breastfed10 (%),53.7,71.0,False,False
Rajasthan,Sawai Madhopur,Child Feeding Practices and Nutritional Status of Children,62,Children under age 6 months currently breastfeeding10 (%),97.2,100.0,False,False
Rajasthan,Sawai Madhopur,Child Feeding Practices and Nutritional Status of Children,63,Children under age 6 months exclusively breastfed or breastfeeding and consuming plain water/other,90.3,85.9,False,False
Rajasthan,Sawai Madhopur,Child Feeding Practices and Nutritional Status of Children,64,Children age 6-8 months receiving solid or semi-solid food and breastmilk10 (%),*,*,True,False
Rajasthan,Sawai Madhopur,Child Feeding Practices and Nutritional Status of Children,65,"Breastfeeding children age 6-23 months receiving an adequate diet10, 11 (%)",8.1,11.6,False,False
Rajasthan,Sawai Madhopur,Child Feeding Practices and Nutritional Status of Children,66,"Non-breastfeeding children age 6-23 months receiving an adequate diet10, 11 (%)",*,*,True,False
Rajasthan,Sawai Madhopur,Child Feeding Practices and Nutritional Status of Children,67,"Total children age 6-23 months receiving an adequate diet10, 11 (%)",6.8,10.4,False,False
Rajasthan,Sawai Madhopur,Child Feeding Practices and Nutritional Status of Children,68,Children under 5 years who are stunted (height-for-age)12 (%),35.3,26.9,False,False
Rajasthan,Sawai Madhopur,Child Feeding Practices and Nutritional Status of Children,69,Children under 5 years who are wasted (weight-for-height)12 (%),16.5,22.0,False,False
Rajasthan,Sawai Madhopur,Child Feeding Practices and Nutritional Status of Children,70,Children under 5 years who are severely wasted (weight-for-height)13 (%),4.2,11.1,False,False
Rajasthan,Sawai Madhopur,Child Feeding Practices and Nutritional Status of Children,71,Children under 5 years who are underweight (weight-for-age)12 (%),41.0,24.2,False,False
Rajasthan,Sawai Madhopur,Child Feeding Practices and Nutritional Status of Children,72,Children under 5 years who are overweight (weight-for-height)14 (%),0.3,3.4,False,False
Rajasthan,Sawai Madhopur,Nutritional Status of Adults (age 15-49 years),73,Women whose Body Mass Index (BMI) is below normal (BMI <18.5 kg/m2)15 (%),32.3,25.8,False,False
Rajasthan,Sawai Madhopur,Nutritional Status of Adults (age 15-49 years),74,Women who are overweight or obese (BMI ≥25.0 kg/m2)15 (%),15.3,11.1,False,False
Rajasthan,Sawai Madhopur,Women,75,Blood sugar level - high (141-160 mg/dl)16 (%),7.0,3.0,False,False
Rajasthan,Sawai Madhopur,Women,76,Blood sugar level - very high (>160 mg/dl)16 (%),5.6,2.0,False,False
Rajasthan,Sawai Madhopur,Women,77,Blood sugar level - high or very high (>140 mg/dl) or taking medicine to control blood sugar level16 (%),13.1,5.5,False,False
Rajasthan,Sawai Madhopur,Men,78,Blood sugar level - high (141-160 mg/dl)16 (%),6.6,4.4,False,False
Rajasthan,Sawai Madhopur,Men,79,Blood sugar level - very high (>160 mg/dl)16 (%),7.0,2.8,False,False
Rajasthan,Sawai Madhopur,Men,80,Blood sugar level - high or very high (>140 mg/dl) or taking medicine to control blood sugar level16 (%),13.8,8.2,False,False
Rajasthan,Sawai Madhopur,Women,81,Mildly elevated blood pressure (Systolic 140-159 mm of Hg and/or Diastolic 90-99 mm of Hg) (%),5.3,9.6,False,False
Rajasthan,Sawai Madhopur,Women,82,Moderately or severely elevated blood pressure (Systolic ≥160 mm of Hg and/or Diastolic ≥100 mm,2.0,3.7,False,False
Rajasthan,Sawai Madhopur,Women,83,Elevated blood pressure (Systolic ≥140 mm of Hg and/or Diastolic ≥90 mm of Hg) or taking medicine to,9.9,15.4,False,False
Rajasthan,Sawai Madhopur,Men,84,Mildly elevated blood pressure (Systolic 140-159 mm of Hg and/or Diastolic 90-99 mm of Hg) (%),6.3,13.7,False,False
Rajasthan,Sawai Madhopur,Men,85,Moderately or severely elevated blood pressure (Systolic ≥160 mm of Hg and/or Diastolic ≥100 mm,2.5,4.7,False,False
Rajasthan,Sawai Madhopur,Men,86,Elevated blood pressure (Systolic ≥140 mm of Hg and/or Diastolic ≥90 mm of Hg) or taking medicine to,10.9,19.8,False,False
Rajasthan,Sawai Madhopur,Men,87,Women having a bank or savings account that they themselves use (%),92.1,66.4,False,False
Rajasthan,Sawai Madhopur,Men,88,Women having a mobile phone that they themselves use (%),42.3,30.8,False,False
Rajasthan,Sawai Madhopur,Men,89,Women age 15-24 years who use hygienic methods of protection during their menstrual period17 (%),83.3,78.2,False,False
Rajasthan,Sawai Madhopur,Tobacco Use and Alcohol Consumption among Adults (age 15 years and above),90,Women age 15 years and above who use any kind of tobacco (%),17.5,13.9,False,False
Rajasthan,Sawai Madhopur,Tobacco Use and Alcohol Consumption among Adults (age 15 years and above),91,Men age 15 years and above who use any kind of tobacco (%),50.7,47.1,False,False
Rajasthan,Sawai Madhopur,Tobacco Use and Alcohol Consumption among Adults (age 15 years and above),92,Women age 15 years and above who consume alcohol (%),0.2,0.6,False,False
Rajasthan,Sawai Madhopur,Tobacco Use and Alcohol Consumption among Adults (age 15 years and above),93,Men age 15 years and above who consume alcohol (%),8.4,7.3,False,False
Rajasthan,Sikar,Population and Household Profile,1,Population below age 5 years (%),8.1,8.7,False,False
Rajasthan,Sikar,Population and Household Profile,2,Population below age 15 years (%),25.7,27.5,False,False
Rajasthan,Sikar,Population and Household Profile,3,Population age 60 years and above (%),12.9,11.5,False,False
Rajasthan,Sikar,Population and Household Profile,4,Population living in households with electricity (%),99.8,99.2,False,False
Rajasthan,Sikar,Population and Household Profile,5,Population living in households with an improved drinking-water source1 (%),99.7,99.4,False,False
Rajasthan,Sikar,Population and Household Profile,6,Households using iodized salt (%),94.7,94.5,False,False
Rajasthan,Sikar,Population and Household Profile,7,Households with any usual member covered under a health insurance/financing scheme (%),95.6,82.4,False,False
Rajasthan,Sikar,Population and Household Profile,8,Households with any usual member having a bank account/post office account (%),96.8,97.4,False,False
Rajasthan,Sikar,Population and Household Profile,9,Female population age 6 years and above who ever attended school (%),67.1,67.9,False,False
Rajasthan,Sikar,Population and Household Profile,10,Households with any usual female members owning a house and/or land (alone or jointly with others) (%),16.1,13.1,False,False
Rajasthan,Sikar,Population and Household Profile,11,Children age 2-4 years who attended pre-school (%),41.5,35.6,False,False
Rajasthan,Sikar,Characteristics of Adults (age 15-49 years),12,Women with 10 or more years of schooling (%),49.9,41.4,False,False
Rajasthan,Sikar,Characteristics of Adults (age 15-49 years),13,Men with 10 or more years of schooling (%),69.2,68.3,False,False
Rajasthan,Sikar,Characteristics of Adults (age 15-49 years),14,Women who have ever used the internet (%),65.1,37.9,False,False
Rajasthan,Sikar,Characteristics of Adults (age 15-49 years),15,Men who have ever used the internet (%),78.9,74.4,False,False
Rajasthan,Sikar,Marriage and Fertility,16,Women age 20-24 years married before age 18 years (%),16.7,18.0,False,False
Rajasthan,Sikar,Marriage and Fertility,17,Men age 25-29 years married before age 21 years (%),13.1,26.6,True,False
Rajasthan,Sikar,Marriage and Fertility,18,Three or more births in the 5 years preceding the survey (%),1.7,2.3,False,False
Rajasthan,Sikar,Marriage and Fertility,19,Women age 15-19 years who were already mothers or pregnant at the time of the survey (%),2.0,3.0,False,False
Rajasthan,Sikar,Marriage and Fertility,20,Any method2 (%),70.1,75.2,False,False
Rajasthan,Sikar,Marriage and Fertility,21,Any modern method2 (%),56.0,63.3,False,False
Rajasthan,Sikar,Marriage and Fertility,22,Any traditional method (%),14.1,11.9,False,False
Rajasthan,Sikar,Marriage and Fertility,23,Female sterilization (%),39.8,38.6,False,False
Rajasthan,Sikar,Marriage and Fertility,24,Male sterilization (%),0.3,0.4,False,False
Rajasthan,Sikar,Marriage and Fertility,25,Total unmet need3 (%),10.9,10.3,False,False
Rajasthan,Sikar,Marriage and Fertility,26,Unmet need for spacing3 (%),6.3,4.7,False,False
Rajasthan,Sikar,Marriage and Fertility,27,Unmet need for limiting3 (%),4.6,5.6,False,False
Rajasthan,Sikar,Antenatal Care (for last birth in the 5 years before the survey),28,Mothers who had an antenatal check-up in the first trimester (%),79.5,75.9,False,False
Rajasthan,Sikar,Antenatal Care (for last birth in the 5 years before the survey),29,Mothers who had any antenatal care visits (%),99.7,91.0,False,False
Rajasthan,Sikar,Antenatal Care (for last birth in the 5 years before the survey),30,Mothers who had at least 4 antenatal care visits (%),50.7,50.4,False,False
Rajasthan,Sikar,Antenatal Care (for last birth in the 5 years before the survey),31,Mothers whose last birth was protected against neonatal tetanus4 (%),97.1,90.9,False,False
Rajasthan,Sikar,Antenatal Care (for last birth in the 5 years before the survey),32,Mothers who consumed iron folic acid for 100 days or more when they were pregnant (%),43.9,45.1,False,False
Rajasthan,Sikar,Antenatal Care (for last birth in the 5 years before the survey),33,Mothers who consumed iron folic acid for 180 days or more when they were pregnant (%),27.0,25.8,False,False
Rajasthan,Sikar,Antenatal Care (for last birth in the 5 years before the survey),34,Registered pregnancies for which the mother received a Mother and Child Protection (MCP) card (%),98.4,97.2,False,False
Rajasthan,Sikar,Delivery Care (for births in the 5 years before the survey),35,Institutional births (%),99.1,95.8,False,False
Rajasthan,Sikar,Delivery Care (for births in the 5 years before the survey),36,Institutional births in public facility (%),61.6,54.8,False,False
Rajasthan,Sikar,Delivery Care (for births in the 5 years before the survey),37,Births attended by skilled health personnel5 (%),99.6,94.9,False,False
Rajasthan,Sikar,Delivery Care (for births in the 5 years before the survey),38,Births delivered by caesarean section (%),25.2,17.2,False,False
Rajasthan,Sikar,Delivery Care (for births in the 5 years before the survey),39,Births in a private health facility that were delivered by caesarean section (%),33.1,26.5,False,False
Rajasthan,Sikar,Delivery Care (for births in the 5 years before the survey),40,Births in a public health facility that were delivered by caesarean section (%),20.7,11.7,False,False
Rajasthan,Sikar,Postnatal Care (for last birth in the 5 years before the survey),41,Mothers who received postnatal care from a doctor/nurse/LHV/ANM/midwife/other health personnel within 2,90.4,83.5,False,False
Rajasthan,Sikar,Postnatal Care (for last birth in the 5 years before the survey),42,Children born at home who were taken to a health facility for a check-up within 24 hours of birth (%),*,*,True,False
Rajasthan,Sikar,Postnatal Care (for last birth in the 5 years before the survey),43,Children who received postnatal care from a doctor/nurse/LHV/ANM/midwife/other health personnel within 2,89.6,87.8,False,False
Rajasthan,Sikar,Child Vaccinations and Vitamin A Supplementation,44,Children age 12-23 months fully vaccinated based on information from either vaccination card or mother's,73.9,70.0,False,False
Rajasthan,Sikar,Child Vaccinations and Vitamin A Supplementation,45,Children age 12-23 months fully vaccinated based on information from vaccination card only7 (%),79.1,71.3,False,False
Rajasthan,Sikar,Child Vaccinations and Vitamin A Supplementation,46,Children age 12-23 months who have received any vaccine (%),90.0,97.1,False,False
Rajasthan,Sikar,Child Vaccinations and Vitamin A Supplementation,47,Children age 12-23 months who have received BCG (%),85.2,95.7,False,False
Rajasthan,Sikar,Child Vaccinations and Vitamin A Supplementation,48,Children age 12-23 months who have received 3 doses of polio vaccine8 (%),80.2,77.6,False,False
Rajasthan,Sikar,Child Vaccinations and Vitamin A Supplementation,49,Children age 12-23 months who have received 3 doses of pentavalent vaccine (%),80.2,80.6,False,False
Rajasthan,Sikar,Child Vaccinations and Vitamin A Supplementation,50,Children age 12-23 months who have received the first dose of measles-containing vaccine (MCV) (%),79.8,86.5,False,False
Rajasthan,Sikar,Child Vaccinations and Vitamin A Supplementation,51,Children age 24-35 months who have received a second dose of measles-containing vaccine (MCV) (%),44.0,54.1,False,False
Rajasthan,Sikar,Child Vaccinations and Vitamin A Supplementation,52,Children age 12-23 months who have received birth dose of hepatitis B vaccine (%),74.9,64.3,False,False
Rajasthan,Sikar,Child Vaccinations and Vitamin A Supplementation,53,Children age 12-23 months who have received 3 doses of rotavirus vaccine (%),78.8,38.0,False,False
Rajasthan,Sikar,Child Vaccinations and Vitamin A Supplementation,54,Children age 9-35 months who received a vitamin A dose in the last 6 months (%),56.8,68.1,False,False
Rajasthan,Sikar,Child Vaccinations and Vitamin A Supplementation,55,Children age 12-23 months who received most of their vaccinations in a public health facility (%),96.5,93.2,False,False
Rajasthan,Sikar,Child Vaccinations and Vitamin A Supplementation,56,Children age 12-23 months who received most of their vaccinations in a private health facility (%),3.5,6.9,False,False
Rajasthan,Sikar,Treatment of Childhood Diseases (children under age 5 years),57,Prevalence of diarrhoea in the 2 weeks preceding the survey (%),4.1,5.9,False,False
Rajasthan,Sikar,Treatment of Childhood Diseases (children under age 5 years),58,Prevalence of symptoms of acute respiratory infection (ARI) in the 2 weeks preceding the survey (%),0.8,3.2,False,False
Rajasthan,Sikar,Treatment of Childhood Diseases (children under age 5 years),59,Children with fever or symptoms of ARI in the 2 weeks preceding the survey taken to a health facility or,91.4,71.8,True,False
Rajasthan,Sikar,Child Feeding Practices and Nutritional Status of Children,60,Children under age 3 years breastfed within one hour of birth9 (%),44.3,30.4,False,False
Rajasthan,Sikar,Child Feeding Practices and Nutritional Status of Children,61,Children under age 6 months exclusively breastfed10 (%),56.4,74.0,True,False
Rajasthan,Sikar,Child Feeding Practices and Nutritional Status of Children,62,Children under age 6 months currently breastfeeding10 (%),95.4,87.6,True,False
Rajasthan,Sikar,Child Feeding Practices and Nutritional Status of Children,63,Children under age 6 months exclusively breastfed or breastfeeding and consuming plain water/other,90.0,86.4,True,False
Rajasthan,Sikar,Child Feeding Practices and Nutritional Status of Children,64,Children age 6-8 months receiving solid or semi-solid food and breastmilk10 (%),*,*,True,False
Rajasthan,Sikar,Child Feeding Practices and Nutritional Status of Children,65,"Breastfeeding children age 6-23 months receiving an adequate diet10, 11 (%)",4.2,10.7,False,False
Rajasthan,Sikar,Child Feeding Practices and Nutritional Status of Children,66,"Non-breastfeeding children age 6-23 months receiving an adequate diet10, 11 (%)",*,*,True,False
Rajasthan,Sikar,Child Feeding Practices and Nutritional Status of Children,67,"Total children age 6-23 months receiving an adequate diet10, 11 (%)",4.9,12.0,False,False
Rajasthan,Sikar,Child Feeding Practices and Nutritional Status of Children,68,Children under 5 years who are stunted (height-for-age)12 (%),18.3,23.1,False,False
Rajasthan,Sikar,Child Feeding Practices and Nutritional Status of Children,69,Children under 5 years who are wasted (weight-for-height)12 (%),20.1,12.8,False,False
Rajasthan,Sikar,Child Feeding Practices and Nutritional Status of Children,70,Children under 5 years who are severely wasted (weight-for-height)13 (%),5.4,6.3,False,False
Rajasthan,Sikar,Child Feeding Practices and Nutritional Status of Children,71,Children under 5 years who are underweight (weight-for-age)12 (%),22.4,18.3,False,False
Rajasthan,Sikar,Child Feeding Practices and Nutritional Status of Children,72,Children under 5 years who are overweight (weight-for-height)14 (%),0.5,4.1,False,False
Rajasthan,Sikar,Nutritional Status of Adults (age 15-49 years),73,Women whose Body Mass Index (BMI) is below normal (BMI <18.5 kg/m2)15 (%),24.2,21.4,False,False
Rajasthan,Sikar,Nutritional Status of Adults (age 15-49 years),74,Women who are overweight or obese (BMI ≥25.0 kg/m2)15 (%),25.1,19.6,False,False
Rajasthan,Sikar,Women,75,Blood sugar level - high (141-160 mg/dl)16 (%),5.1,2.9,False,False
Rajasthan,Sikar,Women,76,Blood sugar level - very high (>160 mg/dl)16 (%),5.5,2.6,False,False
Rajasthan,Sikar,Women,77,Blood sugar level - high or very high (>140 mg/dl) or taking medicine to control blood sugar level16 (%),11.2,6.3,False,False
Rajasthan,Sikar,Men,78,Blood sugar level - high (141-160 mg/dl)16 (%),6.1,4.7,False,False
Rajasthan,Sikar,Men,79,Blood sugar level - very high (>160 mg/dl)16 (%),6.1,2.7,False,False
Rajasthan,Sikar,Men,80,Blood sugar level - high or very high (>140 mg/dl) or taking medicine to control blood sugar level16 (%),13.3,8.8,False,False
Rajasthan,Sikar,Women,81,Mildly elevated blood pressure (Systolic 140-159 mm of Hg and/or Diastolic 90-99 mm of Hg) (%),8.3,12.1,False,False
Rajasthan,Sikar,Women,82,Moderately or severely elevated blood pressure (Systolic ≥160 mm of Hg and/or Diastolic ≥100 mm,4.8,4.3,False,False
Rajasthan,Sikar,Women,83,Elevated blood pressure (Systolic ≥140 mm of Hg and/or Diastolic ≥90 mm of Hg) or taking medicine to,16.3,19.4,False,False
Rajasthan,Sikar,Men,84,Mildly elevated blood pressure (Systolic 140-159 mm of Hg and/or Diastolic 90-99 mm of Hg) (%),12.4,15.1,False,False
Rajasthan,Sikar,Men,85,Moderately or severely elevated blood pressure (Systolic ≥160 mm of Hg and/or Diastolic ≥100 mm,5.7,5.2,False,False
Rajasthan,Sikar,Men,86,Elevated blood pressure (Systolic ≥140 mm of Hg and/or Diastolic ≥90 mm of Hg) or taking medicine to,20.9,22.0,False,False
Rajasthan,Sikar,Men,87,Women having a bank or savings account that they themselves use (%),92.6,74.0,False,False
Rajasthan,Sikar,Men,88,Women having a mobile phone that they themselves use (%),74.4,58.6,False,False
Rajasthan,Sikar,Men,89,Women age 15-24 years who use hygienic methods of protection during their menstrual period17 (%),98.7,94.0,False,False
Rajasthan,Sikar,Tobacco Use and Alcohol Consumption among Adults (age 15 years and above),90,Women age 15 years and above who use any kind of tobacco (%),4.1,7.0,False,False
Rajasthan,Sikar,Tobacco Use and Alcohol Consumption among Adults (age 15 years and above),91,Men age 15 years and above who use any kind of tobacco (%),32.0,35.1,False,False
Rajasthan,Sikar,Tobacco Use and Alcohol Consumption among Adults (age 15 years and above),92,Women age 15 years and above who consume alcohol (%),0.1,0.2,False,False
Rajasthan,Sikar,Tobacco Use and Alcohol Consumption among Adults (age 15 years and above),93,Men age 15 years and above who consume alcohol (%),9.8,9.8,False,False
Rajasthan,Sirohi,Population and Household Profile,1,Population below age 5 years (%),9.5,8.7,False,False
Rajasthan,Sirohi,Population and Household Profile,2,Population below age 15 years (%),28.8,29.5,False,False
Rajasthan,Sirohi,Population and Household Profile,3,Population age 60 years and above (%),12.2,7.9,False,False
Rajasthan,Sirohi,Population and Household Profile,4,Population living in households with electricity (%),95.1,93.9,False,False
Rajasthan,Sirohi,Population and Household Profile,5,Population living in households with an improved drinking-water source1 (%),94.7,93.6,False,False
Rajasthan,Sirohi,Population and Household Profile,6,Households using iodized salt (%),92.1,94.1,False,False
Rajasthan,Sirohi,Population and Household Profile,7,Households with any usual member covered under a health insurance/financing scheme (%),83.9,92.0,False,False
Rajasthan,Sirohi,Population and Household Profile,8,Households with any usual member having a bank account/post office account (%),97.4,97.3,False,False
Rajasthan,Sirohi,Population and Household Profile,9,Female population age 6 years and above who ever attended school (%),57.1,59.4,False,False
Rajasthan,Sirohi,Population and Household Profile,10,Households with any usual female members owning a house and/or land (alone or jointly with others) (%),16.3,11.9,False,False
Rajasthan,Sirohi,Population and Household Profile,11,Children age 2-4 years who attended pre-school (%),32.0,26.2,False,False
Rajasthan,Sirohi,Characteristics of Adults (age 15-49 years),12,Women with 10 or more years of schooling (%),27.4,25.7,False,False
Rajasthan,Sirohi,Characteristics of Adults (age 15-49 years),13,Men with 10 or more years of schooling (%),38.7,49.3,False,False
Rajasthan,Sirohi,Characteristics of Adults (age 15-49 years),14,Women who have ever used the internet (%),58.6,37.2,False,False
Rajasthan,Sirohi,Characteristics of Adults (age 15-49 years),15,Men who have ever used the internet (%),77.9,74.2,False,False
Rajasthan,Sirohi,Marriage and Fertility,16,Women age 20-24 years married before age 18 years (%),21.9,18.0,False,False
Rajasthan,Sirohi,Marriage and Fertility,17,Men age 25-29 years married before age 21 years (%),31.6,*,True,False
Rajasthan,Sirohi,Marriage and Fertility,18,Three or more births in the 5 years preceding the survey (%),2.4,2.2,False,False
Rajasthan,Sirohi,Marriage and Fertility,19,Women age 15-19 years who were already mothers or pregnant at the time of the survey (%),9.5,4.4,False,False
Rajasthan,Sirohi,Marriage and Fertility,20,Any method2 (%),68.1,67.9,False,False
Rajasthan,Sirohi,Marriage and Fertility,21,Any modern method2 (%),46.3,61.5,False,False
Rajasthan,Sirohi,Marriage and Fertility,22,Any traditional method (%),21.8,6.4,False,False
Rajasthan,Sirohi,Marriage and Fertility,23,Female sterilization (%),29.6,43.0,False,False
Rajasthan,Sirohi,Marriage and Fertility,24,Male sterilization (%),0.2,0.2,False,False
Rajasthan,Sirohi,Marriage and Fertility,25,Total unmet need3 (%),8.1,8.9,False,False
Rajasthan,Sirohi,Marriage and Fertility,26,Unmet need for spacing3 (%),3.6,3.7,False,False
Rajasthan,Sirohi,Marriage and Fertility,27,Unmet need for limiting3 (%),4.5,5.2,False,False
Rajasthan,Sirohi,Antenatal Care (for last birth in the 5 years before the survey),28,Mothers who had an antenatal check-up in the first trimester (%),72.1,73.1,False,False
Rajasthan,Sirohi,Antenatal Care (for last birth in the 5 years before the survey),29,Mothers who had any antenatal care visits (%),93.7,98.6,False,False
Rajasthan,Sirohi,Antenatal Care (for last birth in the 5 years before the survey),30,Mothers who had at least 4 antenatal care visits (%),47.9,69.5,False,False
Rajasthan,Sirohi,Antenatal Care (for last birth in the 5 years before the survey),31,Mothers whose last birth was protected against neonatal tetanus4 (%),84.5,93.3,False,False
Rajasthan,Sirohi,Antenatal Care (for last birth in the 5 years before the survey),32,Mothers who consumed iron folic acid for 100 days or more when they were pregnant (%),34.8,42.5,False,False
Rajasthan,Sirohi,Antenatal Care (for last birth in the 5 years before the survey),33,Mothers who consumed iron folic acid for 180 days or more when they were pregnant (%),15.6,21.4,False,False
Rajasthan,Sirohi,Antenatal Care (for last birth in the 5 years before the survey),34,Registered pregnancies for which the mother received a Mother and Child Protection (MCP) card (%),97.4,99.7,False,False
Rajasthan,Sirohi,Delivery Care (for births in the 5 years before the survey),35,Institutional births (%),91.3,95.7,False,False
Rajasthan,Sirohi,Delivery Care (for births in the 5 years before the survey),36,Institutional births in public facility (%),64.5,82.6,False,False
Rajasthan,Sirohi,Delivery Care (for births in the 5 years before the survey),37,Births attended by skilled health personnel5 (%),91.9,95.9,False,False
Rajasthan,Sirohi,Delivery Care (for births in the 5 years before the survey),38,Births delivered by caesarean section (%),14.0,6.6,False,False
Rajasthan,Sirohi,Delivery Care (for births in the 5 years before the survey),39,Births in a private health facility that were delivered by caesarean section (%),25.2,14.7,False,False
Rajasthan,Sirohi,Delivery Care (for births in the 5 years before the survey),40,Births in a public health facility that were delivered by caesarean section (%),11.2,5.7,False,False
Rajasthan,Sirohi,Postnatal Care (for last birth in the 5 years before the survey),41,Mothers who received postnatal care from a doctor/nurse/LHV/ANM/midwife/other health personnel within 2,80.8,91.1,False,False
Rajasthan,Sirohi,Postnatal Care (for last birth in the 5 years before the survey),42,Children born at home who were taken to a health facility for a check-up within 24 hours of birth (%),3.8,*,True,False
Rajasthan,Sirohi,Postnatal Care (for last birth in the 5 years before the survey),43,Children who received postnatal care from a doctor/nurse/LHV/ANM/midwife/other health personnel within 2,87.9,91.3,False,False
Rajasthan,Sirohi,Child Vaccinations and Vitamin A Supplementation,44,Children age 12-23 months fully vaccinated based on information from either vaccination card or mother's,79.2,86.4,False,False
Rajasthan,Sirohi,Child Vaccinations and Vitamin A Supplementation,45,Children age 12-23 months fully vaccinated based on information from vaccination card only7 (%),72.9,95.6,False,False
Rajasthan,Sirohi,Child Vaccinations and Vitamin A Supplementation,46,Children age 12-23 months who have received any vaccine (%),97.9,93.7,False,False
Rajasthan,Sirohi,Child Vaccinations and Vitamin A Supplementation,47,Children age 12-23 months who have received BCG (%),95.0,91.2,False,False
Rajasthan,Sirohi,Child Vaccinations and Vitamin A Supplementation,48,Children age 12-23 months who have received 3 doses of polio vaccine8 (%),85.6,88.9,False,False
Rajasthan,Sirohi,Child Vaccinations and Vitamin A Supplementation,49,Children age 12-23 months who have received 3 doses of pentavalent vaccine (%),85.6,92.5,False,False
Rajasthan,Sirohi,Child Vaccinations and Vitamin A Supplementation,50,Children age 12-23 months who have received the first dose of measles-containing vaccine (MCV) (%),93.5,93.7,False,False
Rajasthan,Sirohi,Child Vaccinations and Vitamin A Supplementation,51,Children age 24-35 months who have received a second dose of measles-containing vaccine (MCV) (%),49.4,39.0,False,False
Rajasthan,Sirohi,Child Vaccinations and Vitamin A Supplementation,52,Children age 12-23 months who have received birth dose of hepatitis B vaccine (%),83.7,67.4,False,False
Rajasthan,Sirohi,Child Vaccinations and Vitamin A Supplementation,53,Children age 12-23 months who have received 3 doses of rotavirus vaccine (%),81.6,77.8,False,False
Rajasthan,Sirohi,Child Vaccinations and Vitamin A Supplementation,54,Children age 9-35 months who received a vitamin A dose in the last 6 months (%),61.9,65.5,False,False
Rajasthan,Sirohi,Child Vaccinations and Vitamin A Supplementation,55,Children age 12-23 months who received most of their vaccinations in a public health facility (%),100.0,100.0,False,False
Rajasthan,Sirohi,Child Vaccinations and Vitamin A Supplementation,56,Children age 12-23 months who received most of their vaccinations in a private health facility (%),0.0,0.0,False,False
Rajasthan,Sirohi,Treatment of Childhood Diseases (children under age 5 years),57,Prevalence of diarrhoea in the 2 weeks preceding the survey (%),3.6,7.5,False,False
Rajasthan,Sirohi,Treatment of Childhood Diseases (children under age 5 years),58,Prevalence of symptoms of acute respiratory infection (ARI) in the 2 weeks preceding the survey (%),0.0,2.9,False,False
Rajasthan,Sirohi,Treatment of Childhood Diseases (children under age 5 years),59,Children with fever or symptoms of ARI in the 2 weeks preceding the survey taken to a health facility or,80.5,86.3,True,False
Rajasthan,Sirohi,Child Feeding Practices and Nutritional Status of Children,60,Children under age 3 years breastfed within one hour of birth9 (%),60.0,50.1,False,False
Rajasthan,Sirohi,Child Feeding Practices and Nutritional Status of Children,61,Children under age 6 months exclusively breastfed10 (%),37.0,73.8,True,False
Rajasthan,Sirohi,Child Feeding Practices and Nutritional Status of Children,62,Children under age 6 months currently breastfeeding10 (%),93.3,94.2,True,False
Rajasthan,Sirohi,Child Feeding Practices and Nutritional Status of Children,63,Children under age 6 months exclusively breastfed or breastfeeding and consuming plain water/other,83.3,84.2,True,False
Rajasthan,Sirohi,Child Feeding Practices and Nutritional Status of Children,64,Children age 6-8 months receiving solid or semi-solid food and breastmilk10 (%),*,*,True,False
Rajasthan,Sirohi,Child Feeding Practices and Nutritional Status of Children,65,"Breastfeeding children age 6-23 months receiving an adequate diet10, 11 (%)",7.2,5.0,False,False
Rajasthan,Sirohi,Child Feeding Practices and Nutritional Status of Children,66,"Non-breastfeeding children age 6-23 months receiving an adequate diet10, 11 (%)",*,*,True,False
Rajasthan,Sirohi,Child Feeding Practices and Nutritional Status of Children,67,"Total children age 6-23 months receiving an adequate diet10, 11 (%)",7.4,4.3,False,False
Rajasthan,Sirohi,Child Feeding Practices and Nutritional Status of Children,68,Children under 5 years who are stunted (height-for-age)12 (%),41.6,30.7,False,False
Rajasthan,Sirohi,Child Feeding Practices and Nutritional Status of Children,69,Children under 5 years who are wasted (weight-for-height)12 (%),30.3,16.4,False,False
Rajasthan,Sirohi,Child Feeding Practices and Nutritional Status of Children,70,Children under 5 years who are severely wasted (weight-for-height)13 (%),14.3,8.8,False,False
Rajasthan,Sirohi,Child Feeding Practices and Nutritional Status of Children,71,Children under 5 years who are underweight (weight-for-age)12 (%),49.8,31.2,False,False
Rajasthan,Sirohi,Child Feeding Practices and Nutritional Status of Children,72,Children under 5 years who are overweight (weight-for-height)14 (%),2.2,2.5,False,False
Rajasthan,Sirohi,Nutritional Status of Adults (age 15-49 years),73,Women whose Body Mass Index (BMI) is below normal (BMI <18.5 kg/m2)15 (%),28.9,17.7,False,False
Rajasthan,Sirohi,Nutritional Status of Adults (age 15-49 years),74,Women who are overweight or obese (BMI ≥25.0 kg/m2)15 (%),12.8,7.9,False,False
Rajasthan,Sirohi,Women,75,Blood sugar level - high (141-160 mg/dl)16 (%),6.4,3.0,False,False
Rajasthan,Sirohi,Women,76,Blood sugar level - very high (>160 mg/dl)16 (%),3.9,1.7,False,False
Rajasthan,Sirohi,Women,77,Blood sugar level - high or very high (>140 mg/dl) or taking medicine to control blood sugar level16 (%),10.8,5.1,False,False
Rajasthan,Sirohi,Men,78,Blood sugar level - high (141-160 mg/dl)16 (%),8.2,5.1,False,False
Rajasthan,Sirohi,Men,79,Blood sugar level - very high (>160 mg/dl)16 (%),4.5,2.9,False,False
Rajasthan,Sirohi,Men,80,Blood sugar level - high or very high (>140 mg/dl) or taking medicine to control blood sugar level16 (%),13.2,8.6,False,False
Rajasthan,Sirohi,Women,81,Mildly elevated blood pressure (Systolic 140-159 mm of Hg and/or Diastolic 90-99 mm of Hg) (%),6.0,10.4,False,False
Rajasthan,Sirohi,Women,82,Moderately or severely elevated blood pressure (Systolic ≥160 mm of Hg and/or Diastolic ≥100 mm,2.3,2.1,False,False
Rajasthan,Sirohi,Women,83,Elevated blood pressure (Systolic ≥140 mm of Hg and/or Diastolic ≥90 mm of Hg) or taking medicine to,10.9,14.2,False,False
Rajasthan,Sirohi,Men,84,Mildly elevated blood pressure (Systolic 140-159 mm of Hg and/or Diastolic 90-99 mm of Hg) (%),9.3,14.2,False,False
Rajasthan,Sirohi,Men,85,Moderately or severely elevated blood pressure (Systolic ≥160 mm of Hg and/or Diastolic ≥100 mm,2.1,3.4,False,False
Rajasthan,Sirohi,Men,86,Elevated blood pressure (Systolic ≥140 mm of Hg and/or Diastolic ≥90 mm of Hg) or taking medicine to,13.2,18.7,False,False
Rajasthan,Sirohi,Men,87,Women having a bank or savings account that they themselves use (%),81.9,79.7,False,False
Rajasthan,Sirohi,Men,88,Women having a mobile phone that they themselves use (%),57.9,50.6,False,False
Rajasthan,Sirohi,Men,89,Women age 15-24 years who use hygienic methods of protection during their menstrual period17 (%),81.7,74.2,False,False
Rajasthan,Sirohi,Tobacco Use and Alcohol Consumption among Adults (age 15 years and above),90,Women age 15 years and above who use any kind of tobacco (%),7.9,8.7,False,False
Rajasthan,Sirohi,Tobacco Use and Alcohol Consumption among Adults (age 15 years and above),91,Men age 15 years and above who use any kind of tobacco (%),37.2,39.9,False,False
Rajasthan,Sirohi,Tobacco Use and Alcohol Consumption among Adults (age 15 years and above),92,Women age 15 years and above who consume alcohol (%),0.6,0.3,False,False
Rajasthan,Sirohi,Tobacco Use and Alcohol Consumption among Adults (age 15 years and above),93,Men age 15 years and above who consume alcohol (%),13.3,13.5,False,False
Rajasthan,Tonk,Population and Household Profile,1,Population below age 5 years (%),7.8,7.6,False,False
Rajasthan,Tonk,Population and Household Profile,2,Population below age 15 years (%),25.4,25.9,False,False
Rajasthan,Tonk,Population and Household Profile,3,Population age 60 years and above (%),14.0,12.1,False,False
Rajasthan,Tonk,Population and Household Profile,4,Population living in households with electricity (%),98.8,97.8,False,False
Rajasthan,Tonk,Population and Household Profile,5,Population living in households with an improved drinking-water source1 (%),90.1,90.9,False,False
Rajasthan,Tonk,Population and Household Profile,6,Households using iodized salt (%),96.8,96.9,False,False
Rajasthan,Tonk,Population and Household Profile,7,Households with any usual member covered under a health insurance/financing scheme (%),89.3,84.5,False,False
Rajasthan,Tonk,Population and Household Profile,8,Households with any usual member having a bank account/post office account (%),99.2,97.6,False,False
Rajasthan,Tonk,Population and Household Profile,9,Female population age 6 years and above who ever attended school (%),57.0,54.8,False,False
Rajasthan,Tonk,Population and Household Profile,10,Households with any usual female members owning a house and/or land (alone or jointly with others) (%),15.0,8.1,False,False
Rajasthan,Tonk,Population and Household Profile,11,Children age 2-4 years who attended pre-school (%),43.5,42.8,False,False
Rajasthan,Tonk,Characteristics of Adults (age 15-49 years),12,Women with 10 or more years of schooling (%),36.1,27.3,False,False
Rajasthan,Tonk,Characteristics of Adults (age 15-49 years),13,Men with 10 or more years of schooling (%),61.9,55.7,False,False
Rajasthan,Tonk,Characteristics of Adults (age 15-49 years),14,Women who have ever used the internet (%),61.8,33.0,False,False
Rajasthan,Tonk,Characteristics of Adults (age 15-49 years),15,Men who have ever used the internet (%),85.2,59.9,False,False
Rajasthan,Tonk,Marriage and Fertility,16,Women age 20-24 years married before age 18 years (%),29.3,37.2,False,False
Rajasthan,Tonk,Marriage and Fertility,17,Men age 25-29 years married before age 21 years (%),48.6,*,True,False
Rajasthan,Tonk,Marriage and Fertility,18,Three or more births in the 5 years preceding the survey (%),1.8,1.6,False,False
Rajasthan,Tonk,Marriage and Fertility,19,Women age 15-19 years who were already mothers or pregnant at the time of the survey (%),3.0,3.1,False,False
Rajasthan,Tonk,Marriage and Fertility,20,Any method2 (%),79.4,69.1,False,False
Rajasthan,Tonk,Marriage and Fertility,21,Any modern method2 (%),58.5,61.3,False,False
Rajasthan,Tonk,Marriage and Fertility,22,Any traditional method (%),20.9,7.8,False,False
Rajasthan,Tonk,Marriage and Fertility,23,Female sterilization (%),43.9,47.3,False,False
Rajasthan,Tonk,Marriage and Fertility,24,Male sterilization (%),0.3,0.1,False,False
Rajasthan,Tonk,Marriage and Fertility,25,Total unmet need3 (%),5.7,8.7,False,False
Rajasthan,Tonk,Marriage and Fertility,26,Unmet need for spacing3 (%),3.5,4.3,False,False
Rajasthan,Tonk,Marriage and Fertility,27,Unmet need for limiting3 (%),2.2,4.4,False,False
Rajasthan,Tonk,Antenatal Care (for last birth in the 5 years before the survey),28,Mothers who had an antenatal check-up in the first trimester (%),89.5,78.8,False,False
Rajasthan,Tonk,Antenatal Care (for last birth in the 5 years before the survey),29,Mothers who had any antenatal care visits (%),97.5,95.9,False,False
Rajasthan,Tonk,Antenatal Care (for last birth in the 5 years before the survey),30,Mothers who had at least 4 antenatal care visits (%),63.5,66.2,False,False
Rajasthan,Tonk,Antenatal Care (for last birth in the 5 years before the survey),31,Mothers whose last birth was protected against neonatal tetanus4 (%),96.8,93.6,False,False
Rajasthan,Tonk,Antenatal Care (for last birth in the 5 years before the survey),32,Mothers who consumed iron folic acid for 100 days or more when they were pregnant (%),34.8,33.5,False,False
Rajasthan,Tonk,Antenatal Care (for last birth in the 5 years before the survey),33,Mothers who consumed iron folic acid for 180 days or more when they were pregnant (%),24.4,11.6,False,False
Rajasthan,Tonk,Antenatal Care (for last birth in the 5 years before the survey),34,Registered pregnancies for which the mother received a Mother and Child Protection (MCP) card (%),99.1,97.8,False,False
Rajasthan,Tonk,Delivery Care (for births in the 5 years before the survey),35,Institutional births (%),98.1,97.4,False,False
Rajasthan,Tonk,Delivery Care (for births in the 5 years before the survey),36,Institutional births in public facility (%),75.3,84.9,False,False
Rajasthan,Tonk,Delivery Care (for births in the 5 years before the survey),37,Births attended by skilled health personnel5 (%),98.1,97.9,False,False
Rajasthan,Tonk,Delivery Care (for births in the 5 years before the survey),38,Births delivered by caesarean section (%),15.2,12.9,False,False
Rajasthan,Tonk,Delivery Care (for births in the 5 years before the survey),39,Births in a private health facility that were delivered by caesarean section (%),33.9,36.9,True,False
Rajasthan,Tonk,Delivery Care (for births in the 5 years before the survey),40,Births in a public health facility that were delivered by caesarean section (%),10.0,9.7,False,False
Rajasthan,Tonk,Postnatal Care (for last birth in the 5 years before the survey),41,Mothers who received postnatal care from a doctor/nurse/LHV/ANM/midwife/other health personnel within 2,90.0,84.5,False,False
Rajasthan,Tonk,Postnatal Care (for last birth in the 5 years before the survey),42,Children born at home who were taken to a health facility for a check-up within 24 hours of birth (%),*,*,True,False
Rajasthan,Tonk,Postnatal Care (for last birth in the 5 years before the survey),43,Children who received postnatal care from a doctor/nurse/LHV/ANM/midwife/other health personnel within 2,94.6,88.1,False,False
Rajasthan,Tonk,Child Vaccinations and Vitamin A Supplementation,44,Children age 12-23 months fully vaccinated based on information from either vaccination card or mother's,89.1,75.3,False,False
Rajasthan,Tonk,Child Vaccinations and Vitamin A Supplementation,45,Children age 12-23 months fully vaccinated based on information from vaccination card only7 (%),77.5,80.3,True,False
Rajasthan,Tonk,Child Vaccinations and Vitamin A Supplementation,46,Children age 12-23 months who have received any vaccine (%),100.0,96.3,False,False
Rajasthan,Tonk,Child Vaccinations and Vitamin A Supplementation,47,Children age 12-23 months who have received BCG (%),98.7,94.4,False,False
Rajasthan,Tonk,Child Vaccinations and Vitamin A Supplementation,48,Children age 12-23 months who have received 3 doses of polio vaccine8 (%),90.5,77.2,False,False
Rajasthan,Tonk,Child Vaccinations and Vitamin A Supplementation,49,Children age 12-23 months who have received 3 doses of pentavalent vaccine (%),94.6,90.5,False,False
Rajasthan,Tonk,Child Vaccinations and Vitamin A Supplementation,50,Children age 12-23 months who have received the first dose of measles-containing vaccine (MCV) (%),98.9,88.7,False,False
Rajasthan,Tonk,Child Vaccinations and Vitamin A Supplementation,51,Children age 24-35 months who have received a second dose of measles-containing vaccine (MCV) (%),68.9,55.5,False,False
Rajasthan,Tonk,Child Vaccinations and Vitamin A Supplementation,52,Children age 12-23 months who have received birth dose of hepatitis B vaccine (%),94.8,75.1,False,False
Rajasthan,Tonk,Child Vaccinations and Vitamin A Supplementation,53,Children age 12-23 months who have received 3 doses of rotavirus vaccine (%),88.9,60.9,False,False
Rajasthan,Tonk,Child Vaccinations and Vitamin A Supplementation,54,Children age 9-35 months who received a vitamin A dose in the last 6 months (%),55.2,52.8,False,False
Rajasthan,Tonk,Child Vaccinations and Vitamin A Supplementation,55,Children age 12-23 months who received most of their vaccinations in a public health facility (%),97.3,93.6,False,False
Rajasthan,Tonk,Child Vaccinations and Vitamin A Supplementation,56,Children age 12-23 months who received most of their vaccinations in a private health facility (%),2.7,0.0,False,False
Rajasthan,Tonk,Treatment of Childhood Diseases (children under age 5 years),57,Prevalence of diarrhoea in the 2 weeks preceding the survey (%),4.9,8.6,False,False
Rajasthan,Tonk,Treatment of Childhood Diseases (children under age 5 years),58,Prevalence of symptoms of acute respiratory infection (ARI) in the 2 weeks preceding the survey (%),4.5,5.7,False,False
Rajasthan,Tonk,Treatment of Childhood Diseases (children under age 5 years),59,Children with fever or symptoms of ARI in the 2 weeks preceding the survey taken to a health facility or,73.7,72.8,False,False
Rajasthan,Tonk,Child Feeding Practices and Nutritional Status of Children,60,Children under age 3 years breastfed within one hour of birth9 (%),35.5,38.9,False,False
Rajasthan,Tonk,Child Feeding Practices and Nutritional Status of Children,61,Children under age 6 months exclusively breastfed10 (%),57.1,82.1,True,False
Rajasthan,Tonk,Child Feeding Practices and Nutritional Status of Children,62,Children under age 6 months currently breastfeeding10 (%),97.0,100.0,True,False
Rajasthan,Tonk,Child Feeding Practices and Nutritional Status of Children,63,Children under age 6 months exclusively breastfed or breastfeeding and consuming plain water/other,99.5,93.9,True,False
Rajasthan,Tonk,Child Feeding Practices and Nutritional Status of Children,64,Children age 6-8 months receiving solid or semi-solid food and breastmilk10 (%),*,*,True,False
Rajasthan,Tonk,Child Feeding Practices and Nutritional Status of Children,65,"Breastfeeding children age 6-23 months receiving an adequate diet10, 11 (%)",14.4,7.4,False,False
Rajasthan,Tonk,Child Feeding Practices and Nutritional Status of Children,66,"Non-breastfeeding children age 6-23 months receiving an adequate diet10, 11 (%)",*,*,True,False
Rajasthan,Tonk,Child Feeding Practices and Nutritional Status of Children,67,"Total children age 6-23 months receiving an adequate diet10, 11 (%)",15.3,6.0,False,False
Rajasthan,Tonk,Child Feeding Practices and Nutritional Status of Children,68,Children under 5 years who are stunted (height-for-age)12 (%),31.7,33.1,False,False
Rajasthan,Tonk,Child Feeding Practices and Nutritional Status of Children,69,Children under 5 years who are wasted (weight-for-height)12 (%),16.4,18.1,False,False
Rajasthan,Tonk,Child Feeding Practices and Nutritional Status of Children,70,Children under 5 years who are severely wasted (weight-for-height)13 (%),3.1,10.3,False,False
Rajasthan,Tonk,Child Feeding Practices and Nutritional Status of Children,71,Children under 5 years who are underweight (weight-for-age)12 (%),32.2,28.2,False,False
Rajasthan,Tonk,Child Feeding Practices and Nutritional Status of Children,72,Children under 5 years who are overweight (weight-for-height)14 (%),1.5,4.8,False,False
Rajasthan,Tonk,Nutritional Status of Adults (age 15-49 years),73,Women whose Body Mass Index (BMI) is below normal (BMI <18.5 kg/m2)15 (%),33.0,23.8,False,False
Rajasthan,Tonk,Nutritional Status of Adults (age 15-49 years),74,Women who are overweight or obese (BMI ≥25.0 kg/m2)15 (%),14.0,10.0,False,False
Rajasthan,Tonk,Women,75,Blood sugar level - high (141-160 mg/dl)16 (%),4.8,3.0,False,False
Rajasthan,Tonk,Women,76,Blood sugar level - very high (>160 mg/dl)16 (%),3.3,2.4,False,False
Rajasthan,Tonk,Women,77,Blood sugar level - high or very high (>140 mg/dl) or taking medicine to control blood sugar level16 (%),8.5,5.8,False,False
Rajasthan,Tonk,Men,78,Blood sugar level - high (141-160 mg/dl)16 (%),5.0,3.2,False,False
Rajasthan,Tonk,Men,79,Blood sugar level - very high (>160 mg/dl)16 (%),3.9,2.9,False,False
Rajasthan,Tonk,Men,80,Blood sugar level - high or very high (>140 mg/dl) or taking medicine to control blood sugar level16 (%),9.9,6.5,False,False
Rajasthan,Tonk,Women,81,Mildly elevated blood pressure (Systolic 140-159 mm of Hg and/or Diastolic 90-99 mm of Hg) (%),7.6,9.9,False,False
Rajasthan,Tonk,Women,82,Moderately or severely elevated blood pressure (Systolic ≥160 mm of Hg and/or Diastolic ≥100 mm,3.6,4.8,False,False
Rajasthan,Tonk,Women,83,Elevated blood pressure (Systolic ≥140 mm of Hg and/or Diastolic ≥90 mm of Hg) or taking medicine to,14.6,16.7,False,False
Rajasthan,Tonk,Men,84,Mildly elevated blood pressure (Systolic 140-159 mm of Hg and/or Diastolic 90-99 mm of Hg) (%),9.8,14.1,False,False
Rajasthan,Tonk,Men,85,Moderately or severely elevated blood pressure (Systolic ≥160 mm of Hg and/or Diastolic ≥100 mm,4.9,4.7,False,False
Rajasthan,Tonk,Men,86,Elevated blood pressure (Systolic ≥140 mm of Hg and/or Diastolic ≥90 mm of Hg) or taking medicine to,16.3,20.1,False,False
Rajasthan,Tonk,Men,87,Women having a bank or savings account that they themselves use (%),88.7,79.5,False,False
Rajasthan,Tonk,Men,88,Women having a mobile phone that they themselves use (%),55.4,54.3,False,False
Rajasthan,Tonk,Men,89,Women age 15-24 years who use hygienic methods of protection during their menstrual period17 (%),92.4,82.2,False,False
Rajasthan,Tonk,Tobacco Use and Alcohol Consumption among Adults (age 15 years and above),90,Women age 15 years and above who use any kind of tobacco (%),8.8,8.6,False,False
Rajasthan,Tonk,Tobacco Use and Alcohol Consumption among Adults (age 15 years and above),91,Men age 15 years and above who use any kind of tobacco (%),43.4,47.6,False,False
Rajasthan,Tonk,Tobacco Use and Alcohol Consumption among Adults (age 15 years and above),92,Women age 15 years and above who consume alcohol (%),0.4,0.5,False,False
Rajasthan,Tonk,Tobacco Use and Alcohol Consumption among Adults (age 15 years and above),93,Men age 15 years and above who consume alcohol (%),7.6,12.1,False,False
Rajasthan,Udaipur,Population and Household Profile,1,Population below age 5 years (%),9.8,8.4,False,False
Rajasthan,Udaipur,Population and Household Profile,2,Population below age 15 years (%),28.8,27.6,False,False
Rajasthan,Udaipur,Population and Household Profile,3,Population age 60 years and above (%),12.3,8.7,False,False
Rajasthan,Udaipur,Population and Household Profile,4,Population living in households with electricity (%),94.3,98.1,False,False
Rajasthan,Udaipur,Population and Household Profile,5,Population living in households with an improved drinking-water source1 (%),83.3,92.7,False,False
Rajasthan,Udaipur,Population and Household Profile,6,Households using iodized salt (%),96.0,98.4,False,False
Rajasthan,Udaipur,Population and Household Profile,7,Households with any usual member covered under a health insurance/financing scheme (%),80.1,94.3,False,False
Rajasthan,Udaipur,Population and Household Profile,8,Households with any usual member having a bank account/post office account (%),98.1,97.9,False,False
Rajasthan,Udaipur,Population and Household Profile,9,Female population age 6 years and above who ever attended school (%),59.2,63.8,False,False
Rajasthan,Udaipur,Population and Household Profile,10,Households with any usual female members owning a house and/or land (alone or jointly with others) (%),10.8,9.8,False,False
Rajasthan,Udaipur,Population and Household Profile,11,Children age 2-4 years who attended pre-school (%),30.6,21.4,False,False
Rajasthan,Udaipur,Characteristics of Adults (age 15-49 years),12,Women with 10 or more years of schooling (%),34.6,30.1,False,False
Rajasthan,Udaipur,Characteristics of Adults (age 15-49 years),13,Men with 10 or more years of schooling (%),43.3,43.6,False,False
Rajasthan,Udaipur,Characteristics of Adults (age 15-49 years),14,Women who have ever used the internet (%),50.1,41.4,False,False
Rajasthan,Udaipur,Characteristics of Adults (age 15-49 years),15,Men who have ever used the internet (%),72.3,69.4,False,False
Rajasthan,Udaipur,Marriage and Fertility,16,Women age 20-24 years married before age 18 years (%),33.2,18.2,False,False
Rajasthan,Udaipur,Marriage and Fertility,17,Men age 25-29 years married before age 21 years (%),*,23.3,True,False
Rajasthan,Udaipur,Marriage and Fertility,18,Three or more births in the 5 years preceding the survey (%),2.9,1.8,False,False
Rajasthan,Udaipur,Marriage and Fertility,19,Women age 15-19 years who were already mothers or pregnant at the time of the survey (%),4.9,4.5,False,False
Rajasthan,Udaipur,Marriage and Fertility,20,Any method2 (%),76.0,75.5,False,False
Rajasthan,Udaipur,Marriage and Fertility,21,Any modern method2 (%),66.8,65.7,False,False
Rajasthan,Udaipur,Marriage and Fertility,22,Any traditional method (%),9.2,9.8,False,False
Rajasthan,Udaipur,Marriage and Fertility,23,Female sterilization (%),30.0,43.8,False,False
Rajasthan,Udaipur,Marriage and Fertility,24,Male sterilization (%),0.4,0.0,False,False
Rajasthan,Udaipur,Marriage and Fertility,25,Total unmet need3 (%),5.9,4.4,False,False
Rajasthan,Udaipur,Marriage and Fertility,26,Unmet need for spacing3 (%),3.2,2.1,False,False
Rajasthan,Udaipur,Marriage and Fertility,27,Unmet need for limiting3 (%),2.7,2.3,False,False
Rajasthan,Udaipur,Antenatal Care (for last birth in the 5 years before the survey),28,Mothers who had an antenatal check-up in the first trimester (%),61.5,69.6,False,False
Rajasthan,Udaipur,Antenatal Care (for last birth in the 5 years before the survey),29,Mothers who had any antenatal care visits (%),95.8,100.0,False,False
Rajasthan,Udaipur,Antenatal Care (for last birth in the 5 years before the survey),30,Mothers who had at least 4 antenatal care visits (%),61.9,62.3,False,False
Rajasthan,Udaipur,Antenatal Care (for last birth in the 5 years before the survey),31,Mothers whose last birth was protected against neonatal tetanus4 (%),92.9,98.4,False,False
Rajasthan,Udaipur,Antenatal Care (for last birth in the 5 years before the survey),32,Mothers who consumed iron folic acid for 100 days or more when they were pregnant (%),55.0,44.7,False,False
Rajasthan,Udaipur,Antenatal Care (for last birth in the 5 years before the survey),33,Mothers who consumed iron folic acid for 180 days or more when they were pregnant (%),30.3,17.4,False,False
Rajasthan,Udaipur,Antenatal Care (for last birth in the 5 years before the survey),34,Registered pregnancies for which the mother received a Mother and Child Protection (MCP) card (%),99.1,100.0,False,False
Rajasthan,Udaipur,Delivery Care (for births in the 5 years before the survey),35,Institutional births (%),81.2,96.1,False,False
Rajasthan,Udaipur,Delivery Care (for births in the 5 years before the survey),36,Institutional births in public facility (%),70.0,89.4,False,False
Rajasthan,Udaipur,Delivery Care (for births in the 5 years before the survey),37,Births attended by skilled health personnel5 (%),82.4,97.4,False,False
Rajasthan,Udaipur,Delivery Care (for births in the 5 years before the survey),38,Births delivered by caesarean section (%),8.4,7.3,False,False
Rajasthan,Udaipur,Delivery Care (for births in the 5 years before the survey),39,Births in a private health facility that were delivered by caesarean section (%),33.0,36.6,True,False
Rajasthan,Udaipur,Delivery Care (for births in the 5 years before the survey),40,Births in a public health facility that were delivered by caesarean section (%),6.7,5.4,False,False
Rajasthan,Udaipur,Postnatal Care (for last birth in the 5 years before the survey),41,Mothers who received postnatal care from a doctor/nurse/LHV/ANM/midwife/other health personnel within 2,77.4,96.6,False,False
Rajasthan,Udaipur,Postnatal Care (for last birth in the 5 years before the survey),42,Children born at home who were taken to a health facility for a check-up within 24 hours of birth (%),3.3,*,True,False
Rajasthan,Udaipur,Postnatal Care (for last birth in the 5 years before the survey),43,Children who received postnatal care from a doctor/nurse/LHV/ANM/midwife/other health personnel within 2,79.2,95.2,False,False
Rajasthan,Udaipur,Child Vaccinations and Vitamin A Supplementation,44,Children age 12-23 months fully vaccinated based on information from either vaccination card or mother's,75.2,86.8,False,False
Rajasthan,Udaipur,Child Vaccinations and Vitamin A Supplementation,45,Children age 12-23 months fully vaccinated based on information from vaccination card only7 (%),68.7,89.5,False,False
Rajasthan,Udaipur,Child Vaccinations and Vitamin A Supplementation,46,Children age 12-23 months who have received any vaccine (%),93.6,97.0,False,False
Rajasthan,Udaipur,Child Vaccinations and Vitamin A Supplementation,47,Children age 12-23 months who have received BCG (%),89.7,95.3,False,False
Rajasthan,Udaipur,Child Vaccinations and Vitamin A Supplementation,48,Children age 12-23 months who have received 3 doses of polio vaccine8 (%),80.2,88.5,False,False
Rajasthan,Udaipur,Child Vaccinations and Vitamin A Supplementation,49,Children age 12-23 months who have received 3 doses of pentavalent vaccine (%),84.2,90.2,False,False
Rajasthan,Udaipur,Child Vaccinations and Vitamin A Supplementation,50,Children age 12-23 months who have received the first dose of measles-containing vaccine (MCV) (%),87.4,91.9,False,False
Rajasthan,Udaipur,Child Vaccinations and Vitamin A Supplementation,51,Children age 24-35 months who have received a second dose of measles-containing vaccine (MCV) (%),38.2,61.9,False,False
Rajasthan,Udaipur,Child Vaccinations and Vitamin A Supplementation,52,Children age 12-23 months who have received birth dose of hepatitis B vaccine (%),74.6,83.1,False,False
Rajasthan,Udaipur,Child Vaccinations and Vitamin A Supplementation,53,Children age 12-23 months who have received 3 doses of rotavirus vaccine (%),74.1,76.4,False,False
Rajasthan,Udaipur,Child Vaccinations and Vitamin A Supplementation,54,Children age 9-35 months who received a vitamin A dose in the last 6 months (%),77.9,74.2,False,False
Rajasthan,Udaipur,Child Vaccinations and Vitamin A Supplementation,55,Children age 12-23 months who received most of their vaccinations in a public health facility (%),100.0,100.0,False,False
Rajasthan,Udaipur,Child Vaccinations and Vitamin A Supplementation,56,Children age 12-23 months who received most of their vaccinations in a private health facility (%),0.0,0.0,False,False
Rajasthan,Udaipur,Treatment of Childhood Diseases (children under age 5 years),57,Prevalence of diarrhoea in the 2 weeks preceding the survey (%),3.8,6.9,False,False
Rajasthan,Udaipur,Treatment of Childhood Diseases (children under age 5 years),58,Prevalence of symptoms of acute respiratory infection (ARI) in the 2 weeks preceding the survey (%),0.2,1.8,False,False
Rajasthan,Udaipur,Treatment of Childhood Diseases (children under age 5 years),59,Children with fever or symptoms of ARI in the 2 weeks preceding the survey taken to a health facility or,*,74.3,True,False
Rajasthan,Udaipur,Child Feeding Practices and Nutritional Status of Children,60,Children under age 3 years breastfed within one hour of birth9 (%),51.0,44.6,False,False
Rajasthan,Udaipur,Child Feeding Practices and Nutritional Status of Children,61,Children under age 6 months exclusively breastfed10 (%),57.0,81.6,True,False
Rajasthan,Udaipur,Child Feeding Practices and Nutritional Status of Children,62,Children under age 6 months currently breastfeeding10 (%),97.8,100.0,True,False
Rajasthan,Udaipur,Child Feeding Practices and Nutritional Status of Children,63,Children under age 6 months exclusively breastfed or breastfeeding and consuming plain water/other,84.4,91.8,True,False
Rajasthan,Udaipur,Child Feeding Practices and Nutritional Status of Children,64,Children age 6-8 months receiving solid or semi-solid food and breastmilk10 (%),17.6,*,True,False
Rajasthan,Udaipur,Child Feeding Practices and Nutritional Status of Children,65,"Breastfeeding children age 6-23 months receiving an adequate diet10, 11 (%)",12.1,6.5,False,False
Rajasthan,Udaipur,Child Feeding Practices and Nutritional Status of Children,66,"Non-breastfeeding children age 6-23 months receiving an adequate diet10, 11 (%)",*,*,True,False
Rajasthan,Udaipur,Child Feeding Practices and Nutritional Status of Children,67,"Total children age 6-23 months receiving an adequate diet10, 11 (%)",11.6,6.1,False,False
Rajasthan,Udaipur,Child Feeding Practices and Nutritional Status of Children,68,Children under 5 years who are stunted (height-for-age)12 (%),35.6,34.0,False,False
Rajasthan,Udaipur,Child Feeding Practices and Nutritional Status of Children,69,Children under 5 years who are wasted (weight-for-height)12 (%),28.1,8.6,False,False
Rajasthan,Udaipur,Child Feeding Practices and Nutritional Status of Children,70,Children under 5 years who are severely wasted (weight-for-height)13 (%),11.3,3.1,False,False
Rajasthan,Udaipur,Child Feeding Practices and Nutritional Status of Children,71,Children under 5 years who are underweight (weight-for-age)12 (%),48.1,26.6,False,False
Rajasthan,Udaipur,Child Feeding Practices and Nutritional Status of Children,72,Children under 5 years who are overweight (weight-for-height)14 (%),1.9,1.8,False,False
Rajasthan,Udaipur,Nutritional Status of Adults (age 15-49 years),73,Women whose Body Mass Index (BMI) is below normal (BMI <18.5 kg/m2)15 (%),27.0,17.5,False,False
Rajasthan,Udaipur,Nutritional Status of Adults (age 15-49 years),74,Women who are overweight or obese (BMI ≥25.0 kg/m2)15 (%),15.7,9.1,False,False
Rajasthan,Udaipur,Women,75,Blood sugar level - high (141-160 mg/dl)16 (%),6.5,5.4,False,False
Rajasthan,Udaipur,Women,76,Blood sugar level - very high (>160 mg/dl)16 (%),5.5,2.8,False,False
Rajasthan,Udaipur,Women,77,Blood sugar level - high or very high (>140 mg/dl) or taking medicine to control blood sugar level16 (%),12.5,8.8,False,False
Rajasthan,Udaipur,Men,78,Blood sugar level - high (141-160 mg/dl)16 (%),7.9,6.6,False,False
Rajasthan,Udaipur,Men,79,Blood sugar level - very high (>160 mg/dl)16 (%),6.5,3.3,False,False
Rajasthan,Udaipur,Men,80,Blood sugar level - high or very high (>140 mg/dl) or taking medicine to control blood sugar level16 (%),14.8,10.5,False,False
Rajasthan,Udaipur,Women,81,Mildly elevated blood pressure (Systolic 140-159 mm of Hg and/or Diastolic 90-99 mm of Hg) (%),9.0,10.0,False,False
Rajasthan,Udaipur,Women,82,Moderately or severely elevated blood pressure (Systolic ≥160 mm of Hg and/or Diastolic ≥100 mm,3.1,3.2,False,False
Rajasthan,Udaipur,Women,83,Elevated blood pressure (Systolic ≥140 mm of Hg and/or Diastolic ≥90 mm of Hg) or taking medicine to,14.8,14.4,False,False
Rajasthan,Udaipur,Men,84,Mildly elevated blood pressure (Systolic 140-159 mm of Hg and/or Diastolic 90-99 mm of Hg) (%),9.6,13.1,False,False
Rajasthan,Udaipur,Men,85,Moderately or severely elevated blood pressure (Systolic ≥160 mm of Hg and/or Diastolic ≥100 mm,4.4,2.4,False,False
Rajasthan,Udaipur,Men,86,Elevated blood pressure (Systolic ≥140 mm of Hg and/or Diastolic ≥90 mm of Hg) or taking medicine to,16.3,16.5,False,False
Rajasthan,Udaipur,Men,87,Women having a bank or savings account that they themselves use (%),86.0,88.3,False,False
Rajasthan,Udaipur,Men,88,Women having a mobile phone that they themselves use (%),64.6,47.2,False,False
Rajasthan,Udaipur,Men,89,Women age 15-24 years who use hygienic methods of protection during their menstrual period17 (%),81.5,85.7,False,False
Rajasthan,Udaipur,Tobacco Use and Alcohol Consumption among Adults (age 15 years and above),90,Women age 15 years and above who use any kind of tobacco (%),3.7,4.5,False,False
Rajasthan,Udaipur,Tobacco Use and Alcohol Consumption among Adults (age 15 years and above),91,Men age 15 years and above who use any kind of tobacco (%),34.5,42.5,False,False
Rajasthan,Udaipur,Tobacco Use and Alcohol Consumption among Adults (age 15 years and above),92,Women age 15 years and above who consume alcohol (%),1.0,0.3,False,False
Rajasthan,Udaipur,Tobacco Use and Alcohol Consumption among Adults (age 15 years and above),93,Men age 15 years and above who consume alcohol (%),14.8,14.4,False,False
