state,district,category,indicator_no,indicator,nfhs6_value,nfhs5_value,small_sample_flag,boundary_change_single_round
Tripura,Dhalai,Population and Household Profile,1,Population below age 5 years (%),7.3,8.7,False,False
Tripura,Dhalai,Population and Household Profile,2,Population below age 15 years (%),26.3,27.2,False,False
Tripura,Dhalai,Population and Household Profile,3,Population age 60 years and above (%),12.2,9.5,False,False
Tripura,Dhalai,Population and Household Profile,4,Population living in households with electricity (%),97.6,97.7,False,False
Tripura,Dhalai,Population and Household Profile,5,Population living in households with an improved drinking-water source1 (%),78.2,70.3,False,False
Tripura,Dhalai,Population and Household Profile,6,Households using iodized salt (%),100.0,98.7,False,False
Tripura,Dhalai,Population and Household Profile,7,Households with any usual member covered under a health insurance/financing scheme (%),50.1,47.5,False,False
Tripura,Dhalai,Population and Household Profile,8,Households with any usual member having a bank account/post office account (%),98.7,97.8,False,False
Tripura,Dhalai,Population and Household Profile,9,Female population age 6 years and above who ever attended school (%),79.4,74.8,False,False
Tripura,Dhalai,Population and Household Profile,10,Households with any usual female members owning a house and/or land (alone or jointly with others) (%),18.5,10.8,False,False
Tripura,Dhalai,Population and Household Profile,11,Children age 2-4 years who attended pre-school (%),54.4,58.7,False,False
Tripura,Dhalai,Characteristics of Adults (age 15-49 years),12,Women with 10 or more years of schooling (%),23.5,13.9,False,False
Tripura,Dhalai,Characteristics of Adults (age 15-49 years),13,Men with 10 or more years of schooling (%),18.1,21.8,False,False
Tripura,Dhalai,Characteristics of Adults (age 15-49 years),14,Women who have ever used the internet (%),49.5,11.2,False,False
Tripura,Dhalai,Characteristics of Adults (age 15-49 years),15,Men who have ever used the internet (%),79.8,35.4,False,False
Tripura,Dhalai,Marriage and Fertility,16,Women age 20-24 years married before age 18 years (%),33.5,38.9,False,False
Tripura,Dhalai,Marriage and Fertility,17,Men age 25-29 years married before age 21 years (%),*,*,True,False
Tripura,Dhalai,Marriage and Fertility,18,Three or more births in the 5 years preceding the survey (%),1.5,0.3,False,False
Tripura,Dhalai,Marriage and Fertility,19,Women age 15-19 years who were already mothers or pregnant at the time of the survey (%),16.2,26.9,False,False
Tripura,Dhalai,Marriage and Fertility,20,Any method2 (%),67.4,80.9,False,False
Tripura,Dhalai,Marriage and Fertility,21,Any modern method2 (%),41.4,53.3,False,False
Tripura,Dhalai,Marriage and Fertility,22,Any traditional method (%),26.0,27.6,False,False
Tripura,Dhalai,Marriage and Fertility,23,Female sterilization (%),7.4,8.6,False,False
Tripura,Dhalai,Marriage and Fertility,24,Male sterilization (%),0.0,0.0,False,False
Tripura,Dhalai,Marriage and Fertility,25,Total unmet need3 (%),11.0,4.0,False,False
Tripura,Dhalai,Marriage and Fertility,26,Unmet need for spacing3 (%),4.1,1.8,False,False
Tripura,Dhalai,Marriage and Fertility,27,Unmet need for limiting3 (%),6.9,2.2,False,False
Tripura,Dhalai,Antenatal Care (for last birth in the 5 years before the survey),28,Mothers who had an antenatal check-up in the first trimester (%),57.0,58.1,False,False
Tripura,Dhalai,Antenatal Care (for last birth in the 5 years before the survey),29,Mothers who had any antenatal care visits (%),79.9,78.3,False,False
Tripura,Dhalai,Antenatal Care (for last birth in the 5 years before the survey),30,Mothers who had at least 4 antenatal care visits (%),31.0,52.0,False,False
Tripura,Dhalai,Antenatal Care (for last birth in the 5 years before the survey),31,Mothers whose last birth was protected against neonatal tetanus4 (%),91.6,97.8,False,False
Tripura,Dhalai,Antenatal Care (for last birth in the 5 years before the survey),32,Mothers who consumed iron folic acid for 100 days or more when they were pregnant (%),23.6,26.0,False,False
Tripura,Dhalai,Antenatal Care (for last birth in the 5 years before the survey),33,Mothers who consumed iron folic acid for 180 days or more when they were pregnant (%),9.9,8.8,False,False
Tripura,Dhalai,Antenatal Care (for last birth in the 5 years before the survey),34,Registered pregnancies for which the mother received a Mother and Child Protection (MCP) card (%),93.9,90.7,False,False
Tripura,Dhalai,Delivery Care (for births in the 5 years before the survey),35,Institutional births (%),76.9,87.3,False,False
Tripura,Dhalai,Delivery Care (for births in the 5 years before the survey),36,Institutional births in public facility (%),69.0,84.5,False,False
Tripura,Dhalai,Delivery Care (for births in the 5 years before the survey),37,Births attended by skilled health personnel5 (%),79.4,87.7,False,False
Tripura,Dhalai,Delivery Care (for births in the 5 years before the survey),38,Births delivered by caesarean section (%),15.7,10.1,False,False
Tripura,Dhalai,Delivery Care (for births in the 5 years before the survey),39,Births in a private health facility that were delivered by caesarean section (%),68.7,*,True,False
Tripura,Dhalai,Delivery Care (for births in the 5 years before the survey),40,Births in a public health facility that were delivered by caesarean section (%),14.8,10.1,False,False
Tripura,Dhalai,Postnatal Care (for last birth in the 5 years before the survey),41,Mothers who received postnatal care from a doctor/nurse/LHV/ANM/midwife/other health personnel within 2,51.6,72.4,False,False
Tripura,Dhalai,Postnatal Care (for last birth in the 5 years before the survey),42,Children born at home who were taken to a health facility for a check-up within 24 hours of birth (%),2.1,0.0,True,False
Tripura,Dhalai,Postnatal Care (for last birth in the 5 years before the survey),43,Children who received postnatal care from a doctor/nurse/LHV/ANM/midwife/other health personnel within 2,48.9,73.1,False,False
Tripura,Dhalai,Child Vaccinations and Vitamin A Supplementation,44,Children age 12-23 months fully vaccinated based on information from either vaccination card or mother's,54.6,73.7,True,False
Tripura,Dhalai,Child Vaccinations and Vitamin A Supplementation,45,Children age 12-23 months fully vaccinated based on information from vaccination card only7 (%),74.9,76.7,True,False
Tripura,Dhalai,Child Vaccinations and Vitamin A Supplementation,46,Children age 12-23 months who have received any vaccine (%),79.1,98.5,True,False
Tripura,Dhalai,Child Vaccinations and Vitamin A Supplementation,47,Children age 12-23 months who have received BCG (%),74.6,97.6,True,False
Tripura,Dhalai,Child Vaccinations and Vitamin A Supplementation,48,Children age 12-23 months who have received 3 doses of polio vaccine8 (%),58.7,73.7,True,False
Tripura,Dhalai,Child Vaccinations and Vitamin A Supplementation,49,Children age 12-23 months who have received 3 doses of pentavalent vaccine (%),61.5,89.0,True,False
Tripura,Dhalai,Child Vaccinations and Vitamin A Supplementation,50,Children age 12-23 months who have received the first dose of measles-containing vaccine (MCV) (%),68.4,90.2,True,False
Tripura,Dhalai,Child Vaccinations and Vitamin A Supplementation,51,Children age 24-35 months who have received a second dose of measles-containing vaccine (MCV) (%),47.3,52.8,True,False
Tripura,Dhalai,Child Vaccinations and Vitamin A Supplementation,52,Children age 12-23 months who have received birth dose of hepatitis B vaccine (%),54.0,66.5,True,False
Tripura,Dhalai,Child Vaccinations and Vitamin A Supplementation,53,Children age 12-23 months who have received 3 doses of rotavirus vaccine (%),61.8,68.4,True,False
Tripura,Dhalai,Child Vaccinations and Vitamin A Supplementation,54,Children age 9-35 months who received a vitamin A dose in the last 6 months (%),63.3,58.2,False,False
Tripura,Dhalai,Child Vaccinations and Vitamin A Supplementation,55,Children age 12-23 months who received most of their vaccinations in a public health facility (%),98.1,100.0,True,False
Tripura,Dhalai,Child Vaccinations and Vitamin A Supplementation,56,Children age 12-23 months who received most of their vaccinations in a private health facility (%),1.9,0.0,True,False
Tripura,Dhalai,Treatment of Childhood Diseases (children under age 5 years),57,Prevalence of diarrhoea in the 2 weeks preceding the survey (%),3.8,4.9,False,False
Tripura,Dhalai,Treatment of Childhood Diseases (children under age 5 years),58,Prevalence of symptoms of acute respiratory infection (ARI) in the 2 weeks preceding the survey (%),0.3,1.5,False,False
Tripura,Dhalai,Treatment of Childhood Diseases (children under age 5 years),59,Children with fever or symptoms of ARI in the 2 weeks preceding the survey taken to a health facility or,58.4,68.8,True,False
Tripura,Dhalai,Child Feeding Practices and Nutritional Status of Children,60,Children under age 3 years breastfed within one hour of birth9 (%),51.6,44.0,False,False
Tripura,Dhalai,Child Feeding Practices and Nutritional Status of Children,61,Children under age 6 months exclusively breastfed10 (%),50.5,61.1,True,False
Tripura,Dhalai,Child Feeding Practices and Nutritional Status of Children,62,Children under age 6 months currently breastfeeding10 (%),97.4,98.0,True,False
Tripura,Dhalai,Child Feeding Practices and Nutritional Status of Children,63,Children under age 6 months exclusively breastfed or breastfeeding and consuming plain water/other,93.9,88.5,True,False
Tripura,Dhalai,Child Feeding Practices and Nutritional Status of Children,64,Children age 6-8 months receiving solid or semi-solid food and breastmilk10 (%),*,*,True,False
Tripura,Dhalai,Child Feeding Practices and Nutritional Status of Children,65,"Breastfeeding children age 6-23 months receiving an adequate diet10, 11 (%)",23.4,14.9,False,False
Tripura,Dhalai,Child Feeding Practices and Nutritional Status of Children,66,"Non-breastfeeding children age 6-23 months receiving an adequate diet10, 11 (%)",*,*,True,False
Tripura,Dhalai,Child Feeding Practices and Nutritional Status of Children,67,"Total children age 6-23 months receiving an adequate diet10, 11 (%)",23.5,14.3,False,False
Tripura,Dhalai,Child Feeding Practices and Nutritional Status of Children,68,Children under 5 years who are stunted (height-for-age)12 (%),24.2,45.7,False,False
Tripura,Dhalai,Child Feeding Practices and Nutritional Status of Children,69,Children under 5 years who are wasted (weight-for-height)12 (%),21.0,15.9,False,False
Tripura,Dhalai,Child Feeding Practices and Nutritional Status of Children,70,Children under 5 years who are severely wasted (weight-for-height)13 (%),4.6,7.7,False,False
Tripura,Dhalai,Child Feeding Practices and Nutritional Status of Children,71,Children under 5 years who are underweight (weight-for-age)12 (%),31.2,27.6,False,False
Tripura,Dhalai,Child Feeding Practices and Nutritional Status of Children,72,Children under 5 years who are overweight (weight-for-height)14 (%),0.8,13.1,False,False
Tripura,Dhalai,Nutritional Status of Adults (age 15-49 years),73,Women whose Body Mass Index (BMI) is below normal (BMI <18.5 kg/m2)15 (%),14.0,15.9,False,False
Tripura,Dhalai,Nutritional Status of Adults (age 15-49 years),74,Women who are overweight or obese (BMI ≥25.0 kg/m2)15 (%),22.6,19.1,False,False
Tripura,Dhalai,Women,75,Blood sugar level - high (141-160 mg/dl)16 (%),7.6,8.5,False,False
Tripura,Dhalai,Women,76,Blood sugar level - very high (>160 mg/dl)16 (%),8.7,5.7,False,False
Tripura,Dhalai,Women,77,Blood sugar level - high or very high (>140 mg/dl) or taking medicine to control blood sugar level16 (%),16.7,14.5,False,False
Tripura,Dhalai,Men,78,Blood sugar level - high (141-160 mg/dl)16 (%),7.9,7.8,False,False
Tripura,Dhalai,Men,79,Blood sugar level - very high (>160 mg/dl)16 (%),13.9,8.4,False,False
Tripura,Dhalai,Men,80,Blood sugar level - high or very high (>140 mg/dl) or taking medicine to control blood sugar level16 (%),22.5,17.0,False,False
Tripura,Dhalai,Women,81,Mildly elevated blood pressure (Systolic 140-159 mm of Hg and/or Diastolic 90-99 mm of Hg) (%),8.4,9.0,False,False
Tripura,Dhalai,Women,82,Moderately or severely elevated blood pressure (Systolic ≥160 mm of Hg and/or Diastolic ≥100 mm,3.7,3.5,False,False
Tripura,Dhalai,Women,83,Elevated blood pressure (Systolic ≥140 mm of Hg and/or Diastolic ≥90 mm of Hg) or taking medicine to,16.5,14.5,False,False
Tripura,Dhalai,Men,84,Mildly elevated blood pressure (Systolic 140-159 mm of Hg and/or Diastolic 90-99 mm of Hg) (%),11.2,11.5,False,False
Tripura,Dhalai,Men,85,Moderately or severely elevated blood pressure (Systolic ≥160 mm of Hg and/or Diastolic ≥100 mm,4.8,4.0,False,False
Tripura,Dhalai,Men,86,Elevated blood pressure (Systolic ≥140 mm of Hg and/or Diastolic ≥90 mm of Hg) or taking medicine to,20.9,17.4,False,False
Tripura,Dhalai,Men,87,Women having a bank or savings account that they themselves use (%),92.4,74.4,False,False
Tripura,Dhalai,Men,88,Women having a mobile phone that they themselves use (%),63.7,39.2,False,False
Tripura,Dhalai,Men,89,Women age 15-24 years who use hygienic methods of protection during their menstrual period17 (%),73.4,63.7,False,False
Tripura,Dhalai,Tobacco Use and Alcohol Consumption among Adults (age 15 years and above),90,Women age 15 years and above who use any kind of tobacco (%),52.4,55.2,False,False
Tripura,Dhalai,Tobacco Use and Alcohol Consumption among Adults (age 15 years and above),91,Men age 15 years and above who use any kind of tobacco (%),59.2,61.3,False,False
Tripura,Dhalai,Tobacco Use and Alcohol Consumption among Adults (age 15 years and above),92,Women age 15 years and above who consume alcohol (%),11.6,7.5,False,False
Tripura,Dhalai,Tobacco Use and Alcohol Consumption among Adults (age 15 years and above),93,Men age 15 years and above who consume alcohol (%),37.9,40.2,False,False
Tripura,Gomati,Population and Household Profile,1,Population below age 5 years (%),6.5,7.6,False,False
Tripura,Gomati,Population and Household Profile,2,Population below age 15 years (%),20.8,24.2,False,False
Tripura,Gomati,Population and Household Profile,3,Population age 60 years and above (%),14.0,10.8,False,False
Tripura,Gomati,Population and Household Profile,4,Population living in households with electricity (%),99.0,98.8,False,False
Tripura,Gomati,Population and Household Profile,5,Population living in households with an improved drinking-water source1 (%),95.8,87.7,False,False
Tripura,Gomati,Population and Household Profile,6,Households using iodized salt (%),99.3,99.0,False,False
Tripura,Gomati,Population and Household Profile,7,Households with any usual member covered under a health insurance/financing scheme (%),61.0,33.0,False,False
Tripura,Gomati,Population and Household Profile,8,Households with any usual member having a bank account/post office account (%),99.2,95.8,False,False
Tripura,Gomati,Population and Household Profile,9,Female population age 6 years and above who ever attended school (%),82.3,80.1,False,False
Tripura,Gomati,Population and Household Profile,10,Households with any usual female members owning a house and/or land (alone or jointly with others) (%),16.9,7.9,False,False
Tripura,Gomati,Population and Household Profile,11,Children age 2-4 years who attended pre-school (%),68.1,48.7,False,False
Tripura,Gomati,Characteristics of Adults (age 15-49 years),12,Women with 10 or more years of schooling (%),32.2,22.8,False,False
Tripura,Gomati,Characteristics of Adults (age 15-49 years),13,Men with 10 or more years of schooling (%),48.9,42.9,False,False
Tripura,Gomati,Characteristics of Adults (age 15-49 years),14,Women who have ever used the internet (%),58.3,26.6,False,False
Tripura,Gomati,Characteristics of Adults (age 15-49 years),15,Men who have ever used the internet (%),81.3,51.7,False,False
Tripura,Gomati,Marriage and Fertility,16,Women age 20-24 years married before age 18 years (%),32.0,42.8,False,False
Tripura,Gomati,Marriage and Fertility,17,Men age 25-29 years married before age 21 years (%),*,*,True,False
Tripura,Gomati,Marriage and Fertility,18,Three or more births in the 5 years preceding the survey (%),0.0,0.0,False,False
Tripura,Gomati,Marriage and Fertility,19,Women age 15-19 years who were already mothers or pregnant at the time of the survey (%),18.6,24.4,False,False
Tripura,Gomati,Marriage and Fertility,20,Any method2 (%),67.0,65.5,False,False
Tripura,Gomati,Marriage and Fertility,21,Any modern method2 (%),39.1,48.7,False,False
Tripura,Gomati,Marriage and Fertility,22,Any traditional method (%),27.9,16.8,False,False
Tripura,Gomati,Marriage and Fertility,23,Female sterilization (%),10.8,8.6,False,False
Tripura,Gomati,Marriage and Fertility,24,Male sterilization (%),0.1,0.1,False,False
Tripura,Gomati,Marriage and Fertility,25,Total unmet need3 (%),9.9,12.1,False,False
Tripura,Gomati,Marriage and Fertility,26,Unmet need for spacing3 (%),4.0,3.7,False,False
Tripura,Gomati,Marriage and Fertility,27,Unmet need for limiting3 (%),5.9,8.4,False,False
Tripura,Gomati,Antenatal Care (for last birth in the 5 years before the survey),28,Mothers who had an antenatal check-up in the first trimester (%),67.6,54.0,False,False
Tripura,Gomati,Antenatal Care (for last birth in the 5 years before the survey),29,Mothers who had any antenatal care visits (%),91.9,72.0,False,False
Tripura,Gomati,Antenatal Care (for last birth in the 5 years before the survey),30,Mothers who had at least 4 antenatal care visits (%),46.7,40.6,False,False
Tripura,Gomati,Antenatal Care (for last birth in the 5 years before the survey),31,Mothers whose last birth was protected against neonatal tetanus4 (%),94.4,91.7,False,False
Tripura,Gomati,Antenatal Care (for last birth in the 5 years before the survey),32,Mothers who consumed iron folic acid for 100 days or more when they were pregnant (%),42.4,22.0,False,False
Tripura,Gomati,Antenatal Care (for last birth in the 5 years before the survey),33,Mothers who consumed iron folic acid for 180 days or more when they were pregnant (%),22.1,6.6,False,False
Tripura,Gomati,Antenatal Care (for last birth in the 5 years before the survey),34,Registered pregnancies for which the mother received a Mother and Child Protection (MCP) card (%),99.4,91.1,False,False
Tripura,Gomati,Delivery Care (for births in the 5 years before the survey),35,Institutional births (%),92.9,93.2,False,False
Tripura,Gomati,Delivery Care (for births in the 5 years before the survey),36,Institutional births in public facility (%),84.4,90.0,False,False
Tripura,Gomati,Delivery Care (for births in the 5 years before the survey),37,Births attended by skilled health personnel5 (%),95.0,94.1,False,False
Tripura,Gomati,Delivery Care (for births in the 5 years before the survey),38,Births delivered by caesarean section (%),24.2,23.6,False,False
Tripura,Gomati,Delivery Care (for births in the 5 years before the survey),39,Births in a private health facility that were delivered by caesarean section (%),*,*,True,False
Tripura,Gomati,Delivery Care (for births in the 5 years before the survey),40,Births in a public health facility that were delivered by caesarean section (%),19.0,23.4,False,False
Tripura,Gomati,Postnatal Care (for last birth in the 5 years before the survey),41,Mothers who received postnatal care from a doctor/nurse/LHV/ANM/midwife/other health personnel within 2,53.1,66.3,False,False
Tripura,Gomati,Postnatal Care (for last birth in the 5 years before the survey),42,Children born at home who were taken to a health facility for a check-up within 24 hours of birth (%),*,*,True,False
Tripura,Gomati,Postnatal Care (for last birth in the 5 years before the survey),43,Children who received postnatal care from a doctor/nurse/LHV/ANM/midwife/other health personnel within 2,60.9,68.6,False,False
Tripura,Gomati,Child Vaccinations and Vitamin A Supplementation,44,Children age 12-23 months fully vaccinated based on information from either vaccination card or mother's,75.1,67.1,True,False
Tripura,Gomati,Child Vaccinations and Vitamin A Supplementation,45,Children age 12-23 months fully vaccinated based on information from vaccination card only7 (%),79.3,85.1,True,False
Tripura,Gomati,Child Vaccinations and Vitamin A Supplementation,46,Children age 12-23 months who have received any vaccine (%),89.7,96.5,True,False
Tripura,Gomati,Child Vaccinations and Vitamin A Supplementation,47,Children age 12-23 months who have received BCG (%),86.3,91.8,True,False
Tripura,Gomati,Child Vaccinations and Vitamin A Supplementation,48,Children age 12-23 months who have received 3 doses of polio vaccine8 (%),80.6,75.6,True,False
Tripura,Gomati,Child Vaccinations and Vitamin A Supplementation,49,Children age 12-23 months who have received 3 doses of pentavalent vaccine (%),82.3,83.9,True,False
Tripura,Gomati,Child Vaccinations and Vitamin A Supplementation,50,Children age 12-23 months who have received the first dose of measles-containing vaccine (MCV) (%),84.4,89.9,True,False
Tripura,Gomati,Child Vaccinations and Vitamin A Supplementation,51,Children age 24-35 months who have received a second dose of measles-containing vaccine (MCV) (%),65.4,17.1,True,False
Tripura,Gomati,Child Vaccinations and Vitamin A Supplementation,52,Children age 12-23 months who have received birth dose of hepatitis B vaccine (%),82.6,74.2,True,False
Tripura,Gomati,Child Vaccinations and Vitamin A Supplementation,53,Children age 12-23 months who have received 3 doses of rotavirus vaccine (%),82.1,34.8,True,False
Tripura,Gomati,Child Vaccinations and Vitamin A Supplementation,54,Children age 9-35 months who received a vitamin A dose in the last 6 months (%),83.1,74.6,False,False
Tripura,Gomati,Child Vaccinations and Vitamin A Supplementation,55,Children age 12-23 months who received most of their vaccinations in a public health facility (%),100.0,95.1,True,False
Tripura,Gomati,Child Vaccinations and Vitamin A Supplementation,56,Children age 12-23 months who received most of their vaccinations in a private health facility (%),0.0,0.0,True,False
Tripura,Gomati,Treatment of Childhood Diseases (children under age 5 years),57,Prevalence of diarrhoea in the 2 weeks preceding the survey (%),5.3,9.8,False,False
Tripura,Gomati,Treatment of Childhood Diseases (children under age 5 years),58,Prevalence of symptoms of acute respiratory infection (ARI) in the 2 weeks preceding the survey (%),1.5,1.6,False,False
Tripura,Gomati,Treatment of Childhood Diseases (children under age 5 years),59,Children with fever or symptoms of ARI in the 2 weeks preceding the survey taken to a health facility or,62.7,62.8,True,False
Tripura,Gomati,Child Feeding Practices and Nutritional Status of Children,60,Children under age 3 years breastfed within one hour of birth9 (%),45.9,24.8,False,False
Tripura,Gomati,Child Feeding Practices and Nutritional Status of Children,61,Children under age 6 months exclusively breastfed10 (%),*,46.6,True,False
Tripura,Gomati,Child Feeding Practices and Nutritional Status of Children,62,Children under age 6 months currently breastfeeding10 (%),*,97.4,True,False
Tripura,Gomati,Child Feeding Practices and Nutritional Status of Children,63,Children under age 6 months exclusively breastfed or breastfeeding and consuming plain water/other,*,70.2,True,False
Tripura,Gomati,Child Feeding Practices and Nutritional Status of Children,64,Children age 6-8 months receiving solid or semi-solid food and breastmilk10 (%),*,*,True,False
Tripura,Gomati,Child Feeding Practices and Nutritional Status of Children,65,"Breastfeeding children age 6-23 months receiving an adequate diet10, 11 (%)",21.2,13.4,False,False
Tripura,Gomati,Child Feeding Practices and Nutritional Status of Children,66,"Non-breastfeeding children age 6-23 months receiving an adequate diet10, 11 (%)",*,*,True,False
Tripura,Gomati,Child Feeding Practices and Nutritional Status of Children,67,"Total children age 6-23 months receiving an adequate diet10, 11 (%)",20.9,12.6,False,False
Tripura,Gomati,Child Feeding Practices and Nutritional Status of Children,68,Children under 5 years who are stunted (height-for-age)12 (%),19.5,22.7,False,False
Tripura,Gomati,Child Feeding Practices and Nutritional Status of Children,69,Children under 5 years who are wasted (weight-for-height)12 (%),19.7,27.6,False,False
Tripura,Gomati,Child Feeding Practices and Nutritional Status of Children,70,Children under 5 years who are severely wasted (weight-for-height)13 (%),2.8,11.2,False,False
Tripura,Gomati,Child Feeding Practices and Nutritional Status of Children,71,Children under 5 years who are underweight (weight-for-age)12 (%),22.9,29.0,False,False
Tripura,Gomati,Child Feeding Practices and Nutritional Status of Children,72,Children under 5 years who are overweight (weight-for-height)14 (%),0.8,3.4,False,False
Tripura,Gomati,Nutritional Status of Adults (age 15-49 years),73,Women whose Body Mass Index (BMI) is below normal (BMI <18.5 kg/m2)15 (%),15.6,14.1,False,False
Tripura,Gomati,Nutritional Status of Adults (age 15-49 years),74,Women who are overweight or obese (BMI ≥25.0 kg/m2)15 (%),29.1,19.6,False,False
Tripura,Gomati,Women,75,Blood sugar level - high (141-160 mg/dl)16 (%),8.5,7.9,False,False
Tripura,Gomati,Women,76,Blood sugar level - very high (>160 mg/dl)16 (%),9.4,7.5,False,False
Tripura,Gomati,Women,77,Blood sugar level - high or very high (>140 mg/dl) or taking medicine to control blood sugar level16 (%),18.5,16.8,False,False
Tripura,Gomati,Men,78,Blood sugar level - high (141-160 mg/dl)16 (%),10.8,8.4,False,False
Tripura,Gomati,Men,79,Blood sugar level - very high (>160 mg/dl)16 (%),12.3,8.0,False,False
Tripura,Gomati,Men,80,Blood sugar level - high or very high (>140 mg/dl) or taking medicine to control blood sugar level16 (%),23.6,17.4,False,False
Tripura,Gomati,Women,81,Mildly elevated blood pressure (Systolic 140-159 mm of Hg and/or Diastolic 90-99 mm of Hg) (%),8.0,10.5,False,False
Tripura,Gomati,Women,82,Moderately or severely elevated blood pressure (Systolic ≥160 mm of Hg and/or Diastolic ≥100 mm,4.4,3.6,False,False
Tripura,Gomati,Women,83,Elevated blood pressure (Systolic ≥140 mm of Hg and/or Diastolic ≥90 mm of Hg) or taking medicine to,16.2,19.8,False,False
Tripura,Gomati,Men,84,Mildly elevated blood pressure (Systolic 140-159 mm of Hg and/or Diastolic 90-99 mm of Hg) (%),10.8,13.1,False,False
Tripura,Gomati,Men,85,Moderately or severely elevated blood pressure (Systolic ≥160 mm of Hg and/or Diastolic ≥100 mm,6.1,3.4,False,False
Tripura,Gomati,Men,86,Elevated blood pressure (Systolic ≥140 mm of Hg and/or Diastolic ≥90 mm of Hg) or taking medicine to,21.9,21.4,False,False
Tripura,Gomati,Men,87,Women having a bank or savings account that they themselves use (%),92.2,75.9,False,False
Tripura,Gomati,Men,88,Women having a mobile phone that they themselves use (%),67.7,53.6,False,False
Tripura,Gomati,Men,89,Women age 15-24 years who use hygienic methods of protection during their menstrual period17 (%),86.2,71.5,False,False
Tripura,Gomati,Tobacco Use and Alcohol Consumption among Adults (age 15 years and above),90,Women age 15 years and above who use any kind of tobacco (%),52.5,49.6,False,False
Tripura,Gomati,Tobacco Use and Alcohol Consumption among Adults (age 15 years and above),91,Men age 15 years and above who use any kind of tobacco (%),55.7,55.8,False,False
Tripura,Gomati,Tobacco Use and Alcohol Consumption among Adults (age 15 years and above),92,Women age 15 years and above who consume alcohol (%),8.8,9.4,False,False
Tripura,Gomati,Tobacco Use and Alcohol Consumption among Adults (age 15 years and above),93,Men age 15 years and above who consume alcohol (%),34.7,33.7,False,False
Tripura,Khowai,Population and Household Profile,1,Population below age 5 years (%),6.0,6.6,False,False
Tripura,Khowai,Population and Household Profile,2,Population below age 15 years (%),18.9,23.5,False,False
Tripura,Khowai,Population and Household Profile,3,Population age 60 years and above (%),15.5,11.5,False,False
Tripura,Khowai,Population and Household Profile,4,Population living in households with electricity (%),98.6,99.0,False,False
Tripura,Khowai,Population and Household Profile,5,Population living in households with an improved drinking-water source1 (%),91.6,83.2,False,False
Tripura,Khowai,Population and Household Profile,6,Households using iodized salt (%),99.2,100.0,False,False
Tripura,Khowai,Population and Household Profile,7,Households with any usual member covered under a health insurance/financing scheme (%),51.5,48.2,False,False
Tripura,Khowai,Population and Household Profile,8,Households with any usual member having a bank account/post office account (%),99.2,95.7,False,False
Tripura,Khowai,Population and Household Profile,9,Female population age 6 years and above who ever attended school (%),83.2,81.3,False,False
Tripura,Khowai,Population and Household Profile,10,Households with any usual female members owning a house and/or land (alone or jointly with others) (%),16.5,9.0,False,False
Tripura,Khowai,Population and Household Profile,11,Children age 2-4 years who attended pre-school (%),63.4,51.8,False,False
Tripura,Khowai,Characteristics of Adults (age 15-49 years),12,Women with 10 or more years of schooling (%),29.7,18.9,False,False
Tripura,Khowai,Characteristics of Adults (age 15-49 years),13,Men with 10 or more years of schooling (%),41.6,30.8,False,False
Tripura,Khowai,Characteristics of Adults (age 15-49 years),14,Women who have ever used the internet (%),33.8,14.4,False,False
Tripura,Khowai,Characteristics of Adults (age 15-49 years),15,Men who have ever used the internet (%),60.8,59.2,False,False
Tripura,Khowai,Marriage and Fertility,16,Women age 20-24 years married before age 18 years (%),34.1,28.3,False,False
Tripura,Khowai,Marriage and Fertility,17,Men age 25-29 years married before age 21 years (%),*,*,True,False
Tripura,Khowai,Marriage and Fertility,18,Three or more births in the 5 years preceding the survey (%),0.8,0.0,False,False
Tripura,Khowai,Marriage and Fertility,19,Women age 15-19 years who were already mothers or pregnant at the time of the survey (%),14.8,24.3,False,False
Tripura,Khowai,Marriage and Fertility,20,Any method2 (%),61.3,79.9,False,False
Tripura,Khowai,Marriage and Fertility,21,Any modern method2 (%),32.7,49.9,False,False
Tripura,Khowai,Marriage and Fertility,22,Any traditional method (%),28.6,30.0,False,False
Tripura,Khowai,Marriage and Fertility,23,Female sterilization (%),11.4,9.5,False,False
Tripura,Khowai,Marriage and Fertility,24,Male sterilization (%),0.0,0.0,False,False
Tripura,Khowai,Marriage and Fertility,25,Total unmet need3 (%),8.8,4.1,False,False
Tripura,Khowai,Marriage and Fertility,26,Unmet need for spacing3 (%),3.4,2.2,False,False
Tripura,Khowai,Marriage and Fertility,27,Unmet need for limiting3 (%),5.4,1.9,False,False
Tripura,Khowai,Antenatal Care (for last birth in the 5 years before the survey),28,Mothers who had an antenatal check-up in the first trimester (%),56.7,57.2,False,False
Tripura,Khowai,Antenatal Care (for last birth in the 5 years before the survey),29,Mothers who had any antenatal care visits (%),88.7,72.7,False,False
Tripura,Khowai,Antenatal Care (for last birth in the 5 years before the survey),30,Mothers who had at least 4 antenatal care visits (%),36.2,41.5,False,False
Tripura,Khowai,Antenatal Care (for last birth in the 5 years before the survey),31,Mothers whose last birth was protected against neonatal tetanus4 (%),96.8,96.8,False,False
Tripura,Khowai,Antenatal Care (for last birth in the 5 years before the survey),32,Mothers who consumed iron folic acid for 100 days or more when they were pregnant (%),36.7,38.0,False,False
Tripura,Khowai,Antenatal Care (for last birth in the 5 years before the survey),33,Mothers who consumed iron folic acid for 180 days or more when they were pregnant (%),21.0,16.6,False,False
Tripura,Khowai,Antenatal Care (for last birth in the 5 years before the survey),34,Registered pregnancies for which the mother received a Mother and Child Protection (MCP) card (%),94.0,97.7,False,False
Tripura,Khowai,Delivery Care (for births in the 5 years before the survey),35,Institutional births (%),92.6,95.7,False,False
Tripura,Khowai,Delivery Care (for births in the 5 years before the survey),36,Institutional births in public facility (%),86.5,90.7,False,False
Tripura,Khowai,Delivery Care (for births in the 5 years before the survey),37,Births attended by skilled health personnel5 (%),91.7,95.2,False,False
Tripura,Khowai,Delivery Care (for births in the 5 years before the survey),38,Births delivered by caesarean section (%),30.3,27.8,False,False
Tripura,Khowai,Delivery Care (for births in the 5 years before the survey),39,Births in a private health facility that were delivered by caesarean section (%),*,*,True,False
Tripura,Khowai,Delivery Care (for births in the 5 years before the survey),40,Births in a public health facility that were delivered by caesarean section (%),27.9,25.6,False,False
Tripura,Khowai,Postnatal Care (for last birth in the 5 years before the survey),41,Mothers who received postnatal care from a doctor/nurse/LHV/ANM/midwife/other health personnel within 2,78.8,59.7,False,False
Tripura,Khowai,Postnatal Care (for last birth in the 5 years before the survey),42,Children born at home who were taken to a health facility for a check-up within 24 hours of birth (%),*,*,True,False
Tripura,Khowai,Postnatal Care (for last birth in the 5 years before the survey),43,Children who received postnatal care from a doctor/nurse/LHV/ANM/midwife/other health personnel within 2,83.2,62.9,False,False
Tripura,Khowai,Child Vaccinations and Vitamin A Supplementation,44,Children age 12-23 months fully vaccinated based on information from either vaccination card or mother's,85.3,60.7,True,False
Tripura,Khowai,Child Vaccinations and Vitamin A Supplementation,45,Children age 12-23 months fully vaccinated based on information from vaccination card only7 (%),100.0,65.8,True,False
Tripura,Khowai,Child Vaccinations and Vitamin A Supplementation,46,Children age 12-23 months who have received any vaccine (%),85.3,98.0,True,False
Tripura,Khowai,Child Vaccinations and Vitamin A Supplementation,47,Children age 12-23 months who have received BCG (%),85.3,96.1,True,False
Tripura,Khowai,Child Vaccinations and Vitamin A Supplementation,48,Children age 12-23 months who have received 3 doses of polio vaccine8 (%),85.3,60.7,True,False
Tripura,Khowai,Child Vaccinations and Vitamin A Supplementation,49,Children age 12-23 months who have received 3 doses of pentavalent vaccine (%),85.3,87.7,True,False
Tripura,Khowai,Child Vaccinations and Vitamin A Supplementation,50,Children age 12-23 months who have received the first dose of measles-containing vaccine (MCV) (%),85.3,85.7,True,False
Tripura,Khowai,Child Vaccinations and Vitamin A Supplementation,51,Children age 24-35 months who have received a second dose of measles-containing vaccine (MCV) (%),67.4,39.8,True,False
Tripura,Khowai,Child Vaccinations and Vitamin A Supplementation,52,Children age 12-23 months who have received birth dose of hepatitis B vaccine (%),82.0,55.7,True,False
Tripura,Khowai,Child Vaccinations and Vitamin A Supplementation,53,Children age 12-23 months who have received 3 doses of rotavirus vaccine (%),83.1,63.7,True,False
Tripura,Khowai,Child Vaccinations and Vitamin A Supplementation,54,Children age 9-35 months who received a vitamin A dose in the last 6 months (%),81.4,68.1,False,False
Tripura,Khowai,Child Vaccinations and Vitamin A Supplementation,55,Children age 12-23 months who received most of their vaccinations in a public health facility (%),100.0,100.0,True,False
Tripura,Khowai,Child Vaccinations and Vitamin A Supplementation,56,Children age 12-23 months who received most of their vaccinations in a private health facility (%),0.0,0.0,True,False
Tripura,Khowai,Treatment of Childhood Diseases (children under age 5 years),57,Prevalence of diarrhoea in the 2 weeks preceding the survey (%),5.7,0.7,False,False
Tripura,Khowai,Treatment of Childhood Diseases (children under age 5 years),58,Prevalence of symptoms of acute respiratory infection (ARI) in the 2 weeks preceding the survey (%),1.2,2.0,False,False
Tripura,Khowai,Treatment of Childhood Diseases (children under age 5 years),59,Children with fever or symptoms of ARI in the 2 weeks preceding the survey taken to a health facility or,63.0,*,True,False
Tripura,Khowai,Child Feeding Practices and Nutritional Status of Children,60,Children under age 3 years breastfed within one hour of birth9 (%),64.9,20.9,False,False
Tripura,Khowai,Child Feeding Practices and Nutritional Status of Children,61,Children under age 6 months exclusively breastfed10 (%),*,*,True,False
Tripura,Khowai,Child Feeding Practices and Nutritional Status of Children,62,Children under age 6 months currently breastfeeding10 (%),*,*,True,False
Tripura,Khowai,Child Feeding Practices and Nutritional Status of Children,63,Children under age 6 months exclusively breastfed or breastfeeding and consuming plain water/other,*,*,True,False
Tripura,Khowai,Child Feeding Practices and Nutritional Status of Children,64,Children age 6-8 months receiving solid or semi-solid food and breastmilk10 (%),*,*,True,False
Tripura,Khowai,Child Feeding Practices and Nutritional Status of Children,65,"Breastfeeding children age 6-23 months receiving an adequate diet10, 11 (%)",5.2,12.3,False,False
Tripura,Khowai,Child Feeding Practices and Nutritional Status of Children,66,"Non-breastfeeding children age 6-23 months receiving an adequate diet10, 11 (%)",*,*,True,False
Tripura,Khowai,Child Feeding Practices and Nutritional Status of Children,67,"Total children age 6-23 months receiving an adequate diet10, 11 (%)",8.1,12.9,False,False
Tripura,Khowai,Child Feeding Practices and Nutritional Status of Children,68,Children under 5 years who are stunted (height-for-age)12 (%),18.8,47.0,False,False
Tripura,Khowai,Child Feeding Practices and Nutritional Status of Children,69,Children under 5 years who are wasted (weight-for-height)12 (%),12.9,16.6,False,False
Tripura,Khowai,Child Feeding Practices and Nutritional Status of Children,70,Children under 5 years who are severely wasted (weight-for-height)13 (%),3.6,6.2,False,False
Tripura,Khowai,Child Feeding Practices and Nutritional Status of Children,71,Children under 5 years who are underweight (weight-for-age)12 (%),17.9,24.7,False,False
Tripura,Khowai,Child Feeding Practices and Nutritional Status of Children,72,Children under 5 years who are overweight (weight-for-height)14 (%),1.1,8.1,False,False
Tripura,Khowai,Nutritional Status of Adults (age 15-49 years),73,Women whose Body Mass Index (BMI) is below normal (BMI <18.5 kg/m2)15 (%),18.9,18.7,False,False
Tripura,Khowai,Nutritional Status of Adults (age 15-49 years),74,Women who are overweight or obese (BMI ≥25.0 kg/m2)15 (%),25.8,15.4,False,False
Tripura,Khowai,Women,75,Blood sugar level - high (141-160 mg/dl)16 (%),9.4,9.9,False,False
Tripura,Khowai,Women,76,Blood sugar level - very high (>160 mg/dl)16 (%),9.3,7.0,False,False
Tripura,Khowai,Women,77,Blood sugar level - high or very high (>140 mg/dl) or taking medicine to control blood sugar level16 (%),19.3,17.8,False,False
Tripura,Khowai,Men,78,Blood sugar level - high (141-160 mg/dl)16 (%),10.9,10.3,False,False
Tripura,Khowai,Men,79,Blood sugar level - very high (>160 mg/dl)16 (%),13.0,7.6,False,False
Tripura,Khowai,Men,80,Blood sugar level - high or very high (>140 mg/dl) or taking medicine to control blood sugar level16 (%),25.0,18.3,False,False
Tripura,Khowai,Women,81,Mildly elevated blood pressure (Systolic 140-159 mm of Hg and/or Diastolic 90-99 mm of Hg) (%),9.9,11.1,False,False
Tripura,Khowai,Women,82,Moderately or severely elevated blood pressure (Systolic ≥160 mm of Hg and/or Diastolic ≥100 mm,5.4,5.2,False,False
Tripura,Khowai,Women,83,Elevated blood pressure (Systolic ≥140 mm of Hg and/or Diastolic ≥90 mm of Hg) or taking medicine to,21.2,19.0,False,False
Tripura,Khowai,Men,84,Mildly elevated blood pressure (Systolic 140-159 mm of Hg and/or Diastolic 90-99 mm of Hg) (%),11.8,14.6,False,False
Tripura,Khowai,Men,85,Moderately or severely elevated blood pressure (Systolic ≥160 mm of Hg and/or Diastolic ≥100 mm,8.1,5.0,False,False
Tripura,Khowai,Men,86,Elevated blood pressure (Systolic ≥140 mm of Hg and/or Diastolic ≥90 mm of Hg) or taking medicine to,24.2,21.4,False,False
Tripura,Khowai,Men,87,Women having a bank or savings account that they themselves use (%),92.6,83.1,False,False
Tripura,Khowai,Men,88,Women having a mobile phone that they themselves use (%),58.1,50.4,False,False
Tripura,Khowai,Men,89,Women age 15-24 years who use hygienic methods of protection during their menstrual period17 (%),79.0,71.5,False,False
Tripura,Khowai,Tobacco Use and Alcohol Consumption among Adults (age 15 years and above),90,Women age 15 years and above who use any kind of tobacco (%),47.1,51.3,False,False
Tripura,Khowai,Tobacco Use and Alcohol Consumption among Adults (age 15 years and above),91,Men age 15 years and above who use any kind of tobacco (%),51.5,61.9,False,False
Tripura,Khowai,Tobacco Use and Alcohol Consumption among Adults (age 15 years and above),92,Women age 15 years and above who consume alcohol (%),9.2,9.6,False,False
Tripura,Khowai,Tobacco Use and Alcohol Consumption among Adults (age 15 years and above),93,Men age 15 years and above who consume alcohol (%),36.5,40.3,False,False
Tripura,North Tripura,Population and Household Profile,1,Population below age 5 years (%),8.4,8.8,False,False
Tripura,North Tripura,Population and Household Profile,2,Population below age 15 years (%),26.2,26.2,False,False
Tripura,North Tripura,Population and Household Profile,3,Population age 60 years and above (%),13.0,10.6,False,False
Tripura,North Tripura,Population and Household Profile,4,Population living in households with electricity (%),96.8,96.2,False,False
Tripura,North Tripura,Population and Household Profile,5,Population living in households with an improved drinking-water source1 (%),82.7,75.6,False,False
Tripura,North Tripura,Population and Household Profile,6,Households using iodized salt (%),98.4,99.2,False,False
Tripura,North Tripura,Population and Household Profile,7,Households with any usual member covered under a health insurance/financing scheme (%),46.8,31.4,False,False
Tripura,North Tripura,Population and Household Profile,8,Households with any usual member having a bank account/post office account (%),98.1,96.7,False,False
Tripura,North Tripura,Population and Household Profile,9,Female population age 6 years and above who ever attended school (%),83.7,86.4,False,False
Tripura,North Tripura,Population and Household Profile,10,Households with any usual female members owning a house and/or land (alone or jointly with others) (%),14.8,7.0,False,False
Tripura,North Tripura,Population and Household Profile,11,Children age 2-4 years who attended pre-school (%),60.9,59.7,False,False
Tripura,North Tripura,Characteristics of Adults (age 15-49 years),12,Women with 10 or more years of schooling (%),31.4,23.7,False,False
Tripura,North Tripura,Characteristics of Adults (age 15-49 years),13,Men with 10 or more years of schooling (%),32.5,23.2,False,False
Tripura,North Tripura,Characteristics of Adults (age 15-49 years),14,Women who have ever used the internet (%),42.2,24.9,False,False
Tripura,North Tripura,Characteristics of Adults (age 15-49 years),15,Men who have ever used the internet (%),74.6,50.5,False,False
Tripura,North Tripura,Marriage and Fertility,16,Women age 20-24 years married before age 18 years (%),32.3,34.2,False,False
Tripura,North Tripura,Marriage and Fertility,17,Men age 25-29 years married before age 21 years (%),*,*,True,False
Tripura,North Tripura,Marriage and Fertility,18,Three or more births in the 5 years preceding the survey (%),3.5,0.6,False,False
Tripura,North Tripura,Marriage and Fertility,19,Women age 15-19 years who were already mothers or pregnant at the time of the survey (%),19.8,11.9,False,False
Tripura,North Tripura,Marriage and Fertility,20,Any method2 (%),57.0,78.3,False,False
Tripura,North Tripura,Marriage and Fertility,21,Any modern method2 (%),36.3,54.4,False,False
Tripura,North Tripura,Marriage and Fertility,22,Any traditional method (%),20.7,23.9,False,False
Tripura,North Tripura,Marriage and Fertility,23,Female sterilization (%),9.5,10.9,False,False
Tripura,North Tripura,Marriage and Fertility,24,Male sterilization (%),0.0,0.1,False,False
Tripura,North Tripura,Marriage and Fertility,25,Total unmet need3 (%),15.8,6.1,False,False
Tripura,North Tripura,Marriage and Fertility,26,Unmet need for spacing3 (%),6.7,2.6,False,False
Tripura,North Tripura,Marriage and Fertility,27,Unmet need for limiting3 (%),9.1,3.5,False,False
Tripura,North Tripura,Antenatal Care (for last birth in the 5 years before the survey),28,Mothers who had an antenatal check-up in the first trimester (%),58.2,75.5,False,False
Tripura,North Tripura,Antenatal Care (for last birth in the 5 years before the survey),29,Mothers who had any antenatal care visits (%),81.1,89.1,False,False
Tripura,North Tripura,Antenatal Care (for last birth in the 5 years before the survey),30,Mothers who had at least 4 antenatal care visits (%),33.7,67.1,False,False
Tripura,North Tripura,Antenatal Care (for last birth in the 5 years before the survey),31,Mothers whose last birth was protected against neonatal tetanus4 (%),93.2,95.0,False,False
Tripura,North Tripura,Antenatal Care (for last birth in the 5 years before the survey),32,Mothers who consumed iron folic acid for 100 days or more when they were pregnant (%),40.8,17.3,False,False
Tripura,North Tripura,Antenatal Care (for last birth in the 5 years before the survey),33,Mothers who consumed iron folic acid for 180 days or more when they were pregnant (%),23.8,3.8,False,False
Tripura,North Tripura,Antenatal Care (for last birth in the 5 years before the survey),34,Registered pregnancies for which the mother received a Mother and Child Protection (MCP) card (%),93.6,93.8,False,False
Tripura,North Tripura,Delivery Care (for births in the 5 years before the survey),35,Institutional births (%),84.1,85.4,False,False
Tripura,North Tripura,Delivery Care (for births in the 5 years before the survey),36,Institutional births in public facility (%),58.4,65.2,False,False
Tripura,North Tripura,Delivery Care (for births in the 5 years before the survey),37,Births attended by skilled health personnel5 (%),86.2,86.7,False,False
Tripura,North Tripura,Delivery Care (for births in the 5 years before the survey),38,Births delivered by caesarean section (%),24.2,18.2,False,False
Tripura,North Tripura,Delivery Care (for births in the 5 years before the survey),39,Births in a private health facility that were delivered by caesarean section (%),51.9,42.8,False,False
Tripura,North Tripura,Delivery Care (for births in the 5 years before the survey),40,Births in a public health facility that were delivered by caesarean section (%),18.6,14.7,False,False
Tripura,North Tripura,Postnatal Care (for last birth in the 5 years before the survey),41,Mothers who received postnatal care from a doctor/nurse/LHV/ANM/midwife/other health personnel within 2,58.6,76.6,False,False
Tripura,North Tripura,Postnatal Care (for last birth in the 5 years before the survey),42,Children born at home who were taken to a health facility for a check-up within 24 hours of birth (%),2.7,0.0,True,False
Tripura,North Tripura,Postnatal Care (for last birth in the 5 years before the survey),43,Children who received postnatal care from a doctor/nurse/LHV/ANM/midwife/other health personnel within 2,62.4,77.4,False,False
Tripura,North Tripura,Child Vaccinations and Vitamin A Supplementation,44,Children age 12-23 months fully vaccinated based on information from either vaccination card or mother's,60.2,69.6,False,False
Tripura,North Tripura,Child Vaccinations and Vitamin A Supplementation,45,Children age 12-23 months fully vaccinated based on information from vaccination card only7 (%),88.2,67.9,True,False
Tripura,North Tripura,Child Vaccinations and Vitamin A Supplementation,46,Children age 12-23 months who have received any vaccine (%),84.1,96.8,False,False
Tripura,North Tripura,Child Vaccinations and Vitamin A Supplementation,47,Children age 12-23 months who have received BCG (%),80.8,93.1,False,False
Tripura,North Tripura,Child Vaccinations and Vitamin A Supplementation,48,Children age 12-23 months who have received 3 doses of polio vaccine8 (%),65.4,74.1,False,False
Tripura,North Tripura,Child Vaccinations and Vitamin A Supplementation,49,Children age 12-23 months who have received 3 doses of pentavalent vaccine (%),67.6,77.5,False,False
Tripura,North Tripura,Child Vaccinations and Vitamin A Supplementation,50,Children age 12-23 months who have received the first dose of measles-containing vaccine (MCV) (%),69.0,74.6,False,False
Tripura,North Tripura,Child Vaccinations and Vitamin A Supplementation,51,Children age 24-35 months who have received a second dose of measles-containing vaccine (MCV) (%),41.9,39.2,False,False
Tripura,North Tripura,Child Vaccinations and Vitamin A Supplementation,52,Children age 12-23 months who have received birth dose of hepatitis B vaccine (%),65.0,65.8,False,False
Tripura,North Tripura,Child Vaccinations and Vitamin A Supplementation,53,Children age 12-23 months who have received 3 doses of rotavirus vaccine (%),67.3,50.9,False,False
Tripura,North Tripura,Child Vaccinations and Vitamin A Supplementation,54,Children age 9-35 months who received a vitamin A dose in the last 6 months (%),74.2,61.6,False,False
Tripura,North Tripura,Child Vaccinations and Vitamin A Supplementation,55,Children age 12-23 months who received most of their vaccinations in a public health facility (%),100.0,97.6,False,False
Tripura,North Tripura,Child Vaccinations and Vitamin A Supplementation,56,Children age 12-23 months who received most of their vaccinations in a private health facility (%),0.0,0.0,False,False
Tripura,North Tripura,Treatment of Childhood Diseases (children under age 5 years),57,Prevalence of diarrhoea in the 2 weeks preceding the survey (%),5.9,5.7,False,False
Tripura,North Tripura,Treatment of Childhood Diseases (children under age 5 years),58,Prevalence of symptoms of acute respiratory infection (ARI) in the 2 weeks preceding the survey (%),2.7,0.7,False,False
Tripura,North Tripura,Treatment of Childhood Diseases (children under age 5 years),59,Children with fever or symptoms of ARI in the 2 weeks preceding the survey taken to a health facility or,55.6,69.4,True,False
Tripura,North Tripura,Child Feeding Practices and Nutritional Status of Children,60,Children under age 3 years breastfed within one hour of birth9 (%),72.4,61.1,False,False
Tripura,North Tripura,Child Feeding Practices and Nutritional Status of Children,61,Children under age 6 months exclusively breastfed10 (%),67.9,58.1,True,False
Tripura,North Tripura,Child Feeding Practices and Nutritional Status of Children,62,Children under age 6 months currently breastfeeding10 (%),89.9,100.0,True,False
Tripura,North Tripura,Child Feeding Practices and Nutritional Status of Children,63,Children under age 6 months exclusively breastfed or breastfeeding and consuming plain water/other,80.4,76.8,True,False
Tripura,North Tripura,Child Feeding Practices and Nutritional Status of Children,64,Children age 6-8 months receiving solid or semi-solid food and breastmilk10 (%),*,*,True,False
Tripura,North Tripura,Child Feeding Practices and Nutritional Status of Children,65,"Breastfeeding children age 6-23 months receiving an adequate diet10, 11 (%)",10.4,12.6,False,False
Tripura,North Tripura,Child Feeding Practices and Nutritional Status of Children,66,"Non-breastfeeding children age 6-23 months receiving an adequate diet10, 11 (%)",*,*,True,False
Tripura,North Tripura,Child Feeding Practices and Nutritional Status of Children,67,"Total children age 6-23 months receiving an adequate diet10, 11 (%)",11.5,11.8,False,False
Tripura,North Tripura,Child Feeding Practices and Nutritional Status of Children,68,Children under 5 years who are stunted (height-for-age)12 (%),23.4,26.2,False,False
Tripura,North Tripura,Child Feeding Practices and Nutritional Status of Children,69,Children under 5 years who are wasted (weight-for-height)12 (%),12.6,30.0,False,False
Tripura,North Tripura,Child Feeding Practices and Nutritional Status of Children,70,Children under 5 years who are severely wasted (weight-for-height)13 (%),2.6,18.1,False,False
Tripura,North Tripura,Child Feeding Practices and Nutritional Status of Children,71,Children under 5 years who are underweight (weight-for-age)12 (%),23.8,32.2,False,False
Tripura,North Tripura,Child Feeding Practices and Nutritional Status of Children,72,Children under 5 years who are overweight (weight-for-height)14 (%),3.6,9.0,False,False
Tripura,North Tripura,Nutritional Status of Adults (age 15-49 years),73,Women whose Body Mass Index (BMI) is below normal (BMI <18.5 kg/m2)15 (%),22.5,18.6,False,False
Tripura,North Tripura,Nutritional Status of Adults (age 15-49 years),74,Women who are overweight or obese (BMI ≥25.0 kg/m2)15 (%),22.8,16.8,False,False
Tripura,North Tripura,Women,75,Blood sugar level - high (141-160 mg/dl)16 (%),8.1,10.6,False,False
Tripura,North Tripura,Women,76,Blood sugar level - very high (>160 mg/dl)16 (%),9.4,7.3,False,False
Tripura,North Tripura,Women,77,Blood sugar level - high or very high (>140 mg/dl) or taking medicine to control blood sugar level16 (%),18.3,18.3,False,False
Tripura,North Tripura,Men,78,Blood sugar level - high (141-160 mg/dl)16 (%),11.0,12.8,False,False
Tripura,North Tripura,Men,79,Blood sugar level - very high (>160 mg/dl)16 (%),11.8,9.2,False,False
Tripura,North Tripura,Men,80,Blood sugar level - high or very high (>140 mg/dl) or taking medicine to control blood sugar level16 (%),23.7,22.9,False,False
Tripura,North Tripura,Women,81,Mildly elevated blood pressure (Systolic 140-159 mm of Hg and/or Diastolic 90-99 mm of Hg) (%),10.4,9.8,False,False
Tripura,North Tripura,Women,82,Moderately or severely elevated blood pressure (Systolic ≥160 mm of Hg and/or Diastolic ≥100 mm,5.2,4.5,False,False
Tripura,North Tripura,Women,83,Elevated blood pressure (Systolic ≥140 mm of Hg and/or Diastolic ≥90 mm of Hg) or taking medicine to,20.1,18.8,False,False
Tripura,North Tripura,Men,84,Mildly elevated blood pressure (Systolic 140-159 mm of Hg and/or Diastolic 90-99 mm of Hg) (%),16.3,10.3,False,False
Tripura,North Tripura,Men,85,Moderately or severely elevated blood pressure (Systolic ≥160 mm of Hg and/or Diastolic ≥100 mm,7.7,5.2,False,False
Tripura,North Tripura,Men,86,Elevated blood pressure (Systolic ≥140 mm of Hg and/or Diastolic ≥90 mm of Hg) or taking medicine to,28.5,19.3,False,False
Tripura,North Tripura,Men,87,Women having a bank or savings account that they themselves use (%),87.1,75.6,False,False
Tripura,North Tripura,Men,88,Women having a mobile phone that they themselves use (%),67.1,54.2,False,False
Tripura,North Tripura,Men,89,Women age 15-24 years who use hygienic methods of protection during their menstrual period17 (%),75.3,74.2,False,False
Tripura,North Tripura,Tobacco Use and Alcohol Consumption among Adults (age 15 years and above),90,Women age 15 years and above who use any kind of tobacco (%),46.9,52.5,False,False
Tripura,North Tripura,Tobacco Use and Alcohol Consumption among Adults (age 15 years and above),91,Men age 15 years and above who use any kind of tobacco (%),55.3,64.0,False,False
Tripura,North Tripura,Tobacco Use and Alcohol Consumption among Adults (age 15 years and above),92,Women age 15 years and above who consume alcohol (%),3.3,6.1,False,False
Tripura,North Tripura,Tobacco Use and Alcohol Consumption among Adults (age 15 years and above),93,Men age 15 years and above who consume alcohol (%),21.9,33.5,False,False
Tripura,Sepahijala,Population and Household Profile,1,Population below age 5 years (%),7.7,7.2,False,False
Tripura,Sepahijala,Population and Household Profile,2,Population below age 15 years (%),22.5,23.4,False,False
Tripura,Sepahijala,Population and Household Profile,3,Population age 60 years and above (%),14.0,11.5,False,False
Tripura,Sepahijala,Population and Household Profile,4,Population living in households with electricity (%),99.2,99.0,False,False
Tripura,Sepahijala,Population and Household Profile,5,Population living in households with an improved drinking-water source1 (%),98.8,97.4,False,False
Tripura,Sepahijala,Population and Household Profile,6,Households using iodized salt (%),97.9,99.7,False,False
Tripura,Sepahijala,Population and Household Profile,7,Households with any usual member covered under a health insurance/financing scheme (%),65.0,36.0,False,False
Tripura,Sepahijala,Population and Household Profile,8,Households with any usual member having a bank account/post office account (%),99.2,92.9,False,False
Tripura,Sepahijala,Population and Household Profile,9,Female population age 6 years and above who ever attended school (%),81.3,78.9,False,False
Tripura,Sepahijala,Population and Household Profile,10,Households with any usual female members owning a house and/or land (alone or jointly with others) (%),17.8,8.5,False,False
Tripura,Sepahijala,Population and Household Profile,11,Children age 2-4 years who attended pre-school (%),61.2,67.9,False,False
Tripura,Sepahijala,Characteristics of Adults (age 15-49 years),12,Women with 10 or more years of schooling (%),30.7,21.7,False,False
Tripura,Sepahijala,Characteristics of Adults (age 15-49 years),13,Men with 10 or more years of schooling (%),35.5,31.0,False,False
Tripura,Sepahijala,Characteristics of Adults (age 15-49 years),14,Women who have ever used the internet (%),55.5,21.9,False,False
Tripura,Sepahijala,Characteristics of Adults (age 15-49 years),15,Men who have ever used the internet (%),86.1,47.0,False,False
Tripura,Sepahijala,Marriage and Fertility,16,Women age 20-24 years married before age 18 years (%),36.2,51.9,False,False
Tripura,Sepahijala,Marriage and Fertility,17,Men age 25-29 years married before age 21 years (%),*,*,True,False
Tripura,Sepahijala,Marriage and Fertility,18,Three or more births in the 5 years preceding the survey (%),2.0,0.5,False,False
Tripura,Sepahijala,Marriage and Fertility,19,Women age 15-19 years who were already mothers or pregnant at the time of the survey (%),25.7,26.6,False,False
Tripura,Sepahijala,Marriage and Fertility,20,Any method2 (%),72.1,58.9,False,False
Tripura,Sepahijala,Marriage and Fertility,21,Any modern method2 (%),44.0,44.2,False,False
Tripura,Sepahijala,Marriage and Fertility,22,Any traditional method (%),28.1,14.7,False,False
Tripura,Sepahijala,Marriage and Fertility,23,Female sterilization (%),15.3,10.9,False,False
Tripura,Sepahijala,Marriage and Fertility,24,Male sterilization (%),0.0,0.0,False,False
Tripura,Sepahijala,Marriage and Fertility,25,Total unmet need3 (%),8.4,15.3,False,False
Tripura,Sepahijala,Marriage and Fertility,26,Unmet need for spacing3 (%),4.2,3.8,False,False
Tripura,Sepahijala,Marriage and Fertility,27,Unmet need for limiting3 (%),4.2,11.5,False,False
Tripura,Sepahijala,Antenatal Care (for last birth in the 5 years before the survey),28,Mothers who had an antenatal check-up in the first trimester (%),71.6,61.9,False,False
Tripura,Sepahijala,Antenatal Care (for last birth in the 5 years before the survey),29,Mothers who had any antenatal care visits (%),97.9,71.7,False,False
Tripura,Sepahijala,Antenatal Care (for last birth in the 5 years before the survey),30,Mothers who had at least 4 antenatal care visits (%),63.4,52.8,False,False
Tripura,Sepahijala,Antenatal Care (for last birth in the 5 years before the survey),31,Mothers whose last birth was protected against neonatal tetanus4 (%),94.9,90.2,False,False
Tripura,Sepahijala,Antenatal Care (for last birth in the 5 years before the survey),32,Mothers who consumed iron folic acid for 100 days or more when they were pregnant (%),41.2,18.8,False,False
Tripura,Sepahijala,Antenatal Care (for last birth in the 5 years before the survey),33,Mothers who consumed iron folic acid for 180 days or more when they were pregnant (%),19.8,6.8,False,False
Tripura,Sepahijala,Antenatal Care (for last birth in the 5 years before the survey),34,Registered pregnancies for which the mother received a Mother and Child Protection (MCP) card (%),99.3,93.0,False,False
Tripura,Sepahijala,Delivery Care (for births in the 5 years before the survey),35,Institutional births (%),94.7,87.7,False,False
Tripura,Sepahijala,Delivery Care (for births in the 5 years before the survey),36,Institutional births in public facility (%),80.0,81.7,False,False
Tripura,Sepahijala,Delivery Care (for births in the 5 years before the survey),37,Births attended by skilled health personnel5 (%),96.4,87.2,False,False
Tripura,Sepahijala,Delivery Care (for births in the 5 years before the survey),38,Births delivered by caesarean section (%),35.6,21.8,False,False
Tripura,Sepahijala,Delivery Care (for births in the 5 years before the survey),39,Births in a private health facility that were delivered by caesarean section (%),95.0,*,True,False
Tripura,Sepahijala,Delivery Care (for births in the 5 years before the survey),40,Births in a public health facility that were delivered by caesarean section (%),27.1,21.3,False,False
Tripura,Sepahijala,Postnatal Care (for last birth in the 5 years before the survey),41,Mothers who received postnatal care from a doctor/nurse/LHV/ANM/midwife/other health personnel within 2,64.2,72.1,False,False
Tripura,Sepahijala,Postnatal Care (for last birth in the 5 years before the survey),42,Children born at home who were taken to a health facility for a check-up within 24 hours of birth (%),*,*,True,False
Tripura,Sepahijala,Postnatal Care (for last birth in the 5 years before the survey),43,Children who received postnatal care from a doctor/nurse/LHV/ANM/midwife/other health personnel within 2,81.3,70.1,False,False
Tripura,Sepahijala,Child Vaccinations and Vitamin A Supplementation,44,Children age 12-23 months fully vaccinated based on information from either vaccination card or mother's,94.8,70.3,True,False
Tripura,Sepahijala,Child Vaccinations and Vitamin A Supplementation,45,Children age 12-23 months fully vaccinated based on information from vaccination card only7 (%),99.1,78.6,True,False
Tripura,Sepahijala,Child Vaccinations and Vitamin A Supplementation,46,Children age 12-23 months who have received any vaccine (%),95.7,100.0,True,False
Tripura,Sepahijala,Child Vaccinations and Vitamin A Supplementation,47,Children age 12-23 months who have received BCG (%),94.8,97.6,True,False
Tripura,Sepahijala,Child Vaccinations and Vitamin A Supplementation,48,Children age 12-23 months who have received 3 doses of polio vaccine8 (%),95.7,78.1,True,False
Tripura,Sepahijala,Child Vaccinations and Vitamin A Supplementation,49,Children age 12-23 months who have received 3 doses of pentavalent vaccine (%),95.7,89.6,True,False
Tripura,Sepahijala,Child Vaccinations and Vitamin A Supplementation,50,Children age 12-23 months who have received the first dose of measles-containing vaccine (MCV) (%),95.7,84.7,True,False
Tripura,Sepahijala,Child Vaccinations and Vitamin A Supplementation,51,Children age 24-35 months who have received a second dose of measles-containing vaccine (MCV) (%),69.1,43.5,True,False
Tripura,Sepahijala,Child Vaccinations and Vitamin A Supplementation,52,Children age 12-23 months who have received birth dose of hepatitis B vaccine (%),90.6,68.2,True,False
Tripura,Sepahijala,Child Vaccinations and Vitamin A Supplementation,53,Children age 12-23 months who have received 3 doses of rotavirus vaccine (%),93.8,60.8,True,False
Tripura,Sepahijala,Child Vaccinations and Vitamin A Supplementation,54,Children age 9-35 months who received a vitamin A dose in the last 6 months (%),80.1,80.8,False,False
Tripura,Sepahijala,Child Vaccinations and Vitamin A Supplementation,55,Children age 12-23 months who received most of their vaccinations in a public health facility (%),100.0,97.4,True,False
Tripura,Sepahijala,Child Vaccinations and Vitamin A Supplementation,56,Children age 12-23 months who received most of their vaccinations in a private health facility (%),0.0,0.0,True,False
Tripura,Sepahijala,Treatment of Childhood Diseases (children under age 5 years),57,Prevalence of diarrhoea in the 2 weeks preceding the survey (%),3.6,9.9,False,False
Tripura,Sepahijala,Treatment of Childhood Diseases (children under age 5 years),58,Prevalence of symptoms of acute respiratory infection (ARI) in the 2 weeks preceding the survey (%),1.4,0.4,False,False
Tripura,Sepahijala,Treatment of Childhood Diseases (children under age 5 years),59,Children with fever or symptoms of ARI in the 2 weeks preceding the survey taken to a health facility or,78.6,61.6,False,False
Tripura,Sepahijala,Child Feeding Practices and Nutritional Status of Children,60,Children under age 3 years breastfed within one hour of birth9 (%),57.8,46.4,False,False
Tripura,Sepahijala,Child Feeding Practices and Nutritional Status of Children,61,Children under age 6 months exclusively breastfed10 (%),70.8,*,True,False
Tripura,Sepahijala,Child Feeding Practices and Nutritional Status of Children,62,Children under age 6 months currently breastfeeding10 (%),93.2,*,True,False
Tripura,Sepahijala,Child Feeding Practices and Nutritional Status of Children,63,Children under age 6 months exclusively breastfed or breastfeeding and consuming plain water/other,84.7,*,True,False
Tripura,Sepahijala,Child Feeding Practices and Nutritional Status of Children,64,Children age 6-8 months receiving solid or semi-solid food and breastmilk10 (%),*,*,True,False
Tripura,Sepahijala,Child Feeding Practices and Nutritional Status of Children,65,"Breastfeeding children age 6-23 months receiving an adequate diet10, 11 (%)",12.6,11.9,False,False
Tripura,Sepahijala,Child Feeding Practices and Nutritional Status of Children,66,"Non-breastfeeding children age 6-23 months receiving an adequate diet10, 11 (%)",*,*,True,False
Tripura,Sepahijala,Child Feeding Practices and Nutritional Status of Children,67,"Total children age 6-23 months receiving an adequate diet10, 11 (%)",13.0,12.8,False,False
Tripura,Sepahijala,Child Feeding Practices and Nutritional Status of Children,68,Children under 5 years who are stunted (height-for-age)12 (%),27.9,34.5,False,False
Tripura,Sepahijala,Child Feeding Practices and Nutritional Status of Children,69,Children under 5 years who are wasted (weight-for-height)12 (%),19.3,14.9,False,False
Tripura,Sepahijala,Child Feeding Practices and Nutritional Status of Children,70,Children under 5 years who are severely wasted (weight-for-height)13 (%),7.5,6.7,False,False
Tripura,Sepahijala,Child Feeding Practices and Nutritional Status of Children,71,Children under 5 years who are underweight (weight-for-age)12 (%),26.5,21.0,False,False
Tripura,Sepahijala,Child Feeding Practices and Nutritional Status of Children,72,Children under 5 years who are overweight (weight-for-height)14 (%),5.0,12.4,False,False
Tripura,Sepahijala,Nutritional Status of Adults (age 15-49 years),73,Women whose Body Mass Index (BMI) is below normal (BMI <18.5 kg/m2)15 (%),17.1,13.9,False,False
Tripura,Sepahijala,Nutritional Status of Adults (age 15-49 years),74,Women who are overweight or obese (BMI ≥25.0 kg/m2)15 (%),28.2,24.2,False,False
Tripura,Sepahijala,Women,75,Blood sugar level - high (141-160 mg/dl)16 (%),6.8,8.7,False,False
Tripura,Sepahijala,Women,76,Blood sugar level - very high (>160 mg/dl)16 (%),10.4,8.6,False,False
Tripura,Sepahijala,Women,77,Blood sugar level - high or very high (>140 mg/dl) or taking medicine to control blood sugar level16 (%),18.1,18.2,False,False
Tripura,Sepahijala,Men,78,Blood sugar level - high (141-160 mg/dl)16 (%),11.4,10.0,False,False
Tripura,Sepahijala,Men,79,Blood sugar level - very high (>160 mg/dl)16 (%),11.7,11.3,False,False
Tripura,Sepahijala,Men,80,Blood sugar level - high or very high (>140 mg/dl) or taking medicine to control blood sugar level16 (%),24.0,22.2,False,False
Tripura,Sepahijala,Women,81,Mildly elevated blood pressure (Systolic 140-159 mm of Hg and/or Diastolic 90-99 mm of Hg) (%),9.1,9.9,False,False
Tripura,Sepahijala,Women,82,Moderately or severely elevated blood pressure (Systolic ≥160 mm of Hg and/or Diastolic ≥100 mm,3.9,4.3,False,False
Tripura,Sepahijala,Women,83,Elevated blood pressure (Systolic ≥140 mm of Hg and/or Diastolic ≥90 mm of Hg) or taking medicine to,20.2,19.3,False,False
Tripura,Sepahijala,Men,84,Mildly elevated blood pressure (Systolic 140-159 mm of Hg and/or Diastolic 90-99 mm of Hg) (%),13.0,11.3,False,False
Tripura,Sepahijala,Men,85,Moderately or severely elevated blood pressure (Systolic ≥160 mm of Hg and/or Diastolic ≥100 mm,3.7,3.3,False,False
Tripura,Sepahijala,Men,86,Elevated blood pressure (Systolic ≥140 mm of Hg and/or Diastolic ≥90 mm of Hg) or taking medicine to,22.8,19.9,False,False
Tripura,Sepahijala,Men,87,Women having a bank or savings account that they themselves use (%),90.2,74.1,False,False
Tripura,Sepahijala,Men,88,Women having a mobile phone that they themselves use (%),65.8,49.4,False,False
Tripura,Sepahijala,Men,89,Women age 15-24 years who use hygienic methods of protection during their menstrual period17 (%),85.6,68.3,False,False
Tripura,Sepahijala,Tobacco Use and Alcohol Consumption among Adults (age 15 years and above),90,Women age 15 years and above who use any kind of tobacco (%),50.3,47.6,False,False
Tripura,Sepahijala,Tobacco Use and Alcohol Consumption among Adults (age 15 years and above),91,Men age 15 years and above who use any kind of tobacco (%),49.0,50.4,False,False
Tripura,Sepahijala,Tobacco Use and Alcohol Consumption among Adults (age 15 years and above),92,Women age 15 years and above who consume alcohol (%),6.6,8.1,False,False
Tripura,Sepahijala,Tobacco Use and Alcohol Consumption among Adults (age 15 years and above),93,Men age 15 years and above who consume alcohol (%),26.8,29.5,False,False
Tripura,South Tripura,Population and Household Profile,1,Population below age 5 years (%),6.7,7.9,False,False
Tripura,South Tripura,Population and Household Profile,2,Population below age 15 years (%),19.7,24.5,False,False
Tripura,South Tripura,Population and Household Profile,3,Population age 60 years and above (%),14.6,10.3,False,False
Tripura,South Tripura,Population and Household Profile,4,Population living in households with electricity (%),99.0,95.9,False,False
Tripura,South Tripura,Population and Household Profile,5,Population living in households with an improved drinking-water source1 (%),96.7,90.5,False,False
Tripura,South Tripura,Population and Household Profile,6,Households using iodized salt (%),98.4,99.3,False,False
Tripura,South Tripura,Population and Household Profile,7,Households with any usual member covered under a health insurance/financing scheme (%),66.4,42.0,False,False
Tripura,South Tripura,Population and Household Profile,8,Households with any usual member having a bank account/post office account (%),99.5,97.0,False,False
Tripura,South Tripura,Population and Household Profile,9,Female population age 6 years and above who ever attended school (%),81.4,80.4,False,False
Tripura,South Tripura,Population and Household Profile,10,Households with any usual female members owning a house and/or land (alone or jointly with others) (%),19.5,7.6,False,False
Tripura,South Tripura,Population and Household Profile,11,Children age 2-4 years who attended pre-school (%),80.8,49.2,False,False
Tripura,South Tripura,Characteristics of Adults (age 15-49 years),12,Women with 10 or more years of schooling (%),31.4,21.6,False,False
Tripura,South Tripura,Characteristics of Adults (age 15-49 years),13,Men with 10 or more years of schooling (%),45.7,30.4,False,False
Tripura,South Tripura,Characteristics of Adults (age 15-49 years),14,Women who have ever used the internet (%),31.7,19.1,False,False
Tripura,South Tripura,Characteristics of Adults (age 15-49 years),15,Men who have ever used the internet (%),56.7,37.0,False,False
Tripura,South Tripura,Marriage and Fertility,16,Women age 20-24 years married before age 18 years (%),48.3,46.2,False,False
Tripura,South Tripura,Marriage and Fertility,17,Men age 25-29 years married before age 21 years (%),*,*,True,False
Tripura,South Tripura,Marriage and Fertility,18,Three or more births in the 5 years preceding the survey (%),0.0,0.9,False,False
Tripura,South Tripura,Marriage and Fertility,19,Women age 15-19 years who were already mothers or pregnant at the time of the survey (%),23.1,23.1,False,False
Tripura,South Tripura,Marriage and Fertility,20,Any method2 (%),81.0,50.7,False,False
Tripura,South Tripura,Marriage and Fertility,21,Any modern method2 (%),45.6,40.3,False,False
Tripura,South Tripura,Marriage and Fertility,22,Any traditional method (%),35.4,10.4,False,False
Tripura,South Tripura,Marriage and Fertility,23,Female sterilization (%),10.2,4.6,False,False
Tripura,South Tripura,Marriage and Fertility,24,Male sterilization (%),0.5,0.0,False,False
Tripura,South Tripura,Marriage and Fertility,25,Total unmet need3 (%),4.5,17.3,False,False
Tripura,South Tripura,Marriage and Fertility,26,Unmet need for spacing3 (%),2.7,3.8,False,False
Tripura,South Tripura,Marriage and Fertility,27,Unmet need for limiting3 (%),1.8,13.5,False,False
Tripura,South Tripura,Antenatal Care (for last birth in the 5 years before the survey),28,Mothers who had an antenatal check-up in the first trimester (%),67.5,54.2,False,False
Tripura,South Tripura,Antenatal Care (for last birth in the 5 years before the survey),29,Mothers who had any antenatal care visits (%),91.2,80.7,False,False
Tripura,South Tripura,Antenatal Care (for last birth in the 5 years before the survey),30,Mothers who had at least 4 antenatal care visits (%),43.1,58.4,False,False
Tripura,South Tripura,Antenatal Care (for last birth in the 5 years before the survey),31,Mothers whose last birth was protected against neonatal tetanus4 (%),99.1,89.4,False,False
Tripura,South Tripura,Antenatal Care (for last birth in the 5 years before the survey),32,Mothers who consumed iron folic acid for 100 days or more when they were pregnant (%),53.8,29.5,False,False
Tripura,South Tripura,Antenatal Care (for last birth in the 5 years before the survey),33,Mothers who consumed iron folic acid for 180 days or more when they were pregnant (%),30.4,13.3,False,False
Tripura,South Tripura,Antenatal Care (for last birth in the 5 years before the survey),34,Registered pregnancies for which the mother received a Mother and Child Protection (MCP) card (%),98.6,84.6,False,False
Tripura,South Tripura,Delivery Care (for births in the 5 years before the survey),35,Institutional births (%),96.3,89.7,False,False
Tripura,South Tripura,Delivery Care (for births in the 5 years before the survey),36,Institutional births in public facility (%),83.0,80.9,False,False
Tripura,South Tripura,Delivery Care (for births in the 5 years before the survey),37,Births attended by skilled health personnel5 (%),97.7,88.6,False,False
Tripura,South Tripura,Delivery Care (for births in the 5 years before the survey),38,Births delivered by caesarean section (%),35.8,20.4,False,False
Tripura,South Tripura,Delivery Care (for births in the 5 years before the survey),39,Births in a private health facility that were delivered by caesarean section (%),100.0,*,True,False
Tripura,South Tripura,Delivery Care (for births in the 5 years before the survey),40,Births in a public health facility that were delivered by caesarean section (%),27.2,16.1,False,False
Tripura,South Tripura,Postnatal Care (for last birth in the 5 years before the survey),41,Mothers who received postnatal care from a doctor/nurse/LHV/ANM/midwife/other health personnel within 2,89.6,68.0,False,False
Tripura,South Tripura,Postnatal Care (for last birth in the 5 years before the survey),42,Children born at home who were taken to a health facility for a check-up within 24 hours of birth (%),*,*,True,False
Tripura,South Tripura,Postnatal Care (for last birth in the 5 years before the survey),43,Children who received postnatal care from a doctor/nurse/LHV/ANM/midwife/other health personnel within 2,90.0,67.7,False,False
Tripura,South Tripura,Child Vaccinations and Vitamin A Supplementation,44,Children age 12-23 months fully vaccinated based on information from either vaccination card or mother's,80.5,48.5,True,False
Tripura,South Tripura,Child Vaccinations and Vitamin A Supplementation,45,Children age 12-23 months fully vaccinated based on information from vaccination card only7 (%),93.0,65.6,True,False
Tripura,South Tripura,Child Vaccinations and Vitamin A Supplementation,46,Children age 12-23 months who have received any vaccine (%),92.3,97.1,True,False
Tripura,South Tripura,Child Vaccinations and Vitamin A Supplementation,47,Children age 12-23 months who have received BCG (%),90.6,89.0,True,False
Tripura,South Tripura,Child Vaccinations and Vitamin A Supplementation,48,Children age 12-23 months who have received 3 doses of polio vaccine8 (%),85.2,57.3,True,False
Tripura,South Tripura,Child Vaccinations and Vitamin A Supplementation,49,Children age 12-23 months who have received 3 doses of pentavalent vaccine (%),85.4,81.1,True,False
Tripura,South Tripura,Child Vaccinations and Vitamin A Supplementation,50,Children age 12-23 months who have received the first dose of measles-containing vaccine (MCV) (%),88.2,83.7,True,False
Tripura,South Tripura,Child Vaccinations and Vitamin A Supplementation,51,Children age 24-35 months who have received a second dose of measles-containing vaccine (MCV) (%),75.9,47.8,True,False
Tripura,South Tripura,Child Vaccinations and Vitamin A Supplementation,52,Children age 12-23 months who have received birth dose of hepatitis B vaccine (%),76.8,50.3,True,False
Tripura,South Tripura,Child Vaccinations and Vitamin A Supplementation,53,Children age 12-23 months who have received 3 doses of rotavirus vaccine (%),85.4,55.6,True,False
Tripura,South Tripura,Child Vaccinations and Vitamin A Supplementation,54,Children age 9-35 months who received a vitamin A dose in the last 6 months (%),80.0,75.2,False,False
Tripura,South Tripura,Child Vaccinations and Vitamin A Supplementation,55,Children age 12-23 months who received most of their vaccinations in a public health facility (%),100.0,100.0,True,False
Tripura,South Tripura,Child Vaccinations and Vitamin A Supplementation,56,Children age 12-23 months who received most of their vaccinations in a private health facility (%),0.0,0.0,True,False
Tripura,South Tripura,Treatment of Childhood Diseases (children under age 5 years),57,Prevalence of diarrhoea in the 2 weeks preceding the survey (%),3.0,11.3,False,False
Tripura,South Tripura,Treatment of Childhood Diseases (children under age 5 years),58,Prevalence of symptoms of acute respiratory infection (ARI) in the 2 weeks preceding the survey (%),0.6,3.2,False,False
Tripura,South Tripura,Treatment of Childhood Diseases (children under age 5 years),59,Children with fever or symptoms of ARI in the 2 weeks preceding the survey taken to a health facility or,63.9,63.6,True,False
Tripura,South Tripura,Child Feeding Practices and Nutritional Status of Children,60,Children under age 3 years breastfed within one hour of birth9 (%),82.3,15.8,False,False
Tripura,South Tripura,Child Feeding Practices and Nutritional Status of Children,61,Children under age 6 months exclusively breastfed10 (%),*,*,True,False
Tripura,South Tripura,Child Feeding Practices and Nutritional Status of Children,62,Children under age 6 months currently breastfeeding10 (%),*,*,True,False
Tripura,South Tripura,Child Feeding Practices and Nutritional Status of Children,63,Children under age 6 months exclusively breastfed or breastfeeding and consuming plain water/other,*,*,True,False
Tripura,South Tripura,Child Feeding Practices and Nutritional Status of Children,64,Children age 6-8 months receiving solid or semi-solid food and breastmilk10 (%),*,*,True,False
Tripura,South Tripura,Child Feeding Practices and Nutritional Status of Children,65,"Breastfeeding children age 6-23 months receiving an adequate diet10, 11 (%)",11.8,10.5,False,False
Tripura,South Tripura,Child Feeding Practices and Nutritional Status of Children,66,"Non-breastfeeding children age 6-23 months receiving an adequate diet10, 11 (%)",*,*,True,False
Tripura,South Tripura,Child Feeding Practices and Nutritional Status of Children,67,"Total children age 6-23 months receiving an adequate diet10, 11 (%)",11.8,9.9,False,False
Tripura,South Tripura,Child Feeding Practices and Nutritional Status of Children,68,Children under 5 years who are stunted (height-for-age)12 (%),17.9,25.5,False,False
Tripura,South Tripura,Child Feeding Practices and Nutritional Status of Children,69,Children under 5 years who are wasted (weight-for-height)12 (%),22.1,15.3,False,False
Tripura,South Tripura,Child Feeding Practices and Nutritional Status of Children,70,Children under 5 years who are severely wasted (weight-for-height)13 (%),3.5,5.2,False,False
Tripura,South Tripura,Child Feeding Practices and Nutritional Status of Children,71,Children under 5 years who are underweight (weight-for-age)12 (%),26.2,21.6,False,False
Tripura,South Tripura,Child Feeding Practices and Nutritional Status of Children,72,Children under 5 years who are overweight (weight-for-height)14 (%),1.5,5.0,False,False
Tripura,South Tripura,Nutritional Status of Adults (age 15-49 years),73,Women whose Body Mass Index (BMI) is below normal (BMI <18.5 kg/m2)15 (%),20.4,16.8,False,False
Tripura,South Tripura,Nutritional Status of Adults (age 15-49 years),74,Women who are overweight or obese (BMI ≥25.0 kg/m2)15 (%),21.4,22.8,False,False
Tripura,South Tripura,Women,75,Blood sugar level - high (141-160 mg/dl)16 (%),10.3,8.3,False,False
Tripura,South Tripura,Women,76,Blood sugar level - very high (>160 mg/dl)16 (%),9.4,8.1,False,False
Tripura,South Tripura,Women,77,Blood sugar level - high or very high (>140 mg/dl) or taking medicine to control blood sugar level16 (%),20.1,18.2,False,False
Tripura,South Tripura,Men,78,Blood sugar level - high (141-160 mg/dl)16 (%),11.3,9.7,False,False
Tripura,South Tripura,Men,79,Blood sugar level - very high (>160 mg/dl)16 (%),11.9,8.9,False,False
Tripura,South Tripura,Men,80,Blood sugar level - high or very high (>140 mg/dl) or taking medicine to control blood sugar level16 (%),24.2,20.4,False,False
Tripura,South Tripura,Women,81,Mildly elevated blood pressure (Systolic 140-159 mm of Hg and/or Diastolic 90-99 mm of Hg) (%),9.2,11.4,False,False
Tripura,South Tripura,Women,82,Moderately or severely elevated blood pressure (Systolic ≥160 mm of Hg and/or Diastolic ≥100 mm,4.4,4.9,False,False
Tripura,South Tripura,Women,83,Elevated blood pressure (Systolic ≥140 mm of Hg and/or Diastolic ≥90 mm of Hg) or taking medicine to,19.5,22.4,False,False
Tripura,South Tripura,Men,84,Mildly elevated blood pressure (Systolic 140-159 mm of Hg and/or Diastolic 90-99 mm of Hg) (%),13.3,14.5,False,False
Tripura,South Tripura,Men,85,Moderately or severely elevated blood pressure (Systolic ≥160 mm of Hg and/or Diastolic ≥100 mm,5.1,4.6,False,False
Tripura,South Tripura,Men,86,Elevated blood pressure (Systolic ≥140 mm of Hg and/or Diastolic ≥90 mm of Hg) or taking medicine to,24.3,24.2,False,False
Tripura,South Tripura,Men,87,Women having a bank or savings account that they themselves use (%),94.5,75.2,False,False
Tripura,South Tripura,Men,88,Women having a mobile phone that they themselves use (%),56.7,46.9,False,False
Tripura,South Tripura,Men,89,Women age 15-24 years who use hygienic methods of protection during their menstrual period17 (%),85.2,50.0,False,False
Tripura,South Tripura,Tobacco Use and Alcohol Consumption among Adults (age 15 years and above),90,Women age 15 years and above who use any kind of tobacco (%),51.3,51.0,False,False
Tripura,South Tripura,Tobacco Use and Alcohol Consumption among Adults (age 15 years and above),91,Men age 15 years and above who use any kind of tobacco (%),53.3,54.3,False,False
Tripura,South Tripura,Tobacco Use and Alcohol Consumption among Adults (age 15 years and above),92,Women age 15 years and above who consume alcohol (%),2.8,5.6,False,False
Tripura,South Tripura,Tobacco Use and Alcohol Consumption among Adults (age 15 years and above),93,Men age 15 years and above who consume alcohol (%),30.7,30.5,False,False
Tripura,Unakoti,Population and Household Profile,1,Population below age 5 years (%),8.1,8.3,False,False
Tripura,Unakoti,Population and Household Profile,2,Population below age 15 years (%),25.5,27.4,False,False
Tripura,Unakoti,Population and Household Profile,3,Population age 60 years and above (%),12.6,10.6,False,False
Tripura,Unakoti,Population and Household Profile,4,Population living in households with electricity (%),97.6,96.4,False,False
Tripura,Unakoti,Population and Household Profile,5,Population living in households with an improved drinking-water source1 (%),87.6,78.6,False,False
Tripura,Unakoti,Population and Household Profile,6,Households using iodized salt (%),99.1,99.3,False,False
Tripura,Unakoti,Population and Household Profile,7,Households with any usual member covered under a health insurance/financing scheme (%),47.9,30.8,False,False
Tripura,Unakoti,Population and Household Profile,8,Households with any usual member having a bank account/post office account (%),98.9,95.1,False,False
Tripura,Unakoti,Population and Household Profile,9,Female population age 6 years and above who ever attended school (%),84.9,81.6,False,False
Tripura,Unakoti,Population and Household Profile,10,Households with any usual female members owning a house and/or land (alone or jointly with others) (%),21.4,9.9,False,False
Tripura,Unakoti,Population and Household Profile,11,Children age 2-4 years who attended pre-school (%),49.2,37.6,False,False
Tripura,Unakoti,Characteristics of Adults (age 15-49 years),12,Women with 10 or more years of schooling (%),30.4,18.7,False,False
Tripura,Unakoti,Characteristics of Adults (age 15-49 years),13,Men with 10 or more years of schooling (%),27.6,17.4,False,False
Tripura,Unakoti,Characteristics of Adults (age 15-49 years),14,Women who have ever used the internet (%),36.8,14.7,False,False
Tripura,Unakoti,Characteristics of Adults (age 15-49 years),15,Men who have ever used the internet (%),55.0,31.3,False,False
Tripura,Unakoti,Marriage and Fertility,16,Women age 20-24 years married before age 18 years (%),31.3,38.0,False,False
Tripura,Unakoti,Marriage and Fertility,17,Men age 25-29 years married before age 21 years (%),*,*,True,False
Tripura,Unakoti,Marriage and Fertility,18,Three or more births in the 5 years preceding the survey (%),2.1,0.4,False,False
Tripura,Unakoti,Marriage and Fertility,19,Women age 15-19 years who were already mothers or pregnant at the time of the survey (%),19.3,21.2,False,False
Tripura,Unakoti,Marriage and Fertility,20,Any method2 (%),65.0,66.8,False,False
Tripura,Unakoti,Marriage and Fertility,21,Any modern method2 (%),40.0,40.2,False,False
Tripura,Unakoti,Marriage and Fertility,22,Any traditional method (%),25.0,26.6,False,False
Tripura,Unakoti,Marriage and Fertility,23,Female sterilization (%),6.5,6.2,False,False
Tripura,Unakoti,Marriage and Fertility,24,Male sterilization (%),0.0,0.1,False,False
Tripura,Unakoti,Marriage and Fertility,25,Total unmet need3 (%),11.0,9.7,False,False
Tripura,Unakoti,Marriage and Fertility,26,Unmet need for spacing3 (%),3.0,3.6,False,False
Tripura,Unakoti,Marriage and Fertility,27,Unmet need for limiting3 (%),8.0,6.1,False,False
Tripura,Unakoti,Antenatal Care (for last birth in the 5 years before the survey),28,Mothers who had an antenatal check-up in the first trimester (%),65.7,41.0,False,False
Tripura,Unakoti,Antenatal Care (for last birth in the 5 years before the survey),29,Mothers who had any antenatal care visits (%),88.7,59.3,False,False
Tripura,Unakoti,Antenatal Care (for last birth in the 5 years before the survey),30,Mothers who had at least 4 antenatal care visits (%),47.0,24.6,False,False
Tripura,Unakoti,Antenatal Care (for last birth in the 5 years before the survey),31,Mothers whose last birth was protected against neonatal tetanus4 (%),91.4,95.6,False,False
Tripura,Unakoti,Antenatal Care (for last birth in the 5 years before the survey),32,Mothers who consumed iron folic acid for 100 days or more when they were pregnant (%),34.3,31.6,False,False
Tripura,Unakoti,Antenatal Care (for last birth in the 5 years before the survey),33,Mothers who consumed iron folic acid for 180 days or more when they were pregnant (%),17.4,14.3,False,False
Tripura,Unakoti,Antenatal Care (for last birth in the 5 years before the survey),34,Registered pregnancies for which the mother received a Mother and Child Protection (MCP) card (%),91.9,89.4,False,False
Tripura,Unakoti,Delivery Care (for births in the 5 years before the survey),35,Institutional births (%),82.9,71.5,False,False
Tripura,Unakoti,Delivery Care (for births in the 5 years before the survey),36,Institutional births in public facility (%),68.3,55.4,False,False
Tripura,Unakoti,Delivery Care (for births in the 5 years before the survey),37,Births attended by skilled health personnel5 (%),84.8,66.0,False,False
Tripura,Unakoti,Delivery Care (for births in the 5 years before the survey),38,Births delivered by caesarean section (%),16.6,11.2,False,False
Tripura,Unakoti,Delivery Care (for births in the 5 years before the survey),39,Births in a private health facility that were delivered by caesarean section (%),47.6,42.9,True,False
Tripura,Unakoti,Delivery Care (for births in the 5 years before the survey),40,Births in a public health facility that were delivered by caesarean section (%),14.2,7.7,False,False
Tripura,Unakoti,Postnatal Care (for last birth in the 5 years before the survey),41,Mothers who received postnatal care from a doctor/nurse/LHV/ANM/midwife/other health personnel within 2,75.9,44.5,False,False
Tripura,Unakoti,Postnatal Care (for last birth in the 5 years before the survey),42,Children born at home who were taken to a health facility for a check-up within 24 hours of birth (%),0.0,2.6,True,False
Tripura,Unakoti,Postnatal Care (for last birth in the 5 years before the survey),43,Children who received postnatal care from a doctor/nurse/LHV/ANM/midwife/other health personnel within 2,72.7,46.7,False,False
Tripura,Unakoti,Child Vaccinations and Vitamin A Supplementation,44,Children age 12-23 months fully vaccinated based on information from either vaccination card or mother's,66.6,58.3,False,False
Tripura,Unakoti,Child Vaccinations and Vitamin A Supplementation,45,Children age 12-23 months fully vaccinated based on information from vaccination card only7 (%),80.1,66.7,True,False
Tripura,Unakoti,Child Vaccinations and Vitamin A Supplementation,46,Children age 12-23 months who have received any vaccine (%),88.9,95.7,False,False
Tripura,Unakoti,Child Vaccinations and Vitamin A Supplementation,47,Children age 12-23 months who have received BCG (%),85.0,85.1,False,False
Tripura,Unakoti,Child Vaccinations and Vitamin A Supplementation,48,Children age 12-23 months who have received 3 doses of polio vaccine8 (%),73.2,63.0,False,False
Tripura,Unakoti,Child Vaccinations and Vitamin A Supplementation,49,Children age 12-23 months who have received 3 doses of pentavalent vaccine (%),72.2,78.0,False,False
Tripura,Unakoti,Child Vaccinations and Vitamin A Supplementation,50,Children age 12-23 months who have received the first dose of measles-containing vaccine (MCV) (%),77.5,83.6,False,False
Tripura,Unakoti,Child Vaccinations and Vitamin A Supplementation,51,Children age 24-35 months who have received a second dose of measles-containing vaccine (MCV) (%),47.9,56.6,True,False
Tripura,Unakoti,Child Vaccinations and Vitamin A Supplementation,52,Children age 12-23 months who have received birth dose of hepatitis B vaccine (%),69.0,30.1,False,False
Tripura,Unakoti,Child Vaccinations and Vitamin A Supplementation,53,Children age 12-23 months who have received 3 doses of rotavirus vaccine (%),72.2,57.3,False,False
Tripura,Unakoti,Child Vaccinations and Vitamin A Supplementation,54,Children age 9-35 months who received a vitamin A dose in the last 6 months (%),74.1,73.7,False,False
Tripura,Unakoti,Child Vaccinations and Vitamin A Supplementation,55,Children age 12-23 months who received most of their vaccinations in a public health facility (%),98.7,96.7,True,False
Tripura,Unakoti,Child Vaccinations and Vitamin A Supplementation,56,Children age 12-23 months who received most of their vaccinations in a private health facility (%),0.0,1.5,True,False
Tripura,Unakoti,Treatment of Childhood Diseases (children under age 5 years),57,Prevalence of diarrhoea in the 2 weeks preceding the survey (%),6.1,6.2,False,False
Tripura,Unakoti,Treatment of Childhood Diseases (children under age 5 years),58,Prevalence of symptoms of acute respiratory infection (ARI) in the 2 weeks preceding the survey (%),3.0,1.6,False,False
Tripura,Unakoti,Treatment of Childhood Diseases (children under age 5 years),59,Children with fever or symptoms of ARI in the 2 weeks preceding the survey taken to a health facility or,51.1,60.5,False,False
Tripura,Unakoti,Child Feeding Practices and Nutritional Status of Children,60,Children under age 3 years breastfed within one hour of birth9 (%),54.2,21.7,False,False
Tripura,Unakoti,Child Feeding Practices and Nutritional Status of Children,61,Children under age 6 months exclusively breastfed10 (%),48.8,*,True,False
Tripura,Unakoti,Child Feeding Practices and Nutritional Status of Children,62,Children under age 6 months currently breastfeeding10 (%),90.5,*,True,False
Tripura,Unakoti,Child Feeding Practices and Nutritional Status of Children,63,Children under age 6 months exclusively breastfed or breastfeeding and consuming plain water/other,63.2,*,True,False
Tripura,Unakoti,Child Feeding Practices and Nutritional Status of Children,64,Children age 6-8 months receiving solid or semi-solid food and breastmilk10 (%),*,*,True,False
Tripura,Unakoti,Child Feeding Practices and Nutritional Status of Children,65,"Breastfeeding children age 6-23 months receiving an adequate diet10, 11 (%)",19.8,8.8,False,False
Tripura,Unakoti,Child Feeding Practices and Nutritional Status of Children,66,"Non-breastfeeding children age 6-23 months receiving an adequate diet10, 11 (%)",*,*,True,False
Tripura,Unakoti,Child Feeding Practices and Nutritional Status of Children,67,"Total children age 6-23 months receiving an adequate diet10, 11 (%)",18.0,9.4,False,False
Tripura,Unakoti,Child Feeding Practices and Nutritional Status of Children,68,Children under 5 years who are stunted (height-for-age)12 (%),23.9,31.8,False,False
Tripura,Unakoti,Child Feeding Practices and Nutritional Status of Children,69,Children under 5 years who are wasted (weight-for-height)12 (%),15.1,19.3,False,False
Tripura,Unakoti,Child Feeding Practices and Nutritional Status of Children,70,Children under 5 years who are severely wasted (weight-for-height)13 (%),4.5,4.0,False,False
Tripura,Unakoti,Child Feeding Practices and Nutritional Status of Children,71,Children under 5 years who are underweight (weight-for-age)12 (%),27.9,32.0,False,False
Tripura,Unakoti,Child Feeding Practices and Nutritional Status of Children,72,Children under 5 years who are overweight (weight-for-height)14 (%),2.3,1.9,False,False
Tripura,Unakoti,Nutritional Status of Adults (age 15-49 years),73,Women whose Body Mass Index (BMI) is below normal (BMI <18.5 kg/m2)15 (%),24.4,26.0,False,False
Tripura,Unakoti,Nutritional Status of Adults (age 15-49 years),74,Women who are overweight or obese (BMI ≥25.0 kg/m2)15 (%),21.4,16.6,False,False
Tripura,Unakoti,Women,75,Blood sugar level - high (141-160 mg/dl)16 (%),7.7,8.6,False,False
Tripura,Unakoti,Women,76,Blood sugar level - very high (>160 mg/dl)16 (%),9.6,8.0,False,False
Tripura,Unakoti,Women,77,Blood sugar level - high or very high (>140 mg/dl) or taking medicine to control blood sugar level16 (%),18.2,16.9,False,False
Tripura,Unakoti,Men,78,Blood sugar level - high (141-160 mg/dl)16 (%),10.2,11.0,False,False
Tripura,Unakoti,Men,79,Blood sugar level - very high (>160 mg/dl)16 (%),13.9,8.5,False,False
Tripura,Unakoti,Men,80,Blood sugar level - high or very high (>140 mg/dl) or taking medicine to control blood sugar level16 (%),24.7,19.9,False,False
Tripura,Unakoti,Women,81,Mildly elevated blood pressure (Systolic 140-159 mm of Hg and/or Diastolic 90-99 mm of Hg) (%),10.2,10.8,False,False
Tripura,Unakoti,Women,82,Moderately or severely elevated blood pressure (Systolic ≥160 mm of Hg and/or Diastolic ≥100 mm,4.0,5.2,False,False
Tripura,Unakoti,Women,83,Elevated blood pressure (Systolic ≥140 mm of Hg and/or Diastolic ≥90 mm of Hg) or taking medicine to,20.0,21.0,False,False
Tripura,Unakoti,Men,84,Mildly elevated blood pressure (Systolic 140-159 mm of Hg and/or Diastolic 90-99 mm of Hg) (%),13.4,12.8,False,False
Tripura,Unakoti,Men,85,Moderately or severely elevated blood pressure (Systolic ≥160 mm of Hg and/or Diastolic ≥100 mm,5.7,5.3,False,False
Tripura,Unakoti,Men,86,Elevated blood pressure (Systolic ≥140 mm of Hg and/or Diastolic ≥90 mm of Hg) or taking medicine to,23.1,22.1,False,False
Tripura,Unakoti,Men,87,Women having a bank or savings account that they themselves use (%),90.3,78.8,False,False
Tripura,Unakoti,Men,88,Women having a mobile phone that they themselves use (%),61.7,45.8,False,False
Tripura,Unakoti,Men,89,Women age 15-24 years who use hygienic methods of protection during their menstrual period17 (%),77.6,56.8,False,False
Tripura,Unakoti,Tobacco Use and Alcohol Consumption among Adults (age 15 years and above),90,Women age 15 years and above who use any kind of tobacco (%),51.0,54.9,False,False
Tripura,Unakoti,Tobacco Use and Alcohol Consumption among Adults (age 15 years and above),91,Men age 15 years and above who use any kind of tobacco (%),61.9,59.7,False,False
Tripura,Unakoti,Tobacco Use and Alcohol Consumption among Adults (age 15 years and above),92,Women age 15 years and above who consume alcohol (%),4.5,3.4,False,False
Tripura,Unakoti,Tobacco Use and Alcohol Consumption among Adults (age 15 years and above),93,Men age 15 years and above who consume alcohol (%),27.3,23.3,False,False
Tripura,West Tripura,Population and Household Profile,1,Population below age 5 years (%),5.2,5.7,False,False
Tripura,West Tripura,Population and Household Profile,2,Population below age 15 years (%),16.8,20.2,False,False
Tripura,West Tripura,Population and Household Profile,3,Population age 60 years and above (%),15.4,12.4,False,False
Tripura,West Tripura,Population and Household Profile,4,Population living in households with electricity (%),99.3,99.8,False,False
Tripura,West Tripura,Population and Household Profile,5,Population living in households with an improved drinking-water source1 (%),99.6,98.5,False,False
Tripura,West Tripura,Population and Household Profile,6,Households using iodized salt (%),97.9,99.8,False,False
Tripura,West Tripura,Population and Household Profile,7,Households with any usual member covered under a health insurance/financing scheme (%),57.2,31.0,False,False
Tripura,West Tripura,Population and Household Profile,8,Households with any usual member having a bank account/post office account (%),99.0,98.4,False,False
Tripura,West Tripura,Population and Household Profile,9,Female population age 6 years and above who ever attended school (%),89.1,85.3,False,False
Tripura,West Tripura,Population and Household Profile,10,Households with any usual female members owning a house and/or land (alone or jointly with others) (%),17.3,12.9,False,False
Tripura,West Tripura,Population and Household Profile,11,Children age 2-4 years who attended pre-school (%),82.4,60.0,False,False
Tripura,West Tripura,Characteristics of Adults (age 15-49 years),12,Women with 10 or more years of schooling (%),43.7,30.9,False,False
Tripura,West Tripura,Characteristics of Adults (age 15-49 years),13,Men with 10 or more years of schooling (%),47.8,30.4,False,False
Tripura,West Tripura,Characteristics of Adults (age 15-49 years),14,Women who have ever used the internet (%),63.1,33.1,False,False
Tripura,West Tripura,Characteristics of Adults (age 15-49 years),15,Men who have ever used the internet (%),71.1,45.9,False,False
Tripura,West Tripura,Marriage and Fertility,16,Women age 20-24 years married before age 18 years (%),26.8,37.1,False,False
Tripura,West Tripura,Marriage and Fertility,17,Men age 25-29 years married before age 21 years (%),*,*,True,False
Tripura,West Tripura,Marriage and Fertility,18,Three or more births in the 5 years preceding the survey (%),0.0,0.0,False,False
Tripura,West Tripura,Marriage and Fertility,19,Women age 15-19 years who were already mothers or pregnant at the time of the survey (%),10.2,20.2,False,False
Tripura,West Tripura,Marriage and Fertility,20,Any method2 (%),83.6,80.1,False,False
Tripura,West Tripura,Marriage and Fertility,21,Any modern method2 (%),38.6,53.9,False,False
Tripura,West Tripura,Marriage and Fertility,22,Any traditional method (%),45.0,26.2,False,False
Tripura,West Tripura,Marriage and Fertility,23,Female sterilization (%),16.3,15.6,False,False
Tripura,West Tripura,Marriage and Fertility,24,Male sterilization (%),0.2,0.0,False,False
Tripura,West Tripura,Marriage and Fertility,25,Total unmet need3 (%),3.5,2.5,False,False
Tripura,West Tripura,Marriage and Fertility,26,Unmet need for spacing3 (%),1.6,0.9,False,False
Tripura,West Tripura,Marriage and Fertility,27,Unmet need for limiting3 (%),1.9,1.6,False,False
Tripura,West Tripura,Antenatal Care (for last birth in the 5 years before the survey),28,Mothers who had an antenatal check-up in the first trimester (%),86.9,78.7,False,False
Tripura,West Tripura,Antenatal Care (for last birth in the 5 years before the survey),29,Mothers who had any antenatal care visits (%),97.9,94.4,False,False
Tripura,West Tripura,Antenatal Care (for last birth in the 5 years before the survey),30,Mothers who had at least 4 antenatal care visits (%),79.1,61.2,False,False
Tripura,West Tripura,Antenatal Care (for last birth in the 5 years before the survey),31,Mothers whose last birth was protected against neonatal tetanus4 (%),98.1,99.3,False,False
Tripura,West Tripura,Antenatal Care (for last birth in the 5 years before the survey),32,Mothers who consumed iron folic acid for 100 days or more when they were pregnant (%),65.9,31.8,False,False
Tripura,West Tripura,Antenatal Care (for last birth in the 5 years before the survey),33,Mothers who consumed iron folic acid for 180 days or more when they were pregnant (%),43.9,7.1,False,False
Tripura,West Tripura,Antenatal Care (for last birth in the 5 years before the survey),34,Registered pregnancies for which the mother received a Mother and Child Protection (MCP) card (%),96.2,98.1,False,False
Tripura,West Tripura,Delivery Care (for births in the 5 years before the survey),35,Institutional births (%),93.1,95.3,False,False
Tripura,West Tripura,Delivery Care (for births in the 5 years before the survey),36,Institutional births in public facility (%),73.7,79.8,False,False
Tripura,West Tripura,Delivery Care (for births in the 5 years before the survey),37,Births attended by skilled health personnel5 (%),97.4,96.9,False,False
Tripura,West Tripura,Delivery Care (for births in the 5 years before the survey),38,Births delivered by caesarean section (%),52.2,47.7,False,False
Tripura,West Tripura,Delivery Care (for births in the 5 years before the survey),39,Births in a private health facility that were delivered by caesarean section (%),97.2,94.2,True,False
Tripura,West Tripura,Delivery Care (for births in the 5 years before the survey),40,Births in a public health facility that were delivered by caesarean section (%),45.3,41.4,False,False
Tripura,West Tripura,Postnatal Care (for last birth in the 5 years before the survey),41,Mothers who received postnatal care from a doctor/nurse/LHV/ANM/midwife/other health personnel within 2,77.9,87.7,False,False
Tripura,West Tripura,Postnatal Care (for last birth in the 5 years before the survey),42,Children born at home who were taken to a health facility for a check-up within 24 hours of birth (%),*,*,True,False
Tripura,West Tripura,Postnatal Care (for last birth in the 5 years before the survey),43,Children who received postnatal care from a doctor/nurse/LHV/ANM/midwife/other health personnel within 2,81.8,88.7,False,False
Tripura,West Tripura,Child Vaccinations and Vitamin A Supplementation,44,Children age 12-23 months fully vaccinated based on information from either vaccination card or mother's,80.2,88.4,True,False
Tripura,West Tripura,Child Vaccinations and Vitamin A Supplementation,45,Children age 12-23 months fully vaccinated based on information from vaccination card only7 (%),85.2,93.7,True,False
Tripura,West Tripura,Child Vaccinations and Vitamin A Supplementation,46,Children age 12-23 months who have received any vaccine (%),97.6,100.0,True,False
Tripura,West Tripura,Child Vaccinations and Vitamin A Supplementation,47,Children age 12-23 months who have received BCG (%),97.6,100.0,True,False
Tripura,West Tripura,Child Vaccinations and Vitamin A Supplementation,48,Children age 12-23 months who have received 3 doses of polio vaccine8 (%),83.5,88.4,True,False
Tripura,West Tripura,Child Vaccinations and Vitamin A Supplementation,49,Children age 12-23 months who have received 3 doses of pentavalent vaccine (%),90.9,94.1,True,False
Tripura,West Tripura,Child Vaccinations and Vitamin A Supplementation,50,Children age 12-23 months who have received the first dose of measles-containing vaccine (MCV) (%),94.1,94.1,True,False
Tripura,West Tripura,Child Vaccinations and Vitamin A Supplementation,51,Children age 24-35 months who have received a second dose of measles-containing vaccine (MCV) (%),76.6,76.0,True,False
Tripura,West Tripura,Child Vaccinations and Vitamin A Supplementation,52,Children age 12-23 months who have received birth dose of hepatitis B vaccine (%),79.9,63.2,True,False
Tripura,West Tripura,Child Vaccinations and Vitamin A Supplementation,53,Children age 12-23 months who have received 3 doses of rotavirus vaccine (%),94.1,74.7,True,False
Tripura,West Tripura,Child Vaccinations and Vitamin A Supplementation,54,Children age 9-35 months who received a vitamin A dose in the last 6 months (%),88.3,73.0,False,False
Tripura,West Tripura,Child Vaccinations and Vitamin A Supplementation,55,Children age 12-23 months who received most of their vaccinations in a public health facility (%),93.0,93.6,True,False
Tripura,West Tripura,Child Vaccinations and Vitamin A Supplementation,56,Children age 12-23 months who received most of their vaccinations in a private health facility (%),7.0,6.4,True,False
Tripura,West Tripura,Treatment of Childhood Diseases (children under age 5 years),57,Prevalence of diarrhoea in the 2 weeks preceding the survey (%),0.4,2.4,False,False
Tripura,West Tripura,Treatment of Childhood Diseases (children under age 5 years),58,Prevalence of symptoms of acute respiratory infection (ARI) in the 2 weeks preceding the survey (%),0.0,0.5,False,False
Tripura,West Tripura,Treatment of Childhood Diseases (children under age 5 years),59,Children with fever or symptoms of ARI in the 2 weeks preceding the survey taken to a health facility or,*,*,True,False
Tripura,West Tripura,Child Feeding Practices and Nutritional Status of Children,60,Children under age 3 years breastfed within one hour of birth9 (%),54.0,38.0,False,False
Tripura,West Tripura,Child Feeding Practices and Nutritional Status of Children,61,Children under age 6 months exclusively breastfed10 (%),*,*,True,False
Tripura,West Tripura,Child Feeding Practices and Nutritional Status of Children,62,Children under age 6 months currently breastfeeding10 (%),*,*,True,False
Tripura,West Tripura,Child Feeding Practices and Nutritional Status of Children,63,Children under age 6 months exclusively breastfed or breastfeeding and consuming plain water/other,*,*,True,False
Tripura,West Tripura,Child Feeding Practices and Nutritional Status of Children,64,Children age 6-8 months receiving solid or semi-solid food and breastmilk10 (%),*,*,True,False
Tripura,West Tripura,Child Feeding Practices and Nutritional Status of Children,65,"Breastfeeding children age 6-23 months receiving an adequate diet10, 11 (%)",19.3,17.3,True,False
Tripura,West Tripura,Child Feeding Practices and Nutritional Status of Children,66,"Non-breastfeeding children age 6-23 months receiving an adequate diet10, 11 (%)",*,*,True,False
Tripura,West Tripura,Child Feeding Practices and Nutritional Status of Children,67,"Total children age 6-23 months receiving an adequate diet10, 11 (%)",18.8,18.6,True,False
Tripura,West Tripura,Child Feeding Practices and Nutritional Status of Children,68,Children under 5 years who are stunted (height-for-age)12 (%),17.5,30.3,False,False
Tripura,West Tripura,Child Feeding Practices and Nutritional Status of Children,69,Children under 5 years who are wasted (weight-for-height)12 (%),21.9,11.7,False,False
Tripura,West Tripura,Child Feeding Practices and Nutritional Status of Children,70,Children under 5 years who are severely wasted (weight-for-height)13 (%),8.5,2.1,False,False
Tripura,West Tripura,Child Feeding Practices and Nutritional Status of Children,71,Children under 5 years who are underweight (weight-for-age)12 (%),26.2,21.2,False,False
Tripura,West Tripura,Child Feeding Practices and Nutritional Status of Children,72,Children under 5 years who are overweight (weight-for-height)14 (%),4.9,8.7,False,False
Tripura,West Tripura,Nutritional Status of Adults (age 15-49 years),73,Women whose Body Mass Index (BMI) is below normal (BMI <18.5 kg/m2)15 (%),14.9,13.7,False,False
Tripura,West Tripura,Nutritional Status of Adults (age 15-49 years),74,Women who are overweight or obese (BMI ≥25.0 kg/m2)15 (%),32.1,26.8,False,False
Tripura,West Tripura,Women,75,Blood sugar level - high (141-160 mg/dl)16 (%),9.5,8.4,False,False
Tripura,West Tripura,Women,76,Blood sugar level - very high (>160 mg/dl)16 (%),12.8,9.3,False,False
Tripura,West Tripura,Women,77,Blood sugar level - high or very high (>140 mg/dl) or taking medicine to control blood sugar level16 (%),23.9,18.7,False,False
Tripura,West Tripura,Men,78,Blood sugar level - high (141-160 mg/dl)16 (%),11.2,7.9,False,False
Tripura,West Tripura,Men,79,Blood sugar level - very high (>160 mg/dl)16 (%),16.6,8.9,False,False
Tripura,West Tripura,Men,80,Blood sugar level - high or very high (>140 mg/dl) or taking medicine to control blood sugar level16 (%),29.1,18.1,False,False
Tripura,West Tripura,Women,81,Mildly elevated blood pressure (Systolic 140-159 mm of Hg and/or Diastolic 90-99 mm of Hg) (%),8.4,12.7,False,False
Tripura,West Tripura,Women,82,Moderately or severely elevated blood pressure (Systolic ≥160 mm of Hg and/or Diastolic ≥100 mm,4.3,6.6,False,False
Tripura,West Tripura,Women,83,Elevated blood pressure (Systolic ≥140 mm of Hg and/or Diastolic ≥90 mm of Hg) or taking medicine to,23.8,25.1,False,False
Tripura,West Tripura,Men,84,Mildly elevated blood pressure (Systolic 140-159 mm of Hg and/or Diastolic 90-99 mm of Hg) (%),13.6,15.4,False,False
Tripura,West Tripura,Men,85,Moderately or severely elevated blood pressure (Systolic ≥160 mm of Hg and/or Diastolic ≥100 mm,5.5,7.2,False,False
Tripura,West Tripura,Men,86,Elevated blood pressure (Systolic ≥140 mm of Hg and/or Diastolic ≥90 mm of Hg) or taking medicine to,27.6,27.1,False,False
Tripura,West Tripura,Men,87,Women having a bank or savings account that they themselves use (%),92.6,77.7,False,False
Tripura,West Tripura,Men,88,Women having a mobile phone that they themselves use (%),73.4,65.0,False,False
Tripura,West Tripura,Men,89,Women age 15-24 years who use hygienic methods of protection during their menstrual period17 (%),93.3,81.5,False,False
Tripura,West Tripura,Tobacco Use and Alcohol Consumption among Adults (age 15 years and above),90,Women age 15 years and above who use any kind of tobacco (%),38.5,47.7,False,False
Tripura,West Tripura,Tobacco Use and Alcohol Consumption among Adults (age 15 years and above),91,Men age 15 years and above who use any kind of tobacco (%),42.7,55.2,False,False
Tripura,West Tripura,Tobacco Use and Alcohol Consumption among Adults (age 15 years and above),92,Women age 15 years and above who consume alcohol (%),3.6,3.5,False,False
Tripura,West Tripura,Tobacco Use and Alcohol Consumption among Adults (age 15 years and above),93,Men age 15 years and above who consume alcohol (%),25.2,33.0,False,False
