state,district,category,indicator_no,indicator,nfhs6_value,nfhs5_value,small_sample_flag,boundary_change_single_round
Arunachal Pradesh,Anjaw,Population and Household Profile,1,Population below age 5 years (%),5.8,6.5,False,False
Arunachal Pradesh,Anjaw,Population and Household Profile,2,Population below age 15 years (%),20.0,23.2,False,False
Arunachal Pradesh,Anjaw,Population and Household Profile,3,Population age 60 years and above (%),12.6,11.6,False,False
Arunachal Pradesh,Anjaw,Population and Household Profile,4,Population living in households with electricity (%),95.8,96.4,False,False
Arunachal Pradesh,Anjaw,Population and Household Profile,5,Population living in households with an improved drinking-water source1 (%),99.6,86.6,False,False
Arunachal Pradesh,Anjaw,Population and Household Profile,6,Households using iodized salt (%),99.4,99.6,False,False
Arunachal Pradesh,Anjaw,Population and Household Profile,7,Households with any usual member covered under a health insurance/financing scheme (%),56.2,17.5,False,False
Arunachal Pradesh,Anjaw,Population and Household Profile,8,Households with any usual member having a bank account/post office account (%),97.7,92.3,False,False
Arunachal Pradesh,Anjaw,Population and Household Profile,9,Female population age 6 years and above who ever attended school (%),60.2,61.5,False,False
Arunachal Pradesh,Anjaw,Population and Household Profile,10,Households with any usual female members owning a house and/or land (alone or jointly with others) (%),13.8,29.2,False,False
Arunachal Pradesh,Anjaw,Population and Household Profile,11,Children age 2-4 years who attended pre-school (%),20.4,9.5,False,False
Arunachal Pradesh,Anjaw,Characteristics of Adults (age 15-49 years),12,Women with 10 or more years of schooling (%),38.1,28.8,False,False
Arunachal Pradesh,Anjaw,Characteristics of Adults (age 15-49 years),13,Men with 10 or more years of schooling (%),63.6,52.3,False,False
Arunachal Pradesh,Anjaw,Characteristics of Adults (age 15-49 years),14,Women who have ever used the internet (%),54.2,46.7,False,False
Arunachal Pradesh,Anjaw,Characteristics of Adults (age 15-49 years),15,Men who have ever used the internet (%),74.4,38.8,False,False
Arunachal Pradesh,Anjaw,Marriage and Fertility,16,Women age 20-24 years married before age 18 years (%),14.9,21.8,False,False
Arunachal Pradesh,Anjaw,Marriage and Fertility,17,Men age 25-29 years married before age 21 years (%),*,*,True,False
Arunachal Pradesh,Anjaw,Marriage and Fertility,18,Three or more births in the 5 years preceding the survey (%),0.7,1.5,False,False
Arunachal Pradesh,Anjaw,Marriage and Fertility,19,Women age 15-19 years who were already mothers or pregnant at the time of the survey (%),1.9,5.1,False,False
Arunachal Pradesh,Anjaw,Marriage and Fertility,20,Any method2 (%),60.8,64.7,False,False
Arunachal Pradesh,Anjaw,Marriage and Fertility,21,Any modern method2 (%),39.6,50.9,False,False
Arunachal Pradesh,Anjaw,Marriage and Fertility,22,Any traditional method (%),21.2,13.8,False,False
Arunachal Pradesh,Anjaw,Marriage and Fertility,23,Female sterilization (%),20.0,21.2,False,False
Arunachal Pradesh,Anjaw,Marriage and Fertility,24,Male sterilization (%),0.0,0.0,False,False
Arunachal Pradesh,Anjaw,Marriage and Fertility,25,Total unmet need3 (%),11.5,6.8,False,False
Arunachal Pradesh,Anjaw,Marriage and Fertility,26,Unmet need for spacing3 (%),9.8,4.7,False,False
Arunachal Pradesh,Anjaw,Marriage and Fertility,27,Unmet need for limiting3 (%),1.7,2.1,False,False
Arunachal Pradesh,Anjaw,Antenatal Care (for last birth in the 5 years before the survey),28,Mothers who had an antenatal check-up in the first trimester (%),56.1,52.0,False,False
Arunachal Pradesh,Anjaw,Antenatal Care (for last birth in the 5 years before the survey),29,Mothers who had any antenatal care visits (%),85.7,89.0,False,False
Arunachal Pradesh,Anjaw,Antenatal Care (for last birth in the 5 years before the survey),30,Mothers who had at least 4 antenatal care visits (%),42.2,32.3,False,False
Arunachal Pradesh,Anjaw,Antenatal Care (for last birth in the 5 years before the survey),31,Mothers whose last birth was protected against neonatal tetanus 4 (%),89.3,80.2,False,False
Arunachal Pradesh,Anjaw,Antenatal Care (for last birth in the 5 years before the survey),32,Mothers who consumed iron folic acid for 100 days or more when they were pregnant (%),34.2,16.5,False,False
Arunachal Pradesh,Anjaw,Antenatal Care (for last birth in the 5 years before the survey),33,Mothers who consumed iron folic acid for 180 days or more when they were pregnant (%),22.0,1.2,False,False
Arunachal Pradesh,Anjaw,Antenatal Care (for last birth in the 5 years before the survey),34,Registered pregnancies for which the mother received a Mother and Child Protection (MCP) card (%),97.8,97.9,False,False
Arunachal Pradesh,Anjaw,Delivery Care (for births in the 5 years before the survey),35,Institutional births (%),87.6,78.0,False,False
Arunachal Pradesh,Anjaw,Delivery Care (for births in the 5 years before the survey),36,Institutional births in public facility (%),83.2,76.9,False,False
Arunachal Pradesh,Anjaw,Delivery Care (for births in the 5 years before the survey),37,Births attended by skilled health personnel5 (%),91.9,79.0,False,False
Arunachal Pradesh,Anjaw,Delivery Care (for births in the 5 years before the survey),38,Births delivered by caesarean section (%),15.8,12.6,False,False
Arunachal Pradesh,Anjaw,Delivery Care (for births in the 5 years before the survey),39,Births in a private health facility that were delivered by caesarean section (%),*,*,True,False
Arunachal Pradesh,Anjaw,Delivery Care (for births in the 5 years before the survey),40,Births in a public health facility that were delivered by caesarean section (%),13.7,16.0,False,False
Arunachal Pradesh,Anjaw,Postnatal Care (for last birth in the 5 years before the survey),41,Mothers who received postnatal care from a doctor/nurse/LHV/ANM/midwife/other health personnel within 2 days of delivery+ (%),69.9,55.8,False,False
Arunachal Pradesh,Anjaw,Postnatal Care (for last birth in the 5 years before the survey),42,Children born at home who were taken to a health facility for a check-up within 24 hours of birth (%),*,2.3,True,False
Arunachal Pradesh,Anjaw,Postnatal Care (for last birth in the 5 years before the survey),43,Children who received postnatal care from a doctor/nurse/LHV/ANM/midwife/other health personnel within 2 days of delivery+ (%),69.0,57.3,False,False
Arunachal Pradesh,Anjaw,Child Vaccinations and Vitamin A Supplementation,44,Children age 12-23 months fully vaccinated based on information from either vaccination card or mother's recall6 (%),*,93.0,True,False
Arunachal Pradesh,Anjaw,Child Vaccinations and Vitamin A Supplementation,45,Children age 12-23 months fully vaccinated based on information from vaccination card only 7 (%),*,90.5,True,False
Arunachal Pradesh,Anjaw,Child Vaccinations and Vitamin A Supplementation,46,Children age 12-23 months who have received any vaccine (%),*,100.0,True,False
Arunachal Pradesh,Anjaw,Child Vaccinations and Vitamin A Supplementation,47,Children age 12-23 months who have received BCG (%),*,97.7,True,False
Arunachal Pradesh,Anjaw,Child Vaccinations and Vitamin A Supplementation,48,Children age 12-23 months who have received 3 doses of polio vaccine8 (%),*,97.6,True,False
Arunachal Pradesh,Anjaw,Child Vaccinations and Vitamin A Supplementation,49,Children age 12-23 months who have received 3 doses of pentavalent vaccine (%),*,95.3,True,False
Arunachal Pradesh,Anjaw,Child Vaccinations and Vitamin A Supplementation,50,Children age 12-23 months who have received the first dose of measles-containing vaccine (MCV) (%),*,97.6,True,False
Arunachal Pradesh,Anjaw,Child Vaccinations and Vitamin A Supplementation,51,Children age 24-35 months who have received a second dose of measles-containing vaccine (MCV) (%),76.4,68.9,True,False
Arunachal Pradesh,Anjaw,Child Vaccinations and Vitamin A Supplementation,52,Children age 12-23 months who have received birth dose of hepatitis B vaccine (%),*,87.9,True,False
Arunachal Pradesh,Anjaw,Child Vaccinations and Vitamin A Supplementation,53,Children age 12-23 months who have received 3 doses of rotavirus vaccine (%),*,35.7,True,False
Arunachal Pradesh,Anjaw,Child Vaccinations and Vitamin A Supplementation,54,Children age 9-35 months who received a vitamin A dose in the last 6 months (%),82.6,58.6,False,False
Arunachal Pradesh,Anjaw,Child Vaccinations and Vitamin A Supplementation,55,Children age 12-23 months who received most of their vaccinations in a public health facility (%),*,100.0,True,False
Arunachal Pradesh,Anjaw,Child Vaccinations and Vitamin A Supplementation,56,Children age 12-23 months who received most of their vaccinations in a private health facility (%),*,0.0,True,False
Arunachal Pradesh,Anjaw,Treatment of Childhood Diseases (children under age 5 years),57,Prevalence of diarrhoea in the 2 weeks preceding the survey (%),1.6,9.3,False,False
Arunachal Pradesh,Anjaw,Treatment of Childhood Diseases (children under age 5 years),58,Prevalence of symptoms of acute respiratory infection (ARI) in the 2 weeks preceding the survey (%),1.2,7.1,False,False
Arunachal Pradesh,Anjaw,Treatment of Childhood Diseases (children under age 5 years),59,Children with fever or symptoms of ARI in the 2 weeks preceding the survey taken to a health facility or health provider (%),*,*,True,False
Arunachal Pradesh,Anjaw,Child Feeding Practices and Nutritional Status of Children,60,Children under age 3 years breastfed within one hour of birth9 (%),59.0,66.5,False,False
Arunachal Pradesh,Anjaw,Child Feeding Practices and Nutritional Status of Children,61,Children under age 6 months exclusively breastfed10 (%),*,*,True,False
Arunachal Pradesh,Anjaw,Child Feeding Practices and Nutritional Status of Children,62,Children under age 6 months currently breastfeeding10 (%),*,*,True,False
Arunachal Pradesh,Anjaw,Child Feeding Practices and Nutritional Status of Children,63,Children under age 6 months exclusively breastfed or breastfeeding and consuming plain water/other milk only10 (%),*,*,True,False
Arunachal Pradesh,Anjaw,Child Feeding Practices and Nutritional Status of Children,64,Children age 6-8 months receiving solid or semi-solid food and breastmilk10 (%),*,*,True,False
Arunachal Pradesh,Anjaw,Child Feeding Practices and Nutritional Status of Children,65,"Breastfeeding children age 6-23 months receiving an adequate diet10, 11 (%)",*,28.7,True,False
Arunachal Pradesh,Anjaw,Child Feeding Practices and Nutritional Status of Children,66,"Non-breastfeeding children age 6-23 months receiving an adequate diet 10, 11 (%)",*,*,True,False
Arunachal Pradesh,Anjaw,Child Feeding Practices and Nutritional Status of Children,67,"Total children age 6-23 months receiving an adequate diet10, 11 (%)",21.3,25.4,True,False
Arunachal Pradesh,Anjaw,Child Feeding Practices and Nutritional Status of Children,68,Children under 5 years who are stunted (height-for-age)12 (%),24.0,23.6,False,False
Arunachal Pradesh,Anjaw,Child Feeding Practices and Nutritional Status of Children,69,Children under 5 years who are wasted (weight-for-height)12 (%),15.2,14.3,False,False
Arunachal Pradesh,Anjaw,Child Feeding Practices and Nutritional Status of Children,70,Children under 5 years who are severely wasted (weight-for-height)13 (%),8.9,7.5,False,False
Arunachal Pradesh,Anjaw,Child Feeding Practices and Nutritional Status of Children,71,Children under 5 years who are underweight (weight-for-age)12 (%),15.1,16.0,False,False
Arunachal Pradesh,Anjaw,Child Feeding Practices and Nutritional Status of Children,72,Children under 5 years who are overweight (weight-for-height)14 (%),22.5,2.9,False,False
Arunachal Pradesh,Anjaw,Nutritional Status of Adults (age 15-49 years),73,Women whose Body Mass Index (BMI) is below normal (BMI <18.5 kg/m 2)15 (%),5.8,2.4,False,False
Arunachal Pradesh,Anjaw,Nutritional Status of Adults (age 15-49 years),74,Women who are overweight or obese (BMI ≥25.0 kg/m2)15 (%),29.3,22.8,False,False
Arunachal Pradesh,Anjaw,Women,75,Blood sugar level - high (141-160 mg/dl)16 (%),7.1,4.0,False,False
Arunachal Pradesh,Anjaw,Women,76,Blood sugar level - very high (>160 mg/dl)16 (%),5.4,8.7,False,False
Arunachal Pradesh,Anjaw,Women,77,Blood sugar level - high or very high (>140 mg/dl) or taking medicine to control blood sugar level16 (%),12.4,13.0,False,False
Arunachal Pradesh,Anjaw,Men,78,Blood sugar level - high (141-160 mg/dl)16 (%),8.0,7.4,False,False
Arunachal Pradesh,Anjaw,Men,79,Blood sugar level - very high (>160 mg/dl)16 (%),7.3,10.7,False,False
Arunachal Pradesh,Anjaw,Men,80,Blood sugar level - high or very high (>140 mg/dl) or taking medicine to control blood sugar level 16 (%),15.4,18.3,False,False
Arunachal Pradesh,Anjaw,Women,81,Mildly elevated blood pressure (Systolic 140-159 mm of Hg and/or Diastolic 90-99 mm of Hg) (%),17.2,21.6,False,False
Arunachal Pradesh,Anjaw,Women,82,Moderately or severely elevated blood pressure (Systolic ≥160 mm of Hg and/or Diastolic ≥100 mm of Hg) (%),12.2,7.6,False,False
Arunachal Pradesh,Anjaw,Women,83,Elevated blood pressure (Systolic ≥140 mm of Hg and/or Diastolic ≥90 mm of Hg) or taking medicine to control blood pressure (%),29.7,31.1,False,False
Arunachal Pradesh,Anjaw,Men,84,Mildly elevated blood pressure (Systolic 140-159 mm of Hg and/or Diastolic 90-99 mm of Hg) (%),22.5,30.2,False,False
Arunachal Pradesh,Anjaw,Men,85,Moderately or severely elevated blood pressure (Systolic ≥160 mm of Hg and/or Diastolic ≥100 mm of Hg) (%),16.3,11.8,False,False
Arunachal Pradesh,Anjaw,Men,86,Elevated blood pressure (Systolic ≥140 mm of Hg and/or Diastolic ≥90 mm of Hg) or taking medicine to control blood pressure (%),39.1,42.6,False,False
Arunachal Pradesh,Anjaw,Men,87,Women having a bank or savings account that they themselves use (%),86.6,82.6,False,False
Arunachal Pradesh,Anjaw,Men,88,Women having a mobile phone that they themselves use (%),90.8,77.4,False,False
Arunachal Pradesh,Anjaw,Men,89,Women age 15-24 years who use hygienic methods of protection during their menstrual period17 (%),96.6,89.0,False,False
Arunachal Pradesh,Anjaw,Tobacco Use and Alcohol Consumption among Adults (age 15 years and above),90,Women age 15 years and above who use any kind of tobacco (%),21.8,22.1,False,False
Arunachal Pradesh,Anjaw,Tobacco Use and Alcohol Consumption among Adults (age 15 years and above),91,Men age 15 years and above who use any kind of tobacco (%),53.4,66.1,False,False
Arunachal Pradesh,Anjaw,Tobacco Use and Alcohol Consumption among Adults (age 15 years and above),92,Women age 15 years and above who consume alcohol (%),34.2,31.6,False,False
Arunachal Pradesh,Anjaw,Tobacco Use and Alcohol Consumption among Adults (age 15 years and above),93,Men age 15 years and above who consume alcohol (%),59.7,68.4,False,False
Arunachal Pradesh,Changlang,Population and Household Profile,1,Population below age 5 years (%),3.5,7.6,False,False
Arunachal Pradesh,Changlang,Population and Household Profile,2,Population below age 15 years (%),16.4,28.7,False,False
Arunachal Pradesh,Changlang,Population and Household Profile,3,Population age 60 years and above (%),10.6,8.4,False,False
Arunachal Pradesh,Changlang,Population and Household Profile,4,Population living in households with electricity (%),96.9,95.2,False,False
Arunachal Pradesh,Changlang,Population and Household Profile,5,Population living in households with an improved drinking-water source1 (%),99.5,81.8,False,False
Arunachal Pradesh,Changlang,Population and Household Profile,6,Households using iodized salt (%),99.8,99.2,False,False
Arunachal Pradesh,Changlang,Population and Household Profile,7,Households with any usual member covered under a health insurance/financing scheme (%),43.7,40.5,False,False
Arunachal Pradesh,Changlang,Population and Household Profile,8,Households with any usual member having a bank account/post office account (%),95.2,95.0,False,False
Arunachal Pradesh,Changlang,Population and Household Profile,9,Female population age 6 years and above who ever attended school (%),69.1,74.6,False,False
Arunachal Pradesh,Changlang,Population and Household Profile,10,Households with any usual female members owning a house and/or land (alone or jointly with others) (%),18.6,7.9,False,False
Arunachal Pradesh,Changlang,Population and Household Profile,11,Children age 2-4 years who attended pre-school (%),19.5,34.6,False,False
Arunachal Pradesh,Changlang,Characteristics of Adults (age 15-49 years),12,Women with 10 or more years of schooling (%),50.1,30.5,False,False
Arunachal Pradesh,Changlang,Characteristics of Adults (age 15-49 years),13,Men with 10 or more years of schooling (%),66.4,42.5,False,False
Arunachal Pradesh,Changlang,Characteristics of Adults (age 15-49 years),14,Women who have ever used the internet (%),85.4,48.4,False,False
Arunachal Pradesh,Changlang,Characteristics of Adults (age 15-49 years),15,Men who have ever used the internet (%),62.0,75.5,False,False
Arunachal Pradesh,Changlang,Marriage and Fertility,16,Women age 20-24 years married before age 18 years (%),3.7,16.8,False,False
Arunachal Pradesh,Changlang,Marriage and Fertility,17,Men age 25-29 years married before age 21 years (%),*,34.0,True,False
Arunachal Pradesh,Changlang,Marriage and Fertility,18,Three or more births in the 5 years preceding the survey (%),0.0,1.2,False,False
Arunachal Pradesh,Changlang,Marriage and Fertility,19,Women age 15-19 years who were already mothers or pregnant at the time of the survey (%),3.3,9.0,False,False
Arunachal Pradesh,Changlang,Marriage and Fertility,20,Any method2 (%),62.9,71.4,False,False
Arunachal Pradesh,Changlang,Marriage and Fertility,21,Any modern method2 (%),51.8,46.3,False,False
Arunachal Pradesh,Changlang,Marriage and Fertility,22,Any traditional method (%),11.1,25.1,False,False
Arunachal Pradesh,Changlang,Marriage and Fertility,23,Female sterilization (%),23.3,15.1,False,False
Arunachal Pradesh,Changlang,Marriage and Fertility,24,Male sterilization (%),0.0,0.0,False,False
Arunachal Pradesh,Changlang,Marriage and Fertility,25,Total unmet need3 (%),5.8,6.7,False,False
Arunachal Pradesh,Changlang,Marriage and Fertility,26,Unmet need for spacing3 (%),4.2,3.5,False,False
Arunachal Pradesh,Changlang,Marriage and Fertility,27,Unmet need for limiting3 (%),1.6,3.2,False,False
Arunachal Pradesh,Changlang,Antenatal Care (for last birth in the 5 years before the survey),28,Mothers who had an antenatal check-up in the first trimester (%),51.9,65.0,False,False
Arunachal Pradesh,Changlang,Antenatal Care (for last birth in the 5 years before the survey),29,Mothers who had any antenatal care visits (%),90.7,92.8,False,False
Arunachal Pradesh,Changlang,Antenatal Care (for last birth in the 5 years before the survey),30,Mothers who had at least 4 antenatal care visits (%),62.7,46.9,False,False
Arunachal Pradesh,Changlang,Antenatal Care (for last birth in the 5 years before the survey),31,Mothers whose last birth was protected against neonatal tetanus 4 (%),92.4,88.1,False,False
Arunachal Pradesh,Changlang,Antenatal Care (for last birth in the 5 years before the survey),32,Mothers who consumed iron folic acid for 100 days or more when they were pregnant (%),26.9,37.3,False,False
Arunachal Pradesh,Changlang,Antenatal Care (for last birth in the 5 years before the survey),33,Mothers who consumed iron folic acid for 180 days or more when they were pregnant (%),8.4,14.1,False,False
Arunachal Pradesh,Changlang,Antenatal Care (for last birth in the 5 years before the survey),34,Registered pregnancies for which the mother received a Mother and Child Protection (MCP) card (%),98.0,99.3,False,False
Arunachal Pradesh,Changlang,Delivery Care (for births in the 5 years before the survey),35,Institutional births (%),94.0,75.1,False,False
Arunachal Pradesh,Changlang,Delivery Care (for births in the 5 years before the survey),36,Institutional births in public facility (%),84.4,69.3,False,False
Arunachal Pradesh,Changlang,Delivery Care (for births in the 5 years before the survey),37,Births attended by skilled health personnel5 (%),94.7,81.3,False,False
Arunachal Pradesh,Changlang,Delivery Care (for births in the 5 years before the survey),38,Births delivered by caesarean section (%),15.1,12.4,False,False
Arunachal Pradesh,Changlang,Delivery Care (for births in the 5 years before the survey),39,Births in a private health facility that were delivered by caesarean section (%),*,*,True,False
Arunachal Pradesh,Changlang,Delivery Care (for births in the 5 years before the survey),40,Births in a public health facility that were delivered by caesarean section (%),9.5,14.9,False,False
Arunachal Pradesh,Changlang,Postnatal Care (for last birth in the 5 years before the survey),41,Mothers who received postnatal care from a doctor/nurse/LHV/ANM/midwife/other health personnel within 2 days of delivery+ (%),65.4,69.7,False,False
Arunachal Pradesh,Changlang,Postnatal Care (for last birth in the 5 years before the survey),42,Children born at home who were taken to a health facility for a check-up within 24 hours of birth (%),*,3.8,True,False
Arunachal Pradesh,Changlang,Postnatal Care (for last birth in the 5 years before the survey),43,Children who received postnatal care from a doctor/nurse/LHV/ANM/midwife/other health personnel within 2 days of delivery+ (%),70.4,67.4,False,False
Arunachal Pradesh,Changlang,Child Vaccinations and Vitamin A Supplementation,44,Children age 12-23 months fully vaccinated based on information from either vaccination card or mother's recall6 (%),*,70.9,True,False
Arunachal Pradesh,Changlang,Child Vaccinations and Vitamin A Supplementation,45,Children age 12-23 months fully vaccinated based on information from vaccination card only 7 (%),*,86.1,True,False
Arunachal Pradesh,Changlang,Child Vaccinations and Vitamin A Supplementation,46,Children age 12-23 months who have received any vaccine (%),*,86.1,True,False
Arunachal Pradesh,Changlang,Child Vaccinations and Vitamin A Supplementation,47,Children age 12-23 months who have received BCG (%),*,86.1,True,False
Arunachal Pradesh,Changlang,Child Vaccinations and Vitamin A Supplementation,48,Children age 12-23 months who have received 3 doses of polio vaccine8 (%),*,70.9,True,False
Arunachal Pradesh,Changlang,Child Vaccinations and Vitamin A Supplementation,49,Children age 12-23 months who have received 3 doses of pentavalent vaccine (%),*,84.4,True,False
Arunachal Pradesh,Changlang,Child Vaccinations and Vitamin A Supplementation,50,Children age 12-23 months who have received the first dose of measles-containing vaccine (MCV) (%),*,84.4,True,False
Arunachal Pradesh,Changlang,Child Vaccinations and Vitamin A Supplementation,51,Children age 24-35 months who have received a second dose of measles-containing vaccine (MCV) (%),83.4,60.9,True,False
Arunachal Pradesh,Changlang,Child Vaccinations and Vitamin A Supplementation,52,Children age 12-23 months who have received birth dose of hepatitis B vaccine (%),*,50.1,True,False
Arunachal Pradesh,Changlang,Child Vaccinations and Vitamin A Supplementation,53,Children age 12-23 months who have received 3 doses of rotavirus vaccine (%),*,44.5,True,False
Arunachal Pradesh,Changlang,Child Vaccinations and Vitamin A Supplementation,54,Children age 9-35 months who received a vitamin A dose in the last 6 months (%),75.9,77.9,True,False
Arunachal Pradesh,Changlang,Child Vaccinations and Vitamin A Supplementation,55,Children age 12-23 months who received most of their vaccinations in a public health facility (%),*,90.8,True,False
Arunachal Pradesh,Changlang,Child Vaccinations and Vitamin A Supplementation,56,Children age 12-23 months who received most of their vaccinations in a private health facility (%),*,0.0,True,False
Arunachal Pradesh,Changlang,Treatment of Childhood Diseases (children under age 5 years),57,Prevalence of diarrhoea in the 2 weeks preceding the survey (%),1.3,1.3,False,False
Arunachal Pradesh,Changlang,Treatment of Childhood Diseases (children under age 5 years),58,Prevalence of symptoms of acute respiratory infection (ARI) in the 2 weeks preceding the survey (%),0.0,0.8,False,False
Arunachal Pradesh,Changlang,Treatment of Childhood Diseases (children under age 5 years),59,Children with fever or symptoms of ARI in the 2 weeks preceding the survey taken to a health facility or health provider (%),*,*,True,False
Arunachal Pradesh,Changlang,Child Feeding Practices and Nutritional Status of Children,60,Children under age 3 years breastfed within one hour of birth9 (%),39.7,60.7,False,False
Arunachal Pradesh,Changlang,Child Feeding Practices and Nutritional Status of Children,61,Children under age 6 months exclusively breastfed10 (%),*,71.2,True,False
Arunachal Pradesh,Changlang,Child Feeding Practices and Nutritional Status of Children,62,Children under age 6 months currently breastfeeding10 (%),*,92.7,True,False
Arunachal Pradesh,Changlang,Child Feeding Practices and Nutritional Status of Children,63,Children under age 6 months exclusively breastfed or breastfeeding and consuming plain water/other milk only10 (%),*,79.5,True,False
Arunachal Pradesh,Changlang,Child Feeding Practices and Nutritional Status of Children,64,Children age 6-8 months receiving solid or semi-solid food and breastmilk10 (%),*,*,True,False
Arunachal Pradesh,Changlang,Child Feeding Practices and Nutritional Status of Children,65,"Breastfeeding children age 6-23 months receiving an adequate diet10, 11 (%)",31.0,31.3,True,False
Arunachal Pradesh,Changlang,Child Feeding Practices and Nutritional Status of Children,66,"Non-breastfeeding children age 6-23 months receiving an adequate diet 10, 11 (%)",*,*,True,False
Arunachal Pradesh,Changlang,Child Feeding Practices and Nutritional Status of Children,67,"Total children age 6-23 months receiving an adequate diet10, 11 (%)",29.4,28.9,True,False
Arunachal Pradesh,Changlang,Child Feeding Practices and Nutritional Status of Children,68,Children under 5 years who are stunted (height-for-age)12 (%),20.6,26.3,False,False
Arunachal Pradesh,Changlang,Child Feeding Practices and Nutritional Status of Children,69,Children under 5 years who are wasted (weight-for-height)12 (%),12.4,16.3,False,False
Arunachal Pradesh,Changlang,Child Feeding Practices and Nutritional Status of Children,70,Children under 5 years who are severely wasted (weight-for-height)13 (%),9.6,8.3,False,False
Arunachal Pradesh,Changlang,Child Feeding Practices and Nutritional Status of Children,71,Children under 5 years who are underweight (weight-for-age)12 (%),23.9,25.0,False,False
Arunachal Pradesh,Changlang,Child Feeding Practices and Nutritional Status of Children,72,Children under 5 years who are overweight (weight-for-height)14 (%),8.9,3.9,False,False
Arunachal Pradesh,Changlang,Nutritional Status of Adults (age 15-49 years),73,Women whose Body Mass Index (BMI) is below normal (BMI <18.5 kg/m 2)15 (%),3.0,10.5,False,False
Arunachal Pradesh,Changlang,Nutritional Status of Adults (age 15-49 years),74,Women who are overweight or obese (BMI ≥25.0 kg/m2)15 (%),19.1,17.1,False,False
Arunachal Pradesh,Changlang,Women,75,Blood sugar level - high (141-160 mg/dl)16 (%),5.8,5.6,False,False
Arunachal Pradesh,Changlang,Women,76,Blood sugar level - very high (>160 mg/dl)16 (%),7.6,3.1,False,False
Arunachal Pradesh,Changlang,Women,77,Blood sugar level - high or very high (>140 mg/dl) or taking medicine to control blood sugar level16 (%),14.0,9.1,False,False
Arunachal Pradesh,Changlang,Men,78,Blood sugar level - high (141-160 mg/dl)16 (%),8.0,8.2,False,False
Arunachal Pradesh,Changlang,Men,79,Blood sugar level - very high (>160 mg/dl)16 (%),8.6,4.3,False,False
Arunachal Pradesh,Changlang,Men,80,Blood sugar level - high or very high (>140 mg/dl) or taking medicine to control blood sugar level 16 (%),17.0,13.2,False,False
Arunachal Pradesh,Changlang,Women,81,Mildly elevated blood pressure (Systolic 140-159 mm of Hg and/or Diastolic 90-99 mm of Hg) (%),16.5,13.8,False,False
Arunachal Pradesh,Changlang,Women,82,Moderately or severely elevated blood pressure (Systolic ≥160 mm of Hg and/or Diastolic ≥100 mm of Hg) (%),4.4,6.7,False,False
Arunachal Pradesh,Changlang,Women,83,Elevated blood pressure (Systolic ≥140 mm of Hg and/or Diastolic ≥90 mm of Hg) or taking medicine to control blood pressure (%),22.2,22.8,False,False
Arunachal Pradesh,Changlang,Men,84,Mildly elevated blood pressure (Systolic 140-159 mm of Hg and/or Diastolic 90-99 mm of Hg) (%),24.7,19.2,False,False
Arunachal Pradesh,Changlang,Men,85,Moderately or severely elevated blood pressure (Systolic ≥160 mm of Hg and/or Diastolic ≥100 mm of Hg) (%),4.7,7.0,False,False
Arunachal Pradesh,Changlang,Men,86,Elevated blood pressure (Systolic ≥140 mm of Hg and/or Diastolic ≥90 mm of Hg) or taking medicine to control blood pressure (%),30.0,27.5,False,False
Arunachal Pradesh,Changlang,Men,87,Women having a bank or savings account that they themselves use (%),91.2,71.9,False,False
Arunachal Pradesh,Changlang,Men,88,Women having a mobile phone that they themselves use (%),94.8,71.9,False,False
Arunachal Pradesh,Changlang,Men,89,Women age 15-24 years who use hygienic methods of protection during their menstrual period17 (%),95.9,89.1,False,False
Arunachal Pradesh,Changlang,Tobacco Use and Alcohol Consumption among Adults (age 15 years and above),90,Women age 15 years and above who use any kind of tobacco (%),26.7,21.9,False,False
Arunachal Pradesh,Changlang,Tobacco Use and Alcohol Consumption among Adults (age 15 years and above),91,Men age 15 years and above who use any kind of tobacco (%),59.4,59.9,False,False
Arunachal Pradesh,Changlang,Tobacco Use and Alcohol Consumption among Adults (age 15 years and above),92,Women age 15 years and above who consume alcohol (%),24.0,30.0,False,False
Arunachal Pradesh,Changlang,Tobacco Use and Alcohol Consumption among Adults (age 15 years and above),93,Men age 15 years and above who consume alcohol (%),56.9,60.9,False,False
Arunachal Pradesh,Dibang Valley,Population and Household Profile,1,Population below age 5 years (%),7.8,6.7,False,False
Arunachal Pradesh,Dibang Valley,Population and Household Profile,2,Population below age 15 years (%),19.7,22.1,False,False
Arunachal Pradesh,Dibang Valley,Population and Household Profile,3,Population age 60 years and above (%),10.3,11.2,False,False
Arunachal Pradesh,Dibang Valley,Population and Household Profile,4,Population living in households with electricity (%),92.8,79.2,False,False
Arunachal Pradesh,Dibang Valley,Population and Household Profile,5,Population living in households with an improved drinking-water source1 (%),90.6,100.0,False,False
Arunachal Pradesh,Dibang Valley,Population and Household Profile,6,Households using iodized salt (%),97.9,99.6,False,False
Arunachal Pradesh,Dibang Valley,Population and Household Profile,7,Households with any usual member covered under a health insurance/financing scheme (%),45.3,28.7,False,False
Arunachal Pradesh,Dibang Valley,Population and Household Profile,8,Households with any usual member having a bank account/post office account (%),95.9,90.3,False,False
Arunachal Pradesh,Dibang Valley,Population and Household Profile,9,Female population age 6 years and above who ever attended school (%),64.1,67.6,False,False
Arunachal Pradesh,Dibang Valley,Population and Household Profile,10,Households with any usual female members owning a house and/or land (alone or jointly with others) (%),15.9,22.4,False,False
Arunachal Pradesh,Dibang Valley,Population and Household Profile,11,Children age 2-4 years who attended pre-school (%),51.7,23.8,False,False
Arunachal Pradesh,Dibang Valley,Characteristics of Adults (age 15-49 years),12,Women with 10 or more years of schooling (%),47.3,43.2,False,False
Arunachal Pradesh,Dibang Valley,Characteristics of Adults (age 15-49 years),13,Men with 10 or more years of schooling (%),55.3,58.4,False,False
Arunachal Pradesh,Dibang Valley,Characteristics of Adults (age 15-49 years),14,Women who have ever used the internet (%),52.9,40.9,False,False
Arunachal Pradesh,Dibang Valley,Characteristics of Adults (age 15-49 years),15,Men who have ever used the internet (%),70.2,62.8,False,False
Arunachal Pradesh,Dibang Valley,Marriage and Fertility,16,Women age 20-24 years married before age 18 years (%),13.4,20.7,False,False
Arunachal Pradesh,Dibang Valley,Marriage and Fertility,17,Men age 25-29 years married before age 21 years (%),*,*,True,False
Arunachal Pradesh,Dibang Valley,Marriage and Fertility,18,Three or more births in the 5 years preceding the survey (%),0.0,1.3,False,False
Arunachal Pradesh,Dibang Valley,Marriage and Fertility,19,Women age 15-19 years who were already mothers or pregnant at the time of the survey (%),11.0,0.7,False,False
Arunachal Pradesh,Dibang Valley,Marriage and Fertility,20,Any method2 (%),68.9,69.1,False,False
Arunachal Pradesh,Dibang Valley,Marriage and Fertility,21,Any modern method2 (%),55.9,49.7,False,False
Arunachal Pradesh,Dibang Valley,Marriage and Fertility,22,Any traditional method (%),13.0,19.4,False,False
Arunachal Pradesh,Dibang Valley,Marriage and Fertility,23,Female sterilization (%),20.2,23.9,False,False
Arunachal Pradesh,Dibang Valley,Marriage and Fertility,24,Male sterilization (%),0.0,0.0,False,False
Arunachal Pradesh,Dibang Valley,Marriage and Fertility,25,Total unmet need3 (%),8.6,4.6,False,False
Arunachal Pradesh,Dibang Valley,Marriage and Fertility,26,Unmet need for spacing3 (%),4.2,3.3,False,False
Arunachal Pradesh,Dibang Valley,Marriage and Fertility,27,Unmet need for limiting3 (%),4.4,1.3,False,False
Arunachal Pradesh,Dibang Valley,Antenatal Care (for last birth in the 5 years before the survey),28,Mothers who had an antenatal check-up in the first trimester (%),70.3,60.7,False,False
Arunachal Pradesh,Dibang Valley,Antenatal Care (for last birth in the 5 years before the survey),29,Mothers who had any antenatal care visits (%),79.4,87.8,False,False
Arunachal Pradesh,Dibang Valley,Antenatal Care (for last birth in the 5 years before the survey),30,Mothers who had at least 4 antenatal care visits (%),38.0,40.4,False,False
Arunachal Pradesh,Dibang Valley,Antenatal Care (for last birth in the 5 years before the survey),31,Mothers whose last birth was protected against neonatal tetanus 4 (%),89.1,85.2,False,False
Arunachal Pradesh,Dibang Valley,Antenatal Care (for last birth in the 5 years before the survey),32,Mothers who consumed iron folic acid for 100 days or more when they were pregnant (%),20.9,25.4,False,False
Arunachal Pradesh,Dibang Valley,Antenatal Care (for last birth in the 5 years before the survey),33,Mothers who consumed iron folic acid for 180 days or more when they were pregnant (%),11.0,8.1,False,False
Arunachal Pradesh,Dibang Valley,Antenatal Care (for last birth in the 5 years before the survey),34,Registered pregnancies for which the mother received a Mother and Child Protection (MCP) card (%),97.2,95.8,False,False
Arunachal Pradesh,Dibang Valley,Delivery Care (for births in the 5 years before the survey),35,Institutional births (%),90.2,85.5,False,False
Arunachal Pradesh,Dibang Valley,Delivery Care (for births in the 5 years before the survey),36,Institutional births in public facility (%),73.5,78.8,False,False
Arunachal Pradesh,Dibang Valley,Delivery Care (for births in the 5 years before the survey),37,Births attended by skilled health personnel5 (%),92.3,88.1,False,False
Arunachal Pradesh,Dibang Valley,Delivery Care (for births in the 5 years before the survey),38,Births delivered by caesarean section (%),20.3,10.3,False,False
Arunachal Pradesh,Dibang Valley,Delivery Care (for births in the 5 years before the survey),39,Births in a private health facility that were delivered by caesarean section (%),*,*,True,False
Arunachal Pradesh,Dibang Valley,Delivery Care (for births in the 5 years before the survey),40,Births in a public health facility that were delivered by caesarean section (%),15.4,6.9,False,False
Arunachal Pradesh,Dibang Valley,Postnatal Care (for last birth in the 5 years before the survey),41,Mothers who received postnatal care from a doctor/nurse/LHV/ANM/midwife/other health personnel within 2 days of delivery+ (%),63.5,66.2,False,False
Arunachal Pradesh,Dibang Valley,Postnatal Care (for last birth in the 5 years before the survey),42,Children born at home who were taken to a health facility for a check-up within 24 hours of birth (%),*,4.7,True,False
Arunachal Pradesh,Dibang Valley,Postnatal Care (for last birth in the 5 years before the survey),43,Children who received postnatal care from a doctor/nurse/LHV/ANM/midwife/other health personnel within 2 days of delivery+ (%),65.4,58.3,False,False
Arunachal Pradesh,Dibang Valley,Child Vaccinations and Vitamin A Supplementation,44,Children age 12-23 months fully vaccinated based on information from either vaccination card or mother's recall6 (%),81.7,90.7,True,False
Arunachal Pradesh,Dibang Valley,Child Vaccinations and Vitamin A Supplementation,45,Children age 12-23 months fully vaccinated based on information from vaccination card only 7 (%),87.5,91.2,True,False
Arunachal Pradesh,Dibang Valley,Child Vaccinations and Vitamin A Supplementation,46,Children age 12-23 months who have received any vaccine (%),97.8,97.3,True,False
Arunachal Pradesh,Dibang Valley,Child Vaccinations and Vitamin A Supplementation,47,Children age 12-23 months who have received BCG (%),97.8,97.3,True,False
Arunachal Pradesh,Dibang Valley,Child Vaccinations and Vitamin A Supplementation,48,Children age 12-23 months who have received 3 doses of polio vaccine8 (%),89.7,90.7,True,False
Arunachal Pradesh,Dibang Valley,Child Vaccinations and Vitamin A Supplementation,49,Children age 12-23 months who have received 3 doses of pentavalent vaccine (%),86.1,90.7,True,False
Arunachal Pradesh,Dibang Valley,Child Vaccinations and Vitamin A Supplementation,50,Children age 12-23 months who have received the first dose of measles-containing vaccine (MCV) (%),93.6,90.7,True,False
Arunachal Pradesh,Dibang Valley,Child Vaccinations and Vitamin A Supplementation,51,Children age 24-35 months who have received a second dose of measles-containing vaccine (MCV) (%),63.2,65.1,True,False
Arunachal Pradesh,Dibang Valley,Child Vaccinations and Vitamin A Supplementation,52,Children age 12-23 months who have received birth dose of hepatitis B vaccine (%),79.3,85.8,True,False
Arunachal Pradesh,Dibang Valley,Child Vaccinations and Vitamin A Supplementation,53,Children age 12-23 months who have received 3 doses of rotavirus vaccine (%),79.7,57.9,True,False
Arunachal Pradesh,Dibang Valley,Child Vaccinations and Vitamin A Supplementation,54,Children age 9-35 months who received a vitamin A dose in the last 6 months (%),73.3,58.0,False,False
Arunachal Pradesh,Dibang Valley,Child Vaccinations and Vitamin A Supplementation,55,Children age 12-23 months who received most of their vaccinations in a public health facility (%),100.0,96.6,True,False
Arunachal Pradesh,Dibang Valley,Child Vaccinations and Vitamin A Supplementation,56,Children age 12-23 months who received most of their vaccinations in a private health facility (%),0.0,3.4,True,False
Arunachal Pradesh,Dibang Valley,Treatment of Childhood Diseases (children under age 5 years),57,Prevalence of diarrhoea in the 2 weeks preceding the survey (%),3.2,3.9,False,False
Arunachal Pradesh,Dibang Valley,Treatment of Childhood Diseases (children under age 5 years),58,Prevalence of symptoms of acute respiratory infection (ARI) in the 2 weeks preceding the survey (%),0.0,0.7,False,False
Arunachal Pradesh,Dibang Valley,Treatment of Childhood Diseases (children under age 5 years),59,Children with fever or symptoms of ARI in the 2 weeks preceding the survey taken to a health facility or health provider (%),*,*,True,False
Arunachal Pradesh,Dibang Valley,Child Feeding Practices and Nutritional Status of Children,60,Children under age 3 years breastfed within one hour of birth 9 (%),36.1,66.5,False,False
Arunachal Pradesh,Dibang Valley,Child Feeding Practices and Nutritional Status of Children,61,Children under age 6 months exclusively breastfed10 (%),*,*,True,False
Arunachal Pradesh,Dibang Valley,Child Feeding Practices and Nutritional Status of Children,62,Children under age 6 months currently breastfeeding10 (%),*,*,True,False
Arunachal Pradesh,Dibang Valley,Child Feeding Practices and Nutritional Status of Children,63,Children under age 6 months exclusively breastfed or breastfeeding and consuming plain water/other milk only10 (%),*,*,True,False
Arunachal Pradesh,Dibang Valley,Child Feeding Practices and Nutritional Status of Children,64,Children age 6-8 months receiving solid or semi-solid food and breastmilk10 (%),*,*,True,False
Arunachal Pradesh,Dibang Valley,Child Feeding Practices and Nutritional Status of Children,65,"Breastfeeding children age 6-23 months receiving an adequate diet10, 11 (%)",29.8,10.1,True,False
Arunachal Pradesh,Dibang Valley,Child Feeding Practices and Nutritional Status of Children,66,"Non-breastfeeding children age 6-23 months receiving an adequate diet 10, 11 (%)",*,*,True,False
Arunachal Pradesh,Dibang Valley,Child Feeding Practices and Nutritional Status of Children,67,"Total children age 6-23 months receiving an adequate diet10, 11 (%)",32.9,11.0,True,False
Arunachal Pradesh,Dibang Valley,Child Feeding Practices and Nutritional Status of Children,68,Children under 5 years who are stunted (height-for-age)12 (%),21.7,16.9,False,False
Arunachal Pradesh,Dibang Valley,Child Feeding Practices and Nutritional Status of Children,69,Children under 5 years who are wasted (weight-for-height)12 (%),14.4,18.1,False,False
Arunachal Pradesh,Dibang Valley,Child Feeding Practices and Nutritional Status of Children,70,Children under 5 years who are severely wasted (weight-for-height)13 (%),7.6,7.8,False,False
Arunachal Pradesh,Dibang Valley,Child Feeding Practices and Nutritional Status of Children,71,Children under 5 years who are underweight (weight-for-age)12 (%),12.7,16.0,False,False
Arunachal Pradesh,Dibang Valley,Child Feeding Practices and Nutritional Status of Children,72,Children under 5 years who are overweight (weight-for-height)14 (%),7.9,4.6,False,False
Arunachal Pradesh,Dibang Valley,Nutritional Status of Adults (age 15-49 years),73,Women whose Body Mass Index (BMI) is below normal (BMI <18.5 kg/m 2)15 (%),4.1,3.8,False,False
Arunachal Pradesh,Dibang Valley,Nutritional Status of Adults (age 15-49 years),74,Women who are overweight or obese (BMI ≥25.0 kg/m2)15 (%),36.1,21.7,False,False
Arunachal Pradesh,Dibang Valley,Women,75,Blood sugar level - high (141-160 mg/dl)16 (%),7.5,3.5,False,False
Arunachal Pradesh,Dibang Valley,Women,76,Blood sugar level - very high (>160 mg/dl)16 (%),5.7,5.2,False,False
Arunachal Pradesh,Dibang Valley,Women,77,Blood sugar level - high or very high (>140 mg/dl) or taking medicine to control blood sugar level16 (%),13.9,9.4,False,False
Arunachal Pradesh,Dibang Valley,Men,78,Blood sugar level - high (141-160 mg/dl)16 (%),6.7,5.5,False,False
Arunachal Pradesh,Dibang Valley,Men,79,Blood sugar level - very high (>160 mg/dl)16 (%),3.1,6.2,False,False
Arunachal Pradesh,Dibang Valley,Men,80,Blood sugar level - high or very high (>140 mg/dl) or taking medicine to control blood sugar level 16 (%),10.7,12.2,False,False
Arunachal Pradesh,Dibang Valley,Women,81,Mildly elevated blood pressure (Systolic 140-159 mm of Hg and/or Diastolic 90-99 mm of Hg) (%),15.0,20.2,False,False
Arunachal Pradesh,Dibang Valley,Women,82,Moderately or severely elevated blood pressure (Systolic ≥160 mm of Hg and/or Diastolic ≥100 mm of Hg) (%),7.2,10.6,False,False
Arunachal Pradesh,Dibang Valley,Women,83,Elevated blood pressure (Systolic ≥140 mm of Hg and/or Diastolic ≥90 mm of Hg) or taking medicine to control blood pressure (%),24.7,32.2,False,False
Arunachal Pradesh,Dibang Valley,Men,84,Mildly elevated blood pressure (Systolic 140-159 mm of Hg and/or Diastolic 90-99 mm of Hg) (%),19.2,28.8,False,False
Arunachal Pradesh,Dibang Valley,Men,85,Moderately or severely elevated blood pressure (Systolic ≥160 mm of Hg and/or Diastolic ≥100 mm of Hg) (%),8.0,15.5,False,False
Arunachal Pradesh,Dibang Valley,Men,86,Elevated blood pressure (Systolic ≥140 mm of Hg and/or Diastolic ≥90 mm of Hg) or taking medicine to control blood pressure (%),28.8,45.4,False,False
Arunachal Pradesh,Dibang Valley,Men,87,Women having a bank or savings account that they themselves use (%),92.0,85.9,False,False
Arunachal Pradesh,Dibang Valley,Men,88,Women having a mobile phone that they themselves use (%),92.1,86.3,False,False
Arunachal Pradesh,Dibang Valley,Men,89,Women age 15-24 years who use hygienic methods of protection during their menstrual period17 (%),90.2,88.6,False,False
Arunachal Pradesh,Dibang Valley,Tobacco Use and Alcohol Consumption among Adults (age 15 years and above),90,Women age 15 years and above who use any kind of tobacco (%),20.9,20.3,False,False
Arunachal Pradesh,Dibang Valley,Tobacco Use and Alcohol Consumption among Adults (age 15 years and above),91,Men age 15 years and above who use any kind of tobacco (%),62.7,55.4,False,False
Arunachal Pradesh,Dibang Valley,Tobacco Use and Alcohol Consumption among Adults (age 15 years and above),92,Women age 15 years and above who consume alcohol (%),27.9,27.9,False,False
Arunachal Pradesh,Dibang Valley,Tobacco Use and Alcohol Consumption among Adults (age 15 years and above),93,Men age 15 years and above who consume alcohol (%),64.7,64.3,False,False
Arunachal Pradesh,East Kameng,Population and Household Profile,1,Population below age 5 years (%),6.9,,False,True
Arunachal Pradesh,East Kameng,Population and Household Profile,2,Population below age 15 years (%),24.4,,False,True
Arunachal Pradesh,East Kameng,Population and Household Profile,3,Population age 60 years and above (%),12.1,,False,True
Arunachal Pradesh,East Kameng,Population and Household Profile,4,Population living in households with electricity (%),97.8,,False,True
Arunachal Pradesh,East Kameng,Population and Household Profile,5,Population living in households with an improved drinking-water source1 (%),99.4,,False,True
Arunachal Pradesh,East Kameng,Population and Household Profile,6,Households using iodized salt (%),99.7,,False,True
Arunachal Pradesh,East Kameng,Population and Household Profile,7,Households with any usual member covered under a health insurance/financing scheme (%),65.0,,False,True
Arunachal Pradesh,East Kameng,Population and Household Profile,8,Households with any usual member having a bank account/post office account (%),97.9,,False,True
Arunachal Pradesh,East Kameng,Population and Household Profile,9,Female population age 6 years and above who ever attended school (%),63.2,,False,True
Arunachal Pradesh,East Kameng,Population and Household Profile,10,Households with any usual female members owning a house and/or land (alone or jointly with others) (%),18.6,,False,True
Arunachal Pradesh,East Kameng,Population and Household Profile,11,Children age 2-4 years who attended pre-school (%),25.0,,False,True
Arunachal Pradesh,East Kameng,Characteristics of Adults (age 15-49 years),12,Women with 10 or more years of schooling (%),46.3,,False,True
Arunachal Pradesh,East Kameng,Characteristics of Adults (age 15-49 years),13,Men with 10 or more years of schooling (%),68.4,,False,True
Arunachal Pradesh,East Kameng,Characteristics of Adults (age 15-49 years),14,Women who have ever used the internet (%),79.5,,False,True
Arunachal Pradesh,East Kameng,Characteristics of Adults (age 15-49 years),15,Men who have ever used the internet (%),95.0,,False,True
Arunachal Pradesh,East Kameng,Marriage and Fertility,16,Women age 20-24 years married before age 18 years (%),19.3,,False,True
Arunachal Pradesh,East Kameng,Marriage and Fertility,17,Men age 25-29 years married before age 21 years (%),*,,True,True
Arunachal Pradesh,East Kameng,Marriage and Fertility,18,Three or more births in the 5 years preceding the survey (%),1.1,,False,True
Arunachal Pradesh,East Kameng,Marriage and Fertility,19,Women age 15-19 years who were already mothers or pregnant at the time of the survey (%),5.0,,False,True
Arunachal Pradesh,East Kameng,Marriage and Fertility,20,Any method2 (%),66.8,,False,True
Arunachal Pradesh,East Kameng,Marriage and Fertility,21,Any modern method2 (%),53.4,,False,True
Arunachal Pradesh,East Kameng,Marriage and Fertility,22,Any traditional method (%),13.4,,False,True
Arunachal Pradesh,East Kameng,Marriage and Fertility,23,Female sterilization (%),24.9,,False,True
Arunachal Pradesh,East Kameng,Marriage and Fertility,24,Male sterilization (%),0.0,,False,True
Arunachal Pradesh,East Kameng,Marriage and Fertility,25,Total unmet need3 (%),9.5,,False,True
Arunachal Pradesh,East Kameng,Marriage and Fertility,26,Unmet need for spacing3 (%),5.3,,False,True
Arunachal Pradesh,East Kameng,Marriage and Fertility,27,Unmet need for limiting3 (%),4.2,,False,True
Arunachal Pradesh,East Kameng,Antenatal Care (for last birth in the 5 years before the survey),28,Mothers who had an antenatal check-up in the first trimester (%),50.0,,False,True
Arunachal Pradesh,East Kameng,Antenatal Care (for last birth in the 5 years before the survey),29,Mothers who had any antenatal care visits (%),83.0,,False,True
Arunachal Pradesh,East Kameng,Antenatal Care (for last birth in the 5 years before the survey),30,Mothers who had at least 4 antenatal care visits (%),46.4,,False,True
Arunachal Pradesh,East Kameng,Antenatal Care (for last birth in the 5 years before the survey),31,Mothers whose last birth was protected against neonatal tetanus 4 (%),81.1,,False,True
Arunachal Pradesh,East Kameng,Antenatal Care (for last birth in the 5 years before the survey),32,Mothers who consumed iron folic acid for 100 days or more when they were pregnant (%),31.9,,False,True
Arunachal Pradesh,East Kameng,Antenatal Care (for last birth in the 5 years before the survey),33,Mothers who consumed iron folic acid for 180 days or more when they were pregnant (%),15.7,,False,True
Arunachal Pradesh,East Kameng,Antenatal Care (for last birth in the 5 years before the survey),34,Registered pregnancies for which the mother received a Mother and Child Protection (MCP) card (%),95.7,,False,True
Arunachal Pradesh,East Kameng,Delivery Care (for births in the 5 years before the survey),35,Institutional births (%),80.7,,False,True
Arunachal Pradesh,East Kameng,Delivery Care (for births in the 5 years before the survey),36,Institutional births in public facility (%),75.7,,False,True
Arunachal Pradesh,East Kameng,Delivery Care (for births in the 5 years before the survey),37,Births attended by skilled health personnel5 (%),82.1,,False,True
Arunachal Pradesh,East Kameng,Delivery Care (for births in the 5 years before the survey),38,Births delivered by caesarean section (%),11.2,,False,True
Arunachal Pradesh,East Kameng,Delivery Care (for births in the 5 years before the survey),39,Births in a private health facility that were delivered by caesarean section (%),*,,True,True
Arunachal Pradesh,East Kameng,Delivery Care (for births in the 5 years before the survey),40,Births in a public health facility that were delivered by caesarean section (%),11.8,,False,True
Arunachal Pradesh,East Kameng,Postnatal Care (for last birth in the 5 years before the survey),41,Mothers who received postnatal care from a doctor/nurse/LHV/ANM/midwife/other health personnel within 2 days of delivery+ (%),45.4,,False,True
Arunachal Pradesh,East Kameng,Postnatal Care (for last birth in the 5 years before the survey),42,Children born at home who were taken to a health facility for a check-up within 24 hours of birth (%),0.0,,True,True
Arunachal Pradesh,East Kameng,Postnatal Care (for last birth in the 5 years before the survey),43,Children who received postnatal care from a doctor/nurse/LHV/ANM/midwife/other health personnel within 2 days of delivery+ (%),51.8,,False,True
Arunachal Pradesh,East Kameng,Child Vaccinations and Vitamin A Supplementation,44,Children age 12-23 months fully vaccinated based on information from either vaccination card or mother's recall6 (%),44.4,,True,True
Arunachal Pradesh,East Kameng,Child Vaccinations and Vitamin A Supplementation,45,Children age 12-23 months fully vaccinated based on information from vaccination card only 7 (%),*,,True,True
Arunachal Pradesh,East Kameng,Child Vaccinations and Vitamin A Supplementation,46,Children age 12-23 months who have received any vaccine (%),71.2,,True,True
Arunachal Pradesh,East Kameng,Child Vaccinations and Vitamin A Supplementation,47,Children age 12-23 months who have received BCG (%),70.3,,True,True
Arunachal Pradesh,East Kameng,Child Vaccinations and Vitamin A Supplementation,48,Children age 12-23 months who have received 3 doses of polio vaccine8 (%),47.8,,True,True
Arunachal Pradesh,East Kameng,Child Vaccinations and Vitamin A Supplementation,49,Children age 12-23 months who have received 3 doses of pentavalent vaccine (%),52.5,,True,True
Arunachal Pradesh,East Kameng,Child Vaccinations and Vitamin A Supplementation,50,Children age 12-23 months who have received the first dose of measles-containing vaccine (MCV) (%),50.0,,True,True
Arunachal Pradesh,East Kameng,Child Vaccinations and Vitamin A Supplementation,51,Children age 24-35 months who have received a second dose of measles-containing vaccine (MCV) (%),30.8,,True,True
Arunachal Pradesh,East Kameng,Child Vaccinations and Vitamin A Supplementation,52,Children age 12-23 months who have received birth dose of hepatitis B vaccine (%),50.4,,True,True
Arunachal Pradesh,East Kameng,Child Vaccinations and Vitamin A Supplementation,53,Children age 12-23 months who have received 3 doses of rotavirus vaccine (%),47.3,,True,True
Arunachal Pradesh,East Kameng,Child Vaccinations and Vitamin A Supplementation,54,Children age 9-35 months who received a vitamin A dose in the last 6 months (%),60.3,,False,True
Arunachal Pradesh,East Kameng,Child Vaccinations and Vitamin A Supplementation,55,Children age 12-23 months who received most of their vaccinations in a public health facility (%),*,,True,True
Arunachal Pradesh,East Kameng,Child Vaccinations and Vitamin A Supplementation,56,Children age 12-23 months who received most of their vaccinations in a private health facility (%),*,,True,True
Arunachal Pradesh,East Kameng,Treatment of Childhood Diseases (children under age 5 years),57,Prevalence of diarrhoea in the 2 weeks preceding the survey (%),3.7,,False,True
Arunachal Pradesh,East Kameng,Treatment of Childhood Diseases (children under age 5 years),58,Prevalence of symptoms of acute respiratory infection (ARI) in the 2 weeks preceding the survey (%),0.0,,False,True
Arunachal Pradesh,East Kameng,Treatment of Childhood Diseases (children under age 5 years),59,Children with fever or symptoms of ARI in the 2 weeks preceding the survey taken to a health facility or health provider (%),*,,True,True
Arunachal Pradesh,East Kameng,Child Feeding Practices and Nutritional Status of Children,60,Children under age 3 years breastfed within one hour of birth 9 (%),49.8,,False,True
Arunachal Pradesh,East Kameng,Child Feeding Practices and Nutritional Status of Children,61,Children under age 6 months exclusively breastfed10 (%),*,,True,True
Arunachal Pradesh,East Kameng,Child Feeding Practices and Nutritional Status of Children,62,Children under age 6 months currently breastfeeding10 (%),*,,True,True
Arunachal Pradesh,East Kameng,Child Feeding Practices and Nutritional Status of Children,63,Children under age 6 months exclusively breastfed or breastfeeding and consuming plain water/other milk only10 (%),*,,True,True
Arunachal Pradesh,East Kameng,Child Feeding Practices and Nutritional Status of Children,64,Children age 6-8 months receiving solid or semi-solid food and breastmilk10 (%),*,,True,True
Arunachal Pradesh,East Kameng,Child Feeding Practices and Nutritional Status of Children,65,"Breastfeeding children age 6-23 months receiving an adequate diet10, 11 (%)",21.9,,True,True
Arunachal Pradesh,East Kameng,Child Feeding Practices and Nutritional Status of Children,66,"Non-breastfeeding children age 6-23 months receiving an adequate diet 10, 11 (%)",*,,True,True
Arunachal Pradesh,East Kameng,Child Feeding Practices and Nutritional Status of Children,67,"Total children age 6-23 months receiving an adequate diet10, 11 (%)",21.5,,True,True
Arunachal Pradesh,East Kameng,Child Feeding Practices and Nutritional Status of Children,68,Children under 5 years who are stunted (height-for-age)12 (%),36.1,,False,True
Arunachal Pradesh,East Kameng,Child Feeding Practices and Nutritional Status of Children,69,Children under 5 years who are wasted (weight-for-height)12 (%),10.1,,False,True
Arunachal Pradesh,East Kameng,Child Feeding Practices and Nutritional Status of Children,70,Children under 5 years who are severely wasted (weight-for-height)13 (%),5.5,,False,True
Arunachal Pradesh,East Kameng,Child Feeding Practices and Nutritional Status of Children,71,Children under 5 years who are underweight (weight-for-age)12 (%),17.3,,False,True
Arunachal Pradesh,East Kameng,Child Feeding Practices and Nutritional Status of Children,72,Children under 5 years who are overweight (weight-for-height)14 (%),13.0,,False,True
Arunachal Pradesh,East Kameng,Nutritional Status of Adults (age 15-49 years),73,Women whose Body Mass Index (BMI) is below normal (BMI <18.5 kg/m 2)15 (%),2.9,,False,True
Arunachal Pradesh,East Kameng,Nutritional Status of Adults (age 15-49 years),74,Women who are overweight or obese (BMI ≥25.0 kg/m2)15 (%),23.0,,False,True
Arunachal Pradesh,East Kameng,Women,75,Blood sugar level - high (141-160 mg/dl)16 (%),7.2,,False,True
Arunachal Pradesh,East Kameng,Women,76,Blood sugar level - very high (>160 mg/dl)16 (%),3.2,,False,True
Arunachal Pradesh,East Kameng,Women,77,Blood sugar level - high or very high (>140 mg/dl) or taking medicine to control blood sugar level16 (%),11.0,,False,True
Arunachal Pradesh,East Kameng,Men,78,Blood sugar level - high (141-160 mg/dl)16 (%),8.8,,False,True
Arunachal Pradesh,East Kameng,Men,79,Blood sugar level - very high (>160 mg/dl)16 (%),2.2,,False,True
Arunachal Pradesh,East Kameng,Men,80,Blood sugar level - high or very high (>140 mg/dl) or taking medicine to control blood sugar level 16 (%),11.7,,False,True
Arunachal Pradesh,East Kameng,Women,81,Mildly elevated blood pressure (Systolic 140-159 mm of Hg and/or Diastolic 90-99 mm of Hg) (%),13.8,,False,True
Arunachal Pradesh,East Kameng,Women,82,Moderately or severely elevated blood pressure (Systolic ≥160 mm of Hg and/or Diastolic ≥100 mm of Hg) (%),3.0,,False,True
Arunachal Pradesh,East Kameng,Women,83,Elevated blood pressure (Systolic ≥140 mm of Hg and/or Diastolic ≥90 mm of Hg) or taking medicine to control blood pressure (%),18.4,,False,True
Arunachal Pradesh,East Kameng,Men,84,Mildly elevated blood pressure (Systolic 140-159 mm of Hg and/or Diastolic 90-99 mm of Hg) (%),16.9,,False,True
Arunachal Pradesh,East Kameng,Men,85,Moderately or severely elevated blood pressure (Systolic ≥160 mm of Hg and/or Diastolic ≥100 mm of Hg) (%),3.5,,False,True
Arunachal Pradesh,East Kameng,Men,86,Elevated blood pressure (Systolic ≥140 mm of Hg and/or Diastolic ≥90 mm of Hg) or taking medicine to control blood pressure (%),21.6,,False,True
Arunachal Pradesh,East Kameng,Men,87,Women having a bank or savings account that they themselves use (%),95.7,,False,True
Arunachal Pradesh,East Kameng,Men,88,Women having a mobile phone that they themselves use (%),95.4,,False,True
Arunachal Pradesh,East Kameng,Men,89,Women age 15-24 years who use hygienic methods of protection during their menstrual period17 (%),99.7,,False,True
Arunachal Pradesh,East Kameng,Tobacco Use and Alcohol Consumption among Adults (age 15 years and above),90,Women age 15 years and above who use any kind of tobacco (%),25.3,,False,True
Arunachal Pradesh,East Kameng,Tobacco Use and Alcohol Consumption among Adults (age 15 years and above),91,Men age 15 years and above who use any kind of tobacco (%),51.7,,False,True
Arunachal Pradesh,East Kameng,Tobacco Use and Alcohol Consumption among Adults (age 15 years and above),92,Women age 15 years and above who consume alcohol (%),30.9,,False,True
Arunachal Pradesh,East Kameng,Tobacco Use and Alcohol Consumption among Adults (age 15 years and above),93,Men age 15 years and above who consume alcohol (%),53.6,,False,True
Arunachal Pradesh,East Siang,Population and Household Profile,1,Population below age 5 years (%),5.8,,False,True
Arunachal Pradesh,East Siang,Population and Household Profile,2,Population below age 15 years (%),22.1,,False,True
Arunachal Pradesh,East Siang,Population and Household Profile,3,Population age 60 years and above (%),7.9,,False,True
Arunachal Pradesh,East Siang,Population and Household Profile,4,Population living in households with electricity (%),99.6,,False,True
Arunachal Pradesh,East Siang,Population and Household Profile,5,Population living in households with an improved drinking-water source1 (%),99.2,,False,True
Arunachal Pradesh,East Siang,Population and Household Profile,6,Households using iodized salt (%),99.6,,False,True
Arunachal Pradesh,East Siang,Population and Household Profile,7,Households with any usual member covered under a health insurance/financing scheme (%),34.5,,False,True
Arunachal Pradesh,East Siang,Population and Household Profile,8,Households with any usual member having a bank account/post office account (%),93.2,,False,True
Arunachal Pradesh,East Siang,Population and Household Profile,9,Female population age 6 years and above who ever attended school (%),69.0,,False,True
Arunachal Pradesh,East Siang,Population and Household Profile,10,Households with any usual female members owning a house and/or land (alone or jointly with others) (%),13.8,,False,True
Arunachal Pradesh,East Siang,Population and Household Profile,11,Children age 2-4 years who attended pre-school (%),35.0,,False,True
Arunachal Pradesh,East Siang,Characteristics of Adults (age 15-49 years),12,Women with 10 or more years of schooling (%),61.6,,False,True
Arunachal Pradesh,East Siang,Characteristics of Adults (age 15-49 years),13,Men with 10 or more years of schooling (%),68.2,,False,True
Arunachal Pradesh,East Siang,Characteristics of Adults (age 15-49 years),14,Women who have ever used the internet (%),58.5,,False,True
Arunachal Pradesh,East Siang,Characteristics of Adults (age 15-49 years),15,Men who have ever used the internet (%),66.2,,False,True
Arunachal Pradesh,East Siang,Marriage and Fertility,16,Women age 20-24 years married before age 18 years (%),14.2,,False,True
Arunachal Pradesh,East Siang,Marriage and Fertility,17,Men age 25-29 years married before age 21 years (%),7.5,,True,True
Arunachal Pradesh,East Siang,Marriage and Fertility,18,Three or more births in the 5 years preceding the survey (%),1.3,,False,True
Arunachal Pradesh,East Siang,Marriage and Fertility,19,Women age 15-19 years who were already mothers or pregnant at the time of the survey (%),5.0,,False,True
Arunachal Pradesh,East Siang,Marriage and Fertility,20,Any method2 (%),51.2,,False,True
Arunachal Pradesh,East Siang,Marriage and Fertility,21,Any modern method2 (%),43.0,,False,True
Arunachal Pradesh,East Siang,Marriage and Fertility,22,Any traditional method (%),8.2,,False,True
Arunachal Pradesh,East Siang,Marriage and Fertility,23,Female sterilization (%),17.3,,False,True
Arunachal Pradesh,East Siang,Marriage and Fertility,24,Male sterilization (%),0.1,,False,True
Arunachal Pradesh,East Siang,Marriage and Fertility,25,Total unmet need3 (%),12.1,,False,True
Arunachal Pradesh,East Siang,Marriage and Fertility,26,Unmet need for spacing3 (%),7.9,,False,True
Arunachal Pradesh,East Siang,Marriage and Fertility,27,Unmet need for limiting3 (%),4.2,,False,True
Arunachal Pradesh,East Siang,Antenatal Care (for last birth in the 5 years before the survey),28,Mothers who had an antenatal check-up in the first trimester (%),60.0,,False,True
Arunachal Pradesh,East Siang,Antenatal Care (for last birth in the 5 years before the survey),29,Mothers who had any antenatal care visits (%),76.2,,False,True
Arunachal Pradesh,East Siang,Antenatal Care (for last birth in the 5 years before the survey),30,Mothers who had at least 4 antenatal care visits (%),40.8,,False,True
Arunachal Pradesh,East Siang,Antenatal Care (for last birth in the 5 years before the survey),31,Mothers whose last birth was protected against neonatal tetanus 4 (%),81.1,,False,True
Arunachal Pradesh,East Siang,Antenatal Care (for last birth in the 5 years before the survey),32,Mothers who consumed iron folic acid for 100 days or more when they were pregnant (%),21.5,,False,True
Arunachal Pradesh,East Siang,Antenatal Care (for last birth in the 5 years before the survey),33,Mothers who consumed iron folic acid for 180 days or more when they were pregnant (%),13.6,,False,True
Arunachal Pradesh,East Siang,Antenatal Care (for last birth in the 5 years before the survey),34,Registered pregnancies for which the mother received a Mother and Child Protection (MCP) card (%),100.0,,False,True
Arunachal Pradesh,East Siang,Delivery Care (for births in the 5 years before the survey),35,Institutional births (%),88.5,,False,True
Arunachal Pradesh,East Siang,Delivery Care (for births in the 5 years before the survey),36,Institutional births in public facility (%),85.6,,False,True
Arunachal Pradesh,East Siang,Delivery Care (for births in the 5 years before the survey),37,Births attended by skilled health personnel5 (%),89.7,,False,True
Arunachal Pradesh,East Siang,Delivery Care (for births in the 5 years before the survey),38,Births delivered by caesarean section (%),21.4,,False,True
Arunachal Pradesh,East Siang,Delivery Care (for births in the 5 years before the survey),39,Births in a private health facility that were delivered by caesarean section (%),*,,True,True
Arunachal Pradesh,East Siang,Delivery Care (for births in the 5 years before the survey),40,Births in a public health facility that were delivered by caesarean section (%),22.8,,False,True
Arunachal Pradesh,East Siang,Postnatal Care (for last birth in the 5 years before the survey),41,Mothers who received postnatal care from a doctor/nurse/LHV/ANM/midwife/other health personnel within 2 days of delivery+ (%),52.8,,False,True
Arunachal Pradesh,East Siang,Postnatal Care (for last birth in the 5 years before the survey),42,Children born at home who were taken to a health facility for a check-up within 24 hours of birth (%),*,,True,True
Arunachal Pradesh,East Siang,Postnatal Care (for last birth in the 5 years before the survey),43,Children who received postnatal care from a doctor/nurse/LHV/ANM/midwife/other health personnel within 2 days of delivery+ (%),55.2,,False,True
Arunachal Pradesh,East Siang,Child Vaccinations and Vitamin A Supplementation,44,Children age 12-23 months fully vaccinated based on information from either vaccination card or mother's recall6 (%),86.7,,True,True
Arunachal Pradesh,East Siang,Child Vaccinations and Vitamin A Supplementation,45,Children age 12-23 months fully vaccinated based on information from vaccination card only 7 (%),86.4,,True,True
Arunachal Pradesh,East Siang,Child Vaccinations and Vitamin A Supplementation,46,Children age 12-23 months who have received any vaccine (%),97.6,,True,True
Arunachal Pradesh,East Siang,Child Vaccinations and Vitamin A Supplementation,47,Children age 12-23 months who have received BCG (%),97.6,,True,True
Arunachal Pradesh,East Siang,Child Vaccinations and Vitamin A Supplementation,48,Children age 12-23 months who have received 3 doses of polio vaccine8 (%),86.7,,True,True
Arunachal Pradesh,East Siang,Child Vaccinations and Vitamin A Supplementation,49,Children age 12-23 months who have received 3 doses of pentavalent vaccine (%),97.6,,True,True
Arunachal Pradesh,East Siang,Child Vaccinations and Vitamin A Supplementation,50,Children age 12-23 months who have received the first dose of measles-containing vaccine (MCV) (%),97.6,,True,True
Arunachal Pradesh,East Siang,Child Vaccinations and Vitamin A Supplementation,51,Children age 24-35 months who have received a second dose of measles-containing vaccine (MCV) (%),59.0,,True,True
Arunachal Pradesh,East Siang,Child Vaccinations and Vitamin A Supplementation,52,Children age 12-23 months who have received birth dose of hepatitis B vaccine (%),91.9,,True,True
Arunachal Pradesh,East Siang,Child Vaccinations and Vitamin A Supplementation,53,Children age 12-23 months who have received 3 doses of rotavirus vaccine (%),95.2,,True,True
Arunachal Pradesh,East Siang,Child Vaccinations and Vitamin A Supplementation,54,Children age 9-35 months who received a vitamin A dose in the last 6 months (%),80.7,,False,True
Arunachal Pradesh,East Siang,Child Vaccinations and Vitamin A Supplementation,55,Children age 12-23 months who received most of their vaccinations in a public health facility (%),97.3,,True,True
Arunachal Pradesh,East Siang,Child Vaccinations and Vitamin A Supplementation,56,Children age 12-23 months who received most of their vaccinations in a private health facility (%),2.7,,True,True
Arunachal Pradesh,East Siang,Treatment of Childhood Diseases (children under age 5 years),57,Prevalence of diarrhoea in the 2 weeks preceding the survey (%),9.6,,False,True
Arunachal Pradesh,East Siang,Treatment of Childhood Diseases (children under age 5 years),58,Prevalence of symptoms of acute respiratory infection (ARI) in the 2 weeks preceding the survey (%),1.3,,False,True
Arunachal Pradesh,East Siang,Treatment of Childhood Diseases (children under age 5 years),59,Children with fever or symptoms of ARI in the 2 weeks preceding the survey taken to a health facility or health provider (%),55.0,,True,True
Arunachal Pradesh,East Siang,Child Feeding Practices and Nutritional Status of Children,60,Children under age 3 years breastfed within one hour of birth9 (%),30.2,,False,True
Arunachal Pradesh,East Siang,Child Feeding Practices and Nutritional Status of Children,61,Children under age 6 months exclusively breastfed10 (%),*,,True,True
Arunachal Pradesh,East Siang,Child Feeding Practices and Nutritional Status of Children,62,Children under age 6 months currently breastfeeding10 (%),*,,True,True
Arunachal Pradesh,East Siang,Child Feeding Practices and Nutritional Status of Children,63,Children under age 6 months exclusively breastfed or breastfeeding and consuming plain water/other milk only10 (%),*,,True,True
Arunachal Pradesh,East Siang,Child Feeding Practices and Nutritional Status of Children,64,Children age 6-8 months receiving solid or semi-solid food and breastmilk10 (%),*,,True,True
Arunachal Pradesh,East Siang,Child Feeding Practices and Nutritional Status of Children,65,"Breastfeeding children age 6-23 months receiving an adequate diet10, 11 (%)",9.6,,True,True
Arunachal Pradesh,East Siang,Child Feeding Practices and Nutritional Status of Children,66,"Non-breastfeeding children age 6-23 months receiving an adequate diet10, 11 (%)",*,,True,True
Arunachal Pradesh,East Siang,Child Feeding Practices and Nutritional Status of Children,67,"Total children age 6-23 months receiving an adequate diet10, 11 (%)",8.7,,False,True
Arunachal Pradesh,East Siang,Child Feeding Practices and Nutritional Status of Children,68,Children under 5 years who are stunted (height-for-age)12 (%),20.4,,False,True
Arunachal Pradesh,East Siang,Child Feeding Practices and Nutritional Status of Children,69,Children under 5 years who are wasted (weight-for-height)12 (%),18.1,,False,True
Arunachal Pradesh,East Siang,Child Feeding Practices and Nutritional Status of Children,70,Children under 5 years who are severely wasted (weight-for-height)13 (%),9.0,,False,True
Arunachal Pradesh,East Siang,Child Feeding Practices and Nutritional Status of Children,71,Children under 5 years who are underweight (weight-for-age)12 (%),17.7,,False,True
Arunachal Pradesh,East Siang,Child Feeding Practices and Nutritional Status of Children,72,Children under 5 years who are overweight (weight-for-height)14 (%),5.1,,False,True
Arunachal Pradesh,East Siang,Nutritional Status of Adults (age 15-49 years),73,Women whose Body Mass Index (BMI) is below normal (BMI <18.5 kg/m2)15 (%),5.2,,False,True
Arunachal Pradesh,East Siang,Nutritional Status of Adults (age 15-49 years),74,Women who are overweight or obese (BMI ≥25.0 kg/m2)15 (%),26.7,,False,True
Arunachal Pradesh,East Siang,Women,75,Blood sugar level - high (141-160 mg/dl)16 (%),6.2,,False,True
Arunachal Pradesh,East Siang,Women,76,Blood sugar level - very high (>160 mg/dl)16 (%),5.4,,False,True
Arunachal Pradesh,East Siang,Women,77,Blood sugar level - high or very high (>140 mg/dl) or taking medicine to control blood sugar level16 (%),11.8,,False,True
Arunachal Pradesh,East Siang,Men,78,Blood sugar level - high (141-160 mg/dl)16 (%),6.4,,False,True
Arunachal Pradesh,East Siang,Men,79,Blood sugar level - very high (>160 mg/dl)16 (%),6.8,,False,True
Arunachal Pradesh,East Siang,Men,80,Blood sugar level - high or very high (>140 mg/dl) or taking medicine to control blood sugar level 16 (%),13.7,,False,True
Arunachal Pradesh,East Siang,Women,81,Mildly elevated blood pressure (Systolic 140-159 mm of Hg and/or Diastolic 90-99 mm of Hg) (%),12.5,,False,True
Arunachal Pradesh,East Siang,Women,82,Moderately or severely elevated blood pressure (Systolic ≥160 mm of Hg and/or Diastolic ≥100 mm of Hg) (%),4.3,,False,True
Arunachal Pradesh,East Siang,Women,83,Elevated blood pressure (Systolic ≥140 mm of Hg and/or Diastolic ≥90 mm of Hg) or taking medicine to control blood pressure (%),18.6,,False,True
Arunachal Pradesh,East Siang,Men,84,Mildly elevated blood pressure (Systolic 140-159 mm of Hg and/or Diastolic 90-99 mm of Hg) (%),19.0,,False,True
Arunachal Pradesh,East Siang,Men,85,Moderately or severely elevated blood pressure (Systolic ≥160 mm of Hg and/or Diastolic ≥100 mm of Hg) (%),6.1,,False,True
Arunachal Pradesh,East Siang,Men,86,Elevated blood pressure (Systolic ≥140 mm of Hg and/or Diastolic ≥90 mm of Hg) or taking medicine to control blood pressure (%),26.1,,False,True
Arunachal Pradesh,East Siang,Men,87,Women having a bank or savings account that they themselves use (%),90.4,,False,True
Arunachal Pradesh,East Siang,Men,88,Women having a mobile phone that they themselves use (%),90.1,,False,True
Arunachal Pradesh,East Siang,Men,89,Women age 15-24 years who use hygienic methods of protection during their menstrual period17 (%),94.5,,False,True
Arunachal Pradesh,East Siang,Tobacco Use and Alcohol Consumption among Adults (age 15 years and above),90,Women age 15 years and above who use any kind of tobacco (%),22.7,,False,True
Arunachal Pradesh,East Siang,Tobacco Use and Alcohol Consumption among Adults (age 15 years and above),91,Men age 15 years and above who use any kind of tobacco (%),54.7,,False,True
Arunachal Pradesh,East Siang,Tobacco Use and Alcohol Consumption among Adults (age 15 years and above),92,Women age 15 years and above who consume alcohol (%),15.4,,False,True
Arunachal Pradesh,East Siang,Tobacco Use and Alcohol Consumption among Adults (age 15 years and above),93,Men age 15 years and above who consume alcohol (%),50.1,,False,True
Arunachal Pradesh,Kamle,Population and Household Profile,1,Population below age 5 years (%),7.3,,False,True
Arunachal Pradesh,Kamle,Population and Household Profile,2,Population below age 15 years (%),22.6,,False,True
Arunachal Pradesh,Kamle,Population and Household Profile,3,Population age 60 years and above (%),15.1,,False,True
Arunachal Pradesh,Kamle,Population and Household Profile,4,Population living in households with electricity (%),99.8,,False,True
Arunachal Pradesh,Kamle,Population and Household Profile,5,Population living in households with an improved drinking-water source1 (%),99.8,,False,True
Arunachal Pradesh,Kamle,Population and Household Profile,6,Households using iodized salt (%),99.5,,False,True
Arunachal Pradesh,Kamle,Population and Household Profile,7,Households with any usual member covered under a health insurance/financing scheme (%),60.4,,False,True
Arunachal Pradesh,Kamle,Population and Household Profile,8,Households with any usual member having a bank account/post office account (%),97.6,,False,True
Arunachal Pradesh,Kamle,Population and Household Profile,9,Female population age 6 years and above who ever attended school (%),59.4,,False,True
Arunachal Pradesh,Kamle,Population and Household Profile,10,Households with any usual female members owning a house and/or land (alone or jointly with others) (%),21.1,,False,True
Arunachal Pradesh,Kamle,Population and Household Profile,11,Children age 2-4 years who attended pre-school (%),12.7,,False,True
Arunachal Pradesh,Kamle,Characteristics of Adults (age 15-49 years),12,Women with 10 or more years of schooling (%),32.9,,False,True
Arunachal Pradesh,Kamle,Characteristics of Adults (age 15-49 years),13,Men with 10 or more years of schooling (%),44.0,,False,True
Arunachal Pradesh,Kamle,Characteristics of Adults (age 15-49 years),14,Women who have ever used the internet (%),75.2,,False,True
Arunachal Pradesh,Kamle,Characteristics of Adults (age 15-49 years),15,Men who have ever used the internet (%),81.0,,False,True
Arunachal Pradesh,Kamle,Marriage and Fertility,16,Women age 20-24 years married before age 18 years (%),33.2,,False,True
Arunachal Pradesh,Kamle,Marriage and Fertility,17,Men age 25-29 years married before age 21 years (%),*,,True,True
Arunachal Pradesh,Kamle,Marriage and Fertility,18,Three or more births in the 5 years preceding the survey (%),1.5,,False,True
Arunachal Pradesh,Kamle,Marriage and Fertility,19,Women age 15-19 years who were already mothers or pregnant at the time of the survey (%),8.5,,False,True
Arunachal Pradesh,Kamle,Marriage and Fertility,20,Any method2 (%),59.9,,False,True
Arunachal Pradesh,Kamle,Marriage and Fertility,21,Any modern method2 (%),48.1,,False,True
Arunachal Pradesh,Kamle,Marriage and Fertility,22,Any traditional method (%),11.8,,False,True
Arunachal Pradesh,Kamle,Marriage and Fertility,23,Female sterilization (%),15.8,,False,True
Arunachal Pradesh,Kamle,Marriage and Fertility,24,Male sterilization (%),0.0,,False,True
Arunachal Pradesh,Kamle,Marriage and Fertility,25,Total unmet need3 (%),12.2,,False,True
Arunachal Pradesh,Kamle,Marriage and Fertility,26,Unmet need for spacing3 (%),9.3,,False,True
Arunachal Pradesh,Kamle,Marriage and Fertility,27,Unmet need for limiting3 (%),2.9,,False,True
Arunachal Pradesh,Kamle,Antenatal Care (for last birth in the 5 years before the survey),28,Mothers who had an antenatal check-up in the first trimester (%),50.9,,False,True
Arunachal Pradesh,Kamle,Antenatal Care (for last birth in the 5 years before the survey),29,Mothers who had any antenatal care visits (%),90.9,,False,True
Arunachal Pradesh,Kamle,Antenatal Care (for last birth in the 5 years before the survey),30,Mothers who had at least 4 antenatal care visits (%),34.2,,False,True
Arunachal Pradesh,Kamle,Antenatal Care (for last birth in the 5 years before the survey),31,Mothers whose last birth was protected against neonatal tetanus 4 (%),87.0,,False,True
Arunachal Pradesh,Kamle,Antenatal Care (for last birth in the 5 years before the survey),32,Mothers who consumed iron folic acid for 100 days or more when they were pregnant (%),33.7,,False,True
Arunachal Pradesh,Kamle,Antenatal Care (for last birth in the 5 years before the survey),33,Mothers who consumed iron folic acid for 180 days or more when they were pregnant (%),25.4,,False,True
Arunachal Pradesh,Kamle,Antenatal Care (for last birth in the 5 years before the survey),34,Registered pregnancies for which the mother received a Mother and Child Protection (MCP) card (%),95.4,,False,True
Arunachal Pradesh,Kamle,Delivery Care (for births in the 5 years before the survey),35,Institutional births (%),79.9,,False,True
Arunachal Pradesh,Kamle,Delivery Care (for births in the 5 years before the survey),36,Institutional births in public facility (%),76.4,,False,True
Arunachal Pradesh,Kamle,Delivery Care (for births in the 5 years before the survey),37,Births attended by skilled health personnel5 (%),81.1,,False,True
Arunachal Pradesh,Kamle,Delivery Care (for births in the 5 years before the survey),38,Births delivered by caesarean section (%),9.9,,False,True
Arunachal Pradesh,Kamle,Delivery Care (for births in the 5 years before the survey),39,Births in a private health facility that were delivered by caesarean section (%),*,,True,True
Arunachal Pradesh,Kamle,Delivery Care (for births in the 5 years before the survey),40,Births in a public health facility that were delivered by caesarean section (%),9.7,,False,True
Arunachal Pradesh,Kamle,Postnatal Care (for last birth in the 5 years before the survey),41,Mothers who received postnatal care from a doctor/nurse/LHV/ANM/midwife/other health personnel within 2 days of delivery+ (%),58.3,,False,True
Arunachal Pradesh,Kamle,Postnatal Care (for last birth in the 5 years before the survey),42,Children born at home who were taken to a health facility for a check-up within 24 hours of birth (%),0.0,,True,True
Arunachal Pradesh,Kamle,Postnatal Care (for last birth in the 5 years before the survey),43,Children who received postnatal care from a doctor/nurse/LHV/ANM/midwife/other health personnel within 2 days of delivery+ (%),62.2,,False,True
Arunachal Pradesh,Kamle,Child Vaccinations and Vitamin A Supplementation,44,Children age 12-23 months fully vaccinated based on information from either vaccination card or mother's recall6 (%),70.7,,True,True
Arunachal Pradesh,Kamle,Child Vaccinations and Vitamin A Supplementation,45,Children age 12-23 months fully vaccinated based on information from vaccination card only 7 (%),89.8,,True,True
Arunachal Pradesh,Kamle,Child Vaccinations and Vitamin A Supplementation,46,Children age 12-23 months who have received any vaccine (%),84.6,,True,True
Arunachal Pradesh,Kamle,Child Vaccinations and Vitamin A Supplementation,47,Children age 12-23 months who have received BCG (%),78.4,,True,True
Arunachal Pradesh,Kamle,Child Vaccinations and Vitamin A Supplementation,48,Children age 12-23 months who have received 3 doses of polio vaccine8 (%),74.9,,True,True
Arunachal Pradesh,Kamle,Child Vaccinations and Vitamin A Supplementation,49,Children age 12-23 months who have received 3 doses of pentavalent vaccine (%),78.4,,True,True
Arunachal Pradesh,Kamle,Child Vaccinations and Vitamin A Supplementation,50,Children age 12-23 months who have received the first dose of measles-containing vaccine (MCV) (%),80.4,,True,True
Arunachal Pradesh,Kamle,Child Vaccinations and Vitamin A Supplementation,51,Children age 24-35 months who have received a second dose of measles-containing vaccine (MCV) (%),59.2,,True,True
Arunachal Pradesh,Kamle,Child Vaccinations and Vitamin A Supplementation,52,Children age 12-23 months who have received birth dose of hepatitis B vaccine (%),77.7,,True,True
Arunachal Pradesh,Kamle,Child Vaccinations and Vitamin A Supplementation,53,Children age 12-23 months who have received 3 doses of rotavirus vaccine (%),74.6,,True,True
Arunachal Pradesh,Kamle,Child Vaccinations and Vitamin A Supplementation,54,Children age 9-35 months who received a vitamin A dose in the last 6 months (%),68.1,,False,True
Arunachal Pradesh,Kamle,Child Vaccinations and Vitamin A Supplementation,55,Children age 12-23 months who received most of their vaccinations in a public health facility (%),95.6,,True,True
Arunachal Pradesh,Kamle,Child Vaccinations and Vitamin A Supplementation,56,Children age 12-23 months who received most of their vaccinations in a private health facility (%),0.0,,True,True
Arunachal Pradesh,Kamle,Treatment of Childhood Diseases (children under age 5 years),57,Prevalence of diarrhoea in the 2 weeks preceding the survey (%),3.1,,False,True
Arunachal Pradesh,Kamle,Treatment of Childhood Diseases (children under age 5 years),58,Prevalence of symptoms of acute respiratory infection (ARI) in the 2 weeks preceding the survey (%),0.0,,False,True
Arunachal Pradesh,Kamle,Treatment of Childhood Diseases (children under age 5 years),59,Children with fever or symptoms of ARI in the 2 weeks preceding the survey taken to a health facility or health provider (%),*,,True,True
Arunachal Pradesh,Kamle,Child Feeding Practices and Nutritional Status of Children,60,Children under age 3 years breastfed within one hour of birth9 (%),45.5,,False,True
Arunachal Pradesh,Kamle,Child Feeding Practices and Nutritional Status of Children,61,Children under age 6 months exclusively breastfed10 (%),*,,True,True
Arunachal Pradesh,Kamle,Child Feeding Practices and Nutritional Status of Children,62,Children under age 6 months currently breastfeeding10 (%),*,,True,True
Arunachal Pradesh,Kamle,Child Feeding Practices and Nutritional Status of Children,63,Children under age 6 months exclusively breastfed or breastfeeding and consuming plain water/other milk only10 (%),*,,True,True
Arunachal Pradesh,Kamle,Child Feeding Practices and Nutritional Status of Children,64,Children age 6-8 months receiving solid or semi-solid food and breastmilk10 (%),*,,True,True
Arunachal Pradesh,Kamle,Child Feeding Practices and Nutritional Status of Children,65,"Breastfeeding children age 6-23 months receiving an adequate diet10, 11 (%)",23.0,,False,True
Arunachal Pradesh,Kamle,Child Feeding Practices and Nutritional Status of Children,66,"Non-breastfeeding children age 6-23 months receiving an adequate diet10, 11 (%)",*,,True,True
Arunachal Pradesh,Kamle,Child Feeding Practices and Nutritional Status of Children,67,"Total children age 6-23 months receiving an adequate diet10, 11 (%)",22.3,,False,True
Arunachal Pradesh,Kamle,Child Feeding Practices and Nutritional Status of Children,68,Children under 5 years who are stunted (height-for-age)12 (%),39.8,,False,True
Arunachal Pradesh,Kamle,Child Feeding Practices and Nutritional Status of Children,69,Children under 5 years who are wasted (weight-for-height)12 (%),5.6,,False,True
Arunachal Pradesh,Kamle,Child Feeding Practices and Nutritional Status of Children,70,Children under 5 years who are severely wasted (weight-for-height)13 (%),3.2,,False,True
Arunachal Pradesh,Kamle,Child Feeding Practices and Nutritional Status of Children,71,Children under 5 years who are underweight (weight-for-age)12 (%),15.1,,False,True
Arunachal Pradesh,Kamle,Child Feeding Practices and Nutritional Status of Children,72,Children under 5 years who are overweight (weight-for-height)14 (%),6.4,,False,True
Arunachal Pradesh,Kamle,Nutritional Status of Adults (age 15-49 years),73,Women whose Body Mass Index (BMI) is below normal (BMI <18.5 kg/m2)15 (%),9.4,,False,True
Arunachal Pradesh,Kamle,Nutritional Status of Adults (age 15-49 years),74,Women who are overweight or obese (BMI ≥25.0 kg/m2)15 (%),25.3,,False,True
Arunachal Pradesh,Kamle,Women,75,Blood sugar level - high (141-160 mg/dl)16 (%),7.2,,False,True
Arunachal Pradesh,Kamle,Women,76,Blood sugar level - very high (>160 mg/dl)16 (%),4.3,,False,True
Arunachal Pradesh,Kamle,Women,77,Blood sugar level - high or very high (>140 mg/dl) or taking medicine to control blood sugar level16 (%),11.7,,False,True
Arunachal Pradesh,Kamle,Men,78,Blood sugar level - high (141-160 mg/dl)16 (%),7.1,,False,True
Arunachal Pradesh,Kamle,Men,79,Blood sugar level - very high (>160 mg/dl)16 (%),5.2,,False,True
Arunachal Pradesh,Kamle,Men,80,Blood sugar level - high or very high (>140 mg/dl) or taking medicine to control blood sugar level 16 (%),12.6,,False,True
Arunachal Pradesh,Kamle,Women,81,Mildly elevated blood pressure (Systolic 140-159 mm of Hg and/or Diastolic 90-99 mm of Hg) (%),18.6,,False,True
Arunachal Pradesh,Kamle,Women,82,Moderately or severely elevated blood pressure (Systolic ≥160 mm of Hg and/or Diastolic ≥100 mm of Hg) (%),5.5,,False,True
Arunachal Pradesh,Kamle,Women,83,Elevated blood pressure (Systolic ≥140 mm of Hg and/or Diastolic ≥90 mm of Hg) or taking medicine to control blood pressure (%),24.9,,False,True
Arunachal Pradesh,Kamle,Men,84,Mildly elevated blood pressure (Systolic 140-159 mm of Hg and/or Diastolic 90-99 mm of Hg) (%),23.0,,False,True
Arunachal Pradesh,Kamle,Men,85,Moderately or severely elevated blood pressure (Systolic ≥160 mm of Hg and/or Diastolic ≥100 mm of Hg) (%),9.0,,False,True
Arunachal Pradesh,Kamle,Men,86,Elevated blood pressure (Systolic ≥140 mm of Hg and/or Diastolic ≥90 mm of Hg) or taking medicine to control blood pressure (%),33.7,,False,True
Arunachal Pradesh,Kamle,Men,87,Women having a bank or savings account that they themselves use (%),93.6,,False,True
Arunachal Pradesh,Kamle,Men,88,Women having a mobile phone that they themselves use (%),91.2,,False,True
Arunachal Pradesh,Kamle,Men,89,Women age 15-24 years who use hygienic methods of protection during their menstrual period17 (%),100.0,,False,True
Arunachal Pradesh,Kamle,Tobacco Use and Alcohol Consumption among Adults (age 15 years and above),90,Women age 15 years and above who use any kind of tobacco (%),26.2,,False,True
Arunachal Pradesh,Kamle,Tobacco Use and Alcohol Consumption among Adults (age 15 years and above),91,Men age 15 years and above who use any kind of tobacco (%),54.2,,False,True
Arunachal Pradesh,Kamle,Tobacco Use and Alcohol Consumption among Adults (age 15 years and above),92,Women age 15 years and above who consume alcohol (%),31.8,,False,True
Arunachal Pradesh,Kamle,Tobacco Use and Alcohol Consumption among Adults (age 15 years and above),93,Men age 15 years and above who consume alcohol (%),50.5,,False,True
Arunachal Pradesh,Kra Daadi,Population and Household Profile,1,Population below age 5 years (%),5.6,10.6,False,False
Arunachal Pradesh,Kra Daadi,Population and Household Profile,2,Population below age 15 years (%),18.2,33.5,False,False
Arunachal Pradesh,Kra Daadi,Population and Household Profile,3,Population age 60 years and above (%),13.7,7.4,False,False
Arunachal Pradesh,Kra Daadi,Population and Household Profile,4,Population living in households with electricity (%),98.0,99.7,False,False
Arunachal Pradesh,Kra Daadi,Population and Household Profile,5,Population living in households with an improved drinking-water source1 (%),100.0,99.8,False,False
Arunachal Pradesh,Kra Daadi,Population and Household Profile,6,Households using iodized salt (%),99.7,99.2,False,False
Arunachal Pradesh,Kra Daadi,Population and Household Profile,7,Households with any usual member covered under a health insurance/financing scheme (%),69.1,24.0,False,False
Arunachal Pradesh,Kra Daadi,Population and Household Profile,8,Households with any usual member having a bank account/post office account (%),98.8,78.5,False,False
Arunachal Pradesh,Kra Daadi,Population and Household Profile,9,Female population age 6 years and above who ever attended school (%),57.5,58.1,False,False
Arunachal Pradesh,Kra Daadi,Population and Household Profile,10,Households with any usual female members owning a house and/or land (alone or jointly with others) (%),12.1,24.5,False,False
Arunachal Pradesh,Kra Daadi,Population and Household Profile,11,Children age 2-4 years who attended pre-school (%),26.4,11.7,False,False
Arunachal Pradesh,Kra Daadi,Characteristics of Adults (age 15-49 years),12,Women with 10 or more years of schooling (%),41.6,27.4,False,False
Arunachal Pradesh,Kra Daadi,Characteristics of Adults (age 15-49 years),13,Men with 10 or more years of schooling (%),55.4,48.4,False,False
Arunachal Pradesh,Kra Daadi,Characteristics of Adults (age 15-49 years),14,Women who have ever used the internet (%),64.3,54.8,False,False
Arunachal Pradesh,Kra Daadi,Characteristics of Adults (age 15-49 years),15,Men who have ever used the internet (%),76.2,80.6,False,False
Arunachal Pradesh,Kra Daadi,Marriage and Fertility,16,Women age 20-24 years married before age 18 years (%),18.5,24.8,False,False
Arunachal Pradesh,Kra Daadi,Marriage and Fertility,17,Men age 25-29 years married before age 21 years (%),*,*,True,False
Arunachal Pradesh,Kra Daadi,Marriage and Fertility,18,Three or more births in the 5 years preceding the survey (%),0.5,0.4,False,False
Arunachal Pradesh,Kra Daadi,Marriage and Fertility,19,Women age 15-19 years who were already mothers or pregnant at the time of the survey (%),2.4,12.9,False,False
Arunachal Pradesh,Kra Daadi,Marriage and Fertility,20,Any method2 (%),76.0,46.1,False,False
Arunachal Pradesh,Kra Daadi,Marriage and Fertility,21,Any modern method2 (%),55.9,39.9,False,False
Arunachal Pradesh,Kra Daadi,Marriage and Fertility,22,Any traditional method (%),20.1,6.2,False,False
Arunachal Pradesh,Kra Daadi,Marriage and Fertility,23,Female sterilization (%),19.3,16.7,False,False
Arunachal Pradesh,Kra Daadi,Marriage and Fertility,24,Male sterilization (%),0.0,0.0,False,False
Arunachal Pradesh,Kra Daadi,Marriage and Fertility,25,Total unmet need3 (%),3.8,16.5,False,False
Arunachal Pradesh,Kra Daadi,Marriage and Fertility,26,Unmet need for spacing3 (%),3.5,13.1,False,False
Arunachal Pradesh,Kra Daadi,Marriage and Fertility,27,Unmet need for limiting3 (%),0.3,3.4,False,False
Arunachal Pradesh,Kra Daadi,Antenatal Care (for last birth in the 5 years before the survey),28,Mothers who had an antenatal check-up in the first trimester (%),49.3,62.5,False,False
Arunachal Pradesh,Kra Daadi,Antenatal Care (for last birth in the 5 years before the survey),29,Mothers who had any antenatal care visits (%),79.3,84.2,False,False
Arunachal Pradesh,Kra Daadi,Antenatal Care (for last birth in the 5 years before the survey),30,Mothers who had at least 4 antenatal care visits (%),25.2,18.3,False,False
Arunachal Pradesh,Kra Daadi,Antenatal Care (for last birth in the 5 years before the survey),31,Mothers whose last birth was protected against neonatal tetanus 4 (%),88.9,55.1,False,False
Arunachal Pradesh,Kra Daadi,Antenatal Care (for last birth in the 5 years before the survey),32,Mothers who consumed iron folic acid for 100 days or more when they were pregnant (%),32.7,12.7,False,False
Arunachal Pradesh,Kra Daadi,Antenatal Care (for last birth in the 5 years before the survey),33,Mothers who consumed iron folic acid for 180 days or more when they were pregnant (%),28.6,9.0,False,False
Arunachal Pradesh,Kra Daadi,Antenatal Care (for last birth in the 5 years before the survey),34,Registered pregnancies for which the mother received a Mother and Child Protection (MCP) card (%),89.5,97.7,False,False
Arunachal Pradesh,Kra Daadi,Delivery Care (for births in the 5 years before the survey),35,Institutional births (%),87.0,73.5,False,False
Arunachal Pradesh,Kra Daadi,Delivery Care (for births in the 5 years before the survey),36,Institutional births in public facility (%),82.9,69.4,False,False
Arunachal Pradesh,Kra Daadi,Delivery Care (for births in the 5 years before the survey),37,Births attended by skilled health personnel5 (%),70.1,81.0,False,False
Arunachal Pradesh,Kra Daadi,Delivery Care (for births in the 5 years before the survey),38,Births delivered by caesarean section (%),9.6,18.9,False,False
Arunachal Pradesh,Kra Daadi,Delivery Care (for births in the 5 years before the survey),39,Births in a private health facility that were delivered by caesarean section (%),*,*,True,False
Arunachal Pradesh,Kra Daadi,Delivery Care (for births in the 5 years before the survey),40,Births in a public health facility that were delivered by caesarean section (%),9.4,25.3,False,False
Arunachal Pradesh,Kra Daadi,Postnatal Care (for last birth in the 5 years before the survey),41,Mothers who received postnatal care from a doctor/nurse/LHV/ANM/midwife/other health personnel within 2 days of delivery+ (%),61.2,34.9,False,False
Arunachal Pradesh,Kra Daadi,Postnatal Care (for last birth in the 5 years before the survey),42,Children born at home who were taken to a health facility for a check-up within 24 hours of birth (%),*,5.2,True,False
Arunachal Pradesh,Kra Daadi,Postnatal Care (for last birth in the 5 years before the survey),43,Children who received postnatal care from a doctor/nurse/LHV/ANM/midwife/other health personnel within 2 days of delivery+ (%),65.9,37.3,False,False
Arunachal Pradesh,Kra Daadi,Child Vaccinations and Vitamin A Supplementation,44,Children age 12-23 months fully vaccinated based on information from either vaccination card or mother's recall6 (%),85.5,63.6,True,False
Arunachal Pradesh,Kra Daadi,Child Vaccinations and Vitamin A Supplementation,45,Children age 12-23 months fully vaccinated based on information from vaccination card only 7 (%),88.7,70.3,True,False
Arunachal Pradesh,Kra Daadi,Child Vaccinations and Vitamin A Supplementation,46,Children age 12-23 months who have received any vaccine (%),100.0,92.2,True,False
Arunachal Pradesh,Kra Daadi,Child Vaccinations and Vitamin A Supplementation,47,Children age 12-23 months who have received BCG (%),100.0,92.2,True,False
Arunachal Pradesh,Kra Daadi,Child Vaccinations and Vitamin A Supplementation,48,Children age 12-23 months who have received 3 doses of polio vaccine8 (%),85.5,63.6,True,False
Arunachal Pradesh,Kra Daadi,Child Vaccinations and Vitamin A Supplementation,49,Children age 12-23 months who have received 3 doses of pentavalent vaccine (%),92.8,71.3,True,False
Arunachal Pradesh,Kra Daadi,Child Vaccinations and Vitamin A Supplementation,50,Children age 12-23 months who have received the first dose of measles-containing vaccine (MCV) (%),92.8,77.1,True,False
Arunachal Pradesh,Kra Daadi,Child Vaccinations and Vitamin A Supplementation,51,Children age 24-35 months who have received a second dose of measles-containing vaccine (MCV) (%),65.8,28.9,True,False
Arunachal Pradesh,Kra Daadi,Child Vaccinations and Vitamin A Supplementation,52,Children age 12-23 months who have received birth dose of hepatitis B vaccine (%),93.0,74.1,True,False
Arunachal Pradesh,Kra Daadi,Child Vaccinations and Vitamin A Supplementation,53,Children age 12-23 months who have received 3 doses of rotavirus vaccine (%),92.8,45.1,True,False
Arunachal Pradesh,Kra Daadi,Child Vaccinations and Vitamin A Supplementation,54,Children age 9-35 months who received a vitamin A dose in the last 6 months (%),74.7,88.1,False,False
Arunachal Pradesh,Kra Daadi,Child Vaccinations and Vitamin A Supplementation,55,Children age 12-23 months who received most of their vaccinations in a public health facility (%),96.3,100.0,True,False
Arunachal Pradesh,Kra Daadi,Child Vaccinations and Vitamin A Supplementation,56,Children age 12-23 months who received most of their vaccinations in a private health facility (%),3.7,0.0,True,False
Arunachal Pradesh,Kra Daadi,Treatment of Childhood Diseases (children under age 5 years),57,Prevalence of diarrhoea in the 2 weeks preceding the survey (%),6.1,6.0,False,False
Arunachal Pradesh,Kra Daadi,Treatment of Childhood Diseases (children under age 5 years),58,Prevalence of symptoms of acute respiratory infection (ARI) in the 2 weeks preceding the survey (%),0.6,1.8,False,False
Arunachal Pradesh,Kra Daadi,Treatment of Childhood Diseases (children under age 5 years),59,Children with fever or symptoms of ARI in the 2 weeks preceding the survey taken to a health facility or health provider (%),*,*,True,False
Arunachal Pradesh,Kra Daadi,Child Feeding Practices and Nutritional Status of Children,60,Children under age 3 years breastfed within one hour of birth 9 (%),69.7,35.9,False,False
Arunachal Pradesh,Kra Daadi,Child Feeding Practices and Nutritional Status of Children,61,Children under age 6 months exclusively breastfed10 (%),*,*,True,False
Arunachal Pradesh,Kra Daadi,Child Feeding Practices and Nutritional Status of Children,62,Children under age 6 months currently breastfeeding10 (%),*,*,True,False
Arunachal Pradesh,Kra Daadi,Child Feeding Practices and Nutritional Status of Children,63,Children under age 6 months exclusively breastfed or breastfeeding and consuming plain water/other milk only10 (%),*,*,True,False
Arunachal Pradesh,Kra Daadi,Child Feeding Practices and Nutritional Status of Children,64,Children age 6-8 months receiving solid or semi-solid food and breastmilk10 (%),*,*,True,False
Arunachal Pradesh,Kra Daadi,Child Feeding Practices and Nutritional Status of Children,65,"Breastfeeding children age 6-23 months receiving an adequate diet10, 11 (%)",23.8,19.1,True,False
Arunachal Pradesh,Kra Daadi,Child Feeding Practices and Nutritional Status of Children,66,"Non-breastfeeding children age 6-23 months receiving an adequate diet 10, 11 (%)",*,*,True,False
Arunachal Pradesh,Kra Daadi,Child Feeding Practices and Nutritional Status of Children,67,"Total children age 6-23 months receiving an adequate diet10, 11 (%)",22.2,14.6,True,False
Arunachal Pradesh,Kra Daadi,Child Feeding Practices and Nutritional Status of Children,68,Children under 5 years who are stunted (height-for-age)12 (%),19.8,28.8,False,False
Arunachal Pradesh,Kra Daadi,Child Feeding Practices and Nutritional Status of Children,69,Children under 5 years who are wasted (weight-for-height)12 (%),36.3,9.4,False,False
Arunachal Pradesh,Kra Daadi,Child Feeding Practices and Nutritional Status of Children,70,Children under 5 years who are severely wasted (weight-for-height)13 (%),25.8,5.7,False,False
Arunachal Pradesh,Kra Daadi,Child Feeding Practices and Nutritional Status of Children,71,Children under 5 years who are underweight (weight-for-age)12 (%),23.5,14.5,False,False
Arunachal Pradesh,Kra Daadi,Child Feeding Practices and Nutritional Status of Children,72,Children under 5 years who are overweight (weight-for-height)14 (%),9.6,20.2,False,False
Arunachal Pradesh,Kra Daadi,Nutritional Status of Adults (age 15-49 years),73,Women whose Body Mass Index (BMI) is below normal (BMI <18.5 kg/m 2)15 (%),5.1,2.0,False,False
Arunachal Pradesh,Kra Daadi,Nutritional Status of Adults (age 15-49 years),74,Women who are overweight or obese (BMI ≥25.0 kg/m2)15 (%),35.6,29.8,False,False
Arunachal Pradesh,Kra Daadi,Women,75,Blood sugar level - high (141-160 mg/dl)16 (%),2.8,2.7,False,False
Arunachal Pradesh,Kra Daadi,Women,76,Blood sugar level - very high (>160 mg/dl)16 (%),1.4,0.9,False,False
Arunachal Pradesh,Kra Daadi,Women,77,Blood sugar level - high or very high (>140 mg/dl) or taking medicine to control blood sugar level16 (%),4.3,4.1,False,False
Arunachal Pradesh,Kra Daadi,Men,78,Blood sugar level - high (141-160 mg/dl)16 (%),5.7,5.2,False,False
Arunachal Pradesh,Kra Daadi,Men,79,Blood sugar level - very high (>160 mg/dl)16 (%),1.4,0.5,False,False
Arunachal Pradesh,Kra Daadi,Men,80,Blood sugar level - high or very high (>140 mg/dl) or taking medicine to control blood sugar level 16 (%),7.5,5.7,False,False
Arunachal Pradesh,Kra Daadi,Women,81,Mildly elevated blood pressure (Systolic 140-159 mm of Hg and/or Diastolic 90-99 mm of Hg) (%),22.1,13.7,False,False
Arunachal Pradesh,Kra Daadi,Women,82,Moderately or severely elevated blood pressure (Systolic ≥160 mm of Hg and/or Diastolic ≥100 mm of Hg) (%),4.2,4.6,False,False
Arunachal Pradesh,Kra Daadi,Women,83,Elevated blood pressure (Systolic ≥140 mm of Hg and/or Diastolic ≥90 mm of Hg) or taking medicine to control blood pressure (%),27.0,19.4,False,False
Arunachal Pradesh,Kra Daadi,Men,84,Mildly elevated blood pressure (Systolic 140-159 mm of Hg and/or Diastolic 90-99 mm of Hg) (%),29.1,17.7,False,False
Arunachal Pradesh,Kra Daadi,Men,85,Moderately or severely elevated blood pressure (Systolic ≥160 mm of Hg and/or Diastolic ≥100 mm of Hg) (%),4.9,7.5,False,False
Arunachal Pradesh,Kra Daadi,Men,86,Elevated blood pressure (Systolic ≥140 mm of Hg and/or Diastolic ≥90 mm of Hg) or taking medicine to control blood pressure (%),34.7,26.1,False,False
Arunachal Pradesh,Kra Daadi,Men,87,Women having a bank or savings account that they themselves use (%),91.3,75.1,False,False
Arunachal Pradesh,Kra Daadi,Men,88,Women having a mobile phone that they themselves use (%),89.7,74.7,False,False
Arunachal Pradesh,Kra Daadi,Men,89,Women age 15-24 years who use hygienic methods of protection during their menstrual period17 (%),97.4,89.6,False,False
Arunachal Pradesh,Kra Daadi,Tobacco Use and Alcohol Consumption among Adults (age 15 years and above),90,Women age 15 years and above who use any kind of tobacco (%),18.2,9.9,False,False
Arunachal Pradesh,Kra Daadi,Tobacco Use and Alcohol Consumption among Adults (age 15 years and above),91,Men age 15 years and above who use any kind of tobacco (%),53.0,25.0,False,False
Arunachal Pradesh,Kra Daadi,Tobacco Use and Alcohol Consumption among Adults (age 15 years and above),92,Women age 15 years and above who consume alcohol (%),20.2,11.5,False,False
Arunachal Pradesh,Kra Daadi,Tobacco Use and Alcohol Consumption among Adults (age 15 years and above),93,Men age 15 years and above who consume alcohol (%),53.3,34.8,False,False
Arunachal Pradesh,Kurung Kumey,Population and Household Profile,1,Population below age 5 years (%),5.6,8.6,False,False
Arunachal Pradesh,Kurung Kumey,Population and Household Profile,2,Population below age 15 years (%),19.2,31.0,False,False
Arunachal Pradesh,Kurung Kumey,Population and Household Profile,3,Population age 60 years and above (%),18.0,8.1,False,False
Arunachal Pradesh,Kurung Kumey,Population and Household Profile,4,Population living in households with electricity (%),97.1,99.2,False,False
Arunachal Pradesh,Kurung Kumey,Population and Household Profile,5,Population living in households with an improved drinking-water source1 (%),91.5,99.8,False,False
Arunachal Pradesh,Kurung Kumey,Population and Household Profile,6,Households using iodized salt (%),99.7,99.7,False,False
Arunachal Pradesh,Kurung Kumey,Population and Household Profile,7,Households with any usual member covered under a health insurance/financing scheme (%),66.2,13.4,False,False
Arunachal Pradesh,Kurung Kumey,Population and Household Profile,8,Households with any usual member having a bank account/post office account (%),98.7,93.2,False,False
Arunachal Pradesh,Kurung Kumey,Population and Household Profile,9,Female population age 6 years and above who ever attended school (%),58.1,72.6,False,False
Arunachal Pradesh,Kurung Kumey,Population and Household Profile,10,Households with any usual female members owning a house and/or land (alone or jointly with others) (%),21.9,17.0,False,False
Arunachal Pradesh,Kurung Kumey,Population and Household Profile,11,Children age 2-4 years who attended pre-school (%),33.7,12.7,False,False
Arunachal Pradesh,Kurung Kumey,Characteristics of Adults (age 15-49 years),12,Women with 10 or more years of schooling (%),40.3,34.7,False,False
Arunachal Pradesh,Kurung Kumey,Characteristics of Adults (age 15-49 years),13,Men with 10 or more years of schooling (%),34.8,67.4,False,False
Arunachal Pradesh,Kurung Kumey,Characteristics of Adults (age 15-49 years),14,Women who have ever used the internet (%),55.9,38.5,False,False
Arunachal Pradesh,Kurung Kumey,Characteristics of Adults (age 15-49 years),15,Men who have ever used the internet (%),81.4,64.5,False,False
Arunachal Pradesh,Kurung Kumey,Marriage and Fertility,16,Women age 20-24 years married before age 18 years (%),16.8,19.8,False,False
Arunachal Pradesh,Kurung Kumey,Marriage and Fertility,17,Men age 25-29 years married before age 21 years (%),*,*,True,False
Arunachal Pradesh,Kurung Kumey,Marriage and Fertility,18,Three or more births in the 5 years preceding the survey (%),1.5,0.0,False,False
Arunachal Pradesh,Kurung Kumey,Marriage and Fertility,19,Women age 15-19 years who were already mothers or pregnant at the time of the survey (%),4.0,7.7,False,False
Arunachal Pradesh,Kurung Kumey,Marriage and Fertility,20,Any method2 (%),66.6,54.1,False,False
Arunachal Pradesh,Kurung Kumey,Marriage and Fertility,21,Any modern method2 (%),54.7,47.9,False,False
Arunachal Pradesh,Kurung Kumey,Marriage and Fertility,22,Any traditional method (%),11.9,6.2,False,False
Arunachal Pradesh,Kurung Kumey,Marriage and Fertility,23,Female sterilization (%),35.4,16.9,False,False
Arunachal Pradesh,Kurung Kumey,Marriage and Fertility,24,Male sterilization (%),0.0,0.0,False,False
Arunachal Pradesh,Kurung Kumey,Marriage and Fertility,25,Total unmet need3 (%),11.1,16.4,False,False
Arunachal Pradesh,Kurung Kumey,Marriage and Fertility,26,Unmet need for spacing3 (%),10.6,7.4,False,False
Arunachal Pradesh,Kurung Kumey,Marriage and Fertility,27,Unmet need for limiting3 (%),0.5,9.0,False,False
Arunachal Pradesh,Kurung Kumey,Antenatal Care (for last birth in the 5 years before the survey),28,Mothers who had an antenatal check-up in the first trimester (%),65.0,45.2,False,False
Arunachal Pradesh,Kurung Kumey,Antenatal Care (for last birth in the 5 years before the survey),29,Mothers who had any antenatal care visits (%),84.1,75.0,False,False
Arunachal Pradesh,Kurung Kumey,Antenatal Care (for last birth in the 5 years before the survey),30,Mothers who had at least 4 antenatal care visits (%),40.4,44.1,False,False
Arunachal Pradesh,Kurung Kumey,Antenatal Care (for last birth in the 5 years before the survey),31,Mothers whose last birth was protected against neonatal tetanus 4 (%),92.3,77.0,False,False
Arunachal Pradesh,Kurung Kumey,Antenatal Care (for last birth in the 5 years before the survey),32,Mothers who consumed iron folic acid for 100 days or more when they were pregnant (%),34.5,23.8,False,False
Arunachal Pradesh,Kurung Kumey,Antenatal Care (for last birth in the 5 years before the survey),33,Mothers who consumed iron folic acid for 180 days or more when they were pregnant (%),18.1,8.6,False,False
Arunachal Pradesh,Kurung Kumey,Antenatal Care (for last birth in the 5 years before the survey),34,Registered pregnancies for which the mother received a Mother and Child Protection (MCP) card (%),99.2,97.0,False,False
Arunachal Pradesh,Kurung Kumey,Delivery Care (for births in the 5 years before the survey),35,Institutional births (%),84.3,69.2,False,False
Arunachal Pradesh,Kurung Kumey,Delivery Care (for births in the 5 years before the survey),36,Institutional births in public facility (%),81.2,64.2,False,False
Arunachal Pradesh,Kurung Kumey,Delivery Care (for births in the 5 years before the survey),37,Births attended by skilled health personnel5 (%),88.8,69.7,False,False
Arunachal Pradesh,Kurung Kumey,Delivery Care (for births in the 5 years before the survey),38,Births delivered by caesarean section (%),8.4,17.1,False,False
Arunachal Pradesh,Kurung Kumey,Delivery Care (for births in the 5 years before the survey),39,Births in a private health facility that were delivered by caesarean section (%),*,*,True,False
Arunachal Pradesh,Kurung Kumey,Delivery Care (for births in the 5 years before the survey),40,Births in a public health facility that were delivered by caesarean section (%),8.8,25.9,False,False
Arunachal Pradesh,Kurung Kumey,Postnatal Care (for last birth in the 5 years before the survey),41,Mothers who received postnatal care from a doctor/nurse/LHV/ANM/midwife/other health personnel within 2 days of delivery+ (%),70.5,62.3,False,False
Arunachal Pradesh,Kurung Kumey,Postnatal Care (for last birth in the 5 years before the survey),42,Children born at home who were taken to a health facility for a check-up within 24 hours of birth (%),*,0.0,True,False
Arunachal Pradesh,Kurung Kumey,Postnatal Care (for last birth in the 5 years before the survey),43,Children who received postnatal care from a doctor/nurse/LHV/ANM/midwife/other health personnel within 2 days of delivery+ (%),70.7,61.1,False,False
Arunachal Pradesh,Kurung Kumey,Child Vaccinations and Vitamin A Supplementation,44,Children age 12-23 months fully vaccinated based on information from either vaccination card or mother's recall6 (%),80.8,71.4,True,False
Arunachal Pradesh,Kurung Kumey,Child Vaccinations and Vitamin A Supplementation,45,Children age 12-23 months fully vaccinated based on information from vaccination card only 7 (%),*,76.7,True,False
Arunachal Pradesh,Kurung Kumey,Child Vaccinations and Vitamin A Supplementation,46,Children age 12-23 months who have received any vaccine (%),96.7,100.0,True,False
Arunachal Pradesh,Kurung Kumey,Child Vaccinations and Vitamin A Supplementation,47,Children age 12-23 months who have received BCG (%),96.7,100.0,True,False
Arunachal Pradesh,Kurung Kumey,Child Vaccinations and Vitamin A Supplementation,48,Children age 12-23 months who have received 3 doses of polio vaccine8 (%),80.8,71.4,True,False
Arunachal Pradesh,Kurung Kumey,Child Vaccinations and Vitamin A Supplementation,49,Children age 12-23 months who have received 3 doses of pentavalent vaccine (%),84.3,86.6,True,False
Arunachal Pradesh,Kurung Kumey,Child Vaccinations and Vitamin A Supplementation,50,Children age 12-23 months who have received the first dose of measles-containing vaccine (MCV) (%),84.3,89.5,True,False
Arunachal Pradesh,Kurung Kumey,Child Vaccinations and Vitamin A Supplementation,51,Children age 24-35 months who have received a second dose of measles-containing vaccine (MCV) (%),72.7,48.2,True,False
Arunachal Pradesh,Kurung Kumey,Child Vaccinations and Vitamin A Supplementation,52,Children age 12-23 months who have received birth dose of hepatitis B vaccine (%),85.4,59.1,True,False
Arunachal Pradesh,Kurung Kumey,Child Vaccinations and Vitamin A Supplementation,53,Children age 12-23 months who have received 3 doses of rotavirus vaccine (%),84.3,9.9,True,False
Arunachal Pradesh,Kurung Kumey,Child Vaccinations and Vitamin A Supplementation,54,Children age 9-35 months who received a vitamin A dose in the last 6 months (%),70.0,47.9,False,False
Arunachal Pradesh,Kurung Kumey,Child Vaccinations and Vitamin A Supplementation,55,Children age 12-23 months who received most of their vaccinations in a public health facility (%),100.0,100.0,True,False
Arunachal Pradesh,Kurung Kumey,Child Vaccinations and Vitamin A Supplementation,56,Children age 12-23 months who received most of their vaccinations in a private health facility (%),0.0,0.0,True,False
Arunachal Pradesh,Kurung Kumey,Treatment of Childhood Diseases (children under age 5 years),57,Prevalence of diarrhoea in the 2 weeks preceding the survey (%),0.7,4.7,False,False
Arunachal Pradesh,Kurung Kumey,Treatment of Childhood Diseases (children under age 5 years),58,Prevalence of symptoms of acute respiratory infection (ARI) in the 2 weeks preceding the survey (%),0.0,5.6,False,False
Arunachal Pradesh,Kurung Kumey,Treatment of Childhood Diseases (children under age 5 years),59,Children with fever or symptoms of ARI in the 2 weeks preceding the survey taken to a health facility or health provider (%),*,*,True,False
Arunachal Pradesh,Kurung Kumey,Child Feeding Practices and Nutritional Status of Children,60,Children under age 3 years breastfed within one hour of birth 9 (%),45.5,39.0,False,False
Arunachal Pradesh,Kurung Kumey,Child Feeding Practices and Nutritional Status of Children,61,Children under age 6 months exclusively breastfed10 (%),*,*,True,False
Arunachal Pradesh,Kurung Kumey,Child Feeding Practices and Nutritional Status of Children,62,Children under age 6 months currently breastfeeding10 (%),*,*,True,False
Arunachal Pradesh,Kurung Kumey,Child Feeding Practices and Nutritional Status of Children,63,Children under age 6 months exclusively breastfed or breastfeeding and consuming plain water/other milk only10 (%),*,*,True,False
Arunachal Pradesh,Kurung Kumey,Child Feeding Practices and Nutritional Status of Children,64,Children age 6-8 months receiving solid or semi-solid food and breastmilk10 (%),*,*,True,False
Arunachal Pradesh,Kurung Kumey,Child Feeding Practices and Nutritional Status of Children,65,"Breastfeeding children age 6-23 months receiving an adequate diet10, 11 (%)",47.9,18.6,True,False
Arunachal Pradesh,Kurung Kumey,Child Feeding Practices and Nutritional Status of Children,66,"Non-breastfeeding children age 6-23 months receiving an adequate diet 10, 11 (%)",*,*,True,False
Arunachal Pradesh,Kurung Kumey,Child Feeding Practices and Nutritional Status of Children,67,"Total children age 6-23 months receiving an adequate diet10, 11 (%)",49.4,18.7,True,False
Arunachal Pradesh,Kurung Kumey,Child Feeding Practices and Nutritional Status of Children,68,Children under 5 years who are stunted (height-for-age)12 (%),36.0,29.2,False,False
Arunachal Pradesh,Kurung Kumey,Child Feeding Practices and Nutritional Status of Children,69,Children under 5 years who are wasted (weight-for-height)12 (%),16.4,15.1,False,False
Arunachal Pradesh,Kurung Kumey,Child Feeding Practices and Nutritional Status of Children,70,Children under 5 years who are severely wasted (weight-for-height)13 (%),8.9,5.3,False,False
Arunachal Pradesh,Kurung Kumey,Child Feeding Practices and Nutritional Status of Children,71,Children under 5 years who are underweight (weight-for-age)12 (%),29.9,13.9,False,False
Arunachal Pradesh,Kurung Kumey,Child Feeding Practices and Nutritional Status of Children,72,Children under 5 years who are overweight (weight-for-height)14 (%),12.2,5.8,False,False
Arunachal Pradesh,Kurung Kumey,Nutritional Status of Adults (age 15-49 years),73,Women whose Body Mass Index (BMI) is below normal (BMI <18.5 kg/m 2)15 (%),9.8,2.7,False,False
Arunachal Pradesh,Kurung Kumey,Nutritional Status of Adults (age 15-49 years),74,Women who are overweight or obese (BMI ≥25.0 kg/m2)15 (%),19.9,23.3,False,False
Arunachal Pradesh,Kurung Kumey,Women,75,Blood sugar level - high (141-160 mg/dl)16 (%),5.6,4.1,False,False
Arunachal Pradesh,Kurung Kumey,Women,76,Blood sugar level - very high (>160 mg/dl)16 (%),3.2,1.9,False,False
Arunachal Pradesh,Kurung Kumey,Women,77,Blood sugar level - high or very high (>140 mg/dl) or taking medicine to control blood sugar level16 (%),9.1,6.9,False,False
Arunachal Pradesh,Kurung Kumey,Men,78,Blood sugar level - high (141-160 mg/dl)16 (%),7.0,7.0,False,False
Arunachal Pradesh,Kurung Kumey,Men,79,Blood sugar level - very high (>160 mg/dl)16 (%),4.1,2.4,False,False
Arunachal Pradesh,Kurung Kumey,Men,80,Blood sugar level - high or very high (>140 mg/dl) or taking medicine to control blood sugar level 16 (%),11.2,10.3,False,False
Arunachal Pradesh,Kurung Kumey,Women,81,Mildly elevated blood pressure (Systolic 140-159 mm of Hg and/or Diastolic 90-99 mm of Hg) (%),16.7,13.9,False,False
Arunachal Pradesh,Kurung Kumey,Women,82,Moderately or severely elevated blood pressure (Systolic ≥160 mm of Hg and/or Diastolic ≥100 mm of Hg) (%),10.2,3.3,False,False
Arunachal Pradesh,Kurung Kumey,Women,83,Elevated blood pressure (Systolic ≥140 mm of Hg and/or Diastolic ≥90 mm of Hg) or taking medicine to control blood pressure (%),27.5,19.2,False,False
Arunachal Pradesh,Kurung Kumey,Men,84,Mildly elevated blood pressure (Systolic 140-159 mm of Hg and/or Diastolic 90-99 mm of Hg) (%),23.4,20.1,False,False
Arunachal Pradesh,Kurung Kumey,Men,85,Moderately or severely elevated blood pressure (Systolic ≥160 mm of Hg and/or Diastolic ≥100 mm of Hg) (%),13.9,4.6,False,False
Arunachal Pradesh,Kurung Kumey,Men,86,Elevated blood pressure (Systolic ≥140 mm of Hg and/or Diastolic ≥90 mm of Hg) or taking medicine to control blood pressure (%),37.9,26.0,False,False
Arunachal Pradesh,Kurung Kumey,Men,87,Women having a bank or savings account that they themselves use (%),90.9,80.1,False,False
Arunachal Pradesh,Kurung Kumey,Men,88,Women having a mobile phone that they themselves use (%),80.3,66.1,False,False
Arunachal Pradesh,Kurung Kumey,Men,89,Women age 15-24 years who use hygienic methods of protection during their menstrual period17 (%),98.7,96.1,False,False
Arunachal Pradesh,Kurung Kumey,Tobacco Use and Alcohol Consumption among Adults (age 15 years and above),90,Women age 15 years and above who use any kind of tobacco (%),16.8,16.4,False,False
Arunachal Pradesh,Kurung Kumey,Tobacco Use and Alcohol Consumption among Adults (age 15 years and above),91,Men age 15 years and above who use any kind of tobacco (%),47.6,39.4,False,False
Arunachal Pradesh,Kurung Kumey,Tobacco Use and Alcohol Consumption among Adults (age 15 years and above),92,Women age 15 years and above who consume alcohol (%),18.1,27.5,False,False
Arunachal Pradesh,Kurung Kumey,Tobacco Use and Alcohol Consumption among Adults (age 15 years and above),93,Men age 15 years and above who consume alcohol (%),46.6,50.2,False,False
Arunachal Pradesh,Lepa Rada,Population and Household Profile,1,Population below age 5 years (%),7.4,,False,True
Arunachal Pradesh,Lepa Rada,Population and Household Profile,2,Population below age 15 years (%),22.9,,False,True
Arunachal Pradesh,Lepa Rada,Population and Household Profile,3,Population age 60 years and above (%),14.5,,False,True
Arunachal Pradesh,Lepa Rada,Population and Household Profile,4,Population living in households with electricity (%),99.9,,False,True
Arunachal Pradesh,Lepa Rada,Population and Household Profile,5,Population living in households with an improved drinking-water source1 (%),98.7,,False,True
Arunachal Pradesh,Lepa Rada,Population and Household Profile,6,Households using iodized salt (%),99.5,,False,True
Arunachal Pradesh,Lepa Rada,Population and Household Profile,7,Households with any usual member covered under a health insurance/financing scheme (%),60.1,,False,True
Arunachal Pradesh,Lepa Rada,Population and Household Profile,8,Households with any usual member having a bank account/post office account (%),98.3,,False,True
Arunachal Pradesh,Lepa Rada,Population and Household Profile,9,Female population age 6 years and above who ever attended school (%),72.2,,False,True
Arunachal Pradesh,Lepa Rada,Population and Household Profile,10,Households with any usual female members owning a house and/or land (alone or jointly with others) (%),8.8,,False,True
Arunachal Pradesh,Lepa Rada,Population and Household Profile,11,Children age 2-4 years who attended pre-school (%),50.0,,False,True
Arunachal Pradesh,Lepa Rada,Characteristics of Adults (age 15-49 years),12,Women with 10 or more years of schooling (%),45.3,,False,True
Arunachal Pradesh,Lepa Rada,Characteristics of Adults (age 15-49 years),13,Men with 10 or more years of schooling (%),61.6,,False,True
Arunachal Pradesh,Lepa Rada,Characteristics of Adults (age 15-49 years),14,Women who have ever used the internet (%),76.5,,False,True
Arunachal Pradesh,Lepa Rada,Characteristics of Adults (age 15-49 years),15,Men who have ever used the internet (%),98.2,,False,True
Arunachal Pradesh,Lepa Rada,Marriage and Fertility,16,Women age 20-24 years married before age 18 years (%),27.5,,False,True
Arunachal Pradesh,Lepa Rada,Marriage and Fertility,17,Men age 25-29 years married before age 21 years (%),*,,True,True
Arunachal Pradesh,Lepa Rada,Marriage and Fertility,18,Three or more births in the 5 years preceding the survey (%),0.0,,False,True
Arunachal Pradesh,Lepa Rada,Marriage and Fertility,19,Women age 15-19 years who were already mothers or pregnant at the time of the survey (%),9.0,,False,True
Arunachal Pradesh,Lepa Rada,Marriage and Fertility,20,Any method2 (%),75.8,,False,True
Arunachal Pradesh,Lepa Rada,Marriage and Fertility,21,Any modern method2 (%),47.0,,False,True
Arunachal Pradesh,Lepa Rada,Marriage and Fertility,22,Any traditional method (%),28.8,,False,True
Arunachal Pradesh,Lepa Rada,Marriage and Fertility,23,Female sterilization (%),31.7,,False,True
Arunachal Pradesh,Lepa Rada,Marriage and Fertility,24,Male sterilization (%),0.0,,False,True
Arunachal Pradesh,Lepa Rada,Marriage and Fertility,25,Total unmet need3 (%),7.5,,False,True
Arunachal Pradesh,Lepa Rada,Marriage and Fertility,26,Unmet need for spacing3 (%),6.0,,False,True
Arunachal Pradesh,Lepa Rada,Marriage and Fertility,27,Unmet need for limiting3 (%),1.5,,False,True
Arunachal Pradesh,Lepa Rada,Antenatal Care (for last birth in the 5 years before the survey),28,Mothers who had an antenatal check-up in the first trimester (%),62.8,,False,True
Arunachal Pradesh,Lepa Rada,Antenatal Care (for last birth in the 5 years before the survey),29,Mothers who had any antenatal care visits (%),91.7,,False,True
Arunachal Pradesh,Lepa Rada,Antenatal Care (for last birth in the 5 years before the survey),30,Mothers who had at least 4 antenatal care visits (%),67.8,,False,True
Arunachal Pradesh,Lepa Rada,Antenatal Care (for last birth in the 5 years before the survey),31,Mothers whose last birth was protected against neonatal tetanus 4 (%),93.3,,False,True
Arunachal Pradesh,Lepa Rada,Antenatal Care (for last birth in the 5 years before the survey),32,Mothers who consumed iron folic acid for 100 days or more when they were pregnant (%),45.4,,False,True
Arunachal Pradesh,Lepa Rada,Antenatal Care (for last birth in the 5 years before the survey),33,Mothers who consumed iron folic acid for 180 days or more when they were pregnant (%),36.1,,False,True
Arunachal Pradesh,Lepa Rada,Antenatal Care (for last birth in the 5 years before the survey),34,Registered pregnancies for which the mother received a Mother and Child Protection (MCP) card (%),97.6,,False,True
Arunachal Pradesh,Lepa Rada,Delivery Care (for births in the 5 years before the survey),35,Institutional births (%),94.3,,False,True
Arunachal Pradesh,Lepa Rada,Delivery Care (for births in the 5 years before the survey),36,Institutional births in public facility (%),87.9,,False,True
Arunachal Pradesh,Lepa Rada,Delivery Care (for births in the 5 years before the survey),37,Births attended by skilled health personnel5 (%),94.3,,False,True
Arunachal Pradesh,Lepa Rada,Delivery Care (for births in the 5 years before the survey),38,Births delivered by caesarean section (%),34.4,,False,True
Arunachal Pradesh,Lepa Rada,Delivery Care (for births in the 5 years before the survey),39,Births in a private health facility that were delivered by caesarean section (%),*,,True,True
Arunachal Pradesh,Lepa Rada,Delivery Care (for births in the 5 years before the survey),40,Births in a public health facility that were delivered by caesarean section (%),32.6,,False,True
Arunachal Pradesh,Lepa Rada,Postnatal Care (for last birth in the 5 years before the survey),41,Mothers who received postnatal care from a doctor/nurse/LHV/ANM/midwife/other health personnel within 2 days of delivery+ (%),77.6,,False,True
Arunachal Pradesh,Lepa Rada,Postnatal Care (for last birth in the 5 years before the survey),42,Children born at home who were taken to a health facility for a check-up within 24 hours of birth (%),*,,True,True
Arunachal Pradesh,Lepa Rada,Postnatal Care (for last birth in the 5 years before the survey),43,Children who received postnatal care from a doctor/nurse/LHV/ANM/midwife/other health personnel within 2 days of delivery+ (%),82.3,,False,True
Arunachal Pradesh,Lepa Rada,Child Vaccinations and Vitamin A Supplementation,44,Children age 12-23 months fully vaccinated based on information from either vaccination card or mother's recall6 (%),84.6,,True,True
Arunachal Pradesh,Lepa Rada,Child Vaccinations and Vitamin A Supplementation,45,Children age 12-23 months fully vaccinated based on information from vaccination card only 7 (%),91.3,,True,True
Arunachal Pradesh,Lepa Rada,Child Vaccinations and Vitamin A Supplementation,46,Children age 12-23 months who have received any vaccine (%),100.0,,True,True
Arunachal Pradesh,Lepa Rada,Child Vaccinations and Vitamin A Supplementation,47,Children age 12-23 months who have received BCG (%),100.0,,True,True
Arunachal Pradesh,Lepa Rada,Child Vaccinations and Vitamin A Supplementation,48,Children age 12-23 months who have received 3 doses of polio vaccine8 (%),87.1,,True,True
Arunachal Pradesh,Lepa Rada,Child Vaccinations and Vitamin A Supplementation,49,Children age 12-23 months who have received 3 doses of pentavalent vaccine (%),95.4,,True,True
Arunachal Pradesh,Lepa Rada,Child Vaccinations and Vitamin A Supplementation,50,Children age 12-23 months who have received the first dose of measles-containing vaccine (MCV) (%),95.4,,True,True
Arunachal Pradesh,Lepa Rada,Child Vaccinations and Vitamin A Supplementation,51,Children age 24-35 months who have received a second dose of measles-containing vaccine (MCV) (%),75.6,,True,True
Arunachal Pradesh,Lepa Rada,Child Vaccinations and Vitamin A Supplementation,52,Children age 12-23 months who have received birth dose of hepatitis B vaccine (%),87.9,,True,True
Arunachal Pradesh,Lepa Rada,Child Vaccinations and Vitamin A Supplementation,53,Children age 12-23 months who have received 3 doses of rotavirus vaccine (%),92.2,,True,True
Arunachal Pradesh,Lepa Rada,Child Vaccinations and Vitamin A Supplementation,54,Children age 9-35 months who received a vitamin A dose in the last 6 months (%),82.3,,False,True
Arunachal Pradesh,Lepa Rada,Child Vaccinations and Vitamin A Supplementation,55,Children age 12-23 months who received most of their vaccinations in a public health facility (%),100.0,,True,True
Arunachal Pradesh,Lepa Rada,Child Vaccinations and Vitamin A Supplementation,56,Children age 12-23 months who received most of their vaccinations in a private health facility (%),0.0,,True,True
Arunachal Pradesh,Lepa Rada,Treatment of Childhood Diseases (children under age 5 years),57,Prevalence of diarrhoea in the 2 weeks preceding the survey (%),2.1,,False,True
Arunachal Pradesh,Lepa Rada,Treatment of Childhood Diseases (children under age 5 years),58,Prevalence of symptoms of acute respiratory infection (ARI) in the 2 weeks preceding the survey (%),1.2,,False,True
Arunachal Pradesh,Lepa Rada,Treatment of Childhood Diseases (children under age 5 years),59,Children with fever or symptoms of ARI in the 2 weeks preceding the survey taken to a health facility or health provider (%),68.6,,True,True
Arunachal Pradesh,Lepa Rada,Child Feeding Practices and Nutritional Status of Children,60,Children under age 3 years breastfed within one hour of birth9 (%),46.1,,False,True
Arunachal Pradesh,Lepa Rada,Child Feeding Practices and Nutritional Status of Children,61,Children under age 6 months exclusively breastfed10 (%),47.9,,True,True
Arunachal Pradesh,Lepa Rada,Child Feeding Practices and Nutritional Status of Children,62,Children under age 6 months currently breastfeeding10 (%),96.0,,True,True
Arunachal Pradesh,Lepa Rada,Child Feeding Practices and Nutritional Status of Children,63,Children under age 6 months exclusively breastfed or breastfeeding and consuming plain water/other milk only10 (%),73.9,,True,True
Arunachal Pradesh,Lepa Rada,Child Feeding Practices and Nutritional Status of Children,64,Children age 6-8 months receiving solid or semi-solid food and breastmilk10 (%),*,,True,True
Arunachal Pradesh,Lepa Rada,Child Feeding Practices and Nutritional Status of Children,65,"Breastfeeding children age 6-23 months receiving an adequate diet10, 11 (%)",40.9,,False,True
Arunachal Pradesh,Lepa Rada,Child Feeding Practices and Nutritional Status of Children,66,"Non-breastfeeding children age 6-23 months receiving an adequate diet 10, 11 (%)",*,,True,True
Arunachal Pradesh,Lepa Rada,Child Feeding Practices and Nutritional Status of Children,67,"Total children age 6-23 months receiving an adequate diet10, 11 (%)",41.6,,False,True
Arunachal Pradesh,Lepa Rada,Child Feeding Practices and Nutritional Status of Children,68,Children under 5 years who are stunted (height-for-age)12 (%),23.8,,False,True
Arunachal Pradesh,Lepa Rada,Child Feeding Practices and Nutritional Status of Children,69,Children under 5 years who are wasted (weight-for-height)12 (%),8.1,,False,True
Arunachal Pradesh,Lepa Rada,Child Feeding Practices and Nutritional Status of Children,70,Children under 5 years who are severely wasted (weight-for-height)13 (%),3.2,,False,True
Arunachal Pradesh,Lepa Rada,Child Feeding Practices and Nutritional Status of Children,71,Children under 5 years who are underweight (weight-for-age)12 (%),13.8,,False,True
Arunachal Pradesh,Lepa Rada,Child Feeding Practices and Nutritional Status of Children,72,Children under 5 years who are overweight (weight-for-height)14 (%),5.9,,False,True
Arunachal Pradesh,Lepa Rada,Nutritional Status of Adults (age 15-49 years),73,Women whose Body Mass Index (BMI) is below normal (BMI <18.5 kg/m2)15 (%),7.4,,False,True
Arunachal Pradesh,Lepa Rada,Nutritional Status of Adults (age 15-49 years),74,Women who are overweight or obese (BMI ≥25.0 kg/m2)15 (%),38.6,,False,True
Arunachal Pradesh,Lepa Rada,Women,75,Blood sugar level - high (141-160 mg/dl)16 (%),6.2,,False,True
Arunachal Pradesh,Lepa Rada,Women,76,Blood sugar level - very high (>160 mg/dl)16 (%),6.7,,False,True
Arunachal Pradesh,Lepa Rada,Women,77,Blood sugar level - high or very high (>140 mg/dl) or taking medicine to control blood sugar level16 (%),13.6,,False,True
Arunachal Pradesh,Lepa Rada,Men,78,Blood sugar level - high (141-160 mg/dl)16 (%),6.6,,False,True
Arunachal Pradesh,Lepa Rada,Men,79,Blood sugar level - very high (>160 mg/dl)16 (%),8.6,,False,True
Arunachal Pradesh,Lepa Rada,Men,80,Blood sugar level - high or very high (>140 mg/dl) or taking medicine to control blood sugar level 16 (%),16.0,,False,True
Arunachal Pradesh,Lepa Rada,Women,81,Mildly elevated blood pressure (Systolic 140-159 mm of Hg and/or Diastolic 90-99 mm of Hg) (%),16.6,,False,True
Arunachal Pradesh,Lepa Rada,Women,82,Moderately or severely elevated blood pressure (Systolic ≥160 mm of Hg and/or Diastolic ≥100 mm of Hg) (%),11.6,,False,True
Arunachal Pradesh,Lepa Rada,Women,83,Elevated blood pressure (Systolic ≥140 mm of Hg and/or Diastolic ≥90 mm of Hg) or taking medicine to control blood pressure (%),30.6,,False,True
Arunachal Pradesh,Lepa Rada,Men,84,Mildly elevated blood pressure (Systolic 140-159 mm of Hg and/or Diastolic 90-99 mm of Hg) (%),19.8,,False,True
Arunachal Pradesh,Lepa Rada,Men,85,Moderately or severely elevated blood pressure (Systolic ≥160 mm of Hg and/or Diastolic ≥100 mm of Hg) (%),16.9,,False,True
Arunachal Pradesh,Lepa Rada,Men,86,Elevated blood pressure (Systolic ≥140 mm of Hg and/or Diastolic ≥90 mm of Hg) or taking medicine to control blood pressure (%),39.7,,False,True
Arunachal Pradesh,Lepa Rada,Men,87,Women having a bank or savings account that they themselves use (%),94.3,,False,True
Arunachal Pradesh,Lepa Rada,Men,88,Women having a mobile phone that they themselves use (%),95.3,,False,True
Arunachal Pradesh,Lepa Rada,Men,89,Women age 15-24 years who use hygienic methods of protection during their menstrual period17 (%),100.0,,False,True
Arunachal Pradesh,Lepa Rada,Tobacco Use and Alcohol Consumption among Adults (age 15 years and above),90,Women age 15 years and above who use any kind of tobacco (%),12.1,,False,True
Arunachal Pradesh,Lepa Rada,Tobacco Use and Alcohol Consumption among Adults (age 15 years and above),91,Men age 15 years and above who use any kind of tobacco (%),49.7,,False,True
Arunachal Pradesh,Lepa Rada,Tobacco Use and Alcohol Consumption among Adults (age 15 years and above),92,Women age 15 years and above who consume alcohol (%),31.1,,False,True
Arunachal Pradesh,Lepa Rada,Tobacco Use and Alcohol Consumption among Adults (age 15 years and above),93,Men age 15 years and above who consume alcohol (%),57.1,,False,True
Arunachal Pradesh,Lohit,Population and Household Profile,1,Population below age 5 years (%),6.8,8.1,False,False
Arunachal Pradesh,Lohit,Population and Household Profile,2,Population below age 15 years (%),25.0,27.7,False,False
Arunachal Pradesh,Lohit,Population and Household Profile,3,Population age 60 years and above (%),7.0,6.3,False,False
Arunachal Pradesh,Lohit,Population and Household Profile,4,Population living in households with electricity (%),99.2,98.9,False,False
Arunachal Pradesh,Lohit,Population and Household Profile,5,Population living in households with an improved drinking-water source1 (%),96.5,96.9,False,False
Arunachal Pradesh,Lohit,Population and Household Profile,6,Households using iodized salt (%),92.2,97.9,False,False
Arunachal Pradesh,Lohit,Population and Household Profile,7,Households with any usual member covered under a health insurance/financing scheme (%),26.7,31.9,False,False
Arunachal Pradesh,Lohit,Population and Household Profile,8,Households with any usual member having a bank account/post office account (%),95.4,90.7,False,False
Arunachal Pradesh,Lohit,Population and Household Profile,9,Female population age 6 years and above who ever attended school (%),70.2,73.3,False,False
Arunachal Pradesh,Lohit,Population and Household Profile,10,Households with any usual female members owning a house and/or land (alone or jointly with others) (%),21.0,9.8,False,False
Arunachal Pradesh,Lohit,Population and Household Profile,11,Children age 2-4 years who attended pre-school (%),40.0,22.2,False,False
Arunachal Pradesh,Lohit,Characteristics of Adults (age 15-49 years),12,Women with 10 or more years of schooling (%),44.7,37.3,False,False
Arunachal Pradesh,Lohit,Characteristics of Adults (age 15-49 years),13,Men with 10 or more years of schooling (%),55.6,44.4,False,False
Arunachal Pradesh,Lohit,Characteristics of Adults (age 15-49 years),14,Women who have ever used the internet (%),71.6,65.8,False,False
Arunachal Pradesh,Lohit,Characteristics of Adults (age 15-49 years),15,Men who have ever used the internet (%),78.4,79.2,False,False
Arunachal Pradesh,Lohit,Marriage and Fertility,16,Women age 20-24 years married before age 18 years (%),13.2,20.0,False,False
Arunachal Pradesh,Lohit,Marriage and Fertility,17,Men age 25-29 years married before age 21 years (%),*,*,True,False
Arunachal Pradesh,Lohit,Marriage and Fertility,18,Three or more births in the 5 years preceding the survey (%),0.0,0.6,False,False
Arunachal Pradesh,Lohit,Marriage and Fertility,19,Women age 15-19 years who were already mothers or pregnant at the time of the survey (%),6.2,5.4,False,False
Arunachal Pradesh,Lohit,Marriage and Fertility,20,Any method2 (%),60.5,57.0,False,False
Arunachal Pradesh,Lohit,Marriage and Fertility,21,Any modern method2 (%),43.2,43.5,False,False
Arunachal Pradesh,Lohit,Marriage and Fertility,22,Any traditional method (%),17.3,13.5,False,False
Arunachal Pradesh,Lohit,Marriage and Fertility,23,Female sterilization (%),14.7,14.9,False,False
Arunachal Pradesh,Lohit,Marriage and Fertility,24,Male sterilization (%),0.3,0.0,False,False
Arunachal Pradesh,Lohit,Marriage and Fertility,25,Total unmet need3 (%),13.8,14.6,False,False
Arunachal Pradesh,Lohit,Marriage and Fertility,26,Unmet need for spacing3 (%),5.8,7.3,False,False
Arunachal Pradesh,Lohit,Marriage and Fertility,27,Unmet need for limiting3 (%),8.0,7.3,False,False
Arunachal Pradesh,Lohit,Antenatal Care (for last birth in the 5 years before the survey),28,Mothers who had an antenatal check-up in the first trimester (%),53.7,66.9,False,False
Arunachal Pradesh,Lohit,Antenatal Care (for last birth in the 5 years before the survey),29,Mothers who had any antenatal care visits (%),82.2,88.6,False,False
Arunachal Pradesh,Lohit,Antenatal Care (for last birth in the 5 years before the survey),30,Mothers who had at least 4 antenatal care visits (%),44.3,39.6,False,False
Arunachal Pradesh,Lohit,Antenatal Care (for last birth in the 5 years before the survey),31,Mothers whose last birth was protected against neonatal tetanus 4 (%),85.2,74.6,False,False
Arunachal Pradesh,Lohit,Antenatal Care (for last birth in the 5 years before the survey),32,Mothers who consumed iron folic acid for 100 days or more when they were pregnant (%),25.9,34.1,False,False
Arunachal Pradesh,Lohit,Antenatal Care (for last birth in the 5 years before the survey),33,Mothers who consumed iron folic acid for 180 days or more when they were pregnant (%),17.3,17.6,False,False
Arunachal Pradesh,Lohit,Antenatal Care (for last birth in the 5 years before the survey),34,Registered pregnancies for which the mother received a Mother and Child Protection (MCP) card (%),97.4,96.9,False,False
Arunachal Pradesh,Lohit,Delivery Care (for births in the 5 years before the survey),35,Institutional births (%),93.8,90.2,False,False
Arunachal Pradesh,Lohit,Delivery Care (for births in the 5 years before the survey),36,Institutional births in public facility (%),90.3,84.6,False,False
Arunachal Pradesh,Lohit,Delivery Care (for births in the 5 years before the survey),37,Births attended by skilled health personnel5 (%),94.7,92.3,False,False
Arunachal Pradesh,Lohit,Delivery Care (for births in the 5 years before the survey),38,Births delivered by caesarean section (%),21.8,19.7,False,False
Arunachal Pradesh,Lohit,Delivery Care (for births in the 5 years before the survey),39,Births in a private health facility that were delivered by caesarean section (%),*,*,True,False
Arunachal Pradesh,Lohit,Delivery Care (for births in the 5 years before the survey),40,Births in a public health facility that were delivered by caesarean section (%),20.7,18.5,False,False
Arunachal Pradesh,Lohit,Postnatal Care (for last birth in the 5 years before the survey),41,Mothers who received postnatal care from a doctor/nurse/LHV/ANM/midwife/other health personnel within 2 days of delivery+ (%),55.9,66.2,False,False
Arunachal Pradesh,Lohit,Postnatal Care (for last birth in the 5 years before the survey),42,Children born at home who were taken to a health facility for a check-up within 24 hours of birth (%),*,2.8,True,False
Arunachal Pradesh,Lohit,Postnatal Care (for last birth in the 5 years before the survey),43,Children who received postnatal care from a doctor/nurse/LHV/ANM/midwife/other health personnel within 2 days of delivery+ (%),59.1,66.2,False,False
Arunachal Pradesh,Lohit,Child Vaccinations and Vitamin A Supplementation,44,Children age 12-23 months fully vaccinated based on information from either vaccination card or mother's recall6 (%),76.8,74.0,True,False
Arunachal Pradesh,Lohit,Child Vaccinations and Vitamin A Supplementation,45,Children age 12-23 months fully vaccinated based on information from vaccination card only 7 (%),89.9,77.0,True,False
Arunachal Pradesh,Lohit,Child Vaccinations and Vitamin A Supplementation,46,Children age 12-23 months who have received any vaccine (%),89.2,100.0,True,False
Arunachal Pradesh,Lohit,Child Vaccinations and Vitamin A Supplementation,47,Children age 12-23 months who have received BCG (%),85.2,95.9,True,False
Arunachal Pradesh,Lohit,Child Vaccinations and Vitamin A Supplementation,48,Children age 12-23 months who have received 3 doses of polio vaccine8 (%),78.7,80.4,True,False
Arunachal Pradesh,Lohit,Child Vaccinations and Vitamin A Supplementation,49,Children age 12-23 months who have received 3 doses of pentavalent vaccine (%),83.1,86.8,True,False
Arunachal Pradesh,Lohit,Child Vaccinations and Vitamin A Supplementation,50,Children age 12-23 months who have received the first dose of measles-containing vaccine (MCV) (%),84.6,87.6,True,False
Arunachal Pradesh,Lohit,Child Vaccinations and Vitamin A Supplementation,51,Children age 24-35 months who have received a second dose of measles-containing vaccine (MCV) (%),44.7,43.0,True,False
Arunachal Pradesh,Lohit,Child Vaccinations and Vitamin A Supplementation,52,Children age 12-23 months who have received birth dose of hepatitis B vaccine (%),73.3,88.8,True,False
Arunachal Pradesh,Lohit,Child Vaccinations and Vitamin A Supplementation,53,Children age 12-23 months who have received 3 doses of rotavirus vaccine (%),84.6,51.2,True,False
Arunachal Pradesh,Lohit,Child Vaccinations and Vitamin A Supplementation,54,Children age 9-35 months who received a vitamin A dose in the last 6 months (%),82.6,73.0,False,False
Arunachal Pradesh,Lohit,Child Vaccinations and Vitamin A Supplementation,55,Children age 12-23 months who received most of their vaccinations in a public health facility (%),100.0,98.2,True,False
Arunachal Pradesh,Lohit,Child Vaccinations and Vitamin A Supplementation,56,Children age 12-23 months who received most of their vaccinations in a private health facility (%),0.0,0.0,True,False
Arunachal Pradesh,Lohit,Treatment of Childhood Diseases (children under age 5 years),57,Prevalence of diarrhoea in the 2 weeks preceding the survey (%),6.1,7.5,False,False
Arunachal Pradesh,Lohit,Treatment of Childhood Diseases (children under age 5 years),58,Prevalence of symptoms of acute respiratory infection (ARI) in the 2 weeks preceding the survey (%),1.0,1.7,False,False
Arunachal Pradesh,Lohit,Treatment of Childhood Diseases (children under age 5 years),59,Children with fever or symptoms of ARI in the 2 weeks preceding the survey taken to a health facility or health provider (%),48.3,*,True,False
Arunachal Pradesh,Lohit,Child Feeding Practices and Nutritional Status of Children,60,Children under age 3 years breastfed within one hour of birth 9 (%),49.6,52.3,False,False
Arunachal Pradesh,Lohit,Child Feeding Practices and Nutritional Status of Children,61,Children under age 6 months exclusively breastfed10 (%),*,*,True,False
Arunachal Pradesh,Lohit,Child Feeding Practices and Nutritional Status of Children,62,Children under age 6 months currently breastfeeding10 (%),*,*,True,False
Arunachal Pradesh,Lohit,Child Feeding Practices and Nutritional Status of Children,63,Children under age 6 months exclusively breastfed or breastfeeding and consuming plain water/other milk only10 (%),*,*,True,False
Arunachal Pradesh,Lohit,Child Feeding Practices and Nutritional Status of Children,64,Children age 6-8 months receiving solid or semi-solid food and breastmilk10 (%),*,*,True,False
Arunachal Pradesh,Lohit,Child Feeding Practices and Nutritional Status of Children,65,"Breastfeeding children age 6-23 months receiving an adequate diet10, 11 (%)",26.7,23.8,False,False
Arunachal Pradesh,Lohit,Child Feeding Practices and Nutritional Status of Children,66,"Non-breastfeeding children age 6-23 months receiving an adequate diet 10, 11 (%)",*,*,True,False
Arunachal Pradesh,Lohit,Child Feeding Practices and Nutritional Status of Children,67,"Total children age 6-23 months receiving an adequate diet10, 11 (%)",27.2,20.8,False,False
Arunachal Pradesh,Lohit,Child Feeding Practices and Nutritional Status of Children,68,Children under 5 years who are stunted (height-for-age)12 (%),19.2,24.5,False,False
Arunachal Pradesh,Lohit,Child Feeding Practices and Nutritional Status of Children,69,Children under 5 years who are wasted (weight-for-height)12 (%),16.6,12.7,False,False
Arunachal Pradesh,Lohit,Child Feeding Practices and Nutritional Status of Children,70,Children under 5 years who are severely wasted (weight-for-height)13 (%),5.8,4.9,False,False
Arunachal Pradesh,Lohit,Child Feeding Practices and Nutritional Status of Children,71,Children under 5 years who are underweight (weight-for-age)12 (%),20.8,12.9,False,False
Arunachal Pradesh,Lohit,Child Feeding Practices and Nutritional Status of Children,72,Children under 5 years who are overweight (weight-for-height)14 (%),5.3,7.6,False,False
Arunachal Pradesh,Lohit,Nutritional Status of Adults (age 15-49 years),73,Women whose Body Mass Index (BMI) is below normal (BMI <18.5 kg/m 2)15 (%),7.8,8.0,False,False
Arunachal Pradesh,Lohit,Nutritional Status of Adults (age 15-49 years),74,Women who are overweight or obese (BMI ≥25.0 kg/m2)15 (%),29.8,30.9,False,False
Arunachal Pradesh,Lohit,Women,75,Blood sugar level - high (141-160 mg/dl)16 (%),3.5,4.0,False,False
Arunachal Pradesh,Lohit,Women,76,Blood sugar level - very high (>160 mg/dl)16 (%),6.2,4.8,False,False
Arunachal Pradesh,Lohit,Women,77,Blood sugar level - high or very high (>140 mg/dl) or taking medicine to control blood sugar level16 (%),10.7,9.5,False,False
Arunachal Pradesh,Lohit,Men,78,Blood sugar level - high (141-160 mg/dl)16 (%),7.0,3.2,False,False
Arunachal Pradesh,Lohit,Men,79,Blood sugar level - very high (>160 mg/dl)16 (%),7.2,4.6,False,False
Arunachal Pradesh,Lohit,Men,80,Blood sugar level - high or very high (>140 mg/dl) or taking medicine to control blood sugar level 16 (%),15.7,9.1,False,False
Arunachal Pradesh,Lohit,Women,81,Mildly elevated blood pressure (Systolic 140-159 mm of Hg and/or Diastolic 90-99 mm of Hg) (%),9.9,14.8,False,False
Arunachal Pradesh,Lohit,Women,82,Moderately or severely elevated blood pressure (Systolic ≥160 mm of Hg and/or Diastolic ≥100 mm of Hg) (%),4.7,4.9,False,False
Arunachal Pradesh,Lohit,Women,83,Elevated blood pressure (Systolic ≥140 mm of Hg and/or Diastolic ≥90 mm of Hg) or taking medicine to control blood pressure (%),18.2,22.1,False,False
Arunachal Pradesh,Lohit,Men,84,Mildly elevated blood pressure (Systolic 140-159 mm of Hg and/or Diastolic 90-99 mm of Hg) (%),15.0,17.4,False,False
Arunachal Pradesh,Lohit,Men,85,Moderately or severely elevated blood pressure (Systolic ≥160 mm of Hg and/or Diastolic ≥100 mm of Hg) (%),6.8,7.0,False,False
Arunachal Pradesh,Lohit,Men,86,Elevated blood pressure (Systolic ≥140 mm of Hg and/or Diastolic ≥90 mm of Hg) or taking medicine to control blood pressure (%),23.3,26.6,False,False
Arunachal Pradesh,Lohit,Men,87,Women having a bank or savings account that they themselves use (%),90.3,80.1,False,False
Arunachal Pradesh,Lohit,Men,88,Women having a mobile phone that they themselves use (%),84.9,76.0,False,False
Arunachal Pradesh,Lohit,Men,89,Women age 15-24 years who use hygienic methods of protection during their menstrual period17 (%),91.4,91.4,False,False
Arunachal Pradesh,Lohit,Tobacco Use and Alcohol Consumption among Adults (age 15 years and above),90,Women age 15 years and above who use any kind of tobacco (%),19.9,17.8,False,False
Arunachal Pradesh,Lohit,Tobacco Use and Alcohol Consumption among Adults (age 15 years and above),91,Men age 15 years and above who use any kind of tobacco (%),43.5,53.0,False,False
Arunachal Pradesh,Lohit,Tobacco Use and Alcohol Consumption among Adults (age 15 years and above),92,Women age 15 years and above who consume alcohol (%),18.9,20.9,False,False
Arunachal Pradesh,Lohit,Tobacco Use and Alcohol Consumption among Adults (age 15 years and above),93,Men age 15 years and above who consume alcohol (%),40.5,50.0,False,False
Arunachal Pradesh,Longding,Population and Household Profile,1,Population below age 5 years (%),7.1,7.6,False,False
Arunachal Pradesh,Longding,Population and Household Profile,2,Population below age 15 years (%),24.4,29.9,False,False
Arunachal Pradesh,Longding,Population and Household Profile,3,Population age 60 years and above (%),10.2,9.9,False,False
Arunachal Pradesh,Longding,Population and Household Profile,4,Population living in households with electricity (%),99.4,97.4,False,False
Arunachal Pradesh,Longding,Population and Household Profile,5,Population living in households with an improved drinking-water source1 (%),97.5,62.5,False,False
Arunachal Pradesh,Longding,Population and Household Profile,6,Households using iodized salt (%),99.7,99.3,False,False
Arunachal Pradesh,Longding,Population and Household Profile,7,Households with any usual member covered under a health insurance/financing scheme (%),67.1,23.8,False,False
Arunachal Pradesh,Longding,Population and Household Profile,8,Households with any usual member having a bank account/post office account (%),96.0,94.7,False,False
Arunachal Pradesh,Longding,Population and Household Profile,9,Female population age 6 years and above who ever attended school (%),68.7,63.2,False,False
Arunachal Pradesh,Longding,Population and Household Profile,10,Households with any usual female members owning a house and/or land (alone or jointly with others) (%),21.5,23.4,False,False
Arunachal Pradesh,Longding,Population and Household Profile,11,Children age 2-4 years who attended pre-school (%),14.9,15.5,False,False
Arunachal Pradesh,Longding,Characteristics of Adults (age 15-49 years),12,Women with 10 or more years of schooling (%),50.2,27.7,False,False
Arunachal Pradesh,Longding,Characteristics of Adults (age 15-49 years),13,Men with 10 or more years of schooling (%),62.5,29.0,False,False
Arunachal Pradesh,Longding,Characteristics of Adults (age 15-49 years),14,Women who have ever used the internet (%),81.2,61.4,False,False
Arunachal Pradesh,Longding,Characteristics of Adults (age 15-49 years),15,Men who have ever used the internet (%),83.8,63.5,False,False
Arunachal Pradesh,Longding,Marriage and Fertility,16,Women age 20-24 years married before age 18 years (%),10.4,7.9,False,False
Arunachal Pradesh,Longding,Marriage and Fertility,17,Men age 25-29 years married before age 21 years (%),*,*,True,False
Arunachal Pradesh,Longding,Marriage and Fertility,18,Three or more births in the 5 years preceding the survey (%),0.4,0.9,False,False
Arunachal Pradesh,Longding,Marriage and Fertility,19,Women age 15-19 years who were already mothers or pregnant at the time of the survey (%),1.1,2.2,False,False
Arunachal Pradesh,Longding,Marriage and Fertility,20,Any method2 (%),65.8,68.6,False,False
Arunachal Pradesh,Longding,Marriage and Fertility,21,Any modern method2 (%),43.3,49.0,False,False
Arunachal Pradesh,Longding,Marriage and Fertility,22,Any traditional method (%),22.5,19.6,False,False
Arunachal Pradesh,Longding,Marriage and Fertility,23,Female sterilization (%),21.0,21.3,False,False
Arunachal Pradesh,Longding,Marriage and Fertility,24,Male sterilization (%),0.0,0.0,False,False
Arunachal Pradesh,Longding,Marriage and Fertility,25,Total unmet need3 (%),9.0,7.3,False,False
Arunachal Pradesh,Longding,Marriage and Fertility,26,Unmet need for spacing3 (%),8.1,4.5,False,False
Arunachal Pradesh,Longding,Marriage and Fertility,27,Unmet need for limiting3 (%),0.9,2.8,False,False
Arunachal Pradesh,Longding,Antenatal Care (for last birth in the 5 years before the survey),28,Mothers who had an antenatal check-up in the first trimester (%),54.6,65.8,False,False
Arunachal Pradesh,Longding,Antenatal Care (for last birth in the 5 years before the survey),29,Mothers who had any antenatal care visits (%),70.6,82.4,False,False
Arunachal Pradesh,Longding,Antenatal Care (for last birth in the 5 years before the survey),30,Mothers who had at least 4 antenatal care visits (%),24.1,39.6,False,False
Arunachal Pradesh,Longding,Antenatal Care (for last birth in the 5 years before the survey),31,Mothers whose last birth was protected against neonatal tetanus 4 (%),68.2,78.4,False,False
Arunachal Pradesh,Longding,Antenatal Care (for last birth in the 5 years before the survey),32,Mothers who consumed iron folic acid for 100 days or more when they were pregnant (%),26.8,33.4,False,False
Arunachal Pradesh,Longding,Antenatal Care (for last birth in the 5 years before the survey),33,Mothers who consumed iron folic acid for 180 days or more when they were pregnant (%),12.7,7.1,False,False
Arunachal Pradesh,Longding,Antenatal Care (for last birth in the 5 years before the survey),34,Registered pregnancies for which the mother received a Mother and Child Protection (MCP) card (%),99.3,97.0,False,False
Arunachal Pradesh,Longding,Delivery Care (for births in the 5 years before the survey),35,Institutional births (%),73.9,64.5,False,False
Arunachal Pradesh,Longding,Delivery Care (for births in the 5 years before the survey),36,Institutional births in public facility (%),72.1,62.8,False,False
Arunachal Pradesh,Longding,Delivery Care (for births in the 5 years before the survey),37,Births attended by skilled health personnel5 (%),72.0,65.0,False,False
Arunachal Pradesh,Longding,Delivery Care (for births in the 5 years before the survey),38,Births delivered by caesarean section (%),5.1,4.2,False,False
Arunachal Pradesh,Longding,Delivery Care (for births in the 5 years before the survey),39,Births in a private health facility that were delivered by caesarean section (%),*,*,True,False
Arunachal Pradesh,Longding,Delivery Care (for births in the 5 years before the survey),40,Births in a public health facility that were delivered by caesarean section (%),5.7,5.1,False,False
Arunachal Pradesh,Longding,Postnatal Care (for last birth in the 5 years before the survey),41,Mothers who received postnatal care from a doctor/nurse/LHV/ANM/midwife/other health personnel within 2 days of delivery+ (%),62.8,57.1,False,False
Arunachal Pradesh,Longding,Postnatal Care (for last birth in the 5 years before the survey),42,Children born at home who were taken to a health facility for a check-up within 24 hours of birth (%),0.0,0.0,True,False
Arunachal Pradesh,Longding,Postnatal Care (for last birth in the 5 years before the survey),43,Children who received postnatal care from a doctor/nurse/LHV/ANM/midwife/other health personnel within 2 days of delivery+ (%),64.2,55.5,False,False
Arunachal Pradesh,Longding,Child Vaccinations and Vitamin A Supplementation,44,Children age 12-23 months fully vaccinated based on information from either vaccination card or mother's recall6 (%),86.0,52.7,True,False
Arunachal Pradesh,Longding,Child Vaccinations and Vitamin A Supplementation,45,Children age 12-23 months fully vaccinated based on information from vaccination card only 7 (%),90.0,75.2,True,False
Arunachal Pradesh,Longding,Child Vaccinations and Vitamin A Supplementation,46,Children age 12-23 months who have received any vaccine (%),95.4,74.5,True,False
Arunachal Pradesh,Longding,Child Vaccinations and Vitamin A Supplementation,47,Children age 12-23 months who have received BCG (%),93.4,74.5,True,False
Arunachal Pradesh,Longding,Child Vaccinations and Vitamin A Supplementation,48,Children age 12-23 months who have received 3 doses of polio vaccine8 (%),86.0,52.7,True,False
Arunachal Pradesh,Longding,Child Vaccinations and Vitamin A Supplementation,49,Children age 12-23 months who have received 3 doses of pentavalent vaccine (%),89.2,59.7,True,False
Arunachal Pradesh,Longding,Child Vaccinations and Vitamin A Supplementation,50,Children age 12-23 months who have received the first dose of measles-containing vaccine (MCV) (%),89.2,61.5,True,False
Arunachal Pradesh,Longding,Child Vaccinations and Vitamin A Supplementation,51,Children age 24-35 months who have received a second dose of measles-containing vaccine (MCV) (%),77.8,56.8,True,False
Arunachal Pradesh,Longding,Child Vaccinations and Vitamin A Supplementation,52,Children age 12-23 months who have received birth dose of hepatitis B vaccine (%),82.4,41.1,True,False
Arunachal Pradesh,Longding,Child Vaccinations and Vitamin A Supplementation,53,Children age 12-23 months who have received 3 doses of rotavirus vaccine (%),85.4,34.1,True,False
Arunachal Pradesh,Longding,Child Vaccinations and Vitamin A Supplementation,54,Children age 9-35 months who received a vitamin A dose in the last 6 months (%),48.5,54.2,False,False
Arunachal Pradesh,Longding,Child Vaccinations and Vitamin A Supplementation,55,Children age 12-23 months who received most of their vaccinations in a public health facility (%),93.7,85.8,True,False
Arunachal Pradesh,Longding,Child Vaccinations and Vitamin A Supplementation,56,Children age 12-23 months who received most of their vaccinations in a private health facility (%),0.0,0.0,True,False
Arunachal Pradesh,Longding,Treatment of Childhood Diseases (children under age 5 years),57,Prevalence of diarrhoea in the 2 weeks preceding the survey (%),2.4,0.5,False,False
Arunachal Pradesh,Longding,Treatment of Childhood Diseases (children under age 5 years),58,Prevalence of symptoms of acute respiratory infection (ARI) in the 2 weeks preceding the survey (%),0.0,0.8,False,False
Arunachal Pradesh,Longding,Treatment of Childhood Diseases (children under age 5 years),59,Children with fever or symptoms of ARI in the 2 weeks preceding the survey taken to a health facility or health provider (%),*,*,True,False
Arunachal Pradesh,Longding,Child Feeding Practices and Nutritional Status of Children,60,Children under age 3 years breastfed within one hour of birth 9 (%),53.7,58.0,False,False
Arunachal Pradesh,Longding,Child Feeding Practices and Nutritional Status of Children,61,Children under age 6 months exclusively breastfed10 (%),*,66.1,True,False
Arunachal Pradesh,Longding,Child Feeding Practices and Nutritional Status of Children,62,Children under age 6 months currently breastfeeding10 (%),*,89.0,True,False
Arunachal Pradesh,Longding,Child Feeding Practices and Nutritional Status of Children,63,Children under age 6 months exclusively breastfed or breastfeeding and consuming plain water/other milk only10 (%),*,78.6,True,False
Arunachal Pradesh,Longding,Child Feeding Practices and Nutritional Status of Children,64,Children age 6-8 months receiving solid or semi-solid food and breastmilk10 (%),*,*,True,False
Arunachal Pradesh,Longding,Child Feeding Practices and Nutritional Status of Children,65,"Breastfeeding children age 6-23 months receiving an adequate diet10, 11 (%)",12.8,22.6,False,False
Arunachal Pradesh,Longding,Child Feeding Practices and Nutritional Status of Children,66,"Non-breastfeeding children age 6-23 months receiving an adequate diet 10, 11 (%)",*,*,True,False
Arunachal Pradesh,Longding,Child Feeding Practices and Nutritional Status of Children,67,"Total children age 6-23 months receiving an adequate diet10, 11 (%)",13.0,20.0,False,False
Arunachal Pradesh,Longding,Child Feeding Practices and Nutritional Status of Children,68,Children under 5 years who are stunted (height-for-age)12 (%),12.8,15.8,False,False
Arunachal Pradesh,Longding,Child Feeding Practices and Nutritional Status of Children,69,Children under 5 years who are wasted (weight-for-height)12 (%),19.2,20.6,False,False
Arunachal Pradesh,Longding,Child Feeding Practices and Nutritional Status of Children,70,Children under 5 years who are severely wasted (weight-for-height)13 (%),12.1,14.2,False,False
Arunachal Pradesh,Longding,Child Feeding Practices and Nutritional Status of Children,71,Children under 5 years who are underweight (weight-for-age)12 (%),12.1,13.8,False,False
Arunachal Pradesh,Longding,Child Feeding Practices and Nutritional Status of Children,72,Children under 5 years who are overweight (weight-for-height)14 (%),4.6,4.2,False,False
Arunachal Pradesh,Longding,Nutritional Status of Adults (age 15-49 years),73,Women whose Body Mass Index (BMI) is below normal (BMI <18.5 kg/m 2)15 (%),7.0,4.0,False,False
Arunachal Pradesh,Longding,Nutritional Status of Adults (age 15-49 years),74,Women who are overweight or obese (BMI ≥25.0 kg/m2)15 (%),20.9,13.7,False,False
Arunachal Pradesh,Longding,Women,75,Blood sugar level - high (141-160 mg/dl)16 (%),6.0,5.3,False,False
Arunachal Pradesh,Longding,Women,76,Blood sugar level - very high (>160 mg/dl)16 (%),3.7,4.9,False,False
Arunachal Pradesh,Longding,Women,77,Blood sugar level - high or very high (>140 mg/dl) or taking medicine to control blood sugar level16 (%),9.9,10.5,False,False
Arunachal Pradesh,Longding,Men,78,Blood sugar level - high (141-160 mg/dl)16 (%),9.0,7.3,False,False
Arunachal Pradesh,Longding,Men,79,Blood sugar level - very high (>160 mg/dl)16 (%),4.6,6.7,False,False
Arunachal Pradesh,Longding,Men,80,Blood sugar level - high or very high (>140 mg/dl) or taking medicine to control blood sugar level 16 (%),13.7,14.5,False,False
Arunachal Pradesh,Longding,Women,81,Mildly elevated blood pressure (Systolic 140-159 mm of Hg and/or Diastolic 90-99 mm of Hg) (%),19.8,15.6,False,False
Arunachal Pradesh,Longding,Women,82,Moderately or severely elevated blood pressure (Systolic ≥160 mm of Hg and/or Diastolic ≥100 mm of Hg) (%),8.9,4.1,False,False
Arunachal Pradesh,Longding,Women,83,Elevated blood pressure (Systolic ≥140 mm of Hg and/or Diastolic ≥90 mm of Hg) or taking medicine to control blood pressure (%),29.0,20.5,False,False
Arunachal Pradesh,Longding,Men,84,Mildly elevated blood pressure (Systolic 140-159 mm of Hg and/or Diastolic 90-99 mm of Hg) (%),26.1,22.3,False,False
Arunachal Pradesh,Longding,Men,85,Moderately or severely elevated blood pressure (Systolic ≥160 mm of Hg and/or Diastolic ≥100 mm of Hg) (%),9.5,8.3,False,False
Arunachal Pradesh,Longding,Men,86,Elevated blood pressure (Systolic ≥140 mm of Hg and/or Diastolic ≥90 mm of Hg) or taking medicine to control blood pressure (%),36.1,31.1,False,False
Arunachal Pradesh,Longding,Men,87,Women having a bank or savings account that they themselves use (%),95.8,78.8,False,False
Arunachal Pradesh,Longding,Men,88,Women having a mobile phone that they themselves use (%),92.8,73.1,False,False
Arunachal Pradesh,Longding,Men,89,Women age 15-24 years who use hygienic methods of protection during their menstrual period17 (%),96.5,92.0,False,False
Arunachal Pradesh,Longding,Tobacco Use and Alcohol Consumption among Adults (age 15 years and above),90,Women age 15 years and above who use any kind of tobacco (%),18.3,16.0,False,False
Arunachal Pradesh,Longding,Tobacco Use and Alcohol Consumption among Adults (age 15 years and above),91,Men age 15 years and above who use any kind of tobacco (%),52.6,56.1,False,False
Arunachal Pradesh,Longding,Tobacco Use and Alcohol Consumption among Adults (age 15 years and above),92,Women age 15 years and above who consume alcohol (%),13.7,21.8,False,False
Arunachal Pradesh,Longding,Tobacco Use and Alcohol Consumption among Adults (age 15 years and above),93,Men age 15 years and above who consume alcohol (%),41.7,55.2,False,False
Arunachal Pradesh,Lower Dibang Valley,Population and Household Profile,1,Population below age 5 years (%),6.9,6.9,False,False
Arunachal Pradesh,Lower Dibang Valley,Population and Household Profile,2,Population below age 15 years (%),24.0,24.5,False,False
Arunachal Pradesh,Lower Dibang Valley,Population and Household Profile,3,Population age 60 years and above (%),8.1,7.7,False,False
Arunachal Pradesh,Lower Dibang Valley,Population and Household Profile,4,Population living in households with electricity (%),93.2,84.4,False,False
Arunachal Pradesh,Lower Dibang Valley,Population and Household Profile,5,Population living in households with an improved drinking-water source1 (%),98.7,99.5,False,False
Arunachal Pradesh,Lower Dibang Valley,Population and Household Profile,6,Households using iodized salt (%),98.1,98.7,False,False
Arunachal Pradesh,Lower Dibang Valley,Population and Household Profile,7,Households with any usual member covered under a health insurance/financing scheme (%),35.3,36.8,False,False
Arunachal Pradesh,Lower Dibang Valley,Population and Household Profile,8,Households with any usual member having a bank account/post office account (%),91.9,90.3,False,False
Arunachal Pradesh,Lower Dibang Valley,Population and Household Profile,9,Female population age 6 years and above who ever attended school (%),67.4,76.8,False,False
Arunachal Pradesh,Lower Dibang Valley,Population and Household Profile,10,Households with any usual female members owning a house and/or land (alone or jointly with others) (%),8.2,26.6,False,False
Arunachal Pradesh,Lower Dibang Valley,Population and Household Profile,11,Children age 2-4 years who attended pre-school (%),56.1,19.2,False,False
Arunachal Pradesh,Lower Dibang Valley,Characteristics of Adults (age 15-49 years),12,Women with 10 or more years of schooling (%),48.4,51.9,False,False
Arunachal Pradesh,Lower Dibang Valley,Characteristics of Adults (age 15-49 years),13,Men with 10 or more years of schooling (%),52.7,58.0,False,False
Arunachal Pradesh,Lower Dibang Valley,Characteristics of Adults (age 15-49 years),14,Women who have ever used the internet (%),49.6,73.5,False,False
Arunachal Pradesh,Lower Dibang Valley,Characteristics of Adults (age 15-49 years),15,Men who have ever used the internet (%),72.0,78.1,False,False
Arunachal Pradesh,Lower Dibang Valley,Marriage and Fertility,16,Women age 20-24 years married before age 18 years (%),26.7,13.8,False,False
Arunachal Pradesh,Lower Dibang Valley,Marriage and Fertility,17,Men age 25-29 years married before age 21 years (%),*,8.0,True,False
Arunachal Pradesh,Lower Dibang Valley,Marriage and Fertility,18,Three or more births in the 5 years preceding the survey (%),0.5,0.0,False,False
Arunachal Pradesh,Lower Dibang Valley,Marriage and Fertility,19,Women age 15-19 years who were already mothers or pregnant at the time of the survey (%),11.0,1.6,False,False
Arunachal Pradesh,Lower Dibang Valley,Marriage and Fertility,20,Any method2 (%),57.5,75.3,False,False
Arunachal Pradesh,Lower Dibang Valley,Marriage and Fertility,21,Any modern method2 (%),42.9,56.4,False,False
Arunachal Pradesh,Lower Dibang Valley,Marriage and Fertility,22,Any traditional method (%),14.6,18.9,False,False
Arunachal Pradesh,Lower Dibang Valley,Marriage and Fertility,23,Female sterilization (%),14.4,28.4,False,False
Arunachal Pradesh,Lower Dibang Valley,Marriage and Fertility,24,Male sterilization (%),0.0,0.0,False,False
Arunachal Pradesh,Lower Dibang Valley,Marriage and Fertility,25,Total unmet need3 (%),14.1,4.9,False,False
Arunachal Pradesh,Lower Dibang Valley,Marriage and Fertility,26,Unmet need for spacing3 (%),8.3,4.7,False,False
Arunachal Pradesh,Lower Dibang Valley,Marriage and Fertility,27,Unmet need for limiting3 (%),5.8,0.2,False,False
Arunachal Pradesh,Lower Dibang Valley,Antenatal Care (for last birth in the 5 years before the survey),28,Mothers who had an antenatal check-up in the first trimester (%),58.4,56.3,False,False
Arunachal Pradesh,Lower Dibang Valley,Antenatal Care (for last birth in the 5 years before the survey),29,Mothers who had any antenatal care visits (%),82.3,85.7,False,False
Arunachal Pradesh,Lower Dibang Valley,Antenatal Care (for last birth in the 5 years before the survey),30,Mothers who had at least 4 antenatal care visits (%),39.3,48.6,False,False
Arunachal Pradesh,Lower Dibang Valley,Antenatal Care (for last birth in the 5 years before the survey),31,Mothers whose last birth was protected against neonatal tetanus 4 (%),89.9,87.5,False,False
Arunachal Pradesh,Lower Dibang Valley,Antenatal Care (for last birth in the 5 years before the survey),32,Mothers who consumed iron folic acid for 100 days or more when they were pregnant (%),20.3,25.8,False,False
Arunachal Pradesh,Lower Dibang Valley,Antenatal Care (for last birth in the 5 years before the survey),33,Mothers who consumed iron folic acid for 180 days or more when they were pregnant (%),14.6,3.3,False,False
Arunachal Pradesh,Lower Dibang Valley,Antenatal Care (for last birth in the 5 years before the survey),34,Registered pregnancies for which the mother received a Mother and Child Protection (MCP) card (%),98.5,97.2,False,False
Arunachal Pradesh,Lower Dibang Valley,Delivery Care (for births in the 5 years before the survey),35,Institutional births (%),78.1,90.1,False,False
Arunachal Pradesh,Lower Dibang Valley,Delivery Care (for births in the 5 years before the survey),36,Institutional births in public facility (%),65.6,86.8,False,False
Arunachal Pradesh,Lower Dibang Valley,Delivery Care (for births in the 5 years before the survey),37,Births attended by skilled health personnel5 (%),85.7,93.7,False,False
Arunachal Pradesh,Lower Dibang Valley,Delivery Care (for births in the 5 years before the survey),38,Births delivered by caesarean section (%),16.7,11.0,False,False
Arunachal Pradesh,Lower Dibang Valley,Delivery Care (for births in the 5 years before the survey),39,Births in a private health facility that were delivered by caesarean section (%),45.4,*,True,False
Arunachal Pradesh,Lower Dibang Valley,Delivery Care (for births in the 5 years before the survey),40,Births in a public health facility that were delivered by caesarean section (%),16.8,10.7,False,False
Arunachal Pradesh,Lower Dibang Valley,Postnatal Care (for last birth in the 5 years before the survey),41,Mothers who received postnatal care from a doctor/nurse/LHV/ANM/midwife/other health personnel within 2 days of delivery+ (%),57.6,58.6,False,False
Arunachal Pradesh,Lower Dibang Valley,Postnatal Care (for last birth in the 5 years before the survey),42,Children born at home who were taken to a health facility for a check-up within 24 hours of birth (%),12.7,*,True,False
Arunachal Pradesh,Lower Dibang Valley,Postnatal Care (for last birth in the 5 years before the survey),43,Children who received postnatal care from a doctor/nurse/LHV/ANM/midwife/other health personnel within 2 days of delivery+ (%),59.8,58.4,False,False
Arunachal Pradesh,Lower Dibang Valley,Child Vaccinations and Vitamin A Supplementation,44,Children age 12-23 months fully vaccinated based on information from either vaccination card or mother's recall6 (%),72.0,73.8,True,False
Arunachal Pradesh,Lower Dibang Valley,Child Vaccinations and Vitamin A Supplementation,45,Children age 12-23 months fully vaccinated based on information from vaccination card only 7 (%),77.7,81.0,True,False
Arunachal Pradesh,Lower Dibang Valley,Child Vaccinations and Vitamin A Supplementation,46,Children age 12-23 months who have received any vaccine (%),94.8,98.3,True,False
Arunachal Pradesh,Lower Dibang Valley,Child Vaccinations and Vitamin A Supplementation,47,Children age 12-23 months who have received BCG (%),88.6,89.2,True,False
Arunachal Pradesh,Lower Dibang Valley,Child Vaccinations and Vitamin A Supplementation,48,Children age 12-23 months who have received 3 doses of polio vaccine8 (%),80.5,77.8,True,False
Arunachal Pradesh,Lower Dibang Valley,Child Vaccinations and Vitamin A Supplementation,49,Children age 12-23 months who have received 3 doses of pentavalent vaccine (%),82.8,77.0,True,False
Arunachal Pradesh,Lower Dibang Valley,Child Vaccinations and Vitamin A Supplementation,50,Children age 12-23 months who have received the first dose of measles-containing vaccine (MCV) (%),90.9,84.4,True,False
Arunachal Pradesh,Lower Dibang Valley,Child Vaccinations and Vitamin A Supplementation,51,Children age 24-35 months who have received a second dose of measles-containing vaccine (MCV) (%),43.9,75.8,True,False
Arunachal Pradesh,Lower Dibang Valley,Child Vaccinations and Vitamin A Supplementation,52,Children age 12-23 months who have received birth dose of hepatitis B vaccine (%),68.3,69.6,True,False
Arunachal Pradesh,Lower Dibang Valley,Child Vaccinations and Vitamin A Supplementation,53,Children age 12-23 months who have received 3 doses of rotavirus vaccine (%),79.8,41.7,True,False
Arunachal Pradesh,Lower Dibang Valley,Child Vaccinations and Vitamin A Supplementation,54,Children age 9-35 months who received a vitamin A dose in the last 6 months (%),64.4,67.1,False,False
Arunachal Pradesh,Lower Dibang Valley,Child Vaccinations and Vitamin A Supplementation,55,Children age 12-23 months who received most of their vaccinations in a public health facility (%),95.7,100.0,True,False
Arunachal Pradesh,Lower Dibang Valley,Child Vaccinations and Vitamin A Supplementation,56,Children age 12-23 months who received most of their vaccinations in a private health facility (%),4.3,0.0,True,False
Arunachal Pradesh,Lower Dibang Valley,Treatment of Childhood Diseases (children under age 5 years),57,Prevalence of diarrhoea in the 2 weeks preceding the survey (%),7.2,2.8,False,False
Arunachal Pradesh,Lower Dibang Valley,Treatment of Childhood Diseases (children under age 5 years),58,Prevalence of symptoms of acute respiratory infection (ARI) in the 2 weeks preceding the survey (%),0.6,1.0,False,False
Arunachal Pradesh,Lower Dibang Valley,Treatment of Childhood Diseases (children under age 5 years),59,Children with fever or symptoms of ARI in the 2 weeks preceding the survey taken to a health facility or health provider (%),43.8,*,True,False
Arunachal Pradesh,Lower Dibang Valley,Child Feeding Practices and Nutritional Status of Children,60,Children under age 3 years breastfed within one hour of birth 9 (%),51.0,59.8,False,False
Arunachal Pradesh,Lower Dibang Valley,Child Feeding Practices and Nutritional Status of Children,61,Children under age 6 months exclusively breastfed10 (%),46.4,60.1,True,False
Arunachal Pradesh,Lower Dibang Valley,Child Feeding Practices and Nutritional Status of Children,62,Children under age 6 months currently breastfeeding10 (%),96.1,81.9,True,False
Arunachal Pradesh,Lower Dibang Valley,Child Feeding Practices and Nutritional Status of Children,63,Children under age 6 months exclusively breastfed or breastfeeding and consuming plain water/other milk only10 (%),82.5,65.0,True,False
Arunachal Pradesh,Lower Dibang Valley,Child Feeding Practices and Nutritional Status of Children,64,Children age 6-8 months receiving solid or semi-solid food and breastmilk10 (%),*,*,True,False
Arunachal Pradesh,Lower Dibang Valley,Child Feeding Practices and Nutritional Status of Children,65,"Breastfeeding children age 6-23 months receiving an adequate diet10, 11 (%)",24.3,29.5,True,False
Arunachal Pradesh,Lower Dibang Valley,Child Feeding Practices and Nutritional Status of Children,66,"Non-breastfeeding children age 6-23 months receiving an adequate diet 10, 11 (%)",*,*,True,False
Arunachal Pradesh,Lower Dibang Valley,Child Feeding Practices and Nutritional Status of Children,67,"Total children age 6-23 months receiving an adequate diet10, 11 (%)",21.9,23.9,False,False
Arunachal Pradesh,Lower Dibang Valley,Child Feeding Practices and Nutritional Status of Children,68,Children under 5 years who are stunted (height-for-age)12 (%),20.6,14.3,False,False
Arunachal Pradesh,Lower Dibang Valley,Child Feeding Practices and Nutritional Status of Children,69,Children under 5 years who are wasted (weight-for-height)12 (%),19.7,7.6,False,False
Arunachal Pradesh,Lower Dibang Valley,Child Feeding Practices and Nutritional Status of Children,70,Children under 5 years who are severely wasted (weight-for-height)13 (%),13.9,2.9,False,False
Arunachal Pradesh,Lower Dibang Valley,Child Feeding Practices and Nutritional Status of Children,71,Children under 5 years who are underweight (weight-for-age)12 (%),18.5,9.7,False,False
Arunachal Pradesh,Lower Dibang Valley,Child Feeding Practices and Nutritional Status of Children,72,Children under 5 years who are overweight (weight-for-height)14 (%),5.3,5.0,False,False
Arunachal Pradesh,Lower Dibang Valley,Nutritional Status of Adults (age 15-49 years),73,Women whose Body Mass Index (BMI) is below normal (BMI <18.5 kg/m 2)15 (%),7.2,4.1,False,False
Arunachal Pradesh,Lower Dibang Valley,Nutritional Status of Adults (age 15-49 years),74,Women who are overweight or obese (BMI ≥25.0 kg/m2)15 (%),31.4,16.8,False,False
Arunachal Pradesh,Lower Dibang Valley,Women,75,Blood sugar level - high (141-160 mg/dl)16 (%),7.0,4.6,False,False
Arunachal Pradesh,Lower Dibang Valley,Women,76,Blood sugar level - very high (>160 mg/dl)16 (%),6.3,4.1,False,False
Arunachal Pradesh,Lower Dibang Valley,Women,77,Blood sugar level - high or very high (>140 mg/dl) or taking medicine to control blood sugar level16 (%),14.7,8.9,False,False
Arunachal Pradesh,Lower Dibang Valley,Men,78,Blood sugar level - high (141-160 mg/dl)16 (%),6.4,7.1,False,False
Arunachal Pradesh,Lower Dibang Valley,Men,79,Blood sugar level - very high (>160 mg/dl)16 (%),6.8,5.9,False,False
Arunachal Pradesh,Lower Dibang Valley,Men,80,Blood sugar level - high or very high (>140 mg/dl) or taking medicine to control blood sugar level 16 (%),14.2,13.2,False,False
Arunachal Pradesh,Lower Dibang Valley,Women,81,Mildly elevated blood pressure (Systolic 140-159 mm of Hg and/or Diastolic 90-99 mm of Hg) (%),9.9,16.7,False,False
Arunachal Pradesh,Lower Dibang Valley,Women,82,Moderately or severely elevated blood pressure (Systolic ≥160 mm of Hg and/or Diastolic ≥100 mm of Hg) (%),4.0,8.1,False,False
Arunachal Pradesh,Lower Dibang Valley,Women,83,Elevated blood pressure (Systolic ≥140 mm of Hg and/or Diastolic ≥90 mm of Hg) or taking medicine to control blood pressure (%),17.5,25.6,False,False
Arunachal Pradesh,Lower Dibang Valley,Men,84,Mildly elevated blood pressure (Systolic 140-159 mm of Hg and/or Diastolic 90-99 mm of Hg) (%),13.1,24.8,False,False
Arunachal Pradesh,Lower Dibang Valley,Men,85,Moderately or severely elevated blood pressure (Systolic ≥160 mm of Hg and/or Diastolic ≥100 mm of Hg) (%),4.5,12.6,False,False
Arunachal Pradesh,Lower Dibang Valley,Men,86,Elevated blood pressure (Systolic ≥140 mm of Hg and/or Diastolic ≥90 mm of Hg) or taking medicine to control blood pressure (%),20.7,38.1,False,False
Arunachal Pradesh,Lower Dibang Valley,Men,87,Women having a bank or savings account that they themselves use (%),82.6,84.3,False,False
Arunachal Pradesh,Lower Dibang Valley,Men,88,Women having a mobile phone that they themselves use (%),83.6,86.9,False,False
Arunachal Pradesh,Lower Dibang Valley,Men,89,Women age 15-24 years who use hygienic methods of protection during their menstrual period17 (%),94.9,96.0,False,False
Arunachal Pradesh,Lower Dibang Valley,Tobacco Use and Alcohol Consumption among Adults (age 15 years and above),90,Women age 15 years and above who use any kind of tobacco (%),19.8,20.6,False,False
Arunachal Pradesh,Lower Dibang Valley,Tobacco Use and Alcohol Consumption among Adults (age 15 years and above),91,Men age 15 years and above who use any kind of tobacco (%),54.5,52.1,False,False
Arunachal Pradesh,Lower Dibang Valley,Tobacco Use and Alcohol Consumption among Adults (age 15 years and above),92,Women age 15 years and above who consume alcohol (%),17.3,20.3,False,False
Arunachal Pradesh,Lower Dibang Valley,Tobacco Use and Alcohol Consumption among Adults (age 15 years and above),93,Men age 15 years and above who consume alcohol (%),46.9,48.7,False,False
Arunachal Pradesh,Lower siang,Population and Household Profile,1,Population below age 5 years (%),7.0,,False,True
Arunachal Pradesh,Lower siang,Population and Household Profile,2,Population below age 15 years (%),22.4,,False,True
Arunachal Pradesh,Lower siang,Population and Household Profile,3,Population age 60 years and above (%),12.1,,False,True
Arunachal Pradesh,Lower siang,Population and Household Profile,4,Population living in households with electricity (%),99.4,,False,True
Arunachal Pradesh,Lower siang,Population and Household Profile,5,Population living in households with an improved drinking-water source1 (%),100.0,,False,True
Arunachal Pradesh,Lower siang,Population and Household Profile,6,Households using iodized salt (%),99.6,,False,True
Arunachal Pradesh,Lower siang,Population and Household Profile,7,Households with any usual member covered under a health insurance/financing scheme (%),51.0,,False,True
Arunachal Pradesh,Lower siang,Population and Household Profile,8,Households with any usual member having a bank account/post office account (%),98.4,,False,True
Arunachal Pradesh,Lower siang,Population and Household Profile,9,Female population age 6 years and above who ever attended school (%),73.9,,False,True
Arunachal Pradesh,Lower siang,Population and Household Profile,10,Households with any usual female members owning a house and/or land (alone or jointly with others) (%),14.5,,False,True
Arunachal Pradesh,Lower siang,Population and Household Profile,11,Children age 2-4 years who attended pre-school (%),37.4,,False,True
Arunachal Pradesh,Lower siang,Characteristics of Adults (age 15-49 years),12,Women with 10 or more years of schooling (%),56.3,,False,True
Arunachal Pradesh,Lower siang,Characteristics of Adults (age 15-49 years),13,Men with 10 or more years of schooling (%),67.6,,False,True
Arunachal Pradesh,Lower siang,Characteristics of Adults (age 15-49 years),14,Women who have ever used the internet (%),56.5,,False,True
Arunachal Pradesh,Lower siang,Characteristics of Adults (age 15-49 years),15,Men who have ever used the internet (%),75.9,,False,True
Arunachal Pradesh,Lower siang,Marriage and Fertility,16,Women age 20-24 years married before age 18 years (%),21.9,,False,True
Arunachal Pradesh,Lower siang,Marriage and Fertility,17,Men age 25-29 years married before age 21 years (%),32.5,,True,True
Arunachal Pradesh,Lower siang,Marriage and Fertility,18,Three or more births in the 5 years preceding the survey (%),1.2,,False,True
Arunachal Pradesh,Lower siang,Marriage and Fertility,19,Women age 15-19 years who were already mothers or pregnant at the time of the survey (%),5.4,,False,True
Arunachal Pradesh,Lower siang,Marriage and Fertility,20,Any method2 (%),65.9,,False,True
Arunachal Pradesh,Lower siang,Marriage and Fertility,21,Any modern method2 (%),49.8,,False,True
Arunachal Pradesh,Lower siang,Marriage and Fertility,22,Any traditional method (%),16.1,,False,True
Arunachal Pradesh,Lower siang,Marriage and Fertility,23,Female sterilization (%),17.1,,False,True
Arunachal Pradesh,Lower siang,Marriage and Fertility,24,Male sterilization (%),0.1,,False,True
Arunachal Pradesh,Lower siang,Marriage and Fertility,25,Total unmet need3 (%),10.5,,False,True
Arunachal Pradesh,Lower siang,Marriage and Fertility,26,Unmet need for spacing3 (%),7.7,,False,True
Arunachal Pradesh,Lower siang,Marriage and Fertility,27,Unmet need for limiting3 (%),2.8,,False,True
Arunachal Pradesh,Lower siang,Antenatal Care (for last birth in the 5 years before the survey),28,Mothers who had an antenatal check-up in the first trimester (%),66.4,,False,True
Arunachal Pradesh,Lower siang,Antenatal Care (for last birth in the 5 years before the survey),29,Mothers who had any antenatal care visits (%),83.2,,False,True
Arunachal Pradesh,Lower siang,Antenatal Care (for last birth in the 5 years before the survey),30,Mothers who had at least 4 antenatal care visits (%),36.8,,False,True
Arunachal Pradesh,Lower siang,Antenatal Care (for last birth in the 5 years before the survey),31,Mothers whose last birth was protected against neonatal tetanus 4 (%),90.7,,False,True
Arunachal Pradesh,Lower siang,Antenatal Care (for last birth in the 5 years before the survey),32,Mothers who consumed iron folic acid for 100 days or more when they were pregnant (%),26.8,,False,True
Arunachal Pradesh,Lower siang,Antenatal Care (for last birth in the 5 years before the survey),33,Mothers who consumed iron folic acid for 180 days or more when they were pregnant (%),18.0,,False,True
Arunachal Pradesh,Lower siang,Antenatal Care (for last birth in the 5 years before the survey),34,Registered pregnancies for which the mother received a Mother and Child Protection (MCP) card (%),98.0,,False,True
Arunachal Pradesh,Lower siang,Delivery Care (for births in the 5 years before the survey),35,Institutional births (%),90.9,,False,True
Arunachal Pradesh,Lower siang,Delivery Care (for births in the 5 years before the survey),36,Institutional births in public facility (%),82.3,,False,True
Arunachal Pradesh,Lower siang,Delivery Care (for births in the 5 years before the survey),37,Births attended by skilled health personnel5 (%),92.6,,False,True
Arunachal Pradesh,Lower siang,Delivery Care (for births in the 5 years before the survey),38,Births delivered by caesarean section (%),22.3,,False,True
Arunachal Pradesh,Lower siang,Delivery Care (for births in the 5 years before the survey),39,Births in a private health facility that were delivered by caesarean section (%),*,,True,True
Arunachal Pradesh,Lower siang,Delivery Care (for births in the 5 years before the survey),40,Births in a public health facility that were delivered by caesarean section (%),21.7,,False,True
Arunachal Pradesh,Lower siang,Postnatal Care (for last birth in the 5 years before the survey),41,Mothers who received postnatal care from a doctor/nurse/LHV/ANM/midwife/other health personnel within 2 days of delivery+ (%),65.5,,False,True
Arunachal Pradesh,Lower siang,Postnatal Care (for last birth in the 5 years before the survey),42,Children born at home who were taken to a health facility for a check-up within 24 hours of birth (%),*,,True,True
Arunachal Pradesh,Lower siang,Postnatal Care (for last birth in the 5 years before the survey),43,Children who received postnatal care from a doctor/nurse/LHV/ANM/midwife/other health personnel within 2 days of delivery+ (%),74.2,,False,True
Arunachal Pradesh,Lower siang,Child Vaccinations and Vitamin A Supplementation,44,Children age 12-23 months fully vaccinated based on information from either vaccination card or mother's recall6 (%),81.3,,False,True
Arunachal Pradesh,Lower siang,Child Vaccinations and Vitamin A Supplementation,45,Children age 12-23 months fully vaccinated based on information from vaccination card only 7 (%),94.4,,True,True
Arunachal Pradesh,Lower siang,Child Vaccinations and Vitamin A Supplementation,46,Children age 12-23 months who have received any vaccine (%),90.2,,False,True
Arunachal Pradesh,Lower siang,Child Vaccinations and Vitamin A Supplementation,47,Children age 12-23 months who have received BCG (%),85.4,,False,True
Arunachal Pradesh,Lower siang,Child Vaccinations and Vitamin A Supplementation,48,Children age 12-23 months who have received 3 doses of polio vaccine8 (%),86.2,,False,True
Arunachal Pradesh,Lower siang,Child Vaccinations and Vitamin A Supplementation,49,Children age 12-23 months who have received 3 doses of pentavalent vaccine (%),88.6,,False,True
Arunachal Pradesh,Lower siang,Child Vaccinations and Vitamin A Supplementation,50,Children age 12-23 months who have received the first dose of measles-containing vaccine (MCV) (%),88.6,,False,True
Arunachal Pradesh,Lower siang,Child Vaccinations and Vitamin A Supplementation,51,Children age 24-35 months who have received a second dose of measles-containing vaccine (MCV) (%),65.5,,True,True
Arunachal Pradesh,Lower siang,Child Vaccinations and Vitamin A Supplementation,52,Children age 12-23 months who have received birth dose of hepatitis B vaccine (%),72.2,,False,True
Arunachal Pradesh,Lower siang,Child Vaccinations and Vitamin A Supplementation,53,Children age 12-23 months who have received 3 doses of rotavirus vaccine (%),88.6,,False,True
Arunachal Pradesh,Lower siang,Child Vaccinations and Vitamin A Supplementation,54,Children age 9-35 months who received a vitamin A dose in the last 6 months (%),75.9,,False,True
Arunachal Pradesh,Lower siang,Child Vaccinations and Vitamin A Supplementation,55,Children age 12-23 months who received most of their vaccinations in a public health facility (%),98.2,,True,True
Arunachal Pradesh,Lower siang,Child Vaccinations and Vitamin A Supplementation,56,Children age 12-23 months who received most of their vaccinations in a private health facility (%),0.0,,True,True
Arunachal Pradesh,Lower siang,Treatment of Childhood Diseases (children under age 5 years),57,Prevalence of diarrhoea in the 2 weeks preceding the survey (%),4.7,,False,True
Arunachal Pradesh,Lower siang,Treatment of Childhood Diseases (children under age 5 years),58,Prevalence of symptoms of acute respiratory infection (ARI) in the 2 weeks preceding the survey (%),1.0,,False,True
Arunachal Pradesh,Lower siang,Treatment of Childhood Diseases (children under age 5 years),59,Children with fever or symptoms of ARI in the 2 weeks preceding the survey taken to a health facility or health provider (%),58.1,,True,True
Arunachal Pradesh,Lower siang,Child Feeding Practices and Nutritional Status of Children,60,Children under age 3 years breastfed within one hour of birth9 (%),45.5,,False,True
Arunachal Pradesh,Lower siang,Child Feeding Practices and Nutritional Status of Children,61,Children under age 6 months exclusively breastfed10 (%),49.9,,True,True
Arunachal Pradesh,Lower siang,Child Feeding Practices and Nutritional Status of Children,62,Children under age 6 months currently breastfeeding10 (%),93.6,,True,True
Arunachal Pradesh,Lower siang,Child Feeding Practices and Nutritional Status of Children,63,Children under age 6 months exclusively breastfed or breastfeeding and consuming plain water/other milk only10 (%),55.9,,True,True
Arunachal Pradesh,Lower siang,Child Feeding Practices and Nutritional Status of Children,64,Children age 6-8 months receiving solid or semi-solid food and breastmilk10 (%),*,,True,True
Arunachal Pradesh,Lower siang,Child Feeding Practices and Nutritional Status of Children,65,"Breastfeeding children age 6-23 months receiving an adequate diet10, 11 (%)",14.0,,False,True
Arunachal Pradesh,Lower siang,Child Feeding Practices and Nutritional Status of Children,66,"Non-breastfeeding children age 6-23 months receiving an adequate diet 10, 11 (%)",*,,True,True
Arunachal Pradesh,Lower siang,Child Feeding Practices and Nutritional Status of Children,67,"Total children age 6-23 months receiving an adequate diet10, 11 (%)",12.8,,False,True
Arunachal Pradesh,Lower siang,Child Feeding Practices and Nutritional Status of Children,68,Children under 5 years who are stunted (height-for-age)12 (%),17.1,,False,True
Arunachal Pradesh,Lower siang,Child Feeding Practices and Nutritional Status of Children,69,Children under 5 years who are wasted (weight-for-height)12 (%),13.3,,False,True
Arunachal Pradesh,Lower siang,Child Feeding Practices and Nutritional Status of Children,70,Children under 5 years who are severely wasted (weight-for-height)13 (%),6.5,,False,True
Arunachal Pradesh,Lower siang,Child Feeding Practices and Nutritional Status of Children,71,Children under 5 years who are underweight (weight-for-age)12 (%),12.0,,False,True
Arunachal Pradesh,Lower siang,Child Feeding Practices and Nutritional Status of Children,72,Children under 5 years who are overweight (weight-for-height)14 (%),11.0,,False,True
Arunachal Pradesh,Lower siang,Nutritional Status of Adults (age 15-49 years),73,Women whose Body Mass Index (BMI) is below normal (BMI <18.5 kg/m2)15 (%),5.3,,False,True
Arunachal Pradesh,Lower siang,Nutritional Status of Adults (age 15-49 years),74,Women who are overweight or obese (BMI ≥25.0 kg/m2)15 (%),33.4,,False,True
Arunachal Pradesh,Lower siang,Women,75,Blood sugar level - high (141-160 mg/dl)16 (%),7.3,,False,True
Arunachal Pradesh,Lower siang,Women,76,Blood sugar level - very high (>160 mg/dl)16 (%),7.0,,False,True
Arunachal Pradesh,Lower siang,Women,77,Blood sugar level - high or very high (>140 mg/dl) or taking medicine to control blood sugar level16 (%),14.9,,False,True
Arunachal Pradesh,Lower siang,Men,78,Blood sugar level - high (141-160 mg/dl)16 (%),9.1,,False,True
Arunachal Pradesh,Lower siang,Men,79,Blood sugar level - very high (>160 mg/dl)16 (%),8.9,,False,True
Arunachal Pradesh,Lower siang,Men,80,Blood sugar level - high or very high (>140 mg/dl) or taking medicine to control blood sugar level 16 (%),19.2,,False,True
Arunachal Pradesh,Lower siang,Women,81,Mildly elevated blood pressure (Systolic 140-159 mm of Hg and/or Diastolic 90-99 mm of Hg) (%),15.6,,False,True
Arunachal Pradesh,Lower siang,Women,82,Moderately or severely elevated blood pressure (Systolic ≥160 mm of Hg and/or Diastolic ≥100 mm of Hg) (%),8.6,,False,True
Arunachal Pradesh,Lower siang,Women,83,Elevated blood pressure (Systolic ≥140 mm of Hg and/or Diastolic ≥90 mm of Hg) or taking medicine to control blood pressure (%),27.1,,False,True
Arunachal Pradesh,Lower siang,Men,84,Mildly elevated blood pressure (Systolic 140-159 mm of Hg and/or Diastolic 90-99 mm of Hg) (%),24.8,,False,True
Arunachal Pradesh,Lower siang,Men,85,Moderately or severely elevated blood pressure (Systolic ≥160 mm of Hg and/or Diastolic ≥100 mm of Hg) (%),10.2,,False,True
Arunachal Pradesh,Lower siang,Men,86,Elevated blood pressure (Systolic ≥140 mm of Hg and/or Diastolic ≥90 mm of Hg) or taking medicine to control blood pressure (%),38.2,,False,True
Arunachal Pradesh,Lower siang,Men,87,Women having a bank or savings account that they themselves use (%),92.0,,False,True
Arunachal Pradesh,Lower siang,Men,88,Women having a mobile phone that they themselves use (%),91.9,,False,True
Arunachal Pradesh,Lower siang,Men,89,Women age 15-24 years who use hygienic methods of protection during their menstrual period17 (%),98.7,,False,True
Arunachal Pradesh,Lower siang,Tobacco Use and Alcohol Consumption among Adults (age 15 years and above),90,Women age 15 years and above who use any kind of tobacco (%),18.2,,False,True
Arunachal Pradesh,Lower siang,Tobacco Use and Alcohol Consumption among Adults (age 15 years and above),91,Men age 15 years and above who use any kind of tobacco (%),52.2,,False,True
Arunachal Pradesh,Lower siang,Tobacco Use and Alcohol Consumption among Adults (age 15 years and above),92,Women age 15 years and above who consume alcohol (%),15.9,,False,True
Arunachal Pradesh,Lower siang,Tobacco Use and Alcohol Consumption among Adults (age 15 years and above),93,Men age 15 years and above who consume alcohol (%),49.4,,False,True
Arunachal Pradesh,Lower Subansiri,Population and Household Profile,1,Population below age 5 years (%),4.9,,False,True
Arunachal Pradesh,Lower Subansiri,Population and Household Profile,2,Population below age 15 years (%),18.0,,False,True
Arunachal Pradesh,Lower Subansiri,Population and Household Profile,3,Population age 60 years and above (%),12.7,,False,True
Arunachal Pradesh,Lower Subansiri,Population and Household Profile,4,Population living in households with electricity (%),99.7,,False,True
Arunachal Pradesh,Lower Subansiri,Population and Household Profile,5,Population living in households with an improved drinking-water source1 (%),99.4,,False,True
Arunachal Pradesh,Lower Subansiri,Population and Household Profile,6,Households using iodized salt (%),99.7,,False,True
Arunachal Pradesh,Lower Subansiri,Population and Household Profile,7,Households with any usual member covered under a health insurance/financing scheme (%),62.2,,False,True
Arunachal Pradesh,Lower Subansiri,Population and Household Profile,8,Households with any usual member having a bank account/post office account (%),93.5,,False,True
Arunachal Pradesh,Lower Subansiri,Population and Household Profile,9,Female population age 6 years and above who ever attended school (%),70.3,,False,True
Arunachal Pradesh,Lower Subansiri,Population and Household Profile,10,Households with any usual female members owning a house and/or land (alone or jointly with others) (%),19.3,,False,True
Arunachal Pradesh,Lower Subansiri,Population and Household Profile,11,Children age 2-4 years who attended pre-school (%),26.5,,False,True
Arunachal Pradesh,Lower Subansiri,Characteristics of Adults (age 15-49 years),12,Women with 10 or more years of schooling (%),59.4,,False,True
Arunachal Pradesh,Lower Subansiri,Characteristics of Adults (age 15-49 years),13,Men with 10 or more years of schooling (%),64.0,,False,True
Arunachal Pradesh,Lower Subansiri,Characteristics of Adults (age 15-49 years),14,Women who have ever used the internet (%),87.8,,False,True
Arunachal Pradesh,Lower Subansiri,Characteristics of Adults (age 15-49 years),15,Men who have ever used the internet (%),82.6,,False,True
Arunachal Pradesh,Lower Subansiri,Marriage and Fertility,16,Women age 20-24 years married before age 18 years (%),8.6,,False,True
Arunachal Pradesh,Lower Subansiri,Marriage and Fertility,17,Men age 25-29 years married before age 21 years (%),*,,True,True
Arunachal Pradesh,Lower Subansiri,Marriage and Fertility,18,Three or more births in the 5 years preceding the survey (%),0.0,,False,True
Arunachal Pradesh,Lower Subansiri,Marriage and Fertility,19,Women age 15-19 years who were already mothers or pregnant at the time of the survey (%),1.3,,False,True
Arunachal Pradesh,Lower Subansiri,Marriage and Fertility,20,Any method2 (%),62.9,,False,True
Arunachal Pradesh,Lower Subansiri,Marriage and Fertility,21,Any modern method2 (%),49.5,,False,True
Arunachal Pradesh,Lower Subansiri,Marriage and Fertility,22,Any traditional method (%),13.4,,False,True
Arunachal Pradesh,Lower Subansiri,Marriage and Fertility,23,Female sterilization (%),24.3,,False,True
Arunachal Pradesh,Lower Subansiri,Marriage and Fertility,24,Male sterilization (%),0.0,,False,True
Arunachal Pradesh,Lower Subansiri,Marriage and Fertility,25,Total unmet need3 (%),8.1,,False,True
Arunachal Pradesh,Lower Subansiri,Marriage and Fertility,26,Unmet need for spacing3 (%),6.9,,False,True
Arunachal Pradesh,Lower Subansiri,Marriage and Fertility,27,Unmet need for limiting3 (%),1.2,,False,True
Arunachal Pradesh,Lower Subansiri,Antenatal Care (for last birth in the 5 years before the survey),28,Mothers who had an antenatal check-up in the first trimester (%),55.1,,False,True
Arunachal Pradesh,Lower Subansiri,Antenatal Care (for last birth in the 5 years before the survey),29,Mothers who had any antenatal care visits (%),95.0,,False,True
Arunachal Pradesh,Lower Subansiri,Antenatal Care (for last birth in the 5 years before the survey),30,Mothers who had at least 4 antenatal care visits (%),64.7,,False,True
Arunachal Pradesh,Lower Subansiri,Antenatal Care (for last birth in the 5 years before the survey),31,Mothers whose last birth was protected against neonatal tetanus 4 (%),93.1,,False,True
Arunachal Pradesh,Lower Subansiri,Antenatal Care (for last birth in the 5 years before the survey),32,Mothers who consumed iron folic acid for 100 days or more when they were pregnant (%),39.6,,False,True
Arunachal Pradesh,Lower Subansiri,Antenatal Care (for last birth in the 5 years before the survey),33,Mothers who consumed iron folic acid for 180 days or more when they were pregnant (%),19.6,,False,True
Arunachal Pradesh,Lower Subansiri,Antenatal Care (for last birth in the 5 years before the survey),34,Registered pregnancies for which the mother received a Mother and Child Protection (MCP) card (%),98.2,,False,True
Arunachal Pradesh,Lower Subansiri,Delivery Care (for births in the 5 years before the survey),35,Institutional births (%),96.8,,False,True
Arunachal Pradesh,Lower Subansiri,Delivery Care (for births in the 5 years before the survey),36,Institutional births in public facility (%),83.6,,False,True
Arunachal Pradesh,Lower Subansiri,Delivery Care (for births in the 5 years before the survey),37,Births attended by skilled health personnel5 (%),97.8,,False,True
Arunachal Pradesh,Lower Subansiri,Delivery Care (for births in the 5 years before the survey),38,Births delivered by caesarean section (%),32.2,,False,True
Arunachal Pradesh,Lower Subansiri,Delivery Care (for births in the 5 years before the survey),39,Births in a private health facility that were delivered by caesarean section (%),*,,True,True
Arunachal Pradesh,Lower Subansiri,Delivery Care (for births in the 5 years before the survey),40,Births in a public health facility that were delivered by caesarean section (%),26.2,,False,True
Arunachal Pradesh,Lower Subansiri,Postnatal Care (for last birth in the 5 years before the survey),41,Mothers who received postnatal care from a doctor/nurse/LHV/ANM/midwife/other health personnel within 2 days of delivery+ (%),73.9,,False,True
Arunachal Pradesh,Lower Subansiri,Postnatal Care (for last birth in the 5 years before the survey),42,Children born at home who were taken to a health facility for a check-up within 24 hours of birth (%),*,,True,True
Arunachal Pradesh,Lower Subansiri,Postnatal Care (for last birth in the 5 years before the survey),43,Children who received postnatal care from a doctor/nurse/LHV/ANM/midwife/other health personnel within 2 days of delivery+ (%),76.4,,False,True
Arunachal Pradesh,Lower Subansiri,Child Vaccinations and Vitamin A Supplementation,44,Children age 12-23 months fully vaccinated based on information from either vaccination card or mother's recall6 (%),82.0,,True,True
Arunachal Pradesh,Lower Subansiri,Child Vaccinations and Vitamin A Supplementation,45,Children age 12-23 months fully vaccinated based on information from vaccination card only 7 (%),*,,True,True
Arunachal Pradesh,Lower Subansiri,Child Vaccinations and Vitamin A Supplementation,46,Children age 12-23 months who have received any vaccine (%),88.0,,True,True
Arunachal Pradesh,Lower Subansiri,Child Vaccinations and Vitamin A Supplementation,47,Children age 12-23 months who have received BCG (%),88.0,,True,True
Arunachal Pradesh,Lower Subansiri,Child Vaccinations and Vitamin A Supplementation,48,Children age 12-23 months who have received 3 doses of polio vaccine8 (%),82.0,,True,True
Arunachal Pradesh,Lower Subansiri,Child Vaccinations and Vitamin A Supplementation,49,Children age 12-23 months who have received 3 doses of pentavalent vaccine (%),86.1,,True,True
Arunachal Pradesh,Lower Subansiri,Child Vaccinations and Vitamin A Supplementation,50,Children age 12-23 months who have received the first dose of measles-containing vaccine (MCV) (%),83.9,,True,True
Arunachal Pradesh,Lower Subansiri,Child Vaccinations and Vitamin A Supplementation,51,Children age 24-35 months who have received a second dose of measles-containing vaccine (MCV) (%),80.4,,True,True
Arunachal Pradesh,Lower Subansiri,Child Vaccinations and Vitamin A Supplementation,52,Children age 12-23 months who have received birth dose of hepatitis B vaccine (%),75.1,,True,True
Arunachal Pradesh,Lower Subansiri,Child Vaccinations and Vitamin A Supplementation,53,Children age 12-23 months who have received 3 doses of rotavirus vaccine (%),80.9,,True,True
Arunachal Pradesh,Lower Subansiri,Child Vaccinations and Vitamin A Supplementation,54,Children age 9-35 months who received a vitamin A dose in the last 6 months (%),85.0,,False,True
Arunachal Pradesh,Lower Subansiri,Child Vaccinations and Vitamin A Supplementation,55,Children age 12-23 months who received most of their vaccinations in a public health facility (%),*,,True,True
Arunachal Pradesh,Lower Subansiri,Child Vaccinations and Vitamin A Supplementation,56,Children age 12-23 months who received most of their vaccinations in a private health facility (%),*,,True,True
Arunachal Pradesh,Lower Subansiri,Treatment of Childhood Diseases (children under age 5 years),57,Prevalence of diarrhoea in the 2 weeks preceding the survey (%),2.3,,False,True
Arunachal Pradesh,Lower Subansiri,Treatment of Childhood Diseases (children under age 5 years),58,Prevalence of symptoms of acute respiratory infection (ARI) in the 2 weeks preceding the survey (%),0.0,,False,True
Arunachal Pradesh,Lower Subansiri,Treatment of Childhood Diseases (children under age 5 years),59,Children with fever or symptoms of ARI in the 2 weeks preceding the survey taken to a health facility or health provider (%),*,,True,True
Arunachal Pradesh,Lower Subansiri,Child Feeding Practices and Nutritional Status of Children,60,Children under age 3 years breastfed within one hour of birth 9 (%),24.4,,False,True
Arunachal Pradesh,Lower Subansiri,Child Feeding Practices and Nutritional Status of Children,61,Children under age 6 months exclusively breastfed10 (%),*,,True,True
Arunachal Pradesh,Lower Subansiri,Child Feeding Practices and Nutritional Status of Children,62,Children under age 6 months currently breastfeeding10 (%),*,,True,True
Arunachal Pradesh,Lower Subansiri,Child Feeding Practices and Nutritional Status of Children,63,Children under age 6 months exclusively breastfed or breastfeeding and consuming plain water/other milk only10 (%),*,,True,True
Arunachal Pradesh,Lower Subansiri,Child Feeding Practices and Nutritional Status of Children,64,Children age 6-8 months receiving solid or semi-solid food and breastmilk10 (%),*,,True,True
Arunachal Pradesh,Lower Subansiri,Child Feeding Practices and Nutritional Status of Children,65,"Breastfeeding children age 6-23 months receiving an adequate diet10, 11 (%)",21.4,,True,True
Arunachal Pradesh,Lower Subansiri,Child Feeding Practices and Nutritional Status of Children,66,"Non-breastfeeding children age 6-23 months receiving an adequate diet 10, 11 (%)",*,,True,True
Arunachal Pradesh,Lower Subansiri,Child Feeding Practices and Nutritional Status of Children,67,"Total children age 6-23 months receiving an adequate diet10, 11 (%)",22.0,,True,True
Arunachal Pradesh,Lower Subansiri,Child Feeding Practices and Nutritional Status of Children,68,Children under 5 years who are stunted (height-for-age)12 (%),18.5,,False,True
Arunachal Pradesh,Lower Subansiri,Child Feeding Practices and Nutritional Status of Children,69,Children under 5 years who are wasted (weight-for-height)12 (%),16.7,,False,True
Arunachal Pradesh,Lower Subansiri,Child Feeding Practices and Nutritional Status of Children,70,Children under 5 years who are severely wasted (weight-for-height)13 (%),6.2,,False,True
Arunachal Pradesh,Lower Subansiri,Child Feeding Practices and Nutritional Status of Children,71,Children under 5 years who are underweight (weight-for-age)12 (%),9.9,,False,True
Arunachal Pradesh,Lower Subansiri,Child Feeding Practices and Nutritional Status of Children,72,Children under 5 years who are overweight (weight-for-height)14 (%),14.4,,False,True
Arunachal Pradesh,Lower Subansiri,Nutritional Status of Adults (age 15-49 years),73,Women whose Body Mass Index (BMI) is below normal (BMI <18.5 kg/m 2)15 (%),5.0,,False,True
Arunachal Pradesh,Lower Subansiri,Nutritional Status of Adults (age 15-49 years),74,Women who are overweight or obese (BMI ≥25.0 kg/m2)15 (%),24.0,,False,True
Arunachal Pradesh,Lower Subansiri,Women,75,Blood sugar level - high (141-160 mg/dl)16 (%),5.1,,False,True
Arunachal Pradesh,Lower Subansiri,Women,76,Blood sugar level - very high (>160 mg/dl)16 (%),7.0,,False,True
Arunachal Pradesh,Lower Subansiri,Women,77,Blood sugar level - high or very high (>140 mg/dl) or taking medicine to control blood sugar level16 (%),12.4,,False,True
Arunachal Pradesh,Lower Subansiri,Men,78,Blood sugar level - high (141-160 mg/dl)16 (%),7.2,,False,True
Arunachal Pradesh,Lower Subansiri,Men,79,Blood sugar level - very high (>160 mg/dl)16 (%),6.8,,False,True
Arunachal Pradesh,Lower Subansiri,Men,80,Blood sugar level - high or very high (>140 mg/dl) or taking medicine to control blood sugar level 16 (%),14.3,,False,True
Arunachal Pradesh,Lower Subansiri,Women,81,Mildly elevated blood pressure (Systolic 140-159 mm of Hg and/or Diastolic 90-99 mm of Hg) (%),19.4,,False,True
Arunachal Pradesh,Lower Subansiri,Women,82,Moderately or severely elevated blood pressure (Systolic ≥160 mm of Hg and/or Diastolic ≥100 mm of Hg) (%),5.2,,False,True
Arunachal Pradesh,Lower Subansiri,Women,83,Elevated blood pressure (Systolic ≥140 mm of Hg and/or Diastolic ≥90 mm of Hg) or taking medicine to control blood pressure (%),25.2,,False,True
Arunachal Pradesh,Lower Subansiri,Men,84,Mildly elevated blood pressure (Systolic 140-159 mm of Hg and/or Diastolic 90-99 mm of Hg) (%),22.6,,False,True
Arunachal Pradesh,Lower Subansiri,Men,85,Moderately or severely elevated blood pressure (Systolic ≥160 mm of Hg and/or Diastolic ≥100 mm of Hg) (%),6.3,,False,True
Arunachal Pradesh,Lower Subansiri,Men,86,Elevated blood pressure (Systolic ≥140 mm of Hg and/or Diastolic ≥90 mm of Hg) or taking medicine to control blood pressure (%),29.5,,False,True
Arunachal Pradesh,Lower Subansiri,Men,87,Women having a bank or savings account that they themselves use (%),98.2,,False,True
Arunachal Pradesh,Lower Subansiri,Men,88,Women having a mobile phone that they themselves use (%),97.3,,False,True
Arunachal Pradesh,Lower Subansiri,Men,89,Women age 15-24 years who use hygienic methods of protection during their menstrual period17 (%),99.3,,False,True
Arunachal Pradesh,Lower Subansiri,Tobacco Use and Alcohol Consumption among Adults (age 15 years and above),90,Women age 15 years and above who use any kind of tobacco (%),15.1,,False,True
Arunachal Pradesh,Lower Subansiri,Tobacco Use and Alcohol Consumption among Adults (age 15 years and above),91,Men age 15 years and above who use any kind of tobacco (%),47.9,,False,True
Arunachal Pradesh,Lower Subansiri,Tobacco Use and Alcohol Consumption among Adults (age 15 years and above),92,Women age 15 years and above who consume alcohol (%),22.1,,False,True
Arunachal Pradesh,Lower Subansiri,Tobacco Use and Alcohol Consumption among Adults (age 15 years and above),93,Men age 15 years and above who consume alcohol (%),49.0,,False,True
Arunachal Pradesh,Namsai,Population and Household Profile,1,Population below age 5 years (%),8.1,9.3,False,False
Arunachal Pradesh,Namsai,Population and Household Profile,2,Population below age 15 years (%),27.2,30.3,False,False
Arunachal Pradesh,Namsai,Population and Household Profile,3,Population age 60 years and above (%),8.6,8.0,False,False
Arunachal Pradesh,Namsai,Population and Household Profile,4,Population living in households with electricity (%),98.4,96.5,False,False
Arunachal Pradesh,Namsai,Population and Household Profile,5,Population living in households with an improved drinking-water source1 (%),96.2,93.5,False,False
Arunachal Pradesh,Namsai,Population and Household Profile,6,Households using iodized salt (%),93.1,99.1,False,False
Arunachal Pradesh,Namsai,Population and Household Profile,7,Households with any usual member covered under a health insurance/financing scheme (%),30.6,30.9,False,False
Arunachal Pradesh,Namsai,Population and Household Profile,8,Households with any usual member having a bank account/post office account (%),93.8,94.3,False,False
Arunachal Pradesh,Namsai,Population and Household Profile,9,Female population age 6 years and above who ever attended school (%),76.1,72.1,False,False
Arunachal Pradesh,Namsai,Population and Household Profile,10,Households with any usual female members owning a house and/or land (alone or jointly with others) (%),9.5,6.3,False,False
Arunachal Pradesh,Namsai,Population and Household Profile,11,Children age 2-4 years who attended pre-school (%),53.3,30.0,False,False
Arunachal Pradesh,Namsai,Characteristics of Adults (age 15-49 years),12,Women with 10 or more years of schooling (%),33.5,22.2,False,False
Arunachal Pradesh,Namsai,Characteristics of Adults (age 15-49 years),13,Men with 10 or more years of schooling (%),39.4,23.2,False,False
Arunachal Pradesh,Namsai,Characteristics of Adults (age 15-49 years),14,Women who have ever used the internet (%),59.4,42.9,False,False
Arunachal Pradesh,Namsai,Characteristics of Adults (age 15-49 years),15,Men who have ever used the internet (%),85.7,71.4,False,False
Arunachal Pradesh,Namsai,Marriage and Fertility,16,Women age 20-24 years married before age 18 years (%),25.4,26.7,False,False
Arunachal Pradesh,Namsai,Marriage and Fertility,17,Men age 25-29 years married before age 21 years (%),14.0,*,True,False
Arunachal Pradesh,Namsai,Marriage and Fertility,18,Three or more births in the 5 years preceding the survey (%),1.6,0.2,False,False
Arunachal Pradesh,Namsai,Marriage and Fertility,19,Women age 15-19 years who were already mothers or pregnant at the time of the survey (%),12.2,11.3,False,False
Arunachal Pradesh,Namsai,Marriage and Fertility,20,Any method2 (%),72.0,69.5,False,False
Arunachal Pradesh,Namsai,Marriage and Fertility,21,Any modern method2 (%),48.5,48.1,False,False
Arunachal Pradesh,Namsai,Marriage and Fertility,22,Any traditional method (%),23.5,21.4,False,False
Arunachal Pradesh,Namsai,Marriage and Fertility,23,Female sterilization (%),23.8,16.7,False,False
Arunachal Pradesh,Namsai,Marriage and Fertility,24,Male sterilization (%),0.0,0.0,False,False
Arunachal Pradesh,Namsai,Marriage and Fertility,25,Total unmet need3 (%),9.6,8.7,False,False
Arunachal Pradesh,Namsai,Marriage and Fertility,26,Unmet need for spacing3 (%),5.7,5.1,False,False
Arunachal Pradesh,Namsai,Marriage and Fertility,27,Unmet need for limiting3 (%),3.9,3.6,False,False
Arunachal Pradesh,Namsai,Antenatal Care (for last birth in the 5 years before the survey),28,Mothers who had an antenatal check-up in the first trimester (%),41.5,61.6,False,False
Arunachal Pradesh,Namsai,Antenatal Care (for last birth in the 5 years before the survey),29,Mothers who had any antenatal care visits (%),72.9,74.5,False,False
Arunachal Pradesh,Namsai,Antenatal Care (for last birth in the 5 years before the survey),30,Mothers who had at least 4 antenatal care visits (%),49.8,35.4,False,False
Arunachal Pradesh,Namsai,Antenatal Care (for last birth in the 5 years before the survey),31,Mothers whose last birth was protected against neonatal tetanus 4 (%),89.2,76.7,False,False
Arunachal Pradesh,Namsai,Antenatal Care (for last birth in the 5 years before the survey),32,Mothers who consumed iron folic acid for 100 days or more when they were pregnant (%),27.7,33.6,False,False
Arunachal Pradesh,Namsai,Antenatal Care (for last birth in the 5 years before the survey),33,Mothers who consumed iron folic acid for 180 days or more when they were pregnant (%),19.9,8.9,False,False
Arunachal Pradesh,Namsai,Antenatal Care (for last birth in the 5 years before the survey),34,Registered pregnancies for which the mother received a Mother and Child Protection (MCP) card (%),96.0,94.6,False,False
Arunachal Pradesh,Namsai,Delivery Care (for births in the 5 years before the survey),35,Institutional births (%),79.3,63.6,False,False
Arunachal Pradesh,Namsai,Delivery Care (for births in the 5 years before the survey),36,Institutional births in public facility (%),71.9,60.3,False,False
Arunachal Pradesh,Namsai,Delivery Care (for births in the 5 years before the survey),37,Births attended by skilled health personnel5 (%),82.3,68.8,False,False
Arunachal Pradesh,Namsai,Delivery Care (for births in the 5 years before the survey),38,Births delivered by caesarean section (%),15.3,10.5,False,False
Arunachal Pradesh,Namsai,Delivery Care (for births in the 5 years before the survey),39,Births in a private health facility that were delivered by caesarean section (%),*,*,True,False
Arunachal Pradesh,Namsai,Delivery Care (for births in the 5 years before the survey),40,Births in a public health facility that were delivered by caesarean section (%),12.4,13.5,False,False
Arunachal Pradesh,Namsai,Postnatal Care (for last birth in the 5 years before the survey),41,Mothers who received postnatal care from a doctor/nurse/LHV/ANM/midwife/other health personnel within 2 days of delivery+ (%),58.7,51.2,False,False
Arunachal Pradesh,Namsai,Postnatal Care (for last birth in the 5 years before the survey),42,Children born at home who were taken to a health facility for a check-up within 24 hours of birth (%),0.0,5.3,False,False
Arunachal Pradesh,Namsai,Postnatal Care (for last birth in the 5 years before the survey),43,Children who received postnatal care from a doctor/nurse/LHV/ANM/midwife/other health personnel within 2 days of delivery+ (%),59.4,52.0,False,False
Arunachal Pradesh,Namsai,Child Vaccinations and Vitamin A Supplementation,44,Children age 12-23 months fully vaccinated based on information from either vaccination card or mother's recall6 (%),79.8,67.2,False,False
Arunachal Pradesh,Namsai,Child Vaccinations and Vitamin A Supplementation,45,Children age 12-23 months fully vaccinated based on information from vaccination card only 7 (%),92.4,83.4,False,False
Arunachal Pradesh,Namsai,Child Vaccinations and Vitamin A Supplementation,46,Children age 12-23 months who have received any vaccine (%),95.8,85.8,False,False
Arunachal Pradesh,Namsai,Child Vaccinations and Vitamin A Supplementation,47,Children age 12-23 months who have received BCG (%),94.2,83.5,False,False
Arunachal Pradesh,Namsai,Child Vaccinations and Vitamin A Supplementation,48,Children age 12-23 months who have received 3 doses of polio vaccine8 (%),83.0,70.9,False,False
Arunachal Pradesh,Namsai,Child Vaccinations and Vitamin A Supplementation,49,Children age 12-23 months who have received 3 doses of pentavalent vaccine (%),91.3,80.7,False,False
Arunachal Pradesh,Namsai,Child Vaccinations and Vitamin A Supplementation,50,Children age 12-23 months who have received the first dose of measles-containing vaccine (MCV) (%),92.8,79.3,False,False
Arunachal Pradesh,Namsai,Child Vaccinations and Vitamin A Supplementation,51,Children age 24-35 months who have received a second dose of measles-containing vaccine (MCV) (%),74.2,64.7,False,False
Arunachal Pradesh,Namsai,Child Vaccinations and Vitamin A Supplementation,52,Children age 12-23 months who have received birth dose of hepatitis B vaccine (%),71.5,63.1,False,False
Arunachal Pradesh,Namsai,Child Vaccinations and Vitamin A Supplementation,53,Children age 12-23 months who have received 3 doses of rotavirus vaccine (%),87.3,44.0,False,False
Arunachal Pradesh,Namsai,Child Vaccinations and Vitamin A Supplementation,54,Children age 9-35 months who received a vitamin A dose in the last 6 months (%),72.5,72.4,False,False
Arunachal Pradesh,Namsai,Child Vaccinations and Vitamin A Supplementation,55,Children age 12-23 months who received most of their vaccinations in a public health facility (%),98.3,98.7,False,False
Arunachal Pradesh,Namsai,Child Vaccinations and Vitamin A Supplementation,56,Children age 12-23 months who received most of their vaccinations in a private health facility (%),0.0,1.3,False,False
Arunachal Pradesh,Namsai,Treatment of Childhood Diseases (children under age 5 years),57,Prevalence of diarrhoea in the 2 weeks preceding the survey (%),6.3,1.7,False,False
Arunachal Pradesh,Namsai,Treatment of Childhood Diseases (children under age 5 years),58,Prevalence of symptoms of acute respiratory infection (ARI) in the 2 weeks preceding the survey (%),1.4,0.2,False,False
Arunachal Pradesh,Namsai,Treatment of Childhood Diseases (children under age 5 years),59,Children with fever or symptoms of ARI in the 2 weeks preceding the survey taken to a health facility or health provider (%),55.7,50.1,True,False
Arunachal Pradesh,Namsai,Child Feeding Practices and Nutritional Status of Children,60,Children under age 3 years breastfed within one hour of birth9 (%),59.3,47.4,False,False
Arunachal Pradesh,Namsai,Child Feeding Practices and Nutritional Status of Children,61,Children under age 6 months exclusively breastfed10 (%),57.0,62.8,True,False
Arunachal Pradesh,Namsai,Child Feeding Practices and Nutritional Status of Children,62,Children under age 6 months currently breastfeeding10 (%),91.4,75.6,True,False
Arunachal Pradesh,Namsai,Child Feeding Practices and Nutritional Status of Children,63,Children under age 6 months exclusively breastfed or breastfeeding and consuming plain water/other milk only10 (%),72.4,67.2,True,False
Arunachal Pradesh,Namsai,Child Feeding Practices and Nutritional Status of Children,64,Children age 6-8 months receiving solid or semi-solid food and breastmilk10 (%),*,*,True,False
Arunachal Pradesh,Namsai,Child Feeding Practices and Nutritional Status of Children,65,"Breastfeeding children age 6-23 months receiving an adequate diet10, 11 (%)",36.5,24.3,False,False
Arunachal Pradesh,Namsai,Child Feeding Practices and Nutritional Status of Children,66,"Non-breastfeeding children age 6-23 months receiving an adequate diet 10, 11 (%)",*,*,True,False
Arunachal Pradesh,Namsai,Child Feeding Practices and Nutritional Status of Children,67,"Total children age 6-23 months receiving an adequate diet10, 11 (%)",35.0,21.2,False,False
Arunachal Pradesh,Namsai,Child Feeding Practices and Nutritional Status of Children,68,Children under 5 years who are stunted (height-for-age)12 (%),31.6,28.7,False,False
Arunachal Pradesh,Namsai,Child Feeding Practices and Nutritional Status of Children,69,Children under 5 years who are wasted (weight-for-height)12 (%),14.2,12.4,False,False
Arunachal Pradesh,Namsai,Child Feeding Practices and Nutritional Status of Children,70,Children under 5 years who are severely wasted (weight-for-height)13 (%),4.9,4.2,False,False
Arunachal Pradesh,Namsai,Child Feeding Practices and Nutritional Status of Children,71,Children under 5 years who are underweight (weight-for-age)12 (%),25.7,17.7,False,False
Arunachal Pradesh,Namsai,Child Feeding Practices and Nutritional Status of Children,72,Children under 5 years who are overweight (weight-for-height)14 (%),7.7,6.2,False,False
Arunachal Pradesh,Namsai,Nutritional Status of Adults (age 15-49 years),73,Women whose Body Mass Index (BMI) is below normal (BMI <18.5 kg/m 2)15 (%),15.9,12.8,False,False
Arunachal Pradesh,Namsai,Nutritional Status of Adults (age 15-49 years),74,Women who are overweight or obese (BMI ≥25.0 kg/m2)15 (%),25.3,18.0,False,False
Arunachal Pradesh,Namsai,Women,75,Blood sugar level - high (141-160 mg/dl)16 (%),5.5,5.6,False,False
Arunachal Pradesh,Namsai,Women,76,Blood sugar level - very high (>160 mg/dl)16 (%),4.8,3.0,False,False
Arunachal Pradesh,Namsai,Women,77,Blood sugar level - high or very high (>140 mg/dl) or taking medicine to control blood sugar level16 (%),11.1,9.2,False,False
Arunachal Pradesh,Namsai,Men,78,Blood sugar level - high (141-160 mg/dl)16 (%),6.0,6.6,False,False
Arunachal Pradesh,Namsai,Men,79,Blood sugar level - very high (>160 mg/dl)16 (%),6.1,3.9,False,False
Arunachal Pradesh,Namsai,Men,80,Blood sugar level - high or very high (>140 mg/dl) or taking medicine to control blood sugar level 16 (%),12.8,12.0,False,False
Arunachal Pradesh,Namsai,Women,81,Mildly elevated blood pressure (Systolic 140-159 mm of Hg and/or Diastolic 90-99 mm of Hg) (%),13.3,17.4,False,False
Arunachal Pradesh,Namsai,Women,82,Moderately or severely elevated blood pressure (Systolic ≥160 mm of Hg and/or Diastolic ≥100 mm of Hg) (%),7.0,7.7,False,False
Arunachal Pradesh,Namsai,Women,83,Elevated blood pressure (Systolic ≥140 mm of Hg and/or Diastolic ≥90 mm of Hg) or taking medicine to control blood pressure (%),22.9,27.1,False,False
Arunachal Pradesh,Namsai,Men,84,Mildly elevated blood pressure (Systolic 140-159 mm of Hg and/or Diastolic 90-99 mm of Hg) (%),13.8,19.0,False,False
Arunachal Pradesh,Namsai,Men,85,Moderately or severely elevated blood pressure (Systolic ≥160 mm of Hg and/or Diastolic ≥100 mm of Hg) (%),6.5,7.9,False,False
Arunachal Pradesh,Namsai,Men,86,Elevated blood pressure (Systolic ≥140 mm of Hg and/or Diastolic ≥90 mm of Hg) or taking medicine to control blood pressure (%),22.3,28.1,False,False
Arunachal Pradesh,Namsai,Men,87,Women having a bank or savings account that they themselves use (%),85.3,62.4,False,False
Arunachal Pradesh,Namsai,Men,88,Women having a mobile phone that they themselves use (%),75.4,59.1,False,False
Arunachal Pradesh,Namsai,Men,89,Women age 15-24 years who use hygienic methods of protection during their menstrual period17 (%),91.6,93.0,False,False
Arunachal Pradesh,Namsai,Tobacco Use and Alcohol Consumption among Adults (age 15 years and above),90,Women age 15 years and above who use any kind of tobacco (%),20.3,25.3,False,False
Arunachal Pradesh,Namsai,Tobacco Use and Alcohol Consumption among Adults (age 15 years and above),91,Men age 15 years and above who use any kind of tobacco (%),51.9,68.8,False,False
Arunachal Pradesh,Namsai,Tobacco Use and Alcohol Consumption among Adults (age 15 years and above),92,Women age 15 years and above who consume alcohol (%),25.6,28.4,False,False
Arunachal Pradesh,Namsai,Tobacco Use and Alcohol Consumption among Adults (age 15 years and above),93,Men age 15 years and above who consume alcohol (%),51.0,61.6,False,False
Arunachal Pradesh,Pakke kessang,Population and Household Profile,1,Population below age 5 years (%),5.4,,False,True
Arunachal Pradesh,Pakke kessang,Population and Household Profile,2,Population below age 15 years (%),20.0,,False,True
Arunachal Pradesh,Pakke kessang,Population and Household Profile,3,Population age 60 years and above (%),10.3,,False,True
Arunachal Pradesh,Pakke kessang,Population and Household Profile,4,Population living in households with electricity (%),98.8,,False,True
Arunachal Pradesh,Pakke kessang,Population and Household Profile,5,Population living in households with an improved drinking-water source1 (%),88.7,,False,True
Arunachal Pradesh,Pakke kessang,Population and Household Profile,6,Households using iodized salt (%),99.0,,False,True
Arunachal Pradesh,Pakke kessang,Population and Household Profile,7,Households with any usual member covered under a health insurance/financing scheme (%),66.3,,False,True
Arunachal Pradesh,Pakke kessang,Population and Household Profile,8,Households with any usual member having a bank account/post office account (%),99.3,,False,True
Arunachal Pradesh,Pakke kessang,Population and Household Profile,9,Female population age 6 years and above who ever attended school (%),56.7,,False,True
Arunachal Pradesh,Pakke kessang,Population and Household Profile,10,Households with any usual female members owning a house and/or land (alone or jointly with others) (%),14.4,,False,True
Arunachal Pradesh,Pakke kessang,Population and Household Profile,11,Children age 2-4 years who attended pre-school (%),16.3,,False,True
Arunachal Pradesh,Pakke kessang,Characteristics of Adults (age 15-49 years),12,Women with 10 or more years of schooling (%),50.3,,False,True
Arunachal Pradesh,Pakke kessang,Characteristics of Adults (age 15-49 years),13,Men with 10 or more years of schooling (%),73.3,,False,True
Arunachal Pradesh,Pakke kessang,Characteristics of Adults (age 15-49 years),14,Women who have ever used the internet (%),73.1,,False,True
Arunachal Pradesh,Pakke kessang,Characteristics of Adults (age 15-49 years),15,Men who have ever used the internet (%),90.5,,False,True
Arunachal Pradesh,Pakke kessang,Marriage and Fertility,16,Women age 20-24 years married before age 18 years (%),14.4,,False,True
Arunachal Pradesh,Pakke kessang,Marriage and Fertility,17,Men age 25-29 years married before age 21 years (%),*,,True,True
Arunachal Pradesh,Pakke kessang,Marriage and Fertility,18,Three or more births in the 5 years preceding the survey (%),0.0,,False,True
Arunachal Pradesh,Pakke kessang,Marriage and Fertility,19,Women age 15-19 years who were already mothers or pregnant at the time of the survey (%),8.5,,False,True
Arunachal Pradesh,Pakke kessang,Marriage and Fertility,20,Any method2 (%),67.9,,False,True
Arunachal Pradesh,Pakke kessang,Marriage and Fertility,21,Any modern method2 (%),53.1,,False,True
Arunachal Pradesh,Pakke kessang,Marriage and Fertility,22,Any traditional method (%),14.8,,False,True
Arunachal Pradesh,Pakke kessang,Marriage and Fertility,23,Female sterilization (%),28.5,,False,True
Arunachal Pradesh,Pakke kessang,Marriage and Fertility,24,Male sterilization (%),0.0,,False,True
Arunachal Pradesh,Pakke kessang,Marriage and Fertility,25,Total unmet need3 (%),5.4,,False,True
Arunachal Pradesh,Pakke kessang,Marriage and Fertility,26,Unmet need for spacing3 (%),4.8,,False,True
Arunachal Pradesh,Pakke kessang,Marriage and Fertility,27,Unmet need for limiting3 (%),0.6,,False,True
Arunachal Pradesh,Pakke kessang,Antenatal Care (for last birth in the 5 years before the survey),28,Mothers who had an antenatal check-up in the first trimester (%),60.3,,False,True
Arunachal Pradesh,Pakke kessang,Antenatal Care (for last birth in the 5 years before the survey),29,Mothers who had any antenatal care visits (%),79.9,,False,True
Arunachal Pradesh,Pakke kessang,Antenatal Care (for last birth in the 5 years before the survey),30,Mothers who had at least 4 antenatal care visits (%),38.7,,False,True
Arunachal Pradesh,Pakke kessang,Antenatal Care (for last birth in the 5 years before the survey),31,Mothers whose last birth was protected against neonatal tetanus 4 (%),88.6,,False,True
Arunachal Pradesh,Pakke kessang,Antenatal Care (for last birth in the 5 years before the survey),32,Mothers who consumed iron folic acid for 100 days or more when they were pregnant (%),30.1,,False,True
Arunachal Pradesh,Pakke kessang,Antenatal Care (for last birth in the 5 years before the survey),33,Mothers who consumed iron folic acid for 180 days or more when they were pregnant (%),20.2,,False,True
Arunachal Pradesh,Pakke kessang,Antenatal Care (for last birth in the 5 years before the survey),34,Registered pregnancies for which the mother received a Mother and Child Protection (MCP) card (%),100.0,,False,True
Arunachal Pradesh,Pakke kessang,Delivery Care (for births in the 5 years before the survey),35,Institutional births (%),87.4,,False,True
Arunachal Pradesh,Pakke kessang,Delivery Care (for births in the 5 years before the survey),36,Institutional births in public facility (%),82.6,,False,True
Arunachal Pradesh,Pakke kessang,Delivery Care (for births in the 5 years before the survey),37,Births attended by skilled health personnel5 (%),87.0,,False,True
Arunachal Pradesh,Pakke kessang,Delivery Care (for births in the 5 years before the survey),38,Births delivered by caesarean section (%),12.7,,False,True
Arunachal Pradesh,Pakke kessang,Delivery Care (for births in the 5 years before the survey),39,Births in a private health facility that were delivered by caesarean section (%),*,,True,True
Arunachal Pradesh,Pakke kessang,Delivery Care (for births in the 5 years before the survey),40,Births in a public health facility that were delivered by caesarean section (%),14.0,,False,True
Arunachal Pradesh,Pakke kessang,Postnatal Care (for last birth in the 5 years before the survey),41,Mothers who received postnatal care from a doctor/nurse/LHV/ANM/midwife/other health personnel within 2 days of delivery+ (%),54.0,,False,True
Arunachal Pradesh,Pakke kessang,Postnatal Care (for last birth in the 5 years before the survey),42,Children born at home who were taken to a health facility for a check-up within 24 hours of birth (%),*,,True,True
Arunachal Pradesh,Pakke kessang,Postnatal Care (for last birth in the 5 years before the survey),43,Children who received postnatal care from a doctor/nurse/LHV/ANM/midwife/other health personnel within 2 days of delivery+ (%),64.6,,False,True
Arunachal Pradesh,Pakke kessang,Child Vaccinations and Vitamin A Supplementation,44,Children age 12-23 months fully vaccinated based on information from either vaccination card or mother's recall6 (%),76.8,,True,True
Arunachal Pradesh,Pakke kessang,Child Vaccinations and Vitamin A Supplementation,45,Children age 12-23 months fully vaccinated based on information from vaccination card only 7 (%),*,,True,True
Arunachal Pradesh,Pakke kessang,Child Vaccinations and Vitamin A Supplementation,46,Children age 12-23 months who have received any vaccine (%),96.5,,True,True
Arunachal Pradesh,Pakke kessang,Child Vaccinations and Vitamin A Supplementation,47,Children age 12-23 months who have received BCG (%),96.5,,True,True
Arunachal Pradesh,Pakke kessang,Child Vaccinations and Vitamin A Supplementation,48,Children age 12-23 months who have received 3 doses of polio vaccine8 (%),76.8,,True,True
Arunachal Pradesh,Pakke kessang,Child Vaccinations and Vitamin A Supplementation,49,Children age 12-23 months who have received 3 doses of pentavalent vaccine (%),83.5,,True,True
Arunachal Pradesh,Pakke kessang,Child Vaccinations and Vitamin A Supplementation,50,Children age 12-23 months who have received the first dose of measles-containing vaccine (MCV) (%),83.5,,True,True
Arunachal Pradesh,Pakke kessang,Child Vaccinations and Vitamin A Supplementation,51,Children age 24-35 months who have received a second dose of measles-containing vaccine (MCV) (%),56.4,,True,True
Arunachal Pradesh,Pakke kessang,Child Vaccinations and Vitamin A Supplementation,52,Children age 12-23 months who have received birth dose of hepatitis B vaccine (%),89.4,,True,True
Arunachal Pradesh,Pakke kessang,Child Vaccinations and Vitamin A Supplementation,53,Children age 12-23 months who have received 3 doses of rotavirus vaccine (%),83.5,,True,True
Arunachal Pradesh,Pakke kessang,Child Vaccinations and Vitamin A Supplementation,54,Children age 9-35 months who received a vitamin A dose in the last 6 months (%),82.7,,False,True
Arunachal Pradesh,Pakke kessang,Child Vaccinations and Vitamin A Supplementation,55,Children age 12-23 months who received most of their vaccinations in a public health facility (%),*,,True,True
Arunachal Pradesh,Pakke kessang,Child Vaccinations and Vitamin A Supplementation,56,Children age 12-23 months who received most of their vaccinations in a private health facility (%),*,,True,True
Arunachal Pradesh,Pakke kessang,Treatment of Childhood Diseases (children under age 5 years),57,Prevalence of diarrhoea in the 2 weeks preceding the survey (%),2.6,,False,True
Arunachal Pradesh,Pakke kessang,Treatment of Childhood Diseases (children under age 5 years),58,Prevalence of symptoms of acute respiratory infection (ARI) in the 2 weeks preceding the survey (%),0.0,,False,True
Arunachal Pradesh,Pakke kessang,Treatment of Childhood Diseases (children under age 5 years),59,Children with fever or symptoms of ARI in the 2 weeks preceding the survey taken to a health facility or health provider (%),*,,True,True
Arunachal Pradesh,Pakke kessang,Child Feeding Practices and Nutritional Status of Children,60,Children under age 3 years breastfed within one hour of birth 9 (%),52.6,,False,True
Arunachal Pradesh,Pakke kessang,Child Feeding Practices and Nutritional Status of Children,61,Children under age 6 months exclusively breastfed10 (%),*,,True,True
Arunachal Pradesh,Pakke kessang,Child Feeding Practices and Nutritional Status of Children,62,Children under age 6 months currently breastfeeding10 (%),*,,True,True
Arunachal Pradesh,Pakke kessang,Child Feeding Practices and Nutritional Status of Children,63,Children under age 6 months exclusively breastfed or breastfeeding and consuming plain water/other milk only10 (%),*,,True,True
Arunachal Pradesh,Pakke kessang,Child Feeding Practices and Nutritional Status of Children,64,Children age 6-8 months receiving solid or semi-solid food and breastmilk10 (%),*,,True,True
Arunachal Pradesh,Pakke kessang,Child Feeding Practices and Nutritional Status of Children,65,"Breastfeeding children age 6-23 months receiving an adequate diet10, 11 (%)",47.7,,True,True
Arunachal Pradesh,Pakke kessang,Child Feeding Practices and Nutritional Status of Children,66,"Non-breastfeeding children age 6-23 months receiving an adequate diet 10, 11 (%)",*,,True,True
Arunachal Pradesh,Pakke kessang,Child Feeding Practices and Nutritional Status of Children,67,"Total children age 6-23 months receiving an adequate diet10, 11 (%)",47.0,,True,True
Arunachal Pradesh,Pakke kessang,Child Feeding Practices and Nutritional Status of Children,68,Children under 5 years who are stunted (height-for-age)12 (%),39.4,,False,True
Arunachal Pradesh,Pakke kessang,Child Feeding Practices and Nutritional Status of Children,69,Children under 5 years who are wasted (weight-for-height)12 (%),20.2,,False,True
Arunachal Pradesh,Pakke kessang,Child Feeding Practices and Nutritional Status of Children,70,Children under 5 years who are severely wasted (weight-for-height)13 (%),12.6,,False,True
Arunachal Pradesh,Pakke kessang,Child Feeding Practices and Nutritional Status of Children,71,Children under 5 years who are underweight (weight-for-age)12 (%),29.5,,False,True
Arunachal Pradesh,Pakke kessang,Child Feeding Practices and Nutritional Status of Children,72,Children under 5 years who are overweight (weight-for-height)14 (%),12.0,,False,True
Arunachal Pradesh,Pakke kessang,Nutritional Status of Adults (age 15-49 years),73,Women whose Body Mass Index (BMI) is below normal (BMI <18.5 kg/m 2)15 (%),8.0,,False,True
Arunachal Pradesh,Pakke kessang,Nutritional Status of Adults (age 15-49 years),74,Women who are overweight or obese (BMI ≥25.0 kg/m2)15 (%),29.7,,False,True
Arunachal Pradesh,Pakke kessang,Women,75,Blood sugar level - high (141-160 mg/dl)16 (%),5.1,,False,True
Arunachal Pradesh,Pakke kessang,Women,76,Blood sugar level - very high (>160 mg/dl)16 (%),2.0,,False,True
Arunachal Pradesh,Pakke kessang,Women,77,Blood sugar level - high or very high (>140 mg/dl) or taking medicine to control blood sugar level16 (%),7.1,,False,True
Arunachal Pradesh,Pakke kessang,Men,78,Blood sugar level - high (141-160 mg/dl)16 (%),7.5,,False,True
Arunachal Pradesh,Pakke kessang,Men,79,Blood sugar level - very high (>160 mg/dl)16 (%),1.8,,False,True
Arunachal Pradesh,Pakke kessang,Men,80,Blood sugar level - high or very high (>140 mg/dl) or taking medicine to control blood sugar level 16 (%),9.6,,False,True
Arunachal Pradesh,Pakke kessang,Women,81,Mildly elevated blood pressure (Systolic 140-159 mm of Hg and/or Diastolic 90-99 mm of Hg) (%),16.1,,False,True
Arunachal Pradesh,Pakke kessang,Women,82,Moderately or severely elevated blood pressure (Systolic ≥160 mm of Hg and/or Diastolic ≥100 mm of Hg) (%),7.9,,False,True
Arunachal Pradesh,Pakke kessang,Women,83,Elevated blood pressure (Systolic ≥140 mm of Hg and/or Diastolic ≥90 mm of Hg) or taking medicine to control blood pressure (%),24.3,,False,True
Arunachal Pradesh,Pakke kessang,Men,84,Mildly elevated blood pressure (Systolic 140-159 mm of Hg and/or Diastolic 90-99 mm of Hg) (%),22.6,,False,True
Arunachal Pradesh,Pakke kessang,Men,85,Moderately or severely elevated blood pressure (Systolic ≥160 mm of Hg and/or Diastolic ≥100 mm of Hg) (%),11.7,,False,True
Arunachal Pradesh,Pakke kessang,Men,86,Elevated blood pressure (Systolic ≥140 mm of Hg and/or Diastolic ≥90 mm of Hg) or taking medicine to control blood pressure (%),35.1,,False,True
Arunachal Pradesh,Pakke kessang,Men,87,Women having a bank or savings account that they themselves use (%),93.5,,False,True
Arunachal Pradesh,Pakke kessang,Men,88,Women having a mobile phone that they themselves use (%),94.5,,False,True
Arunachal Pradesh,Pakke kessang,Men,89,Women age 15-24 years who use hygienic methods of protection during their menstrual period17 (%),100.0,,False,True
Arunachal Pradesh,Pakke kessang,Tobacco Use and Alcohol Consumption among Adults (age 15 years and above),90,Women age 15 years and above who use any kind of tobacco (%),14.1,,False,True
Arunachal Pradesh,Pakke kessang,Tobacco Use and Alcohol Consumption among Adults (age 15 years and above),91,Men age 15 years and above who use any kind of tobacco (%),45.8,,False,True
Arunachal Pradesh,Pakke kessang,Tobacco Use and Alcohol Consumption among Adults (age 15 years and above),92,Women age 15 years and above who consume alcohol (%),17.3,,False,True
Arunachal Pradesh,Pakke kessang,Tobacco Use and Alcohol Consumption among Adults (age 15 years and above),93,Men age 15 years and above who consume alcohol (%),47.2,,False,True
Arunachal Pradesh,Papum Pare,Population and Household Profile,1,Population below age 5 years (%),8.0,10.7,False,False
Arunachal Pradesh,Papum Pare,Population and Household Profile,2,Population below age 15 years (%),25.6,30.5,False,False
Arunachal Pradesh,Papum Pare,Population and Household Profile,3,Population age 60 years and above (%),5.5,4.7,False,False
Arunachal Pradesh,Papum Pare,Population and Household Profile,4,Population living in households with electricity (%),99.7,98.7,False,False
Arunachal Pradesh,Papum Pare,Population and Household Profile,5,Population living in households with an improved drinking-water source1 (%),99.4,92.9,False,False
Arunachal Pradesh,Papum Pare,Population and Household Profile,6,Households using iodized salt (%),99.5,100.0,False,False
Arunachal Pradesh,Papum Pare,Population and Household Profile,7,Households with any usual member covered under a health insurance/financing scheme (%),55.7,26.9,False,False
Arunachal Pradesh,Papum Pare,Population and Household Profile,8,Households with any usual member having a bank account/post office account (%),95.2,90.5,False,False
Arunachal Pradesh,Papum Pare,Population and Household Profile,9,Female population age 6 years and above who ever attended school (%),77.5,77.6,False,False
Arunachal Pradesh,Papum Pare,Population and Household Profile,10,Households with any usual female members owning a house and/or land (alone or jointly with others) (%),12.7,10.4,False,False
Arunachal Pradesh,Papum Pare,Population and Household Profile,11,Children age 2-4 years who attended pre-school (%),29.1,32.1,False,False
Arunachal Pradesh,Papum Pare,Characteristics of Adults (age 15-49 years),12,Women with 10 or more years of schooling (%),60.1,50.5,False,False
Arunachal Pradesh,Papum Pare,Characteristics of Adults (age 15-49 years),13,Men with 10 or more years of schooling (%),74.0,35.2,False,False
Arunachal Pradesh,Papum Pare,Characteristics of Adults (age 15-49 years),14,Women who have ever used the internet (%),85.7,50.3,False,False
Arunachal Pradesh,Papum Pare,Characteristics of Adults (age 15-49 years),15,Men who have ever used the internet (%),84.5,66.1,False,False
Arunachal Pradesh,Papum Pare,Marriage and Fertility,16,Women age 20-24 years married before age 18 years (%),24.0,25.4,False,False
Arunachal Pradesh,Papum Pare,Marriage and Fertility,17,Men age 25-29 years married before age 21 years (%),*,*,True,False
Arunachal Pradesh,Papum Pare,Marriage and Fertility,18,Three or more births in the 5 years preceding the survey (%),2.0,1.6,False,False
Arunachal Pradesh,Papum Pare,Marriage and Fertility,19,Women age 15-19 years who were already mothers or pregnant at the time of the survey (%),4.8,6.0,False,False
Arunachal Pradesh,Papum Pare,Marriage and Fertility,20,Any method2 (%),67.7,47.7,False,False
Arunachal Pradesh,Papum Pare,Marriage and Fertility,21,Any modern method2 (%),45.0,41.0,False,False
Arunachal Pradesh,Papum Pare,Marriage and Fertility,22,Any traditional method (%),22.7,6.7,False,False
Arunachal Pradesh,Papum Pare,Marriage and Fertility,23,Female sterilization (%),15.4,15.7,False,False
Arunachal Pradesh,Papum Pare,Marriage and Fertility,24,Male sterilization (%),0.1,0.0,False,False
Arunachal Pradesh,Papum Pare,Marriage and Fertility,25,Total unmet need3 (%),9.8,20.3,False,False
Arunachal Pradesh,Papum Pare,Marriage and Fertility,26,Unmet need for spacing3 (%),8.4,8.7,False,False
Arunachal Pradesh,Papum Pare,Marriage and Fertility,27,Unmet need for limiting3 (%),1.4,11.6,False,False
Arunachal Pradesh,Papum Pare,Antenatal Care (for last birth in the 5 years before the survey),28,Mothers who had an antenatal check-up in the first trimester (%),64.6,38.4,False,False
Arunachal Pradesh,Papum Pare,Antenatal Care (for last birth in the 5 years before the survey),29,Mothers who had any antenatal care visits (%),88.4,55.1,False,False
Arunachal Pradesh,Papum Pare,Antenatal Care (for last birth in the 5 years before the survey),30,Mothers who had at least 4 antenatal care visits (%),46.6,39.3,False,False
Arunachal Pradesh,Papum Pare,Antenatal Care (for last birth in the 5 years before the survey),31,Mothers whose last birth was protected against neonatal tetanus 4 (%),84.5,74.0,False,False
Arunachal Pradesh,Papum Pare,Antenatal Care (for last birth in the 5 years before the survey),32,Mothers who consumed iron folic acid for 100 days or more when they were pregnant (%),29.0,24.8,False,False
Arunachal Pradesh,Papum Pare,Antenatal Care (for last birth in the 5 years before the survey),33,Mothers who consumed iron folic acid for 180 days or more when they were pregnant (%),16.9,13.3,False,False
Arunachal Pradesh,Papum Pare,Antenatal Care (for last birth in the 5 years before the survey),34,Registered pregnancies for which the mother received a Mother and Child Protection (MCP) card (%),97.4,91.4,False,False
Arunachal Pradesh,Papum Pare,Delivery Care (for births in the 5 years before the survey),35,Institutional births (%),96.1,88.0,False,False
Arunachal Pradesh,Papum Pare,Delivery Care (for births in the 5 years before the survey),36,Institutional births in public facility (%),91.4,77.3,False,False
Arunachal Pradesh,Papum Pare,Delivery Care (for births in the 5 years before the survey),37,Births attended by skilled health personnel5 (%),89.8,86.5,False,False
Arunachal Pradesh,Papum Pare,Delivery Care (for births in the 5 years before the survey),38,Births delivered by caesarean section (%),20.5,16.5,False,False
Arunachal Pradesh,Papum Pare,Delivery Care (for births in the 5 years before the survey),39,Births in a private health facility that were delivered by caesarean section (%),*,28.8,True,False
Arunachal Pradesh,Papum Pare,Delivery Care (for births in the 5 years before the survey),40,Births in a public health facility that were delivered by caesarean section (%),20.4,17.4,False,False
Arunachal Pradesh,Papum Pare,Postnatal Care (for last birth in the 5 years before the survey),41,Mothers who received postnatal care from a doctor/nurse/LHV/ANM/midwife/other health personnel within 2 days of delivery+ (%),65.6,53.2,False,False
Arunachal Pradesh,Papum Pare,Postnatal Care (for last birth in the 5 years before the survey),42,Children born at home who were taken to a health facility for a check-up within 24 hours of birth (%),*,*,True,False
Arunachal Pradesh,Papum Pare,Postnatal Care (for last birth in the 5 years before the survey),43,Children who received postnatal care from a doctor/nurse/LHV/ANM/midwife/other health personnel within 2 days of delivery+ (%),70.2,58.1,False,False
Arunachal Pradesh,Papum Pare,Child Vaccinations and Vitamin A Supplementation,44,Children age 12-23 months fully vaccinated based on information from either vaccination card or mother's recall6 (%),67.5,60.7,True,False
Arunachal Pradesh,Papum Pare,Child Vaccinations and Vitamin A Supplementation,45,Children age 12-23 months fully vaccinated based on information from vaccination card only 7 (%),*,74.3,True,False
Arunachal Pradesh,Papum Pare,Child Vaccinations and Vitamin A Supplementation,46,Children age 12-23 months who have received any vaccine (%),80.6,88.1,True,False
Arunachal Pradesh,Papum Pare,Child Vaccinations and Vitamin A Supplementation,47,Children age 12-23 months who have received BCG (%),80.6,88.1,True,False
Arunachal Pradesh,Papum Pare,Child Vaccinations and Vitamin A Supplementation,48,Children age 12-23 months who have received 3 doses of polio vaccine8 (%),70.9,63.9,True,False
Arunachal Pradesh,Papum Pare,Child Vaccinations and Vitamin A Supplementation,49,Children age 12-23 months who have received 3 doses of pentavalent vaccine (%),67.5,76.3,True,False
Arunachal Pradesh,Papum Pare,Child Vaccinations and Vitamin A Supplementation,50,Children age 12-23 months who have received the first dose of measles-containing vaccine (MCV) (%),71.3,77.3,True,False
Arunachal Pradesh,Papum Pare,Child Vaccinations and Vitamin A Supplementation,51,Children age 24-35 months who have received a second dose of measles-containing vaccine (MCV) (%),61.5,48.8,True,False
Arunachal Pradesh,Papum Pare,Child Vaccinations and Vitamin A Supplementation,52,Children age 12-23 months who have received birth dose of hepatitis B vaccine (%),62.3,54.3,True,False
Arunachal Pradesh,Papum Pare,Child Vaccinations and Vitamin A Supplementation,53,Children age 12-23 months who have received 3 doses of rotavirus vaccine (%),65.3,11.5,True,False
Arunachal Pradesh,Papum Pare,Child Vaccinations and Vitamin A Supplementation,54,Children age 9-35 months who received a vitamin A dose in the last 6 months (%),66.2,75.5,False,False
Arunachal Pradesh,Papum Pare,Child Vaccinations and Vitamin A Supplementation,55,Children age 12-23 months who received most of their vaccinations in a public health facility (%),93.5,94.6,True,False
Arunachal Pradesh,Papum Pare,Child Vaccinations and Vitamin A Supplementation,56,Children age 12-23 months who received most of their vaccinations in a private health facility (%),2.8,2.9,True,False
Arunachal Pradesh,Papum Pare,Treatment of Childhood Diseases (children under age 5 years),57,Prevalence of diarrhoea in the 2 weeks preceding the survey (%),0.9,4.6,False,False
Arunachal Pradesh,Papum Pare,Treatment of Childhood Diseases (children under age 5 years),58,Prevalence of symptoms of acute respiratory infection (ARI) in the 2 weeks preceding the survey (%),0.0,1.9,False,False
Arunachal Pradesh,Papum Pare,Treatment of Childhood Diseases (children under age 5 years),59,Children with fever or symptoms of ARI in the 2 weeks preceding the survey taken to a health facility or health provider (%),*,44.0,True,False
Arunachal Pradesh,Papum Pare,Child Feeding Practices and Nutritional Status of Children,60,Children under age 3 years breastfed within one hour of birth 9 (%),46.2,52.9,False,False
Arunachal Pradesh,Papum Pare,Child Feeding Practices and Nutritional Status of Children,61,Children under age 6 months exclusively breastfed10 (%),45.6,75.8,True,False
Arunachal Pradesh,Papum Pare,Child Feeding Practices and Nutritional Status of Children,62,Children under age 6 months currently breastfeeding10 (%),94.9,92.4,True,False
Arunachal Pradesh,Papum Pare,Child Feeding Practices and Nutritional Status of Children,63,Children under age 6 months exclusively breastfed or breastfeeding and consuming plain water/other milk only10 (%),53.6,89.2,True,False
Arunachal Pradesh,Papum Pare,Child Feeding Practices and Nutritional Status of Children,64,Children age 6-8 months receiving solid or semi-solid food and breastmilk10 (%),*,*,True,False
Arunachal Pradesh,Papum Pare,Child Feeding Practices and Nutritional Status of Children,65,"Breastfeeding children age 6-23 months receiving an adequate diet10, 11 (%)",22.6,24.4,True,False
Arunachal Pradesh,Papum Pare,Child Feeding Practices and Nutritional Status of Children,66,"Non-breastfeeding children age 6-23 months receiving an adequate diet 10, 11 (%)",*,*,True,False
Arunachal Pradesh,Papum Pare,Child Feeding Practices and Nutritional Status of Children,67,"Total children age 6-23 months receiving an adequate diet10, 11 (%)",19.6,24.9,True,False
Arunachal Pradesh,Papum Pare,Child Feeding Practices and Nutritional Status of Children,68,Children under 5 years who are stunted (height-for-age)12 (%),22.7,29.7,False,False
Arunachal Pradesh,Papum Pare,Child Feeding Practices and Nutritional Status of Children,69,Children under 5 years who are wasted (weight-for-height)12 (%),14.7,9.0,False,False
Arunachal Pradesh,Papum Pare,Child Feeding Practices and Nutritional Status of Children,70,Children under 5 years who are severely wasted (weight-for-height)13 (%),4.6,5.0,False,False
Arunachal Pradesh,Papum Pare,Child Feeding Practices and Nutritional Status of Children,71,Children under 5 years who are underweight (weight-for-age)12 (%),17.3,15.6,False,False
Arunachal Pradesh,Papum Pare,Child Feeding Practices and Nutritional Status of Children,72,Children under 5 years who are overweight (weight-for-height)14 (%),9.7,9.1,False,False
Arunachal Pradesh,Papum Pare,Nutritional Status of Adults (age 15-49 years),73,Women whose Body Mass Index (BMI) is below normal (BMI <18.5 kg/m 2)15 (%),7.7,5.3,False,False
Arunachal Pradesh,Papum Pare,Nutritional Status of Adults (age 15-49 years),74,Women who are overweight or obese (BMI ≥25.0 kg/m2)15 (%),33.2,31.1,False,False
Arunachal Pradesh,Papum Pare,Women,75,Blood sugar level - high (141-160 mg/dl)16 (%),8.1,4.8,False,False
Arunachal Pradesh,Papum Pare,Women,76,Blood sugar level - very high (>160 mg/dl)16 (%),4.4,3.0,False,False
Arunachal Pradesh,Papum Pare,Women,77,Blood sugar level - high or very high (>140 mg/dl) or taking medicine to control blood sugar level16 (%),13.5,9.5,False,False
Arunachal Pradesh,Papum Pare,Men,78,Blood sugar level - high (141-160 mg/dl)16 (%),5.6,5.3,False,False
Arunachal Pradesh,Papum Pare,Men,79,Blood sugar level - very high (>160 mg/dl)16 (%),5.3,6.5,False,False
Arunachal Pradesh,Papum Pare,Men,80,Blood sugar level - high or very high (>140 mg/dl) or taking medicine to control blood sugar level 16 (%),11.6,12.8,False,False
Arunachal Pradesh,Papum Pare,Women,81,Mildly elevated blood pressure (Systolic 140-159 mm of Hg and/or Diastolic 90-99 mm of Hg) (%),16.2,13.3,False,False
Arunachal Pradesh,Papum Pare,Women,82,Moderately or severely elevated blood pressure (Systolic ≥160 mm of Hg and/or Diastolic ≥100 mm of Hg) (%),8.5,3.5,False,False
Arunachal Pradesh,Papum Pare,Women,83,Elevated blood pressure (Systolic ≥140 mm of Hg and/or Diastolic ≥90 mm of Hg) or taking medicine to control blood pressure (%),25.4,20.6,False,False
Arunachal Pradesh,Papum Pare,Men,84,Mildly elevated blood pressure (Systolic 140-159 mm of Hg and/or Diastolic 90-99 mm of Hg) (%),25.6,21.2,False,False
Arunachal Pradesh,Papum Pare,Men,85,Moderately or severely elevated blood pressure (Systolic ≥160 mm of Hg and/or Diastolic ≥100 mm of Hg) (%),9.1,9.2,False,False
Arunachal Pradesh,Papum Pare,Men,86,Elevated blood pressure (Systolic ≥140 mm of Hg and/or Diastolic ≥90 mm of Hg) or taking medicine to control blood pressure (%),36.0,32.7,False,False
Arunachal Pradesh,Papum Pare,Men,87,Women having a bank or savings account that they themselves use (%),87.9,80.0,False,False
Arunachal Pradesh,Papum Pare,Men,88,Women having a mobile phone that they themselves use (%),93.5,83.3,False,False
Arunachal Pradesh,Papum Pare,Men,89,Women age 15-24 years who use hygienic methods of protection during their menstrual period17 (%),98.0,95.4,False,False
Arunachal Pradesh,Papum Pare,Tobacco Use and Alcohol Consumption among Adults (age 15 years and above),90,Women age 15 years and above who use any kind of tobacco (%),12.9,16.1,False,False
Arunachal Pradesh,Papum Pare,Tobacco Use and Alcohol Consumption among Adults (age 15 years and above),91,Men age 15 years and above who use any kind of tobacco (%),43.0,43.7,False,False
Arunachal Pradesh,Papum Pare,Tobacco Use and Alcohol Consumption among Adults (age 15 years and above),92,Women age 15 years and above who consume alcohol (%),14.5,16.1,False,False
Arunachal Pradesh,Papum Pare,Tobacco Use and Alcohol Consumption among Adults (age 15 years and above),93,Men age 15 years and above who consume alcohol (%),37.6,42.7,False,False
Arunachal Pradesh,Shi yomi,Population and Household Profile,1,Population below age 5 years (%),7.7,,False,True
Arunachal Pradesh,Shi yomi,Population and Household Profile,2,Population below age 15 years (%),25.3,,False,True
Arunachal Pradesh,Shi yomi,Population and Household Profile,3,Population age 60 years and above (%),15.4,,False,True
Arunachal Pradesh,Shi yomi,Population and Household Profile,4,Population living in households with electricity (%),66.0,,False,True
Arunachal Pradesh,Shi yomi,Population and Household Profile,5,Population living in households with an improved drinking-water source1 (%),98.6,,False,True
Arunachal Pradesh,Shi yomi,Population and Household Profile,6,Households using iodized salt (%),99.8,,False,True
Arunachal Pradesh,Shi yomi,Population and Household Profile,7,Households with any usual member covered under a health insurance/financing scheme (%),48.2,,False,True
Arunachal Pradesh,Shi yomi,Population and Household Profile,8,Households with any usual member having a bank account/post office account (%),98.1,,False,True
Arunachal Pradesh,Shi yomi,Population and Household Profile,9,Female population age 6 years and above who ever attended school (%),50.9,,False,True
Arunachal Pradesh,Shi yomi,Population and Household Profile,10,Households with any usual female members owning a house and/or land (alone or jointly with others) (%),9.5,,False,True
Arunachal Pradesh,Shi yomi,Population and Household Profile,11,Children age 2-4 years who attended pre-school (%),32.4,,False,True
Arunachal Pradesh,Shi yomi,Characteristics of Adults (age 15-49 years),12,Women with 10 or more years of schooling (%),18.6,,False,True
Arunachal Pradesh,Shi yomi,Characteristics of Adults (age 15-49 years),13,Men with 10 or more years of schooling (%),30.6,,False,True
Arunachal Pradesh,Shi yomi,Characteristics of Adults (age 15-49 years),14,Women who have ever used the internet (%),27.7,,False,True
Arunachal Pradesh,Shi yomi,Characteristics of Adults (age 15-49 years),15,Men who have ever used the internet (%),58.6,,False,True
Arunachal Pradesh,Shi yomi,Marriage and Fertility,16,Women age 20-24 years married before age 18 years (%),30.3,,False,True
Arunachal Pradesh,Shi yomi,Marriage and Fertility,17,Men age 25-29 years married before age 21 years (%),*,,True,True
Arunachal Pradesh,Shi yomi,Marriage and Fertility,18,Three or more births in the 5 years preceding the survey (%),1.6,,False,True
Arunachal Pradesh,Shi yomi,Marriage and Fertility,19,Women age 15-19 years who were already mothers or pregnant at the time of the survey (%),14.3,,False,True
Arunachal Pradesh,Shi yomi,Marriage and Fertility,20,Any method2 (%),67.0,,False,True
Arunachal Pradesh,Shi yomi,Marriage and Fertility,21,Any modern method2 (%),55.3,,False,True
Arunachal Pradesh,Shi yomi,Marriage and Fertility,22,Any traditional method (%),11.7,,False,True
Arunachal Pradesh,Shi yomi,Marriage and Fertility,23,Female sterilization (%),26.1,,False,True
Arunachal Pradesh,Shi yomi,Marriage and Fertility,24,Male sterilization (%),0.0,,False,True
Arunachal Pradesh,Shi yomi,Marriage and Fertility,25,Total unmet need3 (%),11.8,,False,True
Arunachal Pradesh,Shi yomi,Marriage and Fertility,26,Unmet need for spacing3 (%),8.2,,False,True
Arunachal Pradesh,Shi yomi,Marriage and Fertility,27,Unmet need for limiting3 (%),3.6,,False,True
Arunachal Pradesh,Shi yomi,Antenatal Care (for last birth in the 5 years before the survey),28,Mothers who had an antenatal check-up in the first trimester (%),52.3,,False,True
Arunachal Pradesh,Shi yomi,Antenatal Care (for last birth in the 5 years before the survey),29,Mothers who had any antenatal care visits (%),82.9,,False,True
Arunachal Pradesh,Shi yomi,Antenatal Care (for last birth in the 5 years before the survey),30,Mothers who had at least 4 antenatal care visits (%),43.5,,False,True
Arunachal Pradesh,Shi yomi,Antenatal Care (for last birth in the 5 years before the survey),31,Mothers whose last birth was protected against neonatal tetanus 4 (%),90.0,,False,True
Arunachal Pradesh,Shi yomi,Antenatal Care (for last birth in the 5 years before the survey),32,Mothers who consumed iron folic acid for 100 days or more when they were pregnant (%),30.9,,False,True
Arunachal Pradesh,Shi yomi,Antenatal Care (for last birth in the 5 years before the survey),33,Mothers who consumed iron folic acid for 180 days or more when they were pregnant (%),22.7,,False,True
Arunachal Pradesh,Shi yomi,Antenatal Care (for last birth in the 5 years before the survey),34,Registered pregnancies for which the mother received a Mother and Child Protection (MCP) card (%),98.7,,False,True
Arunachal Pradesh,Shi yomi,Delivery Care (for births in the 5 years before the survey),35,Institutional births (%),85.0,,False,True
Arunachal Pradesh,Shi yomi,Delivery Care (for births in the 5 years before the survey),36,Institutional births in public facility (%),79.2,,False,True
Arunachal Pradesh,Shi yomi,Delivery Care (for births in the 5 years before the survey),37,Births attended by skilled health personnel5 (%),86.7,,False,True
Arunachal Pradesh,Shi yomi,Delivery Care (for births in the 5 years before the survey),38,Births delivered by caesarean section (%),8.7,,False,True
Arunachal Pradesh,Shi yomi,Delivery Care (for births in the 5 years before the survey),39,Births in a private health facility that were delivered by caesarean section (%),*,,True,True
Arunachal Pradesh,Shi yomi,Delivery Care (for births in the 5 years before the survey),40,Births in a public health facility that were delivered by caesarean section (%),7.2,,False,True
Arunachal Pradesh,Shi yomi,Postnatal Care (for last birth in the 5 years before the survey),41,Mothers who received postnatal care from a doctor/nurse/LHV/ANM/midwife/other health personnel within 2 days of delivery+ (%),64.3,,False,True
Arunachal Pradesh,Shi yomi,Postnatal Care (for last birth in the 5 years before the survey),42,Children born at home who were taken to a health facility for a check-up within 24 hours of birth (%),*,,True,True
Arunachal Pradesh,Shi yomi,Postnatal Care (for last birth in the 5 years before the survey),43,Children who received postnatal care from a doctor/nurse/LHV/ANM/midwife/other health personnel within 2 days of delivery+ (%),67.7,,False,True
Arunachal Pradesh,Shi yomi,Child Vaccinations and Vitamin A Supplementation,44,Children age 12-23 months fully vaccinated based on information from either vaccination card or mother's recall6 (%),67.8,,True,True
Arunachal Pradesh,Shi yomi,Child Vaccinations and Vitamin A Supplementation,45,Children age 12-23 months fully vaccinated based on information from vaccination card only 7 (%),79.2,,True,True
Arunachal Pradesh,Shi yomi,Child Vaccinations and Vitamin A Supplementation,46,Children age 12-23 months who have received any vaccine (%),98.5,,True,True
Arunachal Pradesh,Shi yomi,Child Vaccinations and Vitamin A Supplementation,47,Children age 12-23 months who have received BCG (%),93.7,,True,True
Arunachal Pradesh,Shi yomi,Child Vaccinations and Vitamin A Supplementation,48,Children age 12-23 months who have received 3 doses of polio vaccine8 (%),72.6,,True,True
Arunachal Pradesh,Shi yomi,Child Vaccinations and Vitamin A Supplementation,49,Children age 12-23 months who have received 3 doses of pentavalent vaccine (%),83.8,,True,True
Arunachal Pradesh,Shi yomi,Child Vaccinations and Vitamin A Supplementation,50,Children age 12-23 months who have received the first dose of measles-containing vaccine (MCV) (%),92.9,,True,True
Arunachal Pradesh,Shi yomi,Child Vaccinations and Vitamin A Supplementation,51,Children age 24-35 months who have received a second dose of measles-containing vaccine (MCV) (%),88.9,,True,True
Arunachal Pradesh,Shi yomi,Child Vaccinations and Vitamin A Supplementation,52,Children age 12-23 months who have received birth dose of hepatitis B vaccine (%),79.2,,True,True
Arunachal Pradesh,Shi yomi,Child Vaccinations and Vitamin A Supplementation,53,Children age 12-23 months who have received 3 doses of rotavirus vaccine (%),83.8,,True,True
Arunachal Pradesh,Shi yomi,Child Vaccinations and Vitamin A Supplementation,54,Children age 9-35 months who received a vitamin A dose in the last 6 months (%),85.5,,False,True
Arunachal Pradesh,Shi yomi,Child Vaccinations and Vitamin A Supplementation,55,Children age 12-23 months who received most of their vaccinations in a public health facility (%),100.0,,True,True
Arunachal Pradesh,Shi yomi,Child Vaccinations and Vitamin A Supplementation,56,Children age 12-23 months who received most of their vaccinations in a private health facility (%),0.0,,True,True
Arunachal Pradesh,Shi yomi,Treatment of Childhood Diseases (children under age 5 years),57,Prevalence of diarrhoea in the 2 weeks preceding the survey (%),0.4,,False,True
Arunachal Pradesh,Shi yomi,Treatment of Childhood Diseases (children under age 5 years),58,Prevalence of symptoms of acute respiratory infection (ARI) in the 2 weeks preceding the survey (%),0.8,,False,True
Arunachal Pradesh,Shi yomi,Treatment of Childhood Diseases (children under age 5 years),59,Children with fever or symptoms of ARI in the 2 weeks preceding the survey taken to a health facility or health provider (%),*,,True,True
Arunachal Pradesh,Shi yomi,Child Feeding Practices and Nutritional Status of Children,60,Children under age 3 years breastfed within one hour of birth9 (%),53.8,,False,True
Arunachal Pradesh,Shi yomi,Child Feeding Practices and Nutritional Status of Children,61,Children under age 6 months exclusively breastfed10 (%),62.2,,True,True
Arunachal Pradesh,Shi yomi,Child Feeding Practices and Nutritional Status of Children,62,Children under age 6 months currently breastfeeding10 (%),100.0,,True,True
Arunachal Pradesh,Shi yomi,Child Feeding Practices and Nutritional Status of Children,63,Children under age 6 months exclusively breastfed or breastfeeding and consuming plain water/other milk only10 (%),78.7,,True,True
Arunachal Pradesh,Shi yomi,Child Feeding Practices and Nutritional Status of Children,64,Children age 6-8 months receiving solid or semi-solid food and breastmilk10 (%),*,,True,True
Arunachal Pradesh,Shi yomi,Child Feeding Practices and Nutritional Status of Children,65,"Breastfeeding children age 6-23 months receiving an adequate diet10, 11 (%)",25.9,,True,True
Arunachal Pradesh,Shi yomi,Child Feeding Practices and Nutritional Status of Children,66,"Non-breastfeeding children age 6-23 months receiving an adequate diet 10, 11 (%)",*,,True,True
Arunachal Pradesh,Shi yomi,Child Feeding Practices and Nutritional Status of Children,67,"Total children age 6-23 months receiving an adequate diet10, 11 (%)",23.1,,True,True
Arunachal Pradesh,Shi yomi,Child Feeding Practices and Nutritional Status of Children,68,Children under 5 years who are stunted (height-for-age)12 (%),34.8,,False,True
Arunachal Pradesh,Shi yomi,Child Feeding Practices and Nutritional Status of Children,69,Children under 5 years who are wasted (weight-for-height)12 (%),7.6,,False,True
Arunachal Pradesh,Shi yomi,Child Feeding Practices and Nutritional Status of Children,70,Children under 5 years who are severely wasted (weight-for-height)13 (%),4.9,,False,True
Arunachal Pradesh,Shi yomi,Child Feeding Practices and Nutritional Status of Children,71,Children under 5 years who are underweight (weight-for-age)12 (%),11.4,,False,True
Arunachal Pradesh,Shi yomi,Child Feeding Practices and Nutritional Status of Children,72,Children under 5 years who are overweight (weight-for-height)14 (%),14.5,,False,True
Arunachal Pradesh,Shi yomi,Nutritional Status of Adults (age 15-49 years),73,Women whose Body Mass Index (BMI) is below normal (BMI <18.5 kg/m2)15 (%),8.6,,False,True
Arunachal Pradesh,Shi yomi,Nutritional Status of Adults (age 15-49 years),74,Women who are overweight or obese (BMI ≥25.0 kg/m2)15 (%),23.6,,False,True
Arunachal Pradesh,Shi yomi,Women,75,Blood sugar level - high (141-160 mg/dl)16 (%),6.3,,False,True
Arunachal Pradesh,Shi yomi,Women,76,Blood sugar level - very high (>160 mg/dl)16 (%),4.0,,False,True
Arunachal Pradesh,Shi yomi,Women,77,Blood sugar level - high or very high (>140 mg/dl) or taking medicine to control blood sugar level16 (%),10.7,,False,True
Arunachal Pradesh,Shi yomi,Men,78,Blood sugar level - high (141-160 mg/dl)16 (%),5.1,,False,True
Arunachal Pradesh,Shi yomi,Men,79,Blood sugar level - very high (>160 mg/dl)16 (%),2.7,,False,True
Arunachal Pradesh,Shi yomi,Men,80,Blood sugar level - high or very high (>140 mg/dl) or taking medicine to control blood sugar level 16 (%),7.9,,False,True
Arunachal Pradesh,Shi yomi,Women,81,Mildly elevated blood pressure (Systolic 140-159 mm of Hg and/or Diastolic 90-99 mm of Hg) (%),19.7,,False,True
Arunachal Pradesh,Shi yomi,Women,82,Moderately or severely elevated blood pressure (Systolic ≥160 mm of Hg and/or Diastolic ≥100 mm of Hg) (%),13.7,,False,True
Arunachal Pradesh,Shi yomi,Women,83,Elevated blood pressure (Systolic ≥140 mm of Hg and/or Diastolic ≥90 mm of Hg) or taking medicine to control blood pressure (%),34.8,,False,True
Arunachal Pradesh,Shi yomi,Men,84,Mildly elevated blood pressure (Systolic 140-159 mm of Hg and/or Diastolic 90-99 mm of Hg) (%),23.6,,False,True
Arunachal Pradesh,Shi yomi,Men,85,Moderately or severely elevated blood pressure (Systolic ≥160 mm of Hg and/or Diastolic ≥100 mm of Hg) (%),15.5,,False,True
Arunachal Pradesh,Shi yomi,Men,86,Elevated blood pressure (Systolic ≥140 mm of Hg and/or Diastolic ≥90 mm of Hg) or taking medicine to control blood pressure (%),40.4,,False,True
Arunachal Pradesh,Shi yomi,Men,87,Women having a bank or savings account that they themselves use (%),90.0,,False,True
Arunachal Pradesh,Shi yomi,Men,88,Women having a mobile phone that they themselves use (%),81.1,,False,True
Arunachal Pradesh,Shi yomi,Men,89,Women age 15-24 years who use hygienic methods of protection during their menstrual period17 (%),98.3,,False,True
Arunachal Pradesh,Shi yomi,Tobacco Use and Alcohol Consumption among Adults (age 15 years and above),90,Women age 15 years and above who use any kind of tobacco (%),16.4,,False,True
Arunachal Pradesh,Shi yomi,Tobacco Use and Alcohol Consumption among Adults (age 15 years and above),91,Men age 15 years and above who use any kind of tobacco (%),45.5,,False,True
Arunachal Pradesh,Shi yomi,Tobacco Use and Alcohol Consumption among Adults (age 15 years and above),92,Women age 15 years and above who consume alcohol (%),17.0,,False,True
Arunachal Pradesh,Shi yomi,Tobacco Use and Alcohol Consumption among Adults (age 15 years and above),93,Men age 15 years and above who consume alcohol (%),40.3,,False,True
Arunachal Pradesh,Siang,Population and Household Profile,1,Population below age 5 years (%),6.9,5.9,False,False
Arunachal Pradesh,Siang,Population and Household Profile,2,Population below age 15 years (%),19.9,21.8,False,False
Arunachal Pradesh,Siang,Population and Household Profile,3,Population age 60 years and above (%),16.6,10.1,False,False
Arunachal Pradesh,Siang,Population and Household Profile,4,Population living in households with electricity (%),93.9,99.6,False,False
Arunachal Pradesh,Siang,Population and Household Profile,5,Population living in households with an improved drinking-water source1 (%),98.7,96.3,False,False
Arunachal Pradesh,Siang,Population and Household Profile,6,Households using iodized salt (%),98.0,98.9,False,False
Arunachal Pradesh,Siang,Population and Household Profile,7,Households with any usual member covered under a health insurance/financing scheme (%),40.9,26.1,False,False
Arunachal Pradesh,Siang,Population and Household Profile,8,Households with any usual member having a bank account/post office account (%),95.5,93.9,False,False
Arunachal Pradesh,Siang,Population and Household Profile,9,Female population age 6 years and above who ever attended school (%),69.7,78.6,False,False
Arunachal Pradesh,Siang,Population and Household Profile,10,Households with any usual female members owning a house and/or land (alone or jointly with others) (%),14.3,20.7,False,False
Arunachal Pradesh,Siang,Population and Household Profile,11,Children age 2-4 years who attended pre-school (%),36.0,16.5,False,False
Arunachal Pradesh,Siang,Characteristics of Adults (age 15-49 years),12,Women with 10 or more years of schooling (%),45.5,50.6,False,False
Arunachal Pradesh,Siang,Characteristics of Adults (age 15-49 years),13,Men with 10 or more years of schooling (%),53.1,54.7,False,False
Arunachal Pradesh,Siang,Characteristics of Adults (age 15-49 years),14,Women who have ever used the internet (%),71.7,73.7,False,False
Arunachal Pradesh,Siang,Characteristics of Adults (age 15-49 years),15,Men who have ever used the internet (%),79.1,64.5,False,False
Arunachal Pradesh,Siang,Marriage and Fertility,16,Women age 20-24 years married before age 18 years (%),19.4,10.0,False,False
Arunachal Pradesh,Siang,Marriage and Fertility,17,Men age 25-29 years married before age 21 years (%),*,*,True,False
Arunachal Pradesh,Siang,Marriage and Fertility,18,Three or more births in the 5 years preceding the survey (%),2.8,1.8,False,False
Arunachal Pradesh,Siang,Marriage and Fertility,19,Women age 15-19 years who were already mothers or pregnant at the time of the survey (%),3.4,0.5,False,False
Arunachal Pradesh,Siang,Marriage and Fertility,20,Any method2 (%),73.6,73.7,False,False
Arunachal Pradesh,Siang,Marriage and Fertility,21,Any modern method2 (%),53.0,61.0,False,False
Arunachal Pradesh,Siang,Marriage and Fertility,22,Any traditional method (%),20.5,12.7,False,False
Arunachal Pradesh,Siang,Marriage and Fertility,23,Female sterilization (%),24.5,34.2,False,False
Arunachal Pradesh,Siang,Marriage and Fertility,24,Male sterilization (%),0.4,0.0,False,False
Arunachal Pradesh,Siang,Marriage and Fertility,25,Total unmet need3 (%),6.0,5.0,False,False
Arunachal Pradesh,Siang,Marriage and Fertility,26,Unmet need for spacing3 (%),4.8,2.4,False,False
Arunachal Pradesh,Siang,Marriage and Fertility,27,Unmet need for limiting3 (%),1.2,2.6,False,False
Arunachal Pradesh,Siang,Antenatal Care (for last birth in the 5 years before the survey),28,Mothers who had an antenatal check-up in the first trimester (%),64.8,50.8,False,False
Arunachal Pradesh,Siang,Antenatal Care (for last birth in the 5 years before the survey),29,Mothers who had any antenatal care visits (%),87.6,75.3,False,False
Arunachal Pradesh,Siang,Antenatal Care (for last birth in the 5 years before the survey),30,Mothers who had at least 4 antenatal care visits (%),42.4,31.1,False,False
Arunachal Pradesh,Siang,Antenatal Care (for last birth in the 5 years before the survey),31,Mothers whose last birth was protected against neonatal tetanus4 (%),86.5,78.7,False,False
Arunachal Pradesh,Siang,Antenatal Care (for last birth in the 5 years before the survey),32,Mothers who consumed iron folic acid for 100 days or more when they were pregnant (%),23.4,21.5,False,False
Arunachal Pradesh,Siang,Antenatal Care (for last birth in the 5 years before the survey),33,Mothers who consumed iron folic acid for 180 days or more when they were pregnant (%),19.8,5.7,False,False
Arunachal Pradesh,Siang,Antenatal Care (for last birth in the 5 years before the survey),34,Registered pregnancies for which the mother received a Mother and Child Protection (MCP) card (%),98.9,97.1,False,False
Arunachal Pradesh,Siang,Delivery Care (for births in the 5 years before the survey),35,Institutional births (%),86.1,81.1,False,False
Arunachal Pradesh,Siang,Delivery Care (for births in the 5 years before the survey),36,Institutional births in public facility (%),84.8,79.0,False,False
Arunachal Pradesh,Siang,Delivery Care (for births in the 5 years before the survey),37,Births attended by skilled health personnel5 (%),81.8,82.7,False,False
Arunachal Pradesh,Siang,Delivery Care (for births in the 5 years before the survey),38,Births delivered by caesarean section (%),13.8,5.8,False,False
Arunachal Pradesh,Siang,Delivery Care (for births in the 5 years before the survey),39,Births in a private health facility that were delivered by caesarean section (%),*,*,True,False
Arunachal Pradesh,Siang,Delivery Care (for births in the 5 years before the survey),40,Births in a public health facility that were delivered by caesarean section (%),16.2,6.3,False,False
Arunachal Pradesh,Siang,Postnatal Care (for last birth in the 5 years before the survey),41,Mothers who received postnatal care from a doctor/nurse/LHV/ANM/midwife/other health personnel within 2 days of delivery+ (%),68.8,56.0,False,False
Arunachal Pradesh,Siang,Postnatal Care (for last birth in the 5 years before the survey),42,Children born at home who were taken to a health facility for a check-up within 24 hours of birth (%),0.0,3.3,True,False
Arunachal Pradesh,Siang,Postnatal Care (for last birth in the 5 years before the survey),43,Children who received postnatal care from a doctor/nurse/LHV/ANM/midwife/other health personnel within 2 days of delivery+ (%),67.5,55.4,False,False
Arunachal Pradesh,Siang,Child Vaccinations and Vitamin A Supplementation,44,Children age 12-23 months fully vaccinated based on information from either vaccination card or mother's recall6 (%),75.6,60.3,True,False
Arunachal Pradesh,Siang,Child Vaccinations and Vitamin A Supplementation,45,Children age 12-23 months fully vaccinated based on information from vaccination card only7 (%),82.9,*,True,False
Arunachal Pradesh,Siang,Child Vaccinations and Vitamin A Supplementation,46,Children age 12-23 months who have received any vaccine (%),91.1,84.4,True,False
Arunachal Pradesh,Siang,Child Vaccinations and Vitamin A Supplementation,47,Children age 12-23 months who have received BCG (%),89.7,80.8,True,False
Arunachal Pradesh,Siang,Child Vaccinations and Vitamin A Supplementation,48,Children age 12-23 months who have received 3 doses of polio vaccine8 (%),82.0,60.3,True,False
Arunachal Pradesh,Siang,Child Vaccinations and Vitamin A Supplementation,49,Children age 12-23 months who have received 3 doses of pentavalent vaccine (%),82.1,81.1,True,False
Arunachal Pradesh,Siang,Child Vaccinations and Vitamin A Supplementation,50,Children age 12-23 months who have received the first dose of measles-containing vaccine (MCV) (%),85.0,77.5,True,False
Arunachal Pradesh,Siang,Child Vaccinations and Vitamin A Supplementation,51,Children age 24-35 months who have received a second dose of measles-containing vaccine (MCV) (%),48.8,54.1,True,False
Arunachal Pradesh,Siang,Child Vaccinations and Vitamin A Supplementation,52,Children age 12-23 months who have received birth dose of hepatitis B vaccine (%),78.5,47.1,True,False
Arunachal Pradesh,Siang,Child Vaccinations and Vitamin A Supplementation,53,Children age 12-23 months who have received 3 doses of rotavirus vaccine (%),82.1,42.7,True,False
Arunachal Pradesh,Siang,Child Vaccinations and Vitamin A Supplementation,54,Children age 9-35 months who received a vitamin A dose in the last 6 months (%),82.9,68.1,False,False
Arunachal Pradesh,Siang,Child Vaccinations and Vitamin A Supplementation,55,Children age 12-23 months who received most of their vaccinations in a public health facility (%),100.0,*,True,False
Arunachal Pradesh,Siang,Child Vaccinations and Vitamin A Supplementation,56,Children age 12-23 months who received most of their vaccinations in a private health facility (%),0.0,*,True,False
Arunachal Pradesh,Siang,Treatment of Childhood Diseases (children under age 5 years),57,Prevalence of diarrhoea in the 2 weeks preceding the survey (%),5.1,2.7,False,False
Arunachal Pradesh,Siang,Treatment of Childhood Diseases (children under age 5 years),58,Prevalence of symptoms of acute respiratory infection (ARI) in the 2 weeks preceding the survey (%),0.0,0.9,False,False
Arunachal Pradesh,Siang,Treatment of Childhood Diseases (children under age 5 years),59,Children with fever or symptoms of ARI in the 2 weeks preceding the survey taken to a health facility or health provider (%),*,*,True,False
Arunachal Pradesh,Siang,Child Feeding Practices and Nutritional Status of Children,60,Children under age 3 years breastfed within one hour of birth9 (%),49.7,51.4,False,False
Arunachal Pradesh,Siang,Child Feeding Practices and Nutritional Status of Children,61,Children under age 6 months exclusively breastfed10 (%),*,*,True,False
Arunachal Pradesh,Siang,Child Feeding Practices and Nutritional Status of Children,62,Children under age 6 months currently breastfeeding10 (%),*,*,True,False
Arunachal Pradesh,Siang,Child Feeding Practices and Nutritional Status of Children,63,Children under age 6 months exclusively breastfed or breastfeeding and consuming plain water/other milk only10 (%),*,*,True,False
Arunachal Pradesh,Siang,Child Feeding Practices and Nutritional Status of Children,64,Children age 6-8 months receiving solid or semi-solid food and breastmilk10 (%),*,*,True,False
Arunachal Pradesh,Siang,Child Feeding Practices and Nutritional Status of Children,65,"Breastfeeding children age 6-23 months receiving an adequate diet10, 11 (%)",13.9,19.1,True,False
Arunachal Pradesh,Siang,Child Feeding Practices and Nutritional Status of Children,66,"Non-breastfeeding children age 6-23 months receiving an adequate diet10, 11 (%)",*,*,True,False
Arunachal Pradesh,Siang,Child Feeding Practices and Nutritional Status of Children,67,"Total children age 6-23 months receiving an adequate diet10, 11 (%)",12.7,17.3,False,False
Arunachal Pradesh,Siang,Child Feeding Practices and Nutritional Status of Children,68,Children under 5 years who are stunted (height-for-age)12 (%),18.6,21.3,False,False
Arunachal Pradesh,Siang,Child Feeding Practices and Nutritional Status of Children,69,Children under 5 years who are wasted (weight-for-height)12 (%),13.6,12.1,False,False
Arunachal Pradesh,Siang,Child Feeding Practices and Nutritional Status of Children,70,Children under 5 years who are severely wasted (weight-for-height)13 (%),6.1,7.0,False,False
Arunachal Pradesh,Siang,Child Feeding Practices and Nutritional Status of Children,71,Children under 5 years who are underweight (weight-for-age)12 (%),16.2,8.8,False,False
Arunachal Pradesh,Siang,Child Feeding Practices and Nutritional Status of Children,72,Children under 5 years who are overweight (weight-for-height)14 (%),4.4,13.0,False,False
Arunachal Pradesh,Siang,Nutritional Status of Adults (age 15-49 years),73,Women whose Body Mass Index (BMI) is below normal (BMI <18.5 kg/m2)15 (%),4.9,6.5,False,False
Arunachal Pradesh,Siang,Nutritional Status of Adults (age 15-49 years),74,Women who are overweight or obese (BMI ≥25.0 kg/m2)15 (%),29.3,15.8,False,False
Arunachal Pradesh,Siang,Women,75,Blood sugar level - high (141-160 mg/dl)16 (%),7.5,5.2,False,False
Arunachal Pradesh,Siang,Women,76,Blood sugar level - very high (>160 mg/dl)16 (%),6.8,2.5,False,False
Arunachal Pradesh,Siang,Women,77,Blood sugar level - high or very high (>140 mg/dl) or taking medicine to control blood sugar level16 (%),14.3,8.0,False,False
Arunachal Pradesh,Siang,Men,78,Blood sugar level - high (141-160 mg/dl)16 (%),7.4,4.3,False,False
Arunachal Pradesh,Siang,Men,79,Blood sugar level - very high (>160 mg/dl)16 (%),6.4,4.4,False,False
Arunachal Pradesh,Siang,Men,80,Blood sugar level - high or very high (>140 mg/dl) or taking medicine to control blood sugar level16 (%),13.9,9.4,False,False
Arunachal Pradesh,Siang,Women,81,Mildly elevated blood pressure (Systolic 140-159 mm of Hg and/or Diastolic 90-99 mm of Hg) (%),14.5,14.9,False,False
Arunachal Pradesh,Siang,Women,82,Moderately or severely elevated blood pressure (Systolic ≥160 mm of Hg and/or Diastolic ≥100 mm of Hg) (%),8.0,8.7,False,False
Arunachal Pradesh,Siang,Women,83,Elevated blood pressure (Systolic ≥140 mm of Hg and/or Diastolic ≥90 mm of Hg) or taking medicine to control blood pressure (%),23.5,24.4,False,False
Arunachal Pradesh,Siang,Men,84,Mildly elevated blood pressure (Systolic 140-159 mm of Hg and/or Diastolic 90-99 mm of Hg) (%),20.6,20.5,False,False
Arunachal Pradesh,Siang,Men,85,Moderately or severely elevated blood pressure (Systolic ≥160 mm of Hg and/or Diastolic ≥100 mm of Hg) (%),10.2,10.1,False,False
Arunachal Pradesh,Siang,Men,86,Elevated blood pressure (Systolic ≥140 mm of Hg and/or Diastolic ≥90 mm of Hg) or taking medicine to control blood pressure (%),31.6,31.5,False,False
Arunachal Pradesh,Siang,Men,87,Women having a bank or savings account that they themselves use (%),94.6,90.7,False,False
Arunachal Pradesh,Siang,Men,88,Women having a mobile phone that they themselves use (%),89.2,89.4,False,False
Arunachal Pradesh,Siang,Men,89,Women age 15-24 years who use hygienic methods of protection during their menstrual period17 (%),98.9,98.1,False,False
Arunachal Pradesh,Siang,Tobacco Use and Alcohol Consumption among Adults (age 15 years and above),90,Women age 15 years and above who use any kind of tobacco (%),36.5,19.6,False,False
Arunachal Pradesh,Siang,Tobacco Use and Alcohol Consumption among Adults (age 15 years and above),91,Men age 15 years and above who use any kind of tobacco (%),67.5,55.5,False,False
Arunachal Pradesh,Siang,Tobacco Use and Alcohol Consumption among Adults (age 15 years and above),92,Women age 15 years and above who consume alcohol (%),26.8,27.3,False,False
Arunachal Pradesh,Siang,Tobacco Use and Alcohol Consumption among Adults (age 15 years and above),93,Men age 15 years and above who consume alcohol (%),61.1,60.6,False,False
Arunachal Pradesh,Tawang,Population and Household Profile,1,Population below age 5 years (%),7.4,9.0,False,False
Arunachal Pradesh,Tawang,Population and Household Profile,2,Population below age 15 years (%),19.1,27.3,False,False
Arunachal Pradesh,Tawang,Population and Household Profile,3,Population age 60 years and above (%),10.8,8.3,False,False
Arunachal Pradesh,Tawang,Population and Household Profile,4,Population living in households with electricity (%),99.6,99.7,False,False
Arunachal Pradesh,Tawang,Population and Household Profile,5,Population living in households with an improved drinking-water source1 (%),100.0,99.8,False,False
Arunachal Pradesh,Tawang,Population and Household Profile,6,Households using iodized salt (%),99.9,99.9,False,False
Arunachal Pradesh,Tawang,Population and Household Profile,7,Households with any usual member covered under a health insurance/financing scheme (%),71.5,33.5,False,False
Arunachal Pradesh,Tawang,Population and Household Profile,8,Households with any usual member having a bank account/post office account (%),98.5,91.8,False,False
Arunachal Pradesh,Tawang,Population and Household Profile,9,Female population age 6 years and above who ever attended school (%),68.7,59.3,False,False
Arunachal Pradesh,Tawang,Population and Household Profile,10,Households with any usual female members owning a house and/or land (alone or jointly with others) (%),16.3,19.6,False,False
Arunachal Pradesh,Tawang,Population and Household Profile,11,Children age 2-4 years who attended pre-school (%),23.2,5.9,False,False
Arunachal Pradesh,Tawang,Characteristics of Adults (age 15-49 years),12,Women with 10 or more years of schooling (%),56.5,39.2,False,False
Arunachal Pradesh,Tawang,Characteristics of Adults (age 15-49 years),13,Men with 10 or more years of schooling (%),66.5,50.7,False,False
Arunachal Pradesh,Tawang,Characteristics of Adults (age 15-49 years),14,Women who have ever used the internet (%),88.0,61.7,False,False
Arunachal Pradesh,Tawang,Characteristics of Adults (age 15-49 years),15,Men who have ever used the internet (%),60.9,87.4,False,False
Arunachal Pradesh,Tawang,Marriage and Fertility,16,Women age 20-24 years married before age 18 years (%),17.3,11.9,False,False
Arunachal Pradesh,Tawang,Marriage and Fertility,17,Men age 25-29 years married before age 21 years (%),*,*,True,False
Arunachal Pradesh,Tawang,Marriage and Fertility,18,Three or more births in the 5 years preceding the survey (%),0.0,0.8,False,False
Arunachal Pradesh,Tawang,Marriage and Fertility,19,Women age 15-19 years who were already mothers or pregnant at the time of the survey (%),5.4,1.4,True,False
Arunachal Pradesh,Tawang,Marriage and Fertility,20,Any method2 (%),70.2,62.1,False,False
Arunachal Pradesh,Tawang,Marriage and Fertility,21,Any modern method2 (%),48.5,56.3,False,False
Arunachal Pradesh,Tawang,Marriage and Fertility,22,Any traditional method (%),21.7,5.8,False,False
Arunachal Pradesh,Tawang,Marriage and Fertility,23,Female sterilization (%),10.5,9.1,False,False
Arunachal Pradesh,Tawang,Marriage and Fertility,24,Male sterilization (%),0.0,0.0,False,False
Arunachal Pradesh,Tawang,Marriage and Fertility,25,Total unmet need3 (%),5.5,14.6,False,False
Arunachal Pradesh,Tawang,Marriage and Fertility,26,Unmet need for spacing3 (%),4.5,11.7,False,False
Arunachal Pradesh,Tawang,Marriage and Fertility,27,Unmet need for limiting3 (%),1.0,2.9,False,False
Arunachal Pradesh,Tawang,Antenatal Care (for last birth in the 5 years before the survey),28,Mothers who had an antenatal check-up in the first trimester (%),57.6,79.9,False,False
Arunachal Pradesh,Tawang,Antenatal Care (for last birth in the 5 years before the survey),29,Mothers who had any antenatal care visits (%),80.2,87.6,False,False
Arunachal Pradesh,Tawang,Antenatal Care (for last birth in the 5 years before the survey),30,Mothers who had at least 4 antenatal care visits (%),38.6,37.6,False,False
Arunachal Pradesh,Tawang,Antenatal Care (for last birth in the 5 years before the survey),31,Mothers whose last birth was protected against neonatal tetanus 4 (%),84.4,85.3,False,False
Arunachal Pradesh,Tawang,Antenatal Care (for last birth in the 5 years before the survey),32,Mothers who consumed iron folic acid for 100 days or more when they were pregnant (%),43.7,28.2,False,False
Arunachal Pradesh,Tawang,Antenatal Care (for last birth in the 5 years before the survey),33,Mothers who consumed iron folic acid for 180 days or more when they were pregnant (%),32.1,14.6,False,False
Arunachal Pradesh,Tawang,Antenatal Care (for last birth in the 5 years before the survey),34,Registered pregnancies for which the mother received a Mother and Child Protection (MCP) card (%),88.9,99.6,False,False
Arunachal Pradesh,Tawang,Delivery Care (for births in the 5 years before the survey),35,Institutional births (%),89.9,84.2,False,False
Arunachal Pradesh,Tawang,Delivery Care (for births in the 5 years before the survey),36,Institutional births in public facility (%),88.4,83.8,False,False
Arunachal Pradesh,Tawang,Delivery Care (for births in the 5 years before the survey),37,Births attended by skilled health personnel5 (%),78.0,89.9,False,False
Arunachal Pradesh,Tawang,Delivery Care (for births in the 5 years before the survey),38,Births delivered by caesarean section (%),14.5,17.3,False,False
Arunachal Pradesh,Tawang,Delivery Care (for births in the 5 years before the survey),39,Births in a private health facility that were delivered by caesarean section (%),*,*,True,False
Arunachal Pradesh,Tawang,Delivery Care (for births in the 5 years before the survey),40,Births in a public health facility that were delivered by caesarean section (%),15.9,20.2,False,False
Arunachal Pradesh,Tawang,Postnatal Care (for last birth in the 5 years before the survey),41,Mothers who received postnatal care from a doctor/nurse/LHV/ANM/midwife/other health personnel within 2 days of delivery+ (%),72.5,49.6,False,False
Arunachal Pradesh,Tawang,Postnatal Care (for last birth in the 5 years before the survey),42,Children born at home who were taken to a health facility for a check-up within 24 hours of birth (%),*,0.0,True,False
Arunachal Pradesh,Tawang,Postnatal Care (for last birth in the 5 years before the survey),43,Children who received postnatal care from a doctor/nurse/LHV/ANM/midwife/other health personnel within 2 days of delivery+ (%),71.3,48.8,False,False
Arunachal Pradesh,Tawang,Child Vaccinations and Vitamin A Supplementation,44,Children age 12-23 months fully vaccinated based on information from either vaccination card or mother's recall6 (%),85.7,67.5,True,False
Arunachal Pradesh,Tawang,Child Vaccinations and Vitamin A Supplementation,45,Children age 12-23 months fully vaccinated based on information from vaccination card only 7 (%),85.7,76.8,True,False
Arunachal Pradesh,Tawang,Child Vaccinations and Vitamin A Supplementation,46,Children age 12-23 months who have received any vaccine (%),100.0,95.0,True,False
Arunachal Pradesh,Tawang,Child Vaccinations and Vitamin A Supplementation,47,Children age 12-23 months who have received BCG (%),100.0,93.1,True,False
Arunachal Pradesh,Tawang,Child Vaccinations and Vitamin A Supplementation,48,Children age 12-23 months who have received 3 doses of polio vaccine8 (%),85.7,69.3,True,False
Arunachal Pradesh,Tawang,Child Vaccinations and Vitamin A Supplementation,49,Children age 12-23 months who have received 3 doses of pentavalent vaccine (%),100.0,81.9,True,False
Arunachal Pradesh,Tawang,Child Vaccinations and Vitamin A Supplementation,50,Children age 12-23 months who have received the first dose of measles-containing vaccine (MCV) (%),100.0,90.8,True,False
Arunachal Pradesh,Tawang,Child Vaccinations and Vitamin A Supplementation,51,Children age 24-35 months who have received a second dose of measles-containing vaccine (MCV) (%),83.7,44.4,True,False
Arunachal Pradesh,Tawang,Child Vaccinations and Vitamin A Supplementation,52,Children age 12-23 months who have received birth dose of hepatitis B vaccine (%),90.8,66.1,True,False
Arunachal Pradesh,Tawang,Child Vaccinations and Vitamin A Supplementation,53,Children age 12-23 months who have received 3 doses of rotavirus vaccine (%),95.2,28.7,True,False
Arunachal Pradesh,Tawang,Child Vaccinations and Vitamin A Supplementation,54,Children age 9-35 months who received a vitamin A dose in the last 6 months (%),68.2,84.4,False,False
Arunachal Pradesh,Tawang,Child Vaccinations and Vitamin A Supplementation,55,Children age 12-23 months who received most of their vaccinations in a public health facility (%),100.0,100.0,True,False
Arunachal Pradesh,Tawang,Child Vaccinations and Vitamin A Supplementation,56,Children age 12-23 months who received most of their vaccinations in a private health facility (%),0.0,0.0,True,False
Arunachal Pradesh,Tawang,Treatment of Childhood Diseases (children under age 5 years),57,Prevalence of diarrhoea in the 2 weeks preceding the survey (%),4.7,14.8,False,False
Arunachal Pradesh,Tawang,Treatment of Childhood Diseases (children under age 5 years),58,Prevalence of symptoms of acute respiratory infection (ARI) in the 2 weeks preceding the survey (%),0.5,6.2,False,False
Arunachal Pradesh,Tawang,Treatment of Childhood Diseases (children under age 5 years),59,Children with fever or symptoms of ARI in the 2 weeks preceding the survey taken to a health facility or health provider (%),*,57.5,True,False
Arunachal Pradesh,Tawang,Child Feeding Practices and Nutritional Status of Children,60,Children under age 3 years breastfed within one hour of birth 9 (%),58.6,60.6,False,False
Arunachal Pradesh,Tawang,Child Feeding Practices and Nutritional Status of Children,61,Children under age 6 months exclusively breastfed10 (%),27.1,*,True,False
Arunachal Pradesh,Tawang,Child Feeding Practices and Nutritional Status of Children,62,Children under age 6 months currently breastfeeding10 (%),100.0,*,True,False
Arunachal Pradesh,Tawang,Child Feeding Practices and Nutritional Status of Children,63,Children under age 6 months exclusively breastfed or breastfeeding and consuming plain water/other milk only10 (%),34.2,*,True,False
Arunachal Pradesh,Tawang,Child Feeding Practices and Nutritional Status of Children,64,Children age 6-8 months receiving solid or semi-solid food and breastmilk10 (%),*,*,True,False
Arunachal Pradesh,Tawang,Child Feeding Practices and Nutritional Status of Children,65,"Breastfeeding children age 6-23 months receiving an adequate diet10, 11 (%)",16.2,20.4,True,False
Arunachal Pradesh,Tawang,Child Feeding Practices and Nutritional Status of Children,66,"Non-breastfeeding children age 6-23 months receiving an adequate diet 10, 11 (%)",*,*,True,False
Arunachal Pradesh,Tawang,Child Feeding Practices and Nutritional Status of Children,67,"Total children age 6-23 months receiving an adequate diet10, 11 (%)",15.0,18.8,True,False
Arunachal Pradesh,Tawang,Child Feeding Practices and Nutritional Status of Children,68,Children under 5 years who are stunted (height-for-age)12 (%),17.9,30.4,False,False
Arunachal Pradesh,Tawang,Child Feeding Practices and Nutritional Status of Children,69,Children under 5 years who are wasted (weight-for-height)12 (%),30.3,7.1,False,False
Arunachal Pradesh,Tawang,Child Feeding Practices and Nutritional Status of Children,70,Children under 5 years who are severely wasted (weight-for-height)13 (%),15.6,1.9,False,False
Arunachal Pradesh,Tawang,Child Feeding Practices and Nutritional Status of Children,71,Children under 5 years who are underweight (weight-for-age)12 (%),20.6,9.0,False,False
Arunachal Pradesh,Tawang,Child Feeding Practices and Nutritional Status of Children,72,Children under 5 years who are overweight (weight-for-height)14 (%),9.2,21.1,False,False
Arunachal Pradesh,Tawang,Nutritional Status of Adults (age 15-49 years),73,Women whose Body Mass Index (BMI) is below normal (BMI <18.5 kg/m 2)15 (%),3.8,1.2,False,False
Arunachal Pradesh,Tawang,Nutritional Status of Adults (age 15-49 years),74,Women who are overweight or obese (BMI ≥25.0 kg/m2)15 (%),35.4,35.4,False,False
Arunachal Pradesh,Tawang,Women,75,Blood sugar level - high (141-160 mg/dl)16 (%),2.6,3.1,False,False
Arunachal Pradesh,Tawang,Women,76,Blood sugar level - very high (>160 mg/dl)16 (%),1.2,0.7,False,False
Arunachal Pradesh,Tawang,Women,77,Blood sugar level - high or very high (>140 mg/dl) or taking medicine to control blood sugar level16 (%),4.1,4.5,False,False
Arunachal Pradesh,Tawang,Men,78,Blood sugar level - high (141-160 mg/dl)16 (%),2.8,5.5,False,False
Arunachal Pradesh,Tawang,Men,79,Blood sugar level - very high (>160 mg/dl)16 (%),2.7,1.6,False,False
Arunachal Pradesh,Tawang,Men,80,Blood sugar level - high or very high (>140 mg/dl) or taking medicine to control blood sugar level 16 (%),5.7,8.5,False,False
Arunachal Pradesh,Tawang,Women,81,Mildly elevated blood pressure (Systolic 140-159 mm of Hg and/or Diastolic 90-99 mm of Hg) (%),22.3,17.4,False,False
Arunachal Pradesh,Tawang,Women,82,Moderately or severely elevated blood pressure (Systolic ≥160 mm of Hg and/or Diastolic ≥100 mm of Hg) (%),11.3,11.7,False,False
Arunachal Pradesh,Tawang,Women,83,Elevated blood pressure (Systolic ≥140 mm of Hg and/or Diastolic ≥90 mm of Hg) or taking medicine to control blood pressure (%),34.1,30.3,False,False
Arunachal Pradesh,Tawang,Men,84,Mildly elevated blood pressure (Systolic 140-159 mm of Hg and/or Diastolic 90-99 mm of Hg) (%),28.7,25.7,False,False
Arunachal Pradesh,Tawang,Men,85,Moderately or severely elevated blood pressure (Systolic ≥160 mm of Hg and/or Diastolic ≥100 mm of Hg) (%),10.0,9.2,False,False
Arunachal Pradesh,Tawang,Men,86,Elevated blood pressure (Systolic ≥140 mm of Hg and/or Diastolic ≥90 mm of Hg) or taking medicine to control blood pressure (%),39.1,36.4,False,False
Arunachal Pradesh,Tawang,Men,87,Women having a bank or savings account that they themselves use (%),95.8,77.9,False,False
Arunachal Pradesh,Tawang,Men,88,Women having a mobile phone that they themselves use (%),97.4,80.1,False,False
Arunachal Pradesh,Tawang,Men,89,Women age 15-24 years who use hygienic methods of protection during their menstrual period17 (%),94.7,88.4,False,False
Arunachal Pradesh,Tawang,Tobacco Use and Alcohol Consumption among Adults (age 15 years and above),90,Women age 15 years and above who use any kind of tobacco (%),8.6,5.1,False,False
Arunachal Pradesh,Tawang,Tobacco Use and Alcohol Consumption among Adults (age 15 years and above),91,Men age 15 years and above who use any kind of tobacco (%),32.0,24.0,False,False
Arunachal Pradesh,Tawang,Tobacco Use and Alcohol Consumption among Adults (age 15 years and above),92,Women age 15 years and above who consume alcohol (%),17.6,23.4,False,False
Arunachal Pradesh,Tawang,Tobacco Use and Alcohol Consumption among Adults (age 15 years and above),93,Men age 15 years and above who consume alcohol (%),41.1,43.2,False,False
Arunachal Pradesh,Tirap,Population and Household Profile,1,Population below age 5 years (%),2.9,8.5,False,False
Arunachal Pradesh,Tirap,Population and Household Profile,2,Population below age 15 years (%),14.8,26.8,False,False
Arunachal Pradesh,Tirap,Population and Household Profile,3,Population age 60 years and above (%),9.8,9.5,False,False
Arunachal Pradesh,Tirap,Population and Household Profile,4,Population living in households with electricity (%),99.6,98.8,False,False
Arunachal Pradesh,Tirap,Population and Household Profile,5,Population living in households with an improved drinking-water source1 (%),89.3,93.8,False,False
Arunachal Pradesh,Tirap,Population and Household Profile,6,Households using iodized salt (%),99.8,98.3,False,False
Arunachal Pradesh,Tirap,Population and Household Profile,7,Households with any usual member covered under a health insurance/financing scheme (%),63.0,30.8,False,False
Arunachal Pradesh,Tirap,Population and Household Profile,8,Households with any usual member having a bank account/post office account (%),97.3,91.5,False,False
Arunachal Pradesh,Tirap,Population and Household Profile,9,Female population age 6 years and above who ever attended school (%),48.7,69.0,False,False
Arunachal Pradesh,Tirap,Population and Household Profile,10,Households with any usual female members owning a house and/or land (alone or jointly with others) (%),8.5,12.7,False,False
Arunachal Pradesh,Tirap,Population and Household Profile,11,Children age 2-4 years who attended pre-school (%),31.1,26.0,False,False
Arunachal Pradesh,Tirap,Characteristics of Adults (age 15-49 years),12,Women with 10 or more years of schooling (%),53.2,40.2,False,False
Arunachal Pradesh,Tirap,Characteristics of Adults (age 15-49 years),13,Men with 10 or more years of schooling (%),69.4,54.2,False,False
Arunachal Pradesh,Tirap,Characteristics of Adults (age 15-49 years),14,Women who have ever used the internet (%),68.7,63.0,False,False
Arunachal Pradesh,Tirap,Characteristics of Adults (age 15-49 years),15,Men who have ever used the internet (%),91.9,74.8,False,False
Arunachal Pradesh,Tirap,Marriage and Fertility,16,Women age 20-24 years married before age 18 years (%),5.5,12.0,False,False
Arunachal Pradesh,Tirap,Marriage and Fertility,17,Men age 25-29 years married before age 21 years (%),*,*,True,False
Arunachal Pradesh,Tirap,Marriage and Fertility,18,Three or more births in the 5 years preceding the survey (%),0.0,0.9,False,False
Arunachal Pradesh,Tirap,Marriage and Fertility,19,Women age 15-19 years who were already mothers or pregnant at the time of the survey (%),0.0,4.0,False,False
Arunachal Pradesh,Tirap,Marriage and Fertility,20,Any method2 (%),58.5,56.1,False,False
Arunachal Pradesh,Tirap,Marriage and Fertility,21,Any modern method2 (%),48.6,39.4,False,False
Arunachal Pradesh,Tirap,Marriage and Fertility,22,Any traditional method (%),9.9,16.7,False,False
Arunachal Pradesh,Tirap,Marriage and Fertility,23,Female sterilization (%),26.2,17.1,False,False
Arunachal Pradesh,Tirap,Marriage and Fertility,24,Male sterilization (%),0.0,0.0,False,False
Arunachal Pradesh,Tirap,Marriage and Fertility,25,Total unmet need3 (%),4.6,10.6,False,False
Arunachal Pradesh,Tirap,Marriage and Fertility,26,Unmet need for spacing3 (%),4.1,8.0,False,False
Arunachal Pradesh,Tirap,Marriage and Fertility,27,Unmet need for limiting3 (%),0.5,2.6,False,False
Arunachal Pradesh,Tirap,Antenatal Care (for last birth in the 5 years before the survey),28,Mothers who had an antenatal check-up in the first trimester (%),53.8,59.3,False,False
Arunachal Pradesh,Tirap,Antenatal Care (for last birth in the 5 years before the survey),29,Mothers who had any antenatal care visits (%),79.2,83.6,False,False
Arunachal Pradesh,Tirap,Antenatal Care (for last birth in the 5 years before the survey),30,Mothers who had at least 4 antenatal care visits (%),46.8,35.7,False,False
Arunachal Pradesh,Tirap,Antenatal Care (for last birth in the 5 years before the survey),31,Mothers whose last birth was protected against neonatal tetanus 4 (%),76.5,73.9,False,False
Arunachal Pradesh,Tirap,Antenatal Care (for last birth in the 5 years before the survey),32,Mothers who consumed iron folic acid for 100 days or more when they were pregnant (%),52.6,27.4,False,False
Arunachal Pradesh,Tirap,Antenatal Care (for last birth in the 5 years before the survey),33,Mothers who consumed iron folic acid for 180 days or more when they were pregnant (%),43.0,14.5,False,False
Arunachal Pradesh,Tirap,Antenatal Care (for last birth in the 5 years before the survey),34,Registered pregnancies for which the mother received a Mother and Child Protection (MCP) card (%),94.7,97.6,False,False
Arunachal Pradesh,Tirap,Delivery Care (for births in the 5 years before the survey),35,Institutional births (%),72.7,70.2,False,False
Arunachal Pradesh,Tirap,Delivery Care (for births in the 5 years before the survey),36,Institutional births in public facility (%),64.3,62.8,False,False
Arunachal Pradesh,Tirap,Delivery Care (for births in the 5 years before the survey),37,Births attended by skilled health personnel5 (%),80.3,73.9,False,False
Arunachal Pradesh,Tirap,Delivery Care (for births in the 5 years before the survey),38,Births delivered by caesarean section (%),13.2,22.2,False,False
Arunachal Pradesh,Tirap,Delivery Care (for births in the 5 years before the survey),39,Births in a private health facility that were delivered by caesarean section (%),*,*,True,False
Arunachal Pradesh,Tirap,Delivery Care (for births in the 5 years before the survey),40,Births in a public health facility that were delivered by caesarean section (%),9.6,27.0,True,False
Arunachal Pradesh,Tirap,Postnatal Care (for last birth in the 5 years before the survey),41,Mothers who received postnatal care from a doctor/nurse/LHV/ANM/midwife/other health personnel within 2 days of delivery+ (%),42.0,49.8,False,False
Arunachal Pradesh,Tirap,Postnatal Care (for last birth in the 5 years before the survey),42,Children born at home who were taken to a health facility for a check-up within 24 hours of birth (%),*,3.6,True,False
Arunachal Pradesh,Tirap,Postnatal Care (for last birth in the 5 years before the survey),43,Children who received postnatal care from a doctor/nurse/LHV/ANM/midwife/other health personnel within 2 days of delivery+ (%),48.7,51.6,False,False
Arunachal Pradesh,Tirap,Child Vaccinations and Vitamin A Supplementation,44,Children age 12-23 months fully vaccinated based on information from either vaccination card or mother's recall6 (%),*,66.3,True,False
Arunachal Pradesh,Tirap,Child Vaccinations and Vitamin A Supplementation,45,Children age 12-23 months fully vaccinated based on information from vaccination card only 7 (%),*,71.2,True,False
Arunachal Pradesh,Tirap,Child Vaccinations and Vitamin A Supplementation,46,Children age 12-23 months who have received any vaccine (%),*,92.3,True,False
Arunachal Pradesh,Tirap,Child Vaccinations and Vitamin A Supplementation,47,Children age 12-23 months who have received BCG (%),*,82.8,True,False
Arunachal Pradesh,Tirap,Child Vaccinations and Vitamin A Supplementation,48,Children age 12-23 months who have received 3 doses of polio vaccine8 (%),*,72.1,True,False
Arunachal Pradesh,Tirap,Child Vaccinations and Vitamin A Supplementation,49,Children age 12-23 months who have received 3 doses of pentavalent vaccine (%),*,77.4,True,False
Arunachal Pradesh,Tirap,Child Vaccinations and Vitamin A Supplementation,50,Children age 12-23 months who have received the first dose of measles-containing vaccine (MCV) (%),*,77.9,True,False
Arunachal Pradesh,Tirap,Child Vaccinations and Vitamin A Supplementation,51,Children age 24-35 months who have received a second dose of measles-containing vaccine (MCV) (%),*,61.1,True,False
Arunachal Pradesh,Tirap,Child Vaccinations and Vitamin A Supplementation,52,Children age 12-23 months who have received birth dose of hepatitis B vaccine (%),*,52.9,True,False
Arunachal Pradesh,Tirap,Child Vaccinations and Vitamin A Supplementation,53,Children age 12-23 months who have received 3 doses of rotavirus vaccine (%),*,37.5,True,False
Arunachal Pradesh,Tirap,Child Vaccinations and Vitamin A Supplementation,54,Children age 9-35 months who received a vitamin A dose in the last 6 months (%),66.2,72.8,True,False
Arunachal Pradesh,Tirap,Child Vaccinations and Vitamin A Supplementation,55,Children age 12-23 months who received most of their vaccinations in a public health facility (%),*,96.1,True,False
Arunachal Pradesh,Tirap,Child Vaccinations and Vitamin A Supplementation,56,Children age 12-23 months who received most of their vaccinations in a private health facility (%),*,3.9,True,False
Arunachal Pradesh,Tirap,Treatment of Childhood Diseases (children under age 5 years),57,Prevalence of diarrhoea in the 2 weeks preceding the survey (%),2.9,7.6,False,False
Arunachal Pradesh,Tirap,Treatment of Childhood Diseases (children under age 5 years),58,Prevalence of symptoms of acute respiratory infection (ARI) in the 2 weeks preceding the survey (%),0.0,3.3,False,False
Arunachal Pradesh,Tirap,Treatment of Childhood Diseases (children under age 5 years),59,Children with fever or symptoms of ARI in the 2 weeks preceding the survey taken to a health facility or health provider (%),*,*,True,False
Arunachal Pradesh,Tirap,Child Feeding Practices and Nutritional Status of Children,60,Children under age 3 years breastfed within one hour of birth9 (%),43.3,72.0,True,False
Arunachal Pradesh,Tirap,Child Feeding Practices and Nutritional Status of Children,61,Children under age 6 months exclusively breastfed10 (%),*,49.3,True,False
Arunachal Pradesh,Tirap,Child Feeding Practices and Nutritional Status of Children,62,Children under age 6 months currently breastfeeding10 (%),*,81.6,True,False
Arunachal Pradesh,Tirap,Child Feeding Practices and Nutritional Status of Children,63,Children under age 6 months exclusively breastfed or breastfeeding and consuming plain water/other milk only10 (%),*,67.5,True,False
Arunachal Pradesh,Tirap,Child Feeding Practices and Nutritional Status of Children,64,Children age 6-8 months receiving solid or semi-solid food and breastmilk10 (%),*,*,True,False
Arunachal Pradesh,Tirap,Child Feeding Practices and Nutritional Status of Children,65,"Breastfeeding children age 6-23 months receiving an adequate diet10, 11 (%)",*,16.7,True,False
Arunachal Pradesh,Tirap,Child Feeding Practices and Nutritional Status of Children,66,"Non-breastfeeding children age 6-23 months receiving an adequate diet 10, 11 (%)",*,*,True,False
Arunachal Pradesh,Tirap,Child Feeding Practices and Nutritional Status of Children,67,"Total children age 6-23 months receiving an adequate diet10, 11 (%)",*,16.8,True,False
Arunachal Pradesh,Tirap,Child Feeding Practices and Nutritional Status of Children,68,Children under 5 years who are stunted (height-for-age)12 (%),17.5,38.6,False,False
Arunachal Pradesh,Tirap,Child Feeding Practices and Nutritional Status of Children,69,Children under 5 years who are wasted (weight-for-height)12 (%),22.8,13.8,False,False
Arunachal Pradesh,Tirap,Child Feeding Practices and Nutritional Status of Children,70,Children under 5 years who are severely wasted (weight-for-height)13 (%),10.4,7.3,False,False
Arunachal Pradesh,Tirap,Child Feeding Practices and Nutritional Status of Children,71,Children under 5 years who are underweight (weight-for-age)12 (%),15.7,16.0,False,False
Arunachal Pradesh,Tirap,Child Feeding Practices and Nutritional Status of Children,72,Children under 5 years who are overweight (weight-for-height)14 (%),19.9,11.7,False,False
Arunachal Pradesh,Tirap,Nutritional Status of Adults (age 15-49 years),73,Women whose Body Mass Index (BMI) is below normal (BMI <18.5 kg/m 2)15 (%),6.1,5.5,False,False
Arunachal Pradesh,Tirap,Nutritional Status of Adults (age 15-49 years),74,Women who are overweight or obese (BMI ≥25.0 kg/m2)15 (%),39.5,28.3,False,False
Arunachal Pradesh,Tirap,Women,75,Blood sugar level - high (141-160 mg/dl)16 (%),4.9,4.6,False,False
Arunachal Pradesh,Tirap,Women,76,Blood sugar level - very high (>160 mg/dl)16 (%),2.1,3.3,False,False
Arunachal Pradesh,Tirap,Women,77,Blood sugar level - high or very high (>140 mg/dl) or taking medicine to control blood sugar level16 (%),7.5,8.4,False,False
Arunachal Pradesh,Tirap,Men,78,Blood sugar level - high (141-160 mg/dl)16 (%),5.4,5.6,False,False
Arunachal Pradesh,Tirap,Men,79,Blood sugar level - very high (>160 mg/dl)16 (%),2.4,4.7,False,False
Arunachal Pradesh,Tirap,Men,80,Blood sugar level - high or very high (>140 mg/dl) or taking medicine to control blood sugar level 16 (%),8.1,10.9,False,False
Arunachal Pradesh,Tirap,Women,81,Mildly elevated blood pressure (Systolic 140-159 mm of Hg and/or Diastolic 90-99 mm of Hg) (%),18.0,16.3,False,False
Arunachal Pradesh,Tirap,Women,82,Moderately or severely elevated blood pressure (Systolic ≥160 mm of Hg and/or Diastolic ≥100 mm of Hg) (%),5.7,7.8,False,False
Arunachal Pradesh,Tirap,Women,83,Elevated blood pressure (Systolic ≥140 mm of Hg and/or Diastolic ≥90 mm of Hg) or taking medicine to control blood pressure (%),24.6,25.2,False,False
Arunachal Pradesh,Tirap,Men,84,Mildly elevated blood pressure (Systolic 140-159 mm of Hg and/or Diastolic 90-99 mm of Hg) (%),22.6,22.8,False,False
Arunachal Pradesh,Tirap,Men,85,Moderately or severely elevated blood pressure (Systolic ≥160 mm of Hg and/or Diastolic ≥100 mm of Hg) (%),7.5,8.1,False,False
Arunachal Pradesh,Tirap,Men,86,Elevated blood pressure (Systolic ≥140 mm of Hg and/or Diastolic ≥90 mm of Hg) or taking medicine to control blood pressure (%),30.6,31.6,False,False
Arunachal Pradesh,Tirap,Men,87,Women having a bank or savings account that they themselves use (%),94.5,74.6,False,False
Arunachal Pradesh,Tirap,Men,88,Women having a mobile phone that they themselves use (%),97.0,71.9,False,False
Arunachal Pradesh,Tirap,Men,89,Women age 15-24 years who use hygienic methods of protection during their menstrual period17 (%),100.0,88.4,False,False
Arunachal Pradesh,Tirap,Tobacco Use and Alcohol Consumption among Adults (age 15 years and above),90,Women age 15 years and above who use any kind of tobacco (%),14.1,12.7,False,False
Arunachal Pradesh,Tirap,Tobacco Use and Alcohol Consumption among Adults (age 15 years and above),91,Men age 15 years and above who use any kind of tobacco (%),52.6,44.8,False,False
Arunachal Pradesh,Tirap,Tobacco Use and Alcohol Consumption among Adults (age 15 years and above),92,Women age 15 years and above who consume alcohol (%),21.1,16.4,False,False
Arunachal Pradesh,Tirap,Tobacco Use and Alcohol Consumption among Adults (age 15 years and above),93,Men age 15 years and above who consume alcohol (%),52.7,49.0,False,False
Arunachal Pradesh,Upper Siang,Population and Household Profile,1,Population below age 5 years (%),4.6,6.3,False,False
Arunachal Pradesh,Upper Siang,Population and Household Profile,2,Population below age 15 years (%),18.3,25.8,False,False
Arunachal Pradesh,Upper Siang,Population and Household Profile,3,Population age 60 years and above (%),13.3,11.0,False,False
Arunachal Pradesh,Upper Siang,Population and Household Profile,4,Population living in households with electricity (%),99.1,99.5,False,False
Arunachal Pradesh,Upper Siang,Population and Household Profile,5,Population living in households with an improved drinking-water source1 (%),79.2,99.8,False,False
Arunachal Pradesh,Upper Siang,Population and Household Profile,6,Households using iodized salt (%),97.9,99.1,False,False
Arunachal Pradesh,Upper Siang,Population and Household Profile,7,Households with any usual member covered under a health insurance/financing scheme (%),45.5,34.6,False,False
Arunachal Pradesh,Upper Siang,Population and Household Profile,8,Households with any usual member having a bank account/post office account (%),96.4,92.2,False,False
Arunachal Pradesh,Upper Siang,Population and Household Profile,9,Female population age 6 years and above who ever attended school (%),57.8,69.5,False,False
Arunachal Pradesh,Upper Siang,Population and Household Profile,10,Households with any usual female members owning a house and/or land (alone or jointly with others) (%),12.6,21.4,False,False
Arunachal Pradesh,Upper Siang,Population and Household Profile,11,Children age 2-4 years who attended pre-school (%),37.8,27.1,False,False
Arunachal Pradesh,Upper Siang,Characteristics of Adults (age 15-49 years),12,Women with 10 or more years of schooling (%),49.7,34.8,False,False
Arunachal Pradesh,Upper Siang,Characteristics of Adults (age 15-49 years),13,Men with 10 or more years of schooling (%),60.9,48.2,False,False
Arunachal Pradesh,Upper Siang,Characteristics of Adults (age 15-49 years),14,Women who have ever used the internet (%),67.2,41.5,False,False
Arunachal Pradesh,Upper Siang,Characteristics of Adults (age 15-49 years),15,Men who have ever used the internet (%),95.6,71.6,False,False
Arunachal Pradesh,Upper Siang,Marriage and Fertility,16,Women age 20-24 years married before age 18 years (%),17.3,17.1,False,False
Arunachal Pradesh,Upper Siang,Marriage and Fertility,17,Men age 25-29 years married before age 21 years (%),*,*,True,False
Arunachal Pradesh,Upper Siang,Marriage and Fertility,18,Three or more births in the 5 years preceding the survey (%),0.0,2.0,False,False
Arunachal Pradesh,Upper Siang,Marriage and Fertility,19,Women age 15-19 years who were already mothers or pregnant at the time of the survey (%),2.4,7.1,False,False
Arunachal Pradesh,Upper Siang,Marriage and Fertility,20,Any method2 (%),61.1,62.0,False,False
Arunachal Pradesh,Upper Siang,Marriage and Fertility,21,Any modern method2 (%),39.5,54.0,False,False
Arunachal Pradesh,Upper Siang,Marriage and Fertility,22,Any traditional method (%),21.6,8.0,False,False
Arunachal Pradesh,Upper Siang,Marriage and Fertility,23,Female sterilization (%),23.1,30.0,False,False
Arunachal Pradesh,Upper Siang,Marriage and Fertility,24,Male sterilization (%),0.0,0.0,False,False
Arunachal Pradesh,Upper Siang,Marriage and Fertility,25,Total unmet need3 (%),10.4,11.9,False,False
Arunachal Pradesh,Upper Siang,Marriage and Fertility,26,Unmet need for spacing3 (%),6.1,6.5,False,False
Arunachal Pradesh,Upper Siang,Marriage and Fertility,27,Unmet need for limiting3 (%),4.3,5.4,False,False
Arunachal Pradesh,Upper Siang,Antenatal Care (for last birth in the 5 years before the survey),28,Mothers who had an antenatal check-up in the first trimester (%),70.4,54.5,False,False
Arunachal Pradesh,Upper Siang,Antenatal Care (for last birth in the 5 years before the survey),29,Mothers who had any antenatal care visits (%),83.4,74.7,False,False
Arunachal Pradesh,Upper Siang,Antenatal Care (for last birth in the 5 years before the survey),30,Mothers who had at least 4 antenatal care visits (%),40.9,34.0,False,False
Arunachal Pradesh,Upper Siang,Antenatal Care (for last birth in the 5 years before the survey),31,Mothers whose last birth was protected against neonatal tetanus 4 (%),92.5,73.5,False,False
Arunachal Pradesh,Upper Siang,Antenatal Care (for last birth in the 5 years before the survey),32,Mothers who consumed iron folic acid for 100 days or more when they were pregnant (%),30.0,12.6,False,False
Arunachal Pradesh,Upper Siang,Antenatal Care (for last birth in the 5 years before the survey),33,Mothers who consumed iron folic acid for 180 days or more when they were pregnant (%),18.8,5.4,False,False
Arunachal Pradesh,Upper Siang,Antenatal Care (for last birth in the 5 years before the survey),34,Registered pregnancies for which the mother received a Mother and Child Protection (MCP) card (%),98.1,97.1,False,False
Arunachal Pradesh,Upper Siang,Delivery Care (for births in the 5 years before the survey),35,Institutional births (%),90.0,76.0,False,False
Arunachal Pradesh,Upper Siang,Delivery Care (for births in the 5 years before the survey),36,Institutional births in public facility (%),86.5,74.9,False,False
Arunachal Pradesh,Upper Siang,Delivery Care (for births in the 5 years before the survey),37,Births attended by skilled health personnel5 (%),95.8,78.8,False,False
Arunachal Pradesh,Upper Siang,Delivery Care (for births in the 5 years before the survey),38,Births delivered by caesarean section (%),13.0,14.2,False,False
Arunachal Pradesh,Upper Siang,Delivery Care (for births in the 5 years before the survey),39,Births in a private health facility that were delivered by caesarean section (%),*,*,True,False
Arunachal Pradesh,Upper Siang,Delivery Care (for births in the 5 years before the survey),40,Births in a public health facility that were delivered by caesarean section (%),14.1,18.3,False,False
Arunachal Pradesh,Upper Siang,Postnatal Care (for last birth in the 5 years before the survey),41,Mothers who received postnatal care from a doctor/nurse/LHV/ANM/midwife/other health personnel within 2 days of delivery+ (%),76.0,56.4,False,False
Arunachal Pradesh,Upper Siang,Postnatal Care (for last birth in the 5 years before the survey),42,Children born at home who were taken to a health facility for a check-up within 24 hours of birth (%),*,3.6,True,False
Arunachal Pradesh,Upper Siang,Postnatal Care (for last birth in the 5 years before the survey),43,Children who received postnatal care from a doctor/nurse/LHV/ANM/midwife/other health personnel within 2 days of delivery+ (%),78.3,52.9,False,False
Arunachal Pradesh,Upper Siang,Child Vaccinations and Vitamin A Supplementation,44,Children age 12-23 months fully vaccinated based on information from either vaccination card or mother's recall6 (%),*,61.4,True,False
Arunachal Pradesh,Upper Siang,Child Vaccinations and Vitamin A Supplementation,45,Children age 12-23 months fully vaccinated based on information from vaccination card only 7 (%),*,67.2,True,False
Arunachal Pradesh,Upper Siang,Child Vaccinations and Vitamin A Supplementation,46,Children age 12-23 months who have received any vaccine (%),*,93.1,True,False
Arunachal Pradesh,Upper Siang,Child Vaccinations and Vitamin A Supplementation,47,Children age 12-23 months who have received BCG (%),*,86.7,True,False
Arunachal Pradesh,Upper Siang,Child Vaccinations and Vitamin A Supplementation,48,Children age 12-23 months who have received 3 doses of polio vaccine8 (%),*,64.5,True,False
Arunachal Pradesh,Upper Siang,Child Vaccinations and Vitamin A Supplementation,49,Children age 12-23 months who have received 3 doses of pentavalent vaccine (%),*,68.4,True,False
Arunachal Pradesh,Upper Siang,Child Vaccinations and Vitamin A Supplementation,50,Children age 12-23 months who have received the first dose of measles-containing vaccine (MCV) (%),*,70.0,True,False
Arunachal Pradesh,Upper Siang,Child Vaccinations and Vitamin A Supplementation,51,Children age 24-35 months who have received a second dose of measles-containing vaccine (MCV) (%),*,39.3,True,False
Arunachal Pradesh,Upper Siang,Child Vaccinations and Vitamin A Supplementation,52,Children age 12-23 months who have received birth dose of hepatitis B vaccine (%),*,71.7,True,False
Arunachal Pradesh,Upper Siang,Child Vaccinations and Vitamin A Supplementation,53,Children age 12-23 months who have received 3 doses of rotavirus vaccine (%),*,23.8,True,False
Arunachal Pradesh,Upper Siang,Child Vaccinations and Vitamin A Supplementation,54,Children age 9-35 months who received a vitamin A dose in the last 6 months (%),79.5,66.8,True,False
Arunachal Pradesh,Upper Siang,Child Vaccinations and Vitamin A Supplementation,55,Children age 12-23 months who received most of their vaccinations in a public health facility (%),*,97.7,True,False
Arunachal Pradesh,Upper Siang,Child Vaccinations and Vitamin A Supplementation,56,Children age 12-23 months who received most of their vaccinations in a private health facility (%),*,0.0,True,False
Arunachal Pradesh,Upper Siang,Treatment of Childhood Diseases (children under age 5 years),57,Prevalence of diarrhoea in the 2 weeks preceding the survey (%),2.0,6.2,False,False
Arunachal Pradesh,Upper Siang,Treatment of Childhood Diseases (children under age 5 years),58,Prevalence of symptoms of acute respiratory infection (ARI) in the 2 weeks preceding the survey (%),0.0,1.5,False,False
Arunachal Pradesh,Upper Siang,Treatment of Childhood Diseases (children under age 5 years),59,Children with fever or symptoms of ARI in the 2 weeks preceding the survey taken to a health facility or health provider (%),*,*,True,False
Arunachal Pradesh,Upper Siang,Child Feeding Practices and Nutritional Status of Children,60,Children under age 3 years breastfed within one hour of birth9 (%),32.6,28.2,True,False
Arunachal Pradesh,Upper Siang,Child Feeding Practices and Nutritional Status of Children,61,Children under age 6 months exclusively breastfed10 (%),*,*,True,False
Arunachal Pradesh,Upper Siang,Child Feeding Practices and Nutritional Status of Children,62,Children under age 6 months currently breastfeeding10 (%),*,*,True,False
Arunachal Pradesh,Upper Siang,Child Feeding Practices and Nutritional Status of Children,63,Children under age 6 months exclusively breastfed or breastfeeding and consuming plain water/other milk only10 (%),*,*,True,False
Arunachal Pradesh,Upper Siang,Child Feeding Practices and Nutritional Status of Children,64,Children age 6-8 months receiving solid or semi-solid food and breastmilk10 (%),*,*,True,False
Arunachal Pradesh,Upper Siang,Child Feeding Practices and Nutritional Status of Children,65,"Breastfeeding children age 6-23 months receiving an adequate diet10, 11 (%)",*,21.9,True,False
Arunachal Pradesh,Upper Siang,Child Feeding Practices and Nutritional Status of Children,66,"Non-breastfeeding children age 6-23 months receiving an adequate diet 10, 11 (%)",*,*,True,False
Arunachal Pradesh,Upper Siang,Child Feeding Practices and Nutritional Status of Children,67,"Total children age 6-23 months receiving an adequate diet10, 11 (%)",*,25.2,True,False
Arunachal Pradesh,Upper Siang,Child Feeding Practices and Nutritional Status of Children,68,Children under 5 years who are stunted (height-for-age)12 (%),31.8,30.4,False,False
Arunachal Pradesh,Upper Siang,Child Feeding Practices and Nutritional Status of Children,69,Children under 5 years who are wasted (weight-for-height)12 (%),21.2,12.5,False,False
Arunachal Pradesh,Upper Siang,Child Feeding Practices and Nutritional Status of Children,70,Children under 5 years who are severely wasted (weight-for-height)13 (%),12.2,5.0,False,False
Arunachal Pradesh,Upper Siang,Child Feeding Practices and Nutritional Status of Children,71,Children under 5 years who are underweight (weight-for-age)12 (%),21.4,12.0,False,False
Arunachal Pradesh,Upper Siang,Child Feeding Practices and Nutritional Status of Children,72,Children under 5 years who are overweight (weight-for-height)14 (%),8.3,13.5,False,False
Arunachal Pradesh,Upper Siang,Nutritional Status of Adults (age 15-49 years),73,Women whose Body Mass Index (BMI) is below normal (BMI <18.5 kg/m 2)15 (%),4.6,2.4,False,False
Arunachal Pradesh,Upper Siang,Nutritional Status of Adults (age 15-49 years),74,Women who are overweight or obese (BMI ≥25.0 kg/m2)15 (%),33.9,27.3,False,False
Arunachal Pradesh,Upper Siang,Women,75,Blood sugar level - high (141-160 mg/dl)16 (%),6.0,4.0,False,False
Arunachal Pradesh,Upper Siang,Women,76,Blood sugar level - very high (>160 mg/dl)16 (%),4.7,2.9,False,False
Arunachal Pradesh,Upper Siang,Women,77,Blood sugar level - high or very high (>140 mg/dl) or taking medicine to control blood sugar level16 (%),11.1,7.5,False,False
Arunachal Pradesh,Upper Siang,Men,78,Blood sugar level - high (141-160 mg/dl)16 (%),5.2,5.7,False,False
Arunachal Pradesh,Upper Siang,Men,79,Blood sugar level - very high (>160 mg/dl)16 (%),5.5,4.2,False,False
Arunachal Pradesh,Upper Siang,Men,80,Blood sugar level - high or very high (>140 mg/dl) or taking medicine to control blood sugar level 16 (%),10.9,10.3,False,False
Arunachal Pradesh,Upper Siang,Women,81,Mildly elevated blood pressure (Systolic 140-159 mm of Hg and/or Diastolic 90-99 mm of Hg) (%),13.5,16.0,False,False
Arunachal Pradesh,Upper Siang,Women,82,Moderately or severely elevated blood pressure (Systolic ≥160 mm of Hg and/or Diastolic ≥100 mm of Hg) (%),7.4,9.3,False,False
Arunachal Pradesh,Upper Siang,Women,83,Elevated blood pressure (Systolic ≥140 mm of Hg and/or Diastolic ≥90 mm of Hg) or taking medicine to control blood pressure (%),21.9,26.1,False,False
Arunachal Pradesh,Upper Siang,Men,84,Mildly elevated blood pressure (Systolic 140-159 mm of Hg and/or Diastolic 90-99 mm of Hg) (%),20.2,20.1,False,False
Arunachal Pradesh,Upper Siang,Men,85,Moderately or severely elevated blood pressure (Systolic ≥160 mm of Hg and/or Diastolic ≥100 mm of Hg) (%),9.7,10.7,False,False
Arunachal Pradesh,Upper Siang,Men,86,Elevated blood pressure (Systolic ≥140 mm of Hg and/or Diastolic ≥90 mm of Hg) or taking medicine to control blood pressure (%),31.0,31.7,False,False
Arunachal Pradesh,Upper Siang,Men,87,Women having a bank or savings account that they themselves use (%),94.4,79.2,False,False
Arunachal Pradesh,Upper Siang,Men,88,Women having a mobile phone that they themselves use (%),93.1,81.4,False,False
Arunachal Pradesh,Upper Siang,Men,89,Women age 15-24 years who use hygienic methods of protection during their menstrual period17 (%),99.3,91.5,False,False
Arunachal Pradesh,Upper Siang,Tobacco Use and Alcohol Consumption among Adults (age 15 years and above),90,Women age 15 years and above who use any kind of tobacco (%),19.9,21.3,False,False
Arunachal Pradesh,Upper Siang,Tobacco Use and Alcohol Consumption among Adults (age 15 years and above),91,Men age 15 years and above who use any kind of tobacco (%),58.3,59.2,False,False
Arunachal Pradesh,Upper Siang,Tobacco Use and Alcohol Consumption among Adults (age 15 years and above),92,Women age 15 years and above who consume alcohol (%),25.0,22.0,False,False
Arunachal Pradesh,Upper Siang,Tobacco Use and Alcohol Consumption among Adults (age 15 years and above),93,Men age 15 years and above who consume alcohol (%),57.9,61.2,False,False
Arunachal Pradesh,Upper Subansiri,Population and Household Profile,1,Population below age 5 years (%),6.7,,False,True
Arunachal Pradesh,Upper Subansiri,Population and Household Profile,2,Population below age 15 years (%),22.4,,False,True
Arunachal Pradesh,Upper Subansiri,Population and Household Profile,3,Population age 60 years and above (%),12.2,,False,True
Arunachal Pradesh,Upper Subansiri,Population and Household Profile,4,Population living in households with electricity (%),98.3,,False,True
Arunachal Pradesh,Upper Subansiri,Population and Household Profile,5,Population living in households with an improved drinking-water source1 (%),99.0,,False,True
Arunachal Pradesh,Upper Subansiri,Population and Household Profile,6,Households using iodized salt (%),99.9,,False,True
Arunachal Pradesh,Upper Subansiri,Population and Household Profile,7,Households with any usual member covered under a health insurance/financing scheme (%),51.7,,False,True
Arunachal Pradesh,Upper Subansiri,Population and Household Profile,8,Households with any usual member having a bank account/post office account (%),97.9,,False,True
Arunachal Pradesh,Upper Subansiri,Population and Household Profile,9,Female population age 6 years and above who ever attended school (%),67.0,,False,True
Arunachal Pradesh,Upper Subansiri,Population and Household Profile,10,Households with any usual female members owning a house and/or land (alone or jointly with others) (%),14.8,,False,True
Arunachal Pradesh,Upper Subansiri,Population and Household Profile,11,Children age 2-4 years who attended pre-school (%),31.6,,False,True
Arunachal Pradesh,Upper Subansiri,Characteristics of Adults (age 15-49 years),12,Women with 10 or more years of schooling (%),50.8,,False,True
Arunachal Pradesh,Upper Subansiri,Characteristics of Adults (age 15-49 years),13,Men with 10 or more years of schooling (%),57.8,,False,True
Arunachal Pradesh,Upper Subansiri,Characteristics of Adults (age 15-49 years),14,Women who have ever used the internet (%),77.7,,False,True
Arunachal Pradesh,Upper Subansiri,Characteristics of Adults (age 15-49 years),15,Men who have ever used the internet (%),80.0,,False,True
Arunachal Pradesh,Upper Subansiri,Marriage and Fertility,16,Women age 20-24 years married before age 18 years (%),20.3,,False,True
Arunachal Pradesh,Upper Subansiri,Marriage and Fertility,17,Men age 25-29 years married before age 21 years (%),*,,True,True
Arunachal Pradesh,Upper Subansiri,Marriage and Fertility,18,Three or more births in the 5 years preceding the survey (%),0.4,,False,True
Arunachal Pradesh,Upper Subansiri,Marriage and Fertility,19,Women age 15-19 years who were already mothers or pregnant at the time of the survey (%),4.7,,False,True
Arunachal Pradesh,Upper Subansiri,Marriage and Fertility,20,Any method2 (%),70.0,,False,True
Arunachal Pradesh,Upper Subansiri,Marriage and Fertility,21,Any modern method2 (%),48.0,,False,True
Arunachal Pradesh,Upper Subansiri,Marriage and Fertility,22,Any traditional method (%),22.0,,False,True
Arunachal Pradesh,Upper Subansiri,Marriage and Fertility,23,Female sterilization (%),24.4,,False,True
Arunachal Pradesh,Upper Subansiri,Marriage and Fertility,24,Male sterilization (%),0.0,,False,True
Arunachal Pradesh,Upper Subansiri,Marriage and Fertility,25,Total unmet need3 (%),5.7,,False,True
Arunachal Pradesh,Upper Subansiri,Marriage and Fertility,26,Unmet need for spacing3 (%),5.1,,False,True
Arunachal Pradesh,Upper Subansiri,Marriage and Fertility,27,Unmet need for limiting3 (%),0.6,,False,True
Arunachal Pradesh,Upper Subansiri,Antenatal Care (for last birth in the 5 years before the survey),28,Mothers who had an antenatal check-up in the first trimester (%),61.4,,False,True
Arunachal Pradesh,Upper Subansiri,Antenatal Care (for last birth in the 5 years before the survey),29,Mothers who had any antenatal care visits (%),93.0,,False,True
Arunachal Pradesh,Upper Subansiri,Antenatal Care (for last birth in the 5 years before the survey),30,Mothers who had at least 4 antenatal care visits (%),50.8,,False,True
Arunachal Pradesh,Upper Subansiri,Antenatal Care (for last birth in the 5 years before the survey),31,Mothers whose last birth was protected against neonatal tetanus 4 (%),91.3,,False,True
Arunachal Pradesh,Upper Subansiri,Antenatal Care (for last birth in the 5 years before the survey),32,Mothers who consumed iron folic acid for 100 days or more when they were pregnant (%),28.3,,False,True
Arunachal Pradesh,Upper Subansiri,Antenatal Care (for last birth in the 5 years before the survey),33,Mothers who consumed iron folic acid for 180 days or more when they were pregnant (%),18.3,,False,True
Arunachal Pradesh,Upper Subansiri,Antenatal Care (for last birth in the 5 years before the survey),34,Registered pregnancies for which the mother received a Mother and Child Protection (MCP) card (%),97.0,,False,True
Arunachal Pradesh,Upper Subansiri,Delivery Care (for births in the 5 years before the survey),35,Institutional births (%),90.9,,False,True
Arunachal Pradesh,Upper Subansiri,Delivery Care (for births in the 5 years before the survey),36,Institutional births in public facility (%),88.9,,False,True
Arunachal Pradesh,Upper Subansiri,Delivery Care (for births in the 5 years before the survey),37,Births attended by skilled health personnel5 (%),92.1,,False,True
Arunachal Pradesh,Upper Subansiri,Delivery Care (for births in the 5 years before the survey),38,Births delivered by caesarean section (%),10.2,,False,True
Arunachal Pradesh,Upper Subansiri,Delivery Care (for births in the 5 years before the survey),39,Births in a private health facility that were delivered by caesarean section (%),*,,True,True
Arunachal Pradesh,Upper Subansiri,Delivery Care (for births in the 5 years before the survey),40,Births in a public health facility that were delivered by caesarean section (%),9.7,,False,True
Arunachal Pradesh,Upper Subansiri,Postnatal Care (for last birth in the 5 years before the survey),41,Mothers who received postnatal care from a doctor/nurse/LHV/ANM/midwife/other health personnel within 2 days of delivery+ (%),48.3,,False,True
Arunachal Pradesh,Upper Subansiri,Postnatal Care (for last birth in the 5 years before the survey),42,Children born at home who were taken to a health facility for a check-up within 24 hours of birth (%),*,,True,True
Arunachal Pradesh,Upper Subansiri,Postnatal Care (for last birth in the 5 years before the survey),43,Children who received postnatal care from a doctor/nurse/LHV/ANM/midwife/other health personnel within 2 days of delivery+ (%),46.6,,False,True
Arunachal Pradesh,Upper Subansiri,Child Vaccinations and Vitamin A Supplementation,44,Children age 12-23 months fully vaccinated based on information from either vaccination card or mother's recall6 (%),69.1,,True,True
Arunachal Pradesh,Upper Subansiri,Child Vaccinations and Vitamin A Supplementation,45,Children age 12-23 months fully vaccinated based on information from vaccination card only 7 (%),86.5,,True,True
Arunachal Pradesh,Upper Subansiri,Child Vaccinations and Vitamin A Supplementation,46,Children age 12-23 months who have received any vaccine (%),84.2,,True,True
Arunachal Pradesh,Upper Subansiri,Child Vaccinations and Vitamin A Supplementation,47,Children age 12-23 months who have received BCG (%),82.9,,True,True
Arunachal Pradesh,Upper Subansiri,Child Vaccinations and Vitamin A Supplementation,48,Children age 12-23 months who have received 3 doses of polio vaccine8 (%),71.1,,True,True
Arunachal Pradesh,Upper Subansiri,Child Vaccinations and Vitamin A Supplementation,49,Children age 12-23 months who have received 3 doses of pentavalent vaccine (%),69.1,,True,True
Arunachal Pradesh,Upper Subansiri,Child Vaccinations and Vitamin A Supplementation,50,Children age 12-23 months who have received the first dose of measles-containing vaccine (MCV) (%),72.5,,True,True
Arunachal Pradesh,Upper Subansiri,Child Vaccinations and Vitamin A Supplementation,51,Children age 24-35 months who have received a second dose of measles-containing vaccine (MCV) (%),65.1,,True,True
Arunachal Pradesh,Upper Subansiri,Child Vaccinations and Vitamin A Supplementation,52,Children age 12-23 months who have received birth dose of hepatitis B vaccine (%),63.6,,True,True
Arunachal Pradesh,Upper Subansiri,Child Vaccinations and Vitamin A Supplementation,53,Children age 12-23 months who have received 3 doses of rotavirus vaccine (%),63.1,,True,True
Arunachal Pradesh,Upper Subansiri,Child Vaccinations and Vitamin A Supplementation,54,Children age 9-35 months who received a vitamin A dose in the last 6 months (%),89.2,,False,True
Arunachal Pradesh,Upper Subansiri,Child Vaccinations and Vitamin A Supplementation,55,Children age 12-23 months who received most of their vaccinations in a public health facility (%),97.2,,True,True
Arunachal Pradesh,Upper Subansiri,Child Vaccinations and Vitamin A Supplementation,56,Children age 12-23 months who received most of their vaccinations in a private health facility (%),1.5,,True,True
Arunachal Pradesh,Upper Subansiri,Treatment of Childhood Diseases (children under age 5 years),57,Prevalence of diarrhoea in the 2 weeks preceding the survey (%),2.7,,False,True
Arunachal Pradesh,Upper Subansiri,Treatment of Childhood Diseases (children under age 5 years),58,Prevalence of symptoms of acute respiratory infection (ARI) in the 2 weeks preceding the survey (%),0.6,,False,True
Arunachal Pradesh,Upper Subansiri,Treatment of Childhood Diseases (children under age 5 years),59,Children with fever or symptoms of ARI in the 2 weeks preceding the survey taken to a health facility or health provider (%),*,,True,True
Arunachal Pradesh,Upper Subansiri,Child Feeding Practices and Nutritional Status of Children,60,Children under age 3 years breastfed within one hour of birth9 (%),42.4,,False,True
Arunachal Pradesh,Upper Subansiri,Child Feeding Practices and Nutritional Status of Children,61,Children under age 6 months exclusively breastfed10 (%),*,,True,True
Arunachal Pradesh,Upper Subansiri,Child Feeding Practices and Nutritional Status of Children,62,Children under age 6 months currently breastfeeding10 (%),*,,True,True
Arunachal Pradesh,Upper Subansiri,Child Feeding Practices and Nutritional Status of Children,63,Children under age 6 months exclusively breastfed or breastfeeding and consuming plain water/other milk only10 (%),*,,True,True
Arunachal Pradesh,Upper Subansiri,Child Feeding Practices and Nutritional Status of Children,64,Children age 6-8 months receiving solid or semi-solid food and breastmilk10 (%),*,,True,True
Arunachal Pradesh,Upper Subansiri,Child Feeding Practices and Nutritional Status of Children,65,"Breastfeeding children age 6-23 months receiving an adequate diet10, 11 (%)",19.2,,True,True
Arunachal Pradesh,Upper Subansiri,Child Feeding Practices and Nutritional Status of Children,66,"Non-breastfeeding children age 6-23 months receiving an adequate diet10, 11 (%)",*,,True,True
Arunachal Pradesh,Upper Subansiri,Child Feeding Practices and Nutritional Status of Children,67,"Total children age 6-23 months receiving an adequate diet10, 11 (%)",21.0,,False,True
Arunachal Pradesh,Upper Subansiri,Child Feeding Practices and Nutritional Status of Children,68,Children under 5 years who are stunted (height-for-age)12 (%),28.5,,False,True
Arunachal Pradesh,Upper Subansiri,Child Feeding Practices and Nutritional Status of Children,69,Children under 5 years who are wasted (weight-for-height)12 (%),13.1,,False,True
Arunachal Pradesh,Upper Subansiri,Child Feeding Practices and Nutritional Status of Children,70,Children under 5 years who are severely wasted (weight-for-height)13 (%),7.8,,False,True
Arunachal Pradesh,Upper Subansiri,Child Feeding Practices and Nutritional Status of Children,71,Children under 5 years who are underweight (weight-for-age)12 (%),16.8,,False,True
Arunachal Pradesh,Upper Subansiri,Child Feeding Practices and Nutritional Status of Children,72,Children under 5 years who are overweight (weight-for-height)14 (%),13.4,,False,True
Arunachal Pradesh,Upper Subansiri,Nutritional Status of Adults (age 15-49 years),73,Women whose Body Mass Index (BMI) is below normal (BMI <18.5 kg/m2)15 (%),5.0,,False,True
Arunachal Pradesh,Upper Subansiri,Nutritional Status of Adults (age 15-49 years),74,Women who are overweight or obese (BMI ≥25.0 kg/m2)15 (%),26.1,,False,True
Arunachal Pradesh,Upper Subansiri,Women,75,Blood sugar level - high (141-160 mg/dl)16 (%),6.9,,False,True
Arunachal Pradesh,Upper Subansiri,Women,76,Blood sugar level - very high (>160 mg/dl)16 (%),2.7,,False,True
Arunachal Pradesh,Upper Subansiri,Women,77,Blood sugar level - high or very high (>140 mg/dl) or taking medicine to control blood sugar level16 (%),9.7,,False,True
Arunachal Pradesh,Upper Subansiri,Men,78,Blood sugar level - high (141-160 mg/dl)16 (%),8.1,,False,True
Arunachal Pradesh,Upper Subansiri,Men,79,Blood sugar level - very high (>160 mg/dl)16 (%),5.6,,False,True
Arunachal Pradesh,Upper Subansiri,Men,80,Blood sugar level - high or very high (>140 mg/dl) or taking medicine to control blood sugar level 16 (%),14.2,,False,True
Arunachal Pradesh,Upper Subansiri,Women,81,Mildly elevated blood pressure (Systolic 140-159 mm of Hg and/or Diastolic 90-99 mm of Hg) (%),17.1,,False,True
Arunachal Pradesh,Upper Subansiri,Women,82,Moderately or severely elevated blood pressure (Systolic ≥160 mm of Hg and/or Diastolic ≥100 mm of Hg) (%),6.5,,False,True
Arunachal Pradesh,Upper Subansiri,Women,83,Elevated blood pressure (Systolic ≥140 mm of Hg and/or Diastolic ≥90 mm of Hg) or taking medicine to control blood pressure (%),24.3,,False,True
Arunachal Pradesh,Upper Subansiri,Men,84,Mildly elevated blood pressure (Systolic 140-159 mm of Hg and/or Diastolic 90-99 mm of Hg) (%),23.1,,False,True
Arunachal Pradesh,Upper Subansiri,Men,85,Moderately or severely elevated blood pressure (Systolic ≥160 mm of Hg and/or Diastolic ≥100 mm of Hg) (%),8.0,,False,True
Arunachal Pradesh,Upper Subansiri,Men,86,Elevated blood pressure (Systolic ≥140 mm of Hg and/or Diastolic ≥90 mm of Hg) or taking medicine to control blood pressure (%),32.1,,False,True
Arunachal Pradesh,Upper Subansiri,Men,87,Women having a bank or savings account that they themselves use (%),93.0,,False,True
Arunachal Pradesh,Upper Subansiri,Men,88,Women having a mobile phone that they themselves use (%),86.1,,False,True
Arunachal Pradesh,Upper Subansiri,Men,89,Women age 15-24 years who use hygienic methods of protection during their menstrual period17 (%),98.0,,False,True
Arunachal Pradesh,Upper Subansiri,Tobacco Use and Alcohol Consumption among Adults (age 15 years and above),90,Women age 15 years and above who use any kind of tobacco (%),20.2,,False,True
Arunachal Pradesh,Upper Subansiri,Tobacco Use and Alcohol Consumption among Adults (age 15 years and above),91,Men age 15 years and above who use any kind of tobacco (%),56.0,,False,True
Arunachal Pradesh,Upper Subansiri,Tobacco Use and Alcohol Consumption among Adults (age 15 years and above),92,Women age 15 years and above who consume alcohol (%),38.3,,False,True
Arunachal Pradesh,Upper Subansiri,Tobacco Use and Alcohol Consumption among Adults (age 15 years and above),93,Men age 15 years and above who consume alcohol (%),59.5,,False,True
Arunachal Pradesh,West Kameng,Population and Household Profile,1,Population below age 5 years (%),4.2,6.0,False,False
Arunachal Pradesh,West Kameng,Population and Household Profile,2,Population below age 15 years (%),17.8,21.7,False,False
Arunachal Pradesh,West Kameng,Population and Household Profile,3,Population age 60 years and above (%),7.2,5.0,False,False
Arunachal Pradesh,West Kameng,Population and Household Profile,4,Population living in households with electricity (%),99.9,97.5,False,False
Arunachal Pradesh,West Kameng,Population and Household Profile,5,Population living in households with an improved drinking-water source1 (%),89.9,99.8,False,False
Arunachal Pradesh,West Kameng,Population and Household Profile,6,Households using iodized salt (%),99.9,98.9,False,False
Arunachal Pradesh,West Kameng,Population and Household Profile,7,Households with any usual member covered under a health insurance/financing scheme (%),67.7,38.3,False,False
Arunachal Pradesh,West Kameng,Population and Household Profile,8,Households with any usual member having a bank account/post office account (%),98.4,90.1,False,False
Arunachal Pradesh,West Kameng,Population and Household Profile,9,Female population age 6 years and above who ever attended school (%),68.1,73.0,False,False
Arunachal Pradesh,West Kameng,Population and Household Profile,10,Households with any usual female members owning a house and/or land (alone or jointly with others) (%),10.3,11.2,False,False
Arunachal Pradesh,West Kameng,Population and Household Profile,11,Children age 2-4 years who attended pre-school (%),46.3,17.3,False,False
Arunachal Pradesh,West Kameng,Characteristics of Adults (age 15-49 years),12,Women with 10 or more years of schooling (%),55.7,43.6,False,False
Arunachal Pradesh,West Kameng,Characteristics of Adults (age 15-49 years),13,Men with 10 or more years of schooling (%),69.6,60.2,False,False
Arunachal Pradesh,West Kameng,Characteristics of Adults (age 15-49 years),14,Women who have ever used the internet (%),79.1,77.4,False,False
Arunachal Pradesh,West Kameng,Characteristics of Adults (age 15-49 years),15,Men who have ever used the internet (%),88.9,87.5,False,False
Arunachal Pradesh,West Kameng,Marriage and Fertility,16,Women age 20-24 years married before age 18 years (%),9.7,12.5,False,False
Arunachal Pradesh,West Kameng,Marriage and Fertility,17,Men age 25-29 years married before age 21 years (%),*,12.7,True,False
Arunachal Pradesh,West Kameng,Marriage and Fertility,18,Three or more births in the 5 years preceding the survey (%),0.0,0.5,False,False
Arunachal Pradesh,West Kameng,Marriage and Fertility,19,Women age 15-19 years who were already mothers or pregnant at the time of the survey (%),0.8,1.4,False,False
Arunachal Pradesh,West Kameng,Marriage and Fertility,20,Any method2 (%),61.1,53.8,False,False
Arunachal Pradesh,West Kameng,Marriage and Fertility,21,Any modern method2 (%),50.7,47.8,False,False
Arunachal Pradesh,West Kameng,Marriage and Fertility,22,Any traditional method (%),10.4,6.0,False,False
Arunachal Pradesh,West Kameng,Marriage and Fertility,23,Female sterilization (%),22.9,17.1,False,False
Arunachal Pradesh,West Kameng,Marriage and Fertility,24,Male sterilization (%),0.0,0.0,False,False
Arunachal Pradesh,West Kameng,Marriage and Fertility,25,Total unmet need3 (%),6.7,17.0,False,False
Arunachal Pradesh,West Kameng,Marriage and Fertility,26,Unmet need for spacing3 (%),6.0,13.5,False,False
Arunachal Pradesh,West Kameng,Marriage and Fertility,27,Unmet need for limiting3 (%),0.7,3.5,False,False
Arunachal Pradesh,West Kameng,Antenatal Care (for last birth in the 5 years before the survey),28,Mothers who had an antenatal check-up in the first trimester (%),61.7,45.1,False,False
Arunachal Pradesh,West Kameng,Antenatal Care (for last birth in the 5 years before the survey),29,Mothers who had any antenatal care visits (%),88.6,69.6,False,False
Arunachal Pradesh,West Kameng,Antenatal Care (for last birth in the 5 years before the survey),30,Mothers who had at least 4 antenatal care visits (%),38.2,27.6,False,False
Arunachal Pradesh,West Kameng,Antenatal Care (for last birth in the 5 years before the survey),31,Mothers whose last birth was protected against neonatal tetanus 4 (%),95.1,64.4,False,False
Arunachal Pradesh,West Kameng,Antenatal Care (for last birth in the 5 years before the survey),32,Mothers who consumed iron folic acid for 100 days or more when they were pregnant (%),50.3,18.5,False,False
Arunachal Pradesh,West Kameng,Antenatal Care (for last birth in the 5 years before the survey),33,Mothers who consumed iron folic acid for 180 days or more when they were pregnant (%),35.5,1.5,False,False
Arunachal Pradesh,West Kameng,Antenatal Care (for last birth in the 5 years before the survey),34,Registered pregnancies for which the mother received a Mother and Child Protection (MCP) card (%),99.1,90.1,False,False
Arunachal Pradesh,West Kameng,Delivery Care (for births in the 5 years before the survey),35,Institutional births (%),97.4,93.6,False,False
Arunachal Pradesh,West Kameng,Delivery Care (for births in the 5 years before the survey),36,Institutional births in public facility (%),91.9,92.0,False,False
Arunachal Pradesh,West Kameng,Delivery Care (for births in the 5 years before the survey),37,Births attended by skilled health personnel5 (%),97.4,92.0,False,False
Arunachal Pradesh,West Kameng,Delivery Care (for births in the 5 years before the survey),38,Births delivered by caesarean section (%),19.7,10.0,False,False
Arunachal Pradesh,West Kameng,Delivery Care (for births in the 5 years before the survey),39,Births in a private health facility that were delivered by caesarean section (%),*,*,True,False
Arunachal Pradesh,West Kameng,Delivery Care (for births in the 5 years before the survey),40,Births in a public health facility that were delivered by caesarean section (%),17.5,10.3,False,False
Arunachal Pradesh,West Kameng,Postnatal Care (for last birth in the 5 years before the survey),41,Mothers who received postnatal care from a doctor/nurse/LHV/ANM/midwife/other health personnel within 2 days of delivery+ (%),66.6,38.9,False,False
Arunachal Pradesh,West Kameng,Postnatal Care (for last birth in the 5 years before the survey),42,Children born at home who were taken to a health facility for a check-up within 24 hours of birth (%),*,*,True,False
Arunachal Pradesh,West Kameng,Postnatal Care (for last birth in the 5 years before the survey),43,Children who received postnatal care from a doctor/nurse/LHV/ANM/midwife/other health personnel within 2 days of delivery+ (%),71.0,33.8,False,False
Arunachal Pradesh,West Kameng,Child Vaccinations and Vitamin A Supplementation,44,Children age 12-23 months fully vaccinated based on information from either vaccination card or mother's recall6 (%),*,56.2,True,False
Arunachal Pradesh,West Kameng,Child Vaccinations and Vitamin A Supplementation,45,Children age 12-23 months fully vaccinated based on information from vaccination card only 7 (%),*,61.0,True,False
Arunachal Pradesh,West Kameng,Child Vaccinations and Vitamin A Supplementation,46,Children age 12-23 months who have received any vaccine (%),*,94.0,True,False
Arunachal Pradesh,West Kameng,Child Vaccinations and Vitamin A Supplementation,47,Children age 12-23 months who have received BCG (%),*,94.0,True,False
Arunachal Pradesh,West Kameng,Child Vaccinations and Vitamin A Supplementation,48,Children age 12-23 months who have received 3 doses of polio vaccine8 (%),*,63.0,True,False
Arunachal Pradesh,West Kameng,Child Vaccinations and Vitamin A Supplementation,49,Children age 12-23 months who have received 3 doses of pentavalent vaccine (%),*,65.8,True,False
Arunachal Pradesh,West Kameng,Child Vaccinations and Vitamin A Supplementation,50,Children age 12-23 months who have received the first dose of measles-containing vaccine (MCV) (%),*,65.8,True,False
Arunachal Pradesh,West Kameng,Child Vaccinations and Vitamin A Supplementation,51,Children age 24-35 months who have received a second dose of measles-containing vaccine (MCV) (%),*,12.7,True,False
Arunachal Pradesh,West Kameng,Child Vaccinations and Vitamin A Supplementation,52,Children age 12-23 months who have received birth dose of hepatitis B vaccine (%),*,64.5,True,False
Arunachal Pradesh,West Kameng,Child Vaccinations and Vitamin A Supplementation,53,Children age 12-23 months who have received 3 doses of rotavirus vaccine (%),*,22.0,True,False
Arunachal Pradesh,West Kameng,Child Vaccinations and Vitamin A Supplementation,54,Children age 9-35 months who received a vitamin A dose in the last 6 months (%),89.4,79.9,True,False
Arunachal Pradesh,West Kameng,Child Vaccinations and Vitamin A Supplementation,55,Children age 12-23 months who received most of their vaccinations in a public health facility (%),*,100.0,True,False
Arunachal Pradesh,West Kameng,Child Vaccinations and Vitamin A Supplementation,56,Children age 12-23 months who received most of their vaccinations in a private health facility (%),*,0.0,True,False
Arunachal Pradesh,West Kameng,Treatment of Childhood Diseases (children under age 5 years),57,Prevalence of diarrhoea in the 2 weeks preceding the survey (%),1.9,10.0,False,False
Arunachal Pradesh,West Kameng,Treatment of Childhood Diseases (children under age 5 years),58,Prevalence of symptoms of acute respiratory infection (ARI) in the 2 weeks preceding the survey (%),0.7,2.5,False,False
Arunachal Pradesh,West Kameng,Treatment of Childhood Diseases (children under age 5 years),59,Children with fever or symptoms of ARI in the 2 weeks preceding the survey taken to a health facility or health provider (%),*,45.8,True,False
Arunachal Pradesh,West Kameng,Child Feeding Practices and Nutritional Status of Children,60,Children under age 3 years breastfed within one hour of birth9 (%),50.0,42.6,True,False
Arunachal Pradesh,West Kameng,Child Feeding Practices and Nutritional Status of Children,61,Children under age 6 months exclusively breastfed10 (%),*,*,True,False
Arunachal Pradesh,West Kameng,Child Feeding Practices and Nutritional Status of Children,62,Children under age 6 months currently breastfeeding10 (%),*,*,True,False
Arunachal Pradesh,West Kameng,Child Feeding Practices and Nutritional Status of Children,63,Children under age 6 months exclusively breastfed or breastfeeding and consuming plain water/other milk only10 (%),*,*,True,False
Arunachal Pradesh,West Kameng,Child Feeding Practices and Nutritional Status of Children,64,Children age 6-8 months receiving solid or semi-solid food and breastmilk10 (%),*,*,True,False
Arunachal Pradesh,West Kameng,Child Feeding Practices and Nutritional Status of Children,65,"Breastfeeding children age 6-23 months receiving an adequate diet10, 11 (%)",*,24.2,True,False
Arunachal Pradesh,West Kameng,Child Feeding Practices and Nutritional Status of Children,66,"Non-breastfeeding children age 6-23 months receiving an adequate diet 10, 11 (%)",*,*,True,False
Arunachal Pradesh,West Kameng,Child Feeding Practices and Nutritional Status of Children,67,"Total children age 6-23 months receiving an adequate diet10, 11 (%)",*,19.7,True,False
Arunachal Pradesh,West Kameng,Child Feeding Practices and Nutritional Status of Children,68,Children under 5 years who are stunted (height-for-age)12 (%),25.7,24.2,False,False
Arunachal Pradesh,West Kameng,Child Feeding Practices and Nutritional Status of Children,69,Children under 5 years who are wasted (weight-for-height)12 (%),15.4,23.2,False,False
Arunachal Pradesh,West Kameng,Child Feeding Practices and Nutritional Status of Children,70,Children under 5 years who are severely wasted (weight-for-height)13 (%),8.4,11.9,False,False
Arunachal Pradesh,West Kameng,Child Feeding Practices and Nutritional Status of Children,71,Children under 5 years who are underweight (weight-for-age)12 (%),12.4,13.4,False,False
Arunachal Pradesh,West Kameng,Child Feeding Practices and Nutritional Status of Children,72,Children under 5 years who are overweight (weight-for-height)14 (%),3.9,15.5,False,False
Arunachal Pradesh,West Kameng,Nutritional Status of Adults (age 15-49 years),73,Women whose Body Mass Index (BMI) is below normal (BMI <18.5 kg/m 2)15 (%),6.4,1.9,False,False
Arunachal Pradesh,West Kameng,Nutritional Status of Adults (age 15-49 years),74,Women who are overweight or obese (BMI ≥25.0 kg/m2)15 (%),39.4,25.7,False,False
Arunachal Pradesh,West Kameng,Women,75,Blood sugar level - high (141-160 mg/dl)16 (%),3.3,3.6,False,False
Arunachal Pradesh,West Kameng,Women,76,Blood sugar level - very high (>160 mg/dl)16 (%),2.5,0.7,False,False
Arunachal Pradesh,West Kameng,Women,77,Blood sugar level - high or very high (>140 mg/dl) or taking medicine to control blood sugar level16 (%),6.0,4.7,False,False
Arunachal Pradesh,West Kameng,Men,78,Blood sugar level - high (141-160 mg/dl)16 (%),4.5,8.0,False,False
Arunachal Pradesh,West Kameng,Men,79,Blood sugar level - very high (>160 mg/dl)16 (%),2.2,1.6,False,False
Arunachal Pradesh,West Kameng,Men,80,Blood sugar level - high or very high (>140 mg/dl) or taking medicine to control blood sugar level 16 (%),7.0,10.0,False,False
Arunachal Pradesh,West Kameng,Women,81,Mildly elevated blood pressure (Systolic 140-159 mm of Hg and/or Diastolic 90-99 mm of Hg) (%),19.9,12.3,False,False
Arunachal Pradesh,West Kameng,Women,82,Moderately or severely elevated blood pressure (Systolic ≥160 mm of Hg and/or Diastolic ≥100 mm of Hg) (%),8.4,4.3,False,False
Arunachal Pradesh,West Kameng,Women,83,Elevated blood pressure (Systolic ≥140 mm of Hg and/or Diastolic ≥90 mm of Hg) or taking medicine to control blood pressure (%),29.1,19.8,False,False
Arunachal Pradesh,West Kameng,Men,84,Mildly elevated blood pressure (Systolic 140-159 mm of Hg and/or Diastolic 90-99 mm of Hg) (%),31.2,21.9,False,False
Arunachal Pradesh,West Kameng,Men,85,Moderately or severely elevated blood pressure (Systolic ≥160 mm of Hg and/or Diastolic ≥100 mm of Hg) (%),10.4,7.0,False,False
Arunachal Pradesh,West Kameng,Men,86,Elevated blood pressure (Systolic ≥140 mm of Hg and/or Diastolic ≥90 mm of Hg) or taking medicine to control blood pressure (%),42.3,30.7,False,False
Arunachal Pradesh,West Kameng,Men,87,Women having a bank or savings account that they themselves use (%),95.8,78.5,False,False
Arunachal Pradesh,West Kameng,Men,88,Women having a mobile phone that they themselves use (%),96.3,81.0,False,False
Arunachal Pradesh,West Kameng,Men,89,Women age 15-24 years who use hygienic methods of protection during their menstrual period17 (%),100.0,90.3,False,False
Arunachal Pradesh,West Kameng,Tobacco Use and Alcohol Consumption among Adults (age 15 years and above),90,Women age 15 years and above who use any kind of tobacco (%),13.4,13.9,False,False
Arunachal Pradesh,West Kameng,Tobacco Use and Alcohol Consumption among Adults (age 15 years and above),91,Men age 15 years and above who use any kind of tobacco (%),50.3,38.7,False,False
Arunachal Pradesh,West Kameng,Tobacco Use and Alcohol Consumption among Adults (age 15 years and above),92,Women age 15 years and above who consume alcohol (%),19.3,19.5,False,False
Arunachal Pradesh,West Kameng,Tobacco Use and Alcohol Consumption among Adults (age 15 years and above),93,Men age 15 years and above who consume alcohol (%),52.3,45.9,False,False
Arunachal Pradesh,West Siang,Population and Household Profile,1,Population below age 5 years (%),7.9,,False,True
Arunachal Pradesh,West Siang,Population and Household Profile,2,Population below age 15 years (%),23.5,,False,True
Arunachal Pradesh,West Siang,Population and Household Profile,3,Population age 60 years and above (%),12.8,,False,True
Arunachal Pradesh,West Siang,Population and Household Profile,4,Population living in households with electricity (%),99.1,,False,True
Arunachal Pradesh,West Siang,Population and Household Profile,5,Population living in households with an improved drinking-water source1 (%),99.0,,False,True
Arunachal Pradesh,West Siang,Population and Household Profile,6,Households using iodized salt (%),97.7,,False,True
Arunachal Pradesh,West Siang,Population and Household Profile,7,Households with any usual member covered under a health insurance/financing scheme (%),48.2,,False,True
Arunachal Pradesh,West Siang,Population and Household Profile,8,Households with any usual member having a bank account/post office account (%),97.5,,False,True
Arunachal Pradesh,West Siang,Population and Household Profile,9,Female population age 6 years and above who ever attended school (%),74.2,,False,True
Arunachal Pradesh,West Siang,Population and Household Profile,10,Households with any usual female members owning a house and/or land (alone or jointly with others) (%),21.4,,False,True
Arunachal Pradesh,West Siang,Population and Household Profile,11,Children age 2-4 years who attended pre-school (%),45.4,,False,True
Arunachal Pradesh,West Siang,Characteristics of Adults (age 15-49 years),12,Women with 10 or more years of schooling (%),49.7,,False,True
Arunachal Pradesh,West Siang,Characteristics of Adults (age 15-49 years),13,Men with 10 or more years of schooling (%),58.4,,False,True
Arunachal Pradesh,West Siang,Characteristics of Adults (age 15-49 years),14,Women who have ever used the internet (%),88.0,,False,True
Arunachal Pradesh,West Siang,Characteristics of Adults (age 15-49 years),15,Men who have ever used the internet (%),88.6,,False,True
Arunachal Pradesh,West Siang,Marriage and Fertility,16,Women age 20-24 years married before age 18 years (%),24.7,,False,True
Arunachal Pradesh,West Siang,Marriage and Fertility,17,Men age 25-29 years married before age 21 years (%),*,,True,True
Arunachal Pradesh,West Siang,Marriage and Fertility,18,Three or more births in the 5 years preceding the survey (%),0.3,,False,True
Arunachal Pradesh,West Siang,Marriage and Fertility,19,Women age 15-19 years who were already mothers or pregnant at the time of the survey (%),14.3,,False,True
Arunachal Pradesh,West Siang,Marriage and Fertility,20,Any method2 (%),68.5,,False,True
Arunachal Pradesh,West Siang,Marriage and Fertility,21,Any modern method2 (%),48.4,,False,True
Arunachal Pradesh,West Siang,Marriage and Fertility,22,Any traditional method (%),20.1,,False,True
Arunachal Pradesh,West Siang,Marriage and Fertility,23,Female sterilization (%),26.7,,False,True
Arunachal Pradesh,West Siang,Marriage and Fertility,24,Male sterilization (%),0.0,,False,True
Arunachal Pradesh,West Siang,Marriage and Fertility,25,Total unmet need3 (%),9.6,,False,True
Arunachal Pradesh,West Siang,Marriage and Fertility,26,Unmet need for spacing3 (%),8.0,,False,True
Arunachal Pradesh,West Siang,Marriage and Fertility,27,Unmet need for limiting3 (%),1.6,,False,True
Arunachal Pradesh,West Siang,Antenatal Care (for last birth in the 5 years before the survey),28,Mothers who had an antenatal check-up in the first trimester (%),64.0,,False,True
Arunachal Pradesh,West Siang,Antenatal Care (for last birth in the 5 years before the survey),29,Mothers who had any antenatal care visits (%),94.2,,False,True
Arunachal Pradesh,West Siang,Antenatal Care (for last birth in the 5 years before the survey),30,Mothers who had at least 4 antenatal care visits (%),59.2,,False,True
Arunachal Pradesh,West Siang,Antenatal Care (for last birth in the 5 years before the survey),31,Mothers whose last birth was protected against neonatal tetanus 4 (%),91.5,,False,True
Arunachal Pradesh,West Siang,Antenatal Care (for last birth in the 5 years before the survey),32,Mothers who consumed iron folic acid for 100 days or more when they were pregnant (%),45.1,,False,True
Arunachal Pradesh,West Siang,Antenatal Care (for last birth in the 5 years before the survey),33,Mothers who consumed iron folic acid for 180 days or more when they were pregnant (%),26.1,,False,True
Arunachal Pradesh,West Siang,Antenatal Care (for last birth in the 5 years before the survey),34,Registered pregnancies for which the mother received a Mother and Child Protection (MCP) card (%),98.4,,False,True
Arunachal Pradesh,West Siang,Delivery Care (for births in the 5 years before the survey),35,Institutional births (%),94.7,,False,True
Arunachal Pradesh,West Siang,Delivery Care (for births in the 5 years before the survey),36,Institutional births in public facility (%),85.7,,False,True
Arunachal Pradesh,West Siang,Delivery Care (for births in the 5 years before the survey),37,Births attended by skilled health personnel5 (%),94.7,,False,True
Arunachal Pradesh,West Siang,Delivery Care (for births in the 5 years before the survey),38,Births delivered by caesarean section (%),27.4,,False,True
Arunachal Pradesh,West Siang,Delivery Care (for births in the 5 years before the survey),39,Births in a private health facility that were delivered by caesarean section (%),*,,True,True
Arunachal Pradesh,West Siang,Delivery Care (for births in the 5 years before the survey),40,Births in a public health facility that were delivered by caesarean section (%),25.5,,False,True
Arunachal Pradesh,West Siang,Postnatal Care (for last birth in the 5 years before the survey),41,Mothers who received postnatal care from a doctor/nurse/LHV/ANM/midwife/other health personnel within 2 days of delivery+ (%),64.1,,False,True
Arunachal Pradesh,West Siang,Postnatal Care (for last birth in the 5 years before the survey),42,Children born at home who were taken to a health facility for a check-up within 24 hours of birth (%),*,,True,True
Arunachal Pradesh,West Siang,Postnatal Care (for last birth in the 5 years before the survey),43,Children who received postnatal care from a doctor/nurse/LHV/ANM/midwife/other health personnel within 2 days of delivery+ (%),66.7,,False,True
Arunachal Pradesh,West Siang,Child Vaccinations and Vitamin A Supplementation,44,Children age 12-23 months fully vaccinated based on information from either vaccination card or mother's recall6 (%),82.1,,False,True
Arunachal Pradesh,West Siang,Child Vaccinations and Vitamin A Supplementation,45,Children age 12-23 months fully vaccinated based on information from vaccination card only 7 (%),91.9,,False,True
Arunachal Pradesh,West Siang,Child Vaccinations and Vitamin A Supplementation,46,Children age 12-23 months who have received any vaccine (%),93.7,,False,True
Arunachal Pradesh,West Siang,Child Vaccinations and Vitamin A Supplementation,47,Children age 12-23 months who have received BCG (%),93.7,,False,True
Arunachal Pradesh,West Siang,Child Vaccinations and Vitamin A Supplementation,48,Children age 12-23 months who have received 3 doses of polio vaccine8 (%),83.5,,False,True
Arunachal Pradesh,West Siang,Child Vaccinations and Vitamin A Supplementation,49,Children age 12-23 months who have received 3 doses of pentavalent vaccine (%),85.6,,False,True
Arunachal Pradesh,West Siang,Child Vaccinations and Vitamin A Supplementation,50,Children age 12-23 months who have received the first dose of measles-containing vaccine (MCV) (%),86.4,,False,True
Arunachal Pradesh,West Siang,Child Vaccinations and Vitamin A Supplementation,51,Children age 24-35 months who have received a second dose of measles-containing vaccine (MCV) (%),66.2,,True,True
Arunachal Pradesh,West Siang,Child Vaccinations and Vitamin A Supplementation,52,Children age 12-23 months who have received birth dose of hepatitis B vaccine (%),88.3,,False,True
Arunachal Pradesh,West Siang,Child Vaccinations and Vitamin A Supplementation,53,Children age 12-23 months who have received 3 doses of rotavirus vaccine (%),83.7,,False,True
Arunachal Pradesh,West Siang,Child Vaccinations and Vitamin A Supplementation,54,Children age 9-35 months who received a vitamin A dose in the last 6 months (%),87.7,,False,True
Arunachal Pradesh,West Siang,Child Vaccinations and Vitamin A Supplementation,55,Children age 12-23 months who received most of their vaccinations in a public health facility (%),98.6,,False,True
Arunachal Pradesh,West Siang,Child Vaccinations and Vitamin A Supplementation,56,Children age 12-23 months who received most of their vaccinations in a private health facility (%),0.0,,False,True
Arunachal Pradesh,West Siang,Treatment of Childhood Diseases (children under age 5 years),57,Prevalence of diarrhoea in the 2 weeks preceding the survey (%),3.8,,False,True
Arunachal Pradesh,West Siang,Treatment of Childhood Diseases (children under age 5 years),58,Prevalence of symptoms of acute respiratory infection (ARI) in the 2 weeks preceding the survey (%),0.8,,False,True
Arunachal Pradesh,West Siang,Treatment of Childhood Diseases (children under age 5 years),59,Children with fever or symptoms of ARI in the 2 weeks preceding the survey taken to a health facility or health provider (%),52.2,,True,True
Arunachal Pradesh,West Siang,Child Feeding Practices and Nutritional Status of Children,60,Children under age 3 years breastfed within one hour of birth9 (%),53.2,,False,True
Arunachal Pradesh,West Siang,Child Feeding Practices and Nutritional Status of Children,61,Children under age 6 months exclusively breastfed10 (%),48.7,,True,True
Arunachal Pradesh,West Siang,Child Feeding Practices and Nutritional Status of Children,62,Children under age 6 months currently breastfeeding10 (%),100.0,,True,True
Arunachal Pradesh,West Siang,Child Feeding Practices and Nutritional Status of Children,63,Children under age 6 months exclusively breastfed or breastfeeding and consuming plain water/other milk only10 (%),71.8,,True,True
Arunachal Pradesh,West Siang,Child Feeding Practices and Nutritional Status of Children,64,Children age 6-8 months receiving solid or semi-solid food and breastmilk10 (%),*,,True,True
Arunachal Pradesh,West Siang,Child Feeding Practices and Nutritional Status of Children,65,"Breastfeeding children age 6-23 months receiving an adequate diet10, 11 (%)",28.4,,False,True
Arunachal Pradesh,West Siang,Child Feeding Practices and Nutritional Status of Children,66,"Non-breastfeeding children age 6-23 months receiving an adequate diet 10, 11 (%)",*,,True,True
Arunachal Pradesh,West Siang,Child Feeding Practices and Nutritional Status of Children,67,"Total children age 6-23 months receiving an adequate diet10, 11 (%)",26.9,,False,True
Arunachal Pradesh,West Siang,Child Feeding Practices and Nutritional Status of Children,68,Children under 5 years who are stunted (height-for-age)12 (%),21.9,,False,True
Arunachal Pradesh,West Siang,Child Feeding Practices and Nutritional Status of Children,69,Children under 5 years who are wasted (weight-for-height)12 (%),12.9,,False,True
Arunachal Pradesh,West Siang,Child Feeding Practices and Nutritional Status of Children,70,Children under 5 years who are severely wasted (weight-for-height)13 (%),4.3,,False,True
Arunachal Pradesh,West Siang,Child Feeding Practices and Nutritional Status of Children,71,Children under 5 years who are underweight (weight-for-age)12 (%),11.1,,False,True
Arunachal Pradesh,West Siang,Child Feeding Practices and Nutritional Status of Children,72,Children under 5 years who are overweight (weight-for-height)14 (%),9.2,,False,True
Arunachal Pradesh,West Siang,Nutritional Status of Adults (age 15-49 years),73,Women whose Body Mass Index (BMI) is below normal (BMI <18.5 kg/m2)15 (%),6.5,,False,True
Arunachal Pradesh,West Siang,Nutritional Status of Adults (age 15-49 years),74,Women who are overweight or obese (BMI ≥25.0 kg/m2)15 (%),32.9,,False,True
Arunachal Pradesh,West Siang,Women,75,Blood sugar level - high (141-160 mg/dl)16 (%),7.4,,False,True
Arunachal Pradesh,West Siang,Women,76,Blood sugar level - very high (>160 mg/dl)16 (%),6.9,,False,True
Arunachal Pradesh,West Siang,Women,77,Blood sugar level - high or very high (>140 mg/dl) or taking medicine to control blood sugar level16 (%),15.0,,False,True
Arunachal Pradesh,West Siang,Men,78,Blood sugar level - high (141-160 mg/dl)16 (%),7.5,,False,True
Arunachal Pradesh,West Siang,Men,79,Blood sugar level - very high (>160 mg/dl)16 (%),8.5,,False,True
Arunachal Pradesh,West Siang,Men,80,Blood sugar level - high or very high (>140 mg/dl) or taking medicine to control blood sugar level 16 (%),16.9,,False,True
Arunachal Pradesh,West Siang,Women,81,Mildly elevated blood pressure (Systolic 140-159 mm of Hg and/or Diastolic 90-99 mm of Hg) (%),14.1,,False,True
Arunachal Pradesh,West Siang,Women,82,Moderately or severely elevated blood pressure (Systolic ≥160 mm of Hg and/or Diastolic ≥100 mm of Hg) (%),7.4,,False,True
Arunachal Pradesh,West Siang,Women,83,Elevated blood pressure (Systolic ≥140 mm of Hg and/or Diastolic ≥90 mm of Hg) or taking medicine to control blood pressure (%),25.3,,False,True
Arunachal Pradesh,West Siang,Men,84,Mildly elevated blood pressure (Systolic 140-159 mm of Hg and/or Diastolic 90-99 mm of Hg) (%),18.4,,False,True
Arunachal Pradesh,West Siang,Men,85,Moderately or severely elevated blood pressure (Systolic ≥160 mm of Hg and/or Diastolic ≥100 mm of Hg) (%),9.6,,False,True
Arunachal Pradesh,West Siang,Men,86,Elevated blood pressure (Systolic ≥140 mm of Hg and/or Diastolic ≥90 mm of Hg) or taking medicine to control blood pressure (%),30.3,,False,True
Arunachal Pradesh,West Siang,Men,87,Women having a bank or savings account that they themselves use (%),92.2,,False,True
Arunachal Pradesh,West Siang,Men,88,Women having a mobile phone that they themselves use (%),92.4,,False,True
Arunachal Pradesh,West Siang,Men,89,Women age 15-24 years who use hygienic methods of protection during their menstrual period17 (%),98.7,,False,True
Arunachal Pradesh,West Siang,Tobacco Use and Alcohol Consumption among Adults (age 15 years and above),90,Women age 15 years and above who use any kind of tobacco (%),20.1,,False,True
Arunachal Pradesh,West Siang,Tobacco Use and Alcohol Consumption among Adults (age 15 years and above),91,Men age 15 years and above who use any kind of tobacco (%),53.6,,False,True
Arunachal Pradesh,West Siang,Tobacco Use and Alcohol Consumption among Adults (age 15 years and above),92,Women age 15 years and above who consume alcohol (%),48.9,,False,True
Arunachal Pradesh,West Siang,Tobacco Use and Alcohol Consumption among Adults (age 15 years and above),93,Men age 15 years and above who consume alcohol (%),64.0,,False,True
