state,district,category,indicator_no,indicator,nfhs6_value,nfhs5_value,small_sample_flag,boundary_change_single_round
Gujarat,Ahmedabad,Population and Household Profile,1,Population below age 5 years (%),6.3,6.3,False,False
Gujarat,Ahmedabad,Population and Household Profile,2,Population below age 15 years (%),21.2,22.1,False,False
Gujarat,Ahmedabad,Population and Household Profile,3,Population age 60 years and above (%),13.6,13.0,False,False
Gujarat,Ahmedabad,Population and Household Profile,4,Population living in households with electricity (%),98.3,99.5,False,False
Gujarat,Ahmedabad,Population and Household Profile,5,Population living in households with an improved drinking-water source1 (%),99.6,98.7,False,False
Gujarat,Ahmedabad,Population and Household Profile,6,Households using iodized salt (%),96.0,98.7,False,False
Gujarat,Ahmedabad,Population and Household Profile,7,Households with any usual member covered under a health insurance/financing scheme (%),55.7,40.8,False,False
Gujarat,Ahmedabad,Population and Household Profile,8,Households with any usual member having a bank account/post office account (%),95.2,95.6,False,False
Gujarat,Ahmedabad,Population and Household Profile,9,Female population age 6 years and above who ever attended school (%),85.5,79.8,False,False
Gujarat,Ahmedabad,Population and Household Profile,10,Households with any usual female members owning a house and/or land (alone or jointly with others) (%),17.7,17.0,False,False
Gujarat,Ahmedabad,Population and Household Profile,11,Children age 2-4 years who attended pre-school (%),37.0,57.8,False,False
Gujarat,Ahmedabad,Characteristics of Adults (age 15-49 years),12,Women with 10 or more years of schooling (%),51.1,42.7,False,False
Gujarat,Ahmedabad,Characteristics of Adults (age 15-49 years),13,Men with 10 or more years of schooling (%),44.0,63.1,False,False
Gujarat,Ahmedabad,Characteristics of Adults (age 15-49 years),14,Women who have ever used the internet (%),86.0,50.2,False,False
Gujarat,Ahmedabad,Characteristics of Adults (age 15-49 years),15,Men who have ever used the internet (%),80.7,73.9,False,False
Gujarat,Ahmedabad,Marriage and Fertility,16,Women age 20-24 years married before age 18 years (%),12.9,17.5,False,False
Gujarat,Ahmedabad,Marriage and Fertility,17,Men age 25-29 years married before age 21 years (%),*,*,True,False
Gujarat,Ahmedabad,Marriage and Fertility,18,Three or more births in the 5 years preceding the survey (%),1.4,0.5,False,False
Gujarat,Ahmedabad,Marriage and Fertility,19,Women age 15-19 years who were already mothers or pregnant at the time of the survey (%),4.6,4.4,False,False
Gujarat,Ahmedabad,Marriage and Fertility,20,Any method2 (%),55.3,79.0,False,False
Gujarat,Ahmedabad,Marriage and Fertility,21,Any modern method2 (%),42.3,58.2,False,False
Gujarat,Ahmedabad,Marriage and Fertility,22,Any traditional method (%),13.0,20.8,False,False
Gujarat,Ahmedabad,Marriage and Fertility,23,Female sterilization (%),22.3,30.8,False,False
Gujarat,Ahmedabad,Marriage and Fertility,24,Male sterilization (%),0.0,0.0,False,False
Gujarat,Ahmedabad,Marriage and Fertility,25,Total unmet need3 (%),11.7,6.5,False,False
Gujarat,Ahmedabad,Marriage and Fertility,26,Unmet need for spacing3 (%),4.7,3.4,False,False
Gujarat,Ahmedabad,Marriage and Fertility,27,Unmet need for limiting3 (%),7.0,3.1,False,False
Gujarat,Ahmedabad,Antenatal Care (for last birth in the 5 years before the survey),28,Mothers who had an antenatal check-up in the first trimester (%),96.6,73.5,False,False
Gujarat,Ahmedabad,Antenatal Care (for last birth in the 5 years before the survey),29,Mothers who had any antenatal care visits (%),100.0,98.1,False,False
Gujarat,Ahmedabad,Antenatal Care (for last birth in the 5 years before the survey),30,Mothers who had at least 4 antenatal care visits (%),80.4,77.8,False,False
Gujarat,Ahmedabad,Antenatal Care (for last birth in the 5 years before the survey),31,Mothers whose last birth was protected against neonatal tetanus 4 (%),97.9,85.9,False,False
Gujarat,Ahmedabad,Antenatal Care (for last birth in the 5 years before the survey),32,Mothers who consumed iron folic acid for 100 days or more when they were pregnant (%),74.6,69.0,False,False
Gujarat,Ahmedabad,Antenatal Care (for last birth in the 5 years before the survey),33,Mothers who consumed iron folic acid for 180 days or more when they were pregnant (%),64.0,54.3,False,False
Gujarat,Ahmedabad,Antenatal Care (for last birth in the 5 years before the survey),34,Registered pregnancies for which the mother received a Mother and Child Protection (MCP) card (%),92.8,98.7,False,False
Gujarat,Ahmedabad,Delivery Care (for births in the 5 years before the survey),35,Institutional births (%),96.4,94.5,False,False
Gujarat,Ahmedabad,Delivery Care (for births in the 5 years before the survey),36,Institutional births in public facility (%),36.1,46.7,False,False
Gujarat,Ahmedabad,Delivery Care (for births in the 5 years before the survey),37,Births attended by skilled health personnel5 (%),91.9,95.3,False,False
Gujarat,Ahmedabad,Delivery Care (for births in the 5 years before the survey),38,Births delivered by caesarean section (%),42.4,32.4,False,False
Gujarat,Ahmedabad,Delivery Care (for births in the 5 years before the survey),39,Births in a private health facility that were delivered by caesarean section (%),52.5,43.8,False,False
Gujarat,Ahmedabad,Delivery Care (for births in the 5 years before the survey),40,Births in a public health facility that were delivered by caesarean section (%),29.5,24.5,False,False
Gujarat,Ahmedabad,Postnatal Care (for last birth in the 5 years before the survey),41,Mothers who received postnatal care from a doctor/nurse/LHV/ANM/midwife/other health personnel within 2,94.7,90.0,False,False
Gujarat,Ahmedabad,Postnatal Care (for last birth in the 5 years before the survey),42,Children born at home who were taken to a health facility for a check-up within 24 hours of birth (%),*,*,True,False
Gujarat,Ahmedabad,Postnatal Care (for last birth in the 5 years before the survey),43,Children who received postnatal care from a doctor/nurse/LHV/ANM/midwife/other health personnel within 2,96.6,86.4,False,False
Gujarat,Ahmedabad,Child Vaccinations and Vitamin A Supplementation,44,Children age 12-23 months fully vaccinated based on information from either vaccination card or mother's,75.6,65.2,True,False
Gujarat,Ahmedabad,Child Vaccinations and Vitamin A Supplementation,45,Children age 12-23 months fully vaccinated based on information from vaccination card only 7 (%),65.3,76.5,True,False
Gujarat,Ahmedabad,Child Vaccinations and Vitamin A Supplementation,46,Children age 12-23 months who have received any vaccine (%),100.0,93.0,True,False
Gujarat,Ahmedabad,Child Vaccinations and Vitamin A Supplementation,47,Children age 12-23 months who have received BCG (%),100.0,93.0,True,False
Gujarat,Ahmedabad,Child Vaccinations and Vitamin A Supplementation,48,Children age 12-23 months who have received 3 doses of polio vaccine8 (%),77.9,69.1,True,False
Gujarat,Ahmedabad,Child Vaccinations and Vitamin A Supplementation,49,Children age 12-23 months who have received 3 doses of pentavalent vaccine (%),86.2,80.0,True,False
Gujarat,Ahmedabad,Child Vaccinations and Vitamin A Supplementation,50,Children age 12-23 months who have received the first dose of measles-containing vaccine (MCV) (%),86.2,82.7,True,False
Gujarat,Ahmedabad,Child Vaccinations and Vitamin A Supplementation,51,Children age 24-35 months who have received a second dose of measles-containing vaccine (MCV) (%),58.8,54.1,True,False
Gujarat,Ahmedabad,Child Vaccinations and Vitamin A Supplementation,52,Children age 12-23 months who have received birth dose of hepatitis B vaccine (%),91.5,58.6,True,False
Gujarat,Ahmedabad,Child Vaccinations and Vitamin A Supplementation,53,Children age 12-23 months who have received 3 doses of rotavirus vaccine (%),81.1,2.2,True,False
Gujarat,Ahmedabad,Child Vaccinations and Vitamin A Supplementation,54,Children age 9-35 months who received a vitamin A dose in the last 6 months (%),74.4,85.1,False,False
Gujarat,Ahmedabad,Child Vaccinations and Vitamin A Supplementation,55,Children age 12-23 months who received most of their vaccinations in a public health facility (%),85.2,89.4,True,False
Gujarat,Ahmedabad,Child Vaccinations and Vitamin A Supplementation,56,Children age 12-23 months who received most of their vaccinations in a private health facility (%),14.9,10.6,True,False
Gujarat,Ahmedabad,Treatment of Childhood Diseases (children under age 5 years),57,Prevalence of diarrhoea in the 2 weeks preceding the survey (%),7.0,1.8,False,False
Gujarat,Ahmedabad,Treatment of Childhood Diseases (children under age 5 years),58,Prevalence of symptoms of acute respiratory infection (ARI) in the 2 weeks preceding the survey (%),1.5,1.0,False,False
Gujarat,Ahmedabad,Treatment of Childhood Diseases (children under age 5 years),59,Children with fever or symptoms of ARI in the 2 weeks preceding the survey taken to a health facility or,*,*,True,False
Gujarat,Ahmedabad,Child Feeding Practices and Nutritional Status of Children,60,Children under age 3 years breastfed within one hour of birth 9 (%),45.4,33.9,False,False
Gujarat,Ahmedabad,Child Feeding Practices and Nutritional Status of Children,61,Children under age 6 months exclusively breastfed10 (%),*,*,True,False
Gujarat,Ahmedabad,Child Feeding Practices and Nutritional Status of Children,62,Children under age 6 months currently breastfeeding10 (%),*,*,True,False
Gujarat,Ahmedabad,Child Feeding Practices and Nutritional Status of Children,63,Children under age 6 months exclusively breastfed or breastfeeding and consuming plain water/other,*,*,True,False
Gujarat,Ahmedabad,Child Feeding Practices and Nutritional Status of Children,64,Children age 6-8 months receiving solid or semi-solid food and breastmilk10 (%),*,*,True,False
Gujarat,Ahmedabad,Child Feeding Practices and Nutritional Status of Children,65,"Breastfeeding children age 6-23 months receiving an adequate diet10, 11 (%)",3.3,3.6,True,False
Gujarat,Ahmedabad,Child Feeding Practices and Nutritional Status of Children,66,"Non-breastfeeding children age 6-23 months receiving an adequate diet 10, 11 (%)",*,*,True,False
Gujarat,Ahmedabad,Child Feeding Practices and Nutritional Status of Children,67,"Total children age 6-23 months receiving an adequate diet10, 11 (%)",9.3,3.0,False,False
Gujarat,Ahmedabad,Child Feeding Practices and Nutritional Status of Children,68,Children under 5 years who are stunted (height-for-age)12 (%),32.2,35.5,False,False
Gujarat,Ahmedabad,Child Feeding Practices and Nutritional Status of Children,69,Children under 5 years who are wasted (weight-for-height)12 (%),15.4,17.5,False,False
Gujarat,Ahmedabad,Child Feeding Practices and Nutritional Status of Children,70,Children under 5 years who are severely wasted (weight-for-height)13 (%),3.6,7.4,False,False
Gujarat,Ahmedabad,Child Feeding Practices and Nutritional Status of Children,71,Children under 5 years who are underweight (weight-for-age)12 (%),25.2,34.0,False,False
Gujarat,Ahmedabad,Child Feeding Practices and Nutritional Status of Children,72,Children under 5 years who are overweight (weight-for-height)14 (%),1.1,4.6,False,False
Gujarat,Ahmedabad,Nutritional Status of Adults (age 15-49 years),73,Women whose Body Mass Index (BMI) is below normal (BMI <18.5 kg/m 2)15 (%),13.7,19.4,False,False
Gujarat,Ahmedabad,Nutritional Status of Adults (age 15-49 years),74,Women who are overweight or obese (BMI ≥25.0 kg/m2)15 (%),47.6,30.1,False,False
Gujarat,Ahmedabad,Women,75,Blood sugar level - high (141-160 mg/dl)16 (%),8.0,10.2,False,False
Gujarat,Ahmedabad,Women,76,Blood sugar level - very high (>160 mg/dl)16 (%),8.9,8.3,False,False
Gujarat,Ahmedabad,Women,77,Blood sugar level - high or very high (>140 mg/dl) or taking medicine to control blood sugar level16 (%),18.7,20.3,False,False
Gujarat,Ahmedabad,Men,78,Blood sugar level - high (141-160 mg/dl)16 (%),8.5,12.0,False,False
Gujarat,Ahmedabad,Men,79,Blood sugar level - very high (>160 mg/dl)16 (%),10.7,7.2,False,False
Gujarat,Ahmedabad,Men,80,Blood sugar level - high or very high (>140 mg/dl) or taking medicine to control blood sugar level 16 (%),21.0,20.1,False,False
Gujarat,Ahmedabad,Women,81,Mildly elevated blood pressure (Systolic 140-159 mm of Hg and/or Diastolic 90-99 mm of Hg) (%),14.9,8.2,False,False
Gujarat,Ahmedabad,Women,82,Moderately or severely elevated blood pressure (Systolic ≥160 mm of Hg and/or Diastolic ≥100 mm,5.5,3.3,False,False
Gujarat,Ahmedabad,Women,83,Elevated blood pressure (Systolic ≥140 mm of Hg and/or Diastolic ≥90 mm of Hg) or taking medicine to,28.7,18.5,False,False
Gujarat,Ahmedabad,Men,84,Mildly elevated blood pressure (Systolic 140-159 mm of Hg and/or Diastolic 90-99 mm of Hg) (%),18.4,8.1,False,False
Gujarat,Ahmedabad,Men,85,Moderately or severely elevated blood pressure (Systolic ≥160 mm of Hg and/or Diastolic ≥100 mm,6.8,3.5,False,False
Gujarat,Ahmedabad,Men,86,Elevated blood pressure (Systolic ≥140 mm of Hg and/or Diastolic ≥90 mm of Hg) or taking medicine to,29.5,16.2,False,False
Gujarat,Ahmedabad,Men,87,Women having a bank or savings account that they themselves use (%),80.3,72.9,False,False
Gujarat,Ahmedabad,Men,88,Women having a mobile phone that they themselves use (%),75.5,71.7,False,False
Gujarat,Ahmedabad,Men,89,Women age 15-24 years who use hygienic methods of protection during their menstrual period17 (%),83.4,66.4,False,False
Gujarat,Ahmedabad,Tobacco Use and Alcohol Consumption among Adults (age 15 years and above),90,Women age 15 years and above who use any kind of tobacco (%),3.7,6.2,False,False
Gujarat,Ahmedabad,Tobacco Use and Alcohol Consumption among Adults (age 15 years and above),91,Men age 15 years and above who use any kind of tobacco (%),31.2,33.4,False,False
Gujarat,Ahmedabad,Tobacco Use and Alcohol Consumption among Adults (age 15 years and above),92,Women age 15 years and above who consume alcohol (%),0.2,0.3,False,False
Gujarat,Ahmedabad,Tobacco Use and Alcohol Consumption among Adults (age 15 years and above),93,Men age 15 years and above who consume alcohol (%),3.9,3.6,False,False
Gujarat,Amreli,Population and Household Profile,1,Population below age 5 years (%),6.6,6.7,False,False
Gujarat,Amreli,Population and Household Profile,2,Population below age 15 years (%),21.8,22.7,False,False
Gujarat,Amreli,Population and Household Profile,3,Population age 60 years and above (%),14.6,14.4,False,False
Gujarat,Amreli,Population and Household Profile,4,Population living in households with electricity (%),99.4,99.6,False,False
Gujarat,Amreli,Population and Household Profile,5,Population living in households with an improved drinking-water source1 (%),99.2,97.8,False,False
Gujarat,Amreli,Population and Household Profile,6,Households using iodized salt (%),94.5,93.5,False,False
Gujarat,Amreli,Population and Household Profile,7,Households with any usual member covered under a health insurance/financing scheme (%),74.1,53.5,False,False
Gujarat,Amreli,Population and Household Profile,8,Households with any usual member having a bank account/post office account (%),98.4,97.3,False,False
Gujarat,Amreli,Population and Household Profile,9,Female population age 6 years and above who ever attended school (%),73.4,69.9,False,False
Gujarat,Amreli,Population and Household Profile,10,Households with any usual female members owning a house and/or land (alone or jointly with others) (%),14.2,7.1,False,False
Gujarat,Amreli,Population and Household Profile,11,Children age 2-4 years who attended pre-school (%),39.7,62.9,False,False
Gujarat,Amreli,Characteristics of Adults (age 15-49 years),12,Women with 10 or more years of schooling (%),32.0,27.2,False,False
Gujarat,Amreli,Characteristics of Adults (age 15-49 years),13,Men with 10 or more years of schooling (%),38.1,28.1,False,False
Gujarat,Amreli,Characteristics of Adults (age 15-49 years),14,Women who have ever used the internet (%),73.3,15.9,False,False
Gujarat,Amreli,Characteristics of Adults (age 15-49 years),15,Men who have ever used the internet (%),88.2,50.7,False,False
Gujarat,Amreli,Marriage and Fertility,16,Women age 20-24 years married before age 18 years (%),7.6,10.5,False,False
Gujarat,Amreli,Marriage and Fertility,17,Men age 25-29 years married before age 21 years (%),*,*,True,False
Gujarat,Amreli,Marriage and Fertility,18,Three or more births in the 5 years preceding the survey (%),2.6,1.3,False,False
Gujarat,Amreli,Marriage and Fertility,19,Women age 15-19 years who were already mothers or pregnant at the time of the survey (%),0.6,1.6,False,False
Gujarat,Amreli,Marriage and Fertility,20,Any method2 (%),65.0,62.2,False,False
Gujarat,Amreli,Marriage and Fertility,21,Any modern method2 (%),49.5,51.9,False,False
Gujarat,Amreli,Marriage and Fertility,22,Any traditional method (%),15.5,10.3,False,False
Gujarat,Amreli,Marriage and Fertility,23,Female sterilization (%),35.2,40.5,False,False
Gujarat,Amreli,Marriage and Fertility,24,Male sterilization (%),0.0,0.2,False,False
Gujarat,Amreli,Marriage and Fertility,25,Total unmet need3 (%),8.6,9.5,False,False
Gujarat,Amreli,Marriage and Fertility,26,Unmet need for spacing3 (%),4.8,5.4,False,False
Gujarat,Amreli,Marriage and Fertility,27,Unmet need for limiting3 (%),3.8,4.1,False,False
Gujarat,Amreli,Antenatal Care (for last birth in the 5 years before the survey),28,Mothers who had an antenatal check-up in the first trimester (%),88.2,93.9,False,False
Gujarat,Amreli,Antenatal Care (for last birth in the 5 years before the survey),29,Mothers who had any antenatal care visits (%),99.1,95.7,False,False
Gujarat,Amreli,Antenatal Care (for last birth in the 5 years before the survey),30,Mothers who had at least 4 antenatal care visits (%),77.6,92.6,False,False
Gujarat,Amreli,Antenatal Care (for last birth in the 5 years before the survey),31,Mothers whose last birth was protected against neonatal tetanus 4 (%),97.8,89.3,False,False
Gujarat,Amreli,Antenatal Care (for last birth in the 5 years before the survey),32,Mothers who consumed iron folic acid for 100 days or more when they were pregnant (%),77.7,73.8,False,False
Gujarat,Amreli,Antenatal Care (for last birth in the 5 years before the survey),33,Mothers who consumed iron folic acid for 180 days or more when they were pregnant (%),62.7,59.2,False,False
Gujarat,Amreli,Antenatal Care (for last birth in the 5 years before the survey),34,Registered pregnancies for which the mother received a Mother and Child Protection (MCP) card (%),98.2,98.3,False,False
Gujarat,Amreli,Delivery Care (for births in the 5 years before the survey),35,Institutional births (%),96.6,90.1,False,False
Gujarat,Amreli,Delivery Care (for births in the 5 years before the survey),36,Institutional births in public facility (%),37.1,45.5,False,False
Gujarat,Amreli,Delivery Care (for births in the 5 years before the survey),37,Births attended by skilled health personnel5 (%),98.1,81.2,False,False
Gujarat,Amreli,Delivery Care (for births in the 5 years before the survey),38,Births delivered by caesarean section (%),28.6,18.7,False,False
Gujarat,Amreli,Delivery Care (for births in the 5 years before the survey),39,Births in a private health facility that were delivered by caesarean section (%),40.2,31.5,False,False
Gujarat,Amreli,Delivery Care (for births in the 5 years before the survey),40,Births in a public health facility that were delivered by caesarean section (%),12.7,10.2,False,False
Gujarat,Amreli,Postnatal Care (for last birth in the 5 years before the survey),41,Mothers who received postnatal care from a doctor/nurse/LHV/ANM/midwife/other health personnel within 2,92.6,87.0,False,False
Gujarat,Amreli,Postnatal Care (for last birth in the 5 years before the survey),42,Children born at home who were taken to a health facility for a check-up within 24 hours of birth (%),*,*,True,False
Gujarat,Amreli,Postnatal Care (for last birth in the 5 years before the survey),43,Children who received postnatal care from a doctor/nurse/LHV/ANM/midwife/other health personnel within 2,94.9,85.9,False,False
Gujarat,Amreli,Child Vaccinations and Vitamin A Supplementation,44,Children age 12-23 months fully vaccinated based on information from either vaccination card or mother's,87.9,60.1,True,False
Gujarat,Amreli,Child Vaccinations and Vitamin A Supplementation,45,Children age 12-23 months fully vaccinated based on information from vaccination card only 7 (%),86.2,68.1,True,False
Gujarat,Amreli,Child Vaccinations and Vitamin A Supplementation,46,Children age 12-23 months who have received any vaccine (%),100.0,98.0,True,False
Gujarat,Amreli,Child Vaccinations and Vitamin A Supplementation,47,Children age 12-23 months who have received BCG (%),100.0,93.4,True,False
Gujarat,Amreli,Child Vaccinations and Vitamin A Supplementation,48,Children age 12-23 months who have received 3 doses of polio vaccine8 (%),89.7,65.8,True,False
Gujarat,Amreli,Child Vaccinations and Vitamin A Supplementation,49,Children age 12-23 months who have received 3 doses of pentavalent vaccine (%),87.9,87.5,True,False
Gujarat,Amreli,Child Vaccinations and Vitamin A Supplementation,50,Children age 12-23 months who have received the first dose of measles-containing vaccine (MCV) (%),95.5,80.5,True,False
Gujarat,Amreli,Child Vaccinations and Vitamin A Supplementation,51,Children age 24-35 months who have received a second dose of measles-containing vaccine (MCV) (%),74.6,51.4,True,False
Gujarat,Amreli,Child Vaccinations and Vitamin A Supplementation,52,Children age 12-23 months who have received birth dose of hepatitis B vaccine (%),87.7,48.5,True,False
Gujarat,Amreli,Child Vaccinations and Vitamin A Supplementation,53,Children age 12-23 months who have received 3 doses of rotavirus vaccine (%),74.0,3.8,True,False
Gujarat,Amreli,Child Vaccinations and Vitamin A Supplementation,54,Children age 9-35 months who received a vitamin A dose in the last 6 months (%),84.3,80.1,False,False
Gujarat,Amreli,Child Vaccinations and Vitamin A Supplementation,55,Children age 12-23 months who received most of their vaccinations in a public health facility (%),93.6,94.4,True,False
Gujarat,Amreli,Child Vaccinations and Vitamin A Supplementation,56,Children age 12-23 months who received most of their vaccinations in a private health facility (%),6.4,3.9,True,False
Gujarat,Amreli,Treatment of Childhood Diseases (children under age 5 years),57,Prevalence of diarrhoea in the 2 weeks preceding the survey (%),2.2,3.5,False,False
Gujarat,Amreli,Treatment of Childhood Diseases (children under age 5 years),58,Prevalence of symptoms of acute respiratory infection (ARI) in the 2 weeks preceding the survey (%),0.4,0.3,False,False
Gujarat,Amreli,Treatment of Childhood Diseases (children under age 5 years),59,Children with fever or symptoms of ARI in the 2 weeks preceding the survey taken to a health facility or,*,*,True,False
Gujarat,Amreli,Child Feeding Practices and Nutritional Status of Children,60,Children under age 3 years breastfed within one hour of birth 9 (%),53.9,40.4,False,False
Gujarat,Amreli,Child Feeding Practices and Nutritional Status of Children,61,Children under age 6 months exclusively breastfed10 (%),85.4,88.2,True,False
Gujarat,Amreli,Child Feeding Practices and Nutritional Status of Children,62,Children under age 6 months currently breastfeeding10 (%),100.0,100.0,True,False
Gujarat,Amreli,Child Feeding Practices and Nutritional Status of Children,63,Children under age 6 months exclusively breastfed or breastfeeding and consuming plain water/other,95.8,92.3,True,False
Gujarat,Amreli,Child Feeding Practices and Nutritional Status of Children,64,Children age 6-8 months receiving solid or semi-solid food and breastmilk10 (%),*,*,True,False
Gujarat,Amreli,Child Feeding Practices and Nutritional Status of Children,65,"Breastfeeding children age 6-23 months receiving an adequate diet10, 11 (%)",4.3,2.8,False,False
Gujarat,Amreli,Child Feeding Practices and Nutritional Status of Children,66,"Non-breastfeeding children age 6-23 months receiving an adequate diet 10, 11 (%)",*,*,True,False
Gujarat,Amreli,Child Feeding Practices and Nutritional Status of Children,67,"Total children age 6-23 months receiving an adequate diet10, 11 (%)",3.6,3.8,False,False
Gujarat,Amreli,Child Feeding Practices and Nutritional Status of Children,68,Children under 5 years who are stunted (height-for-age)12 (%),30.4,35.3,False,False
Gujarat,Amreli,Child Feeding Practices and Nutritional Status of Children,69,Children under 5 years who are wasted (weight-for-height)12 (%),14.2,23.7,False,False
Gujarat,Amreli,Child Feeding Practices and Nutritional Status of Children,70,Children under 5 years who are severely wasted (weight-for-height)13 (%),3.3,7.2,False,False
Gujarat,Amreli,Child Feeding Practices and Nutritional Status of Children,71,Children under 5 years who are underweight (weight-for-age)12 (%),30.6,30.6,False,False
Gujarat,Amreli,Child Feeding Practices and Nutritional Status of Children,72,Children under 5 years who are overweight (weight-for-height)14 (%),0.0,6.8,False,False
Gujarat,Amreli,Nutritional Status of Adults (age 15-49 years),73,Women whose Body Mass Index (BMI) is below normal (BMI <18.5 kg/m 2)15 (%),21.1,18.3,False,False
Gujarat,Amreli,Nutritional Status of Adults (age 15-49 years),74,Women who are overweight or obese (BMI ≥25.0 kg/m2)15 (%),36.7,29.1,False,False
Gujarat,Amreli,Women,75,Blood sugar level - high (141-160 mg/dl)16 (%),8.4,8.3,False,False
Gujarat,Amreli,Women,76,Blood sugar level - very high (>160 mg/dl)16 (%),9.3,6.3,False,False
Gujarat,Amreli,Women,77,Blood sugar level - high or very high (>140 mg/dl) or taking medicine to control blood sugar level16 (%),18.8,15.5,False,False
Gujarat,Amreli,Men,78,Blood sugar level - high (141-160 mg/dl)16 (%),9.2,8.0,False,False
Gujarat,Amreli,Men,79,Blood sugar level - very high (>160 mg/dl)16 (%),9.2,8.3,False,False
Gujarat,Amreli,Men,80,Blood sugar level - high or very high (>140 mg/dl) or taking medicine to control blood sugar level 16 (%),19.2,17.3,False,False
Gujarat,Amreli,Women,81,Mildly elevated blood pressure (Systolic 140-159 mm of Hg and/or Diastolic 90-99 mm of Hg) (%),11.4,8.0,False,False
Gujarat,Amreli,Women,82,Moderately or severely elevated blood pressure (Systolic ≥160 mm of Hg and/or Diastolic ≥100 mm,4.1,4.3,False,False
Gujarat,Amreli,Women,83,Elevated blood pressure (Systolic ≥140 mm of Hg and/or Diastolic ≥90 mm of Hg) or taking medicine to,20.3,18.0,False,False
Gujarat,Amreli,Men,84,Mildly elevated blood pressure (Systolic 140-159 mm of Hg and/or Diastolic 90-99 mm of Hg) (%),14.1,6.3,False,False
Gujarat,Amreli,Men,85,Moderately or severely elevated blood pressure (Systolic ≥160 mm of Hg and/or Diastolic ≥100 mm,4.4,3.1,False,False
Gujarat,Amreli,Men,86,Elevated blood pressure (Systolic ≥140 mm of Hg and/or Diastolic ≥90 mm of Hg) or taking medicine to,22.6,11.5,False,False
Gujarat,Amreli,Men,87,Women having a bank or savings account that they themselves use (%),82.3,74.6,False,False
Gujarat,Amreli,Men,88,Women having a mobile phone that they themselves use (%),54.0,35.8,False,False
Gujarat,Amreli,Men,89,Women age 15-24 years who use hygienic methods of protection during their menstrual period17 (%),70.6,73.8,False,False
Gujarat,Amreli,Tobacco Use and Alcohol Consumption among Adults (age 15 years and above),90,Women age 15 years and above who use any kind of tobacco (%),6.0,5.0,False,False
Gujarat,Amreli,Tobacco Use and Alcohol Consumption among Adults (age 15 years and above),91,Men age 15 years and above who use any kind of tobacco (%),52.2,53.7,False,False
Gujarat,Amreli,Tobacco Use and Alcohol Consumption among Adults (age 15 years and above),92,Women age 15 years and above who consume alcohol (%),0.1,0.4,False,False
Gujarat,Amreli,Tobacco Use and Alcohol Consumption among Adults (age 15 years and above),93,Men age 15 years and above who consume alcohol (%),1.7,1.6,False,False
Gujarat,Anand,Population and Household Profile,1,Population below age 5 years (%),6.7,7.0,False,False
Gujarat,Anand,Population and Household Profile,2,Population below age 15 years (%),22.1,22.2,False,False
Gujarat,Anand,Population and Household Profile,3,Population age 60 years and above (%),14.6,14.1,False,False
Gujarat,Anand,Population and Household Profile,4,Population living in households with electricity (%),97.8,98.0,False,False
Gujarat,Anand,Population and Household Profile,5,Population living in households with an improved drinking-water source1 (%),99.2,99.7,False,False
Gujarat,Anand,Population and Household Profile,6,Households using iodized salt (%),92.7,92.6,False,False
Gujarat,Anand,Population and Household Profile,7,Households with any usual member covered under a health insurance/financing scheme (%),51.1,42.1,False,False
Gujarat,Anand,Population and Household Profile,8,Households with any usual member having a bank account/post office account (%),97.2,92.4,False,False
Gujarat,Anand,Population and Household Profile,9,Female population age 6 years and above who ever attended school (%),81.8,75.2,False,False
Gujarat,Anand,Population and Household Profile,10,Households with any usual female members owning a house and/or land (alone or jointly with others) (%),18.6,14.8,False,False
Gujarat,Anand,Population and Household Profile,11,Children age 2-4 years who attended pre-school (%),54.0,62.3,False,False
Gujarat,Anand,Characteristics of Adults (age 15-49 years),12,Women with 10 or more years of schooling (%),39.9,32.2,False,False
Gujarat,Anand,Characteristics of Adults (age 15-49 years),13,Men with 10 or more years of schooling (%),52.6,36.2,False,False
Gujarat,Anand,Characteristics of Adults (age 15-49 years),14,Women who have ever used the internet (%),50.6,26.1,False,False
Gujarat,Anand,Characteristics of Adults (age 15-49 years),15,Men who have ever used the internet (%),73.4,45.2,False,False
Gujarat,Anand,Marriage and Fertility,16,Women age 20-24 years married before age 18 years (%),22.2,28.0,False,False
Gujarat,Anand,Marriage and Fertility,17,Men age 25-29 years married before age 21 years (%),*,*,True,False
Gujarat,Anand,Marriage and Fertility,18,Three or more births in the 5 years preceding the survey (%),2.0,2.3,False,False
Gujarat,Anand,Marriage and Fertility,19,Women age 15-19 years who were already mothers or pregnant at the time of the survey (%),4.2,7.0,False,False
Gujarat,Anand,Marriage and Fertility,20,Any method2 (%),78.5,53.7,False,False
Gujarat,Anand,Marriage and Fertility,21,Any modern method2 (%),59.3,49.2,False,False
Gujarat,Anand,Marriage and Fertility,22,Any traditional method (%),19.2,4.5,False,False
Gujarat,Anand,Marriage and Fertility,23,Female sterilization (%),43.5,37.6,False,False
Gujarat,Anand,Marriage and Fertility,24,Male sterilization (%),0.3,0.0,False,False
Gujarat,Anand,Marriage and Fertility,25,Total unmet need3 (%),4.7,16.5,False,False
Gujarat,Anand,Marriage and Fertility,26,Unmet need for spacing3 (%),2.7,6.3,False,False
Gujarat,Anand,Marriage and Fertility,27,Unmet need for limiting3 (%),2.0,10.2,False,False
Gujarat,Anand,Antenatal Care (for last birth in the 5 years before the survey),28,Mothers who had an antenatal check-up in the first trimester (%),81.5,74.2,False,False
Gujarat,Anand,Antenatal Care (for last birth in the 5 years before the survey),29,Mothers who had any antenatal care visits (%),94.7,86.4,False,False
Gujarat,Anand,Antenatal Care (for last birth in the 5 years before the survey),30,Mothers who had at least 4 antenatal care visits (%),81.1,64.2,False,False
Gujarat,Anand,Antenatal Care (for last birth in the 5 years before the survey),31,Mothers whose last birth was protected against neonatal tetanus 4 (%),80.2,91.2,False,False
Gujarat,Anand,Antenatal Care (for last birth in the 5 years before the survey),32,Mothers who consumed iron folic acid for 100 days or more when they were pregnant (%),60.4,55.5,False,False
Gujarat,Anand,Antenatal Care (for last birth in the 5 years before the survey),33,Mothers who consumed iron folic acid for 180 days or more when they were pregnant (%),42.8,41.3,False,False
Gujarat,Anand,Antenatal Care (for last birth in the 5 years before the survey),34,Registered pregnancies for which the mother received a Mother and Child Protection (MCP) card (%),95.0,98.6,False,False
Gujarat,Anand,Delivery Care (for births in the 5 years before the survey),35,Institutional births (%),99.6,96.0,False,False
Gujarat,Anand,Delivery Care (for births in the 5 years before the survey),36,Institutional births in public facility (%),51.2,41.2,False,False
Gujarat,Anand,Delivery Care (for births in the 5 years before the survey),37,Births attended by skilled health personnel5 (%),93.7,95.2,False,False
Gujarat,Anand,Delivery Care (for births in the 5 years before the survey),38,Births delivered by caesarean section (%),35.9,22.4,False,False
Gujarat,Anand,Delivery Care (for births in the 5 years before the survey),39,Births in a private health facility that were delivered by caesarean section (%),53.6,34.0,False,False
Gujarat,Anand,Delivery Care (for births in the 5 years before the survey),40,Births in a public health facility that were delivered by caesarean section (%),19.4,9.1,False,False
Gujarat,Anand,Postnatal Care (for last birth in the 5 years before the survey),41,Mothers who received postnatal care from a doctor/nurse/LHV/ANM/midwife/other health personnel within 2,83.4,90.3,False,False
Gujarat,Anand,Postnatal Care (for last birth in the 5 years before the survey),42,Children born at home who were taken to a health facility for a check-up within 24 hours of birth (%),*,*,True,False
Gujarat,Anand,Postnatal Care (for last birth in the 5 years before the survey),43,Children who received postnatal care from a doctor/nurse/LHV/ANM/midwife/other health personnel within 2,87.8,88.6,False,False
Gujarat,Anand,Child Vaccinations and Vitamin A Supplementation,44,Children age 12-23 months fully vaccinated based on information from either vaccination card or mother's,91.6,77.0,True,False
Gujarat,Anand,Child Vaccinations and Vitamin A Supplementation,45,Children age 12-23 months fully vaccinated based on information from vaccination card only 7 (%),89.5,85.4,True,False
Gujarat,Anand,Child Vaccinations and Vitamin A Supplementation,46,Children age 12-23 months who have received any vaccine (%),100.0,98.1,True,False
Gujarat,Anand,Child Vaccinations and Vitamin A Supplementation,47,Children age 12-23 months who have received BCG (%),100.0,98.1,True,False
Gujarat,Anand,Child Vaccinations and Vitamin A Supplementation,48,Children age 12-23 months who have received 3 doses of polio vaccine8 (%),93.5,81.8,True,False
Gujarat,Anand,Child Vaccinations and Vitamin A Supplementation,49,Children age 12-23 months who have received 3 doses of pentavalent vaccine (%),94.3,89.0,True,False
Gujarat,Anand,Child Vaccinations and Vitamin A Supplementation,50,Children age 12-23 months who have received the first dose of measles-containing vaccine (MCV) (%),96.1,91.9,True,False
Gujarat,Anand,Child Vaccinations and Vitamin A Supplementation,51,Children age 24-35 months who have received a second dose of measles-containing vaccine (MCV) (%),72.0,37.8,True,False
Gujarat,Anand,Child Vaccinations and Vitamin A Supplementation,52,Children age 12-23 months who have received birth dose of hepatitis B vaccine (%),95.2,45.2,True,False
Gujarat,Anand,Child Vaccinations and Vitamin A Supplementation,53,Children age 12-23 months who have received 3 doses of rotavirus vaccine (%),86.1,2.1,True,False
Gujarat,Anand,Child Vaccinations and Vitamin A Supplementation,54,Children age 9-35 months who received a vitamin A dose in the last 6 months (%),89.0,91.4,False,False
Gujarat,Anand,Child Vaccinations and Vitamin A Supplementation,55,Children age 12-23 months who received most of their vaccinations in a public health facility (%),94.7,94.1,True,False
Gujarat,Anand,Child Vaccinations and Vitamin A Supplementation,56,Children age 12-23 months who received most of their vaccinations in a private health facility (%),5.4,6.0,True,False
Gujarat,Anand,Treatment of Childhood Diseases (children under age 5 years),57,Prevalence of diarrhoea in the 2 weeks preceding the survey (%),8.4,11.7,False,False
Gujarat,Anand,Treatment of Childhood Diseases (children under age 5 years),58,Prevalence of symptoms of acute respiratory infection (ARI) in the 2 weeks preceding the survey (%),0.0,0.0,False,False
Gujarat,Anand,Treatment of Childhood Diseases (children under age 5 years),59,Children with fever or symptoms of ARI in the 2 weeks preceding the survey taken to a health facility or,*,83.9,True,False
Gujarat,Anand,Child Feeding Practices and Nutritional Status of Children,60,Children under age 3 years breastfed within one hour of birth 9 (%),49.7,33.7,False,False
Gujarat,Anand,Child Feeding Practices and Nutritional Status of Children,61,Children under age 6 months exclusively breastfed10 (%),*,*,True,False
Gujarat,Anand,Child Feeding Practices and Nutritional Status of Children,62,Children under age 6 months currently breastfeeding10 (%),*,*,True,False
Gujarat,Anand,Child Feeding Practices and Nutritional Status of Children,63,Children under age 6 months exclusively breastfed or breastfeeding and consuming plain water/other,*,*,True,False
Gujarat,Anand,Child Feeding Practices and Nutritional Status of Children,64,Children age 6-8 months receiving solid or semi-solid food and breastmilk10 (%),*,*,True,False
Gujarat,Anand,Child Feeding Practices and Nutritional Status of Children,65,"Breastfeeding children age 6-23 months receiving an adequate diet10, 11 (%)",8.9,10.6,False,False
Gujarat,Anand,Child Feeding Practices and Nutritional Status of Children,66,"Non-breastfeeding children age 6-23 months receiving an adequate diet 10, 11 (%)",*,*,True,False
Gujarat,Anand,Child Feeding Practices and Nutritional Status of Children,67,"Total children age 6-23 months receiving an adequate diet10, 11 (%)",6.9,11.5,False,False
Gujarat,Anand,Child Feeding Practices and Nutritional Status of Children,68,Children under 5 years who are stunted (height-for-age)12 (%),39.0,38.4,False,False
Gujarat,Anand,Child Feeding Practices and Nutritional Status of Children,69,Children under 5 years who are wasted (weight-for-height)12 (%),19.6,28.6,False,False
Gujarat,Anand,Child Feeding Practices and Nutritional Status of Children,70,Children under 5 years who are severely wasted (weight-for-height)13 (%),5.4,10.9,False,False
Gujarat,Anand,Child Feeding Practices and Nutritional Status of Children,71,Children under 5 years who are underweight (weight-for-age)12 (%),41.3,46.6,False,False
Gujarat,Anand,Child Feeding Practices and Nutritional Status of Children,72,Children under 5 years who are overweight (weight-for-height)14 (%),2.2,3.8,False,False
Gujarat,Anand,Nutritional Status of Adults (age 15-49 years),73,Women whose Body Mass Index (BMI) is below normal (BMI <18.5 kg/m 2)15 (%),27.6,32.0,False,False
Gujarat,Anand,Nutritional Status of Adults (age 15-49 years),74,Women who are overweight or obese (BMI ≥25.0 kg/m2)15 (%),23.4,20.9,False,False
Gujarat,Anand,Women,75,Blood sugar level - high (141-160 mg/dl)16 (%),7.9,9.8,False,False
Gujarat,Anand,Women,76,Blood sugar level - very high (>160 mg/dl)16 (%),9.6,6.0,False,False
Gujarat,Anand,Women,77,Blood sugar level - high or very high (>140 mg/dl) or taking medicine to control blood sugar level16 (%),18.8,16.6,False,False
Gujarat,Anand,Men,78,Blood sugar level - high (141-160 mg/dl)16 (%),13.4,8.4,False,False
Gujarat,Anand,Men,79,Blood sugar level - very high (>160 mg/dl)16 (%),10.2,6.3,False,False
Gujarat,Anand,Men,80,Blood sugar level - high or very high (>140 mg/dl) or taking medicine to control blood sugar level 16 (%),24.4,15.5,False,False
Gujarat,Anand,Women,81,Mildly elevated blood pressure (Systolic 140-159 mm of Hg and/or Diastolic 90-99 mm of Hg) (%),7.8,15.4,False,False
Gujarat,Anand,Women,82,Moderately or severely elevated blood pressure (Systolic ≥160 mm of Hg and/or Diastolic ≥100 mm,5.2,6.1,False,False
Gujarat,Anand,Women,83,Elevated blood pressure (Systolic ≥140 mm of Hg and/or Diastolic ≥90 mm of Hg) or taking medicine to,18.1,26.6,False,False
Gujarat,Anand,Men,84,Mildly elevated blood pressure (Systolic 140-159 mm of Hg and/or Diastolic 90-99 mm of Hg) (%),8.0,16.6,False,False
Gujarat,Anand,Men,85,Moderately or severely elevated blood pressure (Systolic ≥160 mm of Hg and/or Diastolic ≥100 mm,5.0,6.9,False,False
Gujarat,Anand,Men,86,Elevated blood pressure (Systolic ≥140 mm of Hg and/or Diastolic ≥90 mm of Hg) or taking medicine to,16.1,26.9,False,False
Gujarat,Anand,Men,87,Women having a bank or savings account that they themselves use (%),83.5,66.7,False,False
Gujarat,Anand,Men,88,Women having a mobile phone that they themselves use (%),48.3,44.1,False,False
Gujarat,Anand,Men,89,Women age 15-24 years who use hygienic methods of protection during their menstrual period17 (%),65.2,69.1,False,False
Gujarat,Anand,Tobacco Use and Alcohol Consumption among Adults (age 15 years and above),90,Women age 15 years and above who use any kind of tobacco (%),10.8,7.3,False,False
Gujarat,Anand,Tobacco Use and Alcohol Consumption among Adults (age 15 years and above),91,Men age 15 years and above who use any kind of tobacco (%),42.1,35.8,False,False
Gujarat,Anand,Tobacco Use and Alcohol Consumption among Adults (age 15 years and above),92,Women age 15 years and above who consume alcohol (%),0.2,0.3,False,False
Gujarat,Anand,Tobacco Use and Alcohol Consumption among Adults (age 15 years and above),93,Men age 15 years and above who consume alcohol (%),4.3,4.8,False,False
Gujarat,Aravali,Population and Household Profile,1,Population below age 5 years (%),8.6,7.8,False,False
Gujarat,Aravali,Population and Household Profile,2,Population below age 15 years (%),26.3,25.5,False,False
Gujarat,Aravali,Population and Household Profile,3,Population age 60 years and above (%),12.5,10.6,False,False
Gujarat,Aravali,Population and Household Profile,4,Population living in households with electricity (%),97.3,96.5,False,False
Gujarat,Aravali,Population and Household Profile,5,Population living in households with an improved drinking-water source1 (%),98.4,98.5,False,False
Gujarat,Aravali,Population and Household Profile,6,Households using iodized salt (%),99.4,93.5,False,False
Gujarat,Aravali,Population and Household Profile,7,Households with any usual member covered under a health insurance/financing scheme (%),61.5,50.8,False,False
Gujarat,Aravali,Population and Household Profile,8,Households with any usual member having a bank account/post office account (%),98.9,94.0,False,False
Gujarat,Aravali,Population and Household Profile,9,Female population age 6 years and above who ever attended school (%),72.9,68.6,False,False
Gujarat,Aravali,Population and Household Profile,10,Households with any usual female members owning a house and/or land (alone or jointly with others) (%),15.1,10.6,False,False
Gujarat,Aravali,Population and Household Profile,11,Children age 2-4 years who attended pre-school (%),65.1,56.2,False,False
Gujarat,Aravali,Characteristics of Adults (age 15-49 years),12,Women with 10 or more years of schooling (%),35.2,34.7,False,False
Gujarat,Aravali,Characteristics of Adults (age 15-49 years),13,Men with 10 or more years of schooling (%),51.0,42.5,False,False
Gujarat,Aravali,Characteristics of Adults (age 15-49 years),14,Women who have ever used the internet (%),47.3,8.7,False,False
Gujarat,Aravali,Characteristics of Adults (age 15-49 years),15,Men who have ever used the internet (%),77.3,42.3,False,False
Gujarat,Aravali,Marriage and Fertility,16,Women age 20-24 years married before age 18 years (%),26.2,27.0,False,False
Gujarat,Aravali,Marriage and Fertility,17,Men age 25-29 years married before age 21 years (%),13.5,64.4,True,False
Gujarat,Aravali,Marriage and Fertility,18,Three or more births in the 5 years preceding the survey (%),3.8,2.7,False,False
Gujarat,Aravali,Marriage and Fertility,19,Women age 15-19 years who were already mothers or pregnant at the time of the survey (%),8.2,6.7,False,False
Gujarat,Aravali,Marriage and Fertility,20,Any method2 (%),78.7,68.7,False,False
Gujarat,Aravali,Marriage and Fertility,21,Any modern method2 (%),53.2,56.3,False,False
Gujarat,Aravali,Marriage and Fertility,22,Any traditional method (%),25.5,12.4,False,False
Gujarat,Aravali,Marriage and Fertility,23,Female sterilization (%),43.4,43.5,False,False
Gujarat,Aravali,Marriage and Fertility,24,Male sterilization (%),0.0,0.1,False,False
Gujarat,Aravali,Marriage and Fertility,25,Total unmet need3 (%),5.2,11.2,False,False
Gujarat,Aravali,Marriage and Fertility,26,Unmet need for spacing3 (%),3.8,5.0,False,False
Gujarat,Aravali,Marriage and Fertility,27,Unmet need for limiting3 (%),1.4,6.2,False,False
Gujarat,Aravali,Antenatal Care (for last birth in the 5 years before the survey),28,Mothers who had an antenatal check-up in the first trimester (%),78.8,62.6,False,False
Gujarat,Aravali,Antenatal Care (for last birth in the 5 years before the survey),29,Mothers who had any antenatal care visits (%),95.5,89.2,False,False
Gujarat,Aravali,Antenatal Care (for last birth in the 5 years before the survey),30,Mothers who had at least 4 antenatal care visits (%),92.5,73.8,False,False
Gujarat,Aravali,Antenatal Care (for last birth in the 5 years before the survey),31,Mothers whose last birth was protected against neonatal tetanus 4 (%),94.5,89.7,False,False
Gujarat,Aravali,Antenatal Care (for last birth in the 5 years before the survey),32,Mothers who consumed iron folic acid for 100 days or more when they were pregnant (%),73.1,56.0,False,False
Gujarat,Aravali,Antenatal Care (for last birth in the 5 years before the survey),33,Mothers who consumed iron folic acid for 180 days or more when they were pregnant (%),60.8,41.4,False,False
Gujarat,Aravali,Antenatal Care (for last birth in the 5 years before the survey),34,Registered pregnancies for which the mother received a Mother and Child Protection (MCP) card (%),99.2,95.8,False,False
Gujarat,Aravali,Delivery Care (for births in the 5 years before the survey),35,Institutional births (%),96.1,92.2,False,False
Gujarat,Aravali,Delivery Care (for births in the 5 years before the survey),36,Institutional births in public facility (%),24.6,34.8,False,False
Gujarat,Aravali,Delivery Care (for births in the 5 years before the survey),37,Births attended by skilled health personnel5 (%),96.9,93.0,False,False
Gujarat,Aravali,Delivery Care (for births in the 5 years before the survey),38,Births delivered by caesarean section (%),27.6,21.0,False,False
Gujarat,Aravali,Delivery Care (for births in the 5 years before the survey),39,Births in a private health facility that were delivered by caesarean section (%),33.4,27.6,False,False
Gujarat,Aravali,Delivery Care (for births in the 5 years before the survey),40,Births in a public health facility that were delivered by caesarean section (%),15.1,14.7,False,False
Gujarat,Aravali,Postnatal Care (for last birth in the 5 years before the survey),41,Mothers who received postnatal care from a doctor/nurse/LHV/ANM/midwife/other health personnel within 2,94.8,87.6,False,False
Gujarat,Aravali,Postnatal Care (for last birth in the 5 years before the survey),42,Children born at home who were taken to a health facility for a check-up within 24 hours of birth (%),*,*,True,False
Gujarat,Aravali,Postnatal Care (for last birth in the 5 years before the survey),43,Children who received postnatal care from a doctor/nurse/LHV/ANM/midwife/other health personnel within 2,94.1,85.1,False,False
Gujarat,Aravali,Child Vaccinations and Vitamin A Supplementation,44,Children age 12-23 months fully vaccinated based on information from either vaccination card or mother's,96.2,77.0,False,False
Gujarat,Aravali,Child Vaccinations and Vitamin A Supplementation,45,Children age 12-23 months fully vaccinated based on information from vaccination card only 7 (%),98.8,86.9,False,False
Gujarat,Aravali,Child Vaccinations and Vitamin A Supplementation,46,Children age 12-23 months who have received any vaccine (%),98.5,95.2,False,False
Gujarat,Aravali,Child Vaccinations and Vitamin A Supplementation,47,Children age 12-23 months who have received BCG (%),98.5,95.2,False,False
Gujarat,Aravali,Child Vaccinations and Vitamin A Supplementation,48,Children age 12-23 months who have received 3 doses of polio vaccine8 (%),96.2,81.8,False,False
Gujarat,Aravali,Child Vaccinations and Vitamin A Supplementation,49,Children age 12-23 months who have received 3 doses of pentavalent vaccine (%),97.4,87.9,False,False
Gujarat,Aravali,Child Vaccinations and Vitamin A Supplementation,50,Children age 12-23 months who have received the first dose of measles-containing vaccine (MCV) (%),98.5,88.1,False,False
Gujarat,Aravali,Child Vaccinations and Vitamin A Supplementation,51,Children age 24-35 months who have received a second dose of measles-containing vaccine (MCV) (%),91.0,39.5,False,False
Gujarat,Aravali,Child Vaccinations and Vitamin A Supplementation,52,Children age 12-23 months who have received birth dose of hepatitis B vaccine (%),97.2,71.2,False,False
Gujarat,Aravali,Child Vaccinations and Vitamin A Supplementation,53,Children age 12-23 months who have received 3 doses of rotavirus vaccine (%),88.2,5.9,False,False
Gujarat,Aravali,Child Vaccinations and Vitamin A Supplementation,54,Children age 9-35 months who received a vitamin A dose in the last 6 months (%),96.8,84.6,False,False
Gujarat,Aravali,Child Vaccinations and Vitamin A Supplementation,55,Children age 12-23 months who received most of their vaccinations in a public health facility (%),97.7,92.3,False,False
Gujarat,Aravali,Child Vaccinations and Vitamin A Supplementation,56,Children age 12-23 months who received most of their vaccinations in a private health facility (%),2.4,7.7,False,False
Gujarat,Aravali,Treatment of Childhood Diseases (children under age 5 years),57,Prevalence of diarrhoea in the 2 weeks preceding the survey (%),9.6,16.6,False,False
Gujarat,Aravali,Treatment of Childhood Diseases (children under age 5 years),58,Prevalence of symptoms of acute respiratory infection (ARI) in the 2 weeks preceding the survey (%),1.2,1.8,False,False
Gujarat,Aravali,Treatment of Childhood Diseases (children under age 5 years),59,Children with fever or symptoms of ARI in the 2 weeks preceding the survey taken to a health facility or,62.8,69.4,True,False
Gujarat,Aravali,Child Feeding Practices and Nutritional Status of Children,60,Children under age 3 years breastfed within one hour of birth9 (%),40.7,33.0,False,False
Gujarat,Aravali,Child Feeding Practices and Nutritional Status of Children,61,Children under age 6 months exclusively breastfed10 (%),67.3,51.0,True,False
Gujarat,Aravali,Child Feeding Practices and Nutritional Status of Children,62,Children under age 6 months currently breastfeeding10 (%),92.7,94.2,True,False
Gujarat,Aravali,Child Feeding Practices and Nutritional Status of Children,63,Children under age 6 months exclusively breastfed or breastfeeding and consuming plain water/other,85.6,71.3,True,False
Gujarat,Aravali,Child Feeding Practices and Nutritional Status of Children,64,Children age 6-8 months receiving solid or semi-solid food and breastmilk10 (%),*,*,True,False
Gujarat,Aravali,Child Feeding Practices and Nutritional Status of Children,65,"Breastfeeding children age 6-23 months receiving an adequate diet10, 11 (%)",5.8,10.1,False,False
Gujarat,Aravali,Child Feeding Practices and Nutritional Status of Children,66,"Non-breastfeeding children age 6-23 months receiving an adequate diet 10, 11 (%)",*,*,True,False
Gujarat,Aravali,Child Feeding Practices and Nutritional Status of Children,67,"Total children age 6-23 months receiving an adequate diet10, 11 (%)",5.6,9.4,False,False
Gujarat,Aravali,Child Feeding Practices and Nutritional Status of Children,68,Children under 5 years who are stunted (height-for-age)12 (%),37.4,47.1,False,False
Gujarat,Aravali,Child Feeding Practices and Nutritional Status of Children,69,Children under 5 years who are wasted (weight-for-height)12 (%),26.9,29.0,False,False
Gujarat,Aravali,Child Feeding Practices and Nutritional Status of Children,70,Children under 5 years who are severely wasted (weight-for-height)13 (%),6.7,9.3,False,False
Gujarat,Aravali,Child Feeding Practices and Nutritional Status of Children,71,Children under 5 years who are underweight (weight-for-age)12 (%),43.6,47.2,False,False
Gujarat,Aravali,Child Feeding Practices and Nutritional Status of Children,72,Children under 5 years who are overweight (weight-for-height)14 (%),2.2,3.3,False,False
Gujarat,Aravali,Nutritional Status of Adults (age 15-49 years),73,Women whose Body Mass Index (BMI) is below normal (BMI <18.5 kg/m 2)15 (%),35.0,34.4,False,False
Gujarat,Aravali,Nutritional Status of Adults (age 15-49 years),74,Women who are overweight or obese (BMI ≥25.0 kg/m2)15 (%),16.8,18.1,False,False
Gujarat,Aravali,Women,75,Blood sugar level - high (141-160 mg/dl)16 (%),6.6,6.7,False,False
Gujarat,Aravali,Women,76,Blood sugar level - very high (>160 mg/dl)16 (%),5.7,5.2,False,False
Gujarat,Aravali,Women,77,Blood sugar level - high or very high (>140 mg/dl) or taking medicine to control blood sugar level16 (%),13.0,12.4,False,False
Gujarat,Aravali,Men,78,Blood sugar level - high (141-160 mg/dl)16 (%),7.4,7.9,False,False
Gujarat,Aravali,Men,79,Blood sugar level - very high (>160 mg/dl)16 (%),7.7,6.6,False,False
Gujarat,Aravali,Men,80,Blood sugar level - high or very high (>140 mg/dl) or taking medicine to control blood sugar level 16 (%),15.9,15.1,False,False
Gujarat,Aravali,Women,81,Mildly elevated blood pressure (Systolic 140-159 mm of Hg and/or Diastolic 90-99 mm of Hg) (%),9.4,11.6,False,False
Gujarat,Aravali,Women,82,Moderately or severely elevated blood pressure (Systolic ≥160 mm of Hg and/or Diastolic ≥100 mm,3.4,6.9,False,False
Gujarat,Aravali,Women,83,Elevated blood pressure (Systolic ≥140 mm of Hg and/or Diastolic ≥90 mm of Hg) or taking medicine to,17.7,21.0,False,False
Gujarat,Aravali,Men,84,Mildly elevated blood pressure (Systolic 140-159 mm of Hg and/or Diastolic 90-99 mm of Hg) (%),11.2,15.3,False,False
Gujarat,Aravali,Men,85,Moderately or severely elevated blood pressure (Systolic ≥160 mm of Hg and/or Diastolic ≥100 mm,5.3,4.9,False,False
Gujarat,Aravali,Men,86,Elevated blood pressure (Systolic ≥140 mm of Hg and/or Diastolic ≥90 mm of Hg) or taking medicine to,19.9,22.0,False,False
Gujarat,Aravali,Men,87,Women having a bank or savings account that they themselves use (%),88.3,61.8,False,False
Gujarat,Aravali,Men,88,Women having a mobile phone that they themselves use (%),40.1,26.6,False,False
Gujarat,Aravali,Men,89,Women age 15-24 years who use hygienic methods of protection during their menstrual period17 (%),43.5,52.7,False,False
Gujarat,Aravali,Tobacco Use and Alcohol Consumption among Adults (age 15 years and above),90,Women age 15 years and above who use any kind of tobacco (%),9.8,9.6,False,False
Gujarat,Aravali,Tobacco Use and Alcohol Consumption among Adults (age 15 years and above),91,Men age 15 years and above who use any kind of tobacco (%),46.1,45.8,False,False
Gujarat,Aravali,Tobacco Use and Alcohol Consumption among Adults (age 15 years and above),92,Women age 15 years and above who consume alcohol (%),0.2,0.3,False,False
Gujarat,Aravali,Tobacco Use and Alcohol Consumption among Adults (age 15 years and above),93,Men age 15 years and above who consume alcohol (%),5.2,5.2,False,False
Gujarat,Banas Kantha,Population and Household Profile,1,Population below age 5 years (%),9.4,9.5,False,False
Gujarat,Banas Kantha,Population and Household Profile,2,Population below age 15 years (%),27.2,29.2,False,False
Gujarat,Banas Kantha,Population and Household Profile,3,Population age 60 years and above (%),10.9,9.8,False,False
Gujarat,Banas Kantha,Population and Household Profile,4,Population living in households with electricity (%),94.7,91.1,False,False
Gujarat,Banas Kantha,Population and Household Profile,5,Population living in households with an improved drinking-water source1 (%),97.1,93.6,False,False
Gujarat,Banas Kantha,Population and Household Profile,6,Households using iodized salt (%),98.0,96.6,False,False
Gujarat,Banas Kantha,Population and Household Profile,7,Households with any usual member covered under a health insurance/financing scheme (%),53.5,46.0,False,False
Gujarat,Banas Kantha,Population and Household Profile,8,Households with any usual member having a bank account/post office account (%),97.7,95.1,False,False
Gujarat,Banas Kantha,Population and Household Profile,9,Female population age 6 years and above who ever attended school (%),64.2,61.1,False,False
Gujarat,Banas Kantha,Population and Household Profile,10,Households with any usual female members owning a house and/or land (alone or jointly with others) (%),9.1,9.0,False,False
Gujarat,Banas Kantha,Population and Household Profile,11,Children age 2-4 years who attended pre-school (%),37.8,39.3,False,False
Gujarat,Banas Kantha,Characteristics of Adults (age 15-49 years),12,Women with 10 or more years of schooling (%),20.8,17.6,False,False
Gujarat,Banas Kantha,Characteristics of Adults (age 15-49 years),13,Men with 10 or more years of schooling (%),31.9,40.6,False,False
Gujarat,Banas Kantha,Characteristics of Adults (age 15-49 years),14,Women who have ever used the internet (%),53.6,11.9,False,False
Gujarat,Banas Kantha,Characteristics of Adults (age 15-49 years),15,Men who have ever used the internet (%),83.2,49.3,False,False
Gujarat,Banas Kantha,Marriage and Fertility,16,Women age 20-24 years married before age 18 years (%),29.9,37.3,False,False
Gujarat,Banas Kantha,Marriage and Fertility,17,Men age 25-29 years married before age 21 years (%),*,*,True,False
Gujarat,Banas Kantha,Marriage and Fertility,18,Three or more births in the 5 years preceding the survey (%),3.8,4.8,False,False
Gujarat,Banas Kantha,Marriage and Fertility,19,Women age 15-19 years who were already mothers or pregnant at the time of the survey (%),4.3,5.1,False,False
Gujarat,Banas Kantha,Marriage and Fertility,20,Any method2 (%),69.3,42.6,False,False
Gujarat,Banas Kantha,Marriage and Fertility,21,Any modern method2 (%),47.8,37.5,False,False
Gujarat,Banas Kantha,Marriage and Fertility,22,Any traditional method (%),21.5,5.1,False,False
Gujarat,Banas Kantha,Marriage and Fertility,23,Female sterilization (%),31.1,29.1,False,False
Gujarat,Banas Kantha,Marriage and Fertility,24,Male sterilization (%),0.1,0.0,False,False
Gujarat,Banas Kantha,Marriage and Fertility,25,Total unmet need3 (%),10.2,18.5,False,False
Gujarat,Banas Kantha,Marriage and Fertility,26,Unmet need for spacing3 (%),6.3,6.9,False,False
Gujarat,Banas Kantha,Marriage and Fertility,27,Unmet need for limiting3 (%),3.9,11.6,False,False
Gujarat,Banas Kantha,Antenatal Care (for last birth in the 5 years before the survey),28,Mothers who had an antenatal check-up in the first trimester (%),84.3,68.0,False,False
Gujarat,Banas Kantha,Antenatal Care (for last birth in the 5 years before the survey),29,Mothers who had any antenatal care visits (%),96.7,87.9,False,False
Gujarat,Banas Kantha,Antenatal Care (for last birth in the 5 years before the survey),30,Mothers who had at least 4 antenatal care visits (%),86.0,56.1,False,False
Gujarat,Banas Kantha,Antenatal Care (for last birth in the 5 years before the survey),31,Mothers whose last birth was protected against neonatal tetanus 4 (%),91.2,74.5,False,False
Gujarat,Banas Kantha,Antenatal Care (for last birth in the 5 years before the survey),32,Mothers who consumed iron folic acid for 100 days or more when they were pregnant (%),72.2,56.8,False,False
Gujarat,Banas Kantha,Antenatal Care (for last birth in the 5 years before the survey),33,Mothers who consumed iron folic acid for 180 days or more when they were pregnant (%),41.3,42.7,False,False
Gujarat,Banas Kantha,Antenatal Care (for last birth in the 5 years before the survey),34,Registered pregnancies for which the mother received a Mother and Child Protection (MCP) card (%),96.3,92.9,False,False
Gujarat,Banas Kantha,Delivery Care (for births in the 5 years before the survey),35,Institutional births (%),97.2,92.9,False,False
Gujarat,Banas Kantha,Delivery Care (for births in the 5 years before the survey),36,Institutional births in public facility (%),25.2,29.1,False,False
Gujarat,Banas Kantha,Delivery Care (for births in the 5 years before the survey),37,Births attended by skilled health personnel5 (%),97.2,92.7,False,False
Gujarat,Banas Kantha,Delivery Care (for births in the 5 years before the survey),38,Births delivered by caesarean section (%),20.7,18.5,False,False
Gujarat,Banas Kantha,Delivery Care (for births in the 5 years before the survey),39,Births in a private health facility that were delivered by caesarean section (%),26.6,24.7,False,False
Gujarat,Banas Kantha,Delivery Care (for births in the 5 years before the survey),40,Births in a public health facility that were delivered by caesarean section (%),6.2,9.5,False,False
Gujarat,Banas Kantha,Postnatal Care (for last birth in the 5 years before the survey),41,Mothers who received postnatal care from a doctor/nurse/LHV/ANM/midwife/other health personnel within 2,85.7,86.1,False,False
Gujarat,Banas Kantha,Postnatal Care (for last birth in the 5 years before the survey),42,Children born at home who were taken to a health facility for a check-up within 24 hours of birth (%),*,*,True,False
Gujarat,Banas Kantha,Postnatal Care (for last birth in the 5 years before the survey),43,Children who received postnatal care from a doctor/nurse/LHV/ANM/midwife/other health personnel within 2,88.8,87.4,False,False
Gujarat,Banas Kantha,Child Vaccinations and Vitamin A Supplementation,44,Children age 12-23 months fully vaccinated based on information from either vaccination card or mother's,64.6,43.5,False,False
Gujarat,Banas Kantha,Child Vaccinations and Vitamin A Supplementation,45,Children age 12-23 months fully vaccinated based on information from vaccination card only 7 (%),72.8,66.5,True,False
Gujarat,Banas Kantha,Child Vaccinations and Vitamin A Supplementation,46,Children age 12-23 months who have received any vaccine (%),87.0,90.6,False,False
Gujarat,Banas Kantha,Child Vaccinations and Vitamin A Supplementation,47,Children age 12-23 months who have received BCG (%),87.0,86.4,False,False
Gujarat,Banas Kantha,Child Vaccinations and Vitamin A Supplementation,48,Children age 12-23 months who have received 3 doses of polio vaccine8 (%),64.6,52.2,False,False
Gujarat,Banas Kantha,Child Vaccinations and Vitamin A Supplementation,49,Children age 12-23 months who have received 3 doses of pentavalent vaccine (%),68.0,64.1,False,False
Gujarat,Banas Kantha,Child Vaccinations and Vitamin A Supplementation,50,Children age 12-23 months who have received the first dose of measles-containing vaccine (MCV) (%),74.3,63.7,False,False
Gujarat,Banas Kantha,Child Vaccinations and Vitamin A Supplementation,51,Children age 24-35 months who have received a second dose of measles-containing vaccine (MCV) (%),57.5,21.7,False,False
Gujarat,Banas Kantha,Child Vaccinations and Vitamin A Supplementation,52,Children age 12-23 months who have received birth dose of hepatitis B vaccine (%),76.2,51.6,False,False
Gujarat,Banas Kantha,Child Vaccinations and Vitamin A Supplementation,53,Children age 12-23 months who have received 3 doses of rotavirus vaccine (%),65.4,1.8,False,False
Gujarat,Banas Kantha,Child Vaccinations and Vitamin A Supplementation,54,Children age 9-35 months who received a vitamin A dose in the last 6 months (%),68.3,75.5,False,False
Gujarat,Banas Kantha,Child Vaccinations and Vitamin A Supplementation,55,Children age 12-23 months who received most of their vaccinations in a public health facility (%),88.5,87.3,False,False
Gujarat,Banas Kantha,Child Vaccinations and Vitamin A Supplementation,56,Children age 12-23 months who received most of their vaccinations in a private health facility (%),10.5,12.7,False,False
Gujarat,Banas Kantha,Treatment of Childhood Diseases (children under age 5 years),57,Prevalence of diarrhoea in the 2 weeks preceding the survey (%),4.1,7.7,False,False
Gujarat,Banas Kantha,Treatment of Childhood Diseases (children under age 5 years),58,Prevalence of symptoms of acute respiratory infection (ARI) in the 2 weeks preceding the survey (%),2.1,0.0,False,False
Gujarat,Banas Kantha,Treatment of Childhood Diseases (children under age 5 years),59,Children with fever or symptoms of ARI in the 2 weeks preceding the survey taken to a health facility or,73.8,67.1,True,False
Gujarat,Banas Kantha,Child Feeding Practices and Nutritional Status of Children,60,Children under age 3 years breastfed within one hour of birth 9 (%),48.2,47.9,False,False
Gujarat,Banas Kantha,Child Feeding Practices and Nutritional Status of Children,61,Children under age 6 months exclusively breastfed10 (%),76.8,57.5,True,False
Gujarat,Banas Kantha,Child Feeding Practices and Nutritional Status of Children,62,Children under age 6 months currently breastfeeding10 (%),95.1,97.4,True,False
Gujarat,Banas Kantha,Child Feeding Practices and Nutritional Status of Children,63,Children under age 6 months exclusively breastfed or breastfeeding and consuming plain water/other,90.4,90.9,True,False
Gujarat,Banas Kantha,Child Feeding Practices and Nutritional Status of Children,64,Children age 6-8 months receiving solid or semi-solid food and breastmilk10 (%),*,*,True,False
Gujarat,Banas Kantha,Child Feeding Practices and Nutritional Status of Children,65,"Breastfeeding children age 6-23 months receiving an adequate diet10, 11 (%)",6.5,4.5,False,False
Gujarat,Banas Kantha,Child Feeding Practices and Nutritional Status of Children,66,"Non-breastfeeding children age 6-23 months receiving an adequate diet 10, 11 (%)",*,*,True,False
Gujarat,Banas Kantha,Child Feeding Practices and Nutritional Status of Children,67,"Total children age 6-23 months receiving an adequate diet10, 11 (%)",6.4,3.8,False,False
Gujarat,Banas Kantha,Child Feeding Practices and Nutritional Status of Children,68,Children under 5 years who are stunted (height-for-age)12 (%),40.9,39.0,False,False
Gujarat,Banas Kantha,Child Feeding Practices and Nutritional Status of Children,69,Children under 5 years who are wasted (weight-for-height)12 (%),20.2,25.5,False,False
Gujarat,Banas Kantha,Child Feeding Practices and Nutritional Status of Children,70,Children under 5 years who are severely wasted (weight-for-height)13 (%),8.5,8.5,False,False
Gujarat,Banas Kantha,Child Feeding Practices and Nutritional Status of Children,71,Children under 5 years who are underweight (weight-for-age)12 (%),34.5,44.1,False,False
Gujarat,Banas Kantha,Child Feeding Practices and Nutritional Status of Children,72,Children under 5 years who are overweight (weight-for-height)14 (%),1.1,1.2,False,False
Gujarat,Banas Kantha,Nutritional Status of Adults (age 15-49 years),73,Women whose Body Mass Index (BMI) is below normal (BMI <18.5 kg/m 2)15 (%),31.4,36.7,False,False
Gujarat,Banas Kantha,Nutritional Status of Adults (age 15-49 years),74,Women who are overweight or obese (BMI ≥25.0 kg/m2)15 (%),17.3,11.7,False,False
Gujarat,Banas Kantha,Women,75,Blood sugar level - high (141-160 mg/dl)16 (%),6.0,7.6,False,False
Gujarat,Banas Kantha,Women,76,Blood sugar level - very high (>160 mg/dl)16 (%),4.7,5.0,False,False
Gujarat,Banas Kantha,Women,77,Blood sugar level - high or very high (>140 mg/dl) or taking medicine to control blood sugar level16 (%),10.9,12.9,False,False
Gujarat,Banas Kantha,Men,78,Blood sugar level - high (141-160 mg/dl)16 (%),7.4,8.9,False,False
Gujarat,Banas Kantha,Men,79,Blood sugar level - very high (>160 mg/dl)16 (%),6.8,6.3,False,False
Gujarat,Banas Kantha,Men,80,Blood sugar level - high or very high (>140 mg/dl) or taking medicine to control blood sugar level 16 (%),15.2,15.8,False,False
Gujarat,Banas Kantha,Women,81,Mildly elevated blood pressure (Systolic 140-159 mm of Hg and/or Diastolic 90-99 mm of Hg) (%),10.8,7.9,False,False
Gujarat,Banas Kantha,Women,82,Moderately or severely elevated blood pressure (Systolic ≥160 mm of Hg and/or Diastolic ≥100 mm,3.1,2.9,False,False
Gujarat,Banas Kantha,Women,83,Elevated blood pressure (Systolic ≥140 mm of Hg and/or Diastolic ≥90 mm of Hg) or taking medicine to,17.4,14.3,False,False
Gujarat,Banas Kantha,Men,84,Mildly elevated blood pressure (Systolic 140-159 mm of Hg and/or Diastolic 90-99 mm of Hg) (%),16.7,9.2,False,False
Gujarat,Banas Kantha,Men,85,Moderately or severely elevated blood pressure (Systolic ≥160 mm of Hg and/or Diastolic ≥100 mm,4.4,4.4,False,False
Gujarat,Banas Kantha,Men,86,Elevated blood pressure (Systolic ≥140 mm of Hg and/or Diastolic ≥90 mm of Hg) or taking medicine to,24.9,15.7,False,False
Gujarat,Banas Kantha,Men,87,Women having a bank or savings account that they themselves use (%),76.5,63.6,False,False
Gujarat,Banas Kantha,Men,88,Women having a mobile phone that they themselves use (%),46.2,37.3,False,False
Gujarat,Banas Kantha,Men,89,Women age 15-24 years who use hygienic methods of protection during their menstrual period17 (%),52.0,52.7,False,False
Gujarat,Banas Kantha,Tobacco Use and Alcohol Consumption among Adults (age 15 years and above),90,Women age 15 years and above who use any kind of tobacco (%),5.7,7.5,False,False
Gujarat,Banas Kantha,Tobacco Use and Alcohol Consumption among Adults (age 15 years and above),91,Men age 15 years and above who use any kind of tobacco (%),34.5,37.3,False,False
Gujarat,Banas Kantha,Tobacco Use and Alcohol Consumption among Adults (age 15 years and above),92,Women age 15 years and above who consume alcohol (%),0.2,0.1,False,False
Gujarat,Banas Kantha,Tobacco Use and Alcohol Consumption among Adults (age 15 years and above),93,Men age 15 years and above who consume alcohol (%),4.1,5.1,False,False
Gujarat,Bharuch,Population and Household Profile,1,Population below age 5 years (%),8.1,6.6,False,False
Gujarat,Bharuch,Population and Household Profile,2,Population below age 15 years (%),21.4,23.7,False,False
Gujarat,Bharuch,Population and Household Profile,3,Population age 60 years and above (%),13.2,10.8,False,False
Gujarat,Bharuch,Population and Household Profile,4,Population living in households with electricity (%),99.6,98.2,False,False
Gujarat,Bharuch,Population and Household Profile,5,Population living in households with an improved drinking-water source1 (%),98.0,97.2,False,False
Gujarat,Bharuch,Population and Household Profile,6,Households using iodized salt (%),96.0,98.9,False,False
Gujarat,Bharuch,Population and Household Profile,7,Households with any usual member covered under a health insurance/financing scheme (%),60.7,42.3,False,False
Gujarat,Bharuch,Population and Household Profile,8,Households with any usual member having a bank account/post office account (%),97.2,88.9,False,False
Gujarat,Bharuch,Population and Household Profile,9,Female population age 6 years and above who ever attended school (%),81.8,76.7,False,False
Gujarat,Bharuch,Population and Household Profile,10,Households with any usual female members owning a house and/or land (alone or jointly with others) (%),17.1,18.0,False,False
Gujarat,Bharuch,Population and Household Profile,11,Children age 2-4 years who attended pre-school (%),48.7,36.2,False,False
Gujarat,Bharuch,Characteristics of Adults (age 15-49 years),12,Women with 10 or more years of schooling (%),44.0,31.5,False,False
Gujarat,Bharuch,Characteristics of Adults (age 15-49 years),13,Men with 10 or more years of schooling (%),46.2,31.2,False,False
Gujarat,Bharuch,Characteristics of Adults (age 15-49 years),14,Women who have ever used the internet (%),72.1,22.0,False,False
Gujarat,Bharuch,Characteristics of Adults (age 15-49 years),15,Men who have ever used the internet (%),71.1,47.5,False,False
Gujarat,Bharuch,Marriage and Fertility,16,Women age 20-24 years married before age 18 years (%),24.3,16.8,False,False
Gujarat,Bharuch,Marriage and Fertility,17,Men age 25-29 years married before age 21 years (%),*,*,True,False
Gujarat,Bharuch,Marriage and Fertility,18,Three or more births in the 5 years preceding the survey (%),2.9,2.5,False,False
Gujarat,Bharuch,Marriage and Fertility,19,Women age 15-19 years who were already mothers or pregnant at the time of the survey (%),6.9,5.0,False,False
Gujarat,Bharuch,Marriage and Fertility,20,Any method2 (%),70.7,36.2,False,False
Gujarat,Bharuch,Marriage and Fertility,21,Any modern method2 (%),56.3,35.7,False,False
Gujarat,Bharuch,Marriage and Fertility,22,Any traditional method (%),14.4,0.5,False,False
Gujarat,Bharuch,Marriage and Fertility,23,Female sterilization (%),44.0,29.6,False,False
Gujarat,Bharuch,Marriage and Fertility,24,Male sterilization (%),0.2,0.0,False,False
Gujarat,Bharuch,Marriage and Fertility,25,Total unmet need3 (%),11.1,20.3,False,False
Gujarat,Bharuch,Marriage and Fertility,26,Unmet need for spacing3 (%),5.3,10.2,False,False
Gujarat,Bharuch,Marriage and Fertility,27,Unmet need for limiting3 (%),5.8,10.1,False,False
Gujarat,Bharuch,Antenatal Care (for last birth in the 5 years before the survey),28,Mothers who had an antenatal check-up in the first trimester (%),86.2,63.4,False,False
Gujarat,Bharuch,Antenatal Care (for last birth in the 5 years before the survey),29,Mothers who had any antenatal care visits (%),97.9,88.5,False,False
Gujarat,Bharuch,Antenatal Care (for last birth in the 5 years before the survey),30,Mothers who had at least 4 antenatal care visits (%),92.6,65.7,False,False
Gujarat,Bharuch,Antenatal Care (for last birth in the 5 years before the survey),31,Mothers whose last birth was protected against neonatal tetanus 4 (%),96.2,84.5,False,False
Gujarat,Bharuch,Antenatal Care (for last birth in the 5 years before the survey),32,Mothers who consumed iron folic acid for 100 days or more when they were pregnant (%),90.4,38.4,False,False
Gujarat,Bharuch,Antenatal Care (for last birth in the 5 years before the survey),33,Mothers who consumed iron folic acid for 180 days or more when they were pregnant (%),80.9,21.0,False,False
Gujarat,Bharuch,Antenatal Care (for last birth in the 5 years before the survey),34,Registered pregnancies for which the mother received a Mother and Child Protection (MCP) card (%),95.2,96.3,False,False
Gujarat,Bharuch,Delivery Care (for births in the 5 years before the survey),35,Institutional births (%),95.1,91.1,False,False
Gujarat,Bharuch,Delivery Care (for births in the 5 years before the survey),36,Institutional births in public facility (%),51.5,49.6,False,False
Gujarat,Bharuch,Delivery Care (for births in the 5 years before the survey),37,Births attended by skilled health personnel5 (%),96.5,92.1,False,False
Gujarat,Bharuch,Delivery Care (for births in the 5 years before the survey),38,Births delivered by caesarean section (%),26.1,19.5,False,False
Gujarat,Bharuch,Delivery Care (for births in the 5 years before the survey),39,Births in a private health facility that were delivered by caesarean section (%),44.2,36.1,False,False
Gujarat,Bharuch,Delivery Care (for births in the 5 years before the survey),40,Births in a public health facility that were delivered by caesarean section (%),13.3,9.1,False,False
Gujarat,Bharuch,Postnatal Care (for last birth in the 5 years before the survey),41,Mothers who received postnatal care from a doctor/nurse/LHV/ANM/midwife/other health personnel within 2,82.3,78.8,False,False
Gujarat,Bharuch,Postnatal Care (for last birth in the 5 years before the survey),42,Children born at home who were taken to a health facility for a check-up within 24 hours of birth (%),*,*,True,False
Gujarat,Bharuch,Postnatal Care (for last birth in the 5 years before the survey),43,Children who received postnatal care from a doctor/nurse/LHV/ANM/midwife/other health personnel within 2,86.7,81.7,False,False
Gujarat,Bharuch,Child Vaccinations and Vitamin A Supplementation,44,Children age 12-23 months fully vaccinated based on information from either vaccination card or mother's,77.0,80.0,True,False
Gujarat,Bharuch,Child Vaccinations and Vitamin A Supplementation,45,Children age 12-23 months fully vaccinated based on information from vaccination card only 7 (%),83.4,92.1,True,False
Gujarat,Bharuch,Child Vaccinations and Vitamin A Supplementation,46,Children age 12-23 months who have received any vaccine (%),91.2,91.5,True,False
Gujarat,Bharuch,Child Vaccinations and Vitamin A Supplementation,47,Children age 12-23 months who have received BCG (%),91.2,91.5,True,False
Gujarat,Bharuch,Child Vaccinations and Vitamin A Supplementation,48,Children age 12-23 months who have received 3 doses of polio vaccine8 (%),77.0,83.8,True,False
Gujarat,Bharuch,Child Vaccinations and Vitamin A Supplementation,49,Children age 12-23 months who have received 3 doses of pentavalent vaccine (%),85.7,83.6,True,False
Gujarat,Bharuch,Child Vaccinations and Vitamin A Supplementation,50,Children age 12-23 months who have received the first dose of measles-containing vaccine (MCV) (%),85.7,87.3,True,False
Gujarat,Bharuch,Child Vaccinations and Vitamin A Supplementation,51,Children age 24-35 months who have received a second dose of measles-containing vaccine (MCV) (%),68.2,35.2,False,False
Gujarat,Bharuch,Child Vaccinations and Vitamin A Supplementation,52,Children age 12-23 months who have received birth dose of hepatitis B vaccine (%),85.1,57.9,True,False
Gujarat,Bharuch,Child Vaccinations and Vitamin A Supplementation,53,Children age 12-23 months who have received 3 doses of rotavirus vaccine (%),68.8,10.7,True,False
Gujarat,Bharuch,Child Vaccinations and Vitamin A Supplementation,54,Children age 9-35 months who received a vitamin A dose in the last 6 months (%),74.5,79.6,False,False
Gujarat,Bharuch,Child Vaccinations and Vitamin A Supplementation,55,Children age 12-23 months who received most of their vaccinations in a public health facility (%),94.2,89.3,True,False
Gujarat,Bharuch,Child Vaccinations and Vitamin A Supplementation,56,Children age 12-23 months who received most of their vaccinations in a private health facility (%),5.8,10.7,True,False
Gujarat,Bharuch,Treatment of Childhood Diseases (children under age 5 years),57,Prevalence of diarrhoea in the 2 weeks preceding the survey (%),4.0,11.2,False,False
Gujarat,Bharuch,Treatment of Childhood Diseases (children under age 5 years),58,Prevalence of symptoms of acute respiratory infection (ARI) in the 2 weeks preceding the survey (%),0.0,0.4,False,False
Gujarat,Bharuch,Treatment of Childhood Diseases (children under age 5 years),59,Children with fever or symptoms of ARI in the 2 weeks preceding the survey taken to a health facility or,*,*,True,False
Gujarat,Bharuch,Child Feeding Practices and Nutritional Status of Children,60,Children under age 3 years breastfed within one hour of birth 9 (%),44.4,30.7,False,False
Gujarat,Bharuch,Child Feeding Practices and Nutritional Status of Children,61,Children under age 6 months exclusively breastfed10 (%),65.0,*,True,False
Gujarat,Bharuch,Child Feeding Practices and Nutritional Status of Children,62,Children under age 6 months currently breastfeeding10 (%),100.0,*,True,False
Gujarat,Bharuch,Child Feeding Practices and Nutritional Status of Children,63,Children under age 6 months exclusively breastfed or breastfeeding and consuming plain water/other,97.4,*,True,False
Gujarat,Bharuch,Child Feeding Practices and Nutritional Status of Children,64,Children age 6-8 months receiving solid or semi-solid food and breastmilk10 (%),*,*,True,False
Gujarat,Bharuch,Child Feeding Practices and Nutritional Status of Children,65,"Breastfeeding children age 6-23 months receiving an adequate diet10, 11 (%)",12.9,8.8,False,False
Gujarat,Bharuch,Child Feeding Practices and Nutritional Status of Children,66,"Non-breastfeeding children age 6-23 months receiving an adequate diet 10, 11 (%)",*,*,True,False
Gujarat,Bharuch,Child Feeding Practices and Nutritional Status of Children,67,"Total children age 6-23 months receiving an adequate diet10, 11 (%)",13.0,7.7,False,False
Gujarat,Bharuch,Child Feeding Practices and Nutritional Status of Children,68,Children under 5 years who are stunted (height-for-age)12 (%),30.4,40.9,False,False
Gujarat,Bharuch,Child Feeding Practices and Nutritional Status of Children,69,Children under 5 years who are wasted (weight-for-height)12 (%),35.7,24.5,False,False
Gujarat,Bharuch,Child Feeding Practices and Nutritional Status of Children,70,Children under 5 years who are severely wasted (weight-for-height)13 (%),10.3,8.0,False,False
Gujarat,Bharuch,Child Feeding Practices and Nutritional Status of Children,71,Children under 5 years who are underweight (weight-for-age)12 (%),44.9,45.5,False,False
Gujarat,Bharuch,Child Feeding Practices and Nutritional Status of Children,72,Children under 5 years who are overweight (weight-for-height)14 (%),0.9,4.7,False,False
Gujarat,Bharuch,Nutritional Status of Adults (age 15-49 years),73,Women whose Body Mass Index (BMI) is below normal (BMI <18.5 kg/m 2)15 (%),27.2,30.3,False,False
Gujarat,Bharuch,Nutritional Status of Adults (age 15-49 years),74,Women who are overweight or obese (BMI ≥25.0 kg/m2)15 (%),27.7,25.5,False,False
Gujarat,Bharuch,Women,75,Blood sugar level - high (141-160 mg/dl)16 (%),6.3,7.6,False,False
Gujarat,Bharuch,Women,76,Blood sugar level - very high (>160 mg/dl)16 (%),7.0,9.5,False,False
Gujarat,Bharuch,Women,77,Blood sugar level - high or very high (>140 mg/dl) or taking medicine to control blood sugar level16 (%),15.0,18.0,False,False
Gujarat,Bharuch,Men,78,Blood sugar level - high (141-160 mg/dl)16 (%),6.5,10.2,False,False
Gujarat,Bharuch,Men,79,Blood sugar level - very high (>160 mg/dl)16 (%),8.2,9.5,False,False
Gujarat,Bharuch,Men,80,Blood sugar level - high or very high (>140 mg/dl) or taking medicine to control blood sugar level 16 (%),16.9,20.5,False,False
Gujarat,Bharuch,Women,81,Mildly elevated blood pressure (Systolic 140-159 mm of Hg and/or Diastolic 90-99 mm of Hg) (%),10.2,14.2,False,False
Gujarat,Bharuch,Women,82,Moderately or severely elevated blood pressure (Systolic ≥160 mm of Hg and/or Diastolic ≥100 mm,5.6,4.0,False,False
Gujarat,Bharuch,Women,83,Elevated blood pressure (Systolic ≥140 mm of Hg and/or Diastolic ≥90 mm of Hg) or taking medicine to,21.6,23.7,False,False
Gujarat,Bharuch,Men,84,Mildly elevated blood pressure (Systolic 140-159 mm of Hg and/or Diastolic 90-99 mm of Hg) (%),12.4,16.4,False,False
Gujarat,Bharuch,Men,85,Moderately or severely elevated blood pressure (Systolic ≥160 mm of Hg and/or Diastolic ≥100 mm,4.7,4.7,False,False
Gujarat,Bharuch,Men,86,Elevated blood pressure (Systolic ≥140 mm of Hg and/or Diastolic ≥90 mm of Hg) or taking medicine to,22.3,24.9,False,False
Gujarat,Bharuch,Men,87,Women having a bank or savings account that they themselves use (%),83.6,64.9,False,False
Gujarat,Bharuch,Men,88,Women having a mobile phone that they themselves use (%),64.5,41.9,False,False
Gujarat,Bharuch,Men,89,Women age 15-24 years who use hygienic methods of protection during their menstrual period17 (%),71.6,63.6,False,False
Gujarat,Bharuch,Tobacco Use and Alcohol Consumption among Adults (age 15 years and above),90,Women age 15 years and above who use any kind of tobacco (%),6.9,11.2,False,False
Gujarat,Bharuch,Tobacco Use and Alcohol Consumption among Adults (age 15 years and above),91,Men age 15 years and above who use any kind of tobacco (%),33.0,35.1,False,False
Gujarat,Bharuch,Tobacco Use and Alcohol Consumption among Adults (age 15 years and above),92,Women age 15 years and above who consume alcohol (%),0.6,1.1,False,False
Gujarat,Bharuch,Tobacco Use and Alcohol Consumption among Adults (age 15 years and above),93,Men age 15 years and above who consume alcohol (%),7.6,7.5,False,False
Gujarat,Bhavnagar,Population and Household Profile,1,Population below age 5 years (%),7.4,7.1,False,False
Gujarat,Bhavnagar,Population and Household Profile,2,Population below age 15 years (%),23.1,24.1,False,False
Gujarat,Bhavnagar,Population and Household Profile,3,Population age 60 years and above (%),13.4,12.2,False,False
Gujarat,Bhavnagar,Population and Household Profile,4,Population living in households with electricity (%),99.4,96.9,False,False
Gujarat,Bhavnagar,Population and Household Profile,5,Population living in households with an improved drinking-water source1 (%),98.1,95.1,False,False
Gujarat,Bhavnagar,Population and Household Profile,6,Households using iodized salt (%),95.1,87.2,False,False
Gujarat,Bhavnagar,Population and Household Profile,7,Households with any usual member covered under a health insurance/financing scheme (%),60.0,36.6,False,False
Gujarat,Bhavnagar,Population and Household Profile,8,Households with any usual member having a bank account/post office account (%),99.2,92.4,False,False
Gujarat,Bhavnagar,Population and Household Profile,9,Female population age 6 years and above who ever attended school (%),72.7,72.0,False,False
Gujarat,Bhavnagar,Population and Household Profile,10,Households with any usual female members owning a house and/or land (alone or jointly with others) (%),12.4,7.4,False,False
Gujarat,Bhavnagar,Population and Household Profile,11,Children age 2-4 years who attended pre-school (%),49.3,43.3,False,False
Gujarat,Bhavnagar,Characteristics of Adults (age 15-49 years),12,Women with 10 or more years of schooling (%),33.6,26.3,False,False
Gujarat,Bhavnagar,Characteristics of Adults (age 15-49 years),13,Men with 10 or more years of schooling (%),41.2,34.4,False,False
Gujarat,Bhavnagar,Characteristics of Adults (age 15-49 years),14,Women who have ever used the internet (%),68.9,28.8,False,False
Gujarat,Bhavnagar,Characteristics of Adults (age 15-49 years),15,Men who have ever used the internet (%),87.1,51.1,False,False
Gujarat,Bhavnagar,Marriage and Fertility,16,Women age 20-24 years married before age 18 years (%),7.3,18.0,False,False
Gujarat,Bhavnagar,Marriage and Fertility,17,Men age 25-29 years married before age 21 years (%),*,*,True,False
Gujarat,Bhavnagar,Marriage and Fertility,18,Three or more births in the 5 years preceding the survey (%),1.9,3.3,False,False
Gujarat,Bhavnagar,Marriage and Fertility,19,Women age 15-19 years who were already mothers or pregnant at the time of the survey (%),3.5,1.5,False,False
Gujarat,Bhavnagar,Marriage and Fertility,20,Any method2 (%),73.9,45.7,False,False
Gujarat,Bhavnagar,Marriage and Fertility,21,Any modern method2 (%),56.1,40.5,False,False
Gujarat,Bhavnagar,Marriage and Fertility,22,Any traditional method (%),17.8,5.2,False,False
Gujarat,Bhavnagar,Marriage and Fertility,23,Female sterilization (%),42.0,29.7,False,False
Gujarat,Bhavnagar,Marriage and Fertility,24,Male sterilization (%),0.0,0.1,False,False
Gujarat,Bhavnagar,Marriage and Fertility,25,Total unmet need3 (%),6.8,15.5,False,False
Gujarat,Bhavnagar,Marriage and Fertility,26,Unmet need for spacing3 (%),3.3,6.9,False,False
Gujarat,Bhavnagar,Marriage and Fertility,27,Unmet need for limiting3 (%),3.5,8.6,False,False
Gujarat,Bhavnagar,Antenatal Care (for last birth in the 5 years before the survey),28,Mothers who had an antenatal check-up in the first trimester (%),88.3,76.6,False,False
Gujarat,Bhavnagar,Antenatal Care (for last birth in the 5 years before the survey),29,Mothers who had any antenatal care visits (%),99.4,96.2,False,False
Gujarat,Bhavnagar,Antenatal Care (for last birth in the 5 years before the survey),30,Mothers who had at least 4 antenatal care visits (%),92.1,70.9,False,False
Gujarat,Bhavnagar,Antenatal Care (for last birth in the 5 years before the survey),31,Mothers whose last birth was protected against neonatal tetanus 4 (%),97.1,90.5,False,False
Gujarat,Bhavnagar,Antenatal Care (for last birth in the 5 years before the survey),32,Mothers who consumed iron folic acid for 100 days or more when they were pregnant (%),81.7,45.2,False,False
Gujarat,Bhavnagar,Antenatal Care (for last birth in the 5 years before the survey),33,Mothers who consumed iron folic acid for 180 days or more when they were pregnant (%),52.5,28.6,False,False
Gujarat,Bhavnagar,Antenatal Care (for last birth in the 5 years before the survey),34,Registered pregnancies for which the mother received a Mother and Child Protection (MCP) card (%),99.4,94.8,False,False
Gujarat,Bhavnagar,Delivery Care (for births in the 5 years before the survey),35,Institutional births (%),99.4,94.2,False,False
Gujarat,Bhavnagar,Delivery Care (for births in the 5 years before the survey),36,Institutional births in public facility (%),33.5,44.3,False,False
Gujarat,Bhavnagar,Delivery Care (for births in the 5 years before the survey),37,Births attended by skilled health personnel5 (%),92.8,96.0,False,False
Gujarat,Bhavnagar,Delivery Care (for births in the 5 years before the survey),38,Births delivered by caesarean section (%),26.2,23.7,False,False
Gujarat,Bhavnagar,Delivery Care (for births in the 5 years before the survey),39,Births in a private health facility that were delivered by caesarean section (%),29.7,31.5,False,False
Gujarat,Bhavnagar,Delivery Care (for births in the 5 years before the survey),40,Births in a public health facility that were delivered by caesarean section (%),19.9,18.0,False,False
Gujarat,Bhavnagar,Postnatal Care (for last birth in the 5 years before the survey),41,Mothers who received postnatal care from a doctor/nurse/LHV/ANM/midwife/other health personnel within 2,98.6,87.0,False,False
Gujarat,Bhavnagar,Postnatal Care (for last birth in the 5 years before the survey),42,Children born at home who were taken to a health facility for a check-up within 24 hours of birth (%),*,*,True,False
Gujarat,Bhavnagar,Postnatal Care (for last birth in the 5 years before the survey),43,Children who received postnatal care from a doctor/nurse/LHV/ANM/midwife/other health personnel within 2,98.0,90.4,False,False
Gujarat,Bhavnagar,Child Vaccinations and Vitamin A Supplementation,44,Children age 12-23 months fully vaccinated based on information from either vaccination card or mother's,78.5,74.3,False,False
Gujarat,Bhavnagar,Child Vaccinations and Vitamin A Supplementation,45,Children age 12-23 months fully vaccinated based on information from vaccination card only 7 (%),86.2,94.0,True,False
Gujarat,Bhavnagar,Child Vaccinations and Vitamin A Supplementation,46,Children age 12-23 months who have received any vaccine (%),95.9,90.6,False,False
Gujarat,Bhavnagar,Child Vaccinations and Vitamin A Supplementation,47,Children age 12-23 months who have received BCG (%),94.9,90.6,False,False
Gujarat,Bhavnagar,Child Vaccinations and Vitamin A Supplementation,48,Children age 12-23 months who have received 3 doses of polio vaccine8 (%),78.5,76.0,False,False
Gujarat,Bhavnagar,Child Vaccinations and Vitamin A Supplementation,49,Children age 12-23 months who have received 3 doses of pentavalent vaccine (%),84.6,85.2,False,False
Gujarat,Bhavnagar,Child Vaccinations and Vitamin A Supplementation,50,Children age 12-23 months who have received the first dose of measles-containing vaccine (MCV) (%),86.4,83.5,False,False
Gujarat,Bhavnagar,Child Vaccinations and Vitamin A Supplementation,51,Children age 24-35 months who have received a second dose of measles-containing vaccine (MCV) (%),64.2,32.7,False,False
Gujarat,Bhavnagar,Child Vaccinations and Vitamin A Supplementation,52,Children age 12-23 months who have received birth dose of hepatitis B vaccine (%),87.9,63.0,False,False
Gujarat,Bhavnagar,Child Vaccinations and Vitamin A Supplementation,53,Children age 12-23 months who have received 3 doses of rotavirus vaccine (%),81.0,0.0,False,False
Gujarat,Bhavnagar,Child Vaccinations and Vitamin A Supplementation,54,Children age 9-35 months who received a vitamin A dose in the last 6 months (%),79.2,83.1,False,False
Gujarat,Bhavnagar,Child Vaccinations and Vitamin A Supplementation,55,Children age 12-23 months who received most of their vaccinations in a public health facility (%),93.8,94.2,True,False
Gujarat,Bhavnagar,Child Vaccinations and Vitamin A Supplementation,56,Children age 12-23 months who received most of their vaccinations in a private health facility (%),6.2,5.9,True,False
Gujarat,Bhavnagar,Treatment of Childhood Diseases (children under age 5 years),57,Prevalence of diarrhoea in the 2 weeks preceding the survey (%),3.1,11.1,False,False
Gujarat,Bhavnagar,Treatment of Childhood Diseases (children under age 5 years),58,Prevalence of symptoms of acute respiratory infection (ARI) in the 2 weeks preceding the survey (%),0.4,1.8,False,False
Gujarat,Bhavnagar,Treatment of Childhood Diseases (children under age 5 years),59,Children with fever or symptoms of ARI in the 2 weeks preceding the survey taken to a health facility or,*,61.5,True,False
Gujarat,Bhavnagar,Child Feeding Practices and Nutritional Status of Children,60,Children under age 3 years breastfed within one hour of birth9 (%),44.6,33.9,False,False
Gujarat,Bhavnagar,Child Feeding Practices and Nutritional Status of Children,61,Children under age 6 months exclusively breastfed10 (%),87.2,*,True,False
Gujarat,Bhavnagar,Child Feeding Practices and Nutritional Status of Children,62,Children under age 6 months currently breastfeeding10 (%),96.7,*,True,False
Gujarat,Bhavnagar,Child Feeding Practices and Nutritional Status of Children,63,Children under age 6 months exclusively breastfed or breastfeeding and consuming plain water/other,95.1,*,True,False
Gujarat,Bhavnagar,Child Feeding Practices and Nutritional Status of Children,64,Children age 6-8 months receiving solid or semi-solid food and breastmilk10 (%),*,*,True,False
Gujarat,Bhavnagar,Child Feeding Practices and Nutritional Status of Children,65,"Breastfeeding children age 6-23 months receiving an adequate diet10, 11 (%)",18.7,9.4,False,False
Gujarat,Bhavnagar,Child Feeding Practices and Nutritional Status of Children,66,"Non-breastfeeding children age 6-23 months receiving an adequate diet 10, 11 (%)",*,*,True,False
Gujarat,Bhavnagar,Child Feeding Practices and Nutritional Status of Children,67,"Total children age 6-23 months receiving an adequate diet10, 11 (%)",16.9,11.2,False,False
Gujarat,Bhavnagar,Child Feeding Practices and Nutritional Status of Children,68,Children under 5 years who are stunted (height-for-age)12 (%),25.0,32.6,False,False
Gujarat,Bhavnagar,Child Feeding Practices and Nutritional Status of Children,69,Children under 5 years who are wasted (weight-for-height)12 (%),15.2,29.6,False,False
Gujarat,Bhavnagar,Child Feeding Practices and Nutritional Status of Children,70,Children under 5 years who are severely wasted (weight-for-height)13 (%),6.0,6.3,False,False
Gujarat,Bhavnagar,Child Feeding Practices and Nutritional Status of Children,71,Children under 5 years who are underweight (weight-for-age)12 (%),25.3,39.5,False,False
Gujarat,Bhavnagar,Child Feeding Practices and Nutritional Status of Children,72,Children under 5 years who are overweight (weight-for-height)14 (%),1.9,1.8,False,False
Gujarat,Bhavnagar,Nutritional Status of Adults (age 15-49 years),73,Women whose Body Mass Index (BMI) is below normal (BMI <18.5 kg/m 2)15 (%),19.2,20.8,False,False
Gujarat,Bhavnagar,Nutritional Status of Adults (age 15-49 years),74,Women who are overweight or obese (BMI ≥25.0 kg/m2)15 (%),37.2,29.4,False,False
Gujarat,Bhavnagar,Women,75,Blood sugar level - high (141-160 mg/dl)16 (%),6.6,8.8,False,False
Gujarat,Bhavnagar,Women,76,Blood sugar level - very high (>160 mg/dl)16 (%),10.0,6.4,False,False
Gujarat,Bhavnagar,Women,77,Blood sugar level - high or very high (>140 mg/dl) or taking medicine to control blood sugar level16 (%),17.5,16.4,False,False
Gujarat,Bhavnagar,Men,78,Blood sugar level - high (141-160 mg/dl)16 (%),7.4,6.8,False,False
Gujarat,Bhavnagar,Men,79,Blood sugar level - very high (>160 mg/dl)16 (%),10.1,8.8,False,False
Gujarat,Bhavnagar,Men,80,Blood sugar level - high or very high (>140 mg/dl) or taking medicine to control blood sugar level 16 (%),18.4,17.1,False,False
Gujarat,Bhavnagar,Women,81,Mildly elevated blood pressure (Systolic 140-159 mm of Hg and/or Diastolic 90-99 mm of Hg) (%),8.3,9.8,False,False
Gujarat,Bhavnagar,Women,82,Moderately or severely elevated blood pressure (Systolic ≥160 mm of Hg and/or Diastolic ≥100 mm,4.8,4.1,False,False
Gujarat,Bhavnagar,Women,83,Elevated blood pressure (Systolic ≥140 mm of Hg and/or Diastolic ≥90 mm of Hg) or taking medicine to,19.2,20.1,False,False
Gujarat,Bhavnagar,Men,84,Mildly elevated blood pressure (Systolic 140-159 mm of Hg and/or Diastolic 90-99 mm of Hg) (%),9.2,11.0,False,False
Gujarat,Bhavnagar,Men,85,Moderately or severely elevated blood pressure (Systolic ≥160 mm of Hg and/or Diastolic ≥100 mm,5.5,3.4,False,False
Gujarat,Bhavnagar,Men,86,Elevated blood pressure (Systolic ≥140 mm of Hg and/or Diastolic ≥90 mm of Hg) or taking medicine to,18.7,18.0,False,False
Gujarat,Bhavnagar,Men,87,Women having a bank or savings account that they themselves use (%),87.1,56.5,False,False
Gujarat,Bhavnagar,Men,88,Women having a mobile phone that they themselves use (%),58.3,37.3,False,False
Gujarat,Bhavnagar,Men,89,Women age 15-24 years who use hygienic methods of protection during their menstrual period17 (%),64.9,64.5,False,False
Gujarat,Bhavnagar,Tobacco Use and Alcohol Consumption among Adults (age 15 years and above),90,Women age 15 years and above who use any kind of tobacco (%),6.0,9.7,False,False
Gujarat,Bhavnagar,Tobacco Use and Alcohol Consumption among Adults (age 15 years and above),91,Men age 15 years and above who use any kind of tobacco (%),40.8,50.9,False,False
Gujarat,Bhavnagar,Tobacco Use and Alcohol Consumption among Adults (age 15 years and above),92,Women age 15 years and above who consume alcohol (%),0.1,0.3,False,False
Gujarat,Bhavnagar,Tobacco Use and Alcohol Consumption among Adults (age 15 years and above),93,Men age 15 years and above who consume alcohol (%),1.6,4.5,False,False
Gujarat,Botad,Population and Household Profile,1,Population below age 5 years (%),6.5,7.5,False,False
Gujarat,Botad,Population and Household Profile,2,Population below age 15 years (%),23.6,24.8,False,False
Gujarat,Botad,Population and Household Profile,3,Population age 60 years and above (%),11.8,11.0,False,False
Gujarat,Botad,Population and Household Profile,4,Population living in households with electricity (%),99.8,99.3,False,False
Gujarat,Botad,Population and Household Profile,5,Population living in households with an improved drinking-water source1 (%),99.1,99.2,False,False
Gujarat,Botad,Population and Household Profile,6,Households using iodized salt (%),97.4,98.7,False,False
Gujarat,Botad,Population and Household Profile,7,Households with any usual member covered under a health insurance/financing scheme (%),53.8,43.4,False,False
Gujarat,Botad,Population and Household Profile,8,Households with any usual member having a bank account/post office account (%),98.1,93.4,False,False
Gujarat,Botad,Population and Household Profile,9,Female population age 6 years and above who ever attended school (%),71.3,68.9,False,False
Gujarat,Botad,Population and Household Profile,10,Households with any usual female members owning a house and/or land (alone or jointly with others) (%),12.3,4.4,False,False
Gujarat,Botad,Population and Household Profile,11,Children age 2-4 years who attended pre-school (%),57.3,49.7,False,False
Gujarat,Botad,Characteristics of Adults (age 15-49 years),12,Women with 10 or more years of schooling (%),21.6,22.0,False,False
Gujarat,Botad,Characteristics of Adults (age 15-49 years),13,Men with 10 or more years of schooling (%),42.1,35.3,False,False
Gujarat,Botad,Characteristics of Adults (age 15-49 years),14,Women who have ever used the internet (%),53.5,13.3,False,False
Gujarat,Botad,Characteristics of Adults (age 15-49 years),15,Men who have ever used the internet (%),87.0,51.2,False,False
Gujarat,Botad,Marriage and Fertility,16,Women age 20-24 years married before age 18 years (%),10.8,13.0,False,False
Gujarat,Botad,Marriage and Fertility,17,Men age 25-29 years married before age 21 years (%),*,*,True,False
Gujarat,Botad,Marriage and Fertility,18,Three or more births in the 5 years preceding the survey (%),0.8,2.3,False,False
Gujarat,Botad,Marriage and Fertility,19,Women age 15-19 years who were already mothers or pregnant at the time of the survey (%),5.1,2.2,False,False
Gujarat,Botad,Marriage and Fertility,20,Any method2 (%),71.3,49.3,False,False
Gujarat,Botad,Marriage and Fertility,21,Any modern method2 (%),55.3,44.6,False,False
Gujarat,Botad,Marriage and Fertility,22,Any traditional method (%),16.0,4.7,False,False
Gujarat,Botad,Marriage and Fertility,23,Female sterilization (%),39.0,31.8,False,False
Gujarat,Botad,Marriage and Fertility,24,Male sterilization (%),0.1,0.0,False,False
Gujarat,Botad,Marriage and Fertility,25,Total unmet need3 (%),5.3,13.2,False,False
Gujarat,Botad,Marriage and Fertility,26,Unmet need for spacing3 (%),2.8,6.2,False,False
Gujarat,Botad,Marriage and Fertility,27,Unmet need for limiting3 (%),2.5,7.0,False,False
Gujarat,Botad,Antenatal Care (for last birth in the 5 years before the survey),28,Mothers who had an antenatal check-up in the first trimester (%),85.8,82.3,False,False
Gujarat,Botad,Antenatal Care (for last birth in the 5 years before the survey),29,Mothers who had any antenatal care visits (%),95.2,86.1,False,False
Gujarat,Botad,Antenatal Care (for last birth in the 5 years before the survey),30,Mothers who had at least 4 antenatal care visits (%),83.4,82.7,False,False
Gujarat,Botad,Antenatal Care (for last birth in the 5 years before the survey),31,Mothers whose last birth was protected against neonatal tetanus 4 (%),91.2,82.3,False,False
Gujarat,Botad,Antenatal Care (for last birth in the 5 years before the survey),32,Mothers who consumed iron folic acid for 100 days or more when they were pregnant (%),70.4,54.6,False,False
Gujarat,Botad,Antenatal Care (for last birth in the 5 years before the survey),33,Mothers who consumed iron folic acid for 180 days or more when they were pregnant (%),51.0,36.7,False,False
Gujarat,Botad,Antenatal Care (for last birth in the 5 years before the survey),34,Registered pregnancies for which the mother received a Mother and Child Protection (MCP) card (%),98.9,98.2,False,False
Gujarat,Botad,Delivery Care (for births in the 5 years before the survey),35,Institutional births (%),95.8,93.5,False,False
Gujarat,Botad,Delivery Care (for births in the 5 years before the survey),36,Institutional births in public facility (%),27.1,39.2,False,False
Gujarat,Botad,Delivery Care (for births in the 5 years before the survey),37,Births attended by skilled health personnel5 (%),97.1,74.5,False,False
Gujarat,Botad,Delivery Care (for births in the 5 years before the survey),38,Births delivered by caesarean section (%),25.3,16.6,False,False
Gujarat,Botad,Delivery Care (for births in the 5 years before the survey),39,Births in a private health facility that were delivered by caesarean section (%),31.8,25.5,False,False
Gujarat,Botad,Delivery Care (for births in the 5 years before the survey),40,Births in a public health facility that were delivered by caesarean section (%),12.7,7.1,False,False
Gujarat,Botad,Postnatal Care (for last birth in the 5 years before the survey),41,Mothers who received postnatal care from a doctor/nurse/LHV/ANM/midwife/other health personnel within 2,92.4,85.4,False,False
Gujarat,Botad,Postnatal Care (for last birth in the 5 years before the survey),42,Children born at home who were taken to a health facility for a check-up within 24 hours of birth (%),*,*,True,False
Gujarat,Botad,Postnatal Care (for last birth in the 5 years before the survey),43,Children who received postnatal care from a doctor/nurse/LHV/ANM/midwife/other health personnel within 2,96.7,86.9,False,False
Gujarat,Botad,Child Vaccinations and Vitamin A Supplementation,44,Children age 12-23 months fully vaccinated based on information from either vaccination card or mother's,70.8,65.1,True,False
Gujarat,Botad,Child Vaccinations and Vitamin A Supplementation,45,Children age 12-23 months fully vaccinated based on information from vaccination card only 7 (%),81.3,77.6,True,False
Gujarat,Botad,Child Vaccinations and Vitamin A Supplementation,46,Children age 12-23 months who have received any vaccine (%),98.0,95.3,True,False
Gujarat,Botad,Child Vaccinations and Vitamin A Supplementation,47,Children age 12-23 months who have received BCG (%),95.6,94.0,True,False
Gujarat,Botad,Child Vaccinations and Vitamin A Supplementation,48,Children age 12-23 months who have received 3 doses of polio vaccine8 (%),73.2,74.5,True,False
Gujarat,Botad,Child Vaccinations and Vitamin A Supplementation,49,Children age 12-23 months who have received 3 doses of pentavalent vaccine (%),81.5,76.3,True,False
Gujarat,Botad,Child Vaccinations and Vitamin A Supplementation,50,Children age 12-23 months who have received the first dose of measles-containing vaccine (MCV) (%),83.9,78.2,True,False
Gujarat,Botad,Child Vaccinations and Vitamin A Supplementation,51,Children age 24-35 months who have received a second dose of measles-containing vaccine (MCV) (%),75.8,21.1,True,False
Gujarat,Botad,Child Vaccinations and Vitamin A Supplementation,52,Children age 12-23 months who have received birth dose of hepatitis B vaccine (%),83.8,65.8,True,False
Gujarat,Botad,Child Vaccinations and Vitamin A Supplementation,53,Children age 12-23 months who have received 3 doses of rotavirus vaccine (%),74.5,1.3,True,False
Gujarat,Botad,Child Vaccinations and Vitamin A Supplementation,54,Children age 9-35 months who received a vitamin A dose in the last 6 months (%),80.5,74.0,False,False
Gujarat,Botad,Child Vaccinations and Vitamin A Supplementation,55,Children age 12-23 months who received most of their vaccinations in a public health facility (%),98.4,94.1,True,False
Gujarat,Botad,Child Vaccinations and Vitamin A Supplementation,56,Children age 12-23 months who received most of their vaccinations in a private health facility (%),1.6,5.9,True,False
Gujarat,Botad,Treatment of Childhood Diseases (children under age 5 years),57,Prevalence of diarrhoea in the 2 weeks preceding the survey (%),9.2,5.4,False,False
Gujarat,Botad,Treatment of Childhood Diseases (children under age 5 years),58,Prevalence of symptoms of acute respiratory infection (ARI) in the 2 weeks preceding the survey (%),0.4,0.6,False,False
Gujarat,Botad,Treatment of Childhood Diseases (children under age 5 years),59,Children with fever or symptoms of ARI in the 2 weeks preceding the survey taken to a health facility or,68.6,*,True,False
Gujarat,Botad,Child Feeding Practices and Nutritional Status of Children,60,Children under age 3 years breastfed within one hour of birth 9 (%),46.8,35.9,False,False
Gujarat,Botad,Child Feeding Practices and Nutritional Status of Children,61,Children under age 6 months exclusively breastfed10 (%),*,*,True,False
Gujarat,Botad,Child Feeding Practices and Nutritional Status of Children,62,Children under age 6 months currently breastfeeding10 (%),*,*,True,False
Gujarat,Botad,Child Feeding Practices and Nutritional Status of Children,63,Children under age 6 months exclusively breastfed or breastfeeding and consuming plain water/other,*,*,True,False
Gujarat,Botad,Child Feeding Practices and Nutritional Status of Children,64,Children age 6-8 months receiving solid or semi-solid food and breastmilk10 (%),*,*,True,False
Gujarat,Botad,Child Feeding Practices and Nutritional Status of Children,65,"Breastfeeding children age 6-23 months receiving an adequate diet10, 11 (%)",4.1,6.9,False,False
Gujarat,Botad,Child Feeding Practices and Nutritional Status of Children,66,"Non-breastfeeding children age 6-23 months receiving an adequate diet 10, 11 (%)",*,*,True,False
Gujarat,Botad,Child Feeding Practices and Nutritional Status of Children,67,"Total children age 6-23 months receiving an adequate diet10, 11 (%)",3.0,8.1,False,False
Gujarat,Botad,Child Feeding Practices and Nutritional Status of Children,68,Children under 5 years who are stunted (height-for-age)12 (%),25.4,32.2,False,False
Gujarat,Botad,Child Feeding Practices and Nutritional Status of Children,69,Children under 5 years who are wasted (weight-for-height)12 (%),26.2,26.0,False,False
Gujarat,Botad,Child Feeding Practices and Nutritional Status of Children,70,Children under 5 years who are severely wasted (weight-for-height)13 (%),7.0,9.6,False,False
Gujarat,Botad,Child Feeding Practices and Nutritional Status of Children,71,Children under 5 years who are underweight (weight-for-age)12 (%),33.3,32.3,False,False
Gujarat,Botad,Child Feeding Practices and Nutritional Status of Children,72,Children under 5 years who are overweight (weight-for-height)14 (%),0.8,5.8,False,False
Gujarat,Botad,Nutritional Status of Adults (age 15-49 years),73,Women whose Body Mass Index (BMI) is below normal (BMI <18.5 kg/m 2)15 (%),21.9,19.6,False,False
Gujarat,Botad,Nutritional Status of Adults (age 15-49 years),74,Women who are overweight or obese (BMI ≥25.0 kg/m2)15 (%),33.8,27.3,False,False
Gujarat,Botad,Women,75,Blood sugar level - high (141-160 mg/dl)16 (%),6.3,8.8,False,False
Gujarat,Botad,Women,76,Blood sugar level - very high (>160 mg/dl)16 (%),9.0,7.1,False,False
Gujarat,Botad,Women,77,Blood sugar level - high or very high (>140 mg/dl) or taking medicine to control blood sugar level16 (%),15.6,16.7,False,False
Gujarat,Botad,Men,78,Blood sugar level - high (141-160 mg/dl)16 (%),7.6,8.7,False,False
Gujarat,Botad,Men,79,Blood sugar level - very high (>160 mg/dl)16 (%),8.1,7.4,False,False
Gujarat,Botad,Men,80,Blood sugar level - high or very high (>140 mg/dl) or taking medicine to control blood sugar level 16 (%),15.9,16.8,False,False
Gujarat,Botad,Women,81,Mildly elevated blood pressure (Systolic 140-159 mm of Hg and/or Diastolic 90-99 mm of Hg) (%),10.1,6.2,False,False
Gujarat,Botad,Women,82,Moderately or severely elevated blood pressure (Systolic ≥160 mm of Hg and/or Diastolic ≥100 mm,5.5,3.0,False,False
Gujarat,Botad,Women,83,Elevated blood pressure (Systolic ≥140 mm of Hg and/or Diastolic ≥90 mm of Hg) or taking medicine to,19.6,12.5,False,False
Gujarat,Botad,Men,84,Mildly elevated blood pressure (Systolic 140-159 mm of Hg and/or Diastolic 90-99 mm of Hg) (%),11.6,6.7,False,False
Gujarat,Botad,Men,85,Moderately or severely elevated blood pressure (Systolic ≥160 mm of Hg and/or Diastolic ≥100 mm,3.8,2.5,False,False
Gujarat,Botad,Men,86,Elevated blood pressure (Systolic ≥140 mm of Hg and/or Diastolic ≥90 mm of Hg) or taking medicine to,18.1,12.0,False,False
Gujarat,Botad,Men,87,Women having a bank or savings account that they themselves use (%),80.4,63.1,False,False
Gujarat,Botad,Men,88,Women having a mobile phone that they themselves use (%),45.6,42.8,False,False
Gujarat,Botad,Men,89,Women age 15-24 years who use hygienic methods of protection during their menstrual period17 (%),54.1,72.3,False,False
Gujarat,Botad,Tobacco Use and Alcohol Consumption among Adults (age 15 years and above),90,Women age 15 years and above who use any kind of tobacco (%),3.9,5.3,False,False
Gujarat,Botad,Tobacco Use and Alcohol Consumption among Adults (age 15 years and above),91,Men age 15 years and above who use any kind of tobacco (%),46.3,48.9,False,False
Gujarat,Botad,Tobacco Use and Alcohol Consumption among Adults (age 15 years and above),92,Women age 15 years and above who consume alcohol (%),0.2,0.4,False,False
Gujarat,Botad,Tobacco Use and Alcohol Consumption among Adults (age 15 years and above),93,Men age 15 years and above who consume alcohol (%),1.4,1.3,False,False
Gujarat,Chhota Udaipur,Population and Household Profile,1,Population below age 5 years (%),8.3,7.8,False,False
Gujarat,Chhota Udaipur,Population and Household Profile,2,Population below age 15 years (%),24.6,25.4,False,False
Gujarat,Chhota Udaipur,Population and Household Profile,3,Population age 60 years and above (%),13.4,11.0,False,False
Gujarat,Chhota Udaipur,Population and Household Profile,4,Population living in households with electricity (%),93.8,95.3,False,False
Gujarat,Chhota Udaipur,Population and Household Profile,5,Population living in households with an improved drinking-water source1 (%),97.2,97.4,False,False
Gujarat,Chhota Udaipur,Population and Household Profile,6,Households using iodized salt (%),98.1,94.3,False,False
Gujarat,Chhota Udaipur,Population and Household Profile,7,Households with any usual member covered under a health insurance/financing scheme (%),53.8,48.5,False,False
Gujarat,Chhota Udaipur,Population and Household Profile,8,Households with any usual member having a bank account/post office account (%),95.6,93.7,False,False
Gujarat,Chhota Udaipur,Population and Household Profile,9,Female population age 6 years and above who ever attended school (%),56.8,52.3,False,False
Gujarat,Chhota Udaipur,Population and Household Profile,10,Households with any usual female members owning a house and/or land (alone or jointly with others) (%),13.1,8.8,False,False
Gujarat,Chhota Udaipur,Population and Household Profile,11,Children age 2-4 years who attended pre-school (%),47.9,51.6,False,False
Gujarat,Chhota Udaipur,Characteristics of Adults (age 15-49 years),12,Women with 10 or more years of schooling (%),20.4,20.3,False,False
Gujarat,Chhota Udaipur,Characteristics of Adults (age 15-49 years),13,Men with 10 or more years of schooling (%),47.5,34.0,False,False
Gujarat,Chhota Udaipur,Characteristics of Adults (age 15-49 years),14,Women who have ever used the internet (%),43.3,13.1,False,False
Gujarat,Chhota Udaipur,Characteristics of Adults (age 15-49 years),15,Men who have ever used the internet (%),81.5,36.7,False,False
Gujarat,Chhota Udaipur,Marriage and Fertility,16,Women age 20-24 years married before age 18 years (%),27.0,27.5,False,False
Gujarat,Chhota Udaipur,Marriage and Fertility,17,Men age 25-29 years married before age 21 years (%),43.2,*,True,False
Gujarat,Chhota Udaipur,Marriage and Fertility,18,Three or more births in the 5 years preceding the survey (%),1.9,2.8,False,False
Gujarat,Chhota Udaipur,Marriage and Fertility,19,Women age 15-19 years who were already mothers or pregnant at the time of the survey (%),11.9,4.3,False,False
Gujarat,Chhota Udaipur,Marriage and Fertility,20,Any method2 (%),74.9,77.5,False,False
Gujarat,Chhota Udaipur,Marriage and Fertility,21,Any modern method2 (%),53.7,67.3,False,False
Gujarat,Chhota Udaipur,Marriage and Fertility,22,Any traditional method (%),21.2,10.2,False,False
Gujarat,Chhota Udaipur,Marriage and Fertility,23,Female sterilization (%),47.7,57.4,False,False
Gujarat,Chhota Udaipur,Marriage and Fertility,24,Male sterilization (%),0.2,0.0,False,False
Gujarat,Chhota Udaipur,Marriage and Fertility,25,Total unmet need3 (%),5.8,5.1,False,False
Gujarat,Chhota Udaipur,Marriage and Fertility,26,Unmet need for spacing3 (%),3.7,3.4,False,False
Gujarat,Chhota Udaipur,Marriage and Fertility,27,Unmet need for limiting3 (%),2.1,1.7,False,False
Gujarat,Chhota Udaipur,Antenatal Care (for last birth in the 5 years before the survey),28,Mothers who had an antenatal check-up in the first trimester (%),86.5,81.9,False,False
Gujarat,Chhota Udaipur,Antenatal Care (for last birth in the 5 years before the survey),29,Mothers who had any antenatal care visits (%),99.0,98.7,False,False
Gujarat,Chhota Udaipur,Antenatal Care (for last birth in the 5 years before the survey),30,Mothers who had at least 4 antenatal care visits (%),78.0,81.2,False,False
Gujarat,Chhota Udaipur,Antenatal Care (for last birth in the 5 years before the survey),31,Mothers whose last birth was protected against neonatal tetanus 4 (%),94.6,94.5,False,False
Gujarat,Chhota Udaipur,Antenatal Care (for last birth in the 5 years before the survey),32,Mothers who consumed iron folic acid for 100 days or more when they were pregnant (%),70.4,59.4,False,False
Gujarat,Chhota Udaipur,Antenatal Care (for last birth in the 5 years before the survey),33,Mothers who consumed iron folic acid for 180 days or more when they were pregnant (%),53.0,45.5,False,False
Gujarat,Chhota Udaipur,Antenatal Care (for last birth in the 5 years before the survey),34,Registered pregnancies for which the mother received a Mother and Child Protection (MCP) card (%),100.0,99.6,False,False
Gujarat,Chhota Udaipur,Delivery Care (for births in the 5 years before the survey),35,Institutional births (%),89.8,85.7,False,False
Gujarat,Chhota Udaipur,Delivery Care (for births in the 5 years before the survey),36,Institutional births in public facility (%),68.2,68.8,False,False
Gujarat,Chhota Udaipur,Delivery Care (for births in the 5 years before the survey),37,Births attended by skilled health personnel5 (%),92.0,88.3,False,False
Gujarat,Chhota Udaipur,Delivery Care (for births in the 5 years before the survey),38,Births delivered by caesarean section (%),11.1,7.5,False,False
Gujarat,Chhota Udaipur,Delivery Care (for births in the 5 years before the survey),39,Births in a private health facility that were delivered by caesarean section (%),30.1,22.2,False,False
Gujarat,Chhota Udaipur,Delivery Care (for births in the 5 years before the survey),40,Births in a public health facility that were delivered by caesarean section (%),6.7,5.5,False,False
Gujarat,Chhota Udaipur,Postnatal Care (for last birth in the 5 years before the survey),41,Mothers who received postnatal care from a doctor/nurse/LHV/ANM/midwife/other health personnel within 2,90.0,91.1,False,False
Gujarat,Chhota Udaipur,Postnatal Care (for last birth in the 5 years before the survey),42,Children born at home who were taken to a health facility for a check-up within 24 hours of birth (%),*,14.1,True,False
Gujarat,Chhota Udaipur,Postnatal Care (for last birth in the 5 years before the survey),43,Children who received postnatal care from a doctor/nurse/LHV/ANM/midwife/other health personnel within 2,89.1,87.4,False,False
Gujarat,Chhota Udaipur,Child Vaccinations and Vitamin A Supplementation,44,Children age 12-23 months fully vaccinated based on information from either vaccination card or mother's,89.1,81.7,False,False
Gujarat,Chhota Udaipur,Child Vaccinations and Vitamin A Supplementation,45,Children age 12-23 months fully vaccinated based on information from vaccination card only 7 (%),94.6,80.1,False,False
Gujarat,Chhota Udaipur,Child Vaccinations and Vitamin A Supplementation,46,Children age 12-23 months who have received any vaccine (%),98.3,100.0,False,False
Gujarat,Chhota Udaipur,Child Vaccinations and Vitamin A Supplementation,47,Children age 12-23 months who have received BCG (%),98.3,98.7,False,False
Gujarat,Chhota Udaipur,Child Vaccinations and Vitamin A Supplementation,48,Children age 12-23 months who have received 3 doses of polio vaccine8 (%),89.1,85.7,False,False
Gujarat,Chhota Udaipur,Child Vaccinations and Vitamin A Supplementation,49,Children age 12-23 months who have received 3 doses of pentavalent vaccine (%),94.9,86.6,False,False
Gujarat,Chhota Udaipur,Child Vaccinations and Vitamin A Supplementation,50,Children age 12-23 months who have received the first dose of measles-containing vaccine (MCV) (%),94.9,89.3,False,False
Gujarat,Chhota Udaipur,Child Vaccinations and Vitamin A Supplementation,51,Children age 24-35 months who have received a second dose of measles-containing vaccine (MCV) (%),74.2,56.1,False,False
Gujarat,Chhota Udaipur,Child Vaccinations and Vitamin A Supplementation,52,Children age 12-23 months who have received birth dose of hepatitis B vaccine (%),88.2,81.7,False,False
Gujarat,Chhota Udaipur,Child Vaccinations and Vitamin A Supplementation,53,Children age 12-23 months who have received 3 doses of rotavirus vaccine (%),86.3,0.0,False,False
Gujarat,Chhota Udaipur,Child Vaccinations and Vitamin A Supplementation,54,Children age 9-35 months who received a vitamin A dose in the last 6 months (%),70.6,96.0,False,False
Gujarat,Chhota Udaipur,Child Vaccinations and Vitamin A Supplementation,55,Children age 12-23 months who received most of their vaccinations in a public health facility (%),100.0,100.0,False,False
Gujarat,Chhota Udaipur,Child Vaccinations and Vitamin A Supplementation,56,Children age 12-23 months who received most of their vaccinations in a private health facility (%),0.0,0.0,False,False
Gujarat,Chhota Udaipur,Treatment of Childhood Diseases (children under age 5 years),57,Prevalence of diarrhoea in the 2 weeks preceding the survey (%),7.4,11.3,False,False
Gujarat,Chhota Udaipur,Treatment of Childhood Diseases (children under age 5 years),58,Prevalence of symptoms of acute respiratory infection (ARI) in the 2 weeks preceding the survey (%),2.6,2.7,False,False
Gujarat,Chhota Udaipur,Treatment of Childhood Diseases (children under age 5 years),59,Children with fever or symptoms of ARI in the 2 weeks preceding the survey taken to a health facility or,70.5,68.1,True,False
Gujarat,Chhota Udaipur,Child Feeding Practices and Nutritional Status of Children,60,Children under age 3 years breastfed within one hour of birth 9 (%),66.4,24.4,False,False
Gujarat,Chhota Udaipur,Child Feeding Practices and Nutritional Status of Children,61,Children under age 6 months exclusively breastfed10 (%),86.0,58.7,True,False
Gujarat,Chhota Udaipur,Child Feeding Practices and Nutritional Status of Children,62,Children under age 6 months currently breastfeeding10 (%),96.9,96.8,True,False
Gujarat,Chhota Udaipur,Child Feeding Practices and Nutritional Status of Children,63,Children under age 6 months exclusively breastfed or breastfeeding and consuming plain water/other,92.6,63.9,True,False
Gujarat,Chhota Udaipur,Child Feeding Practices and Nutritional Status of Children,64,Children age 6-8 months receiving solid or semi-solid food and breastmilk10 (%),*,*,True,False
Gujarat,Chhota Udaipur,Child Feeding Practices and Nutritional Status of Children,65,"Breastfeeding children age 6-23 months receiving an adequate diet10, 11 (%)",6.7,1.2,False,False
Gujarat,Chhota Udaipur,Child Feeding Practices and Nutritional Status of Children,66,"Non-breastfeeding children age 6-23 months receiving an adequate diet 10, 11 (%)",*,*,True,False
Gujarat,Chhota Udaipur,Child Feeding Practices and Nutritional Status of Children,67,"Total children age 6-23 months receiving an adequate diet10, 11 (%)",6.2,2.4,False,False
Gujarat,Chhota Udaipur,Child Feeding Practices and Nutritional Status of Children,68,Children under 5 years who are stunted (height-for-age)12 (%),51.5,48.6,False,False
Gujarat,Chhota Udaipur,Child Feeding Practices and Nutritional Status of Children,69,Children under 5 years who are wasted (weight-for-height)12 (%),27.0,28.4,False,False
Gujarat,Chhota Udaipur,Child Feeding Practices and Nutritional Status of Children,70,Children under 5 years who are severely wasted (weight-for-height)13 (%),5.9,13.8,False,False
Gujarat,Chhota Udaipur,Child Feeding Practices and Nutritional Status of Children,71,Children under 5 years who are underweight (weight-for-age)12 (%),55.1,48.1,False,False
Gujarat,Chhota Udaipur,Child Feeding Practices and Nutritional Status of Children,72,Children under 5 years who are overweight (weight-for-height)14 (%),0.0,4.8,False,False
Gujarat,Chhota Udaipur,Nutritional Status of Adults (age 15-49 years),73,Women whose Body Mass Index (BMI) is below normal (BMI <18.5 kg/m 2)15 (%),39.9,30.9,False,False
Gujarat,Chhota Udaipur,Nutritional Status of Adults (age 15-49 years),74,Women who are overweight or obese (BMI ≥25.0 kg/m2)15 (%),12.4,7.6,False,False
Gujarat,Chhota Udaipur,Women,75,Blood sugar level - high (141-160 mg/dl)16 (%),6.6,6.3,False,False
Gujarat,Chhota Udaipur,Women,76,Blood sugar level - very high (>160 mg/dl)16 (%),6.5,3.4,False,False
Gujarat,Chhota Udaipur,Women,77,Blood sugar level - high or very high (>140 mg/dl) or taking medicine to control blood sugar level16 (%),13.9,10.4,False,False
Gujarat,Chhota Udaipur,Men,78,Blood sugar level - high (141-160 mg/dl)16 (%),8.9,7.3,False,False
Gujarat,Chhota Udaipur,Men,79,Blood sugar level - very high (>160 mg/dl)16 (%),9.2,5.9,False,False
Gujarat,Chhota Udaipur,Men,80,Blood sugar level - high or very high (>140 mg/dl) or taking medicine to control blood sugar level 16 (%),18.5,13.8,False,False
Gujarat,Chhota Udaipur,Women,81,Mildly elevated blood pressure (Systolic 140-159 mm of Hg and/or Diastolic 90-99 mm of Hg) (%),9.0,12.1,False,False
Gujarat,Chhota Udaipur,Women,82,Moderately or severely elevated blood pressure (Systolic ≥160 mm of Hg and/or Diastolic ≥100 mm,5.4,5.7,False,False
Gujarat,Chhota Udaipur,Women,83,Elevated blood pressure (Systolic ≥140 mm of Hg and/or Diastolic ≥90 mm of Hg) or taking medicine to,17.6,19.4,False,False
Gujarat,Chhota Udaipur,Men,84,Mildly elevated blood pressure (Systolic 140-159 mm of Hg and/or Diastolic 90-99 mm of Hg) (%),9.5,12.7,False,False
Gujarat,Chhota Udaipur,Men,85,Moderately or severely elevated blood pressure (Systolic ≥160 mm of Hg and/or Diastolic ≥100 mm,5.8,3.8,False,False
Gujarat,Chhota Udaipur,Men,86,Elevated blood pressure (Systolic ≥140 mm of Hg and/or Diastolic ≥90 mm of Hg) or taking medicine to,17.2,17.5,False,False
Gujarat,Chhota Udaipur,Men,87,Women having a bank or savings account that they themselves use (%),78.2,58.8,False,False
Gujarat,Chhota Udaipur,Men,88,Women having a mobile phone that they themselves use (%),30.3,24.1,False,False
Gujarat,Chhota Udaipur,Men,89,Women age 15-24 years who use hygienic methods of protection during their menstrual period17 (%),36.9,44.0,False,False
Gujarat,Chhota Udaipur,Tobacco Use and Alcohol Consumption among Adults (age 15 years and above),90,Women age 15 years and above who use any kind of tobacco (%),10.1,8.9,False,False
Gujarat,Chhota Udaipur,Tobacco Use and Alcohol Consumption among Adults (age 15 years and above),91,Men age 15 years and above who use any kind of tobacco (%),49.5,47.7,False,False
Gujarat,Chhota Udaipur,Tobacco Use and Alcohol Consumption among Adults (age 15 years and above),92,Women age 15 years and above who consume alcohol (%),0.8,1.3,False,False
Gujarat,Chhota Udaipur,Tobacco Use and Alcohol Consumption among Adults (age 15 years and above),93,Men age 15 years and above who consume alcohol (%),8.5,11.2,False,False
Gujarat,Dahod,Population and Household Profile,1,Population below age 5 years (%),10.7,10.6,False,False
Gujarat,Dahod,Population and Household Profile,2,Population below age 15 years (%),34.5,35.6,False,False
Gujarat,Dahod,Population and Household Profile,3,Population age 60 years and above (%),10.5,9.0,False,False
Gujarat,Dahod,Population and Household Profile,4,Population living in households with electricity (%),93.8,89.3,False,False
Gujarat,Dahod,Population and Household Profile,5,Population living in households with an improved drinking-water source1 (%),87.6,91.0,False,False
Gujarat,Dahod,Population and Household Profile,6,Households using iodized salt (%),96.0,93.4,False,False
Gujarat,Dahod,Population and Household Profile,7,Households with any usual member covered under a health insurance/financing scheme (%),49.2,45.5,False,False
Gujarat,Dahod,Population and Household Profile,8,Households with any usual member having a bank account/post office account (%),98.5,95.4,False,False
Gujarat,Dahod,Population and Household Profile,9,Female population age 6 years and above who ever attended school (%),63.8,59.6,False,False
Gujarat,Dahod,Population and Household Profile,10,Households with any usual female members owning a house and/or land (alone or jointly with others) (%),12.7,5.3,False,False
Gujarat,Dahod,Population and Household Profile,11,Children age 2-4 years who attended pre-school (%),46.4,43.2,False,False
Gujarat,Dahod,Characteristics of Adults (age 15-49 years),12,Women with 10 or more years of schooling (%),29.6,23.1,False,False
Gujarat,Dahod,Characteristics of Adults (age 15-49 years),13,Men with 10 or more years of schooling (%),39.0,32.3,False,False
Gujarat,Dahod,Characteristics of Adults (age 15-49 years),14,Women who have ever used the internet (%),34.3,10.7,False,False
Gujarat,Dahod,Characteristics of Adults (age 15-49 years),15,Men who have ever used the internet (%),73.2,35.4,False,False
Gujarat,Dahod,Marriage and Fertility,16,Women age 20-24 years married before age 18 years (%),22.7,29.9,False,False
Gujarat,Dahod,Marriage and Fertility,17,Men age 25-29 years married before age 21 years (%),*,*,True,False
Gujarat,Dahod,Marriage and Fertility,18,Three or more births in the 5 years preceding the survey (%),5.2,4.0,False,False
Gujarat,Dahod,Marriage and Fertility,19,Women age 15-19 years who were already mothers or pregnant at the time of the survey (%),10.5,7.4,False,False
Gujarat,Dahod,Marriage and Fertility,20,Any method2 (%),74.4,70.8,False,False
Gujarat,Dahod,Marriage and Fertility,21,Any modern method2 (%),46.7,55.6,False,False
Gujarat,Dahod,Marriage and Fertility,22,Any traditional method (%),27.7,15.2,False,False
Gujarat,Dahod,Marriage and Fertility,23,Female sterilization (%),42.3,42.9,False,False
Gujarat,Dahod,Marriage and Fertility,24,Male sterilization (%),0.3,0.0,False,False
Gujarat,Dahod,Marriage and Fertility,25,Total unmet need3 (%),6.2,7.7,False,False
Gujarat,Dahod,Marriage and Fertility,26,Unmet need for spacing3 (%),3.0,2.7,False,False
Gujarat,Dahod,Marriage and Fertility,27,Unmet need for limiting3 (%),3.2,5.0,False,False
Gujarat,Dahod,Antenatal Care (for last birth in the 5 years before the survey),28,Mothers who had an antenatal check-up in the first trimester (%),81.3,75.2,False,False
Gujarat,Dahod,Antenatal Care (for last birth in the 5 years before the survey),29,Mothers who had any antenatal care visits (%),92.4,94.4,False,False
Gujarat,Dahod,Antenatal Care (for last birth in the 5 years before the survey),30,Mothers who had at least 4 antenatal care visits (%),59.3,70.9,False,False
Gujarat,Dahod,Antenatal Care (for last birth in the 5 years before the survey),31,Mothers whose last birth was protected against neonatal tetanus 4 (%),93.8,96.9,False,False
Gujarat,Dahod,Antenatal Care (for last birth in the 5 years before the survey),32,Mothers who consumed iron folic acid for 100 days or more when they were pregnant (%),57.6,65.0,False,False
Gujarat,Dahod,Antenatal Care (for last birth in the 5 years before the survey),33,Mothers who consumed iron folic acid for 180 days or more when they were pregnant (%),45.6,44.6,False,False
Gujarat,Dahod,Antenatal Care (for last birth in the 5 years before the survey),34,Registered pregnancies for which the mother received a Mother and Child Protection (MCP) card (%),97.8,98.9,False,False
Gujarat,Dahod,Delivery Care (for births in the 5 years before the survey),35,Institutional births (%),95.0,92.5,False,False
Gujarat,Dahod,Delivery Care (for births in the 5 years before the survey),36,Institutional births in public facility (%),55.2,68.2,False,False
Gujarat,Dahod,Delivery Care (for births in the 5 years before the survey),37,Births attended by skilled health personnel5 (%),87.7,93.2,False,False
Gujarat,Dahod,Delivery Care (for births in the 5 years before the survey),38,Births delivered by caesarean section (%),9.7,6.1,False,False
Gujarat,Dahod,Delivery Care (for births in the 5 years before the survey),39,Births in a private health facility that were delivered by caesarean section (%),19.8,20.9,False,False
Gujarat,Dahod,Delivery Care (for births in the 5 years before the survey),40,Births in a public health facility that were delivered by caesarean section (%),3.3,1.5,False,False
Gujarat,Dahod,Postnatal Care (for last birth in the 5 years before the survey),41,Mothers who received postnatal care from a doctor/nurse/LHV/ANM/midwife/other health personnel within 2,95.9,87.2,False,False
Gujarat,Dahod,Postnatal Care (for last birth in the 5 years before the survey),42,Children born at home who were taken to a health facility for a check-up within 24 hours of birth (%),*,*,True,False
Gujarat,Dahod,Postnatal Care (for last birth in the 5 years before the survey),43,Children who received postnatal care from a doctor/nurse/LHV/ANM/midwife/other health personnel within 2,94.0,87.0,False,False
Gujarat,Dahod,Child Vaccinations and Vitamin A Supplementation,44,Children age 12-23 months fully vaccinated based on information from either vaccination card or mother's,76.7,66.2,False,False
Gujarat,Dahod,Child Vaccinations and Vitamin A Supplementation,45,Children age 12-23 months fully vaccinated based on information from vaccination card only 7 (%),86.9,74.8,False,False
Gujarat,Dahod,Child Vaccinations and Vitamin A Supplementation,46,Children age 12-23 months who have received any vaccine (%),92.1,90.1,False,False
Gujarat,Dahod,Child Vaccinations and Vitamin A Supplementation,47,Children age 12-23 months who have received BCG (%),92.1,88.9,False,False
Gujarat,Dahod,Child Vaccinations and Vitamin A Supplementation,48,Children age 12-23 months who have received 3 doses of polio vaccine8 (%),78.0,68.5,False,False
Gujarat,Dahod,Child Vaccinations and Vitamin A Supplementation,49,Children age 12-23 months who have received 3 doses of pentavalent vaccine (%),79.3,73.8,False,False
Gujarat,Dahod,Child Vaccinations and Vitamin A Supplementation,50,Children age 12-23 months who have received the first dose of measles-containing vaccine (MCV) (%),83.2,75.0,False,False
Gujarat,Dahod,Child Vaccinations and Vitamin A Supplementation,51,Children age 24-35 months who have received a second dose of measles-containing vaccine (MCV) (%),63.5,38.2,False,False
Gujarat,Dahod,Child Vaccinations and Vitamin A Supplementation,52,Children age 12-23 months who have received birth dose of hepatitis B vaccine (%),83.4,66.5,False,False
Gujarat,Dahod,Child Vaccinations and Vitamin A Supplementation,53,Children age 12-23 months who have received 3 doses of rotavirus vaccine (%),78.3,1.2,False,False
Gujarat,Dahod,Child Vaccinations and Vitamin A Supplementation,54,Children age 9-35 months who received a vitamin A dose in the last 6 months (%),84.0,85.4,False,False
Gujarat,Dahod,Child Vaccinations and Vitamin A Supplementation,55,Children age 12-23 months who received most of their vaccinations in a public health facility (%),98.6,98.6,False,False
Gujarat,Dahod,Child Vaccinations and Vitamin A Supplementation,56,Children age 12-23 months who received most of their vaccinations in a private health facility (%),1.4,1.4,False,False
Gujarat,Dahod,Treatment of Childhood Diseases (children under age 5 years),57,Prevalence of diarrhoea in the 2 weeks preceding the survey (%),5.7,14.0,False,False
Gujarat,Dahod,Treatment of Childhood Diseases (children under age 5 years),58,Prevalence of symptoms of acute respiratory infection (ARI) in the 2 weeks preceding the survey (%),1.0,3.7,False,False
Gujarat,Dahod,Treatment of Childhood Diseases (children under age 5 years),59,Children with fever or symptoms of ARI in the 2 weeks preceding the survey taken to a health facility or,86.4,85.3,True,False
Gujarat,Dahod,Child Feeding Practices and Nutritional Status of Children,60,Children under age 3 years breastfed within one hour of birth9 (%),58.0,40.3,False,False
Gujarat,Dahod,Child Feeding Practices and Nutritional Status of Children,61,Children under age 6 months exclusively breastfed10 (%),74.9,47.6,True,False
Gujarat,Dahod,Child Feeding Practices and Nutritional Status of Children,62,Children under age 6 months currently breastfeeding10 (%),96.0,97.9,True,False
Gujarat,Dahod,Child Feeding Practices and Nutritional Status of Children,63,Children under age 6 months exclusively breastfed or breastfeeding and consuming plain water/other,88.5,79.0,True,False
Gujarat,Dahod,Child Feeding Practices and Nutritional Status of Children,64,Children age 6-8 months receiving solid or semi-solid food and breastmilk10 (%),62.9,*,True,False
Gujarat,Dahod,Child Feeding Practices and Nutritional Status of Children,65,"Breastfeeding children age 6-23 months receiving an adequate diet10, 11 (%)",1.9,9.0,False,False
Gujarat,Dahod,Child Feeding Practices and Nutritional Status of Children,66,"Non-breastfeeding children age 6-23 months receiving an adequate diet 10, 11 (%)",*,*,True,False
Gujarat,Dahod,Child Feeding Practices and Nutritional Status of Children,67,"Total children age 6-23 months receiving an adequate diet10, 11 (%)",1.7,7.5,False,False
Gujarat,Dahod,Child Feeding Practices and Nutritional Status of Children,68,Children under 5 years who are stunted (height-for-age)12 (%),50.0,55.3,False,False
Gujarat,Dahod,Child Feeding Practices and Nutritional Status of Children,69,Children under 5 years who are wasted (weight-for-height)12 (%),35.1,27.8,False,False
Gujarat,Dahod,Child Feeding Practices and Nutritional Status of Children,70,Children under 5 years who are severely wasted (weight-for-height)13 (%),9.8,13.4,False,False
Gujarat,Dahod,Child Feeding Practices and Nutritional Status of Children,71,Children under 5 years who are underweight (weight-for-age)12 (%),57.2,53.0,False,False
Gujarat,Dahod,Child Feeding Practices and Nutritional Status of Children,72,Children under 5 years who are overweight (weight-for-height)14 (%),0.0,5.8,False,False
Gujarat,Dahod,Nutritional Status of Adults (age 15-49 years),73,Women whose Body Mass Index (BMI) is below normal (BMI <18.5 kg/m 2)15 (%),43.8,39.1,False,False
Gujarat,Dahod,Nutritional Status of Adults (age 15-49 years),74,Women who are overweight or obese (BMI ≥25.0 kg/m2)15 (%),8.9,6.5,False,False
Gujarat,Dahod,Women,75,Blood sugar level - high (141-160 mg/dl)16 (%),6.1,7.0,False,False
Gujarat,Dahod,Women,76,Blood sugar level - very high (>160 mg/dl)16 (%),4.2,4.5,False,False
Gujarat,Dahod,Women,77,Blood sugar level - high or very high (>140 mg/dl) or taking medicine to control blood sugar level16 (%),10.5,11.8,False,False
Gujarat,Dahod,Men,78,Blood sugar level - high (141-160 mg/dl)16 (%),6.8,6.9,False,False
Gujarat,Dahod,Men,79,Blood sugar level - very high (>160 mg/dl)16 (%),5.6,4.1,False,False
Gujarat,Dahod,Men,80,Blood sugar level - high or very high (>140 mg/dl) or taking medicine to control blood sugar level 16 (%),13.3,11.4,False,False
Gujarat,Dahod,Women,81,Mildly elevated blood pressure (Systolic 140-159 mm of Hg and/or Diastolic 90-99 mm of Hg) (%),6.5,12.7,False,False
Gujarat,Dahod,Women,82,Moderately or severely elevated blood pressure (Systolic ≥160 mm of Hg and/or Diastolic ≥100 mm,4.1,4.0,False,False
Gujarat,Dahod,Women,83,Elevated blood pressure (Systolic ≥140 mm of Hg and/or Diastolic ≥90 mm of Hg) or taking medicine to,12.4,18.2,False,False
Gujarat,Dahod,Men,84,Mildly elevated blood pressure (Systolic 140-159 mm of Hg and/or Diastolic 90-99 mm of Hg) (%),7.6,12.2,False,False
Gujarat,Dahod,Men,85,Moderately or severely elevated blood pressure (Systolic ≥160 mm of Hg and/or Diastolic ≥100 mm,5.6,3.8,False,False
Gujarat,Dahod,Men,86,Elevated blood pressure (Systolic ≥140 mm of Hg and/or Diastolic ≥90 mm of Hg) or taking medicine to,14.4,17.7,False,False
Gujarat,Dahod,Men,87,Women having a bank or savings account that they themselves use (%),83.6,57.2,False,False
Gujarat,Dahod,Men,88,Women having a mobile phone that they themselves use (%),37.3,24.6,False,False
Gujarat,Dahod,Men,89,Women age 15-24 years who use hygienic methods of protection during their menstrual period17 (%),36.4,45.1,False,False
Gujarat,Dahod,Tobacco Use and Alcohol Consumption among Adults (age 15 years and above),90,Women age 15 years and above who use any kind of tobacco (%),11.3,14.6,False,False
Gujarat,Dahod,Tobacco Use and Alcohol Consumption among Adults (age 15 years and above),91,Men age 15 years and above who use any kind of tobacco (%),49.5,55.9,False,False
Gujarat,Dahod,Tobacco Use and Alcohol Consumption among Adults (age 15 years and above),92,Women age 15 years and above who consume alcohol (%),0.4,0.9,False,False
Gujarat,Dahod,Tobacco Use and Alcohol Consumption among Adults (age 15 years and above),93,Men age 15 years and above who consume alcohol (%),10.4,14.2,False,False
Gujarat,Devbhumi Dwarka,Population and Household Profile,1,Population below age 5 years (%),7.3,7.5,False,False
Gujarat,Devbhumi Dwarka,Population and Household Profile,2,Population below age 15 years (%),22.6,24.2,False,False
Gujarat,Devbhumi Dwarka,Population and Household Profile,3,Population age 60 years and above (%),12.9,12.0,False,False
Gujarat,Devbhumi Dwarka,Population and Household Profile,4,Population living in households with electricity (%),99.2,98.7,False,False
Gujarat,Devbhumi Dwarka,Population and Household Profile,5,Population living in households with an improved drinking-water source1 (%),96.2,93.9,False,False
Gujarat,Devbhumi Dwarka,Population and Household Profile,6,Households using iodized salt (%),97.2,97.5,False,False
Gujarat,Devbhumi Dwarka,Population and Household Profile,7,Households with any usual member covered under a health insurance/financing scheme (%),60.0,37.6,False,False
Gujarat,Devbhumi Dwarka,Population and Household Profile,8,Households with any usual member having a bank account/post office account (%),98.7,93.7,False,False
Gujarat,Devbhumi Dwarka,Population and Household Profile,9,Female population age 6 years and above who ever attended school (%),69.2,59.0,False,False
Gujarat,Devbhumi Dwarka,Population and Household Profile,10,Households with any usual female members owning a house and/or land (alone or jointly with others) (%),15.5,8.6,False,False
Gujarat,Devbhumi Dwarka,Population and Household Profile,11,Children age 2-4 years who attended pre-school (%),54.9,46.3,False,False
Gujarat,Devbhumi Dwarka,Characteristics of Adults (age 15-49 years),12,Women with 10 or more years of schooling (%),26.0,15.8,False,False
Gujarat,Devbhumi Dwarka,Characteristics of Adults (age 15-49 years),13,Men with 10 or more years of schooling (%),33.7,25.6,False,False
Gujarat,Devbhumi Dwarka,Characteristics of Adults (age 15-49 years),14,Women who have ever used the internet (%),66.4,19.2,False,False
Gujarat,Devbhumi Dwarka,Characteristics of Adults (age 15-49 years),15,Men who have ever used the internet (%),78.4,46.3,False,False
Gujarat,Devbhumi Dwarka,Marriage and Fertility,16,Women age 20-24 years married before age 18 years (%),12.4,11.6,False,False
Gujarat,Devbhumi Dwarka,Marriage and Fertility,17,Men age 25-29 years married before age 21 years (%),15.1,28.2,True,False
Gujarat,Devbhumi Dwarka,Marriage and Fertility,18,Three or more births in the 5 years preceding the survey (%),2.6,1.4,False,False
Gujarat,Devbhumi Dwarka,Marriage and Fertility,19,Women age 15-19 years who were already mothers or pregnant at the time of the survey (%),1.8,3.8,False,False
Gujarat,Devbhumi Dwarka,Marriage and Fertility,20,Any method2 (%),75.8,47.7,False,False
Gujarat,Devbhumi Dwarka,Marriage and Fertility,21,Any modern method2 (%),52.0,41.1,False,False
Gujarat,Devbhumi Dwarka,Marriage and Fertility,22,Any traditional method (%),23.8,6.6,False,False
Gujarat,Devbhumi Dwarka,Marriage and Fertility,23,Female sterilization (%),24.5,19.1,False,False
Gujarat,Devbhumi Dwarka,Marriage and Fertility,24,Male sterilization (%),0.0,0.0,False,False
Gujarat,Devbhumi Dwarka,Marriage and Fertility,25,Total unmet need3 (%),2.9,15.9,False,False
Gujarat,Devbhumi Dwarka,Marriage and Fertility,26,Unmet need for spacing3 (%),1.6,6.0,False,False
Gujarat,Devbhumi Dwarka,Marriage and Fertility,27,Unmet need for limiting3 (%),1.3,9.9,False,False
Gujarat,Devbhumi Dwarka,Antenatal Care (for last birth in the 5 years before the survey),28,Mothers who had an antenatal check-up in the first trimester (%),95.8,84.1,False,False
Gujarat,Devbhumi Dwarka,Antenatal Care (for last birth in the 5 years before the survey),29,Mothers who had any antenatal care visits (%),100.0,92.8,False,False
Gujarat,Devbhumi Dwarka,Antenatal Care (for last birth in the 5 years before the survey),30,Mothers who had at least 4 antenatal care visits (%),95.8,76.6,False,False
Gujarat,Devbhumi Dwarka,Antenatal Care (for last birth in the 5 years before the survey),31,Mothers whose last birth was protected against neonatal tetanus 4 (%),98.0,90.3,False,False
Gujarat,Devbhumi Dwarka,Antenatal Care (for last birth in the 5 years before the survey),32,Mothers who consumed iron folic acid for 100 days or more when they were pregnant (%),70.3,29.1,False,False
Gujarat,Devbhumi Dwarka,Antenatal Care (for last birth in the 5 years before the survey),33,Mothers who consumed iron folic acid for 180 days or more when they were pregnant (%),62.8,12.2,False,False
Gujarat,Devbhumi Dwarka,Antenatal Care (for last birth in the 5 years before the survey),34,Registered pregnancies for which the mother received a Mother and Child Protection (MCP) card (%),99.1,98.3,False,False
Gujarat,Devbhumi Dwarka,Delivery Care (for births in the 5 years before the survey),35,Institutional births (%),98.0,94.8,False,False
Gujarat,Devbhumi Dwarka,Delivery Care (for births in the 5 years before the survey),36,Institutional births in public facility (%),28.3,37.2,False,False
Gujarat,Devbhumi Dwarka,Delivery Care (for births in the 5 years before the survey),37,Births attended by skilled health personnel5 (%),88.5,91.7,False,False
Gujarat,Devbhumi Dwarka,Delivery Care (for births in the 5 years before the survey),38,Births delivered by caesarean section (%),24.6,17.9,False,False
Gujarat,Devbhumi Dwarka,Delivery Care (for births in the 5 years before the survey),39,Births in a private health facility that were delivered by caesarean section (%),27.7,24.5,False,False
Gujarat,Devbhumi Dwarka,Delivery Care (for births in the 5 years before the survey),40,Births in a public health facility that were delivered by caesarean section (%),18.7,10.3,False,False
Gujarat,Devbhumi Dwarka,Postnatal Care (for last birth in the 5 years before the survey),41,Mothers who received postnatal care from a doctor/nurse/LHV/ANM/midwife/other health personnel within 2,94.4,90.1,False,False
Gujarat,Devbhumi Dwarka,Postnatal Care (for last birth in the 5 years before the survey),42,Children born at home who were taken to a health facility for a check-up within 24 hours of birth (%),*,*,True,False
Gujarat,Devbhumi Dwarka,Postnatal Care (for last birth in the 5 years before the survey),43,Children who received postnatal care from a doctor/nurse/LHV/ANM/midwife/other health personnel within 2,96.1,88.3,False,False
Gujarat,Devbhumi Dwarka,Child Vaccinations and Vitamin A Supplementation,44,Children age 12-23 months fully vaccinated based on information from either vaccination card or mother's,90.3,73.3,False,False
Gujarat,Devbhumi Dwarka,Child Vaccinations and Vitamin A Supplementation,45,Children age 12-23 months fully vaccinated based on information from vaccination card only 7 (%),93.2,77.0,False,False
Gujarat,Devbhumi Dwarka,Child Vaccinations and Vitamin A Supplementation,46,Children age 12-23 months who have received any vaccine (%),98.8,92.3,False,False
Gujarat,Devbhumi Dwarka,Child Vaccinations and Vitamin A Supplementation,47,Children age 12-23 months who have received BCG (%),98.8,92.3,False,False
Gujarat,Devbhumi Dwarka,Child Vaccinations and Vitamin A Supplementation,48,Children age 12-23 months who have received 3 doses of polio vaccine8 (%),90.3,81.0,False,False
Gujarat,Devbhumi Dwarka,Child Vaccinations and Vitamin A Supplementation,49,Children age 12-23 months who have received 3 doses of pentavalent vaccine (%),92.2,77.2,False,False
Gujarat,Devbhumi Dwarka,Child Vaccinations and Vitamin A Supplementation,50,Children age 12-23 months who have received the first dose of measles-containing vaccine (MCV) (%),96.8,80.1,False,False
Gujarat,Devbhumi Dwarka,Child Vaccinations and Vitamin A Supplementation,51,Children age 24-35 months who have received a second dose of measles-containing vaccine (MCV) (%),93.4,45.1,False,False
Gujarat,Devbhumi Dwarka,Child Vaccinations and Vitamin A Supplementation,52,Children age 12-23 months who have received birth dose of hepatitis B vaccine (%),83.5,50.8,False,False
Gujarat,Devbhumi Dwarka,Child Vaccinations and Vitamin A Supplementation,53,Children age 12-23 months who have received 3 doses of rotavirus vaccine (%),77.2,0.0,False,False
Gujarat,Devbhumi Dwarka,Child Vaccinations and Vitamin A Supplementation,54,Children age 9-35 months who received a vitamin A dose in the last 6 months (%),89.6,77.3,False,False
Gujarat,Devbhumi Dwarka,Child Vaccinations and Vitamin A Supplementation,55,Children age 12-23 months who received most of their vaccinations in a public health facility (%),97.8,95.7,False,False
Gujarat,Devbhumi Dwarka,Child Vaccinations and Vitamin A Supplementation,56,Children age 12-23 months who received most of their vaccinations in a private health facility (%),2.2,2.2,False,False
Gujarat,Devbhumi Dwarka,Treatment of Childhood Diseases (children under age 5 years),57,Prevalence of diarrhoea in the 2 weeks preceding the survey (%),8.2,9.1,False,False
Gujarat,Devbhumi Dwarka,Treatment of Childhood Diseases (children under age 5 years),58,Prevalence of symptoms of acute respiratory infection (ARI) in the 2 weeks preceding the survey (%),0.3,0.0,False,False
Gujarat,Devbhumi Dwarka,Treatment of Childhood Diseases (children under age 5 years),59,Children with fever or symptoms of ARI in the 2 weeks preceding the survey taken to a health facility or,67.6,72.1,True,False
Gujarat,Devbhumi Dwarka,Child Feeding Practices and Nutritional Status of Children,60,Children under age 3 years breastfed within one hour of birth 9 (%),37.1,55.8,False,False
Gujarat,Devbhumi Dwarka,Child Feeding Practices and Nutritional Status of Children,61,Children under age 6 months exclusively breastfed10 (%),69.1,67.3,True,False
Gujarat,Devbhumi Dwarka,Child Feeding Practices and Nutritional Status of Children,62,Children under age 6 months currently breastfeeding10 (%),96.4,97.3,True,False
Gujarat,Devbhumi Dwarka,Child Feeding Practices and Nutritional Status of Children,63,Children under age 6 months exclusively breastfed or breastfeeding and consuming plain water/other,82.9,85.0,True,False
Gujarat,Devbhumi Dwarka,Child Feeding Practices and Nutritional Status of Children,64,Children age 6-8 months receiving solid or semi-solid food and breastmilk10 (%),*,*,True,False
Gujarat,Devbhumi Dwarka,Child Feeding Practices and Nutritional Status of Children,65,"Breastfeeding children age 6-23 months receiving an adequate diet10, 11 (%)",17.6,4.0,False,False
Gujarat,Devbhumi Dwarka,Child Feeding Practices and Nutritional Status of Children,66,"Non-breastfeeding children age 6-23 months receiving an adequate diet 10, 11 (%)",*,*,True,False
Gujarat,Devbhumi Dwarka,Child Feeding Practices and Nutritional Status of Children,67,"Total children age 6-23 months receiving an adequate diet10, 11 (%)",16.0,5.8,False,False
Gujarat,Devbhumi Dwarka,Child Feeding Practices and Nutritional Status of Children,68,Children under 5 years who are stunted (height-for-age)12 (%),34.4,30.2,False,False
Gujarat,Devbhumi Dwarka,Child Feeding Practices and Nutritional Status of Children,69,Children under 5 years who are wasted (weight-for-height)12 (%),15.9,26.1,False,False
Gujarat,Devbhumi Dwarka,Child Feeding Practices and Nutritional Status of Children,70,Children under 5 years who are severely wasted (weight-for-height)13 (%),4.5,17.2,False,False
Gujarat,Devbhumi Dwarka,Child Feeding Practices and Nutritional Status of Children,71,Children under 5 years who are underweight (weight-for-age)12 (%),30.0,36.2,False,False
Gujarat,Devbhumi Dwarka,Child Feeding Practices and Nutritional Status of Children,72,Children under 5 years who are overweight (weight-for-height)14 (%),1.8,4.9,False,False
Gujarat,Devbhumi Dwarka,Nutritional Status of Adults (age 15-49 years),73,Women whose Body Mass Index (BMI) is below normal (BMI <18.5 kg/m 2)15 (%),22.3,22.4,False,False
Gujarat,Devbhumi Dwarka,Nutritional Status of Adults (age 15-49 years),74,Women who are overweight or obese (BMI ≥25.0 kg/m2)15 (%),35.9,24.1,False,False
Gujarat,Devbhumi Dwarka,Women,75,Blood sugar level - high (141-160 mg/dl)16 (%),6.4,6.4,False,False
Gujarat,Devbhumi Dwarka,Women,76,Blood sugar level - very high (>160 mg/dl)16 (%),6.7,4.7,False,False
Gujarat,Devbhumi Dwarka,Women,77,Blood sugar level - high or very high (>140 mg/dl) or taking medicine to control blood sugar level16 (%),13.8,13.5,False,False
Gujarat,Devbhumi Dwarka,Men,78,Blood sugar level - high (141-160 mg/dl)16 (%),7.1,6.5,False,False
Gujarat,Devbhumi Dwarka,Men,79,Blood sugar level - very high (>160 mg/dl)16 (%),8.0,5.8,False,False
Gujarat,Devbhumi Dwarka,Men,80,Blood sugar level - high or very high (>140 mg/dl) or taking medicine to control blood sugar level 16 (%),16.4,13.5,False,False
Gujarat,Devbhumi Dwarka,Women,81,Mildly elevated blood pressure (Systolic 140-159 mm of Hg and/or Diastolic 90-99 mm of Hg) (%),10.0,9.7,False,False
Gujarat,Devbhumi Dwarka,Women,82,Moderately or severely elevated blood pressure (Systolic ≥160 mm of Hg and/or Diastolic ≥100 mm,6.4,4.4,False,False
Gujarat,Devbhumi Dwarka,Women,83,Elevated blood pressure (Systolic ≥140 mm of Hg and/or Diastolic ≥90 mm of Hg) or taking medicine to,21.6,18.1,False,False
Gujarat,Devbhumi Dwarka,Men,84,Mildly elevated blood pressure (Systolic 140-159 mm of Hg and/or Diastolic 90-99 mm of Hg) (%),13.1,11.0,False,False
Gujarat,Devbhumi Dwarka,Men,85,Moderately or severely elevated blood pressure (Systolic ≥160 mm of Hg and/or Diastolic ≥100 mm,5.0,3.3,False,False
Gujarat,Devbhumi Dwarka,Men,86,Elevated blood pressure (Systolic ≥140 mm of Hg and/or Diastolic ≥90 mm of Hg) or taking medicine to,21.0,17.3,False,False
Gujarat,Devbhumi Dwarka,Men,87,Women having a bank or savings account that they themselves use (%),79.7,61.1,False,False
Gujarat,Devbhumi Dwarka,Men,88,Women having a mobile phone that they themselves use (%),58.8,43.8,False,False
Gujarat,Devbhumi Dwarka,Men,89,Women age 15-24 years who use hygienic methods of protection during their menstrual period17 (%),61.6,65.9,False,False
Gujarat,Devbhumi Dwarka,Tobacco Use and Alcohol Consumption among Adults (age 15 years and above),90,Women age 15 years and above who use any kind of tobacco (%),13.3,24.2,False,False
Gujarat,Devbhumi Dwarka,Tobacco Use and Alcohol Consumption among Adults (age 15 years and above),91,Men age 15 years and above who use any kind of tobacco (%),51.0,60.6,False,False
Gujarat,Devbhumi Dwarka,Tobacco Use and Alcohol Consumption among Adults (age 15 years and above),92,Women age 15 years and above who consume alcohol (%),0.0,0.5,False,False
Gujarat,Devbhumi Dwarka,Tobacco Use and Alcohol Consumption among Adults (age 15 years and above),93,Men age 15 years and above who consume alcohol (%),2.5,2.6,False,False
Gujarat,Gandhinagar,Population and Household Profile,1,Population below age 5 years (%),6.9,6.3,False,False
Gujarat,Gandhinagar,Population and Household Profile,2,Population below age 15 years (%),22.2,22.3,False,False
Gujarat,Gandhinagar,Population and Household Profile,3,Population age 60 years and above (%),12.9,11.2,False,False
Gujarat,Gandhinagar,Population and Household Profile,4,Population living in households with electricity (%),99.1,97.8,False,False
Gujarat,Gandhinagar,Population and Household Profile,5,Population living in households with an improved drinking-water source1 (%),99.0,99.7,False,False
Gujarat,Gandhinagar,Population and Household Profile,6,Households using iodized salt (%),97.1,93.6,False,False
Gujarat,Gandhinagar,Population and Household Profile,7,Households with any usual member covered under a health insurance/financing scheme (%),57.9,34.4,False,False
Gujarat,Gandhinagar,Population and Household Profile,8,Households with any usual member having a bank account/post office account (%),98.5,94.5,False,False
Gujarat,Gandhinagar,Population and Household Profile,9,Female population age 6 years and above who ever attended school (%),81.0,77.6,False,False
Gujarat,Gandhinagar,Population and Household Profile,10,Households with any usual female members owning a house and/or land (alone or jointly with others) (%),20.0,13.5,False,False
Gujarat,Gandhinagar,Population and Household Profile,11,Children age 2-4 years who attended pre-school (%),52.6,59.8,False,False
Gujarat,Gandhinagar,Characteristics of Adults (age 15-49 years),12,Women with 10 or more years of schooling (%),39.8,37.9,False,False
Gujarat,Gandhinagar,Characteristics of Adults (age 15-49 years),13,Men with 10 or more years of schooling (%),41.8,42.5,False,False
Gujarat,Gandhinagar,Characteristics of Adults (age 15-49 years),14,Women who have ever used the internet (%),66.1,27.5,False,False
Gujarat,Gandhinagar,Characteristics of Adults (age 15-49 years),15,Men who have ever used the internet (%),82.3,52.1,False,False
Gujarat,Gandhinagar,Marriage and Fertility,16,Women age 20-24 years married before age 18 years (%),31.5,32.6,False,False
Gujarat,Gandhinagar,Marriage and Fertility,17,Men age 25-29 years married before age 21 years (%),23.4,*,True,False
Gujarat,Gandhinagar,Marriage and Fertility,18,Three or more births in the 5 years preceding the survey (%),1.3,1.3,False,False
Gujarat,Gandhinagar,Marriage and Fertility,19,Women age 15-19 years who were already mothers or pregnant at the time of the survey (%),6.8,5.0,False,False
Gujarat,Gandhinagar,Marriage and Fertility,20,Any method2 (%),75.1,49.3,False,False
Gujarat,Gandhinagar,Marriage and Fertility,21,Any modern method2 (%),47.6,43.6,False,False
Gujarat,Gandhinagar,Marriage and Fertility,22,Any traditional method (%),27.5,5.7,False,False
Gujarat,Gandhinagar,Marriage and Fertility,23,Female sterilization (%),29.1,25.5,False,False
Gujarat,Gandhinagar,Marriage and Fertility,24,Male sterilization (%),0.5,0.0,False,False
Gujarat,Gandhinagar,Marriage and Fertility,25,Total unmet need3 (%),5.6,18.5,False,False
Gujarat,Gandhinagar,Marriage and Fertility,26,Unmet need for spacing3 (%),2.6,6.6,False,False
Gujarat,Gandhinagar,Marriage and Fertility,27,Unmet need for limiting3 (%),3.0,11.9,False,False
Gujarat,Gandhinagar,Antenatal Care (for last birth in the 5 years before the survey),28,Mothers who had an antenatal check-up in the first trimester (%),83.7,69.5,False,False
Gujarat,Gandhinagar,Antenatal Care (for last birth in the 5 years before the survey),29,Mothers who had any antenatal care visits (%),95.6,88.0,False,False
Gujarat,Gandhinagar,Antenatal Care (for last birth in the 5 years before the survey),30,Mothers who had at least 4 antenatal care visits (%),84.9,71.0,False,False
Gujarat,Gandhinagar,Antenatal Care (for last birth in the 5 years before the survey),31,Mothers whose last birth was protected against neonatal tetanus 4 (%),91.0,86.7,False,False
Gujarat,Gandhinagar,Antenatal Care (for last birth in the 5 years before the survey),32,Mothers who consumed iron folic acid for 100 days or more when they were pregnant (%),43.5,38.1,False,False
Gujarat,Gandhinagar,Antenatal Care (for last birth in the 5 years before the survey),33,Mothers who consumed iron folic acid for 180 days or more when they were pregnant (%),23.7,22.6,False,False
Gujarat,Gandhinagar,Antenatal Care (for last birth in the 5 years before the survey),34,Registered pregnancies for which the mother received a Mother and Child Protection (MCP) card (%),99.2,96.2,False,False
Gujarat,Gandhinagar,Delivery Care (for births in the 5 years before the survey),35,Institutional births (%),98.6,97.8,False,False
Gujarat,Gandhinagar,Delivery Care (for births in the 5 years before the survey),36,Institutional births in public facility (%),44.7,39.5,False,False
Gujarat,Gandhinagar,Delivery Care (for births in the 5 years before the survey),37,Births attended by skilled health personnel5 (%),88.8,89.3,False,False
Gujarat,Gandhinagar,Delivery Care (for births in the 5 years before the survey),38,Births delivered by caesarean section (%),34.7,32.7,False,False
Gujarat,Gandhinagar,Delivery Care (for births in the 5 years before the survey),39,Births in a private health facility that were delivered by caesarean section (%),46.4,39.6,False,False
Gujarat,Gandhinagar,Delivery Care (for births in the 5 years before the survey),40,Births in a public health facility that were delivered by caesarean section (%),21.8,24.3,False,False
Gujarat,Gandhinagar,Postnatal Care (for last birth in the 5 years before the survey),41,Mothers who received postnatal care from a doctor/nurse/LHV/ANM/midwife/other health personnel within 2,93.0,88.2,False,False
Gujarat,Gandhinagar,Postnatal Care (for last birth in the 5 years before the survey),42,Children born at home who were taken to a health facility for a check-up within 24 hours of birth (%),*,*,True,False
Gujarat,Gandhinagar,Postnatal Care (for last birth in the 5 years before the survey),43,Children who received postnatal care from a doctor/nurse/LHV/ANM/midwife/other health personnel within 2,94.4,89.0,False,False
Gujarat,Gandhinagar,Child Vaccinations and Vitamin A Supplementation,44,Children age 12-23 months fully vaccinated based on information from either vaccination card or mother's,89.0,77.7,True,False
Gujarat,Gandhinagar,Child Vaccinations and Vitamin A Supplementation,45,Children age 12-23 months fully vaccinated based on information from vaccination card only 7 (%),96.9,95.2,True,False
Gujarat,Gandhinagar,Child Vaccinations and Vitamin A Supplementation,46,Children age 12-23 months who have received any vaccine (%),100.0,94.2,True,False
Gujarat,Gandhinagar,Child Vaccinations and Vitamin A Supplementation,47,Children age 12-23 months who have received BCG (%),100.0,94.2,True,False
Gujarat,Gandhinagar,Child Vaccinations and Vitamin A Supplementation,48,Children age 12-23 months who have received 3 doses of polio vaccine8 (%),91.7,81.5,True,False
Gujarat,Gandhinagar,Child Vaccinations and Vitamin A Supplementation,49,Children age 12-23 months who have received 3 doses of pentavalent vaccine (%),92.5,90.4,True,False
Gujarat,Gandhinagar,Child Vaccinations and Vitamin A Supplementation,50,Children age 12-23 months who have received the first dose of measles-containing vaccine (MCV) (%),94.6,92.4,True,False
Gujarat,Gandhinagar,Child Vaccinations and Vitamin A Supplementation,51,Children age 24-35 months who have received a second dose of measles-containing vaccine (MCV) (%),64.7,51.0,True,False
Gujarat,Gandhinagar,Child Vaccinations and Vitamin A Supplementation,52,Children age 12-23 months who have received birth dose of hepatitis B vaccine (%),89.1,61.9,True,False
Gujarat,Gandhinagar,Child Vaccinations and Vitamin A Supplementation,53,Children age 12-23 months who have received 3 doses of rotavirus vaccine (%),84.1,3.8,True,False
Gujarat,Gandhinagar,Child Vaccinations and Vitamin A Supplementation,54,Children age 9-35 months who received a vitamin A dose in the last 6 months (%),86.4,81.0,False,False
Gujarat,Gandhinagar,Child Vaccinations and Vitamin A Supplementation,55,Children age 12-23 months who received most of their vaccinations in a public health facility (%),86.6,92.4,True,False
Gujarat,Gandhinagar,Child Vaccinations and Vitamin A Supplementation,56,Children age 12-23 months who received most of their vaccinations in a private health facility (%),13.5,7.6,True,False
Gujarat,Gandhinagar,Treatment of Childhood Diseases (children under age 5 years),57,Prevalence of diarrhoea in the 2 weeks preceding the survey (%),10.5,15.0,False,False
Gujarat,Gandhinagar,Treatment of Childhood Diseases (children under age 5 years),58,Prevalence of symptoms of acute respiratory infection (ARI) in the 2 weeks preceding the survey (%),0.0,0.4,False,False
Gujarat,Gandhinagar,Treatment of Childhood Diseases (children under age 5 years),59,Children with fever or symptoms of ARI in the 2 weeks preceding the survey taken to a health facility or,79.8,74.1,True,False
Gujarat,Gandhinagar,Child Feeding Practices and Nutritional Status of Children,60,Children under age 3 years breastfed within one hour of birth 9 (%),42.7,37.8,False,False
Gujarat,Gandhinagar,Child Feeding Practices and Nutritional Status of Children,61,Children under age 6 months exclusively breastfed10 (%),73.7,*,True,False
Gujarat,Gandhinagar,Child Feeding Practices and Nutritional Status of Children,62,Children under age 6 months currently breastfeeding10 (%),98.8,*,True,False
Gujarat,Gandhinagar,Child Feeding Practices and Nutritional Status of Children,63,Children under age 6 months exclusively breastfed or breastfeeding and consuming plain water/other,98.1,*,True,False
Gujarat,Gandhinagar,Child Feeding Practices and Nutritional Status of Children,64,Children age 6-8 months receiving solid or semi-solid food and breastmilk10 (%),*,*,True,False
Gujarat,Gandhinagar,Child Feeding Practices and Nutritional Status of Children,65,"Breastfeeding children age 6-23 months receiving an adequate diet10, 11 (%)",4.7,6.4,False,False
Gujarat,Gandhinagar,Child Feeding Practices and Nutritional Status of Children,66,"Non-breastfeeding children age 6-23 months receiving an adequate diet 10, 11 (%)",*,*,True,False
Gujarat,Gandhinagar,Child Feeding Practices and Nutritional Status of Children,67,"Total children age 6-23 months receiving an adequate diet10, 11 (%)",4.4,4.9,False,False
Gujarat,Gandhinagar,Child Feeding Practices and Nutritional Status of Children,68,Children under 5 years who are stunted (height-for-age)12 (%),28.6,38.1,False,False
Gujarat,Gandhinagar,Child Feeding Practices and Nutritional Status of Children,69,Children under 5 years who are wasted (weight-for-height)12 (%),19.3,30.6,False,False
Gujarat,Gandhinagar,Child Feeding Practices and Nutritional Status of Children,70,Children under 5 years who are severely wasted (weight-for-height)13 (%),4.8,9.9,False,False
Gujarat,Gandhinagar,Child Feeding Practices and Nutritional Status of Children,71,Children under 5 years who are underweight (weight-for-age)12 (%),31.7,44.6,False,False
Gujarat,Gandhinagar,Child Feeding Practices and Nutritional Status of Children,72,Children under 5 years who are overweight (weight-for-height)14 (%),2.0,0.5,False,False
Gujarat,Gandhinagar,Nutritional Status of Adults (age 15-49 years),73,Women whose Body Mass Index (BMI) is below normal (BMI <18.5 kg/m 2)15 (%),20.7,21.2,False,False
Gujarat,Gandhinagar,Nutritional Status of Adults (age 15-49 years),74,Women who are overweight or obese (BMI ≥25.0 kg/m2)15 (%),33.2,29.5,False,False
Gujarat,Gandhinagar,Women,75,Blood sugar level - high (141-160 mg/dl)16 (%),9.3,8.7,False,False
Gujarat,Gandhinagar,Women,76,Blood sugar level - very high (>160 mg/dl)16 (%),9.9,8.8,False,False
Gujarat,Gandhinagar,Women,77,Blood sugar level - high or very high (>140 mg/dl) or taking medicine to control blood sugar level16 (%),20.4,18.5,False,False
Gujarat,Gandhinagar,Men,78,Blood sugar level - high (141-160 mg/dl)16 (%),7.6,8.4,False,False
Gujarat,Gandhinagar,Men,79,Blood sugar level - very high (>160 mg/dl)16 (%),10.2,8.7,False,False
Gujarat,Gandhinagar,Men,80,Blood sugar level - high or very high (>140 mg/dl) or taking medicine to control blood sugar level 16 (%),19.1,18.7,False,False
Gujarat,Gandhinagar,Women,81,Mildly elevated blood pressure (Systolic 140-159 mm of Hg and/or Diastolic 90-99 mm of Hg) (%),11.1,12.5,False,False
Gujarat,Gandhinagar,Women,82,Moderately or severely elevated blood pressure (Systolic ≥160 mm of Hg and/or Diastolic ≥100 mm,6.3,5.8,False,False
Gujarat,Gandhinagar,Women,83,Elevated blood pressure (Systolic ≥140 mm of Hg and/or Diastolic ≥90 mm of Hg) or taking medicine to,24.3,23.9,False,False
Gujarat,Gandhinagar,Men,84,Mildly elevated blood pressure (Systolic 140-159 mm of Hg and/or Diastolic 90-99 mm of Hg) (%),13.7,18.4,False,False
Gujarat,Gandhinagar,Men,85,Moderately or severely elevated blood pressure (Systolic ≥160 mm of Hg and/or Diastolic ≥100 mm,6.6,7.0,False,False
Gujarat,Gandhinagar,Men,86,Elevated blood pressure (Systolic ≥140 mm of Hg and/or Diastolic ≥90 mm of Hg) or taking medicine to,26.1,29.3,False,False
Gujarat,Gandhinagar,Men,87,Women having a bank or savings account that they themselves use (%),80.4,72.2,False,False
Gujarat,Gandhinagar,Men,88,Women having a mobile phone that they themselves use (%),58.4,45.4,False,False
Gujarat,Gandhinagar,Men,89,Women age 15-24 years who use hygienic methods of protection during their menstrual period17 (%),65.7,69.9,False,False
Gujarat,Gandhinagar,Tobacco Use and Alcohol Consumption among Adults (age 15 years and above),90,Women age 15 years and above who use any kind of tobacco (%),8.7,7.2,False,False
Gujarat,Gandhinagar,Tobacco Use and Alcohol Consumption among Adults (age 15 years and above),91,Men age 15 years and above who use any kind of tobacco (%),36.5,33.8,False,False
Gujarat,Gandhinagar,Tobacco Use and Alcohol Consumption among Adults (age 15 years and above),92,Women age 15 years and above who consume alcohol (%),0.0,0.1,False,False
Gujarat,Gandhinagar,Tobacco Use and Alcohol Consumption among Adults (age 15 years and above),93,Men age 15 years and above who consume alcohol (%),3.6,5.4,False,False
Gujarat,Gir Somnath,Population and Household Profile,1,Population below age 5 years (%),7.2,6.9,False,False
Gujarat,Gir Somnath,Population and Household Profile,2,Population below age 15 years (%),22.3,23.4,False,False
Gujarat,Gir Somnath,Population and Household Profile,3,Population age 60 years and above (%),11.7,10.5,False,False
Gujarat,Gir Somnath,Population and Household Profile,4,Population living in households with electricity (%),100.0,99.5,False,False
Gujarat,Gir Somnath,Population and Household Profile,5,Population living in households with an improved drinking-water source1 (%),97.2,98.2,False,False
Gujarat,Gir Somnath,Population and Household Profile,6,Households using iodized salt (%),93.2,87.6,False,False
Gujarat,Gir Somnath,Population and Household Profile,7,Households with any usual member covered under a health insurance/financing scheme (%),67.6,51.0,False,False
Gujarat,Gir Somnath,Population and Household Profile,8,Households with any usual member having a bank account/post office account (%),98.7,93.4,False,False
Gujarat,Gir Somnath,Population and Household Profile,9,Female population age 6 years and above who ever attended school (%),71.2,65.8,False,False
Gujarat,Gir Somnath,Population and Household Profile,10,Households with any usual female members owning a house and/or land (alone or jointly with others) (%),17.8,8.6,False,False
Gujarat,Gir Somnath,Population and Household Profile,11,Children age 2-4 years who attended pre-school (%),55.9,56.1,False,False
Gujarat,Gir Somnath,Characteristics of Adults (age 15-49 years),12,Women with 10 or more years of schooling (%),32.3,30.8,False,False
Gujarat,Gir Somnath,Characteristics of Adults (age 15-49 years),13,Men with 10 or more years of schooling (%),55.2,43.3,False,False
Gujarat,Gir Somnath,Characteristics of Adults (age 15-49 years),14,Women who have ever used the internet (%),69.0,26.4,False,False
Gujarat,Gir Somnath,Characteristics of Adults (age 15-49 years),15,Men who have ever used the internet (%),90.0,49.1,False,False
Gujarat,Gir Somnath,Marriage and Fertility,16,Women age 20-24 years married before age 18 years (%),8.8,9.9,False,False
Gujarat,Gir Somnath,Marriage and Fertility,17,Men age 25-29 years married before age 21 years (%),*,*,True,False
Gujarat,Gir Somnath,Marriage and Fertility,18,Three or more births in the 5 years preceding the survey (%),1.8,2.0,False,False
Gujarat,Gir Somnath,Marriage and Fertility,19,Women age 15-19 years who were already mothers or pregnant at the time of the survey (%),3.1,0.9,False,False
Gujarat,Gir Somnath,Marriage and Fertility,20,Any method2 (%),78.7,57.8,False,False
Gujarat,Gir Somnath,Marriage and Fertility,21,Any modern method2 (%),55.7,51.1,False,False
Gujarat,Gir Somnath,Marriage and Fertility,22,Any traditional method (%),23.0,6.7,False,False
Gujarat,Gir Somnath,Marriage and Fertility,23,Female sterilization (%),40.1,39.9,False,False
Gujarat,Gir Somnath,Marriage and Fertility,24,Male sterilization (%),0.0,0.0,False,False
Gujarat,Gir Somnath,Marriage and Fertility,25,Total unmet need3 (%),4.3,12.4,False,False
Gujarat,Gir Somnath,Marriage and Fertility,26,Unmet need for spacing3 (%),2.7,4.8,False,False
Gujarat,Gir Somnath,Marriage and Fertility,27,Unmet need for limiting3 (%),1.6,7.6,False,False
Gujarat,Gir Somnath,Antenatal Care (for last birth in the 5 years before the survey),28,Mothers who had an antenatal check-up in the first trimester (%),88.4,79.2,False,False
Gujarat,Gir Somnath,Antenatal Care (for last birth in the 5 years before the survey),29,Mothers who had any antenatal care visits (%),99.2,96.5,False,False
Gujarat,Gir Somnath,Antenatal Care (for last birth in the 5 years before the survey),30,Mothers who had at least 4 antenatal care visits (%),94.1,80.7,False,False
Gujarat,Gir Somnath,Antenatal Care (for last birth in the 5 years before the survey),31,Mothers whose last birth was protected against neonatal tetanus 4 (%),98.6,89.3,False,False
Gujarat,Gir Somnath,Antenatal Care (for last birth in the 5 years before the survey),32,Mothers who consumed iron folic acid for 100 days or more when they were pregnant (%),80.7,53.5,False,False
Gujarat,Gir Somnath,Antenatal Care (for last birth in the 5 years before the survey),33,Mothers who consumed iron folic acid for 180 days or more when they were pregnant (%),72.0,35.4,False,False
Gujarat,Gir Somnath,Antenatal Care (for last birth in the 5 years before the survey),34,Registered pregnancies for which the mother received a Mother and Child Protection (MCP) card (%),99.7,95.6,False,False
Gujarat,Gir Somnath,Delivery Care (for births in the 5 years before the survey),35,Institutional births (%),98.4,87.1,False,False
Gujarat,Gir Somnath,Delivery Care (for births in the 5 years before the survey),36,Institutional births in public facility (%),34.3,34.0,False,False
Gujarat,Gir Somnath,Delivery Care (for births in the 5 years before the survey),37,Births attended by skilled health personnel5 (%),92.2,91.8,False,False
Gujarat,Gir Somnath,Delivery Care (for births in the 5 years before the survey),38,Births delivered by caesarean section (%),29.7,17.2,False,False
Gujarat,Gir Somnath,Delivery Care (for births in the 5 years before the survey),39,Births in a private health facility that were delivered by caesarean section (%),38.6,26.5,False,False
Gujarat,Gir Somnath,Delivery Care (for births in the 5 years before the survey),40,Births in a public health facility that were delivered by caesarean section (%),14.5,9.2,False,False
Gujarat,Gir Somnath,Postnatal Care (for last birth in the 5 years before the survey),41,Mothers who received postnatal care from a doctor/nurse/LHV/ANM/midwife/other health personnel within 2,93.8,90.8,False,False
Gujarat,Gir Somnath,Postnatal Care (for last birth in the 5 years before the survey),42,Children born at home who were taken to a health facility for a check-up within 24 hours of birth (%),*,4.2,True,False
Gujarat,Gir Somnath,Postnatal Care (for last birth in the 5 years before the survey),43,Children who received postnatal care from a doctor/nurse/LHV/ANM/midwife/other health personnel within 2,97.0,87.7,False,False
Gujarat,Gir Somnath,Child Vaccinations and Vitamin A Supplementation,44,Children age 12-23 months fully vaccinated based on information from either vaccination card or mother's,96.2,69.9,False,False
Gujarat,Gir Somnath,Child Vaccinations and Vitamin A Supplementation,45,Children age 12-23 months fully vaccinated based on information from vaccination card only 7 (%),91.9,93.5,True,False
Gujarat,Gir Somnath,Child Vaccinations and Vitamin A Supplementation,46,Children age 12-23 months who have received any vaccine (%),100.0,98.8,False,False
Gujarat,Gir Somnath,Child Vaccinations and Vitamin A Supplementation,47,Children age 12-23 months who have received BCG (%),100.0,98.8,False,False
Gujarat,Gir Somnath,Child Vaccinations and Vitamin A Supplementation,48,Children age 12-23 months who have received 3 doses of polio vaccine8 (%),96.2,77.1,False,False
Gujarat,Gir Somnath,Child Vaccinations and Vitamin A Supplementation,49,Children age 12-23 months who have received 3 doses of pentavalent vaccine (%),96.2,92.5,False,False
Gujarat,Gir Somnath,Child Vaccinations and Vitamin A Supplementation,50,Children age 12-23 months who have received the first dose of measles-containing vaccine (MCV) (%),97.9,81.8,False,False
Gujarat,Gir Somnath,Child Vaccinations and Vitamin A Supplementation,51,Children age 24-35 months who have received a second dose of measles-containing vaccine (MCV) (%),90.8,31.7,False,False
Gujarat,Gir Somnath,Child Vaccinations and Vitamin A Supplementation,52,Children age 12-23 months who have received birth dose of hepatitis B vaccine (%),98.2,67.0,False,False
Gujarat,Gir Somnath,Child Vaccinations and Vitamin A Supplementation,53,Children age 12-23 months who have received 3 doses of rotavirus vaccine (%),89.1,0.0,False,False
Gujarat,Gir Somnath,Child Vaccinations and Vitamin A Supplementation,54,Children age 9-35 months who received a vitamin A dose in the last 6 months (%),89.7,90.6,False,False
Gujarat,Gir Somnath,Child Vaccinations and Vitamin A Supplementation,55,Children age 12-23 months who received most of their vaccinations in a public health facility (%),96.3,98.4,False,False
Gujarat,Gir Somnath,Child Vaccinations and Vitamin A Supplementation,56,Children age 12-23 months who received most of their vaccinations in a private health facility (%),3.7,1.6,False,False
Gujarat,Gir Somnath,Treatment of Childhood Diseases (children under age 5 years),57,Prevalence of diarrhoea in the 2 weeks preceding the survey (%),5.0,9.9,False,False
Gujarat,Gir Somnath,Treatment of Childhood Diseases (children under age 5 years),58,Prevalence of symptoms of acute respiratory infection (ARI) in the 2 weeks preceding the survey (%),2.1,0.7,False,False
Gujarat,Gir Somnath,Treatment of Childhood Diseases (children under age 5 years),59,Children with fever or symptoms of ARI in the 2 weeks preceding the survey taken to a health facility or,86.3,87.1,True,False
Gujarat,Gir Somnath,Child Feeding Practices and Nutritional Status of Children,60,Children under age 3 years breastfed within one hour of birth 9 (%),27.6,37.6,False,False
Gujarat,Gir Somnath,Child Feeding Practices and Nutritional Status of Children,61,Children under age 6 months exclusively breastfed10 (%),*,75.6,True,False
Gujarat,Gir Somnath,Child Feeding Practices and Nutritional Status of Children,62,Children under age 6 months currently breastfeeding10 (%),*,100.0,True,False
Gujarat,Gir Somnath,Child Feeding Practices and Nutritional Status of Children,63,Children under age 6 months exclusively breastfed or breastfeeding and consuming plain water/other,*,83.9,True,False
Gujarat,Gir Somnath,Child Feeding Practices and Nutritional Status of Children,64,Children age 6-8 months receiving solid or semi-solid food and breastmilk10 (%),*,*,True,False
Gujarat,Gir Somnath,Child Feeding Practices and Nutritional Status of Children,65,"Breastfeeding children age 6-23 months receiving an adequate diet10, 11 (%)",10.4,16.0,False,False
Gujarat,Gir Somnath,Child Feeding Practices and Nutritional Status of Children,66,"Non-breastfeeding children age 6-23 months receiving an adequate diet 10, 11 (%)",*,*,True,False
Gujarat,Gir Somnath,Child Feeding Practices and Nutritional Status of Children,67,"Total children age 6-23 months receiving an adequate diet10, 11 (%)",10.3,14.6,False,False
Gujarat,Gir Somnath,Child Feeding Practices and Nutritional Status of Children,68,Children under 5 years who are stunted (height-for-age)12 (%),33.1,44.4,False,False
Gujarat,Gir Somnath,Child Feeding Practices and Nutritional Status of Children,69,Children under 5 years who are wasted (weight-for-height)12 (%),15.4,18.5,False,False
Gujarat,Gir Somnath,Child Feeding Practices and Nutritional Status of Children,70,Children under 5 years who are severely wasted (weight-for-height)13 (%),1.9,4.9,False,False
Gujarat,Gir Somnath,Child Feeding Practices and Nutritional Status of Children,71,Children under 5 years who are underweight (weight-for-age)12 (%),32.6,30.3,False,False
Gujarat,Gir Somnath,Child Feeding Practices and Nutritional Status of Children,72,Children under 5 years who are overweight (weight-for-height)14 (%),0.7,5.0,False,False
Gujarat,Gir Somnath,Nutritional Status of Adults (age 15-49 years),73,Women whose Body Mass Index (BMI) is below normal (BMI <18.5 kg/m 2)15 (%),22.3,24.8,False,False
Gujarat,Gir Somnath,Nutritional Status of Adults (age 15-49 years),74,Women who are overweight or obese (BMI ≥25.0 kg/m2)15 (%),32.0,17.3,False,False
Gujarat,Gir Somnath,Women,75,Blood sugar level - high (141-160 mg/dl)16 (%),8.6,6.2,False,False
Gujarat,Gir Somnath,Women,76,Blood sugar level - very high (>160 mg/dl)16 (%),7.1,6.3,False,False
Gujarat,Gir Somnath,Women,77,Blood sugar level - high or very high (>140 mg/dl) or taking medicine to control blood sugar level16 (%),16.5,13.2,False,False
Gujarat,Gir Somnath,Men,78,Blood sugar level - high (141-160 mg/dl)16 (%),9.9,7.2,False,False
Gujarat,Gir Somnath,Men,79,Blood sugar level - very high (>160 mg/dl)16 (%),9.7,6.5,False,False
Gujarat,Gir Somnath,Men,80,Blood sugar level - high or very high (>140 mg/dl) or taking medicine to control blood sugar level 16 (%),21.8,14.2,False,False
Gujarat,Gir Somnath,Women,81,Mildly elevated blood pressure (Systolic 140-159 mm of Hg and/or Diastolic 90-99 mm of Hg) (%),6.6,6.3,False,False
Gujarat,Gir Somnath,Women,82,Moderately or severely elevated blood pressure (Systolic ≥160 mm of Hg and/or Diastolic ≥100 mm,3.2,3.3,False,False
Gujarat,Gir Somnath,Women,83,Elevated blood pressure (Systolic ≥140 mm of Hg and/or Diastolic ≥90 mm of Hg) or taking medicine to,15.0,14.0,False,False
Gujarat,Gir Somnath,Men,84,Mildly elevated blood pressure (Systolic 140-159 mm of Hg and/or Diastolic 90-99 mm of Hg) (%),7.4,7.7,False,False
Gujarat,Gir Somnath,Men,85,Moderately or severely elevated blood pressure (Systolic ≥160 mm of Hg and/or Diastolic ≥100 mm,3.2,3.1,False,False
Gujarat,Gir Somnath,Men,86,Elevated blood pressure (Systolic ≥140 mm of Hg and/or Diastolic ≥90 mm of Hg) or taking medicine to,13.9,12.3,False,False
Gujarat,Gir Somnath,Men,87,Women having a bank or savings account that they themselves use (%),87.2,78.8,False,False
Gujarat,Gir Somnath,Men,88,Women having a mobile phone that they themselves use (%),58.6,48.3,False,False
Gujarat,Gir Somnath,Men,89,Women age 15-24 years who use hygienic methods of protection during their menstrual period17 (%),67.9,74.1,False,False
Gujarat,Gir Somnath,Tobacco Use and Alcohol Consumption among Adults (age 15 years and above),90,Women age 15 years and above who use any kind of tobacco (%),11.2,18.9,False,False
Gujarat,Gir Somnath,Tobacco Use and Alcohol Consumption among Adults (age 15 years and above),91,Men age 15 years and above who use any kind of tobacco (%),46.1,60.7,False,False
Gujarat,Gir Somnath,Tobacco Use and Alcohol Consumption among Adults (age 15 years and above),92,Women age 15 years and above who consume alcohol (%),0.2,0.4,False,False
Gujarat,Gir Somnath,Tobacco Use and Alcohol Consumption among Adults (age 15 years and above),93,Men age 15 years and above who consume alcohol (%),4.3,5.2,False,False
Gujarat,Jamnagar,Population and Household Profile,1,Population below age 5 years (%),6.1,5.6,False,False
Gujarat,Jamnagar,Population and Household Profile,2,Population below age 15 years (%),19.6,21.0,False,False
Gujarat,Jamnagar,Population and Household Profile,3,Population age 60 years and above (%),16.1,15.0,False,False
Gujarat,Jamnagar,Population and Household Profile,4,Population living in households with electricity (%),99.8,98.9,False,False
Gujarat,Jamnagar,Population and Household Profile,5,Population living in households with an improved drinking-water source1 (%),100.0,99.7,False,False
Gujarat,Jamnagar,Population and Household Profile,6,Households using iodized salt (%),95.3,99.2,False,False
Gujarat,Jamnagar,Population and Household Profile,7,Households with any usual member covered under a health insurance/financing scheme (%),56.0,42.4,False,False
Gujarat,Jamnagar,Population and Household Profile,8,Households with any usual member having a bank account/post office account (%),97.8,95.7,False,False
Gujarat,Jamnagar,Population and Household Profile,9,Female population age 6 years and above who ever attended school (%),73.4,72.8,False,False
Gujarat,Jamnagar,Population and Household Profile,10,Households with any usual female members owning a house and/or land (alone or jointly with others) (%),14.6,9.8,False,False
Gujarat,Jamnagar,Population and Household Profile,11,Children age 2-4 years who attended pre-school (%),48.0,47.8,False,False
Gujarat,Jamnagar,Characteristics of Adults (age 15-49 years),12,Women with 10 or more years of schooling (%),33.7,35.3,False,False
Gujarat,Jamnagar,Characteristics of Adults (age 15-49 years),13,Men with 10 or more years of schooling (%),26.3,44.0,False,False
Gujarat,Jamnagar,Characteristics of Adults (age 15-49 years),14,Women who have ever used the internet (%),69.4,41.4,False,False
Gujarat,Jamnagar,Characteristics of Adults (age 15-49 years),15,Men who have ever used the internet (%),85.7,78.7,False,False
Gujarat,Jamnagar,Marriage and Fertility,16,Women age 20-24 years married before age 18 years (%),10.2,6.8,False,False
Gujarat,Jamnagar,Marriage and Fertility,17,Men age 25-29 years married before age 21 years (%),*,*,True,False
Gujarat,Jamnagar,Marriage and Fertility,18,Three or more births in the 5 years preceding the survey (%),2.9,2.2,False,False
Gujarat,Jamnagar,Marriage and Fertility,19,Women age 15-19 years who were already mothers or pregnant at the time of the survey (%),3.0,1.0,False,False
Gujarat,Jamnagar,Marriage and Fertility,20,Any method2 (%),77.6,85.2,False,False
Gujarat,Jamnagar,Marriage and Fertility,21,Any modern method2 (%),48.9,66.5,False,False
Gujarat,Jamnagar,Marriage and Fertility,22,Any traditional method (%),28.7,18.7,False,False
Gujarat,Jamnagar,Marriage and Fertility,23,Female sterilization (%),23.1,31.9,False,False
Gujarat,Jamnagar,Marriage and Fertility,24,Male sterilization (%),0.1,0.0,False,False
Gujarat,Jamnagar,Marriage and Fertility,25,Total unmet need3 (%),3.5,2.0,False,False
Gujarat,Jamnagar,Marriage and Fertility,26,Unmet need for spacing3 (%),0.6,0.8,False,False
Gujarat,Jamnagar,Marriage and Fertility,27,Unmet need for limiting3 (%),2.9,1.2,False,False
Gujarat,Jamnagar,Antenatal Care (for last birth in the 5 years before the survey),28,Mothers who had an antenatal check-up in the first trimester (%),85.0,91.7,False,False
Gujarat,Jamnagar,Antenatal Care (for last birth in the 5 years before the survey),29,Mothers who had any antenatal care visits (%),99.4,98.2,False,False
Gujarat,Jamnagar,Antenatal Care (for last birth in the 5 years before the survey),30,Mothers who had at least 4 antenatal care visits (%),85.0,73.8,False,False
Gujarat,Jamnagar,Antenatal Care (for last birth in the 5 years before the survey),31,Mothers whose last birth was protected against neonatal tetanus 4 (%),94.2,95.0,False,False
Gujarat,Jamnagar,Antenatal Care (for last birth in the 5 years before the survey),32,Mothers who consumed iron folic acid for 100 days or more when they were pregnant (%),77.3,52.5,False,False
Gujarat,Jamnagar,Antenatal Care (for last birth in the 5 years before the survey),33,Mothers who consumed iron folic acid for 180 days or more when they were pregnant (%),54.8,32.9,False,False
Gujarat,Jamnagar,Antenatal Care (for last birth in the 5 years before the survey),34,Registered pregnancies for which the mother received a Mother and Child Protection (MCP) card (%),97.7,99.5,False,False
Gujarat,Jamnagar,Delivery Care (for births in the 5 years before the survey),35,Institutional births (%),99.0,96.5,False,False
Gujarat,Jamnagar,Delivery Care (for births in the 5 years before the survey),36,Institutional births in public facility (%),60.0,55.4,False,False
Gujarat,Jamnagar,Delivery Care (for births in the 5 years before the survey),37,Births attended by skilled health personnel5 (%),94.7,96.2,False,False
Gujarat,Jamnagar,Delivery Care (for births in the 5 years before the survey),38,Births delivered by caesarean section (%),31.2,23.3,False,False
Gujarat,Jamnagar,Delivery Care (for births in the 5 years before the survey),39,Births in a private health facility that were delivered by caesarean section (%),45.6,32.2,False,False
Gujarat,Jamnagar,Delivery Care (for births in the 5 years before the survey),40,Births in a public health facility that were delivered by caesarean section (%),22.3,18.2,False,False
Gujarat,Jamnagar,Postnatal Care (for last birth in the 5 years before the survey),41,Mothers who received postnatal care from a doctor/nurse/LHV/ANM/midwife/other health personnel within 2,94.1,92.4,False,False
Gujarat,Jamnagar,Postnatal Care (for last birth in the 5 years before the survey),42,Children born at home who were taken to a health facility for a check-up within 24 hours of birth (%),*,*,True,False
Gujarat,Jamnagar,Postnatal Care (for last birth in the 5 years before the survey),43,Children who received postnatal care from a doctor/nurse/LHV/ANM/midwife/other health personnel within 2,96.6,86.4,False,False
Gujarat,Jamnagar,Child Vaccinations and Vitamin A Supplementation,44,Children age 12-23 months fully vaccinated based on information from either vaccination card or mother's,92.2,78.4,True,False
Gujarat,Jamnagar,Child Vaccinations and Vitamin A Supplementation,45,Children age 12-23 months fully vaccinated based on information from vaccination card only 7 (%),94.7,80.0,True,False
Gujarat,Jamnagar,Child Vaccinations and Vitamin A Supplementation,46,Children age 12-23 months who have received any vaccine (%),100.0,100.0,True,False
Gujarat,Jamnagar,Child Vaccinations and Vitamin A Supplementation,47,Children age 12-23 months who have received BCG (%),97.1,100.0,True,False
Gujarat,Jamnagar,Child Vaccinations and Vitamin A Supplementation,48,Children age 12-23 months who have received 3 doses of polio vaccine8 (%),97.4,78.4,True,False
Gujarat,Jamnagar,Child Vaccinations and Vitamin A Supplementation,49,Children age 12-23 months who have received 3 doses of pentavalent vaccine (%),95.1,92.9,True,False
Gujarat,Jamnagar,Child Vaccinations and Vitamin A Supplementation,50,Children age 12-23 months who have received the first dose of measles-containing vaccine (MCV) (%),100.0,92.7,True,False
Gujarat,Jamnagar,Child Vaccinations and Vitamin A Supplementation,51,Children age 24-35 months who have received a second dose of measles-containing vaccine (MCV) (%),75.1,71.4,True,False
Gujarat,Jamnagar,Child Vaccinations and Vitamin A Supplementation,52,Children age 12-23 months who have received birth dose of hepatitis B vaccine (%),74.8,43.5,True,False
Gujarat,Jamnagar,Child Vaccinations and Vitamin A Supplementation,53,Children age 12-23 months who have received 3 doses of rotavirus vaccine (%),89.0,0.0,True,False
Gujarat,Jamnagar,Child Vaccinations and Vitamin A Supplementation,54,Children age 9-35 months who received a vitamin A dose in the last 6 months (%),89.8,91.5,False,False
Gujarat,Jamnagar,Child Vaccinations and Vitamin A Supplementation,55,Children age 12-23 months who received most of their vaccinations in a public health facility (%),95.2,97.6,True,False
Gujarat,Jamnagar,Child Vaccinations and Vitamin A Supplementation,56,Children age 12-23 months who received most of their vaccinations in a private health facility (%),2.5,2.4,True,False
Gujarat,Jamnagar,Treatment of Childhood Diseases (children under age 5 years),57,Prevalence of diarrhoea in the 2 weeks preceding the survey (%),5.9,4.0,False,False
Gujarat,Jamnagar,Treatment of Childhood Diseases (children under age 5 years),58,Prevalence of symptoms of acute respiratory infection (ARI) in the 2 weeks preceding the survey (%),1.0,2.1,False,False
Gujarat,Jamnagar,Treatment of Childhood Diseases (children under age 5 years),59,Children with fever or symptoms of ARI in the 2 weeks preceding the survey taken to a health facility or,90.7,*,True,False
Gujarat,Jamnagar,Child Feeding Practices and Nutritional Status of Children,60,Children under age 3 years breastfed within one hour of birth 9 (%),38.5,44.6,False,False
Gujarat,Jamnagar,Child Feeding Practices and Nutritional Status of Children,61,Children under age 6 months exclusively breastfed10 (%),*,74.0,True,False
Gujarat,Jamnagar,Child Feeding Practices and Nutritional Status of Children,62,Children under age 6 months currently breastfeeding10 (%),*,87.2,True,False
Gujarat,Jamnagar,Child Feeding Practices and Nutritional Status of Children,63,Children under age 6 months exclusively breastfed or breastfeeding and consuming plain water/other,*,84.6,True,False
Gujarat,Jamnagar,Child Feeding Practices and Nutritional Status of Children,64,Children age 6-8 months receiving solid or semi-solid food and breastmilk10 (%),*,*,True,False
Gujarat,Jamnagar,Child Feeding Practices and Nutritional Status of Children,65,"Breastfeeding children age 6-23 months receiving an adequate diet10, 11 (%)",6.3,15.3,True,False
Gujarat,Jamnagar,Child Feeding Practices and Nutritional Status of Children,66,"Non-breastfeeding children age 6-23 months receiving an adequate diet 10, 11 (%)",*,*,True,False
Gujarat,Jamnagar,Child Feeding Practices and Nutritional Status of Children,67,"Total children age 6-23 months receiving an adequate diet10, 11 (%)",4.9,10.7,False,False
Gujarat,Jamnagar,Child Feeding Practices and Nutritional Status of Children,68,Children under 5 years who are stunted (height-for-age)12 (%),23.8,28.4,False,False
Gujarat,Jamnagar,Child Feeding Practices and Nutritional Status of Children,69,Children under 5 years who are wasted (weight-for-height)12 (%),16.8,23.8,False,False
Gujarat,Jamnagar,Child Feeding Practices and Nutritional Status of Children,70,Children under 5 years who are severely wasted (weight-for-height)13 (%),3.9,12.5,False,False
Gujarat,Jamnagar,Child Feeding Practices and Nutritional Status of Children,71,Children under 5 years who are underweight (weight-for-age)12 (%),27.5,28.9,False,False
Gujarat,Jamnagar,Child Feeding Practices and Nutritional Status of Children,72,Children under 5 years who are overweight (weight-for-height)14 (%),1.5,3.6,False,False
Gujarat,Jamnagar,Nutritional Status of Adults (age 15-49 years),73,Women whose Body Mass Index (BMI) is below normal (BMI <18.5 kg/m 2)15 (%),17.0,17.3,False,False
Gujarat,Jamnagar,Nutritional Status of Adults (age 15-49 years),74,Women who are overweight or obese (BMI ≥25.0 kg/m2)15 (%),41.2,29.5,False,False
Gujarat,Jamnagar,Women,75,Blood sugar level - high (141-160 mg/dl)16 (%),8.2,8.1,False,False
Gujarat,Jamnagar,Women,76,Blood sugar level - very high (>160 mg/dl)16 (%),9.2,5.9,False,False
Gujarat,Jamnagar,Women,77,Blood sugar level - high or very high (>140 mg/dl) or taking medicine to control blood sugar level16 (%),18.8,15.3,False,False
Gujarat,Jamnagar,Men,78,Blood sugar level - high (141-160 mg/dl)16 (%),7.3,8.2,False,False
Gujarat,Jamnagar,Men,79,Blood sugar level - very high (>160 mg/dl)16 (%),9.0,6.5,False,False
Gujarat,Jamnagar,Men,80,Blood sugar level - high or very high (>140 mg/dl) or taking medicine to control blood sugar level 16 (%),17.5,15.5,False,False
Gujarat,Jamnagar,Women,81,Mildly elevated blood pressure (Systolic 140-159 mm of Hg and/or Diastolic 90-99 mm of Hg) (%),11.9,8.2,False,False
Gujarat,Jamnagar,Women,82,Moderately or severely elevated blood pressure (Systolic ≥160 mm of Hg and/or Diastolic ≥100 mm,5.4,3.2,False,False
Gujarat,Jamnagar,Women,83,Elevated blood pressure (Systolic ≥140 mm of Hg and/or Diastolic ≥90 mm of Hg) or taking medicine to,23.7,18.1,False,False
Gujarat,Jamnagar,Men,84,Mildly elevated blood pressure (Systolic 140-159 mm of Hg and/or Diastolic 90-99 mm of Hg) (%),16.8,7.2,False,False
Gujarat,Jamnagar,Men,85,Moderately or severely elevated blood pressure (Systolic ≥160 mm of Hg and/or Diastolic ≥100 mm,4.0,2.9,False,False
Gujarat,Jamnagar,Men,86,Elevated blood pressure (Systolic ≥140 mm of Hg and/or Diastolic ≥90 mm of Hg) or taking medicine to,25.0,15.0,False,False
Gujarat,Jamnagar,Men,87,Women having a bank or savings account that they themselves use (%),78.2,66.8,False,False
Gujarat,Jamnagar,Men,88,Women having a mobile phone that they themselves use (%),60.6,67.5,False,False
Gujarat,Jamnagar,Men,89,Women age 15-24 years who use hygienic methods of protection during their menstrual period17 (%),72.8,75.0,False,False
Gujarat,Jamnagar,Tobacco Use and Alcohol Consumption among Adults (age 15 years and above),90,Women age 15 years and above who use any kind of tobacco (%),7.5,7.7,False,False
Gujarat,Jamnagar,Tobacco Use and Alcohol Consumption among Adults (age 15 years and above),91,Men age 15 years and above who use any kind of tobacco (%),51.2,52.0,False,False
Gujarat,Jamnagar,Tobacco Use and Alcohol Consumption among Adults (age 15 years and above),92,Women age 15 years and above who consume alcohol (%),0.1,0.2,False,False
Gujarat,Jamnagar,Tobacco Use and Alcohol Consumption among Adults (age 15 years and above),93,Men age 15 years and above who consume alcohol (%),2.0,1.3,False,False
Gujarat,Junagadh,Population and Household Profile,1,Population below age 5 years (%),6.2,6.2,False,False
Gujarat,Junagadh,Population and Household Profile,2,Population below age 15 years (%),19.7,21.6,False,False
Gujarat,Junagadh,Population and Household Profile,3,Population age 60 years and above (%),16.9,14.0,False,False
Gujarat,Junagadh,Population and Household Profile,4,Population living in households with electricity (%),99.8,99.3,False,False
Gujarat,Junagadh,Population and Household Profile,5,Population living in households with an improved drinking-water source1 (%),98.0,97.0,False,False
Gujarat,Junagadh,Population and Household Profile,6,Households using iodized salt (%),95.3,97.4,False,False
Gujarat,Junagadh,Population and Household Profile,7,Households with any usual member covered under a health insurance/financing scheme (%),73.6,52.8,False,False
Gujarat,Junagadh,Population and Household Profile,8,Households with any usual member having a bank account/post office account (%),98.5,93.8,False,False
Gujarat,Junagadh,Population and Household Profile,9,Female population age 6 years and above who ever attended school (%),74.3,73.8,False,False
Gujarat,Junagadh,Population and Household Profile,10,Households with any usual female members owning a house and/or land (alone or jointly with others) (%),15.0,11.5,False,False
Gujarat,Junagadh,Population and Household Profile,11,Children age 2-4 years who attended pre-school (%),62.7,57.1,False,False
Gujarat,Junagadh,Characteristics of Adults (age 15-49 years),12,Women with 10 or more years of schooling (%),38.4,35.0,False,False
Gujarat,Junagadh,Characteristics of Adults (age 15-49 years),13,Men with 10 or more years of schooling (%),30.1,31.2,False,False
Gujarat,Junagadh,Characteristics of Adults (age 15-49 years),14,Women who have ever used the internet (%),62.9,18.5,False,False
Gujarat,Junagadh,Characteristics of Adults (age 15-49 years),15,Men who have ever used the internet (%),85.4,44.4,False,False
Gujarat,Junagadh,Marriage and Fertility,16,Women age 20-24 years married before age 18 years (%),10.5,11.2,False,False
Gujarat,Junagadh,Marriage and Fertility,17,Men age 25-29 years married before age 21 years (%),*,*,True,False
Gujarat,Junagadh,Marriage and Fertility,18,Three or more births in the 5 years preceding the survey (%),2.0,1.6,False,False
Gujarat,Junagadh,Marriage and Fertility,19,Women age 15-19 years who were already mothers or pregnant at the time of the survey (%),2.6,5.0,False,False
Gujarat,Junagadh,Marriage and Fertility,20,Any method2 (%),77.9,48.0,False,False
Gujarat,Junagadh,Marriage and Fertility,21,Any modern method2 (%),51.4,42.3,False,False
Gujarat,Junagadh,Marriage and Fertility,22,Any traditional method (%),26.5,5.7,False,False
Gujarat,Junagadh,Marriage and Fertility,23,Female sterilization (%),25.9,25.9,False,False
Gujarat,Junagadh,Marriage and Fertility,24,Male sterilization (%),0.2,0.1,False,False
Gujarat,Junagadh,Marriage and Fertility,25,Total unmet need3 (%),3.8,13.8,False,False
Gujarat,Junagadh,Marriage and Fertility,26,Unmet need for spacing3 (%),1.9,4.1,False,False
Gujarat,Junagadh,Marriage and Fertility,27,Unmet need for limiting3 (%),1.9,9.7,False,False
Gujarat,Junagadh,Antenatal Care (for last birth in the 5 years before the survey),28,Mothers who had an antenatal check-up in the first trimester (%),94.1,82.0,False,False
Gujarat,Junagadh,Antenatal Care (for last birth in the 5 years before the survey),29,Mothers who had any antenatal care visits (%),100.0,95.2,False,False
Gujarat,Junagadh,Antenatal Care (for last birth in the 5 years before the survey),30,Mothers who had at least 4 antenatal care visits (%),94.7,72.5,False,False
Gujarat,Junagadh,Antenatal Care (for last birth in the 5 years before the survey),31,Mothers whose last birth was protected against neonatal tetanus 4 (%),96.3,88.2,False,False
Gujarat,Junagadh,Antenatal Care (for last birth in the 5 years before the survey),32,Mothers who consumed iron folic acid for 100 days or more when they were pregnant (%),88.6,39.6,False,False
Gujarat,Junagadh,Antenatal Care (for last birth in the 5 years before the survey),33,Mothers who consumed iron folic acid for 180 days or more when they were pregnant (%),58.6,28.0,False,False
Gujarat,Junagadh,Antenatal Care (for last birth in the 5 years before the survey),34,Registered pregnancies for which the mother received a Mother and Child Protection (MCP) card (%),100.0,100.0,False,False
Gujarat,Junagadh,Delivery Care (for births in the 5 years before the survey),35,Institutional births (%),98.6,97.4,False,False
Gujarat,Junagadh,Delivery Care (for births in the 5 years before the survey),36,Institutional births in public facility (%),45.8,60.3,False,False
Gujarat,Junagadh,Delivery Care (for births in the 5 years before the survey),37,Births attended by skilled health personnel5 (%),97.2,97.7,False,False
Gujarat,Junagadh,Delivery Care (for births in the 5 years before the survey),38,Births delivered by caesarean section (%),35.2,23.0,False,False
Gujarat,Junagadh,Delivery Care (for births in the 5 years before the survey),39,Births in a private health facility that were delivered by caesarean section (%),45.0,33.9,False,False
Gujarat,Junagadh,Delivery Care (for births in the 5 years before the survey),40,Births in a public health facility that were delivered by caesarean section (%),25.0,17.3,False,False
Gujarat,Junagadh,Postnatal Care (for last birth in the 5 years before the survey),41,Mothers who received postnatal care from a doctor/nurse/LHV/ANM/midwife/other health personnel within 2,96.0,84.1,False,False
Gujarat,Junagadh,Postnatal Care (for last birth in the 5 years before the survey),42,Children born at home who were taken to a health facility for a check-up within 24 hours of birth (%),*,*,True,False
Gujarat,Junagadh,Postnatal Care (for last birth in the 5 years before the survey),43,Children who received postnatal care from a doctor/nurse/LHV/ANM/midwife/other health personnel within 2,95.8,82.8,False,False
Gujarat,Junagadh,Child Vaccinations and Vitamin A Supplementation,44,Children age 12-23 months fully vaccinated based on information from either vaccination card or mother's,79.2,93.5,True,False
Gujarat,Junagadh,Child Vaccinations and Vitamin A Supplementation,45,Children age 12-23 months fully vaccinated based on information from vaccination card only 7 (%),85.1,93.4,True,False
Gujarat,Junagadh,Child Vaccinations and Vitamin A Supplementation,46,Children age 12-23 months who have received any vaccine (%),100.0,96.9,True,False
Gujarat,Junagadh,Child Vaccinations and Vitamin A Supplementation,47,Children age 12-23 months who have received BCG (%),100.0,95.3,True,False
Gujarat,Junagadh,Child Vaccinations and Vitamin A Supplementation,48,Children age 12-23 months who have received 3 doses of polio vaccine8 (%),79.2,95.0,True,False
Gujarat,Junagadh,Child Vaccinations and Vitamin A Supplementation,49,Children age 12-23 months who have received 3 doses of pentavalent vaccine (%),84.6,95.0,True,False
Gujarat,Junagadh,Child Vaccinations and Vitamin A Supplementation,50,Children age 12-23 months who have received the first dose of measles-containing vaccine (MCV) (%),87.6,96.9,True,False
Gujarat,Junagadh,Child Vaccinations and Vitamin A Supplementation,51,Children age 24-35 months who have received a second dose of measles-containing vaccine (MCV) (%),81.3,58.4,True,False
Gujarat,Junagadh,Child Vaccinations and Vitamin A Supplementation,52,Children age 12-23 months who have received birth dose of hepatitis B vaccine (%),86.2,66.6,True,False
Gujarat,Junagadh,Child Vaccinations and Vitamin A Supplementation,53,Children age 12-23 months who have received 3 doses of rotavirus vaccine (%),81.6,2.0,True,False
Gujarat,Junagadh,Child Vaccinations and Vitamin A Supplementation,54,Children age 9-35 months who received a vitamin A dose in the last 6 months (%),92.7,87.9,False,False
Gujarat,Junagadh,Child Vaccinations and Vitamin A Supplementation,55,Children age 12-23 months who received most of their vaccinations in a public health facility (%),93.2,98.2,True,False
Gujarat,Junagadh,Child Vaccinations and Vitamin A Supplementation,56,Children age 12-23 months who received most of their vaccinations in a private health facility (%),6.8,1.9,True,False
Gujarat,Junagadh,Treatment of Childhood Diseases (children under age 5 years),57,Prevalence of diarrhoea in the 2 weeks preceding the survey (%),4.3,7.5,False,False
Gujarat,Junagadh,Treatment of Childhood Diseases (children under age 5 years),58,Prevalence of symptoms of acute respiratory infection (ARI) in the 2 weeks preceding the survey (%),0.0,1.5,False,False
Gujarat,Junagadh,Treatment of Childhood Diseases (children under age 5 years),59,Children with fever or symptoms of ARI in the 2 weeks preceding the survey taken to a health facility or,88.9,*,True,False
Gujarat,Junagadh,Child Feeding Practices and Nutritional Status of Children,60,Children under age 3 years breastfed within one hour of birth 9 (%),54.4,32.5,False,False
Gujarat,Junagadh,Child Feeding Practices and Nutritional Status of Children,61,Children under age 6 months exclusively breastfed10 (%),*,*,True,False
Gujarat,Junagadh,Child Feeding Practices and Nutritional Status of Children,62,Children under age 6 months currently breastfeeding10 (%),*,*,True,False
Gujarat,Junagadh,Child Feeding Practices and Nutritional Status of Children,63,Children under age 6 months exclusively breastfed or breastfeeding and consuming plain water/other,*,*,True,False
Gujarat,Junagadh,Child Feeding Practices and Nutritional Status of Children,64,Children age 6-8 months receiving solid or semi-solid food and breastmilk10 (%),*,*,True,False
Gujarat,Junagadh,Child Feeding Practices and Nutritional Status of Children,65,"Breastfeeding children age 6-23 months receiving an adequate diet10, 11 (%)",4.1,5.2,False,False
Gujarat,Junagadh,Child Feeding Practices and Nutritional Status of Children,66,"Non-breastfeeding children age 6-23 months receiving an adequate diet 10, 11 (%)",*,*,True,False
Gujarat,Junagadh,Child Feeding Practices and Nutritional Status of Children,67,"Total children age 6-23 months receiving an adequate diet10, 11 (%)",3.5,5.2,False,False
Gujarat,Junagadh,Child Feeding Practices and Nutritional Status of Children,68,Children under 5 years who are stunted (height-for-age)12 (%),24.4,37.3,False,False
Gujarat,Junagadh,Child Feeding Practices and Nutritional Status of Children,69,Children under 5 years who are wasted (weight-for-height)12 (%),12.2,17.3,False,False
Gujarat,Junagadh,Child Feeding Practices and Nutritional Status of Children,70,Children under 5 years who are severely wasted (weight-for-height)13 (%),3.9,7.1,False,False
Gujarat,Junagadh,Child Feeding Practices and Nutritional Status of Children,71,Children under 5 years who are underweight (weight-for-age)12 (%),24.0,26.4,False,False
Gujarat,Junagadh,Child Feeding Practices and Nutritional Status of Children,72,Children under 5 years who are overweight (weight-for-height)14 (%),0.6,4.4,False,False
Gujarat,Junagadh,Nutritional Status of Adults (age 15-49 years),73,Women whose Body Mass Index (BMI) is below normal (BMI <18.5 kg/m 2)15 (%),19.5,18.7,False,False
Gujarat,Junagadh,Nutritional Status of Adults (age 15-49 years),74,Women who are overweight or obese (BMI ≥25.0 kg/m2)15 (%),41.2,33.4,False,False
Gujarat,Junagadh,Women,75,Blood sugar level - high (141-160 mg/dl)16 (%),9.5,9.2,False,False
Gujarat,Junagadh,Women,76,Blood sugar level - very high (>160 mg/dl)16 (%),10.3,7.6,False,False
Gujarat,Junagadh,Women,77,Blood sugar level - high or very high (>140 mg/dl) or taking medicine to control blood sugar level16 (%),20.9,18.5,False,False
Gujarat,Junagadh,Men,78,Blood sugar level - high (141-160 mg/dl)16 (%),8.6,10.1,False,False
Gujarat,Junagadh,Men,79,Blood sugar level - very high (>160 mg/dl)16 (%),11.0,8.2,False,False
Gujarat,Junagadh,Men,80,Blood sugar level - high or very high (>140 mg/dl) or taking medicine to control blood sugar level 16 (%),21.2,19.3,False,False
Gujarat,Junagadh,Women,81,Mildly elevated blood pressure (Systolic 140-159 mm of Hg and/or Diastolic 90-99 mm of Hg) (%),14.8,12.5,False,False
Gujarat,Junagadh,Women,82,Moderately or severely elevated blood pressure (Systolic ≥160 mm of Hg and/or Diastolic ≥100 mm,7.0,5.6,False,False
Gujarat,Junagadh,Women,83,Elevated blood pressure (Systolic ≥140 mm of Hg and/or Diastolic ≥90 mm of Hg) or taking medicine to,27.8,23.3,False,False
Gujarat,Junagadh,Men,84,Mildly elevated blood pressure (Systolic 140-159 mm of Hg and/or Diastolic 90-99 mm of Hg) (%),16.4,14.6,False,False
Gujarat,Junagadh,Men,85,Moderately or severely elevated blood pressure (Systolic ≥160 mm of Hg and/or Diastolic ≥100 mm,6.5,3.8,False,False
Gujarat,Junagadh,Men,86,Elevated blood pressure (Systolic ≥140 mm of Hg and/or Diastolic ≥90 mm of Hg) or taking medicine to,26.8,20.8,False,False
Gujarat,Junagadh,Men,87,Women having a bank or savings account that they themselves use (%),81.8,66.7,False,False
Gujarat,Junagadh,Men,88,Women having a mobile phone that they themselves use (%),54.6,40.2,False,False
Gujarat,Junagadh,Men,89,Women age 15-24 years who use hygienic methods of protection during their menstrual period17 (%),70.3,75.2,False,False
Gujarat,Junagadh,Tobacco Use and Alcohol Consumption among Adults (age 15 years and above),90,Women age 15 years and above who use any kind of tobacco (%),9.8,13.8,False,False
Gujarat,Junagadh,Tobacco Use and Alcohol Consumption among Adults (age 15 years and above),91,Men age 15 years and above who use any kind of tobacco (%),55.8,54.4,False,False
Gujarat,Junagadh,Tobacco Use and Alcohol Consumption among Adults (age 15 years and above),92,Women age 15 years and above who consume alcohol (%),0.7,0.2,False,False
Gujarat,Junagadh,Tobacco Use and Alcohol Consumption among Adults (age 15 years and above),93,Men age 15 years and above who consume alcohol (%),2.1,2.9,False,False
Gujarat,Kachchh,Population and Household Profile,1,Population below age 5 years (%),8.0,8.6,False,False
Gujarat,Kachchh,Population and Household Profile,2,Population below age 15 years (%),26.1,26.6,False,False
Gujarat,Kachchh,Population and Household Profile,3,Population age 60 years and above (%),10.7,11.2,False,False
Gujarat,Kachchh,Population and Household Profile,4,Population living in households with electricity (%),98.8,99.2,False,False
Gujarat,Kachchh,Population and Household Profile,5,Population living in households with an improved drinking-water source1 (%),89.5,96.8,False,False
Gujarat,Kachchh,Population and Household Profile,6,Households using iodized salt (%),97.9,98.0,False,False
Gujarat,Kachchh,Population and Household Profile,7,Households with any usual member covered under a health insurance/financing scheme (%),43.9,38.8,False,False
Gujarat,Kachchh,Population and Household Profile,8,Households with any usual member having a bank account/post office account (%),96.3,96.4,False,False
Gujarat,Kachchh,Population and Household Profile,9,Female population age 6 years and above who ever attended school (%),68.0,66.6,False,False
Gujarat,Kachchh,Population and Household Profile,10,Households with any usual female members owning a house and/or land (alone or jointly with others) (%),13.4,9.7,False,False
Gujarat,Kachchh,Population and Household Profile,11,Children age 2-4 years who attended pre-school (%),47.4,51.8,False,False
Gujarat,Kachchh,Characteristics of Adults (age 15-49 years),12,Women with 10 or more years of schooling (%),24.2,24.1,False,False
Gujarat,Kachchh,Characteristics of Adults (age 15-49 years),13,Men with 10 or more years of schooling (%),26.7,40.8,False,False
Gujarat,Kachchh,Characteristics of Adults (age 15-49 years),14,Women who have ever used the internet (%),66.1,30.5,False,False
Gujarat,Kachchh,Characteristics of Adults (age 15-49 years),15,Men who have ever used the internet (%),91.8,67.5,False,False
Gujarat,Kachchh,Marriage and Fertility,16,Women age 20-24 years married before age 18 years (%),9.1,19.0,False,False
Gujarat,Kachchh,Marriage and Fertility,17,Men age 25-29 years married before age 21 years (%),*,22.9,True,False
Gujarat,Kachchh,Marriage and Fertility,18,Three or more births in the 5 years preceding the survey (%),1.8,2.9,False,False
Gujarat,Kachchh,Marriage and Fertility,19,Women age 15-19 years who were already mothers or pregnant at the time of the survey (%),2.7,5.7,False,False
Gujarat,Kachchh,Marriage and Fertility,20,Any method2 (%),67.7,76.5,False,False
Gujarat,Kachchh,Marriage and Fertility,21,Any modern method2 (%),54.4,62.5,False,False
Gujarat,Kachchh,Marriage and Fertility,22,Any traditional method (%),13.3,14.0,False,False
Gujarat,Kachchh,Marriage and Fertility,23,Female sterilization (%),25.6,34.4,False,False
Gujarat,Kachchh,Marriage and Fertility,24,Male sterilization (%),0.0,0.0,False,False
Gujarat,Kachchh,Marriage and Fertility,25,Total unmet need3 (%),6.7,7.8,False,False
Gujarat,Kachchh,Marriage and Fertility,26,Unmet need for spacing3 (%),3.3,3.8,False,False
Gujarat,Kachchh,Marriage and Fertility,27,Unmet need for limiting3 (%),3.4,4.0,False,False
Gujarat,Kachchh,Antenatal Care (for last birth in the 5 years before the survey),28,Mothers who had an antenatal check-up in the first trimester (%),86.4,88.8,False,False
Gujarat,Kachchh,Antenatal Care (for last birth in the 5 years before the survey),29,Mothers who had any antenatal care visits (%),96.2,97.5,False,False
Gujarat,Kachchh,Antenatal Care (for last birth in the 5 years before the survey),30,Mothers who had at least 4 antenatal care visits (%),81.3,84.2,False,False
Gujarat,Kachchh,Antenatal Care (for last birth in the 5 years before the survey),31,Mothers whose last birth was protected against neonatal tetanus 4 (%),96.7,88.8,False,False
Gujarat,Kachchh,Antenatal Care (for last birth in the 5 years before the survey),32,Mothers who consumed iron folic acid for 100 days or more when they were pregnant (%),70.9,74.3,False,False
Gujarat,Kachchh,Antenatal Care (for last birth in the 5 years before the survey),33,Mothers who consumed iron folic acid for 180 days or more when they were pregnant (%),63.0,54.9,False,False
Gujarat,Kachchh,Antenatal Care (for last birth in the 5 years before the survey),34,Registered pregnancies for which the mother received a Mother and Child Protection (MCP) card (%),94.9,97.8,False,False
Gujarat,Kachchh,Delivery Care (for births in the 5 years before the survey),35,Institutional births (%),96.8,97.4,False,False
Gujarat,Kachchh,Delivery Care (for births in the 5 years before the survey),36,Institutional births in public facility (%),46.8,45.3,False,False
Gujarat,Kachchh,Delivery Care (for births in the 5 years before the survey),37,Births attended by skilled health personnel5 (%),94.1,97.6,False,False
Gujarat,Kachchh,Delivery Care (for births in the 5 years before the survey),38,Births delivered by caesarean section (%),20.5,15.8,False,False
Gujarat,Kachchh,Delivery Care (for births in the 5 years before the survey),39,Births in a private health facility that were delivered by caesarean section (%),28.7,21.6,False,False
Gujarat,Kachchh,Delivery Care (for births in the 5 years before the survey),40,Births in a public health facility that were delivered by caesarean section (%),13.3,10.1,False,False
Gujarat,Kachchh,Postnatal Care (for last birth in the 5 years before the survey),41,Mothers who received postnatal care from a doctor/nurse/LHV/ANM/midwife/other health personnel within 2,89.6,93.9,False,False
Gujarat,Kachchh,Postnatal Care (for last birth in the 5 years before the survey),42,Children born at home who were taken to a health facility for a check-up within 24 hours of birth (%),*,*,True,False
Gujarat,Kachchh,Postnatal Care (for last birth in the 5 years before the survey),43,Children who received postnatal care from a doctor/nurse/LHV/ANM/midwife/other health personnel within 2,91.2,91.3,False,False
Gujarat,Kachchh,Child Vaccinations and Vitamin A Supplementation,44,Children age 12-23 months fully vaccinated based on information from either vaccination card or mother's,72.3,70.2,False,False
Gujarat,Kachchh,Child Vaccinations and Vitamin A Supplementation,45,Children age 12-23 months fully vaccinated based on information from vaccination card only 7 (%),73.1,75.3,False,False
Gujarat,Kachchh,Child Vaccinations and Vitamin A Supplementation,46,Children age 12-23 months who have received any vaccine (%),97.8,97.4,False,False
Gujarat,Kachchh,Child Vaccinations and Vitamin A Supplementation,47,Children age 12-23 months who have received BCG (%),97.8,97.4,False,False
Gujarat,Kachchh,Child Vaccinations and Vitamin A Supplementation,48,Children age 12-23 months who have received 3 doses of polio vaccine8 (%),79.8,72.9,False,False
Gujarat,Kachchh,Child Vaccinations and Vitamin A Supplementation,49,Children age 12-23 months who have received 3 doses of pentavalent vaccine (%),76.1,87.6,False,False
Gujarat,Kachchh,Child Vaccinations and Vitamin A Supplementation,50,Children age 12-23 months who have received the first dose of measles-containing vaccine (MCV) (%),79.6,87.5,False,False
Gujarat,Kachchh,Child Vaccinations and Vitamin A Supplementation,51,Children age 24-35 months who have received a second dose of measles-containing vaccine (MCV) (%),52.3,50.5,False,False
Gujarat,Kachchh,Child Vaccinations and Vitamin A Supplementation,52,Children age 12-23 months who have received birth dose of hepatitis B vaccine (%),73.2,56.4,False,False
Gujarat,Kachchh,Child Vaccinations and Vitamin A Supplementation,53,Children age 12-23 months who have received 3 doses of rotavirus vaccine (%),71.3,2.5,False,False
Gujarat,Kachchh,Child Vaccinations and Vitamin A Supplementation,54,Children age 9-35 months who received a vitamin A dose in the last 6 months (%),77.5,76.9,False,False
Gujarat,Kachchh,Child Vaccinations and Vitamin A Supplementation,55,Children age 12-23 months who received most of their vaccinations in a public health facility (%),91.1,88.2,False,False
Gujarat,Kachchh,Child Vaccinations and Vitamin A Supplementation,56,Children age 12-23 months who received most of their vaccinations in a private health facility (%),7.4,10.9,False,False
Gujarat,Kachchh,Treatment of Childhood Diseases (children under age 5 years),57,Prevalence of diarrhoea in the 2 weeks preceding the survey (%),6.1,3.2,False,False
Gujarat,Kachchh,Treatment of Childhood Diseases (children under age 5 years),58,Prevalence of symptoms of acute respiratory infection (ARI) in the 2 weeks preceding the survey (%),1.1,0.5,False,False
Gujarat,Kachchh,Treatment of Childhood Diseases (children under age 5 years),59,Children with fever or symptoms of ARI in the 2 weeks preceding the survey taken to a health facility or,61.3,*,True,False
Gujarat,Kachchh,Child Feeding Practices and Nutritional Status of Children,60,Children under age 3 years breastfed within one hour of birth9 (%),35.6,43.2,False,False
Gujarat,Kachchh,Child Feeding Practices and Nutritional Status of Children,61,Children under age 6 months exclusively breastfed10 (%),51.8,61.9,True,False
Gujarat,Kachchh,Child Feeding Practices and Nutritional Status of Children,62,Children under age 6 months currently breastfeeding10 (%),100.0,100.0,True,False
Gujarat,Kachchh,Child Feeding Practices and Nutritional Status of Children,63,Children under age 6 months exclusively breastfed or breastfeeding and consuming plain water/other,78.1,80.8,True,False
Gujarat,Kachchh,Child Feeding Practices and Nutritional Status of Children,64,Children age 6-8 months receiving solid or semi-solid food and breastmilk10 (%),*,*,True,False
Gujarat,Kachchh,Child Feeding Practices and Nutritional Status of Children,65,"Breastfeeding children age 6-23 months receiving an adequate diet10, 11 (%)",11.8,5.5,False,False
Gujarat,Kachchh,Child Feeding Practices and Nutritional Status of Children,66,"Non-breastfeeding children age 6-23 months receiving an adequate diet 10, 11 (%)",*,*,True,False
Gujarat,Kachchh,Child Feeding Practices and Nutritional Status of Children,67,"Total children age 6-23 months receiving an adequate diet10, 11 (%)",10.4,5.1,False,False
Gujarat,Kachchh,Child Feeding Practices and Nutritional Status of Children,68,Children under 5 years who are stunted (height-for-age)12 (%),30.0,37.5,False,False
Gujarat,Kachchh,Child Feeding Practices and Nutritional Status of Children,69,Children under 5 years who are wasted (weight-for-height)12 (%),14.9,20.2,False,False
Gujarat,Kachchh,Child Feeding Practices and Nutritional Status of Children,70,Children under 5 years who are severely wasted (weight-for-height)13 (%),4.9,10.6,False,False
Gujarat,Kachchh,Child Feeding Practices and Nutritional Status of Children,71,Children under 5 years who are underweight (weight-for-age)12 (%),28.3,33.4,False,False
Gujarat,Kachchh,Child Feeding Practices and Nutritional Status of Children,72,Children under 5 years who are overweight (weight-for-height)14 (%),0.4,2.6,False,False
Gujarat,Kachchh,Nutritional Status of Adults (age 15-49 years),73,Women whose Body Mass Index (BMI) is below normal (BMI <18.5 kg/m 2)15 (%),24.2,28.1,False,False
Gujarat,Kachchh,Nutritional Status of Adults (age 15-49 years),74,Women who are overweight or obese (BMI ≥25.0 kg/m2)15 (%),35.7,25.7,False,False
Gujarat,Kachchh,Women,75,Blood sugar level - high (141-160 mg/dl)16 (%),5.8,6.7,False,False
Gujarat,Kachchh,Women,76,Blood sugar level - very high (>160 mg/dl)16 (%),6.8,5.5,False,False
Gujarat,Kachchh,Women,77,Blood sugar level - high or very high (>140 mg/dl) or taking medicine to control blood sugar level16 (%),13.2,12.9,False,False
Gujarat,Kachchh,Men,78,Blood sugar level - high (141-160 mg/dl)16 (%),8.2,6.9,False,False
Gujarat,Kachchh,Men,79,Blood sugar level - very high (>160 mg/dl)16 (%),8.7,5.7,False,False
Gujarat,Kachchh,Men,80,Blood sugar level - high or very high (>140 mg/dl) or taking medicine to control blood sugar level 16 (%),18.0,13.4,False,False
Gujarat,Kachchh,Women,81,Mildly elevated blood pressure (Systolic 140-159 mm of Hg and/or Diastolic 90-99 mm of Hg) (%),8.6,10.8,False,False
Gujarat,Kachchh,Women,82,Moderately or severely elevated blood pressure (Systolic ≥160 mm of Hg and/or Diastolic ≥100 mm,4.6,4.4,False,False
Gujarat,Kachchh,Women,83,Elevated blood pressure (Systolic ≥140 mm of Hg and/or Diastolic ≥90 mm of Hg) or taking medicine to,16.0,19.1,False,False
Gujarat,Kachchh,Men,84,Mildly elevated blood pressure (Systolic 140-159 mm of Hg and/or Diastolic 90-99 mm of Hg) (%),13.0,10.7,False,False
Gujarat,Kachchh,Men,85,Moderately or severely elevated blood pressure (Systolic ≥160 mm of Hg and/or Diastolic ≥100 mm,4.5,3.8,False,False
Gujarat,Kachchh,Men,86,Elevated blood pressure (Systolic ≥140 mm of Hg and/or Diastolic ≥90 mm of Hg) or taking medicine to,20.9,18.2,False,False
Gujarat,Kachchh,Men,87,Women having a bank or savings account that they themselves use (%),74.3,76.3,False,False
Gujarat,Kachchh,Men,88,Women having a mobile phone that they themselves use (%),58.9,49.9,False,False
Gujarat,Kachchh,Men,89,Women age 15-24 years who use hygienic methods of protection during their menstrual period17 (%),63.7,59.4,False,False
Gujarat,Kachchh,Tobacco Use and Alcohol Consumption among Adults (age 15 years and above),90,Women age 15 years and above who use any kind of tobacco (%),6.8,8.9,False,False
Gujarat,Kachchh,Tobacco Use and Alcohol Consumption among Adults (age 15 years and above),91,Men age 15 years and above who use any kind of tobacco (%),33.4,38.7,False,False
Gujarat,Kachchh,Tobacco Use and Alcohol Consumption among Adults (age 15 years and above),92,Women age 15 years and above who consume alcohol (%),0.6,0.3,False,False
Gujarat,Kachchh,Tobacco Use and Alcohol Consumption among Adults (age 15 years and above),93,Men age 15 years and above who consume alcohol (%),5.5,2.7,False,False
Gujarat,Kheda,Population and Household Profile,1,Population below age 5 years (%),6.8,7.2,False,False
Gujarat,Kheda,Population and Household Profile,2,Population below age 15 years (%),23.0,23.7,False,False
Gujarat,Kheda,Population and Household Profile,3,Population age 60 years and above (%),12.9,12.0,False,False
Gujarat,Kheda,Population and Household Profile,4,Population living in households with electricity (%),96.9,96.9,False,False
Gujarat,Kheda,Population and Household Profile,5,Population living in households with an improved drinking-water source1 (%),99.0,97.7,False,False
Gujarat,Kheda,Population and Household Profile,6,Households using iodized salt (%),96.2,89.8,False,False
Gujarat,Kheda,Population and Household Profile,7,Households with any usual member covered under a health insurance/financing scheme (%),52.0,37.2,False,False
Gujarat,Kheda,Population and Household Profile,8,Households with any usual member having a bank account/post office account (%),97.8,92.4,False,False
Gujarat,Kheda,Population and Household Profile,9,Female population age 6 years and above who ever attended school (%),73.8,74.0,False,False
Gujarat,Kheda,Population and Household Profile,10,Households with any usual female members owning a house and/or land (alone or jointly with others) (%),14.5,12.5,False,False
Gujarat,Kheda,Population and Household Profile,11,Children age 2-4 years who attended pre-school (%),48.3,46.4,False,False
Gujarat,Kheda,Characteristics of Adults (age 15-49 years),12,Women with 10 or more years of schooling (%),29.3,24.2,False,False
Gujarat,Kheda,Characteristics of Adults (age 15-49 years),13,Men with 10 or more years of schooling (%),43.4,43.0,False,False
Gujarat,Kheda,Characteristics of Adults (age 15-49 years),14,Women who have ever used the internet (%),39.1,18.5,False,False
Gujarat,Kheda,Characteristics of Adults (age 15-49 years),15,Men who have ever used the internet (%),75.2,48.9,False,False
Gujarat,Kheda,Marriage and Fertility,16,Women age 20-24 years married before age 18 years (%),39.8,49.2,False,False
Gujarat,Kheda,Marriage and Fertility,17,Men age 25-29 years married before age 21 years (%),40.8,*,True,False
Gujarat,Kheda,Marriage and Fertility,18,Three or more births in the 5 years preceding the survey (%),0.7,1.0,False,False
Gujarat,Kheda,Marriage and Fertility,19,Women age 15-19 years who were already mothers or pregnant at the time of the survey (%),14.1,10.4,False,False
Gujarat,Kheda,Marriage and Fertility,20,Any method2 (%),74.2,29.8,False,False
Gujarat,Kheda,Marriage and Fertility,21,Any modern method2 (%),58.4,28.7,False,False
Gujarat,Kheda,Marriage and Fertility,22,Any traditional method (%),15.8,1.1,False,False
Gujarat,Kheda,Marriage and Fertility,23,Female sterilization (%),46.7,21.4,False,False
Gujarat,Kheda,Marriage and Fertility,24,Male sterilization (%),0.5,0.0,False,False
Gujarat,Kheda,Marriage and Fertility,25,Total unmet need3 (%),5.7,16.5,False,False
Gujarat,Kheda,Marriage and Fertility,26,Unmet need for spacing3 (%),3.4,7.9,False,False
Gujarat,Kheda,Marriage and Fertility,27,Unmet need for limiting3 (%),2.3,8.6,False,False
Gujarat,Kheda,Antenatal Care (for last birth in the 5 years before the survey),28,Mothers who had an antenatal check-up in the first trimester (%),75.7,64.0,False,False
Gujarat,Kheda,Antenatal Care (for last birth in the 5 years before the survey),29,Mothers who had any antenatal care visits (%),95.7,89.2,False,False
Gujarat,Kheda,Antenatal Care (for last birth in the 5 years before the survey),30,Mothers who had at least 4 antenatal care visits (%),78.4,61.2,False,False
Gujarat,Kheda,Antenatal Care (for last birth in the 5 years before the survey),31,Mothers whose last birth was protected against neonatal tetanus 4 (%),91.6,83.2,False,False
Gujarat,Kheda,Antenatal Care (for last birth in the 5 years before the survey),32,Mothers who consumed iron folic acid for 100 days or more when they were pregnant (%),47.9,42.4,False,False
Gujarat,Kheda,Antenatal Care (for last birth in the 5 years before the survey),33,Mothers who consumed iron folic acid for 180 days or more when they were pregnant (%),37.8,27.0,False,False
Gujarat,Kheda,Antenatal Care (for last birth in the 5 years before the survey),34,Registered pregnancies for which the mother received a Mother and Child Protection (MCP) card (%),100.0,98.1,False,False
Gujarat,Kheda,Delivery Care (for births in the 5 years before the survey),35,Institutional births (%),99.2,95.2,False,False
Gujarat,Kheda,Delivery Care (for births in the 5 years before the survey),36,Institutional births in public facility (%),44.5,47.5,False,False
Gujarat,Kheda,Delivery Care (for births in the 5 years before the survey),37,Births attended by skilled health personnel5 (%),97.5,88.4,False,False
Gujarat,Kheda,Delivery Care (for births in the 5 years before the survey),38,Births delivered by caesarean section (%),25.4,18.9,False,False
Gujarat,Kheda,Delivery Care (for births in the 5 years before the survey),39,Births in a private health facility that were delivered by caesarean section (%),36.6,31.1,False,False
Gujarat,Kheda,Delivery Care (for births in the 5 years before the survey),40,Births in a public health facility that were delivered by caesarean section (%),12.1,8.7,False,False
Gujarat,Kheda,Postnatal Care (for last birth in the 5 years before the survey),41,Mothers who received postnatal care from a doctor/nurse/LHV/ANM/midwife/other health personnel within 2,88.9,85.1,False,False
Gujarat,Kheda,Postnatal Care (for last birth in the 5 years before the survey),42,Children born at home who were taken to a health facility for a check-up within 24 hours of birth (%),*,*,True,False
Gujarat,Kheda,Postnatal Care (for last birth in the 5 years before the survey),43,Children who received postnatal care from a doctor/nurse/LHV/ANM/midwife/other health personnel within 2,90.1,83.2,False,False
Gujarat,Kheda,Child Vaccinations and Vitamin A Supplementation,44,Children age 12-23 months fully vaccinated based on information from either vaccination card or mother's,85.3,69.0,True,False
Gujarat,Kheda,Child Vaccinations and Vitamin A Supplementation,45,Children age 12-23 months fully vaccinated based on information from vaccination card only 7 (%),89.1,84.9,True,False
Gujarat,Kheda,Child Vaccinations and Vitamin A Supplementation,46,Children age 12-23 months who have received any vaccine (%),95.5,93.2,True,False
Gujarat,Kheda,Child Vaccinations and Vitamin A Supplementation,47,Children age 12-23 months who have received BCG (%),95.5,90.1,True,False
Gujarat,Kheda,Child Vaccinations and Vitamin A Supplementation,48,Children age 12-23 months who have received 3 doses of polio vaccine8 (%),87.2,74.3,True,False
Gujarat,Kheda,Child Vaccinations and Vitamin A Supplementation,49,Children age 12-23 months who have received 3 doses of pentavalent vaccine (%),85.3,88.2,True,False
Gujarat,Kheda,Child Vaccinations and Vitamin A Supplementation,50,Children age 12-23 months who have received the first dose of measles-containing vaccine (MCV) (%),87.2,86.9,True,False
Gujarat,Kheda,Child Vaccinations and Vitamin A Supplementation,51,Children age 24-35 months who have received a second dose of measles-containing vaccine (MCV) (%),79.4,50.6,True,False
Gujarat,Kheda,Child Vaccinations and Vitamin A Supplementation,52,Children age 12-23 months who have received birth dose of hepatitis B vaccine (%),85.0,48.6,True,False
Gujarat,Kheda,Child Vaccinations and Vitamin A Supplementation,53,Children age 12-23 months who have received 3 doses of rotavirus vaccine (%),83.2,4.6,True,False
Gujarat,Kheda,Child Vaccinations and Vitamin A Supplementation,54,Children age 9-35 months who received a vitamin A dose in the last 6 months (%),92.6,78.1,False,False
Gujarat,Kheda,Child Vaccinations and Vitamin A Supplementation,55,Children age 12-23 months who received most of their vaccinations in a public health facility (%),95.2,96.5,True,False
Gujarat,Kheda,Child Vaccinations and Vitamin A Supplementation,56,Children age 12-23 months who received most of their vaccinations in a private health facility (%),4.8,1.4,True,False
Gujarat,Kheda,Treatment of Childhood Diseases (children under age 5 years),57,Prevalence of diarrhoea in the 2 weeks preceding the survey (%),14.1,14.1,False,False
Gujarat,Kheda,Treatment of Childhood Diseases (children under age 5 years),58,Prevalence of symptoms of acute respiratory infection (ARI) in the 2 weeks preceding the survey (%),0.4,1.5,False,False
Gujarat,Kheda,Treatment of Childhood Diseases (children under age 5 years),59,Children with fever or symptoms of ARI in the 2 weeks preceding the survey taken to a health facility or,*,60.0,True,False
Gujarat,Kheda,Child Feeding Practices and Nutritional Status of Children,60,Children under age 3 years breastfed within one hour of birth 9 (%),37.2,25.8,False,False
Gujarat,Kheda,Child Feeding Practices and Nutritional Status of Children,61,Children under age 6 months exclusively breastfed10 (%),67.2,47.4,True,False
Gujarat,Kheda,Child Feeding Practices and Nutritional Status of Children,62,Children under age 6 months currently breastfeeding10 (%),97.7,100.0,True,False
Gujarat,Kheda,Child Feeding Practices and Nutritional Status of Children,63,Children under age 6 months exclusively breastfed or breastfeeding and consuming plain water/other,87.4,86.8,True,False
Gujarat,Kheda,Child Feeding Practices and Nutritional Status of Children,64,Children age 6-8 months receiving solid or semi-solid food and breastmilk10 (%),*,*,True,False
Gujarat,Kheda,Child Feeding Practices and Nutritional Status of Children,65,"Breastfeeding children age 6-23 months receiving an adequate diet10, 11 (%)",10.5,1.6,False,False
Gujarat,Kheda,Child Feeding Practices and Nutritional Status of Children,66,"Non-breastfeeding children age 6-23 months receiving an adequate diet 10, 11 (%)",*,*,True,False
Gujarat,Kheda,Child Feeding Practices and Nutritional Status of Children,67,"Total children age 6-23 months receiving an adequate diet10, 11 (%)",12.3,1.2,False,False
Gujarat,Kheda,Child Feeding Practices and Nutritional Status of Children,68,Children under 5 years who are stunted (height-for-age)12 (%),43.3,37.3,False,False
Gujarat,Kheda,Child Feeding Practices and Nutritional Status of Children,69,Children under 5 years who are wasted (weight-for-height)12 (%),28.2,30.9,False,False
Gujarat,Kheda,Child Feeding Practices and Nutritional Status of Children,70,Children under 5 years who are severely wasted (weight-for-height)13 (%),9.2,12.1,False,False
Gujarat,Kheda,Child Feeding Practices and Nutritional Status of Children,71,Children under 5 years who are underweight (weight-for-age)12 (%),44.3,39.5,False,False
Gujarat,Kheda,Child Feeding Practices and Nutritional Status of Children,72,Children under 5 years who are overweight (weight-for-height)14 (%),1.9,2.5,False,False
Gujarat,Kheda,Nutritional Status of Adults (age 15-49 years),73,Women whose Body Mass Index (BMI) is below normal (BMI <18.5 kg/m 2)15 (%),34.0,32.2,False,False
Gujarat,Kheda,Nutritional Status of Adults (age 15-49 years),74,Women who are overweight or obese (BMI ≥25.0 kg/m2)15 (%),20.8,17.8,False,False
Gujarat,Kheda,Women,75,Blood sugar level - high (141-160 mg/dl)16 (%),7.9,8.5,False,False
Gujarat,Kheda,Women,76,Blood sugar level - very high (>160 mg/dl)16 (%),7.2,6.9,False,False
Gujarat,Kheda,Women,77,Blood sugar level - high or very high (>140 mg/dl) or taking medicine to control blood sugar level16 (%),16.1,16.0,False,False
Gujarat,Kheda,Men,78,Blood sugar level - high (141-160 mg/dl)16 (%),7.2,9.0,False,False
Gujarat,Kheda,Men,79,Blood sugar level - very high (>160 mg/dl)16 (%),8.2,7.8,False,False
Gujarat,Kheda,Men,80,Blood sugar level - high or very high (>140 mg/dl) or taking medicine to control blood sugar level 16 (%),15.8,18.2,False,False
Gujarat,Kheda,Women,81,Mildly elevated blood pressure (Systolic 140-159 mm of Hg and/or Diastolic 90-99 mm of Hg) (%),9.9,13.8,False,False
Gujarat,Kheda,Women,82,Moderately or severely elevated blood pressure (Systolic ≥160 mm of Hg and/or Diastolic ≥100 mm,3.9,6.3,False,False
Gujarat,Kheda,Women,83,Elevated blood pressure (Systolic ≥140 mm of Hg and/or Diastolic ≥90 mm of Hg) or taking medicine to,18.4,24.0,False,False
Gujarat,Kheda,Men,84,Mildly elevated blood pressure (Systolic 140-159 mm of Hg and/or Diastolic 90-99 mm of Hg) (%),11.6,16.7,False,False
Gujarat,Kheda,Men,85,Moderately or severely elevated blood pressure (Systolic ≥160 mm of Hg and/or Diastolic ≥100 mm,3.9,4.3,False,False
Gujarat,Kheda,Men,86,Elevated blood pressure (Systolic ≥140 mm of Hg and/or Diastolic ≥90 mm of Hg) or taking medicine to,19.4,24.5,False,False
Gujarat,Kheda,Men,87,Women having a bank or savings account that they themselves use (%),72.8,53.0,False,False
Gujarat,Kheda,Men,88,Women having a mobile phone that they themselves use (%),36.0,24.0,False,False
Gujarat,Kheda,Men,89,Women age 15-24 years who use hygienic methods of protection during their menstrual period17 (%),54.6,67.0,False,False
Gujarat,Kheda,Tobacco Use and Alcohol Consumption among Adults (age 15 years and above),90,Women age 15 years and above who use any kind of tobacco (%),17.0,13.5,False,False
Gujarat,Kheda,Tobacco Use and Alcohol Consumption among Adults (age 15 years and above),91,Men age 15 years and above who use any kind of tobacco (%),47.3,45.8,False,False
Gujarat,Kheda,Tobacco Use and Alcohol Consumption among Adults (age 15 years and above),92,Women age 15 years and above who consume alcohol (%),0.2,0.5,False,False
Gujarat,Kheda,Tobacco Use and Alcohol Consumption among Adults (age 15 years and above),93,Men age 15 years and above who consume alcohol (%),6.9,6.1,False,False
Gujarat,Mahesana,Population and Household Profile,1,Population below age 5 years (%),7.2,5.8,False,False
Gujarat,Mahesana,Population and Household Profile,2,Population below age 15 years (%),22.5,22.1,False,False
Gujarat,Mahesana,Population and Household Profile,3,Population age 60 years and above (%),11.9,12.8,False,False
Gujarat,Mahesana,Population and Household Profile,4,Population living in households with electricity (%),98.8,97.7,False,False
Gujarat,Mahesana,Population and Household Profile,5,Population living in households with an improved drinking-water source1 (%),99.5,97.0,False,False
Gujarat,Mahesana,Population and Household Profile,6,Households using iodized salt (%),98.7,91.5,False,False
Gujarat,Mahesana,Population and Household Profile,7,Households with any usual member covered under a health insurance/financing scheme (%),63.5,49.3,False,False
Gujarat,Mahesana,Population and Household Profile,8,Households with any usual member having a bank account/post office account (%),98.5,93.8,False,False
Gujarat,Mahesana,Population and Household Profile,9,Female population age 6 years and above who ever attended school (%),75.5,71.3,False,False
Gujarat,Mahesana,Population and Household Profile,10,Households with any usual female members owning a house and/or land (alone or jointly with others) (%),15.6,11.0,False,False
Gujarat,Mahesana,Population and Household Profile,11,Children age 2-4 years who attended pre-school (%),59.1,55.8,False,False
Gujarat,Mahesana,Characteristics of Adults (age 15-49 years),12,Women with 10 or more years of schooling (%),35.6,32.6,False,False
Gujarat,Mahesana,Characteristics of Adults (age 15-49 years),13,Men with 10 or more years of schooling (%),60.3,65.2,False,False
Gujarat,Mahesana,Characteristics of Adults (age 15-49 years),14,Women who have ever used the internet (%),55.5,29.4,False,False
Gujarat,Mahesana,Characteristics of Adults (age 15-49 years),15,Men who have ever used the internet (%),82.0,59.7,False,False
Gujarat,Mahesana,Marriage and Fertility,16,Women age 20-24 years married before age 18 years (%),24.6,32.3,False,False
Gujarat,Mahesana,Marriage and Fertility,17,Men age 25-29 years married before age 21 years (%),20.0,*,True,False
Gujarat,Mahesana,Marriage and Fertility,18,Three or more births in the 5 years preceding the survey (%),0.6,3.1,False,False
Gujarat,Mahesana,Marriage and Fertility,19,Women age 15-19 years who were already mothers or pregnant at the time of the survey (%),7.0,4.5,False,False
Gujarat,Mahesana,Marriage and Fertility,20,Any method2 (%),82.1,46.3,False,False
Gujarat,Mahesana,Marriage and Fertility,21,Any modern method2 (%),54.1,41.8,False,False
Gujarat,Mahesana,Marriage and Fertility,22,Any traditional method (%),28.0,4.5,False,False
Gujarat,Mahesana,Marriage and Fertility,23,Female sterilization (%),33.3,26.2,False,False
Gujarat,Mahesana,Marriage and Fertility,24,Male sterilization (%),0.0,0.0,False,False
Gujarat,Mahesana,Marriage and Fertility,25,Total unmet need3 (%),3.2,18.4,False,False
Gujarat,Mahesana,Marriage and Fertility,26,Unmet need for spacing3 (%),2.3,7.6,False,False
Gujarat,Mahesana,Marriage and Fertility,27,Unmet need for limiting3 (%),0.9,10.8,False,False
Gujarat,Mahesana,Antenatal Care (for last birth in the 5 years before the survey),28,Mothers who had an antenatal check-up in the first trimester (%),90.7,59.7,False,False
Gujarat,Mahesana,Antenatal Care (for last birth in the 5 years before the survey),29,Mothers who had any antenatal care visits (%),94.2,70.6,False,False
Gujarat,Mahesana,Antenatal Care (for last birth in the 5 years before the survey),30,Mothers who had at least 4 antenatal care visits (%),89.6,56.6,False,False
Gujarat,Mahesana,Antenatal Care (for last birth in the 5 years before the survey),31,Mothers whose last birth was protected against neonatal tetanus 4 (%),88.1,73.8,False,False
Gujarat,Mahesana,Antenatal Care (for last birth in the 5 years before the survey),32,Mothers who consumed iron folic acid for 100 days or more when they were pregnant (%),59.2,58.3,False,False
Gujarat,Mahesana,Antenatal Care (for last birth in the 5 years before the survey),33,Mothers who consumed iron folic acid for 180 days or more when they were pregnant (%),43.6,44.8,False,False
Gujarat,Mahesana,Antenatal Care (for last birth in the 5 years before the survey),34,Registered pregnancies for which the mother received a Mother and Child Protection (MCP) card (%),98.2,97.1,False,False
Gujarat,Mahesana,Delivery Care (for births in the 5 years before the survey),35,Institutional births (%),99.2,97.3,False,False
Gujarat,Mahesana,Delivery Care (for births in the 5 years before the survey),36,Institutional births in public facility (%),36.3,27.4,False,False
Gujarat,Mahesana,Delivery Care (for births in the 5 years before the survey),37,Births attended by skilled health personnel5 (%),97.1,91.6,False,False
Gujarat,Mahesana,Delivery Care (for births in the 5 years before the survey),38,Births delivered by caesarean section (%),37.3,28.7,False,False
Gujarat,Mahesana,Delivery Care (for births in the 5 years before the survey),39,Births in a private health facility that were delivered by caesarean section (%),48.2,35.3,False,False
Gujarat,Mahesana,Delivery Care (for births in the 5 years before the survey),40,Births in a public health facility that were delivered by caesarean section (%),19.5,14.7,False,False
Gujarat,Mahesana,Postnatal Care (for last birth in the 5 years before the survey),41,Mothers who received postnatal care from a doctor/nurse/LHV/ANM/midwife/other health personnel within 2,96.2,79.7,False,False
Gujarat,Mahesana,Postnatal Care (for last birth in the 5 years before the survey),42,Children born at home who were taken to a health facility for a check-up within 24 hours of birth (%),*,*,True,False
Gujarat,Mahesana,Postnatal Care (for last birth in the 5 years before the survey),43,Children who received postnatal care from a doctor/nurse/LHV/ANM/midwife/other health personnel within 2,96.8,83.4,False,False
Gujarat,Mahesana,Child Vaccinations and Vitamin A Supplementation,44,Children age 12-23 months fully vaccinated based on information from either vaccination card or mother's,87.4,79.6,True,False
Gujarat,Mahesana,Child Vaccinations and Vitamin A Supplementation,45,Children age 12-23 months fully vaccinated based on information from vaccination card only 7 (%),89.2,91.1,True,False
Gujarat,Mahesana,Child Vaccinations and Vitamin A Supplementation,46,Children age 12-23 months who have received any vaccine (%),97.3,92.6,True,False
Gujarat,Mahesana,Child Vaccinations and Vitamin A Supplementation,47,Children age 12-23 months who have received BCG (%),95.8,92.6,True,False
Gujarat,Mahesana,Child Vaccinations and Vitamin A Supplementation,48,Children age 12-23 months who have received 3 doses of polio vaccine8 (%),89.0,81.9,True,False
Gujarat,Mahesana,Child Vaccinations and Vitamin A Supplementation,49,Children age 12-23 months who have received 3 doses of pentavalent vaccine (%),91.5,85.1,True,False
Gujarat,Mahesana,Child Vaccinations and Vitamin A Supplementation,50,Children age 12-23 months who have received the first dose of measles-containing vaccine (MCV) (%),92.9,85.1,True,False
Gujarat,Mahesana,Child Vaccinations and Vitamin A Supplementation,51,Children age 24-35 months who have received a second dose of measles-containing vaccine (MCV) (%),79.7,44.1,True,False
Gujarat,Mahesana,Child Vaccinations and Vitamin A Supplementation,52,Children age 12-23 months who have received birth dose of hepatitis B vaccine (%),94.1,60.9,True,False
Gujarat,Mahesana,Child Vaccinations and Vitamin A Supplementation,53,Children age 12-23 months who have received 3 doses of rotavirus vaccine (%),81.0,2.6,True,False
Gujarat,Mahesana,Child Vaccinations and Vitamin A Supplementation,54,Children age 9-35 months who received a vitamin A dose in the last 6 months (%),94.7,83.6,False,False
Gujarat,Mahesana,Child Vaccinations and Vitamin A Supplementation,55,Children age 12-23 months who received most of their vaccinations in a public health facility (%),98.4,84.3,True,False
Gujarat,Mahesana,Child Vaccinations and Vitamin A Supplementation,56,Children age 12-23 months who received most of their vaccinations in a private health facility (%),1.6,15.7,True,False
Gujarat,Mahesana,Treatment of Childhood Diseases (children under age 5 years),57,Prevalence of diarrhoea in the 2 weeks preceding the survey (%),4.7,14.6,False,False
Gujarat,Mahesana,Treatment of Childhood Diseases (children under age 5 years),58,Prevalence of symptoms of acute respiratory infection (ARI) in the 2 weeks preceding the survey (%),0.4,0.5,False,False
Gujarat,Mahesana,Treatment of Childhood Diseases (children under age 5 years),59,Children with fever or symptoms of ARI in the 2 weeks preceding the survey taken to a health facility or,68.7,60.9,True,False
Gujarat,Mahesana,Child Feeding Practices and Nutritional Status of Children,60,Children under age 3 years breastfed within one hour of birth 9 (%),42.9,32.8,False,False
Gujarat,Mahesana,Child Feeding Practices and Nutritional Status of Children,61,Children under age 6 months exclusively breastfed10 (%),*,*,True,False
Gujarat,Mahesana,Child Feeding Practices and Nutritional Status of Children,62,Children under age 6 months currently breastfeeding10 (%),*,*,True,False
Gujarat,Mahesana,Child Feeding Practices and Nutritional Status of Children,63,Children under age 6 months exclusively breastfed or breastfeeding and consuming plain water/other,*,*,True,False
Gujarat,Mahesana,Child Feeding Practices and Nutritional Status of Children,64,Children age 6-8 months receiving solid or semi-solid food and breastmilk10 (%),*,*,True,False
Gujarat,Mahesana,Child Feeding Practices and Nutritional Status of Children,65,"Breastfeeding children age 6-23 months receiving an adequate diet10, 11 (%)",3.1,0.0,True,False
Gujarat,Mahesana,Child Feeding Practices and Nutritional Status of Children,66,"Non-breastfeeding children age 6-23 months receiving an adequate diet 10, 11 (%)",*,*,True,False
Gujarat,Mahesana,Child Feeding Practices and Nutritional Status of Children,67,"Total children age 6-23 months receiving an adequate diet10, 11 (%)",2.6,0.0,False,False
Gujarat,Mahesana,Child Feeding Practices and Nutritional Status of Children,68,Children under 5 years who are stunted (height-for-age)12 (%),32.4,31.0,False,False
Gujarat,Mahesana,Child Feeding Practices and Nutritional Status of Children,69,Children under 5 years who are wasted (weight-for-height)12 (%),23.7,28.2,False,False
Gujarat,Mahesana,Child Feeding Practices and Nutritional Status of Children,70,Children under 5 years who are severely wasted (weight-for-height)13 (%),7.6,12.0,False,False
Gujarat,Mahesana,Child Feeding Practices and Nutritional Status of Children,71,Children under 5 years who are underweight (weight-for-age)12 (%),35.2,41.4,False,False
Gujarat,Mahesana,Child Feeding Practices and Nutritional Status of Children,72,Children under 5 years who are overweight (weight-for-height)14 (%),1.0,1.5,False,False
Gujarat,Mahesana,Nutritional Status of Adults (age 15-49 years),73,Women whose Body Mass Index (BMI) is below normal (BMI <18.5 kg/m 2)15 (%),19.0,24.4,False,False
Gujarat,Mahesana,Nutritional Status of Adults (age 15-49 years),74,Women who are overweight or obese (BMI ≥25.0 kg/m2)15 (%),30.0,24.3,False,False
Gujarat,Mahesana,Women,75,Blood sugar level - high (141-160 mg/dl)16 (%),6.5,9.7,False,False
Gujarat,Mahesana,Women,76,Blood sugar level - very high (>160 mg/dl)16 (%),6.7,9.0,False,False
Gujarat,Mahesana,Women,77,Blood sugar level - high or very high (>140 mg/dl) or taking medicine to control blood sugar level16 (%),13.7,19.4,False,False
Gujarat,Mahesana,Men,78,Blood sugar level - high (141-160 mg/dl)16 (%),8.0,12.1,False,False
Gujarat,Mahesana,Men,79,Blood sugar level - very high (>160 mg/dl)16 (%),10.1,8.3,False,False
Gujarat,Mahesana,Men,80,Blood sugar level - high or very high (>140 mg/dl) or taking medicine to control blood sugar level 16 (%),19.0,21.6,False,False
Gujarat,Mahesana,Women,81,Mildly elevated blood pressure (Systolic 140-159 mm of Hg and/or Diastolic 90-99 mm of Hg) (%),11.1,12.9,False,False
Gujarat,Mahesana,Women,82,Moderately or severely elevated blood pressure (Systolic ≥160 mm of Hg and/or Diastolic ≥100 mm,4.6,5.9,False,False
Gujarat,Mahesana,Women,83,Elevated blood pressure (Systolic ≥140 mm of Hg and/or Diastolic ≥90 mm of Hg) or taking medicine to,21.7,22.6,False,False
Gujarat,Mahesana,Men,84,Mildly elevated blood pressure (Systolic 140-159 mm of Hg and/or Diastolic 90-99 mm of Hg) (%),11.5,17.9,False,False
Gujarat,Mahesana,Men,85,Moderately or severely elevated blood pressure (Systolic ≥160 mm of Hg and/or Diastolic ≥100 mm,5.8,6.3,False,False
Gujarat,Mahesana,Men,86,Elevated blood pressure (Systolic ≥140 mm of Hg and/or Diastolic ≥90 mm of Hg) or taking medicine to,21.2,27.0,False,False
Gujarat,Mahesana,Men,87,Women having a bank or savings account that they themselves use (%),76.8,65.8,False,False
Gujarat,Mahesana,Men,88,Women having a mobile phone that they themselves use (%),55.4,47.0,False,False
Gujarat,Mahesana,Men,89,Women age 15-24 years who use hygienic methods of protection during their menstrual period17 (%),64.0,50.7,False,False
Gujarat,Mahesana,Tobacco Use and Alcohol Consumption among Adults (age 15 years and above),90,Women age 15 years and above who use any kind of tobacco (%),6.8,7.7,False,False
Gujarat,Mahesana,Tobacco Use and Alcohol Consumption among Adults (age 15 years and above),91,Men age 15 years and above who use any kind of tobacco (%),42.6,36.9,False,False
Gujarat,Mahesana,Tobacco Use and Alcohol Consumption among Adults (age 15 years and above),92,Women age 15 years and above who consume alcohol (%),0.2,0.2,False,False
Gujarat,Mahesana,Tobacco Use and Alcohol Consumption among Adults (age 15 years and above),93,Men age 15 years and above who consume alcohol (%),3.9,3.2,False,False
Gujarat,Mahisagar,Population and Household Profile,1,Population below age 5 years (%),8.9,8.3,False,False
Gujarat,Mahisagar,Population and Household Profile,2,Population below age 15 years (%),26.2,25.4,False,False
Gujarat,Mahisagar,Population and Household Profile,3,Population age 60 years and above (%),15.3,13.8,False,False
Gujarat,Mahisagar,Population and Household Profile,4,Population living in households with electricity (%),97.3,95.2,False,False
Gujarat,Mahisagar,Population and Household Profile,5,Population living in households with an improved drinking-water source1 (%),91.8,94.8,False,False
Gujarat,Mahisagar,Population and Household Profile,6,Households using iodized salt (%),97.5,96.6,False,False
Gujarat,Mahisagar,Population and Household Profile,7,Households with any usual member covered under a health insurance/financing scheme (%),54.5,52.7,False,False
Gujarat,Mahisagar,Population and Household Profile,8,Households with any usual member having a bank account/post office account (%),99.1,97.6,False,False
Gujarat,Mahisagar,Population and Household Profile,9,Female population age 6 years and above who ever attended school (%),68.8,66.1,False,False
Gujarat,Mahisagar,Population and Household Profile,10,Households with any usual female members owning a house and/or land (alone or jointly with others) (%),12.4,10.7,False,False
Gujarat,Mahisagar,Population and Household Profile,11,Children age 2-4 years who attended pre-school (%),48.5,50.4,False,False
Gujarat,Mahisagar,Characteristics of Adults (age 15-49 years),12,Women with 10 or more years of schooling (%),36.4,33.9,False,False
Gujarat,Mahisagar,Characteristics of Adults (age 15-49 years),13,Men with 10 or more years of schooling (%),47.5,54.4,False,False
Gujarat,Mahisagar,Characteristics of Adults (age 15-49 years),14,Women who have ever used the internet (%),37.1,10.3,False,False
Gujarat,Mahisagar,Characteristics of Adults (age 15-49 years),15,Men who have ever used the internet (%),73.3,43.8,False,False
Gujarat,Mahisagar,Marriage and Fertility,16,Women age 20-24 years married before age 18 years (%),31.7,30.7,False,False
Gujarat,Mahisagar,Marriage and Fertility,17,Men age 25-29 years married before age 21 years (%),34.8,41.6,True,False
Gujarat,Mahisagar,Marriage and Fertility,18,Three or more births in the 5 years preceding the survey (%),2.1,3.5,False,False
Gujarat,Mahisagar,Marriage and Fertility,19,Women age 15-19 years who were already mothers or pregnant at the time of the survey (%),9.2,6.1,False,False
Gujarat,Mahisagar,Marriage and Fertility,20,Any method2 (%),75.4,73.3,False,False
Gujarat,Mahisagar,Marriage and Fertility,21,Any modern method2 (%),50.1,59.1,False,False
Gujarat,Mahisagar,Marriage and Fertility,22,Any traditional method (%),25.3,14.2,False,False
Gujarat,Mahisagar,Marriage and Fertility,23,Female sterilization (%),40.3,44.6,False,False
Gujarat,Mahisagar,Marriage and Fertility,24,Male sterilization (%),0.0,0.0,False,False
Gujarat,Mahisagar,Marriage and Fertility,25,Total unmet need3 (%),3.7,6.8,False,False
Gujarat,Mahisagar,Marriage and Fertility,26,Unmet need for spacing3 (%),1.9,3.1,False,False
Gujarat,Mahisagar,Marriage and Fertility,27,Unmet need for limiting3 (%),1.8,3.7,False,False
Gujarat,Mahisagar,Antenatal Care (for last birth in the 5 years before the survey),28,Mothers who had an antenatal check-up in the first trimester (%),77.8,77.2,False,False
Gujarat,Mahisagar,Antenatal Care (for last birth in the 5 years before the survey),29,Mothers who had any antenatal care visits (%),92.7,96.9,False,False
Gujarat,Mahisagar,Antenatal Care (for last birth in the 5 years before the survey),30,Mothers who had at least 4 antenatal care visits (%),68.8,76.6,False,False
Gujarat,Mahisagar,Antenatal Care (for last birth in the 5 years before the survey),31,Mothers whose last birth was protected against neonatal tetanus 4 (%),85.9,89.4,False,False
Gujarat,Mahisagar,Antenatal Care (for last birth in the 5 years before the survey),32,Mothers who consumed iron folic acid for 100 days or more when they were pregnant (%),54.1,63.3,False,False
Gujarat,Mahisagar,Antenatal Care (for last birth in the 5 years before the survey),33,Mothers who consumed iron folic acid for 180 days or more when they were pregnant (%),40.6,45.7,False,False
Gujarat,Mahisagar,Antenatal Care (for last birth in the 5 years before the survey),34,Registered pregnancies for which the mother received a Mother and Child Protection (MCP) card (%),96.3,97.4,False,False
Gujarat,Mahisagar,Delivery Care (for births in the 5 years before the survey),35,Institutional births (%),97.1,93.0,False,False
Gujarat,Mahisagar,Delivery Care (for births in the 5 years before the survey),36,Institutional births in public facility (%),25.6,26.6,False,False
Gujarat,Mahisagar,Delivery Care (for births in the 5 years before the survey),37,Births attended by skilled health personnel5 (%),85.7,92.7,False,False
Gujarat,Mahisagar,Delivery Care (for births in the 5 years before the survey),38,Births delivered by caesarean section (%),16.4,16.6,False,False
Gujarat,Mahisagar,Delivery Care (for births in the 5 years before the survey),39,Births in a private health facility that were delivered by caesarean section (%),19.9,19.3,False,False
Gujarat,Mahisagar,Delivery Care (for births in the 5 years before the survey),40,Births in a public health facility that were delivered by caesarean section (%),8.7,14.1,False,False
Gujarat,Mahisagar,Postnatal Care (for last birth in the 5 years before the survey),41,Mothers who received postnatal care from a doctor/nurse/LHV/ANM/midwife/other health personnel within 2,93.8,90.9,False,False
Gujarat,Mahisagar,Postnatal Care (for last birth in the 5 years before the survey),42,Children born at home who were taken to a health facility for a check-up within 24 hours of birth (%),*,*,True,False
Gujarat,Mahisagar,Postnatal Care (for last birth in the 5 years before the survey),43,Children who received postnatal care from a doctor/nurse/LHV/ANM/midwife/other health personnel within 2,93.8,91.1,False,False
Gujarat,Mahisagar,Child Vaccinations and Vitamin A Supplementation,44,Children age 12-23 months fully vaccinated based on information from either vaccination card or mother's,87.4,80.0,False,False
Gujarat,Mahisagar,Child Vaccinations and Vitamin A Supplementation,45,Children age 12-23 months fully vaccinated based on information from vaccination card only 7 (%),96.4,83.4,False,False
Gujarat,Mahisagar,Child Vaccinations and Vitamin A Supplementation,46,Children age 12-23 months who have received any vaccine (%),96.8,97.2,False,False
Gujarat,Mahisagar,Child Vaccinations and Vitamin A Supplementation,47,Children age 12-23 months who have received BCG (%),95.2,97.2,False,False
Gujarat,Mahisagar,Child Vaccinations and Vitamin A Supplementation,48,Children age 12-23 months who have received 3 doses of polio vaccine8 (%),89.0,84.6,False,False
Gujarat,Mahisagar,Child Vaccinations and Vitamin A Supplementation,49,Children age 12-23 months who have received 3 doses of pentavalent vaccine (%),93.6,85.9,False,False
Gujarat,Mahisagar,Child Vaccinations and Vitamin A Supplementation,50,Children age 12-23 months who have received the first dose of measles-containing vaccine (MCV) (%),95.1,90.9,False,False
Gujarat,Mahisagar,Child Vaccinations and Vitamin A Supplementation,51,Children age 24-35 months who have received a second dose of measles-containing vaccine (MCV) (%),68.7,51.5,False,False
Gujarat,Mahisagar,Child Vaccinations and Vitamin A Supplementation,52,Children age 12-23 months who have received birth dose of hepatitis B vaccine (%),92.3,77.0,False,False
Gujarat,Mahisagar,Child Vaccinations and Vitamin A Supplementation,53,Children age 12-23 months who have received 3 doses of rotavirus vaccine (%),87.0,1.5,False,False
Gujarat,Mahisagar,Child Vaccinations and Vitamin A Supplementation,54,Children age 9-35 months who received a vitamin A dose in the last 6 months (%),87.6,86.8,False,False
Gujarat,Mahisagar,Child Vaccinations and Vitamin A Supplementation,55,Children age 12-23 months who received most of their vaccinations in a public health facility (%),96.7,100.0,False,False
Gujarat,Mahisagar,Child Vaccinations and Vitamin A Supplementation,56,Children age 12-23 months who received most of their vaccinations in a private health facility (%),3.3,0.0,False,False
Gujarat,Mahisagar,Treatment of Childhood Diseases (children under age 5 years),57,Prevalence of diarrhoea in the 2 weeks preceding the survey (%),6.7,14.4,False,False
Gujarat,Mahisagar,Treatment of Childhood Diseases (children under age 5 years),58,Prevalence of symptoms of acute respiratory infection (ARI) in the 2 weeks preceding the survey (%),0.9,0.9,False,False
Gujarat,Mahisagar,Treatment of Childhood Diseases (children under age 5 years),59,Children with fever or symptoms of ARI in the 2 weeks preceding the survey taken to a health facility or,75.2,71.0,True,False
Gujarat,Mahisagar,Child Feeding Practices and Nutritional Status of Children,60,Children under age 3 years breastfed within one hour of birth9 (%),41.2,21.5,False,False
Gujarat,Mahisagar,Child Feeding Practices and Nutritional Status of Children,61,Children under age 6 months exclusively breastfed10 (%),51.5,64.4,True,False
Gujarat,Mahisagar,Child Feeding Practices and Nutritional Status of Children,62,Children under age 6 months currently breastfeeding10 (%),93.7,96.3,True,False
Gujarat,Mahisagar,Child Feeding Practices and Nutritional Status of Children,63,Children under age 6 months exclusively breastfed or breastfeeding and consuming plain water/other,87.3,67.8,True,False
Gujarat,Mahisagar,Child Feeding Practices and Nutritional Status of Children,64,Children age 6-8 months receiving solid or semi-solid food and breastmilk10 (%),*,*,True,False
Gujarat,Mahisagar,Child Feeding Practices and Nutritional Status of Children,65,"Breastfeeding children age 6-23 months receiving an adequate diet10, 11 (%)",5.1,1.3,False,False
Gujarat,Mahisagar,Child Feeding Practices and Nutritional Status of Children,66,"Non-breastfeeding children age 6-23 months receiving an adequate diet 10, 11 (%)",*,*,True,False
Gujarat,Mahisagar,Child Feeding Practices and Nutritional Status of Children,67,"Total children age 6-23 months receiving an adequate diet10, 11 (%)",5.4,3.0,False,False
Gujarat,Mahisagar,Child Feeding Practices and Nutritional Status of Children,68,Children under 5 years who are stunted (height-for-age)12 (%),34.7,43.4,False,False
Gujarat,Mahisagar,Child Feeding Practices and Nutritional Status of Children,69,Children under 5 years who are wasted (weight-for-height)12 (%),22.8,26.2,False,False
Gujarat,Mahisagar,Child Feeding Practices and Nutritional Status of Children,70,Children under 5 years who are severely wasted (weight-for-height)13 (%),6.1,12.0,False,False
Gujarat,Mahisagar,Child Feeding Practices and Nutritional Status of Children,71,Children under 5 years who are underweight (weight-for-age)12 (%),40.3,49.0,False,False
Gujarat,Mahisagar,Child Feeding Practices and Nutritional Status of Children,72,Children under 5 years who are overweight (weight-for-height)14 (%),1.7,2.6,False,False
Gujarat,Mahisagar,Nutritional Status of Adults (age 15-49 years),73,Women whose Body Mass Index (BMI) is below normal (BMI <18.5 kg/m 2)15 (%),40.9,30.7,False,False
Gujarat,Mahisagar,Nutritional Status of Adults (age 15-49 years),74,Women who are overweight or obese (BMI ≥25.0 kg/m2)15 (%),13.6,9.4,False,False
Gujarat,Mahisagar,Women,75,Blood sugar level - high (141-160 mg/dl)16 (%),7.5,7.0,False,False
Gujarat,Mahisagar,Women,76,Blood sugar level - very high (>160 mg/dl)16 (%),7.3,4.7,False,False
Gujarat,Mahisagar,Women,77,Blood sugar level - high or very high (>140 mg/dl) or taking medicine to control blood sugar level16 (%),15.3,12.3,False,False
Gujarat,Mahisagar,Men,78,Blood sugar level - high (141-160 mg/dl)16 (%),9.1,7.3,False,False
Gujarat,Mahisagar,Men,79,Blood sugar level - very high (>160 mg/dl)16 (%),7.8,5.0,False,False
Gujarat,Mahisagar,Men,80,Blood sugar level - high or very high (>140 mg/dl) or taking medicine to control blood sugar level 16 (%),17.4,13.1,False,False
Gujarat,Mahisagar,Women,81,Mildly elevated blood pressure (Systolic 140-159 mm of Hg and/or Diastolic 90-99 mm of Hg) (%),7.2,9.8,False,False
Gujarat,Mahisagar,Women,82,Moderately or severely elevated blood pressure (Systolic ≥160 mm of Hg and/or Diastolic ≥100 mm,7.0,4.1,False,False
Gujarat,Mahisagar,Women,83,Elevated blood pressure (Systolic ≥140 mm of Hg and/or Diastolic ≥90 mm of Hg) or taking medicine to,17.6,16.3,False,False
Gujarat,Mahisagar,Men,84,Mildly elevated blood pressure (Systolic 140-159 mm of Hg and/or Diastolic 90-99 mm of Hg) (%),11.2,10.4,False,False
Gujarat,Mahisagar,Men,85,Moderately or severely elevated blood pressure (Systolic ≥160 mm of Hg and/or Diastolic ≥100 mm,7.2,3.2,False,False
Gujarat,Mahisagar,Men,86,Elevated blood pressure (Systolic ≥140 mm of Hg and/or Diastolic ≥90 mm of Hg) or taking medicine to,21.1,14.7,False,False
Gujarat,Mahisagar,Men,87,Women having a bank or savings account that they themselves use (%),82.5,71.5,False,False
Gujarat,Mahisagar,Men,88,Women having a mobile phone that they themselves use (%),33.7,33.0,False,False
Gujarat,Mahisagar,Men,89,Women age 15-24 years who use hygienic methods of protection during their menstrual period17 (%),43.6,59.4,False,False
Gujarat,Mahisagar,Tobacco Use and Alcohol Consumption among Adults (age 15 years and above),90,Women age 15 years and above who use any kind of tobacco (%),11.0,5.0,False,False
Gujarat,Mahisagar,Tobacco Use and Alcohol Consumption among Adults (age 15 years and above),91,Men age 15 years and above who use any kind of tobacco (%),49.5,45.5,False,False
Gujarat,Mahisagar,Tobacco Use and Alcohol Consumption among Adults (age 15 years and above),92,Women age 15 years and above who consume alcohol (%),0.1,0.3,False,False
Gujarat,Mahisagar,Tobacco Use and Alcohol Consumption among Adults (age 15 years and above),93,Men age 15 years and above who consume alcohol (%),6.9,4.1,False,False
Gujarat,Morbi,Population and Household Profile,1,Population below age 5 years (%),7.1,7.3,False,False
Gujarat,Morbi,Population and Household Profile,2,Population below age 15 years (%),22.7,22.6,False,False
Gujarat,Morbi,Population and Household Profile,3,Population age 60 years and above (%),14.0,13.8,False,False
Gujarat,Morbi,Population and Household Profile,4,Population living in households with electricity (%),99.2,99.9,False,False
Gujarat,Morbi,Population and Household Profile,5,Population living in households with an improved drinking-water source1 (%),97.2,98.3,False,False
Gujarat,Morbi,Population and Household Profile,6,Households using iodized salt (%),98.1,98.1,False,False
Gujarat,Morbi,Population and Household Profile,7,Households with any usual member covered under a health insurance/financing scheme (%),54.7,36.9,False,False
Gujarat,Morbi,Population and Household Profile,8,Households with any usual member having a bank account/post office account (%),98.4,96.2,False,False
Gujarat,Morbi,Population and Household Profile,9,Female population age 6 years and above who ever attended school (%),73.5,70.5,False,False
Gujarat,Morbi,Population and Household Profile,10,Households with any usual female members owning a house and/or land (alone or jointly with others) (%),15.9,8.2,False,False
Gujarat,Morbi,Population and Household Profile,11,Children age 2-4 years who attended pre-school (%),49.5,49.9,False,False
Gujarat,Morbi,Characteristics of Adults (age 15-49 years),12,Women with 10 or more years of schooling (%),37.6,35.4,False,False
Gujarat,Morbi,Characteristics of Adults (age 15-49 years),13,Men with 10 or more years of schooling (%),42.1,45.2,False,False
Gujarat,Morbi,Characteristics of Adults (age 15-49 years),14,Women who have ever used the internet (%),82.6,39.3,False,False
Gujarat,Morbi,Characteristics of Adults (age 15-49 years),15,Men who have ever used the internet (%),92.2,61.0,False,False
Gujarat,Morbi,Marriage and Fertility,16,Women age 20-24 years married before age 18 years (%),13.2,8.9,False,False
Gujarat,Morbi,Marriage and Fertility,17,Men age 25-29 years married before age 21 years (%),*,8.7,True,False
Gujarat,Morbi,Marriage and Fertility,18,Three or more births in the 5 years preceding the survey (%),2.2,1.7,False,False
Gujarat,Morbi,Marriage and Fertility,19,Women age 15-19 years who were already mothers or pregnant at the time of the survey (%),3.2,3.4,False,False
Gujarat,Morbi,Marriage and Fertility,20,Any method2 (%),82.5,73.3,False,False
Gujarat,Morbi,Marriage and Fertility,21,Any modern method2 (%),50.4,58.7,False,False
Gujarat,Morbi,Marriage and Fertility,22,Any traditional method (%),32.1,14.6,False,False
Gujarat,Morbi,Marriage and Fertility,23,Female sterilization (%),21.3,26.7,False,False
Gujarat,Morbi,Marriage and Fertility,24,Male sterilization (%),0.0,0.2,False,False
Gujarat,Morbi,Marriage and Fertility,25,Total unmet need3 (%),3.0,10.2,False,False
Gujarat,Morbi,Marriage and Fertility,26,Unmet need for spacing3 (%),1.5,5.7,False,False
Gujarat,Morbi,Marriage and Fertility,27,Unmet need for limiting3 (%),1.5,4.5,False,False
Gujarat,Morbi,Antenatal Care (for last birth in the 5 years before the survey),28,Mothers who had an antenatal check-up in the first trimester (%),92.2,89.8,False,False
Gujarat,Morbi,Antenatal Care (for last birth in the 5 years before the survey),29,Mothers who had any antenatal care visits (%),99.5,95.7,False,False
Gujarat,Morbi,Antenatal Care (for last birth in the 5 years before the survey),30,Mothers who had at least 4 antenatal care visits (%),81.5,75.1,False,False
Gujarat,Morbi,Antenatal Care (for last birth in the 5 years before the survey),31,Mothers whose last birth was protected against neonatal tetanus 4 (%),99.1,90.0,False,False
Gujarat,Morbi,Antenatal Care (for last birth in the 5 years before the survey),32,Mothers who consumed iron folic acid for 100 days or more when they were pregnant (%),73.7,55.8,False,False
Gujarat,Morbi,Antenatal Care (for last birth in the 5 years before the survey),33,Mothers who consumed iron folic acid for 180 days or more when they were pregnant (%),42.7,43.0,False,False
Gujarat,Morbi,Antenatal Care (for last birth in the 5 years before the survey),34,Registered pregnancies for which the mother received a Mother and Child Protection (MCP) card (%),99.7,96.7,False,False
Gujarat,Morbi,Delivery Care (for births in the 5 years before the survey),35,Institutional births (%),96.9,94.8,False,False
Gujarat,Morbi,Delivery Care (for births in the 5 years before the survey),36,Institutional births in public facility (%),30.1,30.1,False,False
Gujarat,Morbi,Delivery Care (for births in the 5 years before the survey),37,Births attended by skilled health personnel5 (%),97.7,96.4,False,False
Gujarat,Morbi,Delivery Care (for births in the 5 years before the survey),38,Births delivered by caesarean section (%),21.2,20.2,False,False
Gujarat,Morbi,Delivery Care (for births in the 5 years before the survey),39,Births in a private health facility that were delivered by caesarean section (%),29.9,28.7,False,False
Gujarat,Morbi,Delivery Care (for births in the 5 years before the survey),40,Births in a public health facility that were delivered by caesarean section (%),3.9,5.5,False,False
Gujarat,Morbi,Postnatal Care (for last birth in the 5 years before the survey),41,Mothers who received postnatal care from a doctor/nurse/LHV/ANM/midwife/other health personnel within 2,91.6,89.9,False,False
Gujarat,Morbi,Postnatal Care (for last birth in the 5 years before the survey),42,Children born at home who were taken to a health facility for a check-up within 24 hours of birth (%),*,*,True,False
Gujarat,Morbi,Postnatal Care (for last birth in the 5 years before the survey),43,Children who received postnatal care from a doctor/nurse/LHV/ANM/midwife/other health personnel within 2,95.5,87.8,False,False
Gujarat,Morbi,Child Vaccinations and Vitamin A Supplementation,44,Children age 12-23 months fully vaccinated based on information from either vaccination card or mother's,81.8,64.2,False,False
Gujarat,Morbi,Child Vaccinations and Vitamin A Supplementation,45,Children age 12-23 months fully vaccinated based on information from vaccination card only 7 (%),71.0,73.5,True,False
Gujarat,Morbi,Child Vaccinations and Vitamin A Supplementation,46,Children age 12-23 months who have received any vaccine (%),97.9,95.9,False,False
Gujarat,Morbi,Child Vaccinations and Vitamin A Supplementation,47,Children age 12-23 months who have received BCG (%),97.9,95.9,False,False
Gujarat,Morbi,Child Vaccinations and Vitamin A Supplementation,48,Children age 12-23 months who have received 3 doses of polio vaccine8 (%),81.8,67.1,False,False
Gujarat,Morbi,Child Vaccinations and Vitamin A Supplementation,49,Children age 12-23 months who have received 3 doses of pentavalent vaccine (%),83.8,83.1,False,False
Gujarat,Morbi,Child Vaccinations and Vitamin A Supplementation,50,Children age 12-23 months who have received the first dose of measles-containing vaccine (MCV) (%),88.2,79.7,False,False
Gujarat,Morbi,Child Vaccinations and Vitamin A Supplementation,51,Children age 24-35 months who have received a second dose of measles-containing vaccine (MCV) (%),73.4,52.5,False,False
Gujarat,Morbi,Child Vaccinations and Vitamin A Supplementation,52,Children age 12-23 months who have received birth dose of hepatitis B vaccine (%),89.8,57.0,False,False
Gujarat,Morbi,Child Vaccinations and Vitamin A Supplementation,53,Children age 12-23 months who have received 3 doses of rotavirus vaccine (%),75.5,3.9,False,False
Gujarat,Morbi,Child Vaccinations and Vitamin A Supplementation,54,Children age 9-35 months who received a vitamin A dose in the last 6 months (%),87.0,82.6,False,False
Gujarat,Morbi,Child Vaccinations and Vitamin A Supplementation,55,Children age 12-23 months who received most of their vaccinations in a public health facility (%),79.8,78.3,True,False
Gujarat,Morbi,Child Vaccinations and Vitamin A Supplementation,56,Children age 12-23 months who received most of their vaccinations in a private health facility (%),11.7,21.7,True,False
Gujarat,Morbi,Treatment of Childhood Diseases (children under age 5 years),57,Prevalence of diarrhoea in the 2 weeks preceding the survey (%),3.3,3.7,False,False
Gujarat,Morbi,Treatment of Childhood Diseases (children under age 5 years),58,Prevalence of symptoms of acute respiratory infection (ARI) in the 2 weeks preceding the survey (%),0.0,0.9,False,False
Gujarat,Morbi,Treatment of Childhood Diseases (children under age 5 years),59,Children with fever or symptoms of ARI in the 2 weeks preceding the survey taken to a health facility or,*,*,True,False
Gujarat,Morbi,Child Feeding Practices and Nutritional Status of Children,60,Children under age 3 years breastfed within one hour of birth9 (%),30.9,47.1,False,False
Gujarat,Morbi,Child Feeding Practices and Nutritional Status of Children,61,Children under age 6 months exclusively breastfed10 (%),51.4,75.1,True,False
Gujarat,Morbi,Child Feeding Practices and Nutritional Status of Children,62,Children under age 6 months currently breastfeeding10 (%),97.1,96.5,True,False
Gujarat,Morbi,Child Feeding Practices and Nutritional Status of Children,63,Children under age 6 months exclusively breastfed or breastfeeding and consuming plain water/other,73.4,87.1,True,False
Gujarat,Morbi,Child Feeding Practices and Nutritional Status of Children,64,Children age 6-8 months receiving solid or semi-solid food and breastmilk10 (%),*,*,True,False
Gujarat,Morbi,Child Feeding Practices and Nutritional Status of Children,65,"Breastfeeding children age 6-23 months receiving an adequate diet10, 11 (%)",4.4,9.9,False,False
Gujarat,Morbi,Child Feeding Practices and Nutritional Status of Children,66,"Non-breastfeeding children age 6-23 months receiving an adequate diet 10, 11 (%)",*,*,True,False
Gujarat,Morbi,Child Feeding Practices and Nutritional Status of Children,67,"Total children age 6-23 months receiving an adequate diet10, 11 (%)",3.7,10.2,False,False
Gujarat,Morbi,Child Feeding Practices and Nutritional Status of Children,68,Children under 5 years who are stunted (height-for-age)12 (%),33.0,32.9,False,False
Gujarat,Morbi,Child Feeding Practices and Nutritional Status of Children,69,Children under 5 years who are wasted (weight-for-height)12 (%),17.3,25.2,False,False
Gujarat,Morbi,Child Feeding Practices and Nutritional Status of Children,70,Children under 5 years who are severely wasted (weight-for-height)13 (%),5.5,12.5,False,False
Gujarat,Morbi,Child Feeding Practices and Nutritional Status of Children,71,Children under 5 years who are underweight (weight-for-age)12 (%),36.4,32.3,False,False
Gujarat,Morbi,Child Feeding Practices and Nutritional Status of Children,72,Children under 5 years who are overweight (weight-for-height)14 (%),0.8,4.0,False,False
Gujarat,Morbi,Nutritional Status of Adults (age 15-49 years),73,Women whose Body Mass Index (BMI) is below normal (BMI <18.5 kg/m 2)15 (%),21.4,21.2,False,False
Gujarat,Morbi,Nutritional Status of Adults (age 15-49 years),74,Women who are overweight or obese (BMI ≥25.0 kg/m2)15 (%),32.0,24.6,False,False
Gujarat,Morbi,Women,75,Blood sugar level - high (141-160 mg/dl)16 (%),7.5,9.7,False,False
Gujarat,Morbi,Women,76,Blood sugar level - very high (>160 mg/dl)16 (%),7.2,7.1,False,False
Gujarat,Morbi,Women,77,Blood sugar level - high or very high (>140 mg/dl) or taking medicine to control blood sugar level16 (%),15.3,17.8,False,False
Gujarat,Morbi,Men,78,Blood sugar level - high (141-160 mg/dl)16 (%),10.1,10.4,False,False
Gujarat,Morbi,Men,79,Blood sugar level - very high (>160 mg/dl)16 (%),8.8,7.5,False,False
Gujarat,Morbi,Men,80,Blood sugar level - high or very high (>140 mg/dl) or taking medicine to control blood sugar level 16 (%),19.5,18.7,False,False
Gujarat,Morbi,Women,81,Mildly elevated blood pressure (Systolic 140-159 mm of Hg and/or Diastolic 90-99 mm of Hg) (%),5.9,9.3,False,False
Gujarat,Morbi,Women,82,Moderately or severely elevated blood pressure (Systolic ≥160 mm of Hg and/or Diastolic ≥100 mm,2.4,4.2,False,False
Gujarat,Morbi,Women,83,Elevated blood pressure (Systolic ≥140 mm of Hg and/or Diastolic ≥90 mm of Hg) or taking medicine to,13.6,18.4,False,False
Gujarat,Morbi,Men,84,Mildly elevated blood pressure (Systolic 140-159 mm of Hg and/or Diastolic 90-99 mm of Hg) (%),8.2,9.0,False,False
Gujarat,Morbi,Men,85,Moderately or severely elevated blood pressure (Systolic ≥160 mm of Hg and/or Diastolic ≥100 mm,3.8,3.3,False,False
Gujarat,Morbi,Men,86,Elevated blood pressure (Systolic ≥140 mm of Hg and/or Diastolic ≥90 mm of Hg) or taking medicine to,16.1,15.1,False,False
Gujarat,Morbi,Men,87,Women having a bank or savings account that they themselves use (%),82.4,70.5,False,False
Gujarat,Morbi,Men,88,Women having a mobile phone that they themselves use (%),64.1,55.0,False,False
Gujarat,Morbi,Men,89,Women age 15-24 years who use hygienic methods of protection during their menstrual period17 (%),68.9,66.2,False,False
Gujarat,Morbi,Tobacco Use and Alcohol Consumption among Adults (age 15 years and above),90,Women age 15 years and above who use any kind of tobacco (%),7.8,7.3,False,False
Gujarat,Morbi,Tobacco Use and Alcohol Consumption among Adults (age 15 years and above),91,Men age 15 years and above who use any kind of tobacco (%),47.8,54.7,False,False
Gujarat,Morbi,Tobacco Use and Alcohol Consumption among Adults (age 15 years and above),92,Women age 15 years and above who consume alcohol (%),0.1,0.2,False,False
Gujarat,Morbi,Tobacco Use and Alcohol Consumption among Adults (age 15 years and above),93,Men age 15 years and above who consume alcohol (%),1.2,1.9,False,False
Gujarat,Narmada,Population and Household Profile,1,Population below age 5 years (%),7.4,8.0,False,False
Gujarat,Narmada,Population and Household Profile,2,Population below age 15 years (%),23.7,26.0,False,False
Gujarat,Narmada,Population and Household Profile,3,Population age 60 years and above (%),13.2,11.2,False,False
Gujarat,Narmada,Population and Household Profile,4,Population living in households with electricity (%),95.6,92.7,False,False
Gujarat,Narmada,Population and Household Profile,5,Population living in households with an improved drinking-water source1 (%),99.2,96.8,False,False
Gujarat,Narmada,Population and Household Profile,6,Households using iodized salt (%),99.6,98.5,False,False
Gujarat,Narmada,Population and Household Profile,7,Households with any usual member covered under a health insurance/financing scheme (%),65.5,59.2,False,False
Gujarat,Narmada,Population and Household Profile,8,Households with any usual member having a bank account/post office account (%),98.3,90.8,False,False
Gujarat,Narmada,Population and Household Profile,9,Female population age 6 years and above who ever attended school (%),70.4,66.0,False,False
Gujarat,Narmada,Population and Household Profile,10,Households with any usual female members owning a house and/or land (alone or jointly with others) (%),22.1,10.8,False,False
Gujarat,Narmada,Population and Household Profile,11,Children age 2-4 years who attended pre-school (%),56.5,78.5,False,False
Gujarat,Narmada,Characteristics of Adults (age 15-49 years),12,Women with 10 or more years of schooling (%),28.8,22.6,False,False
Gujarat,Narmada,Characteristics of Adults (age 15-49 years),13,Men with 10 or more years of schooling (%),40.7,36.0,False,False
Gujarat,Narmada,Characteristics of Adults (age 15-49 years),14,Women who have ever used the internet (%),51.5,11.4,False,False
Gujarat,Narmada,Characteristics of Adults (age 15-49 years),15,Men who have ever used the internet (%),66.1,45.5,False,False
Gujarat,Narmada,Marriage and Fertility,16,Women age 20-24 years married before age 18 years (%),21.1,29.5,False,False
Gujarat,Narmada,Marriage and Fertility,17,Men age 25-29 years married before age 21 years (%),*,26.2,True,False
Gujarat,Narmada,Marriage and Fertility,18,Three or more births in the 5 years preceding the survey (%),0.5,2.0,False,False
Gujarat,Narmada,Marriage and Fertility,19,Women age 15-19 years who were already mothers or pregnant at the time of the survey (%),16.3,12.0,False,False
Gujarat,Narmada,Marriage and Fertility,20,Any method2 (%),79.8,80.2,False,False
Gujarat,Narmada,Marriage and Fertility,21,Any modern method2 (%),60.2,67.0,False,False
Gujarat,Narmada,Marriage and Fertility,22,Any traditional method (%),19.6,13.2,False,False
Gujarat,Narmada,Marriage and Fertility,23,Female sterilization (%),49.5,56.3,False,False
Gujarat,Narmada,Marriage and Fertility,24,Male sterilization (%),0.2,0.0,False,False
Gujarat,Narmada,Marriage and Fertility,25,Total unmet need3 (%),3.6,5.3,False,False
Gujarat,Narmada,Marriage and Fertility,26,Unmet need for spacing3 (%),1.8,2.3,False,False
Gujarat,Narmada,Marriage and Fertility,27,Unmet need for limiting3 (%),1.8,3.0,False,False
Gujarat,Narmada,Antenatal Care (for last birth in the 5 years before the survey),28,Mothers who had an antenatal check-up in the first trimester (%),73.1,81.7,False,False
Gujarat,Narmada,Antenatal Care (for last birth in the 5 years before the survey),29,Mothers who had any antenatal care visits (%),94.8,97.8,False,False
Gujarat,Narmada,Antenatal Care (for last birth in the 5 years before the survey),30,Mothers who had at least 4 antenatal care visits (%),89.3,83.4,False,False
Gujarat,Narmada,Antenatal Care (for last birth in the 5 years before the survey),31,Mothers whose last birth was protected against neonatal tetanus 4 (%),92.8,94.3,False,False
Gujarat,Narmada,Antenatal Care (for last birth in the 5 years before the survey),32,Mothers who consumed iron folic acid for 100 days or more when they were pregnant (%),90.0,65.1,False,False
Gujarat,Narmada,Antenatal Care (for last birth in the 5 years before the survey),33,Mothers who consumed iron folic acid for 180 days or more when they were pregnant (%),77.2,48.4,False,False
Gujarat,Narmada,Antenatal Care (for last birth in the 5 years before the survey),34,Registered pregnancies for which the mother received a Mother and Child Protection (MCP) card (%),99.5,99.6,False,False
Gujarat,Narmada,Delivery Care (for births in the 5 years before the survey),35,Institutional births (%),92.1,81.7,False,False
Gujarat,Narmada,Delivery Care (for births in the 5 years before the survey),36,Institutional births in public facility (%),78.4,66.3,False,False
Gujarat,Narmada,Delivery Care (for births in the 5 years before the survey),37,Births attended by skilled health personnel5 (%),90.2,84.2,False,False
Gujarat,Narmada,Delivery Care (for births in the 5 years before the survey),38,Births delivered by caesarean section (%),10.2,7.3,False,False
Gujarat,Narmada,Delivery Care (for births in the 5 years before the survey),39,Births in a private health facility that were delivered by caesarean section (%),43.3,27.2,True,False
Gujarat,Narmada,Delivery Care (for births in the 5 years before the survey),40,Births in a public health facility that were delivered by caesarean section (%),5.4,4.8,False,False
Gujarat,Narmada,Postnatal Care (for last birth in the 5 years before the survey),41,Mothers who received postnatal care from a doctor/nurse/LHV/ANM/midwife/other health personnel within 2,91.9,87.2,False,False
Gujarat,Narmada,Postnatal Care (for last birth in the 5 years before the survey),42,Children born at home who were taken to a health facility for a check-up within 24 hours of birth (%),*,13.1,True,False
Gujarat,Narmada,Postnatal Care (for last birth in the 5 years before the survey),43,Children who received postnatal care from a doctor/nurse/LHV/ANM/midwife/other health personnel within 2,89.5,87.6,False,False
Gujarat,Narmada,Child Vaccinations and Vitamin A Supplementation,44,Children age 12-23 months fully vaccinated based on information from either vaccination card or mother's,92.8,82.8,False,False
Gujarat,Narmada,Child Vaccinations and Vitamin A Supplementation,45,Children age 12-23 months fully vaccinated based on information from vaccination card only 7 (%),94.5,93.8,True,False
Gujarat,Narmada,Child Vaccinations and Vitamin A Supplementation,46,Children age 12-23 months who have received any vaccine (%),94.5,88.3,False,False
Gujarat,Narmada,Child Vaccinations and Vitamin A Supplementation,47,Children age 12-23 months who have received BCG (%),94.5,88.3,False,False
Gujarat,Narmada,Child Vaccinations and Vitamin A Supplementation,48,Children age 12-23 months who have received 3 doses of polio vaccine8 (%),92.8,82.8,False,False
Gujarat,Narmada,Child Vaccinations and Vitamin A Supplementation,49,Children age 12-23 months who have received 3 doses of pentavalent vaccine (%),92.8,84.6,False,False
Gujarat,Narmada,Child Vaccinations and Vitamin A Supplementation,50,Children age 12-23 months who have received the first dose of measles-containing vaccine (MCV) (%),94.5,84.6,False,False
Gujarat,Narmada,Child Vaccinations and Vitamin A Supplementation,51,Children age 24-35 months who have received a second dose of measles-containing vaccine (MCV) (%),84.3,59.4,False,False
Gujarat,Narmada,Child Vaccinations and Vitamin A Supplementation,52,Children age 12-23 months who have received birth dose of hepatitis B vaccine (%),94.5,79.1,False,False
Gujarat,Narmada,Child Vaccinations and Vitamin A Supplementation,53,Children age 12-23 months who have received 3 doses of rotavirus vaccine (%),90.8,2.0,False,False
Gujarat,Narmada,Child Vaccinations and Vitamin A Supplementation,54,Children age 9-35 months who received a vitamin A dose in the last 6 months (%),91.0,88.1,False,False
Gujarat,Narmada,Child Vaccinations and Vitamin A Supplementation,55,Children age 12-23 months who received most of their vaccinations in a public health facility (%),100.0,97.6,True,False
Gujarat,Narmada,Child Vaccinations and Vitamin A Supplementation,56,Children age 12-23 months who received most of their vaccinations in a private health facility (%),0.0,2.4,True,False
Gujarat,Narmada,Treatment of Childhood Diseases (children under age 5 years),57,Prevalence of diarrhoea in the 2 weeks preceding the survey (%),7.7,7.5,False,False
Gujarat,Narmada,Treatment of Childhood Diseases (children under age 5 years),58,Prevalence of symptoms of acute respiratory infection (ARI) in the 2 weeks preceding the survey (%),0.0,1.0,False,False
Gujarat,Narmada,Treatment of Childhood Diseases (children under age 5 years),59,Children with fever or symptoms of ARI in the 2 weeks preceding the survey taken to a health facility or,96.6,*,True,False
Gujarat,Narmada,Child Feeding Practices and Nutritional Status of Children,60,Children under age 3 years breastfed within one hour of birth9 (%),59.3,30.6,False,False
Gujarat,Narmada,Child Feeding Practices and Nutritional Status of Children,61,Children under age 6 months exclusively breastfed10 (%),75.5,74.2,True,False
Gujarat,Narmada,Child Feeding Practices and Nutritional Status of Children,62,Children under age 6 months currently breastfeeding10 (%),100.0,100.0,True,False
Gujarat,Narmada,Child Feeding Practices and Nutritional Status of Children,63,Children under age 6 months exclusively breastfed or breastfeeding and consuming plain water/other,96.3,92.9,True,False
Gujarat,Narmada,Child Feeding Practices and Nutritional Status of Children,64,Children age 6-8 months receiving solid or semi-solid food and breastmilk10 (%),*,*,True,False
Gujarat,Narmada,Child Feeding Practices and Nutritional Status of Children,65,"Breastfeeding children age 6-23 months receiving an adequate diet10, 11 (%)",18.7,4.3,False,False
Gujarat,Narmada,Child Feeding Practices and Nutritional Status of Children,66,"Non-breastfeeding children age 6-23 months receiving an adequate diet 10, 11 (%)",*,*,True,False
Gujarat,Narmada,Child Feeding Practices and Nutritional Status of Children,67,"Total children age 6-23 months receiving an adequate diet10, 11 (%)",18.4,4.1,False,False
Gujarat,Narmada,Child Feeding Practices and Nutritional Status of Children,68,Children under 5 years who are stunted (height-for-age)12 (%),49.1,47.2,False,False
Gujarat,Narmada,Child Feeding Practices and Nutritional Status of Children,69,Children under 5 years who are wasted (weight-for-height)12 (%),18.1,23.0,False,False
Gujarat,Narmada,Child Feeding Practices and Nutritional Status of Children,70,Children under 5 years who are severely wasted (weight-for-height)13 (%),7.7,9.9,False,False
Gujarat,Narmada,Child Feeding Practices and Nutritional Status of Children,71,Children under 5 years who are underweight (weight-for-age)12 (%),44.8,52.8,False,False
Gujarat,Narmada,Child Feeding Practices and Nutritional Status of Children,72,Children under 5 years who are overweight (weight-for-height)14 (%),1.2,3.1,False,False
Gujarat,Narmada,Nutritional Status of Adults (age 15-49 years),73,Women whose Body Mass Index (BMI) is below normal (BMI <18.5 kg/m 2)15 (%),35.9,30.7,False,False
Gujarat,Narmada,Nutritional Status of Adults (age 15-49 years),74,Women who are overweight or obese (BMI ≥25.0 kg/m2)15 (%),15.9,11.1,False,False
Gujarat,Narmada,Women,75,Blood sugar level - high (141-160 mg/dl)16 (%),6.9,6.3,False,False
Gujarat,Narmada,Women,76,Blood sugar level - very high (>160 mg/dl)16 (%),7.5,4.0,False,False
Gujarat,Narmada,Women,77,Blood sugar level - high or very high (>140 mg/dl) or taking medicine to control blood sugar level16 (%),15.3,10.8,False,False
Gujarat,Narmada,Men,78,Blood sugar level - high (141-160 mg/dl)16 (%),8.2,6.6,False,False
Gujarat,Narmada,Men,79,Blood sugar level - very high (>160 mg/dl)16 (%),8.8,6.1,False,False
Gujarat,Narmada,Men,80,Blood sugar level - high or very high (>140 mg/dl) or taking medicine to control blood sugar level 16 (%),17.3,13.1,False,False
Gujarat,Narmada,Women,81,Mildly elevated blood pressure (Systolic 140-159 mm of Hg and/or Diastolic 90-99 mm of Hg) (%),7.9,11.9,False,False
Gujarat,Narmada,Women,82,Moderately or severely elevated blood pressure (Systolic ≥160 mm of Hg and/or Diastolic ≥100 mm,4.3,5.6,False,False
Gujarat,Narmada,Women,83,Elevated blood pressure (Systolic ≥140 mm of Hg and/or Diastolic ≥90 mm of Hg) or taking medicine to,15.7,19.2,False,False
Gujarat,Narmada,Men,84,Mildly elevated blood pressure (Systolic 140-159 mm of Hg and/or Diastolic 90-99 mm of Hg) (%),10.3,14.5,False,False
Gujarat,Narmada,Men,85,Moderately or severely elevated blood pressure (Systolic ≥160 mm of Hg and/or Diastolic ≥100 mm,3.4,4.8,False,False
Gujarat,Narmada,Men,86,Elevated blood pressure (Systolic ≥140 mm of Hg and/or Diastolic ≥90 mm of Hg) or taking medicine to,17.6,20.8,False,False
Gujarat,Narmada,Men,87,Women having a bank or savings account that they themselves use (%),90.2,76.1,False,False
Gujarat,Narmada,Men,88,Women having a mobile phone that they themselves use (%),40.7,34.5,False,False
Gujarat,Narmada,Men,89,Women age 15-24 years who use hygienic methods of protection during their menstrual period17 (%),48.6,52.5,False,False
Gujarat,Narmada,Tobacco Use and Alcohol Consumption among Adults (age 15 years and above),90,Women age 15 years and above who use any kind of tobacco (%),14.7,14.6,False,False
Gujarat,Narmada,Tobacco Use and Alcohol Consumption among Adults (age 15 years and above),91,Men age 15 years and above who use any kind of tobacco (%),46.9,48.8,False,False
Gujarat,Narmada,Tobacco Use and Alcohol Consumption among Adults (age 15 years and above),92,Women age 15 years and above who consume alcohol (%),1.5,1.2,False,False
Gujarat,Narmada,Tobacco Use and Alcohol Consumption among Adults (age 15 years and above),93,Men age 15 years and above who consume alcohol (%),11.0,11.9,False,False
Gujarat,Navsari,Population and Household Profile,1,Population below age 5 years (%),5.9,6.2,False,False
Gujarat,Navsari,Population and Household Profile,2,Population below age 15 years (%),19.0,19.6,False,False
Gujarat,Navsari,Population and Household Profile,3,Population age 60 years and above (%),15.2,14.4,False,False
Gujarat,Navsari,Population and Household Profile,4,Population living in households with electricity (%),98.8,98.7,False,False
Gujarat,Navsari,Population and Household Profile,5,Population living in households with an improved drinking-water source1 (%),99.3,97.4,False,False
Gujarat,Navsari,Population and Household Profile,6,Households using iodized salt (%),97.4,95.1,False,False
Gujarat,Navsari,Population and Household Profile,7,Households with any usual member covered under a health insurance/financing scheme (%),65.5,49.4,False,False
Gujarat,Navsari,Population and Household Profile,8,Households with any usual member having a bank account/post office account (%),97.8,95.0,False,False
Gujarat,Navsari,Population and Household Profile,9,Female population age 6 years and above who ever attended school (%),84.4,77.9,False,False
Gujarat,Navsari,Population and Household Profile,10,Households with any usual female members owning a house and/or land (alone or jointly with others) (%),21.5,13.3,False,False
Gujarat,Navsari,Population and Household Profile,11,Children age 2-4 years who attended pre-school (%),61.0,61.7,False,False
Gujarat,Navsari,Characteristics of Adults (age 15-49 years),12,Women with 10 or more years of schooling (%),52.4,47.7,False,False
Gujarat,Navsari,Characteristics of Adults (age 15-49 years),13,Men with 10 or more years of schooling (%),66.5,57.7,False,False
Gujarat,Navsari,Characteristics of Adults (age 15-49 years),14,Women who have ever used the internet (%),75.1,45.6,False,False
Gujarat,Navsari,Characteristics of Adults (age 15-49 years),15,Men who have ever used the internet (%),88.5,57.1,False,False
Gujarat,Navsari,Marriage and Fertility,16,Women age 20-24 years married before age 18 years (%),11.3,15.7,False,False
Gujarat,Navsari,Marriage and Fertility,17,Men age 25-29 years married before age 21 years (%),*,*,True,False
Gujarat,Navsari,Marriage and Fertility,18,Three or more births in the 5 years preceding the survey (%),0.8,1.4,False,False
Gujarat,Navsari,Marriage and Fertility,19,Women age 15-19 years who were already mothers or pregnant at the time of the survey (%),3.9,3.3,False,False
Gujarat,Navsari,Marriage and Fertility,20,Any method2 (%),78.8,78.2,False,False
Gujarat,Navsari,Marriage and Fertility,21,Any modern method2 (%),60.9,65.1,False,False
Gujarat,Navsari,Marriage and Fertility,22,Any traditional method (%),17.9,13.1,False,False
Gujarat,Navsari,Marriage and Fertility,23,Female sterilization (%),44.2,52.1,False,False
Gujarat,Navsari,Marriage and Fertility,24,Male sterilization (%),0.7,0.8,False,False
Gujarat,Navsari,Marriage and Fertility,25,Total unmet need3 (%),5.1,6.5,False,False
Gujarat,Navsari,Marriage and Fertility,26,Unmet need for spacing3 (%),2.0,3.7,False,False
Gujarat,Navsari,Marriage and Fertility,27,Unmet need for limiting3 (%),3.1,2.8,False,False
Gujarat,Navsari,Antenatal Care (for last birth in the 5 years before the survey),28,Mothers who had an antenatal check-up in the first trimester (%),87.4,93.4,False,False
Gujarat,Navsari,Antenatal Care (for last birth in the 5 years before the survey),29,Mothers who had any antenatal care visits (%),98.0,99.5,False,False
Gujarat,Navsari,Antenatal Care (for last birth in the 5 years before the survey),30,Mothers who had at least 4 antenatal care visits (%),96.0,94.7,False,False
Gujarat,Navsari,Antenatal Care (for last birth in the 5 years before the survey),31,Mothers whose last birth was protected against neonatal tetanus 4 (%),98.4,97.6,False,False
Gujarat,Navsari,Antenatal Care (for last birth in the 5 years before the survey),32,Mothers who consumed iron folic acid for 100 days or more when they were pregnant (%),84.8,79.1,False,False
Gujarat,Navsari,Antenatal Care (for last birth in the 5 years before the survey),33,Mothers who consumed iron folic acid for 180 days or more when they were pregnant (%),66.6,67.0,False,False
Gujarat,Navsari,Antenatal Care (for last birth in the 5 years before the survey),34,Registered pregnancies for which the mother received a Mother and Child Protection (MCP) card (%),99.0,97.6,False,False
Gujarat,Navsari,Delivery Care (for births in the 5 years before the survey),35,Institutional births (%),100.0,99.3,False,False
Gujarat,Navsari,Delivery Care (for births in the 5 years before the survey),36,Institutional births in public facility (%),47.4,49.6,False,False
Gujarat,Navsari,Delivery Care (for births in the 5 years before the survey),37,Births attended by skilled health personnel5 (%),92.5,99.1,False,False
Gujarat,Navsari,Delivery Care (for births in the 5 years before the survey),38,Births delivered by caesarean section (%),36.9,26.5,False,False
Gujarat,Navsari,Delivery Care (for births in the 5 years before the survey),39,Births in a private health facility that were delivered by caesarean section (%),49.7,33.3,False,False
Gujarat,Navsari,Delivery Care (for births in the 5 years before the survey),40,Births in a public health facility that were delivered by caesarean section (%),22.7,20.1,False,False
Gujarat,Navsari,Postnatal Care (for last birth in the 5 years before the survey),41,Mothers who received postnatal care from a doctor/nurse/LHV/ANM/midwife/other health personnel within 2,94.5,98.2,False,False
Gujarat,Navsari,Postnatal Care (for last birth in the 5 years before the survey),42,Children born at home who were taken to a health facility for a check-up within 24 hours of birth (%),*,*,True,False
Gujarat,Navsari,Postnatal Care (for last birth in the 5 years before the survey),43,Children who received postnatal care from a doctor/nurse/LHV/ANM/midwife/other health personnel within 2,96.4,99.6,False,False
Gujarat,Navsari,Child Vaccinations and Vitamin A Supplementation,44,Children age 12-23 months fully vaccinated based on information from either vaccination card or mother's,90.6,95.0,True,False
Gujarat,Navsari,Child Vaccinations and Vitamin A Supplementation,45,Children age 12-23 months fully vaccinated based on information from vaccination card only 7 (%),95.3,95.5,True,False
Gujarat,Navsari,Child Vaccinations and Vitamin A Supplementation,46,Children age 12-23 months who have received any vaccine (%),97.4,100.0,True,False
Gujarat,Navsari,Child Vaccinations and Vitamin A Supplementation,47,Children age 12-23 months who have received BCG (%),97.4,100.0,True,False
Gujarat,Navsari,Child Vaccinations and Vitamin A Supplementation,48,Children age 12-23 months who have received 3 doses of polio vaccine8 (%),90.6,95.0,True,False
Gujarat,Navsari,Child Vaccinations and Vitamin A Supplementation,49,Children age 12-23 months who have received 3 doses of pentavalent vaccine (%),92.9,96.9,True,False
Gujarat,Navsari,Child Vaccinations and Vitamin A Supplementation,50,Children age 12-23 months who have received the first dose of measles-containing vaccine (MCV) (%),92.9,95.0,True,False
Gujarat,Navsari,Child Vaccinations and Vitamin A Supplementation,51,Children age 24-35 months who have received a second dose of measles-containing vaccine (MCV) (%),90.6,74.2,True,False
Gujarat,Navsari,Child Vaccinations and Vitamin A Supplementation,52,Children age 12-23 months who have received birth dose of hepatitis B vaccine (%),93.4,85.7,True,False
Gujarat,Navsari,Child Vaccinations and Vitamin A Supplementation,53,Children age 12-23 months who have received 3 doses of rotavirus vaccine (%),88.4,3.2,True,False
Gujarat,Navsari,Child Vaccinations and Vitamin A Supplementation,54,Children age 9-35 months who received a vitamin A dose in the last 6 months (%),84.6,95.5,False,False
Gujarat,Navsari,Child Vaccinations and Vitamin A Supplementation,55,Children age 12-23 months who received most of their vaccinations in a public health facility (%),100.0,97.0,True,False
Gujarat,Navsari,Child Vaccinations and Vitamin A Supplementation,56,Children age 12-23 months who received most of their vaccinations in a private health facility (%),0.0,3.0,True,False
Gujarat,Navsari,Treatment of Childhood Diseases (children under age 5 years),57,Prevalence of diarrhoea in the 2 weeks preceding the survey (%),5.2,6.6,False,False
Gujarat,Navsari,Treatment of Childhood Diseases (children under age 5 years),58,Prevalence of symptoms of acute respiratory infection (ARI) in the 2 weeks preceding the survey (%),1.9,3.9,False,False
Gujarat,Navsari,Treatment of Childhood Diseases (children under age 5 years),59,Children with fever or symptoms of ARI in the 2 weeks preceding the survey taken to a health facility or,*,63.3,True,False
Gujarat,Navsari,Child Feeding Practices and Nutritional Status of Children,60,Children under age 3 years breastfed within one hour of birth 9 (%),57.5,17.0,False,False
Gujarat,Navsari,Child Feeding Practices and Nutritional Status of Children,61,Children under age 6 months exclusively breastfed10 (%),*,*,True,False
Gujarat,Navsari,Child Feeding Practices and Nutritional Status of Children,62,Children under age 6 months currently breastfeeding10 (%),*,*,True,False
Gujarat,Navsari,Child Feeding Practices and Nutritional Status of Children,63,Children under age 6 months exclusively breastfed or breastfeeding and consuming plain water/other,*,*,True,False
Gujarat,Navsari,Child Feeding Practices and Nutritional Status of Children,64,Children age 6-8 months receiving solid or semi-solid food and breastmilk10 (%),*,*,True,False
Gujarat,Navsari,Child Feeding Practices and Nutritional Status of Children,65,"Breastfeeding children age 6-23 months receiving an adequate diet10, 11 (%)",12.6,0.0,True,False
Gujarat,Navsari,Child Feeding Practices and Nutritional Status of Children,66,"Non-breastfeeding children age 6-23 months receiving an adequate diet 10, 11 (%)",*,*,True,False
Gujarat,Navsari,Child Feeding Practices and Nutritional Status of Children,67,"Total children age 6-23 months receiving an adequate diet10, 11 (%)",11.4,0.0,False,False
Gujarat,Navsari,Child Feeding Practices and Nutritional Status of Children,68,Children under 5 years who are stunted (height-for-age)12 (%),28.9,36.8,False,False
Gujarat,Navsari,Child Feeding Practices and Nutritional Status of Children,69,Children under 5 years who are wasted (weight-for-height)12 (%),10.5,29.0,False,False
Gujarat,Navsari,Child Feeding Practices and Nutritional Status of Children,70,Children under 5 years who are severely wasted (weight-for-height)13 (%),3.6,9.3,False,False
Gujarat,Navsari,Child Feeding Practices and Nutritional Status of Children,71,Children under 5 years who are underweight (weight-for-age)12 (%),23.8,43.6,False,False
Gujarat,Navsari,Child Feeding Practices and Nutritional Status of Children,72,Children under 5 years who are overweight (weight-for-height)14 (%),2.9,3.4,False,False
Gujarat,Navsari,Nutritional Status of Adults (age 15-49 years),73,Women whose Body Mass Index (BMI) is below normal (BMI <18.5 kg/m 2)15 (%),18.6,21.8,False,False
Gujarat,Navsari,Nutritional Status of Adults (age 15-49 years),74,Women who are overweight or obese (BMI ≥25.0 kg/m2)15 (%),39.1,18.7,False,False
Gujarat,Navsari,Women,75,Blood sugar level - high (141-160 mg/dl)16 (%),7.5,6.2,False,False
Gujarat,Navsari,Women,76,Blood sugar level - very high (>160 mg/dl)16 (%),12.1,8.8,False,False
Gujarat,Navsari,Women,77,Blood sugar level - high or very high (>140 mg/dl) or taking medicine to control blood sugar level16 (%),20.8,16.0,False,False
Gujarat,Navsari,Men,78,Blood sugar level - high (141-160 mg/dl)16 (%),9.8,7.2,False,False
Gujarat,Navsari,Men,79,Blood sugar level - very high (>160 mg/dl)16 (%),13.9,8.1,False,False
Gujarat,Navsari,Men,80,Blood sugar level - high or very high (>140 mg/dl) or taking medicine to control blood sugar level 16 (%),25.3,16.1,False,False
Gujarat,Navsari,Women,81,Mildly elevated blood pressure (Systolic 140-159 mm of Hg and/or Diastolic 90-99 mm of Hg) (%),9.8,14.7,False,False
Gujarat,Navsari,Women,82,Moderately or severely elevated blood pressure (Systolic ≥160 mm of Hg and/or Diastolic ≥100 mm,4.7,5.4,False,False
Gujarat,Navsari,Women,83,Elevated blood pressure (Systolic ≥140 mm of Hg and/or Diastolic ≥90 mm of Hg) or taking medicine to,22.3,23.7,False,False
Gujarat,Navsari,Men,84,Mildly elevated blood pressure (Systolic 140-159 mm of Hg and/or Diastolic 90-99 mm of Hg) (%),11.0,14.8,False,False
Gujarat,Navsari,Men,85,Moderately or severely elevated blood pressure (Systolic ≥160 mm of Hg and/or Diastolic ≥100 mm,6.1,5.5,False,False
Gujarat,Navsari,Men,86,Elevated blood pressure (Systolic ≥140 mm of Hg and/or Diastolic ≥90 mm of Hg) or taking medicine to,23.7,22.1,False,False
Gujarat,Navsari,Men,87,Women having a bank or savings account that they themselves use (%),88.1,82.1,False,False
Gujarat,Navsari,Men,88,Women having a mobile phone that they themselves use (%),72.1,65.4,False,False
Gujarat,Navsari,Men,89,Women age 15-24 years who use hygienic methods of protection during their menstrual period17 (%),86.4,77.8,False,False
Gujarat,Navsari,Tobacco Use and Alcohol Consumption among Adults (age 15 years and above),90,Women age 15 years and above who use any kind of tobacco (%),6.6,9.0,False,False
Gujarat,Navsari,Tobacco Use and Alcohol Consumption among Adults (age 15 years and above),91,Men age 15 years and above who use any kind of tobacco (%),35.3,29.2,False,False
Gujarat,Navsari,Tobacco Use and Alcohol Consumption among Adults (age 15 years and above),92,Women age 15 years and above who consume alcohol (%),0.4,1.4,False,False
Gujarat,Navsari,Tobacco Use and Alcohol Consumption among Adults (age 15 years and above),93,Men age 15 years and above who consume alcohol (%),11.6,11.8,False,False
Gujarat,Panch Mahals,Population and Household Profile,1,Population below age 5 years (%),8.9,8.7,False,False
Gujarat,Panch Mahals,Population and Household Profile,2,Population below age 15 years (%),27.6,26.3,False,False
Gujarat,Panch Mahals,Population and Household Profile,3,Population age 60 years and above (%),11.4,10.5,False,False
Gujarat,Panch Mahals,Population and Household Profile,4,Population living in households with electricity (%),93.5,95.5,False,False
Gujarat,Panch Mahals,Population and Household Profile,5,Population living in households with an improved drinking-water source1 (%),88.9,91.0,False,False
Gujarat,Panch Mahals,Population and Household Profile,6,Households using iodized salt (%),99.4,95.4,False,False
Gujarat,Panch Mahals,Population and Household Profile,7,Households with any usual member covered under a health insurance/financing scheme (%),48.1,41.0,False,False
Gujarat,Panch Mahals,Population and Household Profile,8,Households with any usual member having a bank account/post office account (%),97.7,96.9,False,False
Gujarat,Panch Mahals,Population and Household Profile,9,Female population age 6 years and above who ever attended school (%),70.5,70.1,False,False
Gujarat,Panch Mahals,Population and Household Profile,10,Households with any usual female members owning a house and/or land (alone or jointly with others) (%),18.3,19.1,False,False
Gujarat,Panch Mahals,Population and Household Profile,11,Children age 2-4 years who attended pre-school (%),56.4,60.0,False,False
Gujarat,Panch Mahals,Characteristics of Adults (age 15-49 years),12,Women with 10 or more years of schooling (%),28.7,28.4,False,False
Gujarat,Panch Mahals,Characteristics of Adults (age 15-49 years),13,Men with 10 or more years of schooling (%),53.8,39.1,False,False
Gujarat,Panch Mahals,Characteristics of Adults (age 15-49 years),14,Women who have ever used the internet (%),41.2,15.0,False,False
Gujarat,Panch Mahals,Characteristics of Adults (age 15-49 years),15,Men who have ever used the internet (%),85.3,47.3,False,False
Gujarat,Panch Mahals,Marriage and Fertility,16,Women age 20-24 years married before age 18 years (%),22.3,34.1,False,False
Gujarat,Panch Mahals,Marriage and Fertility,17,Men age 25-29 years married before age 21 years (%),39.0,39.6,True,False
Gujarat,Panch Mahals,Marriage and Fertility,18,Three or more births in the 5 years preceding the survey (%),3.0,2.9,False,False
Gujarat,Panch Mahals,Marriage and Fertility,19,Women age 15-19 years who were already mothers or pregnant at the time of the survey (%),4.9,10.5,False,False
Gujarat,Panch Mahals,Marriage and Fertility,20,Any method2 (%),72.2,71.4,False,False
Gujarat,Panch Mahals,Marriage and Fertility,21,Any modern method2 (%),43.7,52.6,False,False
Gujarat,Panch Mahals,Marriage and Fertility,22,Any traditional method (%),28.5,18.8,False,False
Gujarat,Panch Mahals,Marriage and Fertility,23,Female sterilization (%),35.2,40.7,False,False
Gujarat,Panch Mahals,Marriage and Fertility,24,Male sterilization (%),0.1,0.0,False,False
Gujarat,Panch Mahals,Marriage and Fertility,25,Total unmet need3 (%),4.9,7.0,False,False
Gujarat,Panch Mahals,Marriage and Fertility,26,Unmet need for spacing3 (%),2.3,2.5,False,False
Gujarat,Panch Mahals,Marriage and Fertility,27,Unmet need for limiting3 (%),2.6,4.5,False,False
Gujarat,Panch Mahals,Antenatal Care (for last birth in the 5 years before the survey),28,Mothers who had an antenatal check-up in the first trimester (%),76.9,74.0,False,False
Gujarat,Panch Mahals,Antenatal Care (for last birth in the 5 years before the survey),29,Mothers who had any antenatal care visits (%),95.9,94.5,False,False
Gujarat,Panch Mahals,Antenatal Care (for last birth in the 5 years before the survey),30,Mothers who had at least 4 antenatal care visits (%),91.4,88.7,False,False
Gujarat,Panch Mahals,Antenatal Care (for last birth in the 5 years before the survey),31,Mothers whose last birth was protected against neonatal tetanus 4 (%),95.4,92.2,False,False
Gujarat,Panch Mahals,Antenatal Care (for last birth in the 5 years before the survey),32,Mothers who consumed iron folic acid for 100 days or more when they were pregnant (%),83.4,64.2,False,False
Gujarat,Panch Mahals,Antenatal Care (for last birth in the 5 years before the survey),33,Mothers who consumed iron folic acid for 180 days or more when they were pregnant (%),70.2,42.2,False,False
Gujarat,Panch Mahals,Antenatal Care (for last birth in the 5 years before the survey),34,Registered pregnancies for which the mother received a Mother and Child Protection (MCP) card (%),99.5,96.6,False,False
Gujarat,Panch Mahals,Delivery Care (for births in the 5 years before the survey),35,Institutional births (%),91.0,88.4,False,False
Gujarat,Panch Mahals,Delivery Care (for births in the 5 years before the survey),36,Institutional births in public facility (%),29.4,24.7,False,False
Gujarat,Panch Mahals,Delivery Care (for births in the 5 years before the survey),37,Births attended by skilled health personnel5 (%),87.0,84.2,False,False
Gujarat,Panch Mahals,Delivery Care (for births in the 5 years before the survey),38,Births delivered by caesarean section (%),10.9,9.9,False,False
Gujarat,Panch Mahals,Delivery Care (for births in the 5 years before the survey),39,Births in a private health facility that were delivered by caesarean section (%),15.2,14.4,False,False
Gujarat,Panch Mahals,Delivery Care (for births in the 5 years before the survey),40,Births in a public health facility that were delivered by caesarean section (%),5.2,3.0,False,False
Gujarat,Panch Mahals,Postnatal Care (for last birth in the 5 years before the survey),41,Mothers who received postnatal care from a doctor/nurse/LHV/ANM/midwife/other health personnel within 2,89.6,88.0,False,False
Gujarat,Panch Mahals,Postnatal Care (for last birth in the 5 years before the survey),42,Children born at home who were taken to a health facility for a check-up within 24 hours of birth (%),*,0.0,True,False
Gujarat,Panch Mahals,Postnatal Care (for last birth in the 5 years before the survey),43,Children who received postnatal care from a doctor/nurse/LHV/ANM/midwife/other health personnel within 2,86.0,89.2,False,False
Gujarat,Panch Mahals,Child Vaccinations and Vitamin A Supplementation,44,Children age 12-23 months fully vaccinated based on information from either vaccination card or mother's,96.0,95.4,False,False
Gujarat,Panch Mahals,Child Vaccinations and Vitamin A Supplementation,45,Children age 12-23 months fully vaccinated based on information from vaccination card only 7 (%),93.8,95.4,False,False
Gujarat,Panch Mahals,Child Vaccinations and Vitamin A Supplementation,46,Children age 12-23 months who have received any vaccine (%),100.0,99.1,False,False
Gujarat,Panch Mahals,Child Vaccinations and Vitamin A Supplementation,47,Children age 12-23 months who have received BCG (%),100.0,99.1,False,False
Gujarat,Panch Mahals,Child Vaccinations and Vitamin A Supplementation,48,Children age 12-23 months who have received 3 doses of polio vaccine8 (%),96.0,96.6,False,False
Gujarat,Panch Mahals,Child Vaccinations and Vitamin A Supplementation,49,Children age 12-23 months who have received 3 doses of pentavalent vaccine (%),98.8,96.9,False,False
Gujarat,Panch Mahals,Child Vaccinations and Vitamin A Supplementation,50,Children age 12-23 months who have received the first dose of measles-containing vaccine (MCV) (%),98.8,96.9,False,False
Gujarat,Panch Mahals,Child Vaccinations and Vitamin A Supplementation,51,Children age 24-35 months who have received a second dose of measles-containing vaccine (MCV) (%),75.5,51.6,False,False
Gujarat,Panch Mahals,Child Vaccinations and Vitamin A Supplementation,52,Children age 12-23 months who have received birth dose of hepatitis B vaccine (%),95.7,69.9,False,False
Gujarat,Panch Mahals,Child Vaccinations and Vitamin A Supplementation,53,Children age 12-23 months who have received 3 doses of rotavirus vaccine (%),96.2,0.0,False,False
Gujarat,Panch Mahals,Child Vaccinations and Vitamin A Supplementation,54,Children age 9-35 months who received a vitamin A dose in the last 6 months (%),92.0,87.6,False,False
Gujarat,Panch Mahals,Child Vaccinations and Vitamin A Supplementation,55,Children age 12-23 months who received most of their vaccinations in a public health facility (%),93.2,99.1,False,False
Gujarat,Panch Mahals,Child Vaccinations and Vitamin A Supplementation,56,Children age 12-23 months who received most of their vaccinations in a private health facility (%),5.5,0.0,False,False
Gujarat,Panch Mahals,Treatment of Childhood Diseases (children under age 5 years),57,Prevalence of diarrhoea in the 2 weeks preceding the survey (%),8.8,13.7,False,False
Gujarat,Panch Mahals,Treatment of Childhood Diseases (children under age 5 years),58,Prevalence of symptoms of acute respiratory infection (ARI) in the 2 weeks preceding the survey (%),0.3,0.9,False,False
Gujarat,Panch Mahals,Treatment of Childhood Diseases (children under age 5 years),59,Children with fever or symptoms of ARI in the 2 weeks preceding the survey taken to a health facility or,84.4,76.1,True,False
Gujarat,Panch Mahals,Child Feeding Practices and Nutritional Status of Children,60,Children under age 3 years breastfed within one hour of birth9 (%),43.3,40.2,False,False
Gujarat,Panch Mahals,Child Feeding Practices and Nutritional Status of Children,61,Children under age 6 months exclusively breastfed10 (%),69.6,58.9,True,False
Gujarat,Panch Mahals,Child Feeding Practices and Nutritional Status of Children,62,Children under age 6 months currently breastfeeding10 (%),90.2,96.5,True,False
Gujarat,Panch Mahals,Child Feeding Practices and Nutritional Status of Children,63,Children under age 6 months exclusively breastfed or breastfeeding and consuming plain water/other,88.3,86.3,True,False
Gujarat,Panch Mahals,Child Feeding Practices and Nutritional Status of Children,64,Children age 6-8 months receiving solid or semi-solid food and breastmilk10 (%),*,*,True,False
Gujarat,Panch Mahals,Child Feeding Practices and Nutritional Status of Children,65,"Breastfeeding children age 6-23 months receiving an adequate diet10, 11 (%)",13.8,3.6,False,False
Gujarat,Panch Mahals,Child Feeding Practices and Nutritional Status of Children,66,"Non-breastfeeding children age 6-23 months receiving an adequate diet 10, 11 (%)",*,*,True,False
Gujarat,Panch Mahals,Child Feeding Practices and Nutritional Status of Children,67,"Total children age 6-23 months receiving an adequate diet10, 11 (%)",15.5,3.0,False,False
Gujarat,Panch Mahals,Child Feeding Practices and Nutritional Status of Children,68,Children under 5 years who are stunted (height-for-age)12 (%),45.2,47.1,False,False
Gujarat,Panch Mahals,Child Feeding Practices and Nutritional Status of Children,69,Children under 5 years who are wasted (weight-for-height)12 (%),24.6,35.7,False,False
Gujarat,Panch Mahals,Child Feeding Practices and Nutritional Status of Children,70,Children under 5 years who are severely wasted (weight-for-height)13 (%),8.0,19.7,False,False
Gujarat,Panch Mahals,Child Feeding Practices and Nutritional Status of Children,71,Children under 5 years who are underweight (weight-for-age)12 (%),43.5,51.9,False,False
Gujarat,Panch Mahals,Child Feeding Practices and Nutritional Status of Children,72,Children under 5 years who are overweight (weight-for-height)14 (%),1.9,3.4,False,False
Gujarat,Panch Mahals,Nutritional Status of Adults (age 15-49 years),73,Women whose Body Mass Index (BMI) is below normal (BMI <18.5 kg/m 2)15 (%),40.0,33.1,False,False
Gujarat,Panch Mahals,Nutritional Status of Adults (age 15-49 years),74,Women who are overweight or obese (BMI ≥25.0 kg/m2)15 (%),15.1,16.1,False,False
Gujarat,Panch Mahals,Women,75,Blood sugar level - high (141-160 mg/dl)16 (%),6.7,8.2,False,False
Gujarat,Panch Mahals,Women,76,Blood sugar level - very high (>160 mg/dl)16 (%),6.7,5.1,False,False
Gujarat,Panch Mahals,Women,77,Blood sugar level - high or very high (>140 mg/dl) or taking medicine to control blood sugar level16 (%),13.9,13.8,False,False
Gujarat,Panch Mahals,Men,78,Blood sugar level - high (141-160 mg/dl)16 (%),7.9,8.6,False,False
Gujarat,Panch Mahals,Men,79,Blood sugar level - very high (>160 mg/dl)16 (%),8.5,5.9,False,False
Gujarat,Panch Mahals,Men,80,Blood sugar level - high or very high (>140 mg/dl) or taking medicine to control blood sugar level 16 (%),16.6,15.2,False,False
Gujarat,Panch Mahals,Women,81,Mildly elevated blood pressure (Systolic 140-159 mm of Hg and/or Diastolic 90-99 mm of Hg) (%),6.9,14.8,False,False
Gujarat,Panch Mahals,Women,82,Moderately or severely elevated blood pressure (Systolic ≥160 mm of Hg and/or Diastolic ≥100 mm,3.2,6.4,False,False
Gujarat,Panch Mahals,Women,83,Elevated blood pressure (Systolic ≥140 mm of Hg and/or Diastolic ≥90 mm of Hg) or taking medicine to,14.3,22.5,False,False
Gujarat,Panch Mahals,Men,84,Mildly elevated blood pressure (Systolic 140-159 mm of Hg and/or Diastolic 90-99 mm of Hg) (%),8.9,20.2,False,False
Gujarat,Panch Mahals,Men,85,Moderately or severely elevated blood pressure (Systolic ≥160 mm of Hg and/or Diastolic ≥100 mm,2.6,6.5,False,False
Gujarat,Panch Mahals,Men,86,Elevated blood pressure (Systolic ≥140 mm of Hg and/or Diastolic ≥90 mm of Hg) or taking medicine to,14.8,27.6,False,False
Gujarat,Panch Mahals,Men,87,Women having a bank or savings account that they themselves use (%),87.7,70.4,False,False
Gujarat,Panch Mahals,Men,88,Women having a mobile phone that they themselves use (%),40.3,27.3,False,False
Gujarat,Panch Mahals,Men,89,Women age 15-24 years who use hygienic methods of protection during their menstrual period17 (%),34.7,62.9,False,False
Gujarat,Panch Mahals,Tobacco Use and Alcohol Consumption among Adults (age 15 years and above),90,Women age 15 years and above who use any kind of tobacco (%),9.9,7.8,False,False
Gujarat,Panch Mahals,Tobacco Use and Alcohol Consumption among Adults (age 15 years and above),91,Men age 15 years and above who use any kind of tobacco (%),42.1,42.2,False,False
Gujarat,Panch Mahals,Tobacco Use and Alcohol Consumption among Adults (age 15 years and above),92,Women age 15 years and above who consume alcohol (%),0.4,0.4,False,False
Gujarat,Panch Mahals,Tobacco Use and Alcohol Consumption among Adults (age 15 years and above),93,Men age 15 years and above who consume alcohol (%),8.9,7.7,False,False
Gujarat,Patan,Population and Household Profile,1,Population below age 5 years (%),7.3,7.8,False,False
Gujarat,Patan,Population and Household Profile,2,Population below age 15 years (%),22.7,25.1,False,False
Gujarat,Patan,Population and Household Profile,3,Population age 60 years and above (%),13.8,13.3,False,False
Gujarat,Patan,Population and Household Profile,4,Population living in households with electricity (%),98.4,98.3,False,False
Gujarat,Patan,Population and Household Profile,5,Population living in households with an improved drinking-water source1 (%),99.7,99.4,False,False
Gujarat,Patan,Population and Household Profile,6,Households using iodized salt (%),98.6,98.1,False,False
Gujarat,Patan,Population and Household Profile,7,Households with any usual member covered under a health insurance/financing scheme (%),74.8,58.1,False,False
Gujarat,Patan,Population and Household Profile,8,Households with any usual member having a bank account/post office account (%),98.5,96.1,False,False
Gujarat,Patan,Population and Household Profile,9,Female population age 6 years and above who ever attended school (%),67.8,64.8,False,False
Gujarat,Patan,Population and Household Profile,10,Households with any usual female members owning a house and/or land (alone or jointly with others) (%),16.5,9.4,False,False
Gujarat,Patan,Population and Household Profile,11,Children age 2-4 years who attended pre-school (%),51.8,48.8,False,False
Gujarat,Patan,Characteristics of Adults (age 15-49 years),12,Women with 10 or more years of schooling (%),27.4,22.6,False,False
Gujarat,Patan,Characteristics of Adults (age 15-49 years),13,Men with 10 or more years of schooling (%),39.2,42.0,False,False
Gujarat,Patan,Characteristics of Adults (age 15-49 years),14,Women who have ever used the internet (%),76.9,22.5,False,False
Gujarat,Patan,Characteristics of Adults (age 15-49 years),15,Men who have ever used the internet (%),88.1,59.0,False,False
Gujarat,Patan,Marriage and Fertility,16,Women age 20-24 years married before age 18 years (%),24.8,35.4,False,False
Gujarat,Patan,Marriage and Fertility,17,Men age 25-29 years married before age 21 years (%),*,*,True,False
Gujarat,Patan,Marriage and Fertility,18,Three or more births in the 5 years preceding the survey (%),1.7,2.1,False,False
Gujarat,Patan,Marriage and Fertility,19,Women age 15-19 years who were already mothers or pregnant at the time of the survey (%),5.6,2.3,False,False
Gujarat,Patan,Marriage and Fertility,20,Any method2 (%),67.7,65.6,False,False
Gujarat,Patan,Marriage and Fertility,21,Any modern method2 (%),48.6,52.9,False,False
Gujarat,Patan,Marriage and Fertility,22,Any traditional method (%),19.1,12.7,False,False
Gujarat,Patan,Marriage and Fertility,23,Female sterilization (%),34.9,35.4,False,False
Gujarat,Patan,Marriage and Fertility,24,Male sterilization (%),0.0,0.0,False,False
Gujarat,Patan,Marriage and Fertility,25,Total unmet need3 (%),9.4,11.2,False,False
Gujarat,Patan,Marriage and Fertility,26,Unmet need for spacing3 (%),5.1,5.0,False,False
Gujarat,Patan,Marriage and Fertility,27,Unmet need for limiting3 (%),4.3,6.2,False,False
Gujarat,Patan,Antenatal Care (for last birth in the 5 years before the survey),28,Mothers who had an antenatal check-up in the first trimester (%),92.4,86.2,False,False
Gujarat,Patan,Antenatal Care (for last birth in the 5 years before the survey),29,Mothers who had any antenatal care visits (%),99.5,97.6,False,False
Gujarat,Patan,Antenatal Care (for last birth in the 5 years before the survey),30,Mothers who had at least 4 antenatal care visits (%),75.3,79.8,False,False
Gujarat,Patan,Antenatal Care (for last birth in the 5 years before the survey),31,Mothers whose last birth was protected against neonatal tetanus 4 (%),97.5,72.9,False,False
Gujarat,Patan,Antenatal Care (for last birth in the 5 years before the survey),32,Mothers who consumed iron folic acid for 100 days or more when they were pregnant (%),72.2,68.1,False,False
Gujarat,Patan,Antenatal Care (for last birth in the 5 years before the survey),33,Mothers who consumed iron folic acid for 180 days or more when they were pregnant (%),53.6,55.6,False,False
Gujarat,Patan,Antenatal Care (for last birth in the 5 years before the survey),34,Registered pregnancies for which the mother received a Mother and Child Protection (MCP) card (%),99.4,99.6,False,False
Gujarat,Patan,Delivery Care (for births in the 5 years before the survey),35,Institutional births (%),98.9,98.6,False,False
Gujarat,Patan,Delivery Care (for births in the 5 years before the survey),36,Institutional births in public facility (%),33.5,25.2,False,False
Gujarat,Patan,Delivery Care (for births in the 5 years before the survey),37,Births attended by skilled health personnel5 (%),99.1,97.1,False,False
Gujarat,Patan,Delivery Care (for births in the 5 years before the survey),38,Births delivered by caesarean section (%),23.2,18.9,False,False
Gujarat,Patan,Delivery Care (for births in the 5 years before the survey),39,Births in a private health facility that were delivered by caesarean section (%),29.7,20.9,False,False
Gujarat,Patan,Delivery Care (for births in the 5 years before the survey),40,Births in a public health facility that were delivered by caesarean section (%),11.4,14.3,False,False
Gujarat,Patan,Postnatal Care (for last birth in the 5 years before the survey),41,Mothers who received postnatal care from a doctor/nurse/LHV/ANM/midwife/other health personnel within 2,94.8,93.6,False,False
Gujarat,Patan,Postnatal Care (for last birth in the 5 years before the survey),42,Children born at home who were taken to a health facility for a check-up within 24 hours of birth (%),*,*,True,False
Gujarat,Patan,Postnatal Care (for last birth in the 5 years before the survey),43,Children who received postnatal care from a doctor/nurse/LHV/ANM/midwife/other health personnel within 2,96.6,92.0,False,False
Gujarat,Patan,Child Vaccinations and Vitamin A Supplementation,44,Children age 12-23 months fully vaccinated based on information from either vaccination card or mother's,90.0,81.0,True,False
Gujarat,Patan,Child Vaccinations and Vitamin A Supplementation,45,Children age 12-23 months fully vaccinated based on information from vaccination card only 7 (%),85.1,91.9,True,False
Gujarat,Patan,Child Vaccinations and Vitamin A Supplementation,46,Children age 12-23 months who have received any vaccine (%),99.6,98.6,True,False
Gujarat,Patan,Child Vaccinations and Vitamin A Supplementation,47,Children age 12-23 months who have received BCG (%),99.6,97.2,True,False
Gujarat,Patan,Child Vaccinations and Vitamin A Supplementation,48,Children age 12-23 months who have received 3 doses of polio vaccine8 (%),92.5,82.5,True,False
Gujarat,Patan,Child Vaccinations and Vitamin A Supplementation,49,Children age 12-23 months who have received 3 doses of pentavalent vaccine (%),90.0,92.6,True,False
Gujarat,Patan,Child Vaccinations and Vitamin A Supplementation,50,Children age 12-23 months who have received the first dose of measles-containing vaccine (MCV) (%),96.9,95.6,True,False
Gujarat,Patan,Child Vaccinations and Vitamin A Supplementation,51,Children age 24-35 months who have received a second dose of measles-containing vaccine (MCV) (%),72.5,69.5,False,False
Gujarat,Patan,Child Vaccinations and Vitamin A Supplementation,52,Children age 12-23 months who have received birth dose of hepatitis B vaccine (%),94.5,76.0,True,False
Gujarat,Patan,Child Vaccinations and Vitamin A Supplementation,53,Children age 12-23 months who have received 3 doses of rotavirus vaccine (%),89.8,0.0,True,False
Gujarat,Patan,Child Vaccinations and Vitamin A Supplementation,54,Children age 9-35 months who received a vitamin A dose in the last 6 months (%),87.1,81.6,False,False
Gujarat,Patan,Child Vaccinations and Vitamin A Supplementation,55,Children age 12-23 months who received most of their vaccinations in a public health facility (%),100.0,96.6,True,False
Gujarat,Patan,Child Vaccinations and Vitamin A Supplementation,56,Children age 12-23 months who received most of their vaccinations in a private health facility (%),0.0,3.4,True,False
Gujarat,Patan,Treatment of Childhood Diseases (children under age 5 years),57,Prevalence of diarrhoea in the 2 weeks preceding the survey (%),3.5,6.8,False,False
Gujarat,Patan,Treatment of Childhood Diseases (children under age 5 years),58,Prevalence of symptoms of acute respiratory infection (ARI) in the 2 weeks preceding the survey (%),1.2,0.5,False,False
Gujarat,Patan,Treatment of Childhood Diseases (children under age 5 years),59,Children with fever or symptoms of ARI in the 2 weeks preceding the survey taken to a health facility or,81.2,84.4,True,False
Gujarat,Patan,Child Feeding Practices and Nutritional Status of Children,60,Children under age 3 years breastfed within one hour of birth 9 (%),41.4,41.4,False,False
Gujarat,Patan,Child Feeding Practices and Nutritional Status of Children,61,Children under age 6 months exclusively breastfed10 (%),63.7,35.9,True,False
Gujarat,Patan,Child Feeding Practices and Nutritional Status of Children,62,Children under age 6 months currently breastfeeding10 (%),94.7,96.1,True,False
Gujarat,Patan,Child Feeding Practices and Nutritional Status of Children,63,Children under age 6 months exclusively breastfed or breastfeeding and consuming plain water/other,87.5,76.8,True,False
Gujarat,Patan,Child Feeding Practices and Nutritional Status of Children,64,Children age 6-8 months receiving solid or semi-solid food and breastmilk10 (%),*,*,True,False
Gujarat,Patan,Child Feeding Practices and Nutritional Status of Children,65,"Breastfeeding children age 6-23 months receiving an adequate diet10, 11 (%)",4.4,4.0,False,False
Gujarat,Patan,Child Feeding Practices and Nutritional Status of Children,66,"Non-breastfeeding children age 6-23 months receiving an adequate diet 10, 11 (%)",*,*,True,False
Gujarat,Patan,Child Feeding Practices and Nutritional Status of Children,67,"Total children age 6-23 months receiving an adequate diet10, 11 (%)",3.9,3.2,False,False
Gujarat,Patan,Child Feeding Practices and Nutritional Status of Children,68,Children under 5 years who are stunted (height-for-age)12 (%),38.0,50.5,False,False
Gujarat,Patan,Child Feeding Practices and Nutritional Status of Children,69,Children under 5 years who are wasted (weight-for-height)12 (%),13.3,20.9,False,False
Gujarat,Patan,Child Feeding Practices and Nutritional Status of Children,70,Children under 5 years who are severely wasted (weight-for-height)13 (%),3.3,6.5,False,False
Gujarat,Patan,Child Feeding Practices and Nutritional Status of Children,71,Children under 5 years who are underweight (weight-for-age)12 (%),35.0,42.3,False,False
Gujarat,Patan,Child Feeding Practices and Nutritional Status of Children,72,Children under 5 years who are overweight (weight-for-height)14 (%),1.2,3.1,False,False
Gujarat,Patan,Nutritional Status of Adults (age 15-49 years),73,Women whose Body Mass Index (BMI) is below normal (BMI <18.5 kg/m 2)15 (%),24.3,29.3,False,False
Gujarat,Patan,Nutritional Status of Adults (age 15-49 years),74,Women who are overweight or obese (BMI ≥25.0 kg/m2)15 (%),24.6,18.3,False,False
Gujarat,Patan,Women,75,Blood sugar level - high (141-160 mg/dl)16 (%),6.6,10.2,False,False
Gujarat,Patan,Women,76,Blood sugar level - very high (>160 mg/dl)16 (%),5.9,7.3,False,False
Gujarat,Patan,Women,77,Blood sugar level - high or very high (>140 mg/dl) or taking medicine to control blood sugar level16 (%),13.3,18.1,False,False
Gujarat,Patan,Men,78,Blood sugar level - high (141-160 mg/dl)16 (%),7.1,10.1,False,False
Gujarat,Patan,Men,79,Blood sugar level - very high (>160 mg/dl)16 (%),7.2,7.7,False,False
Gujarat,Patan,Men,80,Blood sugar level - high or very high (>140 mg/dl) or taking medicine to control blood sugar level 16 (%),15.8,18.8,False,False
Gujarat,Patan,Women,81,Mildly elevated blood pressure (Systolic 140-159 mm of Hg and/or Diastolic 90-99 mm of Hg) (%),6.6,8.2,False,False
Gujarat,Patan,Women,82,Moderately or severely elevated blood pressure (Systolic ≥160 mm of Hg and/or Diastolic ≥100 mm,3.3,3.7,False,False
Gujarat,Patan,Women,83,Elevated blood pressure (Systolic ≥140 mm of Hg and/or Diastolic ≥90 mm of Hg) or taking medicine to,16.5,16.3,False,False
Gujarat,Patan,Men,84,Mildly elevated blood pressure (Systolic 140-159 mm of Hg and/or Diastolic 90-99 mm of Hg) (%),8.3,9.5,False,False
Gujarat,Patan,Men,85,Moderately or severely elevated blood pressure (Systolic ≥160 mm of Hg and/or Diastolic ≥100 mm,3.7,3.5,False,False
Gujarat,Patan,Men,86,Elevated blood pressure (Systolic ≥140 mm of Hg and/or Diastolic ≥90 mm of Hg) or taking medicine to,17.4,16.3,False,False
Gujarat,Patan,Men,87,Women having a bank or savings account that they themselves use (%),87.0,75.0,False,False
Gujarat,Patan,Men,88,Women having a mobile phone that they themselves use (%),51.5,38.7,False,False
Gujarat,Patan,Men,89,Women age 15-24 years who use hygienic methods of protection during their menstrual period17 (%),57.2,56.9,False,False
Gujarat,Patan,Tobacco Use and Alcohol Consumption among Adults (age 15 years and above),90,Women age 15 years and above who use any kind of tobacco (%),7.3,6.9,False,False
Gujarat,Patan,Tobacco Use and Alcohol Consumption among Adults (age 15 years and above),91,Men age 15 years and above who use any kind of tobacco (%),39.1,38.9,False,False
Gujarat,Patan,Tobacco Use and Alcohol Consumption among Adults (age 15 years and above),92,Women age 15 years and above who consume alcohol (%),0.3,0.2,False,False
Gujarat,Patan,Tobacco Use and Alcohol Consumption among Adults (age 15 years and above),93,Men age 15 years and above who consume alcohol (%),3.2,2.1,False,False
Gujarat,Porbandar,Population and Household Profile,1,Population below age 5 years (%),6.5,6.2,False,False
Gujarat,Porbandar,Population and Household Profile,2,Population below age 15 years (%),19.9,20.8,False,False
Gujarat,Porbandar,Population and Household Profile,3,Population age 60 years and above (%),15.5,15.4,False,False
Gujarat,Porbandar,Population and Household Profile,4,Population living in households with electricity (%),99.6,99.8,False,False
Gujarat,Porbandar,Population and Household Profile,5,Population living in households with an improved drinking-water source1 (%),92.9,96.2,False,False
Gujarat,Porbandar,Population and Household Profile,6,Households using iodized salt (%),96.8,99.0,False,False
Gujarat,Porbandar,Population and Household Profile,7,Households with any usual member covered under a health insurance/financing scheme (%),65.1,46.1,False,False
Gujarat,Porbandar,Population and Household Profile,8,Households with any usual member having a bank account/post office account (%),97.9,98.5,False,False
Gujarat,Porbandar,Population and Household Profile,9,Female population age 6 years and above who ever attended school (%),73.5,74.9,False,False
Gujarat,Porbandar,Population and Household Profile,10,Households with any usual female members owning a house and/or land (alone or jointly with others) (%),17.4,14.8,False,False
Gujarat,Porbandar,Population and Household Profile,11,Children age 2-4 years who attended pre-school (%),58.3,50.3,False,False
Gujarat,Porbandar,Characteristics of Adults (age 15-49 years),12,Women with 10 or more years of schooling (%),32.7,35.9,False,False
Gujarat,Porbandar,Characteristics of Adults (age 15-49 years),13,Men with 10 or more years of schooling (%),39.2,52.2,False,False
Gujarat,Porbandar,Characteristics of Adults (age 15-49 years),14,Women who have ever used the internet (%),72.1,39.7,False,False
Gujarat,Porbandar,Characteristics of Adults (age 15-49 years),15,Men who have ever used the internet (%),91.5,68.4,False,False
Gujarat,Porbandar,Marriage and Fertility,16,Women age 20-24 years married before age 18 years (%),14.2,10.0,False,False
Gujarat,Porbandar,Marriage and Fertility,17,Men age 25-29 years married before age 21 years (%),*,*,True,False
Gujarat,Porbandar,Marriage and Fertility,18,Three or more births in the 5 years preceding the survey (%),1.7,2.1,False,False
Gujarat,Porbandar,Marriage and Fertility,19,Women age 15-19 years who were already mothers or pregnant at the time of the survey (%),5.9,1.9,False,False
Gujarat,Porbandar,Marriage and Fertility,20,Any method2 (%),71.3,75.5,False,False
Gujarat,Porbandar,Marriage and Fertility,21,Any modern method2 (%),45.6,68.5,False,False
Gujarat,Porbandar,Marriage and Fertility,22,Any traditional method (%),25.7,7.0,False,False
Gujarat,Porbandar,Marriage and Fertility,23,Female sterilization (%),26.4,34.5,False,False
Gujarat,Porbandar,Marriage and Fertility,24,Male sterilization (%),0.0,0.0,False,False
Gujarat,Porbandar,Marriage and Fertility,25,Total unmet need3 (%),6.4,7.7,False,False
Gujarat,Porbandar,Marriage and Fertility,26,Unmet need for spacing3 (%),3.9,3.2,False,False
Gujarat,Porbandar,Marriage and Fertility,27,Unmet need for limiting3 (%),2.5,4.5,False,False
Gujarat,Porbandar,Antenatal Care (for last birth in the 5 years before the survey),28,Mothers who had an antenatal check-up in the first trimester (%),90.6,93.5,False,False
Gujarat,Porbandar,Antenatal Care (for last birth in the 5 years before the survey),29,Mothers who had any antenatal care visits (%),99.5,99.0,False,False
Gujarat,Porbandar,Antenatal Care (for last birth in the 5 years before the survey),30,Mothers who had at least 4 antenatal care visits (%),87.7,92.1,False,False
Gujarat,Porbandar,Antenatal Care (for last birth in the 5 years before the survey),31,Mothers whose last birth was protected against neonatal tetanus 4 (%),95.1,96.4,False,False
Gujarat,Porbandar,Antenatal Care (for last birth in the 5 years before the survey),32,Mothers who consumed iron folic acid for 100 days or more when they were pregnant (%),55.4,56.5,False,False
Gujarat,Porbandar,Antenatal Care (for last birth in the 5 years before the survey),33,Mothers who consumed iron folic acid for 180 days or more when they were pregnant (%),35.0,37.0,False,False
Gujarat,Porbandar,Antenatal Care (for last birth in the 5 years before the survey),34,Registered pregnancies for which the mother received a Mother and Child Protection (MCP) card (%),100.0,99.5,False,False
Gujarat,Porbandar,Delivery Care (for births in the 5 years before the survey),35,Institutional births (%),98.9,100.0,False,False
Gujarat,Porbandar,Delivery Care (for births in the 5 years before the survey),36,Institutional births in public facility (%),38.5,61.2,False,False
Gujarat,Porbandar,Delivery Care (for births in the 5 years before the survey),37,Births attended by skilled health personnel5 (%),98.9,96.0,False,False
Gujarat,Porbandar,Delivery Care (for births in the 5 years before the survey),38,Births delivered by caesarean section (%),31.7,19.2,False,False
Gujarat,Porbandar,Delivery Care (for births in the 5 years before the survey),39,Births in a private health facility that were delivered by caesarean section (%),38.9,33.7,False,False
Gujarat,Porbandar,Delivery Care (for births in the 5 years before the survey),40,Births in a public health facility that were delivered by caesarean section (%),21.5,10.0,False,False
Gujarat,Porbandar,Postnatal Care (for last birth in the 5 years before the survey),41,Mothers who received postnatal care from a doctor/nurse/LHV/ANM/midwife/other health personnel within 2,98.3,97.6,False,False
Gujarat,Porbandar,Postnatal Care (for last birth in the 5 years before the survey),42,Children born at home who were taken to a health facility for a check-up within 24 hours of birth (%),*,*,True,False
Gujarat,Porbandar,Postnatal Care (for last birth in the 5 years before the survey),43,Children who received postnatal care from a doctor/nurse/LHV/ANM/midwife/other health personnel within 2,96.6,95.6,False,False
Gujarat,Porbandar,Child Vaccinations and Vitamin A Supplementation,44,Children age 12-23 months fully vaccinated based on information from either vaccination card or mother's,87.5,82.9,True,False
Gujarat,Porbandar,Child Vaccinations and Vitamin A Supplementation,45,Children age 12-23 months fully vaccinated based on information from vaccination card only 7 (%),92.7,82.2,True,False
Gujarat,Porbandar,Child Vaccinations and Vitamin A Supplementation,46,Children age 12-23 months who have received any vaccine (%),95.0,96.6,True,False
Gujarat,Porbandar,Child Vaccinations and Vitamin A Supplementation,47,Children age 12-23 months who have received BCG (%),95.0,96.6,True,False
Gujarat,Porbandar,Child Vaccinations and Vitamin A Supplementation,48,Children age 12-23 months who have received 3 doses of polio vaccine8 (%),87.5,82.9,True,False
Gujarat,Porbandar,Child Vaccinations and Vitamin A Supplementation,49,Children age 12-23 months who have received 3 doses of pentavalent vaccine (%),89.9,91.0,True,False
Gujarat,Porbandar,Child Vaccinations and Vitamin A Supplementation,50,Children age 12-23 months who have received the first dose of measles-containing vaccine (MCV) (%),91.8,96.6,True,False
Gujarat,Porbandar,Child Vaccinations and Vitamin A Supplementation,51,Children age 24-35 months who have received a second dose of measles-containing vaccine (MCV) (%),75.9,64.6,True,False
Gujarat,Porbandar,Child Vaccinations and Vitamin A Supplementation,52,Children age 12-23 months who have received birth dose of hepatitis B vaccine (%),95.0,67.4,True,False
Gujarat,Porbandar,Child Vaccinations and Vitamin A Supplementation,53,Children age 12-23 months who have received 3 doses of rotavirus vaccine (%),76.9,2.5,True,False
Gujarat,Porbandar,Child Vaccinations and Vitamin A Supplementation,54,Children age 9-35 months who received a vitamin A dose in the last 6 months (%),92.0,96.9,False,False
Gujarat,Porbandar,Child Vaccinations and Vitamin A Supplementation,55,Children age 12-23 months who received most of their vaccinations in a public health facility (%),97.2,97.4,True,False
Gujarat,Porbandar,Child Vaccinations and Vitamin A Supplementation,56,Children age 12-23 months who received most of their vaccinations in a private health facility (%),2.8,2.6,True,False
Gujarat,Porbandar,Treatment of Childhood Diseases (children under age 5 years),57,Prevalence of diarrhoea in the 2 weeks preceding the survey (%),2.2,5.6,False,False
Gujarat,Porbandar,Treatment of Childhood Diseases (children under age 5 years),58,Prevalence of symptoms of acute respiratory infection (ARI) in the 2 weeks preceding the survey (%),0.8,0.8,False,False
Gujarat,Porbandar,Treatment of Childhood Diseases (children under age 5 years),59,Children with fever or symptoms of ARI in the 2 weeks preceding the survey taken to a health facility or,*,67.2,True,False
Gujarat,Porbandar,Child Feeding Practices and Nutritional Status of Children,60,Children under age 3 years breastfed within one hour of birth 9 (%),47.2,55.1,False,False
Gujarat,Porbandar,Child Feeding Practices and Nutritional Status of Children,61,Children under age 6 months exclusively breastfed10 (%),*,72.7,True,False
Gujarat,Porbandar,Child Feeding Practices and Nutritional Status of Children,62,Children under age 6 months currently breastfeeding10 (%),*,97.0,True,False
Gujarat,Porbandar,Child Feeding Practices and Nutritional Status of Children,63,Children under age 6 months exclusively breastfed or breastfeeding and consuming plain water/other,*,78.2,True,False
Gujarat,Porbandar,Child Feeding Practices and Nutritional Status of Children,64,Children age 6-8 months receiving solid or semi-solid food and breastmilk10 (%),*,*,True,False
Gujarat,Porbandar,Child Feeding Practices and Nutritional Status of Children,65,"Breastfeeding children age 6-23 months receiving an adequate diet10, 11 (%)",2.2,13.3,False,False
Gujarat,Porbandar,Child Feeding Practices and Nutritional Status of Children,66,"Non-breastfeeding children age 6-23 months receiving an adequate diet 10, 11 (%)",*,*,True,False
Gujarat,Porbandar,Child Feeding Practices and Nutritional Status of Children,67,"Total children age 6-23 months receiving an adequate diet10, 11 (%)",6.3,14.5,False,False
Gujarat,Porbandar,Child Feeding Practices and Nutritional Status of Children,68,Children under 5 years who are stunted (height-for-age)12 (%),24.4,18.2,False,False
Gujarat,Porbandar,Child Feeding Practices and Nutritional Status of Children,69,Children under 5 years who are wasted (weight-for-height)12 (%),14.1,21.8,False,False
Gujarat,Porbandar,Child Feeding Practices and Nutritional Status of Children,70,Children under 5 years who are severely wasted (weight-for-height)13 (%),4.7,14.2,False,False
Gujarat,Porbandar,Child Feeding Practices and Nutritional Status of Children,71,Children under 5 years who are underweight (weight-for-age)12 (%),21.0,25.5,False,False
Gujarat,Porbandar,Child Feeding Practices and Nutritional Status of Children,72,Children under 5 years who are overweight (weight-for-height)14 (%),1.8,3.9,False,False
Gujarat,Porbandar,Nutritional Status of Adults (age 15-49 years),73,Women whose Body Mass Index (BMI) is below normal (BMI <18.5 kg/m 2)15 (%),23.1,15.8,False,False
Gujarat,Porbandar,Nutritional Status of Adults (age 15-49 years),74,Women who are overweight or obese (BMI ≥25.0 kg/m2)15 (%),35.0,27.8,False,False
Gujarat,Porbandar,Women,75,Blood sugar level - high (141-160 mg/dl)16 (%),7.0,9.2,False,False
Gujarat,Porbandar,Women,76,Blood sugar level - very high (>160 mg/dl)16 (%),7.5,5.6,False,False
Gujarat,Porbandar,Women,77,Blood sugar level - high or very high (>140 mg/dl) or taking medicine to control blood sugar level16 (%),15.9,16.4,False,False
Gujarat,Porbandar,Men,78,Blood sugar level - high (141-160 mg/dl)16 (%),7.0,11.6,False,False
Gujarat,Porbandar,Men,79,Blood sugar level - very high (>160 mg/dl)16 (%),7.4,7.2,False,False
Gujarat,Porbandar,Men,80,Blood sugar level - high or very high (>140 mg/dl) or taking medicine to control blood sugar level 16 (%),15.5,19.5,False,False
Gujarat,Porbandar,Women,81,Mildly elevated blood pressure (Systolic 140-159 mm of Hg and/or Diastolic 90-99 mm of Hg) (%),11.6,8.7,False,False
Gujarat,Porbandar,Women,82,Moderately or severely elevated blood pressure (Systolic ≥160 mm of Hg and/or Diastolic ≥100 mm,4.0,3.0,False,False
Gujarat,Porbandar,Women,83,Elevated blood pressure (Systolic ≥140 mm of Hg and/or Diastolic ≥90 mm of Hg) or taking medicine to,21.8,15.8,False,False
Gujarat,Porbandar,Men,84,Mildly elevated blood pressure (Systolic 140-159 mm of Hg and/or Diastolic 90-99 mm of Hg) (%),14.6,11.4,False,False
Gujarat,Porbandar,Men,85,Moderately or severely elevated blood pressure (Systolic ≥160 mm of Hg and/or Diastolic ≥100 mm,4.6,2.6,False,False
Gujarat,Porbandar,Men,86,Elevated blood pressure (Systolic ≥140 mm of Hg and/or Diastolic ≥90 mm of Hg) or taking medicine to,21.6,16.2,False,False
Gujarat,Porbandar,Men,87,Women having a bank or savings account that they themselves use (%),82.0,72.8,False,False
Gujarat,Porbandar,Men,88,Women having a mobile phone that they themselves use (%),52.7,58.0,False,False
Gujarat,Porbandar,Men,89,Women age 15-24 years who use hygienic methods of protection during their menstrual period17 (%),65.1,71.7,False,False
Gujarat,Porbandar,Tobacco Use and Alcohol Consumption among Adults (age 15 years and above),90,Women age 15 years and above who use any kind of tobacco (%),15.9,16.7,False,False
Gujarat,Porbandar,Tobacco Use and Alcohol Consumption among Adults (age 15 years and above),91,Men age 15 years and above who use any kind of tobacco (%),54.6,59.7,False,False
Gujarat,Porbandar,Tobacco Use and Alcohol Consumption among Adults (age 15 years and above),92,Women age 15 years and above who consume alcohol (%),0.1,0.3,False,False
Gujarat,Porbandar,Tobacco Use and Alcohol Consumption among Adults (age 15 years and above),93,Men age 15 years and above who consume alcohol (%),3.2,6.0,False,False
Gujarat,Rajkot,Population and Household Profile,1,Population below age 5 years (%),6.0,6.8,False,False
Gujarat,Rajkot,Population and Household Profile,2,Population below age 15 years (%),20.2,22.0,False,False
Gujarat,Rajkot,Population and Household Profile,3,Population age 60 years and above (%),16.8,13.3,False,False
Gujarat,Rajkot,Population and Household Profile,4,Population living in households with electricity (%),99.8,99.6,False,False
Gujarat,Rajkot,Population and Household Profile,5,Population living in households with an improved drinking-water source1 (%),99.1,99.5,False,False
Gujarat,Rajkot,Population and Household Profile,6,Households using iodized salt (%),96.4,98.6,False,False
Gujarat,Rajkot,Population and Household Profile,7,Households with any usual member covered under a health insurance/financing scheme (%),66.3,49.6,False,False
Gujarat,Rajkot,Population and Household Profile,8,Households with any usual member having a bank account/post office account (%),98.0,93.7,False,False
Gujarat,Rajkot,Population and Household Profile,9,Female population age 6 years and above who ever attended school (%),78.9,78.4,False,False
Gujarat,Rajkot,Population and Household Profile,10,Households with any usual female members owning a house and/or land (alone or jointly with others) (%),10.6,7.9,False,False
Gujarat,Rajkot,Population and Household Profile,11,Children age 2-4 years who attended pre-school (%),42.5,67.2,False,False
Gujarat,Rajkot,Characteristics of Adults (age 15-49 years),12,Women with 10 or more years of schooling (%),45.1,42.6,False,False
Gujarat,Rajkot,Characteristics of Adults (age 15-49 years),13,Men with 10 or more years of schooling (%),57.2,43.0,False,False
Gujarat,Rajkot,Characteristics of Adults (age 15-49 years),14,Women who have ever used the internet (%),72.7,42.6,False,False
Gujarat,Rajkot,Characteristics of Adults (age 15-49 years),15,Men who have ever used the internet (%),93.0,67.6,False,False
Gujarat,Rajkot,Marriage and Fertility,16,Women age 20-24 years married before age 18 years (%),11.8,12.1,False,False
Gujarat,Rajkot,Marriage and Fertility,17,Men age 25-29 years married before age 21 years (%),*,*,True,False
Gujarat,Rajkot,Marriage and Fertility,18,Three or more births in the 5 years preceding the survey (%),0.5,2.3,False,False
Gujarat,Rajkot,Marriage and Fertility,19,Women age 15-19 years who were already mothers or pregnant at the time of the survey (%),1.5,1.8,False,False
Gujarat,Rajkot,Marriage and Fertility,20,Any method2 (%),83.0,78.8,False,False
Gujarat,Rajkot,Marriage and Fertility,21,Any modern method2 (%),47.3,53.5,False,False
Gujarat,Rajkot,Marriage and Fertility,22,Any traditional method (%),35.7,25.3,False,False
Gujarat,Rajkot,Marriage and Fertility,23,Female sterilization (%),22.1,26.5,False,False
Gujarat,Rajkot,Marriage and Fertility,24,Male sterilization (%),0.0,0.1,False,False
Gujarat,Rajkot,Marriage and Fertility,25,Total unmet need3 (%),2.3,6.2,False,False
Gujarat,Rajkot,Marriage and Fertility,26,Unmet need for spacing3 (%),2.1,2.4,False,False
Gujarat,Rajkot,Marriage and Fertility,27,Unmet need for limiting3 (%),0.2,3.8,False,False
Gujarat,Rajkot,Antenatal Care (for last birth in the 5 years before the survey),28,Mothers who had an antenatal check-up in the first trimester (%),80.9,94.0,False,False
Gujarat,Rajkot,Antenatal Care (for last birth in the 5 years before the survey),29,Mothers who had any antenatal care visits (%),97.1,98.0,False,False
Gujarat,Rajkot,Antenatal Care (for last birth in the 5 years before the survey),30,Mothers who had at least 4 antenatal care visits (%),79.7,93.5,False,False
Gujarat,Rajkot,Antenatal Care (for last birth in the 5 years before the survey),31,Mothers whose last birth was protected against neonatal tetanus 4 (%),97.1,94.8,False,False
Gujarat,Rajkot,Antenatal Care (for last birth in the 5 years before the survey),32,Mothers who consumed iron folic acid for 100 days or more when they were pregnant (%),65.8,60.6,False,False
Gujarat,Rajkot,Antenatal Care (for last birth in the 5 years before the survey),33,Mothers who consumed iron folic acid for 180 days or more when they were pregnant (%),46.9,42.0,False,False
Gujarat,Rajkot,Antenatal Care (for last birth in the 5 years before the survey),34,Registered pregnancies for which the mother received a Mother and Child Protection (MCP) card (%),93.1,98.2,False,False
Gujarat,Rajkot,Delivery Care (for births in the 5 years before the survey),35,Institutional births (%),98.0,99.3,False,False
Gujarat,Rajkot,Delivery Care (for births in the 5 years before the survey),36,Institutional births in public facility (%),30.0,40.9,False,False
Gujarat,Rajkot,Delivery Care (for births in the 5 years before the survey),37,Births attended by skilled health personnel5 (%),96.3,100.0,False,False
Gujarat,Rajkot,Delivery Care (for births in the 5 years before the survey),38,Births delivered by caesarean section (%),39.2,24.7,False,False
Gujarat,Rajkot,Delivery Care (for births in the 5 years before the survey),39,Births in a private health facility that were delivered by caesarean section (%),47.4,34.3,False,False
Gujarat,Rajkot,Delivery Care (for births in the 5 years before the survey),40,Births in a public health facility that were delivered by caesarean section (%),23.2,11.4,False,False
Gujarat,Rajkot,Postnatal Care (for last birth in the 5 years before the survey),41,Mothers who received postnatal care from a doctor/nurse/LHV/ANM/midwife/other health personnel within 2,86.9,98.1,False,False
Gujarat,Rajkot,Postnatal Care (for last birth in the 5 years before the survey),42,Children born at home who were taken to a health facility for a check-up within 24 hours of birth (%),*,*,True,False
Gujarat,Rajkot,Postnatal Care (for last birth in the 5 years before the survey),43,Children who received postnatal care from a doctor/nurse/LHV/ANM/midwife/other health personnel within 2,86.7,98.3,False,False
Gujarat,Rajkot,Child Vaccinations and Vitamin A Supplementation,44,Children age 12-23 months fully vaccinated based on information from either vaccination card or mother's,86.1,84.9,True,False
Gujarat,Rajkot,Child Vaccinations and Vitamin A Supplementation,45,Children age 12-23 months fully vaccinated based on information from vaccination card only 7 (%),94.3,85.6,True,False
Gujarat,Rajkot,Child Vaccinations and Vitamin A Supplementation,46,Children age 12-23 months who have received any vaccine (%),100.0,95.8,True,False
Gujarat,Rajkot,Child Vaccinations and Vitamin A Supplementation,47,Children age 12-23 months who have received BCG (%),100.0,95.8,True,False
Gujarat,Rajkot,Child Vaccinations and Vitamin A Supplementation,48,Children age 12-23 months who have received 3 doses of polio vaccine8 (%),86.1,89.5,True,False
Gujarat,Rajkot,Child Vaccinations and Vitamin A Supplementation,49,Children age 12-23 months who have received 3 doses of pentavalent vaccine (%),95.2,88.1,True,False
Gujarat,Rajkot,Child Vaccinations and Vitamin A Supplementation,50,Children age 12-23 months who have received the first dose of measles-containing vaccine (MCV) (%),97.6,88.8,True,False
Gujarat,Rajkot,Child Vaccinations and Vitamin A Supplementation,51,Children age 24-35 months who have received a second dose of measles-containing vaccine (MCV) (%),63.6,46.0,True,False
Gujarat,Rajkot,Child Vaccinations and Vitamin A Supplementation,52,Children age 12-23 months who have received birth dose of hepatitis B vaccine (%),90.0,51.2,True,False
Gujarat,Rajkot,Child Vaccinations and Vitamin A Supplementation,53,Children age 12-23 months who have received 3 doses of rotavirus vaccine (%),80.9,0.0,True,False
Gujarat,Rajkot,Child Vaccinations and Vitamin A Supplementation,54,Children age 9-35 months who received a vitamin A dose in the last 6 months (%),88.6,84.2,False,False
Gujarat,Rajkot,Child Vaccinations and Vitamin A Supplementation,55,Children age 12-23 months who received most of their vaccinations in a public health facility (%),88.6,86.8,True,False
Gujarat,Rajkot,Child Vaccinations and Vitamin A Supplementation,56,Children age 12-23 months who received most of their vaccinations in a private health facility (%),11.4,13.2,True,False
Gujarat,Rajkot,Treatment of Childhood Diseases (children under age 5 years),57,Prevalence of diarrhoea in the 2 weeks preceding the survey (%),4.1,4.3,False,False
Gujarat,Rajkot,Treatment of Childhood Diseases (children under age 5 years),58,Prevalence of symptoms of acute respiratory infection (ARI) in the 2 weeks preceding the survey (%),0.0,1.2,False,False
Gujarat,Rajkot,Treatment of Childhood Diseases (children under age 5 years),59,Children with fever or symptoms of ARI in the 2 weeks preceding the survey taken to a health facility or,*,*,True,False
Gujarat,Rajkot,Child Feeding Practices and Nutritional Status of Children,60,Children under age 3 years breastfed within one hour of birth 9 (%),25.7,45.2,False,False
Gujarat,Rajkot,Child Feeding Practices and Nutritional Status of Children,61,Children under age 6 months exclusively breastfed10 (%),*,*,True,False
Gujarat,Rajkot,Child Feeding Practices and Nutritional Status of Children,62,Children under age 6 months currently breastfeeding10 (%),*,*,True,False
Gujarat,Rajkot,Child Feeding Practices and Nutritional Status of Children,63,Children under age 6 months exclusively breastfed or breastfeeding and consuming plain water/other,*,*,True,False
Gujarat,Rajkot,Child Feeding Practices and Nutritional Status of Children,64,Children age 6-8 months receiving solid or semi-solid food and breastmilk10 (%),*,*,True,False
Gujarat,Rajkot,Child Feeding Practices and Nutritional Status of Children,65,"Breastfeeding children age 6-23 months receiving an adequate diet10, 11 (%)",12.1,13.6,True,False
Gujarat,Rajkot,Child Feeding Practices and Nutritional Status of Children,66,"Non-breastfeeding children age 6-23 months receiving an adequate diet 10, 11 (%)",*,*,True,False
Gujarat,Rajkot,Child Feeding Practices and Nutritional Status of Children,67,"Total children age 6-23 months receiving an adequate diet10, 11 (%)",8.6,14.2,False,False
Gujarat,Rajkot,Child Feeding Practices and Nutritional Status of Children,68,Children under 5 years who are stunted (height-for-age)12 (%),28.5,38.9,False,False
Gujarat,Rajkot,Child Feeding Practices and Nutritional Status of Children,69,Children under 5 years who are wasted (weight-for-height)12 (%),15.4,17.6,False,False
Gujarat,Rajkot,Child Feeding Practices and Nutritional Status of Children,70,Children under 5 years who are severely wasted (weight-for-height)13 (%),4.0,7.3,False,False
Gujarat,Rajkot,Child Feeding Practices and Nutritional Status of Children,71,Children under 5 years who are underweight (weight-for-age)12 (%),23.1,37.0,False,False
Gujarat,Rajkot,Child Feeding Practices and Nutritional Status of Children,72,Children under 5 years who are overweight (weight-for-height)14 (%),4.3,8.1,False,False
Gujarat,Rajkot,Nutritional Status of Adults (age 15-49 years),73,Women whose Body Mass Index (BMI) is below normal (BMI <18.5 kg/m 2)15 (%),13.4,19.5,False,False
Gujarat,Rajkot,Nutritional Status of Adults (age 15-49 years),74,Women who are overweight or obese (BMI ≥25.0 kg/m2)15 (%),44.5,28.0,False,False
Gujarat,Rajkot,Women,75,Blood sugar level - high (141-160 mg/dl)16 (%),7.3,7.7,False,False
Gujarat,Rajkot,Women,76,Blood sugar level - very high (>160 mg/dl)16 (%),7.7,7.5,False,False
Gujarat,Rajkot,Women,77,Blood sugar level - high or very high (>140 mg/dl) or taking medicine to control blood sugar level16 (%),16.5,16.6,False,False
Gujarat,Rajkot,Men,78,Blood sugar level - high (141-160 mg/dl)16 (%),7.8,8.5,False,False
Gujarat,Rajkot,Men,79,Blood sugar level - very high (>160 mg/dl)16 (%),8.1,6.2,False,False
Gujarat,Rajkot,Men,80,Blood sugar level - high or very high (>140 mg/dl) or taking medicine to control blood sugar level 16 (%),17.9,15.4,False,False
Gujarat,Rajkot,Women,81,Mildly elevated blood pressure (Systolic 140-159 mm of Hg and/or Diastolic 90-99 mm of Hg) (%),12.0,9.4,False,False
Gujarat,Rajkot,Women,82,Moderately or severely elevated blood pressure (Systolic ≥160 mm of Hg and/or Diastolic ≥100 mm,4.8,2.5,False,False
Gujarat,Rajkot,Women,83,Elevated blood pressure (Systolic ≥140 mm of Hg and/or Diastolic ≥90 mm of Hg) or taking medicine to,26.2,17.8,False,False
Gujarat,Rajkot,Men,84,Mildly elevated blood pressure (Systolic 140-159 mm of Hg and/or Diastolic 90-99 mm of Hg) (%),12.6,8.9,False,False
Gujarat,Rajkot,Men,85,Moderately or severely elevated blood pressure (Systolic ≥160 mm of Hg and/or Diastolic ≥100 mm,4.4,2.4,False,False
Gujarat,Rajkot,Men,86,Elevated blood pressure (Systolic ≥140 mm of Hg and/or Diastolic ≥90 mm of Hg) or taking medicine to,23.3,14.5,False,False
Gujarat,Rajkot,Men,87,Women having a bank or savings account that they themselves use (%),78.3,76.9,False,False
Gujarat,Rajkot,Men,88,Women having a mobile phone that they themselves use (%),66.2,65.9,False,False
Gujarat,Rajkot,Men,89,Women age 15-24 years who use hygienic methods of protection during their menstrual period17 (%),73.3,84.5,False,False
Gujarat,Rajkot,Tobacco Use and Alcohol Consumption among Adults (age 15 years and above),90,Women age 15 years and above who use any kind of tobacco (%),1.9,7.2,False,False
Gujarat,Rajkot,Tobacco Use and Alcohol Consumption among Adults (age 15 years and above),91,Men age 15 years and above who use any kind of tobacco (%),27.5,53.4,False,False
Gujarat,Rajkot,Tobacco Use and Alcohol Consumption among Adults (age 15 years and above),92,Women age 15 years and above who consume alcohol (%),0.1,0.1,False,False
Gujarat,Rajkot,Tobacco Use and Alcohol Consumption among Adults (age 15 years and above),93,Men age 15 years and above who consume alcohol (%),1.4,1.2,False,False
Gujarat,Sabar Kantha,Population and Household Profile,1,Population below age 5 years (%),7.9,8.9,False,False
Gujarat,Sabar Kantha,Population and Household Profile,2,Population below age 15 years (%),24.2,26.6,False,False
Gujarat,Sabar Kantha,Population and Household Profile,3,Population age 60 years and above (%),12.6,11.1,False,False
Gujarat,Sabar Kantha,Population and Household Profile,4,Population living in households with electricity (%),98.1,95.3,False,False
Gujarat,Sabar Kantha,Population and Household Profile,5,Population living in households with an improved drinking-water source1 (%),87.5,90.7,False,False
Gujarat,Sabar Kantha,Population and Household Profile,6,Households using iodized salt (%),97.5,94.6,False,False
Gujarat,Sabar Kantha,Population and Household Profile,7,Households with any usual member covered under a health insurance/financing scheme (%),75.9,56.2,False,False
Gujarat,Sabar Kantha,Population and Household Profile,8,Households with any usual member having a bank account/post office account (%),99.3,97.0,False,False
Gujarat,Sabar Kantha,Population and Household Profile,9,Female population age 6 years and above who ever attended school (%),73.2,68.7,False,False
Gujarat,Sabar Kantha,Population and Household Profile,10,Households with any usual female members owning a house and/or land (alone or jointly with others) (%),15.0,12.6,False,False
Gujarat,Sabar Kantha,Population and Household Profile,11,Children age 2-4 years who attended pre-school (%),58.9,67.3,False,False
Gujarat,Sabar Kantha,Characteristics of Adults (age 15-49 years),12,Women with 10 or more years of schooling (%),38.3,31.1,False,False
Gujarat,Sabar Kantha,Characteristics of Adults (age 15-49 years),13,Men with 10 or more years of schooling (%),73.3,42.4,False,False
Gujarat,Sabar Kantha,Characteristics of Adults (age 15-49 years),14,Women who have ever used the internet (%),60.9,16.6,False,False
Gujarat,Sabar Kantha,Characteristics of Adults (age 15-49 years),15,Men who have ever used the internet (%),82.4,57.9,False,False
Gujarat,Sabar Kantha,Marriage and Fertility,16,Women age 20-24 years married before age 18 years (%),14.9,27.0,False,False
Gujarat,Sabar Kantha,Marriage and Fertility,17,Men age 25-29 years married before age 21 years (%),*,*,True,False
Gujarat,Sabar Kantha,Marriage and Fertility,18,Three or more births in the 5 years preceding the survey (%),1.1,4.0,False,False
Gujarat,Sabar Kantha,Marriage and Fertility,19,Women age 15-19 years who were already mothers or pregnant at the time of the survey (%),11.7,6.1,False,False
Gujarat,Sabar Kantha,Marriage and Fertility,20,Any method2 (%),71.6,66.4,False,False
Gujarat,Sabar Kantha,Marriage and Fertility,21,Any modern method2 (%),45.9,55.5,False,False
Gujarat,Sabar Kantha,Marriage and Fertility,22,Any traditional method (%),25.7,10.9,False,False
Gujarat,Sabar Kantha,Marriage and Fertility,23,Female sterilization (%),33.8,37.3,False,False
Gujarat,Sabar Kantha,Marriage and Fertility,24,Male sterilization (%),0.0,0.0,False,False
Gujarat,Sabar Kantha,Marriage and Fertility,25,Total unmet need3 (%),4.7,9.2,False,False
Gujarat,Sabar Kantha,Marriage and Fertility,26,Unmet need for spacing3 (%),2.8,3.6,False,False
Gujarat,Sabar Kantha,Marriage and Fertility,27,Unmet need for limiting3 (%),1.9,5.6,False,False
Gujarat,Sabar Kantha,Antenatal Care (for last birth in the 5 years before the survey),28,Mothers who had an antenatal check-up in the first trimester (%),84.4,70.1,False,False
Gujarat,Sabar Kantha,Antenatal Care (for last birth in the 5 years before the survey),29,Mothers who had any antenatal care visits (%),98.3,95.3,False,False
Gujarat,Sabar Kantha,Antenatal Care (for last birth in the 5 years before the survey),30,Mothers who had at least 4 antenatal care visits (%),85.8,73.2,False,False
Gujarat,Sabar Kantha,Antenatal Care (for last birth in the 5 years before the survey),31,Mothers whose last birth was protected against neonatal tetanus 4 (%),94.6,90.7,False,False
Gujarat,Sabar Kantha,Antenatal Care (for last birth in the 5 years before the survey),32,Mothers who consumed iron folic acid for 100 days or more when they were pregnant (%),56.9,52.2,False,False
Gujarat,Sabar Kantha,Antenatal Care (for last birth in the 5 years before the survey),33,Mothers who consumed iron folic acid for 180 days or more when they were pregnant (%),29.1,24.6,False,False
Gujarat,Sabar Kantha,Antenatal Care (for last birth in the 5 years before the survey),34,Registered pregnancies for which the mother received a Mother and Child Protection (MCP) card (%),99.1,99.1,False,False
Gujarat,Sabar Kantha,Delivery Care (for births in the 5 years before the survey),35,Institutional births (%),95.4,89.4,False,False
Gujarat,Sabar Kantha,Delivery Care (for births in the 5 years before the survey),36,Institutional births in public facility (%),35.7,38.3,False,False
Gujarat,Sabar Kantha,Delivery Care (for births in the 5 years before the survey),37,Births attended by skilled health personnel5 (%),90.3,83.0,False,False
Gujarat,Sabar Kantha,Delivery Care (for births in the 5 years before the survey),38,Births delivered by caesarean section (%),30.6,23.7,False,False
Gujarat,Sabar Kantha,Delivery Care (for births in the 5 years before the survey),39,Births in a private health facility that were delivered by caesarean section (%),44.8,37.7,False,False
Gujarat,Sabar Kantha,Delivery Care (for births in the 5 years before the survey),40,Births in a public health facility that were delivered by caesarean section (%),10.8,11.6,False,False
Gujarat,Sabar Kantha,Postnatal Care (for last birth in the 5 years before the survey),41,Mothers who received postnatal care from a doctor/nurse/LHV/ANM/midwife/other health personnel within 2,92.1,86.9,False,False
Gujarat,Sabar Kantha,Postnatal Care (for last birth in the 5 years before the survey),42,Children born at home who were taken to a health facility for a check-up within 24 hours of birth (%),*,*,True,False
Gujarat,Sabar Kantha,Postnatal Care (for last birth in the 5 years before the survey),43,Children who received postnatal care from a doctor/nurse/LHV/ANM/midwife/other health personnel within 2,93.5,83.9,False,False
Gujarat,Sabar Kantha,Child Vaccinations and Vitamin A Supplementation,44,Children age 12-23 months fully vaccinated based on information from either vaccination card or mother's,92.6,88.5,False,False
Gujarat,Sabar Kantha,Child Vaccinations and Vitamin A Supplementation,45,Children age 12-23 months fully vaccinated based on information from vaccination card only 7 (%),91.6,89.7,False,False
Gujarat,Sabar Kantha,Child Vaccinations and Vitamin A Supplementation,46,Children age 12-23 months who have received any vaccine (%),100.0,100.0,False,False
Gujarat,Sabar Kantha,Child Vaccinations and Vitamin A Supplementation,47,Children age 12-23 months who have received BCG (%),100.0,98.6,False,False
Gujarat,Sabar Kantha,Child Vaccinations and Vitamin A Supplementation,48,Children age 12-23 months who have received 3 doses of polio vaccine8 (%),92.6,88.5,False,False
Gujarat,Sabar Kantha,Child Vaccinations and Vitamin A Supplementation,49,Children age 12-23 months who have received 3 doses of pentavalent vaccine (%),94.2,93.1,False,False
Gujarat,Sabar Kantha,Child Vaccinations and Vitamin A Supplementation,50,Children age 12-23 months who have received the first dose of measles-containing vaccine (MCV) (%),94.2,93.1,False,False
Gujarat,Sabar Kantha,Child Vaccinations and Vitamin A Supplementation,51,Children age 24-35 months who have received a second dose of measles-containing vaccine (MCV) (%),76.9,71.0,False,False
Gujarat,Sabar Kantha,Child Vaccinations and Vitamin A Supplementation,52,Children age 12-23 months who have received birth dose of hepatitis B vaccine (%),90.2,64.0,False,False
Gujarat,Sabar Kantha,Child Vaccinations and Vitamin A Supplementation,53,Children age 12-23 months who have received 3 doses of rotavirus vaccine (%),89.9,0.0,False,False
Gujarat,Sabar Kantha,Child Vaccinations and Vitamin A Supplementation,54,Children age 9-35 months who received a vitamin A dose in the last 6 months (%),85.0,87.6,False,False
Gujarat,Sabar Kantha,Child Vaccinations and Vitamin A Supplementation,55,Children age 12-23 months who received most of their vaccinations in a public health facility (%),98.5,98.5,False,False
Gujarat,Sabar Kantha,Child Vaccinations and Vitamin A Supplementation,56,Children age 12-23 months who received most of their vaccinations in a private health facility (%),1.5,1.5,False,False
Gujarat,Sabar Kantha,Treatment of Childhood Diseases (children under age 5 years),57,Prevalence of diarrhoea in the 2 weeks preceding the survey (%),9.2,14.0,False,False
Gujarat,Sabar Kantha,Treatment of Childhood Diseases (children under age 5 years),58,Prevalence of symptoms of acute respiratory infection (ARI) in the 2 weeks preceding the survey (%),0.7,0.5,False,False
Gujarat,Sabar Kantha,Treatment of Childhood Diseases (children under age 5 years),59,Children with fever or symptoms of ARI in the 2 weeks preceding the survey taken to a health facility or,85.5,75.9,True,False
Gujarat,Sabar Kantha,Child Feeding Practices and Nutritional Status of Children,60,Children under age 3 years breastfed within one hour of birth9 (%),49.6,37.1,False,False
Gujarat,Sabar Kantha,Child Feeding Practices and Nutritional Status of Children,61,Children under age 6 months exclusively breastfed10 (%),84.8,71.6,True,False
Gujarat,Sabar Kantha,Child Feeding Practices and Nutritional Status of Children,62,Children under age 6 months currently breastfeeding10 (%),100.0,95.5,True,False
Gujarat,Sabar Kantha,Child Feeding Practices and Nutritional Status of Children,63,Children under age 6 months exclusively breastfed or breastfeeding and consuming plain water/other,93.3,78.5,True,False
Gujarat,Sabar Kantha,Child Feeding Practices and Nutritional Status of Children,64,Children age 6-8 months receiving solid or semi-solid food and breastmilk10 (%),*,*,True,False
Gujarat,Sabar Kantha,Child Feeding Practices and Nutritional Status of Children,65,"Breastfeeding children age 6-23 months receiving an adequate diet10, 11 (%)",5.0,3.6,False,False
Gujarat,Sabar Kantha,Child Feeding Practices and Nutritional Status of Children,66,"Non-breastfeeding children age 6-23 months receiving an adequate diet 10, 11 (%)",*,*,True,False
Gujarat,Sabar Kantha,Child Feeding Practices and Nutritional Status of Children,67,"Total children age 6-23 months receiving an adequate diet10, 11 (%)",4.1,5.1,False,False
Gujarat,Sabar Kantha,Child Feeding Practices and Nutritional Status of Children,68,Children under 5 years who are stunted (height-for-age)12 (%),47.7,37.0,False,False
Gujarat,Sabar Kantha,Child Feeding Practices and Nutritional Status of Children,69,Children under 5 years who are wasted (weight-for-height)12 (%),23.2,33.1,False,False
Gujarat,Sabar Kantha,Child Feeding Practices and Nutritional Status of Children,70,Children under 5 years who are severely wasted (weight-for-height)13 (%),5.4,16.6,False,False
Gujarat,Sabar Kantha,Child Feeding Practices and Nutritional Status of Children,71,Children under 5 years who are underweight (weight-for-age)12 (%),48.7,41.0,False,False
Gujarat,Sabar Kantha,Child Feeding Practices and Nutritional Status of Children,72,Children under 5 years who are overweight (weight-for-height)14 (%),0.0,4.9,False,False
Gujarat,Sabar Kantha,Nutritional Status of Adults (age 15-49 years),73,Women whose Body Mass Index (BMI) is below normal (BMI <18.5 kg/m 2)15 (%),30.6,26.6,False,False
Gujarat,Sabar Kantha,Nutritional Status of Adults (age 15-49 years),74,Women who are overweight or obese (BMI ≥25.0 kg/m2)15 (%),22.8,15.5,False,False
Gujarat,Sabar Kantha,Women,75,Blood sugar level - high (141-160 mg/dl)16 (%),9.3,8.1,False,False
Gujarat,Sabar Kantha,Women,76,Blood sugar level - very high (>160 mg/dl)16 (%),5.8,5.2,False,False
Gujarat,Sabar Kantha,Women,77,Blood sugar level - high or very high (>140 mg/dl) or taking medicine to control blood sugar level16 (%),15.8,13.7,False,False
Gujarat,Sabar Kantha,Men,78,Blood sugar level - high (141-160 mg/dl)16 (%),9.4,8.6,False,False
Gujarat,Sabar Kantha,Men,79,Blood sugar level - very high (>160 mg/dl)16 (%),7.2,6.8,False,False
Gujarat,Sabar Kantha,Men,80,Blood sugar level - high or very high (>140 mg/dl) or taking medicine to control blood sugar level 16 (%),17.6,16.6,False,False
Gujarat,Sabar Kantha,Women,81,Mildly elevated blood pressure (Systolic 140-159 mm of Hg and/or Diastolic 90-99 mm of Hg) (%),12.2,14.4,False,False
Gujarat,Sabar Kantha,Women,82,Moderately or severely elevated blood pressure (Systolic ≥160 mm of Hg and/or Diastolic ≥100 mm,5.7,6.6,False,False
Gujarat,Sabar Kantha,Women,83,Elevated blood pressure (Systolic ≥140 mm of Hg and/or Diastolic ≥90 mm of Hg) or taking medicine to,24.3,24.0,False,False
Gujarat,Sabar Kantha,Men,84,Mildly elevated blood pressure (Systolic 140-159 mm of Hg and/or Diastolic 90-99 mm of Hg) (%),16.2,16.2,False,False
Gujarat,Sabar Kantha,Men,85,Moderately or severely elevated blood pressure (Systolic ≥160 mm of Hg and/or Diastolic ≥100 mm,6.7,7.6,False,False
Gujarat,Sabar Kantha,Men,86,Elevated blood pressure (Systolic ≥140 mm of Hg and/or Diastolic ≥90 mm of Hg) or taking medicine to,27.2,26.1,False,False
Gujarat,Sabar Kantha,Men,87,Women having a bank or savings account that they themselves use (%),83.9,67.3,False,False
Gujarat,Sabar Kantha,Men,88,Women having a mobile phone that they themselves use (%),50.0,44.4,False,False
Gujarat,Sabar Kantha,Men,89,Women age 15-24 years who use hygienic methods of protection during their menstrual period17 (%),72.9,68.4,False,False
Gujarat,Sabar Kantha,Tobacco Use and Alcohol Consumption among Adults (age 15 years and above),90,Women age 15 years and above who use any kind of tobacco (%),6.6,6.8,False,False
Gujarat,Sabar Kantha,Tobacco Use and Alcohol Consumption among Adults (age 15 years and above),91,Men age 15 years and above who use any kind of tobacco (%),41.3,37.8,False,False
Gujarat,Sabar Kantha,Tobacco Use and Alcohol Consumption among Adults (age 15 years and above),92,Women age 15 years and above who consume alcohol (%),0.2,0.5,False,False
Gujarat,Sabar Kantha,Tobacco Use and Alcohol Consumption among Adults (age 15 years and above),93,Men age 15 years and above who consume alcohol (%),5.3,6.8,False,False
Gujarat,Surat,Population and Household Profile,1,Population below age 5 years (%),6.8,6.8,False,False
Gujarat,Surat,Population and Household Profile,2,Population below age 15 years (%),22.3,23.1,False,False
Gujarat,Surat,Population and Household Profile,3,Population age 60 years and above (%),10.8,9.4,False,False
Gujarat,Surat,Population and Household Profile,4,Population living in households with electricity (%),99.7,99.3,False,False
Gujarat,Surat,Population and Household Profile,5,Population living in households with an improved drinking-water source1 (%),99.7,98.9,False,False
Gujarat,Surat,Population and Household Profile,6,Households using iodized salt (%),94.9,96.7,False,False
Gujarat,Surat,Population and Household Profile,7,Households with any usual member covered under a health insurance/financing scheme (%),49.1,35.3,False,False
Gujarat,Surat,Population and Household Profile,8,Households with any usual member having a bank account/post office account (%),97.0,94.7,False,False
Gujarat,Surat,Population and Household Profile,9,Female population age 6 years and above who ever attended school (%),86.3,82.7,False,False
Gujarat,Surat,Population and Household Profile,10,Households with any usual female members owning a house and/or land (alone or jointly with others) (%),19.0,11.2,False,False
Gujarat,Surat,Population and Household Profile,11,Children age 2-4 years who attended pre-school (%),43.0,55.3,False,False
Gujarat,Surat,Characteristics of Adults (age 15-49 years),12,Women with 10 or more years of schooling (%),50.2,44.0,False,False
Gujarat,Surat,Characteristics of Adults (age 15-49 years),13,Men with 10 or more years of schooling (%),60.0,50.5,False,False
Gujarat,Surat,Characteristics of Adults (age 15-49 years),14,Women who have ever used the internet (%),78.8,44.2,False,False
Gujarat,Surat,Characteristics of Adults (age 15-49 years),15,Men who have ever used the internet (%),89.5,68.5,False,False
Gujarat,Surat,Marriage and Fertility,16,Women age 20-24 years married before age 18 years (%),16.8,13.1,False,False
Gujarat,Surat,Marriage and Fertility,17,Men age 25-29 years married before age 21 years (%),*,23.6,True,False
Gujarat,Surat,Marriage and Fertility,18,Three or more births in the 5 years preceding the survey (%),0.0,1.8,False,False
Gujarat,Surat,Marriage and Fertility,19,Women age 15-19 years who were already mothers or pregnant at the time of the survey (%),3.7,4.4,False,False
Gujarat,Surat,Marriage and Fertility,20,Any method2 (%),82.5,78.7,False,False
Gujarat,Surat,Marriage and Fertility,21,Any modern method2 (%),54.0,65.6,False,False
Gujarat,Surat,Marriage and Fertility,22,Any traditional method (%),28.5,13.1,False,False
Gujarat,Surat,Marriage and Fertility,23,Female sterilization (%),33.2,45.2,False,False
Gujarat,Surat,Marriage and Fertility,24,Male sterilization (%),0.0,0.2,False,False
Gujarat,Surat,Marriage and Fertility,25,Total unmet need3 (%),4.0,5.7,False,False
Gujarat,Surat,Marriage and Fertility,26,Unmet need for spacing3 (%),3.2,1.4,False,False
Gujarat,Surat,Marriage and Fertility,27,Unmet need for limiting3 (%),0.8,4.3,False,False
Gujarat,Surat,Antenatal Care (for last birth in the 5 years before the survey),28,Mothers who had an antenatal check-up in the first trimester (%),90.4,92.2,False,False
Gujarat,Surat,Antenatal Care (for last birth in the 5 years before the survey),29,Mothers who had any antenatal care visits (%),99.0,99.0,False,False
Gujarat,Surat,Antenatal Care (for last birth in the 5 years before the survey),30,Mothers who had at least 4 antenatal care visits (%),73.5,93.4,False,False
Gujarat,Surat,Antenatal Care (for last birth in the 5 years before the survey),31,Mothers whose last birth was protected against neonatal tetanus 4 (%),97.2,95.3,False,False
Gujarat,Surat,Antenatal Care (for last birth in the 5 years before the survey),32,Mothers who consumed iron folic acid for 100 days or more when they were pregnant (%),76.1,73.1,False,False
Gujarat,Surat,Antenatal Care (for last birth in the 5 years before the survey),33,Mothers who consumed iron folic acid for 180 days or more when they were pregnant (%),60.0,52.7,False,False
Gujarat,Surat,Antenatal Care (for last birth in the 5 years before the survey),34,Registered pregnancies for which the mother received a Mother and Child Protection (MCP) card (%),95.2,97.4,False,False
Gujarat,Surat,Delivery Care (for births in the 5 years before the survey),35,Institutional births (%),98.2,97.7,False,False
Gujarat,Surat,Delivery Care (for births in the 5 years before the survey),36,Institutional births in public facility (%),34.0,41.1,False,False
Gujarat,Surat,Delivery Care (for births in the 5 years before the survey),37,Births attended by skilled health personnel5 (%),89.6,98.8,False,False
Gujarat,Surat,Delivery Care (for births in the 5 years before the survey),38,Births delivered by caesarean section (%),38.0,25.0,False,False
Gujarat,Surat,Delivery Care (for births in the 5 years before the survey),39,Births in a private health facility that were delivered by caesarean section (%),51.1,34.1,False,False
Gujarat,Surat,Delivery Care (for births in the 5 years before the survey),40,Births in a public health facility that were delivered by caesarean section (%),15.4,14.0,False,False
Gujarat,Surat,Postnatal Care (for last birth in the 5 years before the survey),41,Mothers who received postnatal care from a doctor/nurse/LHV/ANM/midwife/other health personnel within 2,97.4,96.7,False,False
Gujarat,Surat,Postnatal Care (for last birth in the 5 years before the survey),42,Children born at home who were taken to a health facility for a check-up within 24 hours of birth (%),*,*,True,False
Gujarat,Surat,Postnatal Care (for last birth in the 5 years before the survey),43,Children who received postnatal care from a doctor/nurse/LHV/ANM/midwife/other health personnel within 2,96.7,95.3,False,False
Gujarat,Surat,Child Vaccinations and Vitamin A Supplementation,44,Children age 12-23 months fully vaccinated based on information from either vaccination card or mother's,73.9,92.8,True,False
Gujarat,Surat,Child Vaccinations and Vitamin A Supplementation,45,Children age 12-23 months fully vaccinated based on information from vaccination card only 7 (%),79.8,92.8,True,False
Gujarat,Surat,Child Vaccinations and Vitamin A Supplementation,46,Children age 12-23 months who have received any vaccine (%),89.8,100.0,True,False
Gujarat,Surat,Child Vaccinations and Vitamin A Supplementation,47,Children age 12-23 months who have received BCG (%),87.5,100.0,True,False
Gujarat,Surat,Child Vaccinations and Vitamin A Supplementation,48,Children age 12-23 months who have received 3 doses of polio vaccine8 (%),79.4,92.8,True,False
Gujarat,Surat,Child Vaccinations and Vitamin A Supplementation,49,Children age 12-23 months who have received 3 doses of pentavalent vaccine (%),80.2,92.8,True,False
Gujarat,Surat,Child Vaccinations and Vitamin A Supplementation,50,Children age 12-23 months who have received the first dose of measles-containing vaccine (MCV) (%),85.5,95.2,True,False
Gujarat,Surat,Child Vaccinations and Vitamin A Supplementation,51,Children age 24-35 months who have received a second dose of measles-containing vaccine (MCV) (%),69.7,67.2,True,False
Gujarat,Surat,Child Vaccinations and Vitamin A Supplementation,52,Children age 12-23 months who have received birth dose of hepatitis B vaccine (%),67.7,74.6,True,False
Gujarat,Surat,Child Vaccinations and Vitamin A Supplementation,53,Children age 12-23 months who have received 3 doses of rotavirus vaccine (%),74.4,0.0,True,False
Gujarat,Surat,Child Vaccinations and Vitamin A Supplementation,54,Children age 9-35 months who received a vitamin A dose in the last 6 months (%),90.8,92.5,False,False
Gujarat,Surat,Child Vaccinations and Vitamin A Supplementation,55,Children age 12-23 months who received most of their vaccinations in a public health facility (%),94.3,86.5,True,False
Gujarat,Surat,Child Vaccinations and Vitamin A Supplementation,56,Children age 12-23 months who received most of their vaccinations in a private health facility (%),2.7,13.5,True,False
Gujarat,Surat,Treatment of Childhood Diseases (children under age 5 years),57,Prevalence of diarrhoea in the 2 weeks preceding the survey (%),2.1,3.1,False,False
Gujarat,Surat,Treatment of Childhood Diseases (children under age 5 years),58,Prevalence of symptoms of acute respiratory infection (ARI) in the 2 weeks preceding the survey (%),0.4,0.0,False,False
Gujarat,Surat,Treatment of Childhood Diseases (children under age 5 years),59,Children with fever or symptoms of ARI in the 2 weeks preceding the survey taken to a health facility or,*,*,True,False
Gujarat,Surat,Child Feeding Practices and Nutritional Status of Children,60,Children under age 3 years breastfed within one hour of birth 9 (%),62.4,44.1,False,False
Gujarat,Surat,Child Feeding Practices and Nutritional Status of Children,61,Children under age 6 months exclusively breastfed10 (%),*,*,True,False
Gujarat,Surat,Child Feeding Practices and Nutritional Status of Children,62,Children under age 6 months currently breastfeeding10 (%),*,*,True,False
Gujarat,Surat,Child Feeding Practices and Nutritional Status of Children,63,Children under age 6 months exclusively breastfed or breastfeeding and consuming plain water/other,*,*,True,False
Gujarat,Surat,Child Feeding Practices and Nutritional Status of Children,64,Children age 6-8 months receiving solid or semi-solid food and breastmilk10 (%),*,*,True,False
Gujarat,Surat,Child Feeding Practices and Nutritional Status of Children,65,"Breastfeeding children age 6-23 months receiving an adequate diet10, 11 (%)",0.0,1.9,True,False
Gujarat,Surat,Child Feeding Practices and Nutritional Status of Children,66,"Non-breastfeeding children age 6-23 months receiving an adequate diet 10, 11 (%)",*,*,True,False
Gujarat,Surat,Child Feeding Practices and Nutritional Status of Children,67,"Total children age 6-23 months receiving an adequate diet10, 11 (%)",2.7,3.2,False,False
Gujarat,Surat,Child Feeding Practices and Nutritional Status of Children,68,Children under 5 years who are stunted (height-for-age)12 (%),30.4,36.1,False,False
Gujarat,Surat,Child Feeding Practices and Nutritional Status of Children,69,Children under 5 years who are wasted (weight-for-height)12 (%),14.1,26.0,False,False
Gujarat,Surat,Child Feeding Practices and Nutritional Status of Children,70,Children under 5 years who are severely wasted (weight-for-height)13 (%),1.0,14.7,False,False
Gujarat,Surat,Child Feeding Practices and Nutritional Status of Children,71,Children under 5 years who are underweight (weight-for-age)12 (%),32.2,32.5,False,False
Gujarat,Surat,Child Feeding Practices and Nutritional Status of Children,72,Children under 5 years who are overweight (weight-for-height)14 (%),0.0,5.3,False,False
Gujarat,Surat,Nutritional Status of Adults (age 15-49 years),73,Women whose Body Mass Index (BMI) is below normal (BMI <18.5 kg/m 2)15 (%),16.0,21.0,False,False
Gujarat,Surat,Nutritional Status of Adults (age 15-49 years),74,Women who are overweight or obese (BMI ≥25.0 kg/m2)15 (%),42.2,25.1,False,False
Gujarat,Surat,Women,75,Blood sugar level - high (141-160 mg/dl)16 (%),6.6,6.8,False,False
Gujarat,Surat,Women,76,Blood sugar level - very high (>160 mg/dl)16 (%),9.0,6.8,False,False
Gujarat,Surat,Women,77,Blood sugar level - high or very high (>140 mg/dl) or taking medicine to control blood sugar level16 (%),17.0,14.6,False,False
Gujarat,Surat,Men,78,Blood sugar level - high (141-160 mg/dl)16 (%),6.8,9.3,False,False
Gujarat,Surat,Men,79,Blood sugar level - very high (>160 mg/dl)16 (%),10.8,6.4,False,False
Gujarat,Surat,Men,80,Blood sugar level - high or very high (>140 mg/dl) or taking medicine to control blood sugar level 16 (%),19.4,16.1,False,False
Gujarat,Surat,Women,81,Mildly elevated blood pressure (Systolic 140-159 mm of Hg and/or Diastolic 90-99 mm of Hg) (%),8.6,15.3,False,False
Gujarat,Surat,Women,82,Moderately or severely elevated blood pressure (Systolic ≥160 mm of Hg and/or Diastolic ≥100 mm,3.8,4.9,False,False
Gujarat,Surat,Women,83,Elevated blood pressure (Systolic ≥140 mm of Hg and/or Diastolic ≥90 mm of Hg) or taking medicine to,19.6,23.4,False,False
Gujarat,Surat,Men,84,Mildly elevated blood pressure (Systolic 140-159 mm of Hg and/or Diastolic 90-99 mm of Hg) (%),10.5,17.1,False,False
Gujarat,Surat,Men,85,Moderately or severely elevated blood pressure (Systolic ≥160 mm of Hg and/or Diastolic ≥100 mm,6.4,3.9,False,False
Gujarat,Surat,Men,86,Elevated blood pressure (Systolic ≥140 mm of Hg and/or Diastolic ≥90 mm of Hg) or taking medicine to,22.9,22.6,False,False
Gujarat,Surat,Men,87,Women having a bank or savings account that they themselves use (%),83.4,73.6,False,False
Gujarat,Surat,Men,88,Women having a mobile phone that they themselves use (%),78.5,56.3,False,False
Gujarat,Surat,Men,89,Women age 15-24 years who use hygienic methods of protection during their menstrual period17 (%),88.7,80.4,False,False
Gujarat,Surat,Tobacco Use and Alcohol Consumption among Adults (age 15 years and above),90,Women age 15 years and above who use any kind of tobacco (%),3.8,7.7,False,False
Gujarat,Surat,Tobacco Use and Alcohol Consumption among Adults (age 15 years and above),91,Men age 15 years and above who use any kind of tobacco (%),31.5,32.5,False,False
Gujarat,Surat,Tobacco Use and Alcohol Consumption among Adults (age 15 years and above),92,Women age 15 years and above who consume alcohol (%),0.3,1.6,False,False
Gujarat,Surat,Tobacco Use and Alcohol Consumption among Adults (age 15 years and above),93,Men age 15 years and above who consume alcohol (%),7.0,8.7,False,False
Gujarat,Surendranagar,Population and Household Profile,1,Population below age 5 years (%),7.6,7.2,False,False
Gujarat,Surendranagar,Population and Household Profile,2,Population below age 15 years (%),23.0,23.7,False,False
Gujarat,Surendranagar,Population and Household Profile,3,Population age 60 years and above (%),13.6,14.3,False,False
Gujarat,Surendranagar,Population and Household Profile,4,Population living in households with electricity (%),98.7,99.4,False,False
Gujarat,Surendranagar,Population and Household Profile,5,Population living in households with an improved drinking-water source1 (%),95.4,96.9,False,False
Gujarat,Surendranagar,Population and Household Profile,6,Households using iodized salt (%),96.0,97.6,False,False
Gujarat,Surendranagar,Population and Household Profile,7,Households with any usual member covered under a health insurance/financing scheme (%),57.1,56.4,False,False
Gujarat,Surendranagar,Population and Household Profile,8,Households with any usual member having a bank account/post office account (%),97.7,94.8,False,False
Gujarat,Surendranagar,Population and Household Profile,9,Female population age 6 years and above who ever attended school (%),68.8,66.0,False,False
Gujarat,Surendranagar,Population and Household Profile,10,Households with any usual female members owning a house and/or land (alone or jointly with others) (%),11.5,12.5,False,False
Gujarat,Surendranagar,Population and Household Profile,11,Children age 2-4 years who attended pre-school (%),49.9,55.0,False,False
Gujarat,Surendranagar,Characteristics of Adults (age 15-49 years),12,Women with 10 or more years of schooling (%),28.2,23.3,False,False
Gujarat,Surendranagar,Characteristics of Adults (age 15-49 years),13,Men with 10 or more years of schooling (%),39.6,39.6,False,False
Gujarat,Surendranagar,Characteristics of Adults (age 15-49 years),14,Women who have ever used the internet (%),52.6,18.3,False,False
Gujarat,Surendranagar,Characteristics of Adults (age 15-49 years),15,Men who have ever used the internet (%),90.8,60.5,False,False
Gujarat,Surendranagar,Marriage and Fertility,16,Women age 20-24 years married before age 18 years (%),12.8,19.5,False,False
Gujarat,Surendranagar,Marriage and Fertility,17,Men age 25-29 years married before age 21 years (%),*,*,True,False
Gujarat,Surendranagar,Marriage and Fertility,18,Three or more births in the 5 years preceding the survey (%),1.8,4.5,False,False
Gujarat,Surendranagar,Marriage and Fertility,19,Women age 15-19 years who were already mothers or pregnant at the time of the survey (%),1.0,6.3,False,False
Gujarat,Surendranagar,Marriage and Fertility,20,Any method2 (%),71.3,76.0,False,False
Gujarat,Surendranagar,Marriage and Fertility,21,Any modern method2 (%),54.6,65.7,False,False
Gujarat,Surendranagar,Marriage and Fertility,22,Any traditional method (%),16.7,10.3,False,False
Gujarat,Surendranagar,Marriage and Fertility,23,Female sterilization (%),34.8,47.3,False,False
Gujarat,Surendranagar,Marriage and Fertility,24,Male sterilization (%),0.3,0.1,False,False
Gujarat,Surendranagar,Marriage and Fertility,25,Total unmet need3 (%),6.4,8.3,False,False
Gujarat,Surendranagar,Marriage and Fertility,26,Unmet need for spacing3 (%),3.5,4.0,False,False
Gujarat,Surendranagar,Marriage and Fertility,27,Unmet need for limiting3 (%),2.9,4.3,False,False
Gujarat,Surendranagar,Antenatal Care (for last birth in the 5 years before the survey),28,Mothers who had an antenatal check-up in the first trimester (%),79.5,84.0,False,False
Gujarat,Surendranagar,Antenatal Care (for last birth in the 5 years before the survey),29,Mothers who had any antenatal care visits (%),96.5,91.4,False,False
Gujarat,Surendranagar,Antenatal Care (for last birth in the 5 years before the survey),30,Mothers who had at least 4 antenatal care visits (%),75.3,57.5,False,False
Gujarat,Surendranagar,Antenatal Care (for last birth in the 5 years before the survey),31,Mothers whose last birth was protected against neonatal tetanus 4 (%),96.2,90.7,False,False
Gujarat,Surendranagar,Antenatal Care (for last birth in the 5 years before the survey),32,Mothers who consumed iron folic acid for 100 days or more when they were pregnant (%),64.4,39.6,False,False
Gujarat,Surendranagar,Antenatal Care (for last birth in the 5 years before the survey),33,Mothers who consumed iron folic acid for 180 days or more when they were pregnant (%),53.3,25.4,False,False
Gujarat,Surendranagar,Antenatal Care (for last birth in the 5 years before the survey),34,Registered pregnancies for which the mother received a Mother and Child Protection (MCP) card (%),98.3,98.6,False,False
Gujarat,Surendranagar,Delivery Care (for births in the 5 years before the survey),35,Institutional births (%),95.5,85.6,False,False
Gujarat,Surendranagar,Delivery Care (for births in the 5 years before the survey),36,Institutional births in public facility (%),41.4,45.4,False,False
Gujarat,Surendranagar,Delivery Care (for births in the 5 years before the survey),37,Births attended by skilled health personnel5 (%),90.8,83.6,False,False
Gujarat,Surendranagar,Delivery Care (for births in the 5 years before the survey),38,Births delivered by caesarean section (%),22.4,12.2,False,False
Gujarat,Surendranagar,Delivery Care (for births in the 5 years before the survey),39,Births in a private health facility that were delivered by caesarean section (%),31.5,24.4,False,False
Gujarat,Surendranagar,Delivery Care (for births in the 5 years before the survey),40,Births in a public health facility that were delivered by caesarean section (%),13.1,5.3,False,False
Gujarat,Surendranagar,Postnatal Care (for last birth in the 5 years before the survey),41,Mothers who received postnatal care from a doctor/nurse/LHV/ANM/midwife/other health personnel within 2,82.9,78.4,False,False
Gujarat,Surendranagar,Postnatal Care (for last birth in the 5 years before the survey),42,Children born at home who were taken to a health facility for a check-up within 24 hours of birth (%),*,*,True,False
Gujarat,Surendranagar,Postnatal Care (for last birth in the 5 years before the survey),43,Children who received postnatal care from a doctor/nurse/LHV/ANM/midwife/other health personnel within 2,87.7,73.4,False,False
Gujarat,Surendranagar,Child Vaccinations and Vitamin A Supplementation,44,Children age 12-23 months fully vaccinated based on information from either vaccination card or mother's,67.8,62.5,False,False
Gujarat,Surendranagar,Child Vaccinations and Vitamin A Supplementation,45,Children age 12-23 months fully vaccinated based on information from vaccination card only 7 (%),71.2,68.4,True,False
Gujarat,Surendranagar,Child Vaccinations and Vitamin A Supplementation,46,Children age 12-23 months who have received any vaccine (%),95.7,93.4,False,False
Gujarat,Surendranagar,Child Vaccinations and Vitamin A Supplementation,47,Children age 12-23 months who have received BCG (%),95.7,91.2,False,False
Gujarat,Surendranagar,Child Vaccinations and Vitamin A Supplementation,48,Children age 12-23 months who have received 3 doses of polio vaccine8 (%),75.0,67.8,False,False
Gujarat,Surendranagar,Child Vaccinations and Vitamin A Supplementation,49,Children age 12-23 months who have received 3 doses of pentavalent vaccine (%),74.6,75.2,False,False
Gujarat,Surendranagar,Child Vaccinations and Vitamin A Supplementation,50,Children age 12-23 months who have received the first dose of measles-containing vaccine (MCV) (%),80.9,78.4,False,False
Gujarat,Surendranagar,Child Vaccinations and Vitamin A Supplementation,51,Children age 24-35 months who have received a second dose of measles-containing vaccine (MCV) (%),69.3,66.9,False,False
Gujarat,Surendranagar,Child Vaccinations and Vitamin A Supplementation,52,Children age 12-23 months who have received birth dose of hepatitis B vaccine (%),80.4,52.0,False,False
Gujarat,Surendranagar,Child Vaccinations and Vitamin A Supplementation,53,Children age 12-23 months who have received 3 doses of rotavirus vaccine (%),57.2,1.6,False,False
Gujarat,Surendranagar,Child Vaccinations and Vitamin A Supplementation,54,Children age 9-35 months who received a vitamin A dose in the last 6 months (%),78.5,79.4,False,False
Gujarat,Surendranagar,Child Vaccinations and Vitamin A Supplementation,55,Children age 12-23 months who received most of their vaccinations in a public health facility (%),91.4,93.7,False,False
Gujarat,Surendranagar,Child Vaccinations and Vitamin A Supplementation,56,Children age 12-23 months who received most of their vaccinations in a private health facility (%),8.6,5.2,False,False
Gujarat,Surendranagar,Treatment of Childhood Diseases (children under age 5 years),57,Prevalence of diarrhoea in the 2 weeks preceding the survey (%),7.9,8.6,False,False
Gujarat,Surendranagar,Treatment of Childhood Diseases (children under age 5 years),58,Prevalence of symptoms of acute respiratory infection (ARI) in the 2 weeks preceding the survey (%),1.0,2.9,False,False
Gujarat,Surendranagar,Treatment of Childhood Diseases (children under age 5 years),59,Children with fever or symptoms of ARI in the 2 weeks preceding the survey taken to a health facility or,70.9,79.8,True,False
Gujarat,Surendranagar,Child Feeding Practices and Nutritional Status of Children,60,Children under age 3 years breastfed within one hour of birth 9 (%),50.0,30.0,False,False
Gujarat,Surendranagar,Child Feeding Practices and Nutritional Status of Children,61,Children under age 6 months exclusively breastfed10 (%),54.2,67.5,True,False
Gujarat,Surendranagar,Child Feeding Practices and Nutritional Status of Children,62,Children under age 6 months currently breastfeeding10 (%),97.6,89.1,True,False
Gujarat,Surendranagar,Child Feeding Practices and Nutritional Status of Children,63,Children under age 6 months exclusively breastfed or breastfeeding and consuming plain water/other,81.9,73.5,True,False
Gujarat,Surendranagar,Child Feeding Practices and Nutritional Status of Children,64,Children age 6-8 months receiving solid or semi-solid food and breastmilk10 (%),*,*,True,False
Gujarat,Surendranagar,Child Feeding Practices and Nutritional Status of Children,65,"Breastfeeding children age 6-23 months receiving an adequate diet10, 11 (%)",5.8,0.0,False,False
Gujarat,Surendranagar,Child Feeding Practices and Nutritional Status of Children,66,"Non-breastfeeding children age 6-23 months receiving an adequate diet 10, 11 (%)",*,*,True,False
Gujarat,Surendranagar,Child Feeding Practices and Nutritional Status of Children,67,"Total children age 6-23 months receiving an adequate diet10, 11 (%)",3.9,0.9,False,False
Gujarat,Surendranagar,Child Feeding Practices and Nutritional Status of Children,68,Children under 5 years who are stunted (height-for-age)12 (%),38.7,39.2,False,False
Gujarat,Surendranagar,Child Feeding Practices and Nutritional Status of Children,69,Children under 5 years who are wasted (weight-for-height)12 (%),23.1,27.1,False,False
Gujarat,Surendranagar,Child Feeding Practices and Nutritional Status of Children,70,Children under 5 years who are severely wasted (weight-for-height)13 (%),5.2,8.8,False,False
Gujarat,Surendranagar,Child Feeding Practices and Nutritional Status of Children,71,Children under 5 years who are underweight (weight-for-age)12 (%),40.7,41.8,False,False
Gujarat,Surendranagar,Child Feeding Practices and Nutritional Status of Children,72,Children under 5 years who are overweight (weight-for-height)14 (%),0.6,5.2,False,False
Gujarat,Surendranagar,Nutritional Status of Adults (age 15-49 years),73,Women whose Body Mass Index (BMI) is below normal (BMI <18.5 kg/m 2)15 (%),21.0,24.1,False,False
Gujarat,Surendranagar,Nutritional Status of Adults (age 15-49 years),74,Women who are overweight or obese (BMI ≥25.0 kg/m2)15 (%),31.7,20.7,False,False
Gujarat,Surendranagar,Women,75,Blood sugar level - high (141-160 mg/dl)16 (%),6.9,8.5,False,False
Gujarat,Surendranagar,Women,76,Blood sugar level - very high (>160 mg/dl)16 (%),8.2,7.0,False,False
Gujarat,Surendranagar,Women,77,Blood sugar level - high or very high (>140 mg/dl) or taking medicine to control blood sugar level16 (%),16.0,16.4,False,False
Gujarat,Surendranagar,Men,78,Blood sugar level - high (141-160 mg/dl)16 (%),7.1,11.3,False,False
Gujarat,Surendranagar,Men,79,Blood sugar level - very high (>160 mg/dl)16 (%),6.3,7.0,False,False
Gujarat,Surendranagar,Men,80,Blood sugar level - high or very high (>140 mg/dl) or taking medicine to control blood sugar level 16 (%),14.4,19.3,False,False
Gujarat,Surendranagar,Women,81,Mildly elevated blood pressure (Systolic 140-159 mm of Hg and/or Diastolic 90-99 mm of Hg) (%),12.9,9.9,False,False
Gujarat,Surendranagar,Women,82,Moderately or severely elevated blood pressure (Systolic ≥160 mm of Hg and/or Diastolic ≥100 mm,4.5,3.5,False,False
Gujarat,Surendranagar,Women,83,Elevated blood pressure (Systolic ≥140 mm of Hg and/or Diastolic ≥90 mm of Hg) or taking medicine to,21.3,17.1,False,False
Gujarat,Surendranagar,Men,84,Mildly elevated blood pressure (Systolic 140-159 mm of Hg and/or Diastolic 90-99 mm of Hg) (%),10.8,9.1,False,False
Gujarat,Surendranagar,Men,85,Moderately or severely elevated blood pressure (Systolic ≥160 mm of Hg and/or Diastolic ≥100 mm,4.7,3.7,False,False
Gujarat,Surendranagar,Men,86,Elevated blood pressure (Systolic ≥140 mm of Hg and/or Diastolic ≥90 mm of Hg) or taking medicine to,19.1,14.7,False,False
Gujarat,Surendranagar,Men,87,Women having a bank or savings account that they themselves use (%),80.2,72.6,False,False
Gujarat,Surendranagar,Men,88,Women having a mobile phone that they themselves use (%),47.5,42.0,False,False
Gujarat,Surendranagar,Men,89,Women age 15-24 years who use hygienic methods of protection during their menstrual period17 (%),56.3,52.8,False,False
Gujarat,Surendranagar,Tobacco Use and Alcohol Consumption among Adults (age 15 years and above),90,Women age 15 years and above who use any kind of tobacco (%),4.9,4.7,False,False
Gujarat,Surendranagar,Tobacco Use and Alcohol Consumption among Adults (age 15 years and above),91,Men age 15 years and above who use any kind of tobacco (%),39.9,47.5,False,False
Gujarat,Surendranagar,Tobacco Use and Alcohol Consumption among Adults (age 15 years and above),92,Women age 15 years and above who consume alcohol (%),0.1,0.1,False,False
Gujarat,Surendranagar,Tobacco Use and Alcohol Consumption among Adults (age 15 years and above),93,Men age 15 years and above who consume alcohol (%),1.8,1.3,False,False
Gujarat,Tapi,Population and Household Profile,1,Population below age 5 years (%),6.7,6.6,False,False
Gujarat,Tapi,Population and Household Profile,2,Population below age 15 years (%),19.8,21.0,False,False
Gujarat,Tapi,Population and Household Profile,3,Population age 60 years and above (%),14.5,13.0,False,False
Gujarat,Tapi,Population and Household Profile,4,Population living in households with electricity (%),99.2,97.6,False,False
Gujarat,Tapi,Population and Household Profile,5,Population living in households with an improved drinking-water source1 (%),99.8,99.0,False,False
Gujarat,Tapi,Population and Household Profile,6,Households using iodized salt (%),97.0,97.9,False,False
Gujarat,Tapi,Population and Household Profile,7,Households with any usual member covered under a health insurance/financing scheme (%),71.1,49.6,False,False
Gujarat,Tapi,Population and Household Profile,8,Households with any usual member having a bank account/post office account (%),98.9,97.0,False,False
Gujarat,Tapi,Population and Household Profile,9,Female population age 6 years and above who ever attended school (%),67.7,66.1,False,False
Gujarat,Tapi,Population and Household Profile,10,Households with any usual female members owning a house and/or land (alone or jointly with others) (%),19.9,22.1,False,False
Gujarat,Tapi,Population and Household Profile,11,Children age 2-4 years who attended pre-school (%),72.7,71.8,False,False
Gujarat,Tapi,Characteristics of Adults (age 15-49 years),12,Women with 10 or more years of schooling (%),36.8,32.5,False,False
Gujarat,Tapi,Characteristics of Adults (age 15-49 years),13,Men with 10 or more years of schooling (%),48.3,33.1,False,False
Gujarat,Tapi,Characteristics of Adults (age 15-49 years),14,Women who have ever used the internet (%),54.5,30.3,False,False
Gujarat,Tapi,Characteristics of Adults (age 15-49 years),15,Men who have ever used the internet (%),86.3,49.3,False,False
Gujarat,Tapi,Marriage and Fertility,16,Women age 20-24 years married before age 18 years (%),19.2,25.3,False,False
Gujarat,Tapi,Marriage and Fertility,17,Men age 25-29 years married before age 21 years (%),25.7,*,True,False
Gujarat,Tapi,Marriage and Fertility,18,Three or more births in the 5 years preceding the survey (%),2.2,2.1,False,False
Gujarat,Tapi,Marriage and Fertility,19,Women age 15-19 years who were already mothers or pregnant at the time of the survey (%),8.1,9.9,False,False
Gujarat,Tapi,Marriage and Fertility,20,Any method2 (%),85.2,83.1,False,False
Gujarat,Tapi,Marriage and Fertility,21,Any modern method2 (%),71.4,74.4,False,False
Gujarat,Tapi,Marriage and Fertility,22,Any traditional method (%),13.8,8.7,False,False
Gujarat,Tapi,Marriage and Fertility,23,Female sterilization (%),51.3,60.8,False,False
Gujarat,Tapi,Marriage and Fertility,24,Male sterilization (%),7.2,4.4,False,False
Gujarat,Tapi,Marriage and Fertility,25,Total unmet need3 (%),2.2,3.2,False,False
Gujarat,Tapi,Marriage and Fertility,26,Unmet need for spacing3 (%),1.6,1.1,False,False
Gujarat,Tapi,Marriage and Fertility,27,Unmet need for limiting3 (%),0.6,2.1,False,False
Gujarat,Tapi,Antenatal Care (for last birth in the 5 years before the survey),28,Mothers who had an antenatal check-up in the first trimester (%),84.8,83.2,False,False
Gujarat,Tapi,Antenatal Care (for last birth in the 5 years before the survey),29,Mothers who had any antenatal care visits (%),98.9,95.7,False,False
Gujarat,Tapi,Antenatal Care (for last birth in the 5 years before the survey),30,Mothers who had at least 4 antenatal care visits (%),77.6,91.0,False,False
Gujarat,Tapi,Antenatal Care (for last birth in the 5 years before the survey),31,Mothers whose last birth was protected against neonatal tetanus 4 (%),95.6,94.2,False,False
Gujarat,Tapi,Antenatal Care (for last birth in the 5 years before the survey),32,Mothers who consumed iron folic acid for 100 days or more when they were pregnant (%),79.9,73.6,False,False
Gujarat,Tapi,Antenatal Care (for last birth in the 5 years before the survey),33,Mothers who consumed iron folic acid for 180 days or more when they were pregnant (%),63.4,51.6,False,False
Gujarat,Tapi,Antenatal Care (for last birth in the 5 years before the survey),34,Registered pregnancies for which the mother received a Mother and Child Protection (MCP) card (%),99.1,99.5,False,False
Gujarat,Tapi,Delivery Care (for births in the 5 years before the survey),35,Institutional births (%),97.5,92.9,False,False
Gujarat,Tapi,Delivery Care (for births in the 5 years before the survey),36,Institutional births in public facility (%),78.1,72.6,False,False
Gujarat,Tapi,Delivery Care (for births in the 5 years before the survey),37,Births attended by skilled health personnel5 (%),85.8,85.2,False,False
Gujarat,Tapi,Delivery Care (for births in the 5 years before the survey),38,Births delivered by caesarean section (%),17.8,14.8,False,False
Gujarat,Tapi,Delivery Care (for births in the 5 years before the survey),39,Births in a private health facility that were delivered by caesarean section (%),50.5,41.7,True,False
Gujarat,Tapi,Delivery Care (for births in the 5 years before the survey),40,Births in a public health facility that were delivered by caesarean section (%),10.3,8.6,False,False
Gujarat,Tapi,Postnatal Care (for last birth in the 5 years before the survey),41,Mothers who received postnatal care from a doctor/nurse/LHV/ANM/midwife/other health personnel within 2,94.4,90.0,False,False
Gujarat,Tapi,Postnatal Care (for last birth in the 5 years before the survey),42,Children born at home who were taken to a health facility for a check-up within 24 hours of birth (%),*,*,True,False
Gujarat,Tapi,Postnatal Care (for last birth in the 5 years before the survey),43,Children who received postnatal care from a doctor/nurse/LHV/ANM/midwife/other health personnel within 2,95.0,89.9,False,False
Gujarat,Tapi,Child Vaccinations and Vitamin A Supplementation,44,Children age 12-23 months fully vaccinated based on information from either vaccination card or mother's,92.8,97.5,True,False
Gujarat,Tapi,Child Vaccinations and Vitamin A Supplementation,45,Children age 12-23 months fully vaccinated based on information from vaccination card only 7 (%),94.3,95.0,True,False
Gujarat,Tapi,Child Vaccinations and Vitamin A Supplementation,46,Children age 12-23 months who have received any vaccine (%),98.2,100.0,True,False
Gujarat,Tapi,Child Vaccinations and Vitamin A Supplementation,47,Children age 12-23 months who have received BCG (%),98.2,97.5,True,False
Gujarat,Tapi,Child Vaccinations and Vitamin A Supplementation,48,Children age 12-23 months who have received 3 doses of polio vaccine8 (%),94.4,100.0,True,False
Gujarat,Tapi,Child Vaccinations and Vitamin A Supplementation,49,Children age 12-23 months who have received 3 doses of pentavalent vaccine (%),96.6,100.0,True,False
Gujarat,Tapi,Child Vaccinations and Vitamin A Supplementation,50,Children age 12-23 months who have received the first dose of measles-containing vaccine (MCV) (%),98.2,100.0,True,False
Gujarat,Tapi,Child Vaccinations and Vitamin A Supplementation,51,Children age 24-35 months who have received a second dose of measles-containing vaccine (MCV) (%),86.7,53.0,True,False
Gujarat,Tapi,Child Vaccinations and Vitamin A Supplementation,52,Children age 12-23 months who have received birth dose of hepatitis B vaccine (%),87.5,86.3,True,False
Gujarat,Tapi,Child Vaccinations and Vitamin A Supplementation,53,Children age 12-23 months who have received 3 doses of rotavirus vaccine (%),91.0,0.0,True,False
Gujarat,Tapi,Child Vaccinations and Vitamin A Supplementation,54,Children age 9-35 months who received a vitamin A dose in the last 6 months (%),92.4,88.3,False,False
Gujarat,Tapi,Child Vaccinations and Vitamin A Supplementation,55,Children age 12-23 months who received most of their vaccinations in a public health facility (%),94.7,97.5,True,False
Gujarat,Tapi,Child Vaccinations and Vitamin A Supplementation,56,Children age 12-23 months who received most of their vaccinations in a private health facility (%),5.3,2.5,True,False
Gujarat,Tapi,Treatment of Childhood Diseases (children under age 5 years),57,Prevalence of diarrhoea in the 2 weeks preceding the survey (%),3.0,8.1,False,False
Gujarat,Tapi,Treatment of Childhood Diseases (children under age 5 years),58,Prevalence of symptoms of acute respiratory infection (ARI) in the 2 weeks preceding the survey (%),0.5,1.6,False,False
Gujarat,Tapi,Treatment of Childhood Diseases (children under age 5 years),59,Children with fever or symptoms of ARI in the 2 weeks preceding the survey taken to a health facility or,*,87.3,True,False
Gujarat,Tapi,Child Feeding Practices and Nutritional Status of Children,60,Children under age 3 years breastfed within one hour of birth 9 (%),59.2,46.8,False,False
Gujarat,Tapi,Child Feeding Practices and Nutritional Status of Children,61,Children under age 6 months exclusively breastfed10 (%),*,*,True,False
Gujarat,Tapi,Child Feeding Practices and Nutritional Status of Children,62,Children under age 6 months currently breastfeeding10 (%),*,*,True,False
Gujarat,Tapi,Child Feeding Practices and Nutritional Status of Children,63,Children under age 6 months exclusively breastfed or breastfeeding and consuming plain water/other,*,*,True,False
Gujarat,Tapi,Child Feeding Practices and Nutritional Status of Children,64,Children age 6-8 months receiving solid or semi-solid food and breastmilk10 (%),*,*,True,False
Gujarat,Tapi,Child Feeding Practices and Nutritional Status of Children,65,"Breastfeeding children age 6-23 months receiving an adequate diet10, 11 (%)",6.1,4.0,True,False
Gujarat,Tapi,Child Feeding Practices and Nutritional Status of Children,66,"Non-breastfeeding children age 6-23 months receiving an adequate diet 10, 11 (%)",*,*,True,False
Gujarat,Tapi,Child Feeding Practices and Nutritional Status of Children,67,"Total children age 6-23 months receiving an adequate diet10, 11 (%)",5.6,6.7,False,False
Gujarat,Tapi,Child Feeding Practices and Nutritional Status of Children,68,Children under 5 years who are stunted (height-for-age)12 (%),33.9,41.7,False,False
Gujarat,Tapi,Child Feeding Practices and Nutritional Status of Children,69,Children under 5 years who are wasted (weight-for-height)12 (%),26.9,36.6,False,False
Gujarat,Tapi,Child Feeding Practices and Nutritional Status of Children,70,Children under 5 years who are severely wasted (weight-for-height)13 (%),9.5,17.1,False,False
Gujarat,Tapi,Child Feeding Practices and Nutritional Status of Children,71,Children under 5 years who are underweight (weight-for-age)12 (%),43.9,51.8,False,False
Gujarat,Tapi,Child Feeding Practices and Nutritional Status of Children,72,Children under 5 years who are overweight (weight-for-height)14 (%),2.0,1.9,False,False
Gujarat,Tapi,Nutritional Status of Adults (age 15-49 years),73,Women whose Body Mass Index (BMI) is below normal (BMI <18.5 kg/m 2)15 (%),34.0,35.4,False,False
Gujarat,Tapi,Nutritional Status of Adults (age 15-49 years),74,Women who are overweight or obese (BMI ≥25.0 kg/m2)15 (%),16.9,12.6,False,False
Gujarat,Tapi,Women,75,Blood sugar level - high (141-160 mg/dl)16 (%),9.6,7.1,False,False
Gujarat,Tapi,Women,76,Blood sugar level - very high (>160 mg/dl)16 (%),8.6,7.9,False,False
Gujarat,Tapi,Women,77,Blood sugar level - high or very high (>140 mg/dl) or taking medicine to control blood sugar level16 (%),18.7,15.8,False,False
Gujarat,Tapi,Men,78,Blood sugar level - high (141-160 mg/dl)16 (%),8.6,9.1,False,False
Gujarat,Tapi,Men,79,Blood sugar level - very high (>160 mg/dl)16 (%),9.2,8.2,False,False
Gujarat,Tapi,Men,80,Blood sugar level - high or very high (>140 mg/dl) or taking medicine to control blood sugar level 16 (%),18.6,18.2,False,False
Gujarat,Tapi,Women,81,Mildly elevated blood pressure (Systolic 140-159 mm of Hg and/or Diastolic 90-99 mm of Hg) (%),9.5,16.6,False,False
Gujarat,Tapi,Women,82,Moderately or severely elevated blood pressure (Systolic ≥160 mm of Hg and/or Diastolic ≥100 mm,7.1,7.6,False,False
Gujarat,Tapi,Women,83,Elevated blood pressure (Systolic ≥140 mm of Hg and/or Diastolic ≥90 mm of Hg) or taking medicine to,18.5,25.2,False,False
Gujarat,Tapi,Men,84,Mildly elevated blood pressure (Systolic 140-159 mm of Hg and/or Diastolic 90-99 mm of Hg) (%),10.2,19.8,False,False
Gujarat,Tapi,Men,85,Moderately or severely elevated blood pressure (Systolic ≥160 mm of Hg and/or Diastolic ≥100 mm,7.9,6.6,False,False
Gujarat,Tapi,Men,86,Elevated blood pressure (Systolic ≥140 mm of Hg and/or Diastolic ≥90 mm of Hg) or taking medicine to,20.2,28.0,False,False
Gujarat,Tapi,Men,87,Women having a bank or savings account that they themselves use (%),92.1,85.1,False,False
Gujarat,Tapi,Men,88,Women having a mobile phone that they themselves use (%),54.2,46.0,False,False
Gujarat,Tapi,Men,89,Women age 15-24 years who use hygienic methods of protection during their menstrual period17 (%),63.7,63.7,False,False
Gujarat,Tapi,Tobacco Use and Alcohol Consumption among Adults (age 15 years and above),90,Women age 15 years and above who use any kind of tobacco (%),7.4,10.8,False,False
Gujarat,Tapi,Tobacco Use and Alcohol Consumption among Adults (age 15 years and above),91,Men age 15 years and above who use any kind of tobacco (%),31.4,35.6,False,False
Gujarat,Tapi,Tobacco Use and Alcohol Consumption among Adults (age 15 years and above),92,Women age 15 years and above who consume alcohol (%),1.8,2.3,False,False
Gujarat,Tapi,Tobacco Use and Alcohol Consumption among Adults (age 15 years and above),93,Men age 15 years and above who consume alcohol (%),11.8,14.5,False,False
Gujarat,The Dangs,Population and Household Profile,1,Population below age 5 years (%),9.0,9.3,False,False
Gujarat,The Dangs,Population and Household Profile,2,Population below age 15 years (%),27.0,28.8,False,False
Gujarat,The Dangs,Population and Household Profile,3,Population age 60 years and above (%),11.3,9.9,False,False
Gujarat,The Dangs,Population and Household Profile,4,Population living in households with electricity (%),96.8,95.9,False,False
Gujarat,The Dangs,Population and Household Profile,5,Population living in households with an improved drinking-water source1 (%),92.9,91.2,False,False
Gujarat,The Dangs,Population and Household Profile,6,Households using iodized salt (%),99.3,98.2,False,False
Gujarat,The Dangs,Population and Household Profile,7,Households with any usual member covered under a health insurance/financing scheme (%),60.5,47.7,False,False
Gujarat,The Dangs,Population and Household Profile,8,Households with any usual member having a bank account/post office account (%),98.3,94.3,False,False
Gujarat,The Dangs,Population and Household Profile,9,Female population age 6 years and above who ever attended school (%),76.2,69.9,False,False
Gujarat,The Dangs,Population and Household Profile,10,Households with any usual female members owning a house and/or land (alone or jointly with others) (%),21.5,15.6,False,False
Gujarat,The Dangs,Population and Household Profile,11,Children age 2-4 years who attended pre-school (%),75.1,72.8,False,False
Gujarat,The Dangs,Characteristics of Adults (age 15-49 years),12,Women with 10 or more years of schooling (%),27.9,20.7,False,False
Gujarat,The Dangs,Characteristics of Adults (age 15-49 years),13,Men with 10 or more years of schooling (%),36.1,28.4,False,False
Gujarat,The Dangs,Characteristics of Adults (age 15-49 years),14,Women who have ever used the internet (%),51.4,14.7,False,False
Gujarat,The Dangs,Characteristics of Adults (age 15-49 years),15,Men who have ever used the internet (%),77.5,48.9,False,False
Gujarat,The Dangs,Marriage and Fertility,16,Women age 20-24 years married before age 18 years (%),36.4,30.2,False,False
Gujarat,The Dangs,Marriage and Fertility,17,Men age 25-29 years married before age 21 years (%),*,*,True,False
Gujarat,The Dangs,Marriage and Fertility,18,Three or more births in the 5 years preceding the survey (%),2.0,4.0,False,False
Gujarat,The Dangs,Marriage and Fertility,19,Women age 15-19 years who were already mothers or pregnant at the time of the survey (%),24.7,13.0,False,False
Gujarat,The Dangs,Marriage and Fertility,20,Any method2 (%),81.3,79.8,False,False
Gujarat,The Dangs,Marriage and Fertility,21,Any modern method2 (%),65.1,69.1,False,False
Gujarat,The Dangs,Marriage and Fertility,22,Any traditional method (%),16.2,10.7,False,False
Gujarat,The Dangs,Marriage and Fertility,23,Female sterilization (%),50.1,55.7,False,False
Gujarat,The Dangs,Marriage and Fertility,24,Male sterilization (%),7.8,5.3,False,False
Gujarat,The Dangs,Marriage and Fertility,25,Total unmet need3 (%),4.6,5.1,False,False
Gujarat,The Dangs,Marriage and Fertility,26,Unmet need for spacing3 (%),2.6,2.6,False,False
Gujarat,The Dangs,Marriage and Fertility,27,Unmet need for limiting3 (%),2.0,2.5,False,False
Gujarat,The Dangs,Antenatal Care (for last birth in the 5 years before the survey),28,Mothers who had an antenatal check-up in the first trimester (%),87.3,86.4,False,False
Gujarat,The Dangs,Antenatal Care (for last birth in the 5 years before the survey),29,Mothers who had any antenatal care visits (%),99.5,97.0,False,False
Gujarat,The Dangs,Antenatal Care (for last birth in the 5 years before the survey),30,Mothers who had at least 4 antenatal care visits (%),96.3,90.2,False,False
Gujarat,The Dangs,Antenatal Care (for last birth in the 5 years before the survey),31,Mothers whose last birth was protected against neonatal tetanus 4 (%),100.0,96.8,False,False
Gujarat,The Dangs,Antenatal Care (for last birth in the 5 years before the survey),32,Mothers who consumed iron folic acid for 100 days or more when they were pregnant (%),78.7,78.9,False,False
Gujarat,The Dangs,Antenatal Care (for last birth in the 5 years before the survey),33,Mothers who consumed iron folic acid for 180 days or more when they were pregnant (%),66.0,56.6,False,False
Gujarat,The Dangs,Antenatal Care (for last birth in the 5 years before the survey),34,Registered pregnancies for which the mother received a Mother and Child Protection (MCP) card (%),99.8,99.5,False,False
Gujarat,The Dangs,Delivery Care (for births in the 5 years before the survey),35,Institutional births (%),90.7,74.5,False,False
Gujarat,The Dangs,Delivery Care (for births in the 5 years before the survey),36,Institutional births in public facility (%),75.9,64.2,False,False
Gujarat,The Dangs,Delivery Care (for births in the 5 years before the survey),37,Births attended by skilled health personnel5 (%),92.6,77.1,False,False
Gujarat,The Dangs,Delivery Care (for births in the 5 years before the survey),38,Births delivered by caesarean section (%),9.8,7.1,False,False
Gujarat,The Dangs,Delivery Care (for births in the 5 years before the survey),39,Births in a private health facility that were delivered by caesarean section (%),25.5,31.7,True,False
Gujarat,The Dangs,Delivery Care (for births in the 5 years before the survey),40,Births in a public health facility that were delivered by caesarean section (%),8.0,6.0,False,False
Gujarat,The Dangs,Postnatal Care (for last birth in the 5 years before the survey),41,Mothers who received postnatal care from a doctor/nurse/LHV/ANM/midwife/other health personnel within 2,92.7,80.1,False,False
Gujarat,The Dangs,Postnatal Care (for last birth in the 5 years before the survey),42,Children born at home who were taken to a health facility for a check-up within 24 hours of birth (%),*,13.1,True,False
Gujarat,The Dangs,Postnatal Care (for last birth in the 5 years before the survey),43,Children who received postnatal care from a doctor/nurse/LHV/ANM/midwife/other health personnel within 2,91.9,80.1,False,False
Gujarat,The Dangs,Child Vaccinations and Vitamin A Supplementation,44,Children age 12-23 months fully vaccinated based on information from either vaccination card or mother's,86.1,91.3,False,False
Gujarat,The Dangs,Child Vaccinations and Vitamin A Supplementation,45,Children age 12-23 months fully vaccinated based on information from vaccination card only 7 (%),90.1,96.2,False,False
Gujarat,The Dangs,Child Vaccinations and Vitamin A Supplementation,46,Children age 12-23 months who have received any vaccine (%),92.5,94.9,False,False
Gujarat,The Dangs,Child Vaccinations and Vitamin A Supplementation,47,Children age 12-23 months who have received BCG (%),91.1,94.9,False,False
Gujarat,The Dangs,Child Vaccinations and Vitamin A Supplementation,48,Children age 12-23 months who have received 3 doses of polio vaccine8 (%),87.5,91.3,False,False
Gujarat,The Dangs,Child Vaccinations and Vitamin A Supplementation,49,Children age 12-23 months who have received 3 doses of pentavalent vaccine (%),87.5,91.3,False,False
Gujarat,The Dangs,Child Vaccinations and Vitamin A Supplementation,50,Children age 12-23 months who have received the first dose of measles-containing vaccine (MCV) (%),87.5,91.3,False,False
Gujarat,The Dangs,Child Vaccinations and Vitamin A Supplementation,51,Children age 24-35 months who have received a second dose of measles-containing vaccine (MCV) (%),79.3,60.7,False,False
Gujarat,The Dangs,Child Vaccinations and Vitamin A Supplementation,52,Children age 12-23 months who have received birth dose of hepatitis B vaccine (%),84.7,55.9,False,False
Gujarat,The Dangs,Child Vaccinations and Vitamin A Supplementation,53,Children age 12-23 months who have received 3 doses of rotavirus vaccine (%),86.1,0.0,False,False
Gujarat,The Dangs,Child Vaccinations and Vitamin A Supplementation,54,Children age 9-35 months who received a vitamin A dose in the last 6 months (%),96.6,90.0,False,False
Gujarat,The Dangs,Child Vaccinations and Vitamin A Supplementation,55,Children age 12-23 months who received most of their vaccinations in a public health facility (%),100.0,100.0,False,False
Gujarat,The Dangs,Child Vaccinations and Vitamin A Supplementation,56,Children age 12-23 months who received most of their vaccinations in a private health facility (%),0.0,0.0,False,False
Gujarat,The Dangs,Treatment of Childhood Diseases (children under age 5 years),57,Prevalence of diarrhoea in the 2 weeks preceding the survey (%),6.0,5.1,False,False
Gujarat,The Dangs,Treatment of Childhood Diseases (children under age 5 years),58,Prevalence of symptoms of acute respiratory infection (ARI) in the 2 weeks preceding the survey (%),0.3,2.7,False,False
Gujarat,The Dangs,Treatment of Childhood Diseases (children under age 5 years),59,Children with fever or symptoms of ARI in the 2 weeks preceding the survey taken to a health facility or,*,*,True,False
Gujarat,The Dangs,Child Feeding Practices and Nutritional Status of Children,60,Children under age 3 years breastfed within one hour of birth 9 (%),67.4,37.5,False,False
Gujarat,The Dangs,Child Feeding Practices and Nutritional Status of Children,61,Children under age 6 months exclusively breastfed10 (%),94.4,76.2,True,False
Gujarat,The Dangs,Child Feeding Practices and Nutritional Status of Children,62,Children under age 6 months currently breastfeeding10 (%),100.0,96.9,True,False
Gujarat,The Dangs,Child Feeding Practices and Nutritional Status of Children,63,Children under age 6 months exclusively breastfed or breastfeeding and consuming plain water/other,100.0,83.4,True,False
Gujarat,The Dangs,Child Feeding Practices and Nutritional Status of Children,64,Children age 6-8 months receiving solid or semi-solid food and breastmilk10 (%),*,*,True,False
Gujarat,The Dangs,Child Feeding Practices and Nutritional Status of Children,65,"Breastfeeding children age 6-23 months receiving an adequate diet10, 11 (%)",1.7,14.7,False,False
Gujarat,The Dangs,Child Feeding Practices and Nutritional Status of Children,66,"Non-breastfeeding children age 6-23 months receiving an adequate diet 10, 11 (%)",*,*,True,False
Gujarat,The Dangs,Child Feeding Practices and Nutritional Status of Children,67,"Total children age 6-23 months receiving an adequate diet10, 11 (%)",1.6,16.5,False,False
Gujarat,The Dangs,Child Feeding Practices and Nutritional Status of Children,68,Children under 5 years who are stunted (height-for-age)12 (%),51.2,37.6,False,False
Gujarat,The Dangs,Child Feeding Practices and Nutritional Status of Children,69,Children under 5 years who are wasted (weight-for-height)12 (%),14.9,40.9,False,False
Gujarat,The Dangs,Child Feeding Practices and Nutritional Status of Children,70,Children under 5 years who are severely wasted (weight-for-height)13 (%),1.2,22.2,False,False
Gujarat,The Dangs,Child Feeding Practices and Nutritional Status of Children,71,Children under 5 years who are underweight (weight-for-age)12 (%),47.9,53.1,False,False
Gujarat,The Dangs,Child Feeding Practices and Nutritional Status of Children,72,Children under 5 years who are overweight (weight-for-height)14 (%),0.4,1.1,False,False
Gujarat,The Dangs,Nutritional Status of Adults (age 15-49 years),73,Women whose Body Mass Index (BMI) is below normal (BMI <18.5 kg/m 2)15 (%),37.9,33.7,False,False
Gujarat,The Dangs,Nutritional Status of Adults (age 15-49 years),74,Women who are overweight or obese (BMI ≥25.0 kg/m2)15 (%),12.0,8.1,False,False
Gujarat,The Dangs,Women,75,Blood sugar level - high (141-160 mg/dl)16 (%),6.8,4.1,False,False
Gujarat,The Dangs,Women,76,Blood sugar level - very high (>160 mg/dl)16 (%),6.2,2.2,False,False
Gujarat,The Dangs,Women,77,Blood sugar level - high or very high (>140 mg/dl) or taking medicine to control blood sugar level16 (%),13.2,6.7,False,False
Gujarat,The Dangs,Men,78,Blood sugar level - high (141-160 mg/dl)16 (%),7.4,4.8,False,False
Gujarat,The Dangs,Men,79,Blood sugar level - very high (>160 mg/dl)16 (%),7.7,3.9,False,False
Gujarat,The Dangs,Men,80,Blood sugar level - high or very high (>140 mg/dl) or taking medicine to control blood sugar level 16 (%),15.4,9.2,False,False
Gujarat,The Dangs,Women,81,Mildly elevated blood pressure (Systolic 140-159 mm of Hg and/or Diastolic 90-99 mm of Hg) (%),5.6,18.3,False,False
Gujarat,The Dangs,Women,82,Moderately or severely elevated blood pressure (Systolic ≥160 mm of Hg and/or Diastolic ≥100 mm,3.6,4.0,False,False
Gujarat,The Dangs,Women,83,Elevated blood pressure (Systolic ≥140 mm of Hg and/or Diastolic ≥90 mm of Hg) or taking medicine to,10.3,22.9,False,False
Gujarat,The Dangs,Men,84,Mildly elevated blood pressure (Systolic 140-159 mm of Hg and/or Diastolic 90-99 mm of Hg) (%),7.5,17.5,False,False
Gujarat,The Dangs,Men,85,Moderately or severely elevated blood pressure (Systolic ≥160 mm of Hg and/or Diastolic ≥100 mm,3.9,5.9,False,False
Gujarat,The Dangs,Men,86,Elevated blood pressure (Systolic ≥140 mm of Hg and/or Diastolic ≥90 mm of Hg) or taking medicine to,12.3,24.1,False,False
Gujarat,The Dangs,Men,87,Women having a bank or savings account that they themselves use (%),93.1,70.1,False,False
Gujarat,The Dangs,Men,88,Women having a mobile phone that they themselves use (%),49.5,32.4,False,False
Gujarat,The Dangs,Men,89,Women age 15-24 years who use hygienic methods of protection during their menstrual period17 (%),51.9,57.4,False,False
Gujarat,The Dangs,Tobacco Use and Alcohol Consumption among Adults (age 15 years and above),90,Women age 15 years and above who use any kind of tobacco (%),19.3,18.5,False,False
Gujarat,The Dangs,Tobacco Use and Alcohol Consumption among Adults (age 15 years and above),91,Men age 15 years and above who use any kind of tobacco (%),43.2,44.8,False,False
Gujarat,The Dangs,Tobacco Use and Alcohol Consumption among Adults (age 15 years and above),92,Women age 15 years and above who consume alcohol (%),4.2,4.6,False,False
Gujarat,The Dangs,Tobacco Use and Alcohol Consumption among Adults (age 15 years and above),93,Men age 15 years and above who consume alcohol (%),15.5,18.3,False,False
Gujarat,Vadodara,Population and Household Profile,1,Population below age 5 years (%),7.1,6.9,False,False
Gujarat,Vadodara,Population and Household Profile,2,Population below age 15 years (%),20.8,21.0,False,False
Gujarat,Vadodara,Population and Household Profile,3,Population age 60 years and above (%),13.9,13.3,False,False
Gujarat,Vadodara,Population and Household Profile,4,Population living in households with electricity (%),98.5,97.3,False,False
Gujarat,Vadodara,Population and Household Profile,5,Population living in households with an improved drinking-water source1 (%),99.0,99.5,False,False
Gujarat,Vadodara,Population and Household Profile,6,Households using iodized salt (%),96.8,94.6,False,False
Gujarat,Vadodara,Population and Household Profile,7,Households with any usual member covered under a health insurance/financing scheme (%),57.7,48.7,False,False
Gujarat,Vadodara,Population and Household Profile,8,Households with any usual member having a bank account/post office account (%),98.3,94.1,False,False
Gujarat,Vadodara,Population and Household Profile,9,Female population age 6 years and above who ever attended school (%),84.6,82.0,False,False
Gujarat,Vadodara,Population and Household Profile,10,Households with any usual female members owning a house and/or land (alone or jointly with others) (%),18.9,11.3,False,False
Gujarat,Vadodara,Population and Household Profile,11,Children age 2-4 years who attended pre-school (%),57.6,67.8,False,False
Gujarat,Vadodara,Characteristics of Adults (age 15-49 years),12,Women with 10 or more years of schooling (%),49.0,46.4,False,False
Gujarat,Vadodara,Characteristics of Adults (age 15-49 years),13,Men with 10 or more years of schooling (%),51.3,54.1,False,False
Gujarat,Vadodara,Characteristics of Adults (age 15-49 years),14,Women who have ever used the internet (%),78.4,41.1,False,False
Gujarat,Vadodara,Characteristics of Adults (age 15-49 years),15,Men who have ever used the internet (%),88.1,66.8,False,False
Gujarat,Vadodara,Marriage and Fertility,16,Women age 20-24 years married before age 18 years (%),18.3,22.8,False,False
Gujarat,Vadodara,Marriage and Fertility,17,Men age 25-29 years married before age 21 years (%),14.1,*,True,False
Gujarat,Vadodara,Marriage and Fertility,18,Three or more births in the 5 years preceding the survey (%),1.2,1.7,False,False
Gujarat,Vadodara,Marriage and Fertility,19,Women age 15-19 years who were already mothers or pregnant at the time of the survey (%),7.5,10.3,False,False
Gujarat,Vadodara,Marriage and Fertility,20,Any method2 (%),80.0,58.5,False,False
Gujarat,Vadodara,Marriage and Fertility,21,Any modern method2 (%),54.0,49.1,False,False
Gujarat,Vadodara,Marriage and Fertility,22,Any traditional method (%),26.0,9.4,False,False
Gujarat,Vadodara,Marriage and Fertility,23,Female sterilization (%),35.7,32.5,False,False
Gujarat,Vadodara,Marriage and Fertility,24,Male sterilization (%),0.0,0.0,False,False
Gujarat,Vadodara,Marriage and Fertility,25,Total unmet need3 (%),3.5,11.4,False,False
Gujarat,Vadodara,Marriage and Fertility,26,Unmet need for spacing3 (%),1.5,6.5,False,False
Gujarat,Vadodara,Marriage and Fertility,27,Unmet need for limiting3 (%),2.0,4.9,False,False
Gujarat,Vadodara,Antenatal Care (for last birth in the 5 years before the survey),28,Mothers who had an antenatal check-up in the first trimester (%),94.0,80.4,False,False
Gujarat,Vadodara,Antenatal Care (for last birth in the 5 years before the survey),29,Mothers who had any antenatal care visits (%),99.1,86.1,False,False
Gujarat,Vadodara,Antenatal Care (for last birth in the 5 years before the survey),30,Mothers who had at least 4 antenatal care visits (%),91.9,65.9,False,False
Gujarat,Vadodara,Antenatal Care (for last birth in the 5 years before the survey),31,Mothers whose last birth was protected against neonatal tetanus 4 (%),97.9,93.1,False,False
Gujarat,Vadodara,Antenatal Care (for last birth in the 5 years before the survey),32,Mothers who consumed iron folic acid for 100 days or more when they were pregnant (%),76.6,53.1,False,False
Gujarat,Vadodara,Antenatal Care (for last birth in the 5 years before the survey),33,Mothers who consumed iron folic acid for 180 days or more when they were pregnant (%),55.3,41.3,False,False
Gujarat,Vadodara,Antenatal Care (for last birth in the 5 years before the survey),34,Registered pregnancies for which the mother received a Mother and Child Protection (MCP) card (%),100.0,96.6,False,False
Gujarat,Vadodara,Delivery Care (for births in the 5 years before the survey),35,Institutional births (%),99.3,95.9,False,False
Gujarat,Vadodara,Delivery Care (for births in the 5 years before the survey),36,Institutional births in public facility (%),38.5,45.7,False,False
Gujarat,Vadodara,Delivery Care (for births in the 5 years before the survey),37,Births attended by skilled health personnel5 (%),97.3,95.2,False,False
Gujarat,Vadodara,Delivery Care (for births in the 5 years before the survey),38,Births delivered by caesarean section (%),42.5,29.9,False,False
Gujarat,Vadodara,Delivery Care (for births in the 5 years before the survey),39,Births in a private health facility that were delivered by caesarean section (%),54.2,44.1,False,False
Gujarat,Vadodara,Delivery Care (for births in the 5 years before the survey),40,Births in a public health facility that were delivered by caesarean section (%),24.9,17.1,False,False
Gujarat,Vadodara,Postnatal Care (for last birth in the 5 years before the survey),41,Mothers who received postnatal care from a doctor/nurse/LHV/ANM/midwife/other health personnel within 2,93.3,90.7,False,False
Gujarat,Vadodara,Postnatal Care (for last birth in the 5 years before the survey),42,Children born at home who were taken to a health facility for a check-up within 24 hours of birth (%),*,*,True,False
Gujarat,Vadodara,Postnatal Care (for last birth in the 5 years before the survey),43,Children who received postnatal care from a doctor/nurse/LHV/ANM/midwife/other health personnel within 2,95.0,88.7,False,False
Gujarat,Vadodara,Child Vaccinations and Vitamin A Supplementation,44,Children age 12-23 months fully vaccinated based on information from either vaccination card or mother's,86.6,84.9,True,False
Gujarat,Vadodara,Child Vaccinations and Vitamin A Supplementation,45,Children age 12-23 months fully vaccinated based on information from vaccination card only 7 (%),94.4,90.8,True,False
Gujarat,Vadodara,Child Vaccinations and Vitamin A Supplementation,46,Children age 12-23 months who have received any vaccine (%),98.3,95.4,True,False
Gujarat,Vadodara,Child Vaccinations and Vitamin A Supplementation,47,Children age 12-23 months who have received BCG (%),96.4,93.2,True,False
Gujarat,Vadodara,Child Vaccinations and Vitamin A Supplementation,48,Children age 12-23 months who have received 3 doses of polio vaccine8 (%),88.6,84.9,True,False
Gujarat,Vadodara,Child Vaccinations and Vitamin A Supplementation,49,Children age 12-23 months who have received 3 doses of pentavalent vaccine (%),93.1,91.7,True,False
Gujarat,Vadodara,Child Vaccinations and Vitamin A Supplementation,50,Children age 12-23 months who have received the first dose of measles-containing vaccine (MCV) (%),95.1,93.2,True,False
Gujarat,Vadodara,Child Vaccinations and Vitamin A Supplementation,51,Children age 24-35 months who have received a second dose of measles-containing vaccine (MCV) (%),81.3,43.4,True,False
Gujarat,Vadodara,Child Vaccinations and Vitamin A Supplementation,52,Children age 12-23 months who have received birth dose of hepatitis B vaccine (%),90.3,67.3,True,False
Gujarat,Vadodara,Child Vaccinations and Vitamin A Supplementation,53,Children age 12-23 months who have received 3 doses of rotavirus vaccine (%),87.8,8.3,True,False
Gujarat,Vadodara,Child Vaccinations and Vitamin A Supplementation,54,Children age 9-35 months who received a vitamin A dose in the last 6 months (%),81.0,91.6,False,False
Gujarat,Vadodara,Child Vaccinations and Vitamin A Supplementation,55,Children age 12-23 months who received most of their vaccinations in a public health facility (%),84.5,82.6,True,False
Gujarat,Vadodara,Child Vaccinations and Vitamin A Supplementation,56,Children age 12-23 months who received most of their vaccinations in a private health facility (%),11.6,17.4,True,False
Gujarat,Vadodara,Treatment of Childhood Diseases (children under age 5 years),57,Prevalence of diarrhoea in the 2 weeks preceding the survey (%),5.0,11.8,False,False
Gujarat,Vadodara,Treatment of Childhood Diseases (children under age 5 years),58,Prevalence of symptoms of acute respiratory infection (ARI) in the 2 weeks preceding the survey (%),0.0,0.7,False,False
Gujarat,Vadodara,Treatment of Childhood Diseases (children under age 5 years),59,Children with fever or symptoms of ARI in the 2 weeks preceding the survey taken to a health facility or,84.2,73.0,True,False
Gujarat,Vadodara,Child Feeding Practices and Nutritional Status of Children,60,Children under age 3 years breastfed within one hour of birth 9 (%),43.4,44.6,False,False
Gujarat,Vadodara,Child Feeding Practices and Nutritional Status of Children,61,Children under age 6 months exclusively breastfed10 (%),*,*,True,False
Gujarat,Vadodara,Child Feeding Practices and Nutritional Status of Children,62,Children under age 6 months currently breastfeeding10 (%),*,*,True,False
Gujarat,Vadodara,Child Feeding Practices and Nutritional Status of Children,63,Children under age 6 months exclusively breastfed or breastfeeding and consuming plain water/other,*,*,True,False
Gujarat,Vadodara,Child Feeding Practices and Nutritional Status of Children,64,Children age 6-8 months receiving solid or semi-solid food and breastmilk10 (%),*,*,True,False
Gujarat,Vadodara,Child Feeding Practices and Nutritional Status of Children,65,"Breastfeeding children age 6-23 months receiving an adequate diet10, 11 (%)",12.0,6.6,False,False
Gujarat,Vadodara,Child Feeding Practices and Nutritional Status of Children,66,"Non-breastfeeding children age 6-23 months receiving an adequate diet 10, 11 (%)",*,*,True,False
Gujarat,Vadodara,Child Feeding Practices and Nutritional Status of Children,67,"Total children age 6-23 months receiving an adequate diet10, 11 (%)",10.9,5.1,False,False
Gujarat,Vadodara,Child Feeding Practices and Nutritional Status of Children,68,Children under 5 years who are stunted (height-for-age)12 (%),35.5,42.3,False,False
Gujarat,Vadodara,Child Feeding Practices and Nutritional Status of Children,69,Children under 5 years who are wasted (weight-for-height)12 (%),26.1,20.1,False,False
Gujarat,Vadodara,Child Feeding Practices and Nutritional Status of Children,70,Children under 5 years who are severely wasted (weight-for-height)13 (%),5.4,5.2,False,False
Gujarat,Vadodara,Child Feeding Practices and Nutritional Status of Children,71,Children under 5 years who are underweight (weight-for-age)12 (%),34.7,39.9,False,False
Gujarat,Vadodara,Child Feeding Practices and Nutritional Status of Children,72,Children under 5 years who are overweight (weight-for-height)14 (%),1.6,6.4,False,False
Gujarat,Vadodara,Nutritional Status of Adults (age 15-49 years),73,Women whose Body Mass Index (BMI) is below normal (BMI <18.5 kg/m 2)15 (%),22.7,20.9,False,False
Gujarat,Vadodara,Nutritional Status of Adults (age 15-49 years),74,Women who are overweight or obese (BMI ≥25.0 kg/m2)15 (%),35.9,27.6,False,False
Gujarat,Vadodara,Women,75,Blood sugar level - high (141-160 mg/dl)16 (%),8.3,7.8,False,False
Gujarat,Vadodara,Women,76,Blood sugar level - very high (>160 mg/dl)16 (%),9.7,7.4,False,False
Gujarat,Vadodara,Women,77,Blood sugar level - high or very high (>140 mg/dl) or taking medicine to control blood sugar level16 (%),19.4,16.6,False,False
Gujarat,Vadodara,Men,78,Blood sugar level - high (141-160 mg/dl)16 (%),7.3,6.5,False,False
Gujarat,Vadodara,Men,79,Blood sugar level - very high (>160 mg/dl)16 (%),10.9,7.4,False,False
Gujarat,Vadodara,Men,80,Blood sugar level - high or very high (>140 mg/dl) or taking medicine to control blood sugar level 16 (%),20.2,15.1,False,False
Gujarat,Vadodara,Women,81,Mildly elevated blood pressure (Systolic 140-159 mm of Hg and/or Diastolic 90-99 mm of Hg) (%),11.6,13.6,False,False
Gujarat,Vadodara,Women,82,Moderately or severely elevated blood pressure (Systolic ≥160 mm of Hg and/or Diastolic ≥100 mm,5.3,4.9,False,False
Gujarat,Vadodara,Women,83,Elevated blood pressure (Systolic ≥140 mm of Hg and/or Diastolic ≥90 mm of Hg) or taking medicine to,24.6,24.3,False,False
Gujarat,Vadodara,Men,84,Mildly elevated blood pressure (Systolic 140-159 mm of Hg and/or Diastolic 90-99 mm of Hg) (%),16.6,14.0,False,False
Gujarat,Vadodara,Men,85,Moderately or severely elevated blood pressure (Systolic ≥160 mm of Hg and/or Diastolic ≥100 mm,6.0,5.5,False,False
Gujarat,Vadodara,Men,86,Elevated blood pressure (Systolic ≥140 mm of Hg and/or Diastolic ≥90 mm of Hg) or taking medicine to,28.0,23.8,False,False
Gujarat,Vadodara,Men,87,Women having a bank or savings account that they themselves use (%),86.9,71.2,False,False
Gujarat,Vadodara,Men,88,Women having a mobile phone that they themselves use (%),67.1,58.8,False,False
Gujarat,Vadodara,Men,89,Women age 15-24 years who use hygienic methods of protection during their menstrual period17 (%),79.0,73.9,False,False
Gujarat,Vadodara,Tobacco Use and Alcohol Consumption among Adults (age 15 years and above),90,Women age 15 years and above who use any kind of tobacco (%),5.9,6.8,False,False
Gujarat,Vadodara,Tobacco Use and Alcohol Consumption among Adults (age 15 years and above),91,Men age 15 years and above who use any kind of tobacco (%),34.4,29.1,False,False
Gujarat,Vadodara,Tobacco Use and Alcohol Consumption among Adults (age 15 years and above),92,Women age 15 years and above who consume alcohol (%),0.3,0.4,False,False
Gujarat,Vadodara,Tobacco Use and Alcohol Consumption among Adults (age 15 years and above),93,Men age 15 years and above who consume alcohol (%),5.5,5.4,False,False
Gujarat,Valsad,Population and Household Profile,1,Population below age 5 years (%),7.0,7.8,False,False
Gujarat,Valsad,Population and Household Profile,2,Population below age 15 years (%),21.8,25.2,False,False
Gujarat,Valsad,Population and Household Profile,3,Population age 60 years and above (%),12.4,10.4,False,False
Gujarat,Valsad,Population and Household Profile,4,Population living in households with electricity (%),98.8,98.6,False,False
Gujarat,Valsad,Population and Household Profile,5,Population living in households with an improved drinking-water source1 (%),95.5,98.0,False,False
Gujarat,Valsad,Population and Household Profile,6,Households using iodized salt (%),96.0,95.7,False,False
Gujarat,Valsad,Population and Household Profile,7,Households with any usual member covered under a health insurance/financing scheme (%),57.6,46.4,False,False
Gujarat,Valsad,Population and Household Profile,8,Households with any usual member having a bank account/post office account (%),97.8,93.7,False,False
Gujarat,Valsad,Population and Household Profile,9,Female population age 6 years and above who ever attended school (%),80.0,79.0,False,False
Gujarat,Valsad,Population and Household Profile,10,Households with any usual female members owning a house and/or land (alone or jointly with others) (%),18.0,10.6,False,False
Gujarat,Valsad,Population and Household Profile,11,Children age 2-4 years who attended pre-school (%),49.5,73.5,False,False
Gujarat,Valsad,Characteristics of Adults (age 15-49 years),12,Women with 10 or more years of schooling (%),52.0,45.6,False,False
Gujarat,Valsad,Characteristics of Adults (age 15-49 years),13,Men with 10 or more years of schooling (%),49.3,54.6,False,False
Gujarat,Valsad,Characteristics of Adults (age 15-49 years),14,Women who have ever used the internet (%),69.6,47.4,False,False
Gujarat,Valsad,Characteristics of Adults (age 15-49 years),15,Men who have ever used the internet (%),89.3,69.9,False,False
Gujarat,Valsad,Marriage and Fertility,16,Women age 20-24 years married before age 18 years (%),14.6,19.4,False,False
Gujarat,Valsad,Marriage and Fertility,17,Men age 25-29 years married before age 21 years (%),0.0,6.5,True,False
Gujarat,Valsad,Marriage and Fertility,18,Three or more births in the 5 years preceding the survey (%),0.8,1.7,False,False
Gujarat,Valsad,Marriage and Fertility,19,Women age 15-19 years who were already mothers or pregnant at the time of the survey (%),8.4,6.5,False,False
Gujarat,Valsad,Marriage and Fertility,20,Any method2 (%),77.1,76.1,False,False
Gujarat,Valsad,Marriage and Fertility,21,Any modern method2 (%),53.0,61.9,False,False
Gujarat,Valsad,Marriage and Fertility,22,Any traditional method (%),24.1,14.2,False,False
Gujarat,Valsad,Marriage and Fertility,23,Female sterilization (%),40.7,45.4,False,False
Gujarat,Valsad,Marriage and Fertility,24,Male sterilization (%),0.2,0.0,False,False
Gujarat,Valsad,Marriage and Fertility,25,Total unmet need3 (%),3.8,9.3,False,False
Gujarat,Valsad,Marriage and Fertility,26,Unmet need for spacing3 (%),2.7,5.4,False,False
Gujarat,Valsad,Marriage and Fertility,27,Unmet need for limiting3 (%),1.1,3.9,False,False
Gujarat,Valsad,Antenatal Care (for last birth in the 5 years before the survey),28,Mothers who had an antenatal check-up in the first trimester (%),87.5,88.3,False,False
Gujarat,Valsad,Antenatal Care (for last birth in the 5 years before the survey),29,Mothers who had any antenatal care visits (%),99.4,99.2,False,False
Gujarat,Valsad,Antenatal Care (for last birth in the 5 years before the survey),30,Mothers who had at least 4 antenatal care visits (%),67.4,92.5,False,False
Gujarat,Valsad,Antenatal Care (for last birth in the 5 years before the survey),31,Mothers whose last birth was protected against neonatal tetanus 4 (%),96.3,97.5,False,False
Gujarat,Valsad,Antenatal Care (for last birth in the 5 years before the survey),32,Mothers who consumed iron folic acid for 100 days or more when they were pregnant (%),69.6,76.5,False,False
Gujarat,Valsad,Antenatal Care (for last birth in the 5 years before the survey),33,Mothers who consumed iron folic acid for 180 days or more when they were pregnant (%),47.2,59.1,False,False
Gujarat,Valsad,Antenatal Care (for last birth in the 5 years before the survey),34,Registered pregnancies for which the mother received a Mother and Child Protection (MCP) card (%),99.5,100.0,False,False
Gujarat,Valsad,Delivery Care (for births in the 5 years before the survey),35,Institutional births (%),94.3,96.5,False,False
Gujarat,Valsad,Delivery Care (for births in the 5 years before the survey),36,Institutional births in public facility (%),47.9,44.7,False,False
Gujarat,Valsad,Delivery Care (for births in the 5 years before the survey),37,Births attended by skilled health personnel5 (%),87.8,98.5,False,False
Gujarat,Valsad,Delivery Care (for births in the 5 years before the survey),38,Births delivered by caesarean section (%),24.1,16.9,False,False
Gujarat,Valsad,Delivery Care (for births in the 5 years before the survey),39,Births in a private health facility that were delivered by caesarean section (%),37.7,23.6,False,False
Gujarat,Valsad,Delivery Care (for births in the 5 years before the survey),40,Births in a public health facility that were delivered by caesarean section (%),13.7,10.5,False,False
Gujarat,Valsad,Postnatal Care (for last birth in the 5 years before the survey),41,Mothers who received postnatal care from a doctor/nurse/LHV/ANM/midwife/other health personnel within 2,95.0,95.0,False,False
Gujarat,Valsad,Postnatal Care (for last birth in the 5 years before the survey),42,Children born at home who were taken to a health facility for a check-up within 24 hours of birth (%),*,*,True,False
Gujarat,Valsad,Postnatal Care (for last birth in the 5 years before the survey),43,Children who received postnatal care from a doctor/nurse/LHV/ANM/midwife/other health personnel within 2,92.8,93.2,False,False
Gujarat,Valsad,Child Vaccinations and Vitamin A Supplementation,44,Children age 12-23 months fully vaccinated based on information from either vaccination card or mother's,80.3,91.1,True,False
Gujarat,Valsad,Child Vaccinations and Vitamin A Supplementation,45,Children age 12-23 months fully vaccinated based on information from vaccination card only 7 (%),84.0,92.5,True,False
Gujarat,Valsad,Child Vaccinations and Vitamin A Supplementation,46,Children age 12-23 months who have received any vaccine (%),97.0,98.5,True,False
Gujarat,Valsad,Child Vaccinations and Vitamin A Supplementation,47,Children age 12-23 months who have received BCG (%),93.1,98.5,True,False
Gujarat,Valsad,Child Vaccinations and Vitamin A Supplementation,48,Children age 12-23 months who have received 3 doses of polio vaccine8 (%),84.1,95.3,True,False
Gujarat,Valsad,Child Vaccinations and Vitamin A Supplementation,49,Children age 12-23 months who have received 3 doses of pentavalent vaccine (%),86.3,92.5,True,False
Gujarat,Valsad,Child Vaccinations and Vitamin A Supplementation,50,Children age 12-23 months who have received the first dose of measles-containing vaccine (MCV) (%),88.2,93.9,True,False
Gujarat,Valsad,Child Vaccinations and Vitamin A Supplementation,51,Children age 24-35 months who have received a second dose of measles-containing vaccine (MCV) (%),72.0,68.5,True,False
Gujarat,Valsad,Child Vaccinations and Vitamin A Supplementation,52,Children age 12-23 months who have received birth dose of hepatitis B vaccine (%),85.7,76.3,True,False
Gujarat,Valsad,Child Vaccinations and Vitamin A Supplementation,53,Children age 12-23 months who have received 3 doses of rotavirus vaccine (%),80.7,5.2,True,False
Gujarat,Valsad,Child Vaccinations and Vitamin A Supplementation,54,Children age 9-35 months who received a vitamin A dose in the last 6 months (%),91.6,96.6,False,False
Gujarat,Valsad,Child Vaccinations and Vitamin A Supplementation,55,Children age 12-23 months who received most of their vaccinations in a public health facility (%),100.0,91.7,True,False
Gujarat,Valsad,Child Vaccinations and Vitamin A Supplementation,56,Children age 12-23 months who received most of their vaccinations in a private health facility (%),0.0,8.3,True,False
Gujarat,Valsad,Treatment of Childhood Diseases (children under age 5 years),57,Prevalence of diarrhoea in the 2 weeks preceding the survey (%),2.9,4.9,False,False
Gujarat,Valsad,Treatment of Childhood Diseases (children under age 5 years),58,Prevalence of symptoms of acute respiratory infection (ARI) in the 2 weeks preceding the survey (%),0.0,0.6,False,False
Gujarat,Valsad,Treatment of Childhood Diseases (children under age 5 years),59,Children with fever or symptoms of ARI in the 2 weeks preceding the survey taken to a health facility or,*,96.2,True,False
Gujarat,Valsad,Child Feeding Practices and Nutritional Status of Children,60,Children under age 3 years breastfed within one hour of birth 9 (%),60.7,29.1,False,False
Gujarat,Valsad,Child Feeding Practices and Nutritional Status of Children,61,Children under age 6 months exclusively breastfed10 (%),75.0,49.9,True,False
Gujarat,Valsad,Child Feeding Practices and Nutritional Status of Children,62,Children under age 6 months currently breastfeeding10 (%),100.0,87.6,True,False
Gujarat,Valsad,Child Feeding Practices and Nutritional Status of Children,63,Children under age 6 months exclusively breastfed or breastfeeding and consuming plain water/other,94.1,77.2,True,False
Gujarat,Valsad,Child Feeding Practices and Nutritional Status of Children,64,Children age 6-8 months receiving solid or semi-solid food and breastmilk10 (%),*,*,True,False
Gujarat,Valsad,Child Feeding Practices and Nutritional Status of Children,65,"Breastfeeding children age 6-23 months receiving an adequate diet10, 11 (%)",13.9,14.5,False,False
Gujarat,Valsad,Child Feeding Practices and Nutritional Status of Children,66,"Non-breastfeeding children age 6-23 months receiving an adequate diet 10, 11 (%)",*,*,True,False
Gujarat,Valsad,Child Feeding Practices and Nutritional Status of Children,67,"Total children age 6-23 months receiving an adequate diet10, 11 (%)",14.6,16.0,False,False
Gujarat,Valsad,Child Feeding Practices and Nutritional Status of Children,68,Children under 5 years who are stunted (height-for-age)12 (%),34.4,37.8,False,False
Gujarat,Valsad,Child Feeding Practices and Nutritional Status of Children,69,Children under 5 years who are wasted (weight-for-height)12 (%),19.0,23.2,False,False
Gujarat,Valsad,Child Feeding Practices and Nutritional Status of Children,70,Children under 5 years who are severely wasted (weight-for-height)13 (%),2.5,9.1,False,False
Gujarat,Valsad,Child Feeding Practices and Nutritional Status of Children,71,Children under 5 years who are underweight (weight-for-age)12 (%),37.2,34.8,False,False
Gujarat,Valsad,Child Feeding Practices and Nutritional Status of Children,72,Children under 5 years who are overweight (weight-for-height)14 (%),0.4,0.3,False,False
Gujarat,Valsad,Nutritional Status of Adults (age 15-49 years),73,Women whose Body Mass Index (BMI) is below normal (BMI <18.5 kg/m 2)15 (%),24.8,23.8,False,False
Gujarat,Valsad,Nutritional Status of Adults (age 15-49 years),74,Women who are overweight or obese (BMI ≥25.0 kg/m2)15 (%),28.0,21.3,False,False
Gujarat,Valsad,Women,75,Blood sugar level - high (141-160 mg/dl)16 (%),9.6,7.3,False,False
Gujarat,Valsad,Women,76,Blood sugar level - very high (>160 mg/dl)16 (%),8.3,5.4,False,False
Gujarat,Valsad,Women,77,Blood sugar level - high or very high (>140 mg/dl) or taking medicine to control blood sugar level16 (%),19.2,13.6,False,False
Gujarat,Valsad,Men,78,Blood sugar level - high (141-160 mg/dl)16 (%),7.5,6.8,False,False
Gujarat,Valsad,Men,79,Blood sugar level - very high (>160 mg/dl)16 (%),11.1,9.5,False,False
Gujarat,Valsad,Men,80,Blood sugar level - high or very high (>140 mg/dl) or taking medicine to control blood sugar level 16 (%),20.3,17.2,False,False
Gujarat,Valsad,Women,81,Mildly elevated blood pressure (Systolic 140-159 mm of Hg and/or Diastolic 90-99 mm of Hg) (%),8.6,15.4,False,False
Gujarat,Valsad,Women,82,Moderately or severely elevated blood pressure (Systolic ≥160 mm of Hg and/or Diastolic ≥100 mm,6.9,5.1,False,False
Gujarat,Valsad,Women,83,Elevated blood pressure (Systolic ≥140 mm of Hg and/or Diastolic ≥90 mm of Hg) or taking medicine to,21.5,23.8,False,False
Gujarat,Valsad,Men,84,Mildly elevated blood pressure (Systolic 140-159 mm of Hg and/or Diastolic 90-99 mm of Hg) (%),10.6,20.1,False,False
Gujarat,Valsad,Men,85,Moderately or severely elevated blood pressure (Systolic ≥160 mm of Hg and/or Diastolic ≥100 mm,8.6,7.2,False,False
Gujarat,Valsad,Men,86,Elevated blood pressure (Systolic ≥140 mm of Hg and/or Diastolic ≥90 mm of Hg) or taking medicine to,23.1,29.3,False,False
Gujarat,Valsad,Men,87,Women having a bank or savings account that they themselves use (%),89.5,81.4,False,False
Gujarat,Valsad,Men,88,Women having a mobile phone that they themselves use (%),68.7,63.9,False,False
Gujarat,Valsad,Men,89,Women age 15-24 years who use hygienic methods of protection during their menstrual period17 (%),80.0,85.2,False,False
Gujarat,Valsad,Tobacco Use and Alcohol Consumption among Adults (age 15 years and above),90,Women age 15 years and above who use any kind of tobacco (%),3.2,5.3,False,False
Gujarat,Valsad,Tobacco Use and Alcohol Consumption among Adults (age 15 years and above),91,Men age 15 years and above who use any kind of tobacco (%),28.2,32.3,False,False
Gujarat,Valsad,Tobacco Use and Alcohol Consumption among Adults (age 15 years and above),92,Women age 15 years and above who consume alcohol (%),0.6,1.5,False,False
Gujarat,Valsad,Tobacco Use and Alcohol Consumption among Adults (age 15 years and above),93,Men age 15 years and above who consume alcohol (%),12.3,17.9,False,False
