state,district,category,indicator_no,indicator,nfhs6_value,nfhs5_value,small_sample_flag,boundary_change_single_round
Haryana,Ambala,Population and Household Profile,1,Population below age 5 years (%),7.3,7.3,False,False
Haryana,Ambala,Population and Household Profile,2,Population below age 15 years (%),21.0,21.6,False,False
Haryana,Ambala,Population and Household Profile,3,Population age 60 years and above (%),14.0,13.2,False,False
Haryana,Ambala,Population and Household Profile,4,Population living in households with electricity (%),99.3,99.6,False,False
Haryana,Ambala,Population and Household Profile,5,Population living in households with an improved drinking-water source1 (%),99.2,99.3,False,False
Haryana,Ambala,Population and Household Profile,6,Households using iodized salt (%),91.9,96.2,False,False
Haryana,Ambala,Population and Household Profile,7,Households with any usual member covered under a health insurance/financing scheme (%),65.5,19.0,False,False
Haryana,Ambala,Population and Household Profile,8,Households with any usual member having a bank account/post office account (%),98.3,94.2,False,False
Haryana,Ambala,Population and Household Profile,9,Female population age 6 years and above who ever attended school (%),83.0,82.2,False,False
Haryana,Ambala,Population and Household Profile,10,Households with any usual female members owning a house and/or land (alone or jointly with others) (%),16.0,14.4,False,False
Haryana,Ambala,Population and Household Profile,11,Children age 2-4 years who attended pre-school (%),52.3,56.5,False,False
Haryana,Ambala,Characteristics of Adults (age 15-49 years),12,Women with 10 or more years of schooling (%),59.5,55.3,False,False
Haryana,Ambala,Characteristics of Adults (age 15-49 years),13,Men with 10 or more years of schooling (%),56.7,67.2,False,False
Haryana,Ambala,Characteristics of Adults (age 15-49 years),14,Women who have ever used the internet (%),73.9,48.3,False,False
Haryana,Ambala,Characteristics of Adults (age 15-49 years),15,Men who have ever used the internet (%),90.3,69.5,False,False
Haryana,Ambala,Marriage and Fertility,16,Women age 20-24 years married before age 18 years (%),5.7,6.4,False,False
Haryana,Ambala,Marriage and Fertility,17,Men age 25-29 years married before age 21 years (%),*,*,True,False
Haryana,Ambala,Marriage and Fertility,18,Three or more births in the 5 years preceding the survey (%),2.1,2.4,False,False
Haryana,Ambala,Marriage and Fertility,19,Women age 15-19 years who were already mothers or pregnant at the time of the survey (%),4.4,0.8,False,False
Haryana,Ambala,Marriage and Fertility,20,Any method2 (%),75.8,69.5,False,False
Haryana,Ambala,Marriage and Fertility,21,Any modern method2 (%),54.5,57.6,False,False
Haryana,Ambala,Marriage and Fertility,22,Any traditional method (%),21.3,11.9,False,False
Haryana,Ambala,Marriage and Fertility,23,Female sterilization (%),23.7,25.5,False,False
Haryana,Ambala,Marriage and Fertility,24,Male sterilization (%),0.5,0.6,False,False
Haryana,Ambala,Marriage and Fertility,25,Total unmet need3 (%),6.3,7.0,False,False
Haryana,Ambala,Marriage and Fertility,26,Unmet need for spacing3 (%),2.8,2.2,False,False
Haryana,Ambala,Marriage and Fertility,27,Unmet need for limiting3 (%),3.5,4.8,False,False
Haryana,Ambala,Antenatal Care (for last birth in the 5 years before the survey),28,Mothers who had an antenatal check-up in the first trimester (%),89.6,76.5,False,False
Haryana,Ambala,Antenatal Care (for last birth in the 5 years before the survey),29,Mothers who had any antenatal care visits (%),97.1,91.9,False,False
Haryana,Ambala,Antenatal Care (for last birth in the 5 years before the survey),30,Mothers who had at least 4 antenatal care visits (%),69.7,57.4,False,False
Haryana,Ambala,Antenatal Care (for last birth in the 5 years before the survey),31,Mothers whose last birth was protected against neonatal tetanus4 (%),91.6,89.0,False,False
Haryana,Ambala,Antenatal Care (for last birth in the 5 years before the survey),32,Mothers who consumed iron folic acid for 100 days or more when they were pregnant (%),67.8,51.6,False,False
Haryana,Ambala,Antenatal Care (for last birth in the 5 years before the survey),33,Mothers who consumed iron folic acid for 180 days or more when they were pregnant (%),51.5,32.1,False,False
Haryana,Ambala,Antenatal Care (for last birth in the 5 years before the survey),34,Registered pregnancies for which the mother received a Mother and Child Protection (MCP) card (%),95.2,96.2,False,False
Haryana,Ambala,Delivery Care (for births in the 5 years before the survey),35,Institutional births (%),98.4,97.8,False,False
Haryana,Ambala,Delivery Care (for births in the 5 years before the survey),36,Institutional births in public facility (%),67.9,61.7,False,False
Haryana,Ambala,Delivery Care (for births in the 5 years before the survey),37,Births attended by skilled health personnel5 (%),98.2,91.0,False,False
Haryana,Ambala,Delivery Care (for births in the 5 years before the survey),38,Births delivered by caesarean section (%),31.4,34.2,False,False
Haryana,Ambala,Delivery Care (for births in the 5 years before the survey),39,Births in a private health facility that were delivered by caesarean section (%),61.0,45.1,False,False
Haryana,Ambala,Delivery Care (for births in the 5 years before the survey),40,Births in a public health facility that were delivered by caesarean section (%),18.9,29.0,False,False
Haryana,Ambala,Postnatal Care (for last birth in the 5 years before the survey),41,Mothers who received postnatal care from a doctor/nurse/LHV/ANM/midwife/other health personnel within 2,96.9,86.9,False,False
Haryana,Ambala,Postnatal Care (for last birth in the 5 years before the survey),42,Children born at home who were taken to a health facility for a check-up within 24 hours of birth (%),*,*,True,False
Haryana,Ambala,Postnatal Care (for last birth in the 5 years before the survey),43,Children who received postnatal care from a doctor/nurse/LHV/ANM/midwife/other health personnel within 2,96.8,86.9,False,False
Haryana,Ambala,Child Vaccinations and Vitamin A Supplementation,44,Children age 12-23 months fully vaccinated based on information from either vaccination card or mother's,79.6,79.3,False,False
Haryana,Ambala,Child Vaccinations and Vitamin A Supplementation,45,Children age 12-23 months fully vaccinated based on information from vaccination card only7 (%),90.1,86.9,False,False
Haryana,Ambala,Child Vaccinations and Vitamin A Supplementation,46,Children age 12-23 months who have received any vaccine (%),100.0,97.7,False,False
Haryana,Ambala,Child Vaccinations and Vitamin A Supplementation,47,Children age 12-23 months who have received BCG (%),100.0,97.7,False,False
Haryana,Ambala,Child Vaccinations and Vitamin A Supplementation,48,Children age 12-23 months who have received 3 doses of polio vaccine8 (%),82.9,81.4,False,False
Haryana,Ambala,Child Vaccinations and Vitamin A Supplementation,49,Children age 12-23 months who have received 3 doses of pentavalent vaccine (%),86.6,93.3,False,False
Haryana,Ambala,Child Vaccinations and Vitamin A Supplementation,50,Children age 12-23 months who have received the first dose of measles-containing vaccine (MCV) (%),93.0,93.3,False,False
Haryana,Ambala,Child Vaccinations and Vitamin A Supplementation,51,Children age 24-35 months who have received a second dose of measles-containing vaccine (MCV) (%),68.8,43.4,True,False
Haryana,Ambala,Child Vaccinations and Vitamin A Supplementation,52,Children age 12-23 months who have received birth dose of hepatitis B vaccine (%),92.9,80.3,False,False
Haryana,Ambala,Child Vaccinations and Vitamin A Supplementation,53,Children age 12-23 months who have received 3 doses of rotavirus vaccine (%),90.2,76.3,False,False
Haryana,Ambala,Child Vaccinations and Vitamin A Supplementation,54,Children age 9-35 months who received a vitamin A dose in the last 6 months (%),77.2,79.5,False,False
Haryana,Ambala,Child Vaccinations and Vitamin A Supplementation,55,Children age 12-23 months who received most of their vaccinations in a public health facility (%),95.0,92.8,False,False
Haryana,Ambala,Child Vaccinations and Vitamin A Supplementation,56,Children age 12-23 months who received most of their vaccinations in a private health facility (%),5.0,2.9,False,False
Haryana,Ambala,Treatment of Childhood Diseases (children under age 5 years),57,Prevalence of diarrhoea in the 2 weeks preceding the survey (%),12.1,5.6,False,False
Haryana,Ambala,Treatment of Childhood Diseases (children under age 5 years),58,Prevalence of symptoms of acute respiratory infection (ARI) in the 2 weeks preceding the survey (%),1.0,5.8,False,False
Haryana,Ambala,Treatment of Childhood Diseases (children under age 5 years),59,Children with fever or symptoms of ARI in the 2 weeks preceding the survey taken to a health facility or,74.6,77.6,False,False
Haryana,Ambala,Child Feeding Practices and Nutritional Status of Children,60,Children under age 3 years breastfed within one hour of birth9 (%),42.1,29.2,False,False
Haryana,Ambala,Child Feeding Practices and Nutritional Status of Children,61,Children under age 6 months exclusively breastfed10 (%),68.2,79.6,True,False
Haryana,Ambala,Child Feeding Practices and Nutritional Status of Children,62,Children under age 6 months currently breastfeeding10 (%),100.0,94.4,True,False
Haryana,Ambala,Child Feeding Practices and Nutritional Status of Children,63,Children under age 6 months exclusively breastfed or breastfeeding and consuming plain water/other,89.4,88.6,True,False
Haryana,Ambala,Child Feeding Practices and Nutritional Status of Children,64,Children age 6-8 months receiving solid or semi-solid food and breastmilk10 (%),*,*,True,False
Haryana,Ambala,Child Feeding Practices and Nutritional Status of Children,65,"Breastfeeding children age 6-23 months receiving an adequate diet10, 11 (%)",19.7,18.7,False,False
Haryana,Ambala,Child Feeding Practices and Nutritional Status of Children,66,"Non-breastfeeding children age 6-23 months receiving an adequate diet10, 11 (%)",*,*,True,False
Haryana,Ambala,Child Feeding Practices and Nutritional Status of Children,67,"Total children age 6-23 months receiving an adequate diet10, 11 (%)",17.4,17.4,False,False
Haryana,Ambala,Child Feeding Practices and Nutritional Status of Children,68,Children under 5 years who are stunted (height-for-age)12 (%),22.2,24.1,False,False
Haryana,Ambala,Child Feeding Practices and Nutritional Status of Children,69,Children under 5 years who are wasted (weight-for-height)12 (%),9.1,10.9,False,False
Haryana,Ambala,Child Feeding Practices and Nutritional Status of Children,70,Children under 5 years who are severely wasted (weight-for-height)13 (%),1.1,4.0,False,False
Haryana,Ambala,Child Feeding Practices and Nutritional Status of Children,71,Children under 5 years who are underweight (weight-for-age)12 (%),17.3,13.7,False,False
Haryana,Ambala,Child Feeding Practices and Nutritional Status of Children,72,Children under 5 years who are overweight (weight-for-height)14 (%),0.8,6.2,False,False
Haryana,Ambala,Nutritional Status of Adults (age 15-49 years),73,Women whose Body Mass Index (BMI) is below normal (BMI <18.5 kg/m2)15 (%),15.4,14.8,False,False
Haryana,Ambala,Nutritional Status of Adults (age 15-49 years),74,Women who are overweight or obese (BMI ≥25.0 kg/m2)15 (%),46.8,41.6,False,False
Haryana,Ambala,Women,75,Blood sugar level - high (141-160 mg/dl)16 (%),7.1,4.0,False,False
Haryana,Ambala,Women,76,Blood sugar level - very high (>160 mg/dl)16 (%),10.4,6.3,False,False
Haryana,Ambala,Women,77,Blood sugar level - high or very high (>140 mg/dl) or taking medicine to control blood sugar level16 (%),18.9,11.7,False,False
Haryana,Ambala,Men,78,Blood sugar level - high (141-160 mg/dl)16 (%),7.8,5.3,False,False
Haryana,Ambala,Men,79,Blood sugar level - very high (>160 mg/dl)16 (%),9.2,6.5,False,False
Haryana,Ambala,Men,80,Blood sugar level - high or very high (>140 mg/dl) or taking medicine to control blood sugar level16 (%),18.9,13.0,False,False
Haryana,Ambala,Women,81,Mildly elevated blood pressure (Systolic 140-159 mm of Hg and/or Diastolic 90-99 mm of Hg) (%),11.8,15.2,False,False
Haryana,Ambala,Women,82,Moderately or severely elevated blood pressure (Systolic ≥160 mm of Hg and/or Diastolic ≥100 mm,7.8,9.4,False,False
Haryana,Ambala,Women,83,Elevated blood pressure (Systolic ≥140 mm of Hg and/or Diastolic ≥90 mm of Hg) or taking medicine to,27.0,28.8,False,False
Haryana,Ambala,Men,84,Mildly elevated blood pressure (Systolic 140-159 mm of Hg and/or Diastolic 90-99 mm of Hg) (%),15.2,19.7,False,False
Haryana,Ambala,Men,85,Moderately or severely elevated blood pressure (Systolic ≥160 mm of Hg and/or Diastolic ≥100 mm,9.8,9.1,False,False
Haryana,Ambala,Men,86,Elevated blood pressure (Systolic ≥140 mm of Hg and/or Diastolic ≥90 mm of Hg) or taking medicine to,29.3,31.2,False,False
Haryana,Ambala,Men,87,Women having a bank or savings account that they themselves use (%),86.9,73.6,False,False
Haryana,Ambala,Men,88,Women having a mobile phone that they themselves use (%),72.8,62.5,False,False
Haryana,Ambala,Men,89,Women age 15-24 years who use hygienic methods of protection during their menstrual period17 (%),92.7,93.3,False,False
Haryana,Ambala,Tobacco Use and Alcohol Consumption among Adults (age 15 years and above),90,Women age 15 years and above who use any kind of tobacco (%),0.5,0.8,False,False
Haryana,Ambala,Tobacco Use and Alcohol Consumption among Adults (age 15 years and above),91,Men age 15 years and above who use any kind of tobacco (%),19.1,22.0,False,False
Haryana,Ambala,Tobacco Use and Alcohol Consumption among Adults (age 15 years and above),92,Women age 15 years and above who consume alcohol (%),0.1,0.4,False,False
Haryana,Ambala,Tobacco Use and Alcohol Consumption among Adults (age 15 years and above),93,Men age 15 years and above who consume alcohol (%),19.8,18.8,False,False
Haryana,Bhiwani,Population and Household Profile,1,Population below age 5 years (%),8.0,8.5,False,False
Haryana,Bhiwani,Population and Household Profile,2,Population below age 15 years (%),24.2,24.8,False,False
Haryana,Bhiwani,Population and Household Profile,3,Population age 60 years and above (%),13.5,12.2,False,False
Haryana,Bhiwani,Population and Household Profile,4,Population living in households with electricity (%),99.5,100.0,False,False
Haryana,Bhiwani,Population and Household Profile,5,Population living in households with an improved drinking-water source1 (%),99.3,97.5,False,False
Haryana,Bhiwani,Population and Household Profile,6,Households using iodized salt (%),92.2,94.5,False,False
Haryana,Bhiwani,Population and Household Profile,7,Households with any usual member covered under a health insurance/financing scheme (%),70.0,28.2,False,False
Haryana,Bhiwani,Population and Household Profile,8,Households with any usual member having a bank account/post office account (%),98.0,96.9,False,False
Haryana,Bhiwani,Population and Household Profile,9,Female population age 6 years and above who ever attended school (%),73.3,70.2,False,False
Haryana,Bhiwani,Population and Household Profile,10,Households with any usual female members owning a house and/or land (alone or jointly with others) (%),15.7,15.3,False,False
Haryana,Bhiwani,Population and Household Profile,11,Children age 2-4 years who attended pre-school (%),55.5,24.6,False,False
Haryana,Bhiwani,Characteristics of Adults (age 15-49 years),12,Women with 10 or more years of schooling (%),56.7,47.0,False,False
Haryana,Bhiwani,Characteristics of Adults (age 15-49 years),13,Men with 10 or more years of schooling (%),61.7,61.6,False,False
Haryana,Bhiwani,Characteristics of Adults (age 15-49 years),14,Women who have ever used the internet (%),69.8,38.4,False,False
Haryana,Bhiwani,Characteristics of Adults (age 15-49 years),15,Men who have ever used the internet (%),85.8,67.3,False,False
Haryana,Bhiwani,Marriage and Fertility,16,Women age 20-24 years married before age 18 years (%),11.2,15.0,False,False
Haryana,Bhiwani,Marriage and Fertility,17,Men age 25-29 years married before age 21 years (%),5.2,*,True,False
Haryana,Bhiwani,Marriage and Fertility,18,Three or more births in the 5 years preceding the survey (%),1.7,2.9,False,False
Haryana,Bhiwani,Marriage and Fertility,19,Women age 15-19 years who were already mothers or pregnant at the time of the survey (%),1.6,3.4,False,False
Haryana,Bhiwani,Marriage and Fertility,20,Any method2 (%),81.4,72.0,False,False
Haryana,Bhiwani,Marriage and Fertility,21,Any modern method2 (%),66.4,67.2,False,False
Haryana,Bhiwani,Marriage and Fertility,22,Any traditional method (%),15.0,4.8,False,False
Haryana,Bhiwani,Marriage and Fertility,23,Female sterilization (%),47.2,49.7,False,False
Haryana,Bhiwani,Marriage and Fertility,24,Male sterilization (%),0.3,0.4,False,False
Haryana,Bhiwani,Marriage and Fertility,25,Total unmet need3 (%),4.0,9.3,False,False
Haryana,Bhiwani,Marriage and Fertility,26,Unmet need for spacing3 (%),2.4,4.5,False,False
Haryana,Bhiwani,Marriage and Fertility,27,Unmet need for limiting3 (%),1.6,4.8,False,False
Haryana,Bhiwani,Antenatal Care (for last birth in the 5 years before the survey),28,Mothers who had an antenatal check-up in the first trimester (%),90.8,89.0,False,False
Haryana,Bhiwani,Antenatal Care (for last birth in the 5 years before the survey),29,Mothers who had any antenatal care visits (%),99.5,98.3,False,False
Haryana,Bhiwani,Antenatal Care (for last birth in the 5 years before the survey),30,Mothers who had at least 4 antenatal care visits (%),78.7,60.4,False,False
Haryana,Bhiwani,Antenatal Care (for last birth in the 5 years before the survey),31,Mothers whose last birth was protected against neonatal tetanus4 (%),93.4,92.7,False,False
Haryana,Bhiwani,Antenatal Care (for last birth in the 5 years before the survey),32,Mothers who consumed iron folic acid for 100 days or more when they were pregnant (%),69.7,53.3,False,False
Haryana,Bhiwani,Antenatal Care (for last birth in the 5 years before the survey),33,Mothers who consumed iron folic acid for 180 days or more when they were pregnant (%),52.7,30.3,False,False
Haryana,Bhiwani,Antenatal Care (for last birth in the 5 years before the survey),34,Registered pregnancies for which the mother received a Mother and Child Protection (MCP) card (%),94.5,93.3,False,False
Haryana,Bhiwani,Delivery Care (for births in the 5 years before the survey),35,Institutional births (%),98.6,97.7,False,False
Haryana,Bhiwani,Delivery Care (for births in the 5 years before the survey),36,Institutional births in public facility (%),47.0,49.3,False,False
Haryana,Bhiwani,Delivery Care (for births in the 5 years before the survey),37,Births attended by skilled health personnel5 (%),98.9,97.8,False,False
Haryana,Bhiwani,Delivery Care (for births in the 5 years before the survey),38,Births delivered by caesarean section (%),15.0,13.1,False,False
Haryana,Bhiwani,Delivery Care (for births in the 5 years before the survey),39,Births in a private health facility that were delivered by caesarean section (%),20.5,19.1,False,False
Haryana,Bhiwani,Delivery Care (for births in the 5 years before the survey),40,Births in a public health facility that were delivered by caesarean section (%),9.4,7.8,False,False
Haryana,Bhiwani,Postnatal Care (for last birth in the 5 years before the survey),41,Mothers who received postnatal care from a doctor/nurse/LHV/ANM/midwife/other health personnel within 2,94.5,91.5,False,False
Haryana,Bhiwani,Postnatal Care (for last birth in the 5 years before the survey),42,Children born at home who were taken to a health facility for a check-up within 24 hours of birth (%),*,*,True,False
Haryana,Bhiwani,Postnatal Care (for last birth in the 5 years before the survey),43,Children who received postnatal care from a doctor/nurse/LHV/ANM/midwife/other health personnel within 2,92.8,91.2,False,False
Haryana,Bhiwani,Child Vaccinations and Vitamin A Supplementation,44,Children age 12-23 months fully vaccinated based on information from either vaccination card or mother's,92.3,72.5,False,False
Haryana,Bhiwani,Child Vaccinations and Vitamin A Supplementation,45,Children age 12-23 months fully vaccinated based on information from vaccination card only7 (%),90.4,80.4,False,False
Haryana,Bhiwani,Child Vaccinations and Vitamin A Supplementation,46,Children age 12-23 months who have received any vaccine (%),95.7,98.5,False,False
Haryana,Bhiwani,Child Vaccinations and Vitamin A Supplementation,47,Children age 12-23 months who have received BCG (%),95.7,95.3,False,False
Haryana,Bhiwani,Child Vaccinations and Vitamin A Supplementation,48,Children age 12-23 months who have received 3 doses of polio vaccine8 (%),92.3,78.6,False,False
Haryana,Bhiwani,Child Vaccinations and Vitamin A Supplementation,49,Children age 12-23 months who have received 3 doses of pentavalent vaccine (%),92.3,93.2,False,False
Haryana,Bhiwani,Child Vaccinations and Vitamin A Supplementation,50,Children age 12-23 months who have received the first dose of measles-containing vaccine (MCV) (%),95.7,95.7,False,False
Haryana,Bhiwani,Child Vaccinations and Vitamin A Supplementation,51,Children age 24-35 months who have received a second dose of measles-containing vaccine (MCV) (%),70.1,56.8,False,False
Haryana,Bhiwani,Child Vaccinations and Vitamin A Supplementation,52,Children age 12-23 months who have received birth dose of hepatitis B vaccine (%),86.9,59.9,False,False
Haryana,Bhiwani,Child Vaccinations and Vitamin A Supplementation,53,Children age 12-23 months who have received 3 doses of rotavirus vaccine (%),92.3,79.7,False,False
Haryana,Bhiwani,Child Vaccinations and Vitamin A Supplementation,54,Children age 9-35 months who received a vitamin A dose in the last 6 months (%),74.6,63.6,False,False
Haryana,Bhiwani,Child Vaccinations and Vitamin A Supplementation,55,Children age 12-23 months who received most of their vaccinations in a public health facility (%),98.2,100.0,False,False
Haryana,Bhiwani,Child Vaccinations and Vitamin A Supplementation,56,Children age 12-23 months who received most of their vaccinations in a private health facility (%),1.8,0.0,False,False
Haryana,Bhiwani,Treatment of Childhood Diseases (children under age 5 years),57,Prevalence of diarrhoea in the 2 weeks preceding the survey (%),16.0,5.8,False,False
Haryana,Bhiwani,Treatment of Childhood Diseases (children under age 5 years),58,Prevalence of symptoms of acute respiratory infection (ARI) in the 2 weeks preceding the survey (%),0.2,0.3,False,False
Haryana,Bhiwani,Treatment of Childhood Diseases (children under age 5 years),59,Children with fever or symptoms of ARI in the 2 weeks preceding the survey taken to a health facility or,57.5,*,True,False
Haryana,Bhiwani,Child Feeding Practices and Nutritional Status of Children,60,Children under age 3 years breastfed within one hour of birth9 (%),58.2,48.9,False,False
Haryana,Bhiwani,Child Feeding Practices and Nutritional Status of Children,61,Children under age 6 months exclusively breastfed10 (%),34.9,73.1,True,False
Haryana,Bhiwani,Child Feeding Practices and Nutritional Status of Children,62,Children under age 6 months currently breastfeeding10 (%),93.4,94.5,True,False
Haryana,Bhiwani,Child Feeding Practices and Nutritional Status of Children,63,Children under age 6 months exclusively breastfed or breastfeeding and consuming plain water/other,69.1,92.5,True,False
Haryana,Bhiwani,Child Feeding Practices and Nutritional Status of Children,64,Children age 6-8 months receiving solid or semi-solid food and breastmilk10 (%),*,*,True,False
Haryana,Bhiwani,Child Feeding Practices and Nutritional Status of Children,65,"Breastfeeding children age 6-23 months receiving an adequate diet10, 11 (%)",29.6,9.6,False,False
Haryana,Bhiwani,Child Feeding Practices and Nutritional Status of Children,66,"Non-breastfeeding children age 6-23 months receiving an adequate diet10, 11 (%)",*,*,True,False
Haryana,Bhiwani,Child Feeding Practices and Nutritional Status of Children,67,"Total children age 6-23 months receiving an adequate diet10, 11 (%)",32.3,8.4,False,False
Haryana,Bhiwani,Child Feeding Practices and Nutritional Status of Children,68,Children under 5 years who are stunted (height-for-age)12 (%),31.6,29.0,False,False
Haryana,Bhiwani,Child Feeding Practices and Nutritional Status of Children,69,Children under 5 years who are wasted (weight-for-height)12 (%),20.8,6.0,False,False
Haryana,Bhiwani,Child Feeding Practices and Nutritional Status of Children,70,Children under 5 years who are severely wasted (weight-for-height)13 (%),5.5,1.9,False,False
Haryana,Bhiwani,Child Feeding Practices and Nutritional Status of Children,71,Children under 5 years who are underweight (weight-for-age)12 (%),38.5,20.6,False,False
Haryana,Bhiwani,Child Feeding Practices and Nutritional Status of Children,72,Children under 5 years who are overweight (weight-for-height)14 (%),1.0,1.0,False,False
Haryana,Bhiwani,Nutritional Status of Adults (age 15-49 years),73,Women whose Body Mass Index (BMI) is below normal (BMI <18.5 kg/m2)15 (%),19.9,19.5,False,False
Haryana,Bhiwani,Nutritional Status of Adults (age 15-49 years),74,Women who are overweight or obese (BMI ≥25.0 kg/m2)15 (%),28.4,28.1,False,False
Haryana,Bhiwani,Women,75,Blood sugar level - high (141-160 mg/dl)16 (%),7.1,5.4,False,False
Haryana,Bhiwani,Women,76,Blood sugar level - very high (>160 mg/dl)16 (%),6.7,4.5,False,False
Haryana,Bhiwani,Women,77,Blood sugar level - high or very high (>140 mg/dl) or taking medicine to control blood sugar level16 (%),14.7,10.2,False,False
Haryana,Bhiwani,Men,78,Blood sugar level - high (141-160 mg/dl)16 (%),8.9,6.2,False,False
Haryana,Bhiwani,Men,79,Blood sugar level - very high (>160 mg/dl)16 (%),7.7,4.7,False,False
Haryana,Bhiwani,Men,80,Blood sugar level - high or very high (>140 mg/dl) or taking medicine to control blood sugar level16 (%),17.0,11.3,False,False
Haryana,Bhiwani,Women,81,Mildly elevated blood pressure (Systolic 140-159 mm of Hg and/or Diastolic 90-99 mm of Hg) (%),6.4,12.0,False,False
Haryana,Bhiwani,Women,82,Moderately or severely elevated blood pressure (Systolic ≥160 mm of Hg and/or Diastolic ≥100 mm,4.8,3.9,False,False
Haryana,Bhiwani,Women,83,Elevated blood pressure (Systolic ≥140 mm of Hg and/or Diastolic ≥90 mm of Hg) or taking medicine to,13.9,18.7,False,False
Haryana,Bhiwani,Men,84,Mildly elevated blood pressure (Systolic 140-159 mm of Hg and/or Diastolic 90-99 mm of Hg) (%),12.0,16.3,False,False
Haryana,Bhiwani,Men,85,Moderately or severely elevated blood pressure (Systolic ≥160 mm of Hg and/or Diastolic ≥100 mm,5.8,7.3,False,False
Haryana,Bhiwani,Men,86,Elevated blood pressure (Systolic ≥140 mm of Hg and/or Diastolic ≥90 mm of Hg) or taking medicine to,19.4,24.8,False,False
Haryana,Bhiwani,Men,87,Women having a bank or savings account that they themselves use (%),89.2,79.1,False,False
Haryana,Bhiwani,Men,88,Women having a mobile phone that they themselves use (%),65.2,39.2,False,False
Haryana,Bhiwani,Men,89,Women age 15-24 years who use hygienic methods of protection during their menstrual period17 (%),95.7,95.5,False,False
Haryana,Bhiwani,Tobacco Use and Alcohol Consumption among Adults (age 15 years and above),90,Women age 15 years and above who use any kind of tobacco (%),1.7,1.8,False,False
Haryana,Bhiwani,Tobacco Use and Alcohol Consumption among Adults (age 15 years and above),91,Men age 15 years and above who use any kind of tobacco (%),33.2,34.6,False,False
Haryana,Bhiwani,Tobacco Use and Alcohol Consumption among Adults (age 15 years and above),92,Women age 15 years and above who consume alcohol (%),0.1,0.1,False,False
Haryana,Bhiwani,Tobacco Use and Alcohol Consumption among Adults (age 15 years and above),93,Men age 15 years and above who consume alcohol (%),15.5,14.2,False,False
Haryana,Charkhi Dadri,Population and Household Profile,1,Population below age 5 years (%),7.3,7.5,False,False
Haryana,Charkhi Dadri,Population and Household Profile,2,Population below age 15 years (%),22.3,23.4,False,False
Haryana,Charkhi Dadri,Population and Household Profile,3,Population age 60 years and above (%),15.3,14.7,False,False
Haryana,Charkhi Dadri,Population and Household Profile,4,Population living in households with electricity (%),99.6,99.5,False,False
Haryana,Charkhi Dadri,Population and Household Profile,5,Population living in households with an improved drinking-water source1 (%),99.4,97.3,False,False
Haryana,Charkhi Dadri,Population and Household Profile,6,Households using iodized salt (%),98.3,95.5,False,False
Haryana,Charkhi Dadri,Population and Household Profile,7,Households with any usual member covered under a health insurance/financing scheme (%),75.8,29.7,False,False
Haryana,Charkhi Dadri,Population and Household Profile,8,Households with any usual member having a bank account/post office account (%),99.1,97.4,False,False
Haryana,Charkhi Dadri,Population and Household Profile,9,Female population age 6 years and above who ever attended school (%),72.3,69.6,False,False
Haryana,Charkhi Dadri,Population and Household Profile,10,Households with any usual female members owning a house and/or land (alone or jointly with others) (%),16.3,12.6,False,False
Haryana,Charkhi Dadri,Population and Household Profile,11,Children age 2-4 years who attended pre-school (%),54.8,34.8,False,False
Haryana,Charkhi Dadri,Characteristics of Adults (age 15-49 years),12,Women with 10 or more years of schooling (%),63.3,54.5,False,False
Haryana,Charkhi Dadri,Characteristics of Adults (age 15-49 years),13,Men with 10 or more years of schooling (%),76.1,75.2,False,False
Haryana,Charkhi Dadri,Characteristics of Adults (age 15-49 years),14,Women who have ever used the internet (%),73.9,55.7,False,False
Haryana,Charkhi Dadri,Characteristics of Adults (age 15-49 years),15,Men who have ever used the internet (%),88.2,70.9,False,False
Haryana,Charkhi Dadri,Marriage and Fertility,16,Women age 20-24 years married before age 18 years (%),6.7,11.8,False,False
Haryana,Charkhi Dadri,Marriage and Fertility,17,Men age 25-29 years married before age 21 years (%),*,*,True,False
Haryana,Charkhi Dadri,Marriage and Fertility,18,Three or more births in the 5 years preceding the survey (%),3.2,1.7,False,False
Haryana,Charkhi Dadri,Marriage and Fertility,19,Women age 15-19 years who were already mothers or pregnant at the time of the survey (%),3.5,3.1,False,False
Haryana,Charkhi Dadri,Marriage and Fertility,20,Any method2 (%),78.0,69.4,False,False
Haryana,Charkhi Dadri,Marriage and Fertility,21,Any modern method2 (%),59.6,61.3,False,False
Haryana,Charkhi Dadri,Marriage and Fertility,22,Any traditional method (%),18.4,8.1,False,False
Haryana,Charkhi Dadri,Marriage and Fertility,23,Female sterilization (%),42.5,42.6,False,False
Haryana,Charkhi Dadri,Marriage and Fertility,24,Male sterilization (%),0.6,0.6,False,False
Haryana,Charkhi Dadri,Marriage and Fertility,25,Total unmet need3 (%),4.7,11.1,False,False
Haryana,Charkhi Dadri,Marriage and Fertility,26,Unmet need for spacing3 (%),2.4,5.2,False,False
Haryana,Charkhi Dadri,Marriage and Fertility,27,Unmet need for limiting3 (%),2.3,5.9,False,False
Haryana,Charkhi Dadri,Antenatal Care (for last birth in the 5 years before the survey),28,Mothers who had an antenatal check-up in the first trimester (%),90.0,82.6,False,False
Haryana,Charkhi Dadri,Antenatal Care (for last birth in the 5 years before the survey),29,Mothers who had any antenatal care visits (%),100.0,97.2,False,False
Haryana,Charkhi Dadri,Antenatal Care (for last birth in the 5 years before the survey),30,Mothers who had at least 4 antenatal care visits (%),92.3,53.4,False,False
Haryana,Charkhi Dadri,Antenatal Care (for last birth in the 5 years before the survey),31,Mothers whose last birth was protected against neonatal tetanus4 (%),97.2,87.7,False,False
Haryana,Charkhi Dadri,Antenatal Care (for last birth in the 5 years before the survey),32,Mothers who consumed iron folic acid for 100 days or more when they were pregnant (%),78.1,48.9,False,False
Haryana,Charkhi Dadri,Antenatal Care (for last birth in the 5 years before the survey),33,Mothers who consumed iron folic acid for 180 days or more when they were pregnant (%),60.5,30.9,False,False
Haryana,Charkhi Dadri,Antenatal Care (for last birth in the 5 years before the survey),34,Registered pregnancies for which the mother received a Mother and Child Protection (MCP) card (%),98.8,95.3,False,False
Haryana,Charkhi Dadri,Delivery Care (for births in the 5 years before the survey),35,Institutional births (%),99.6,98.9,False,False
Haryana,Charkhi Dadri,Delivery Care (for births in the 5 years before the survey),36,Institutional births in public facility (%),49.0,55.9,False,False
Haryana,Charkhi Dadri,Delivery Care (for births in the 5 years before the survey),37,Births attended by skilled health personnel5 (%),99.7,99.7,False,False
Haryana,Charkhi Dadri,Delivery Care (for births in the 5 years before the survey),38,Births delivered by caesarean section (%),17.1,14.2,False,False
Haryana,Charkhi Dadri,Delivery Care (for births in the 5 years before the survey),39,Births in a private health facility that were delivered by caesarean section (%),28.5,18.1,False,False
Haryana,Charkhi Dadri,Delivery Care (for births in the 5 years before the survey),40,Births in a public health facility that were delivered by caesarean section (%),5.5,11.5,False,False
Haryana,Charkhi Dadri,Postnatal Care (for last birth in the 5 years before the survey),41,Mothers who received postnatal care from a doctor/nurse/LHV/ANM/midwife/other health personnel within 2,97.6,93.9,False,False
Haryana,Charkhi Dadri,Postnatal Care (for last birth in the 5 years before the survey),42,Children born at home who were taken to a health facility for a check-up within 24 hours of birth (%),*,*,True,False
Haryana,Charkhi Dadri,Postnatal Care (for last birth in the 5 years before the survey),43,Children who received postnatal care from a doctor/nurse/LHV/ANM/midwife/other health personnel within 2,97.9,91.9,False,False
Haryana,Charkhi Dadri,Child Vaccinations and Vitamin A Supplementation,44,Children age 12-23 months fully vaccinated based on information from either vaccination card or mother's,87.3,84.2,True,False
Haryana,Charkhi Dadri,Child Vaccinations and Vitamin A Supplementation,45,Children age 12-23 months fully vaccinated based on information from vaccination card only7 (%),83.1,89.3,True,False
Haryana,Charkhi Dadri,Child Vaccinations and Vitamin A Supplementation,46,Children age 12-23 months who have received any vaccine (%),98.5,96.5,True,False
Haryana,Charkhi Dadri,Child Vaccinations and Vitamin A Supplementation,47,Children age 12-23 months who have received BCG (%),93.0,92.4,True,False
Haryana,Charkhi Dadri,Child Vaccinations and Vitamin A Supplementation,48,Children age 12-23 months who have received 3 doses of polio vaccine8 (%),93.1,86.1,True,False
Haryana,Charkhi Dadri,Child Vaccinations and Vitamin A Supplementation,49,Children age 12-23 months who have received 3 doses of pentavalent vaccine (%),94.9,92.6,True,False
Haryana,Charkhi Dadri,Child Vaccinations and Vitamin A Supplementation,50,Children age 12-23 months who have received the first dose of measles-containing vaccine (MCV) (%),96.5,94.8,True,False
Haryana,Charkhi Dadri,Child Vaccinations and Vitamin A Supplementation,51,Children age 24-35 months who have received a second dose of measles-containing vaccine (MCV) (%),72.3,66.0,False,False
Haryana,Charkhi Dadri,Child Vaccinations and Vitamin A Supplementation,52,Children age 12-23 months who have received birth dose of hepatitis B vaccine (%),87.4,47.7,True,False
Haryana,Charkhi Dadri,Child Vaccinations and Vitamin A Supplementation,53,Children age 12-23 months who have received 3 doses of rotavirus vaccine (%),94.9,85.1,True,False
Haryana,Charkhi Dadri,Child Vaccinations and Vitamin A Supplementation,54,Children age 9-35 months who received a vitamin A dose in the last 6 months (%),89.0,68.3,False,False
Haryana,Charkhi Dadri,Child Vaccinations and Vitamin A Supplementation,55,Children age 12-23 months who received most of their vaccinations in a public health facility (%),100.0,100.0,True,False
Haryana,Charkhi Dadri,Child Vaccinations and Vitamin A Supplementation,56,Children age 12-23 months who received most of their vaccinations in a private health facility (%),0.0,0.0,True,False
Haryana,Charkhi Dadri,Treatment of Childhood Diseases (children under age 5 years),57,Prevalence of diarrhoea in the 2 weeks preceding the survey (%),14.8,4.1,False,False
Haryana,Charkhi Dadri,Treatment of Childhood Diseases (children under age 5 years),58,Prevalence of symptoms of acute respiratory infection (ARI) in the 2 weeks preceding the survey (%),1.6,0.3,False,False
Haryana,Charkhi Dadri,Treatment of Childhood Diseases (children under age 5 years),59,Children with fever or symptoms of ARI in the 2 weeks preceding the survey taken to a health facility or,79.3,*,True,False
Haryana,Charkhi Dadri,Child Feeding Practices and Nutritional Status of Children,60,Children under age 3 years breastfed within one hour of birth9 (%),36.6,55.3,False,False
Haryana,Charkhi Dadri,Child Feeding Practices and Nutritional Status of Children,61,Children under age 6 months exclusively breastfed10 (%),42.9,63.0,True,False
Haryana,Charkhi Dadri,Child Feeding Practices and Nutritional Status of Children,62,Children under age 6 months currently breastfeeding10 (%),88.5,87.2,True,False
Haryana,Charkhi Dadri,Child Feeding Practices and Nutritional Status of Children,63,Children under age 6 months exclusively breastfed or breastfeeding and consuming plain water/other,92.0,90.5,True,False
Haryana,Charkhi Dadri,Child Feeding Practices and Nutritional Status of Children,64,Children age 6-8 months receiving solid or semi-solid food and breastmilk10 (%),*,*,True,False
Haryana,Charkhi Dadri,Child Feeding Practices and Nutritional Status of Children,65,"Breastfeeding children age 6-23 months receiving an adequate diet10, 11 (%)",15.1,13.1,False,False
Haryana,Charkhi Dadri,Child Feeding Practices and Nutritional Status of Children,66,"Non-breastfeeding children age 6-23 months receiving an adequate diet10, 11 (%)",*,*,True,False
Haryana,Charkhi Dadri,Child Feeding Practices and Nutritional Status of Children,67,"Total children age 6-23 months receiving an adequate diet10, 11 (%)",14.0,11.5,False,False
Haryana,Charkhi Dadri,Child Feeding Practices and Nutritional Status of Children,68,Children under 5 years who are stunted (height-for-age)12 (%),19.2,23.9,False,False
Haryana,Charkhi Dadri,Child Feeding Practices and Nutritional Status of Children,69,Children under 5 years who are wasted (weight-for-height)12 (%),14.9,10.6,False,False
Haryana,Charkhi Dadri,Child Feeding Practices and Nutritional Status of Children,70,Children under 5 years who are severely wasted (weight-for-height)13 (%),4.8,2.6,False,False
Haryana,Charkhi Dadri,Child Feeding Practices and Nutritional Status of Children,71,Children under 5 years who are underweight (weight-for-age)12 (%),20.6,16.9,False,False
Haryana,Charkhi Dadri,Child Feeding Practices and Nutritional Status of Children,72,Children under 5 years who are overweight (weight-for-height)14 (%),1.4,1.8,False,False
Haryana,Charkhi Dadri,Nutritional Status of Adults (age 15-49 years),73,Women whose Body Mass Index (BMI) is below normal (BMI <18.5 kg/m2)15 (%),19.4,17.0,False,False
Haryana,Charkhi Dadri,Nutritional Status of Adults (age 15-49 years),74,Women who are overweight or obese (BMI ≥25.0 kg/m2)15 (%),32.1,28.8,False,False
Haryana,Charkhi Dadri,Women,75,Blood sugar level - high (141-160 mg/dl)16 (%),7.2,5.2,False,False
Haryana,Charkhi Dadri,Women,76,Blood sugar level - very high (>160 mg/dl)16 (%),6.7,4.7,False,False
Haryana,Charkhi Dadri,Women,77,Blood sugar level - high or very high (>140 mg/dl) or taking medicine to control blood sugar level16 (%),14.4,10.3,False,False
Haryana,Charkhi Dadri,Men,78,Blood sugar level - high (141-160 mg/dl)16 (%),9.0,6.7,False,False
Haryana,Charkhi Dadri,Men,79,Blood sugar level - very high (>160 mg/dl)16 (%),9.3,6.4,False,False
Haryana,Charkhi Dadri,Men,80,Blood sugar level - high or very high (>140 mg/dl) or taking medicine to control blood sugar level16 (%),18.8,13.4,False,False
Haryana,Charkhi Dadri,Women,81,Mildly elevated blood pressure (Systolic 140-159 mm of Hg and/or Diastolic 90-99 mm of Hg) (%),8.9,13.6,False,False
Haryana,Charkhi Dadri,Women,82,Moderately or severely elevated blood pressure (Systolic ≥160 mm of Hg and/or Diastolic ≥100 mm,3.9,4.7,False,False
Haryana,Charkhi Dadri,Women,83,Elevated blood pressure (Systolic ≥140 mm of Hg and/or Diastolic ≥90 mm of Hg) or taking medicine to,15.4,20.6,False,False
Haryana,Charkhi Dadri,Men,84,Mildly elevated blood pressure (Systolic 140-159 mm of Hg and/or Diastolic 90-99 mm of Hg) (%),12.8,16.9,False,False
Haryana,Charkhi Dadri,Men,85,Moderately or severely elevated blood pressure (Systolic ≥160 mm of Hg and/or Diastolic ≥100 mm,4.8,4.2,False,False
Haryana,Charkhi Dadri,Men,86,Elevated blood pressure (Systolic ≥140 mm of Hg and/or Diastolic ≥90 mm of Hg) or taking medicine to,19.3,22.9,False,False
Haryana,Charkhi Dadri,Men,87,Women having a bank or savings account that they themselves use (%),92.4,80.5,False,False
Haryana,Charkhi Dadri,Men,88,Women having a mobile phone that they themselves use (%),64.2,53.9,False,False
Haryana,Charkhi Dadri,Men,89,Women age 15-24 years who use hygienic methods of protection during their menstrual period17 (%),97.0,96.3,False,False
Haryana,Charkhi Dadri,Tobacco Use and Alcohol Consumption among Adults (age 15 years and above),90,Women age 15 years and above who use any kind of tobacco (%),2.3,1.9,False,False
Haryana,Charkhi Dadri,Tobacco Use and Alcohol Consumption among Adults (age 15 years and above),91,Men age 15 years and above who use any kind of tobacco (%),40.5,38.3,False,False
Haryana,Charkhi Dadri,Tobacco Use and Alcohol Consumption among Adults (age 15 years and above),92,Women age 15 years and above who consume alcohol (%),0.1,0.1,False,False
Haryana,Charkhi Dadri,Tobacco Use and Alcohol Consumption among Adults (age 15 years and above),93,Men age 15 years and above who consume alcohol (%),18.1,12.0,False,False
Haryana,Faridabad,Population and Household Profile,1,Population below age 5 years (%),8.1,7.9,False,False
Haryana,Faridabad,Population and Household Profile,2,Population below age 15 years (%),24.9,25.0,False,False
Haryana,Faridabad,Population and Household Profile,3,Population age 60 years and above (%),11.0,9.5,False,False
Haryana,Faridabad,Population and Household Profile,4,Population living in households with electricity (%),99.6,100.0,False,False
Haryana,Faridabad,Population and Household Profile,5,Population living in households with an improved drinking-water source1 (%),98.4,97.9,False,False
Haryana,Faridabad,Population and Household Profile,6,Households using iodized salt (%),97.7,95.4,False,False
Haryana,Faridabad,Population and Household Profile,7,Households with any usual member covered under a health insurance/financing scheme (%),58.9,32.8,False,False
Haryana,Faridabad,Population and Household Profile,8,Households with any usual member having a bank account/post office account (%),97.7,95.1,False,False
Haryana,Faridabad,Population and Household Profile,9,Female population age 6 years and above who ever attended school (%),83.0,80.5,False,False
Haryana,Faridabad,Population and Household Profile,10,Households with any usual female members owning a house and/or land (alone or jointly with others) (%),11.9,13.0,False,False
Haryana,Faridabad,Population and Household Profile,11,Children age 2-4 years who attended pre-school (%),52.5,22.5,False,False
Haryana,Faridabad,Characteristics of Adults (age 15-49 years),12,Women with 10 or more years of schooling (%),60.3,55.6,False,False
Haryana,Faridabad,Characteristics of Adults (age 15-49 years),13,Men with 10 or more years of schooling (%),67.7,62.8,False,False
Haryana,Faridabad,Characteristics of Adults (age 15-49 years),14,Women who have ever used the internet (%),89.4,57.3,False,False
Haryana,Faridabad,Characteristics of Adults (age 15-49 years),15,Men who have ever used the internet (%),93.6,75.9,False,False
Haryana,Faridabad,Marriage and Fertility,16,Women age 20-24 years married before age 18 years (%),14.8,15.3,False,False
Haryana,Faridabad,Marriage and Fertility,17,Men age 25-29 years married before age 21 years (%),*,28.6,True,False
Haryana,Faridabad,Marriage and Fertility,18,Three or more births in the 5 years preceding the survey (%),1.1,1.4,False,False
Haryana,Faridabad,Marriage and Fertility,19,Women age 15-19 years who were already mothers or pregnant at the time of the survey (%),6.1,2.8,False,False
Haryana,Faridabad,Marriage and Fertility,20,Any method2 (%),71.2,77.5,False,False
Haryana,Faridabad,Marriage and Fertility,21,Any modern method2 (%),42.8,58.2,False,False
Haryana,Faridabad,Marriage and Fertility,22,Any traditional method (%),28.4,19.3,False,False
Haryana,Faridabad,Marriage and Fertility,23,Female sterilization (%),19.0,22.4,False,False
Haryana,Faridabad,Marriage and Fertility,24,Male sterilization (%),0.1,0.6,False,False
Haryana,Faridabad,Marriage and Fertility,25,Total unmet need3 (%),7.1,7.4,False,False
Haryana,Faridabad,Marriage and Fertility,26,Unmet need for spacing3 (%),2.7,3.3,False,False
Haryana,Faridabad,Marriage and Fertility,27,Unmet need for limiting3 (%),4.4,4.1,False,False
Haryana,Faridabad,Antenatal Care (for last birth in the 5 years before the survey),28,Mothers who had an antenatal check-up in the first trimester (%),85.9,85.6,False,False
Haryana,Faridabad,Antenatal Care (for last birth in the 5 years before the survey),29,Mothers who had any antenatal care visits (%),99.1,99.3,False,False
Haryana,Faridabad,Antenatal Care (for last birth in the 5 years before the survey),30,Mothers who had at least 4 antenatal care visits (%),89.7,51.2,False,False
Haryana,Faridabad,Antenatal Care (for last birth in the 5 years before the survey),31,Mothers whose last birth was protected against neonatal tetanus4 (%),94.1,81.4,False,False
Haryana,Faridabad,Antenatal Care (for last birth in the 5 years before the survey),32,Mothers who consumed iron folic acid for 100 days or more when they were pregnant (%),68.0,44.6,False,False
Haryana,Faridabad,Antenatal Care (for last birth in the 5 years before the survey),33,Mothers who consumed iron folic acid for 180 days or more when they were pregnant (%),51.5,25.0,False,False
Haryana,Faridabad,Antenatal Care (for last birth in the 5 years before the survey),34,Registered pregnancies for which the mother received a Mother and Child Protection (MCP) card (%),96.7,95.0,False,False
Haryana,Faridabad,Delivery Care (for births in the 5 years before the survey),35,Institutional births (%),95.8,92.5,False,False
Haryana,Faridabad,Delivery Care (for births in the 5 years before the survey),36,Institutional births in public facility (%),38.3,42.9,False,False
Haryana,Faridabad,Delivery Care (for births in the 5 years before the survey),37,Births attended by skilled health personnel5 (%),96.7,93.9,False,False
Haryana,Faridabad,Delivery Care (for births in the 5 years before the survey),38,Births delivered by caesarean section (%),35.7,23.5,False,False
Haryana,Faridabad,Delivery Care (for births in the 5 years before the survey),39,Births in a private health facility that were delivered by caesarean section (%),54.1,39.6,False,False
Haryana,Faridabad,Delivery Care (for births in the 5 years before the survey),40,Births in a public health facility that were delivered by caesarean section (%),12.2,8.9,False,False
Haryana,Faridabad,Postnatal Care (for last birth in the 5 years before the survey),41,Mothers who received postnatal care from a doctor/nurse/LHV/ANM/midwife/other health personnel within 2,94.8,93.5,False,False
Haryana,Faridabad,Postnatal Care (for last birth in the 5 years before the survey),42,Children born at home who were taken to a health facility for a check-up within 24 hours of birth (%),*,*,True,False
Haryana,Faridabad,Postnatal Care (for last birth in the 5 years before the survey),43,Children who received postnatal care from a doctor/nurse/LHV/ANM/midwife/other health personnel within 2,92.9,93.3,False,False
Haryana,Faridabad,Child Vaccinations and Vitamin A Supplementation,44,Children age 12-23 months fully vaccinated based on information from either vaccination card or mother's,83.6,69.5,False,False
Haryana,Faridabad,Child Vaccinations and Vitamin A Supplementation,45,Children age 12-23 months fully vaccinated based on information from vaccination card only7 (%),93.8,73.2,False,False
Haryana,Faridabad,Child Vaccinations and Vitamin A Supplementation,46,Children age 12-23 months who have received any vaccine (%),95.8,96.7,False,False
Haryana,Faridabad,Child Vaccinations and Vitamin A Supplementation,47,Children age 12-23 months who have received BCG (%),93.0,95.4,False,False
Haryana,Faridabad,Child Vaccinations and Vitamin A Supplementation,48,Children age 12-23 months who have received 3 doses of polio vaccine8 (%),87.8,74.4,False,False
Haryana,Faridabad,Child Vaccinations and Vitamin A Supplementation,49,Children age 12-23 months who have received 3 doses of pentavalent vaccine (%),91.0,83.6,False,False
Haryana,Faridabad,Child Vaccinations and Vitamin A Supplementation,50,Children age 12-23 months who have received the first dose of measles-containing vaccine (MCV) (%),94.4,85.1,False,False
Haryana,Faridabad,Child Vaccinations and Vitamin A Supplementation,51,Children age 24-35 months who have received a second dose of measles-containing vaccine (MCV) (%),69.0,51.7,False,False
Haryana,Faridabad,Child Vaccinations and Vitamin A Supplementation,52,Children age 12-23 months who have received birth dose of hepatitis B vaccine (%),89.3,46.9,False,False
Haryana,Faridabad,Child Vaccinations and Vitamin A Supplementation,53,Children age 12-23 months who have received 3 doses of rotavirus vaccine (%),91.0,69.5,False,False
Haryana,Faridabad,Child Vaccinations and Vitamin A Supplementation,54,Children age 9-35 months who received a vitamin A dose in the last 6 months (%),71.3,59.4,False,False
Haryana,Faridabad,Child Vaccinations and Vitamin A Supplementation,55,Children age 12-23 months who received most of their vaccinations in a public health facility (%),81.3,94.8,False,False
Haryana,Faridabad,Child Vaccinations and Vitamin A Supplementation,56,Children age 12-23 months who received most of their vaccinations in a private health facility (%),17.4,5.2,False,False
Haryana,Faridabad,Treatment of Childhood Diseases (children under age 5 years),57,Prevalence of diarrhoea in the 2 weeks preceding the survey (%),12.5,4.7,False,False
Haryana,Faridabad,Treatment of Childhood Diseases (children under age 5 years),58,Prevalence of symptoms of acute respiratory infection (ARI) in the 2 weeks preceding the survey (%),1.0,1.2,False,False
Haryana,Faridabad,Treatment of Childhood Diseases (children under age 5 years),59,Children with fever or symptoms of ARI in the 2 weeks preceding the survey taken to a health facility or,67.4,*,True,False
Haryana,Faridabad,Child Feeding Practices and Nutritional Status of Children,60,Children under age 3 years breastfed within one hour of birth9 (%),33.2,37.2,False,False
Haryana,Faridabad,Child Feeding Practices and Nutritional Status of Children,61,Children under age 6 months exclusively breastfed10 (%),38.4,65.3,True,False
Haryana,Faridabad,Child Feeding Practices and Nutritional Status of Children,62,Children under age 6 months currently breastfeeding10 (%),87.7,95.3,True,False
Haryana,Faridabad,Child Feeding Practices and Nutritional Status of Children,63,Children under age 6 months exclusively breastfed or breastfeeding and consuming plain water/other,87.7,84.5,True,False
Haryana,Faridabad,Child Feeding Practices and Nutritional Status of Children,64,Children age 6-8 months receiving solid or semi-solid food and breastmilk10 (%),*,*,True,False
Haryana,Faridabad,Child Feeding Practices and Nutritional Status of Children,65,"Breastfeeding children age 6-23 months receiving an adequate diet10, 11 (%)",18.0,12.3,False,False
Haryana,Faridabad,Child Feeding Practices and Nutritional Status of Children,66,"Non-breastfeeding children age 6-23 months receiving an adequate diet10, 11 (%)",*,*,True,False
Haryana,Faridabad,Child Feeding Practices and Nutritional Status of Children,67,"Total children age 6-23 months receiving an adequate diet10, 11 (%)",14.0,11.7,False,False
Haryana,Faridabad,Child Feeding Practices and Nutritional Status of Children,68,Children under 5 years who are stunted (height-for-age)12 (%),24.8,28.9,False,False
Haryana,Faridabad,Child Feeding Practices and Nutritional Status of Children,69,Children under 5 years who are wasted (weight-for-height)12 (%),15.3,8.0,False,False
Haryana,Faridabad,Child Feeding Practices and Nutritional Status of Children,70,Children under 5 years who are severely wasted (weight-for-height)13 (%),3.6,3.6,False,False
Haryana,Faridabad,Child Feeding Practices and Nutritional Status of Children,71,Children under 5 years who are underweight (weight-for-age)12 (%),28.5,19.5,False,False
Haryana,Faridabad,Child Feeding Practices and Nutritional Status of Children,72,Children under 5 years who are overweight (weight-for-height)14 (%),1.6,2.4,False,False
Haryana,Faridabad,Nutritional Status of Adults (age 15-49 years),73,Women whose Body Mass Index (BMI) is below normal (BMI <18.5 kg/m2)15 (%),15.3,10.0,False,False
Haryana,Faridabad,Nutritional Status of Adults (age 15-49 years),74,Women who are overweight or obese (BMI ≥25.0 kg/m2)15 (%),40.1,37.1,False,False
Haryana,Faridabad,Women,75,Blood sugar level - high (141-160 mg/dl)16 (%),9.6,3.8,False,False
Haryana,Faridabad,Women,76,Blood sugar level - very high (>160 mg/dl)16 (%),8.6,5.3,False,False
Haryana,Faridabad,Women,77,Blood sugar level - high or very high (>140 mg/dl) or taking medicine to control blood sugar level16 (%),19.5,10.0,False,False
Haryana,Faridabad,Men,78,Blood sugar level - high (141-160 mg/dl)16 (%),8.4,5.1,False,False
Haryana,Faridabad,Men,79,Blood sugar level - very high (>160 mg/dl)16 (%),10.2,5.5,False,False
Haryana,Faridabad,Men,80,Blood sugar level - high or very high (>140 mg/dl) or taking medicine to control blood sugar level16 (%),19.9,11.6,False,False
Haryana,Faridabad,Women,81,Mildly elevated blood pressure (Systolic 140-159 mm of Hg and/or Diastolic 90-99 mm of Hg) (%),7.1,15.1,False,False
Haryana,Faridabad,Women,82,Moderately or severely elevated blood pressure (Systolic ≥160 mm of Hg and/or Diastolic ≥100 mm,3.1,5.3,False,False
Haryana,Faridabad,Women,83,Elevated blood pressure (Systolic ≥140 mm of Hg and/or Diastolic ≥90 mm of Hg) or taking medicine to,14.9,23.3,False,False
Haryana,Faridabad,Men,84,Mildly elevated blood pressure (Systolic 140-159 mm of Hg and/or Diastolic 90-99 mm of Hg) (%),11.1,18.8,False,False
Haryana,Faridabad,Men,85,Moderately or severely elevated blood pressure (Systolic ≥160 mm of Hg and/or Diastolic ≥100 mm,5.7,6.0,False,False
Haryana,Faridabad,Men,86,Elevated blood pressure (Systolic ≥140 mm of Hg and/or Diastolic ≥90 mm of Hg) or taking medicine to,20.3,26.2,False,False
Haryana,Faridabad,Men,87,Women having a bank or savings account that they themselves use (%),79.5,69.2,False,False
Haryana,Faridabad,Men,88,Women having a mobile phone that they themselves use (%),73.5,59.0,False,False
Haryana,Faridabad,Men,89,Women age 15-24 years who use hygienic methods of protection during their menstrual period17 (%),94.5,95.5,False,False
Haryana,Faridabad,Tobacco Use and Alcohol Consumption among Adults (age 15 years and above),90,Women age 15 years and above who use any kind of tobacco (%),2.6,2.7,False,False
Haryana,Faridabad,Tobacco Use and Alcohol Consumption among Adults (age 15 years and above),91,Men age 15 years and above who use any kind of tobacco (%),27.5,23.0,False,False
Haryana,Faridabad,Tobacco Use and Alcohol Consumption among Adults (age 15 years and above),92,Women age 15 years and above who consume alcohol (%),0.1,0.5,False,False
Haryana,Faridabad,Tobacco Use and Alcohol Consumption among Adults (age 15 years and above),93,Men age 15 years and above who consume alcohol (%),19.1,13.6,False,False
Haryana,Fatehabad,Population and Household Profile,1,Population below age 5 years (%),8.4,8.0,False,False
Haryana,Fatehabad,Population and Household Profile,2,Population below age 15 years (%),22.8,24.1,False,False
Haryana,Fatehabad,Population and Household Profile,3,Population age 60 years and above (%),13.6,12.4,False,False
Haryana,Fatehabad,Population and Household Profile,4,Population living in households with electricity (%),99.3,99.8,False,False
Haryana,Fatehabad,Population and Household Profile,5,Population living in households with an improved drinking-water source1 (%),99.7,99.8,False,False
Haryana,Fatehabad,Population and Household Profile,6,Households using iodized salt (%),97.1,94.3,False,False
Haryana,Fatehabad,Population and Household Profile,7,Households with any usual member covered under a health insurance/financing scheme (%),70.1,29.4,False,False
Haryana,Fatehabad,Population and Household Profile,8,Households with any usual member having a bank account/post office account (%),98.9,97.7,False,False
Haryana,Fatehabad,Population and Household Profile,9,Female population age 6 years and above who ever attended school (%),69.3,67.3,False,False
Haryana,Fatehabad,Population and Household Profile,10,Households with any usual female members owning a house and/or land (alone or jointly with others) (%),18.2,14.9,False,False
Haryana,Fatehabad,Population and Household Profile,11,Children age 2-4 years who attended pre-school (%),57.9,33.2,False,False
Haryana,Fatehabad,Characteristics of Adults (age 15-49 years),12,Women with 10 or more years of schooling (%),49.1,41.5,False,False
Haryana,Fatehabad,Characteristics of Adults (age 15-49 years),13,Men with 10 or more years of schooling (%),64.2,42.2,False,False
Haryana,Fatehabad,Characteristics of Adults (age 15-49 years),14,Women who have ever used the internet (%),62.0,43.3,False,False
Haryana,Fatehabad,Characteristics of Adults (age 15-49 years),15,Men who have ever used the internet (%),81.9,65.0,False,False
Haryana,Fatehabad,Marriage and Fertility,16,Women age 20-24 years married before age 18 years (%),14.0,11.7,False,False
Haryana,Fatehabad,Marriage and Fertility,17,Men age 25-29 years married before age 21 years (%),*,15.3,True,False
Haryana,Fatehabad,Marriage and Fertility,18,Three or more births in the 5 years preceding the survey (%),2.3,2.8,False,False
Haryana,Fatehabad,Marriage and Fertility,19,Women age 15-19 years who were already mothers or pregnant at the time of the survey (%),3.3,2.1,False,False
Haryana,Fatehabad,Marriage and Fertility,20,Any method2 (%),79.6,75.8,False,False
Haryana,Fatehabad,Marriage and Fertility,21,Any modern method2 (%),60.5,62.9,False,False
Haryana,Fatehabad,Marriage and Fertility,22,Any traditional method (%),19.1,12.9,False,False
Haryana,Fatehabad,Marriage and Fertility,23,Female sterilization (%),41.2,39.1,False,False
Haryana,Fatehabad,Marriage and Fertility,24,Male sterilization (%),0.1,0.6,False,False
Haryana,Fatehabad,Marriage and Fertility,25,Total unmet need3 (%),4.2,4.6,False,False
Haryana,Fatehabad,Marriage and Fertility,26,Unmet need for spacing3 (%),2.2,2.2,False,False
Haryana,Fatehabad,Marriage and Fertility,27,Unmet need for limiting3 (%),2.0,2.4,False,False
Haryana,Fatehabad,Antenatal Care (for last birth in the 5 years before the survey),28,Mothers who had an antenatal check-up in the first trimester (%),84.4,91.3,False,False
Haryana,Fatehabad,Antenatal Care (for last birth in the 5 years before the survey),29,Mothers who had any antenatal care visits (%),100.0,99.5,False,False
Haryana,Fatehabad,Antenatal Care (for last birth in the 5 years before the survey),30,Mothers who had at least 4 antenatal care visits (%),81.4,60.1,False,False
Haryana,Fatehabad,Antenatal Care (for last birth in the 5 years before the survey),31,Mothers whose last birth was protected against neonatal tetanus4 (%),94.1,92.3,False,False
Haryana,Fatehabad,Antenatal Care (for last birth in the 5 years before the survey),32,Mothers who consumed iron folic acid for 100 days or more when they were pregnant (%),78.4,60.3,False,False
Haryana,Fatehabad,Antenatal Care (for last birth in the 5 years before the survey),33,Mothers who consumed iron folic acid for 180 days or more when they were pregnant (%),60.3,41.5,False,False
Haryana,Fatehabad,Antenatal Care (for last birth in the 5 years before the survey),34,Registered pregnancies for which the mother received a Mother and Child Protection (MCP) card (%),100.0,98.1,False,False
Haryana,Fatehabad,Delivery Care (for births in the 5 years before the survey),35,Institutional births (%),99.4,97.9,False,False
Haryana,Fatehabad,Delivery Care (for births in the 5 years before the survey),36,Institutional births in public facility (%),53.7,58.9,False,False
Haryana,Fatehabad,Delivery Care (for births in the 5 years before the survey),37,Births attended by skilled health personnel5 (%),99.2,97.9,False,False
Haryana,Fatehabad,Delivery Care (for births in the 5 years before the survey),38,Births delivered by caesarean section (%),33.8,22.2,False,False
Haryana,Fatehabad,Delivery Care (for births in the 5 years before the survey),39,Births in a private health facility that were delivered by caesarean section (%),43.5,38.4,False,False
Haryana,Fatehabad,Delivery Care (for births in the 5 years before the survey),40,Births in a public health facility that were delivered by caesarean section (%),25.9,12.2,False,False
Haryana,Fatehabad,Postnatal Care (for last birth in the 5 years before the survey),41,Mothers who received postnatal care from a doctor/nurse/LHV/ANM/midwife/other health personnel within 2,98.8,96.9,False,False
Haryana,Fatehabad,Postnatal Care (for last birth in the 5 years before the survey),42,Children born at home who were taken to a health facility for a check-up within 24 hours of birth (%),*,*,True,False
Haryana,Fatehabad,Postnatal Care (for last birth in the 5 years before the survey),43,Children who received postnatal care from a doctor/nurse/LHV/ANM/midwife/other health personnel within 2,99.0,94.4,False,False
Haryana,Fatehabad,Child Vaccinations and Vitamin A Supplementation,44,Children age 12-23 months fully vaccinated based on information from either vaccination card or mother's,95.1,90.7,False,False
Haryana,Fatehabad,Child Vaccinations and Vitamin A Supplementation,45,Children age 12-23 months fully vaccinated based on information from vaccination card only7 (%),96.4,96.7,False,False
Haryana,Fatehabad,Child Vaccinations and Vitamin A Supplementation,46,Children age 12-23 months who have received any vaccine (%),97.3,96.8,False,False
Haryana,Fatehabad,Child Vaccinations and Vitamin A Supplementation,47,Children age 12-23 months who have received BCG (%),97.3,96.8,False,False
Haryana,Fatehabad,Child Vaccinations and Vitamin A Supplementation,48,Children age 12-23 months who have received 3 doses of polio vaccine8 (%),95.1,90.7,False,False
Haryana,Fatehabad,Child Vaccinations and Vitamin A Supplementation,49,Children age 12-23 months who have received 3 doses of pentavalent vaccine (%),96.2,93.8,False,False
Haryana,Fatehabad,Child Vaccinations and Vitamin A Supplementation,50,Children age 12-23 months who have received the first dose of measles-containing vaccine (MCV) (%),96.2,93.8,False,False
Haryana,Fatehabad,Child Vaccinations and Vitamin A Supplementation,51,Children age 24-35 months who have received a second dose of measles-containing vaccine (MCV) (%),93.7,81.7,False,False
Haryana,Fatehabad,Child Vaccinations and Vitamin A Supplementation,52,Children age 12-23 months who have received birth dose of hepatitis B vaccine (%),89.1,68.4,False,False
Haryana,Fatehabad,Child Vaccinations and Vitamin A Supplementation,53,Children age 12-23 months who have received 3 doses of rotavirus vaccine (%),95.1,90.7,False,False
Haryana,Fatehabad,Child Vaccinations and Vitamin A Supplementation,54,Children age 9-35 months who received a vitamin A dose in the last 6 months (%),88.5,67.8,False,False
Haryana,Fatehabad,Child Vaccinations and Vitamin A Supplementation,55,Children age 12-23 months who received most of their vaccinations in a public health facility (%),97.3,98.3,False,False
Haryana,Fatehabad,Child Vaccinations and Vitamin A Supplementation,56,Children age 12-23 months who received most of their vaccinations in a private health facility (%),0.0,1.7,False,False
Haryana,Fatehabad,Treatment of Childhood Diseases (children under age 5 years),57,Prevalence of diarrhoea in the 2 weeks preceding the survey (%),10.6,3.6,False,False
Haryana,Fatehabad,Treatment of Childhood Diseases (children under age 5 years),58,Prevalence of symptoms of acute respiratory infection (ARI) in the 2 weeks preceding the survey (%),1.4,0.6,False,False
Haryana,Fatehabad,Treatment of Childhood Diseases (children under age 5 years),59,Children with fever or symptoms of ARI in the 2 weeks preceding the survey taken to a health facility or,82.9,*,True,False
Haryana,Fatehabad,Child Feeding Practices and Nutritional Status of Children,60,Children under age 3 years breastfed within one hour of birth9 (%),29.0,30.5,False,False
Haryana,Fatehabad,Child Feeding Practices and Nutritional Status of Children,61,Children under age 6 months exclusively breastfed10 (%),46.8,71.0,True,False
Haryana,Fatehabad,Child Feeding Practices and Nutritional Status of Children,62,Children under age 6 months currently breastfeeding10 (%),92.9,100.0,True,False
Haryana,Fatehabad,Child Feeding Practices and Nutritional Status of Children,63,Children under age 6 months exclusively breastfed or breastfeeding and consuming plain water/other,88.0,84.3,True,False
Haryana,Fatehabad,Child Feeding Practices and Nutritional Status of Children,64,Children age 6-8 months receiving solid or semi-solid food and breastmilk10 (%),*,*,True,False
Haryana,Fatehabad,Child Feeding Practices and Nutritional Status of Children,65,"Breastfeeding children age 6-23 months receiving an adequate diet10, 11 (%)",18.9,12.8,False,False
Haryana,Fatehabad,Child Feeding Practices and Nutritional Status of Children,66,"Non-breastfeeding children age 6-23 months receiving an adequate diet10, 11 (%)",*,*,True,False
Haryana,Fatehabad,Child Feeding Practices and Nutritional Status of Children,67,"Total children age 6-23 months receiving an adequate diet10, 11 (%)",15.3,11.2,False,False
Haryana,Fatehabad,Child Feeding Practices and Nutritional Status of Children,68,Children under 5 years who are stunted (height-for-age)12 (%),19.2,24.6,False,False
Haryana,Fatehabad,Child Feeding Practices and Nutritional Status of Children,69,Children under 5 years who are wasted (weight-for-height)12 (%),15.4,16.0,False,False
Haryana,Fatehabad,Child Feeding Practices and Nutritional Status of Children,70,Children under 5 years who are severely wasted (weight-for-height)13 (%),2.7,5.3,False,False
Haryana,Fatehabad,Child Feeding Practices and Nutritional Status of Children,71,Children under 5 years who are underweight (weight-for-age)12 (%),23.9,26.6,False,False
Haryana,Fatehabad,Child Feeding Practices and Nutritional Status of Children,72,Children under 5 years who are overweight (weight-for-height)14 (%),0.3,1.1,False,False
Haryana,Fatehabad,Nutritional Status of Adults (age 15-49 years),73,Women whose Body Mass Index (BMI) is below normal (BMI <18.5 kg/m2)15 (%),19.5,19.8,False,False
Haryana,Fatehabad,Nutritional Status of Adults (age 15-49 years),74,Women who are overweight or obese (BMI ≥25.0 kg/m2)15 (%),34.2,29.8,False,False
Haryana,Fatehabad,Women,75,Blood sugar level - high (141-160 mg/dl)16 (%),5.7,6.6,False,False
Haryana,Fatehabad,Women,76,Blood sugar level - very high (>160 mg/dl)16 (%),7.6,8.8,False,False
Haryana,Fatehabad,Women,77,Blood sugar level - high or very high (>140 mg/dl) or taking medicine to control blood sugar level16 (%),13.7,16.1,False,False
Haryana,Fatehabad,Men,78,Blood sugar level - high (141-160 mg/dl)16 (%),6.7,7.4,False,False
Haryana,Fatehabad,Men,79,Blood sugar level - very high (>160 mg/dl)16 (%),8.0,9.1,False,False
Haryana,Fatehabad,Men,80,Blood sugar level - high or very high (>140 mg/dl) or taking medicine to control blood sugar level16 (%),15.2,17.0,False,False
Haryana,Fatehabad,Women,81,Mildly elevated blood pressure (Systolic 140-159 mm of Hg and/or Diastolic 90-99 mm of Hg) (%),8.7,9.7,False,False
Haryana,Fatehabad,Women,82,Moderately or severely elevated blood pressure (Systolic ≥160 mm of Hg and/or Diastolic ≥100 mm,4.8,5.0,False,False
Haryana,Fatehabad,Women,83,Elevated blood pressure (Systolic ≥140 mm of Hg and/or Diastolic ≥90 mm of Hg) or taking medicine to,17.5,17.5,False,False
Haryana,Fatehabad,Men,84,Mildly elevated blood pressure (Systolic 140-159 mm of Hg and/or Diastolic 90-99 mm of Hg) (%),12.2,12.2,False,False
Haryana,Fatehabad,Men,85,Moderately or severely elevated blood pressure (Systolic ≥160 mm of Hg and/or Diastolic ≥100 mm,6.3,6.5,False,False
Haryana,Fatehabad,Men,86,Elevated blood pressure (Systolic ≥140 mm of Hg and/or Diastolic ≥90 mm of Hg) or taking medicine to,20.9,20.1,False,False
Haryana,Fatehabad,Men,87,Women having a bank or savings account that they themselves use (%),91.9,71.1,False,False
Haryana,Fatehabad,Men,88,Women having a mobile phone that they themselves use (%),53.3,29.8,False,False
Haryana,Fatehabad,Men,89,Women age 15-24 years who use hygienic methods of protection during their menstrual period17 (%),96.0,96.7,False,False
Haryana,Fatehabad,Tobacco Use and Alcohol Consumption among Adults (age 15 years and above),90,Women age 15 years and above who use any kind of tobacco (%),0.7,0.8,False,False
Haryana,Fatehabad,Tobacco Use and Alcohol Consumption among Adults (age 15 years and above),91,Men age 15 years and above who use any kind of tobacco (%),24.4,23.5,False,False
Haryana,Fatehabad,Tobacco Use and Alcohol Consumption among Adults (age 15 years and above),92,Women age 15 years and above who consume alcohol (%),0.1,0.5,False,False
Haryana,Fatehabad,Tobacco Use and Alcohol Consumption among Adults (age 15 years and above),93,Men age 15 years and above who consume alcohol (%),15.8,14.2,False,False
Haryana,Gurugram,Population and Household Profile,1,Population below age 5 years (%),7.5,6.6,False,False
Haryana,Gurugram,Population and Household Profile,2,Population below age 15 years (%),24.3,24.7,False,False
Haryana,Gurugram,Population and Household Profile,3,Population age 60 years and above (%),7.5,8.8,False,False
Haryana,Gurugram,Population and Household Profile,4,Population living in households with electricity (%),99.8,99.4,False,False
Haryana,Gurugram,Population and Household Profile,5,Population living in households with an improved drinking-water source1 (%),99.8,99.7,False,False
Haryana,Gurugram,Population and Household Profile,6,Households using iodized salt (%),98.4,97.6,False,False
Haryana,Gurugram,Population and Household Profile,7,Households with any usual member covered under a health insurance/financing scheme (%),64.1,34.6,False,False
Haryana,Gurugram,Population and Household Profile,8,Households with any usual member having a bank account/post office account (%),96.6,95.4,False,False
Haryana,Gurugram,Population and Household Profile,9,Female population age 6 years and above who ever attended school (%),84.9,80.9,False,False
Haryana,Gurugram,Population and Household Profile,10,Households with any usual female members owning a house and/or land (alone or jointly with others) (%),11.0,7.6,False,False
Haryana,Gurugram,Population and Household Profile,11,Children age 2-4 years who attended pre-school (%),48.8,23.4,False,False
Haryana,Gurugram,Characteristics of Adults (age 15-49 years),12,Women with 10 or more years of schooling (%),63.4,59.6,False,False
Haryana,Gurugram,Characteristics of Adults (age 15-49 years),13,Men with 10 or more years of schooling (%),69.5,83.4,False,False
Haryana,Gurugram,Characteristics of Adults (age 15-49 years),14,Women who have ever used the internet (%),86.5,70.3,False,False
Haryana,Gurugram,Characteristics of Adults (age 15-49 years),15,Men who have ever used the internet (%),95.3,88.5,False,False
Haryana,Gurugram,Marriage and Fertility,16,Women age 20-24 years married before age 18 years (%),14.0,20.7,False,False
Haryana,Gurugram,Marriage and Fertility,17,Men age 25-29 years married before age 21 years (%),*,*,True,False
Haryana,Gurugram,Marriage and Fertility,18,Three or more births in the 5 years preceding the survey (%),1.4,1.9,False,False
Haryana,Gurugram,Marriage and Fertility,19,Women age 15-19 years who were already mothers or pregnant at the time of the survey (%),7.0,6.9,False,False
Haryana,Gurugram,Marriage and Fertility,20,Any method2 (%),72.7,70.3,False,False
Haryana,Gurugram,Marriage and Fertility,21,Any modern method2 (%),49.9,61.2,False,False
Haryana,Gurugram,Marriage and Fertility,22,Any traditional method (%),22.8,9.1,False,False
Haryana,Gurugram,Marriage and Fertility,23,Female sterilization (%),22.4,34.6,False,False
Haryana,Gurugram,Marriage and Fertility,24,Male sterilization (%),0.4,0.1,False,False
Haryana,Gurugram,Marriage and Fertility,25,Total unmet need3 (%),6.3,7.8,False,False
Haryana,Gurugram,Marriage and Fertility,26,Unmet need for spacing3 (%),1.8,3.0,False,False
Haryana,Gurugram,Marriage and Fertility,27,Unmet need for limiting3 (%),4.5,4.8,False,False
Haryana,Gurugram,Antenatal Care (for last birth in the 5 years before the survey),28,Mothers who had an antenatal check-up in the first trimester (%),83.2,86.2,False,False
Haryana,Gurugram,Antenatal Care (for last birth in the 5 years before the survey),29,Mothers who had any antenatal care visits (%),97.5,97.5,False,False
Haryana,Gurugram,Antenatal Care (for last birth in the 5 years before the survey),30,Mothers who had at least 4 antenatal care visits (%),82.5,48.1,False,False
Haryana,Gurugram,Antenatal Care (for last birth in the 5 years before the survey),31,Mothers whose last birth was protected against neonatal tetanus4 (%),96.2,96.1,False,False
Haryana,Gurugram,Antenatal Care (for last birth in the 5 years before the survey),32,Mothers who consumed iron folic acid for 100 days or more when they were pregnant (%),58.8,47.8,False,False
Haryana,Gurugram,Antenatal Care (for last birth in the 5 years before the survey),33,Mothers who consumed iron folic acid for 180 days or more when they were pregnant (%),45.8,16.8,False,False
Haryana,Gurugram,Antenatal Care (for last birth in the 5 years before the survey),34,Registered pregnancies for which the mother received a Mother and Child Protection (MCP) card (%),92.9,93.8,False,False
Haryana,Gurugram,Delivery Care (for births in the 5 years before the survey),35,Institutional births (%),94.3,96.7,False,False
Haryana,Gurugram,Delivery Care (for births in the 5 years before the survey),36,Institutional births in public facility (%),51.5,56.9,False,False
Haryana,Gurugram,Delivery Care (for births in the 5 years before the survey),37,Births attended by skilled health personnel5 (%),95.5,97.2,False,False
Haryana,Gurugram,Delivery Care (for births in the 5 years before the survey),38,Births delivered by caesarean section (%),32.0,18.6,False,False
Haryana,Gurugram,Delivery Care (for births in the 5 years before the survey),39,Births in a private health facility that were delivered by caesarean section (%),55.2,36.2,False,False
Haryana,Gurugram,Delivery Care (for births in the 5 years before the survey),40,Births in a public health facility that were delivered by caesarean section (%),16.2,7.4,False,False
Haryana,Gurugram,Postnatal Care (for last birth in the 5 years before the survey),41,Mothers who received postnatal care from a doctor/nurse/LHV/ANM/midwife/other health personnel within 2,96.9,87.7,False,False
Haryana,Gurugram,Postnatal Care (for last birth in the 5 years before the survey),42,Children born at home who were taken to a health facility for a check-up within 24 hours of birth (%),*,*,True,False
Haryana,Gurugram,Postnatal Care (for last birth in the 5 years before the survey),43,Children who received postnatal care from a doctor/nurse/LHV/ANM/midwife/other health personnel within 2,96.2,87.6,False,False
Haryana,Gurugram,Child Vaccinations and Vitamin A Supplementation,44,Children age 12-23 months fully vaccinated based on information from either vaccination card or mother's,66.6,58.7,True,False
Haryana,Gurugram,Child Vaccinations and Vitamin A Supplementation,45,Children age 12-23 months fully vaccinated based on information from vaccination card only7 (%),79.5,80.1,True,False
Haryana,Gurugram,Child Vaccinations and Vitamin A Supplementation,46,Children age 12-23 months who have received any vaccine (%),93.8,95.7,True,False
Haryana,Gurugram,Child Vaccinations and Vitamin A Supplementation,47,Children age 12-23 months who have received BCG (%),92.0,93.0,True,False
Haryana,Gurugram,Child Vaccinations and Vitamin A Supplementation,48,Children age 12-23 months who have received 3 doses of polio vaccine8 (%),72.1,68.4,True,False
Haryana,Gurugram,Child Vaccinations and Vitamin A Supplementation,49,Children age 12-23 months who have received 3 doses of pentavalent vaccine (%),80.6,70.1,True,False
Haryana,Gurugram,Child Vaccinations and Vitamin A Supplementation,50,Children age 12-23 months who have received the first dose of measles-containing vaccine (MCV) (%),86.9,81.8,True,False
Haryana,Gurugram,Child Vaccinations and Vitamin A Supplementation,51,Children age 24-35 months who have received a second dose of measles-containing vaccine (MCV) (%),85.6,63.9,True,False
Haryana,Gurugram,Child Vaccinations and Vitamin A Supplementation,52,Children age 12-23 months who have received birth dose of hepatitis B vaccine (%),77.2,66.7,True,False
Haryana,Gurugram,Child Vaccinations and Vitamin A Supplementation,53,Children age 12-23 months who have received 3 doses of rotavirus vaccine (%),81.3,67.6,True,False
Haryana,Gurugram,Child Vaccinations and Vitamin A Supplementation,54,Children age 9-35 months who received a vitamin A dose in the last 6 months (%),68.9,54.8,False,False
Haryana,Gurugram,Child Vaccinations and Vitamin A Supplementation,55,Children age 12-23 months who received most of their vaccinations in a public health facility (%),93.1,94.0,True,False
Haryana,Gurugram,Child Vaccinations and Vitamin A Supplementation,56,Children age 12-23 months who received most of their vaccinations in a private health facility (%),6.9,6.0,True,False
Haryana,Gurugram,Treatment of Childhood Diseases (children under age 5 years),57,Prevalence of diarrhoea in the 2 weeks preceding the survey (%),9.5,4.5,False,False
Haryana,Gurugram,Treatment of Childhood Diseases (children under age 5 years),58,Prevalence of symptoms of acute respiratory infection (ARI) in the 2 weeks preceding the survey (%),0.2,0.0,False,False
Haryana,Gurugram,Treatment of Childhood Diseases (children under age 5 years),59,Children with fever or symptoms of ARI in the 2 weeks preceding the survey taken to a health facility or,76.1,*,True,False
Haryana,Gurugram,Child Feeding Practices and Nutritional Status of Children,60,Children under age 3 years breastfed within one hour of birth9 (%),36.0,44.3,False,False
Haryana,Gurugram,Child Feeding Practices and Nutritional Status of Children,61,Children under age 6 months exclusively breastfed10 (%),*,*,True,False
Haryana,Gurugram,Child Feeding Practices and Nutritional Status of Children,62,Children under age 6 months currently breastfeeding10 (%),*,*,True,False
Haryana,Gurugram,Child Feeding Practices and Nutritional Status of Children,63,Children under age 6 months exclusively breastfed or breastfeeding and consuming plain water/other,*,*,True,False
Haryana,Gurugram,Child Feeding Practices and Nutritional Status of Children,64,Children age 6-8 months receiving solid or semi-solid food and breastmilk10 (%),*,*,True,False
Haryana,Gurugram,Child Feeding Practices and Nutritional Status of Children,65,"Breastfeeding children age 6-23 months receiving an adequate diet10, 11 (%)",22.9,11.8,False,False
Haryana,Gurugram,Child Feeding Practices and Nutritional Status of Children,66,"Non-breastfeeding children age 6-23 months receiving an adequate diet10, 11 (%)",*,*,True,False
Haryana,Gurugram,Child Feeding Practices and Nutritional Status of Children,67,"Total children age 6-23 months receiving an adequate diet10, 11 (%)",19.6,10.1,False,False
Haryana,Gurugram,Child Feeding Practices and Nutritional Status of Children,68,Children under 5 years who are stunted (height-for-age)12 (%),21.6,22.1,False,False
Haryana,Gurugram,Child Feeding Practices and Nutritional Status of Children,69,Children under 5 years who are wasted (weight-for-height)12 (%),15.7,15.7,False,False
Haryana,Gurugram,Child Feeding Practices and Nutritional Status of Children,70,Children under 5 years who are severely wasted (weight-for-height)13 (%),2.9,4.2,False,False
Haryana,Gurugram,Child Feeding Practices and Nutritional Status of Children,71,Children under 5 years who are underweight (weight-for-age)12 (%),25.7,22.2,False,False
Haryana,Gurugram,Child Feeding Practices and Nutritional Status of Children,72,Children under 5 years who are overweight (weight-for-height)14 (%),4.2,2.6,False,False
Haryana,Gurugram,Nutritional Status of Adults (age 15-49 years),73,Women whose Body Mass Index (BMI) is below normal (BMI <18.5 kg/m2)15 (%),14.1,9.0,False,False
Haryana,Gurugram,Nutritional Status of Adults (age 15-49 years),74,Women who are overweight or obese (BMI ≥25.0 kg/m2)15 (%),41.9,24.3,False,False
Haryana,Gurugram,Women,75,Blood sugar level - high (141-160 mg/dl)16 (%),6.0,7.4,False,False
Haryana,Gurugram,Women,76,Blood sugar level - very high (>160 mg/dl)16 (%),6.6,5.1,False,False
Haryana,Gurugram,Women,77,Blood sugar level - high or very high (>140 mg/dl) or taking medicine to control blood sugar level16 (%),13.0,13.5,False,False
Haryana,Gurugram,Men,78,Blood sugar level - high (141-160 mg/dl)16 (%),7.8,9.8,False,False
Haryana,Gurugram,Men,79,Blood sugar level - very high (>160 mg/dl)16 (%),8.4,5.1,False,False
Haryana,Gurugram,Men,80,Blood sugar level - high or very high (>140 mg/dl) or taking medicine to control blood sugar level16 (%),17.2,15.4,False,False
Haryana,Gurugram,Women,81,Mildly elevated blood pressure (Systolic 140-159 mm of Hg and/or Diastolic 90-99 mm of Hg) (%),6.3,10.7,False,False
Haryana,Gurugram,Women,82,Moderately or severely elevated blood pressure (Systolic ≥160 mm of Hg and/or Diastolic ≥100 mm,2.8,4.0,False,False
Haryana,Gurugram,Women,83,Elevated blood pressure (Systolic ≥140 mm of Hg and/or Diastolic ≥90 mm of Hg) or taking medicine to,13.3,16.5,False,False
Haryana,Gurugram,Men,84,Mildly elevated blood pressure (Systolic 140-159 mm of Hg and/or Diastolic 90-99 mm of Hg) (%),7.0,17.2,False,False
Haryana,Gurugram,Men,85,Moderately or severely elevated blood pressure (Systolic ≥160 mm of Hg and/or Diastolic ≥100 mm,4.3,4.5,False,False
Haryana,Gurugram,Men,86,Elevated blood pressure (Systolic ≥140 mm of Hg and/or Diastolic ≥90 mm of Hg) or taking medicine to,13.5,22.4,False,False
Haryana,Gurugram,Men,87,Women having a bank or savings account that they themselves use (%),84.8,81.8,False,False
Haryana,Gurugram,Men,88,Women having a mobile phone that they themselves use (%),76.6,68.8,False,False
Haryana,Gurugram,Men,89,Women age 15-24 years who use hygienic methods of protection during their menstrual period17 (%),95.2,96.0,False,False
Haryana,Gurugram,Tobacco Use and Alcohol Consumption among Adults (age 15 years and above),90,Women age 15 years and above who use any kind of tobacco (%),2.3,2.9,False,False
Haryana,Gurugram,Tobacco Use and Alcohol Consumption among Adults (age 15 years and above),91,Men age 15 years and above who use any kind of tobacco (%),23.7,32.6,False,False
Haryana,Gurugram,Tobacco Use and Alcohol Consumption among Adults (age 15 years and above),92,Women age 15 years and above who consume alcohol (%),0.7,0.5,False,False
Haryana,Gurugram,Tobacco Use and Alcohol Consumption among Adults (age 15 years and above),93,Men age 15 years and above who consume alcohol (%),19.9,18.5,False,False
Haryana,Hisar,Population and Household Profile,1,Population below age 5 years (%),6.8,8.3,False,False
Haryana,Hisar,Population and Household Profile,2,Population below age 15 years (%),22.1,25.8,False,False
Haryana,Hisar,Population and Household Profile,3,Population age 60 years and above (%),14.2,11.3,False,False
Haryana,Hisar,Population and Household Profile,4,Population living in households with electricity (%),99.4,99.7,False,False
Haryana,Hisar,Population and Household Profile,5,Population living in households with an improved drinking-water source1 (%),97.9,99.3,False,False
Haryana,Hisar,Population and Household Profile,6,Households using iodized salt (%),94.9,95.8,False,False
Haryana,Hisar,Population and Household Profile,7,Households with any usual member covered under a health insurance/financing scheme (%),72.5,27.9,False,False
Haryana,Hisar,Population and Household Profile,8,Households with any usual member having a bank account/post office account (%),97.8,97.3,False,False
Haryana,Hisar,Population and Household Profile,9,Female population age 6 years and above who ever attended school (%),69.8,69.3,False,False
Haryana,Hisar,Population and Household Profile,10,Households with any usual female members owning a house and/or land (alone or jointly with others) (%),13.0,16.1,False,False
Haryana,Hisar,Population and Household Profile,11,Children age 2-4 years who attended pre-school (%),59.0,22.0,False,False
Haryana,Hisar,Characteristics of Adults (age 15-49 years),12,Women with 10 or more years of schooling (%),51.5,43.9,False,False
Haryana,Hisar,Characteristics of Adults (age 15-49 years),13,Men with 10 or more years of schooling (%),67.1,50.1,False,False
Haryana,Hisar,Characteristics of Adults (age 15-49 years),14,Women who have ever used the internet (%),71.4,49.4,False,False
Haryana,Hisar,Characteristics of Adults (age 15-49 years),15,Men who have ever used the internet (%),82.4,65.8,False,False
Haryana,Hisar,Marriage and Fertility,16,Women age 20-24 years married before age 18 years (%),5.8,8.9,False,False
Haryana,Hisar,Marriage and Fertility,17,Men age 25-29 years married before age 21 years (%),11.6,*,True,False
Haryana,Hisar,Marriage and Fertility,18,Three or more births in the 5 years preceding the survey (%),1.5,3.4,False,False
Haryana,Hisar,Marriage and Fertility,19,Women age 15-19 years who were already mothers or pregnant at the time of the survey (%),3.5,3.6,False,False
Haryana,Hisar,Marriage and Fertility,20,Any method2 (%),76.5,74.4,False,False
Haryana,Hisar,Marriage and Fertility,21,Any modern method2 (%),59.8,64.6,False,False
Haryana,Hisar,Marriage and Fertility,22,Any traditional method (%),16.7,9.8,False,False
Haryana,Hisar,Marriage and Fertility,23,Female sterilization (%),41.8,42.9,False,False
Haryana,Hisar,Marriage and Fertility,24,Male sterilization (%),0.3,0.3,False,False
Haryana,Hisar,Marriage and Fertility,25,Total unmet need3 (%),4.7,8.9,False,False
Haryana,Hisar,Marriage and Fertility,26,Unmet need for spacing3 (%),2.9,3.1,False,False
Haryana,Hisar,Marriage and Fertility,27,Unmet need for limiting3 (%),1.8,5.8,False,False
Haryana,Hisar,Antenatal Care (for last birth in the 5 years before the survey),28,Mothers who had an antenatal check-up in the first trimester (%),87.2,91.2,False,False
Haryana,Hisar,Antenatal Care (for last birth in the 5 years before the survey),29,Mothers who had any antenatal care visits (%),98.5,99.6,False,False
Haryana,Hisar,Antenatal Care (for last birth in the 5 years before the survey),30,Mothers who had at least 4 antenatal care visits (%),75.4,69.9,False,False
Haryana,Hisar,Antenatal Care (for last birth in the 5 years before the survey),31,Mothers whose last birth was protected against neonatal tetanus4 (%),90.6,97.8,False,False
Haryana,Hisar,Antenatal Care (for last birth in the 5 years before the survey),32,Mothers who consumed iron folic acid for 100 days or more when they were pregnant (%),75.4,54.4,False,False
Haryana,Hisar,Antenatal Care (for last birth in the 5 years before the survey),33,Mothers who consumed iron folic acid for 180 days or more when they were pregnant (%),59.0,34.4,False,False
Haryana,Hisar,Antenatal Care (for last birth in the 5 years before the survey),34,Registered pregnancies for which the mother received a Mother and Child Protection (MCP) card (%),97.6,99.4,False,False
Haryana,Hisar,Delivery Care (for births in the 5 years before the survey),35,Institutional births (%),99.7,98.2,False,False
Haryana,Hisar,Delivery Care (for births in the 5 years before the survey),36,Institutional births in public facility (%),50.5,46.1,False,False
Haryana,Hisar,Delivery Care (for births in the 5 years before the survey),37,Births attended by skilled health personnel5 (%),99.0,98.8,False,False
Haryana,Hisar,Delivery Care (for births in the 5 years before the survey),38,Births delivered by caesarean section (%),19.8,18.2,False,False
Haryana,Hisar,Delivery Care (for births in the 5 years before the survey),39,Births in a private health facility that were delivered by caesarean section (%),26.6,23.7,False,False
Haryana,Hisar,Delivery Care (for births in the 5 years before the survey),40,Births in a public health facility that were delivered by caesarean section (%),13.2,12.8,False,False
Haryana,Hisar,Postnatal Care (for last birth in the 5 years before the survey),41,Mothers who received postnatal care from a doctor/nurse/LHV/ANM/midwife/other health personnel within 2,95.1,93.3,False,False
Haryana,Hisar,Postnatal Care (for last birth in the 5 years before the survey),42,Children born at home who were taken to a health facility for a check-up within 24 hours of birth (%),*,*,True,False
Haryana,Hisar,Postnatal Care (for last birth in the 5 years before the survey),43,Children who received postnatal care from a doctor/nurse/LHV/ANM/midwife/other health personnel within 2,95.9,93.6,False,False
Haryana,Hisar,Child Vaccinations and Vitamin A Supplementation,44,Children age 12-23 months fully vaccinated based on information from either vaccination card or mother's,93.2,85.5,True,False
Haryana,Hisar,Child Vaccinations and Vitamin A Supplementation,45,Children age 12-23 months fully vaccinated based on information from vaccination card only7 (%),89.5,90.6,True,False
Haryana,Hisar,Child Vaccinations and Vitamin A Supplementation,46,Children age 12-23 months who have received any vaccine (%),98.1,100.0,True,False
Haryana,Hisar,Child Vaccinations and Vitamin A Supplementation,47,Children age 12-23 months who have received BCG (%),96.1,100.0,True,False
Haryana,Hisar,Child Vaccinations and Vitamin A Supplementation,48,Children age 12-23 months who have received 3 doses of polio vaccine8 (%),95.2,87.0,True,False
Haryana,Hisar,Child Vaccinations and Vitamin A Supplementation,49,Children age 12-23 months who have received 3 doses of pentavalent vaccine (%),98.1,95.4,True,False
Haryana,Hisar,Child Vaccinations and Vitamin A Supplementation,50,Children age 12-23 months who have received the first dose of measles-containing vaccine (MCV) (%),98.1,97.1,True,False
Haryana,Hisar,Child Vaccinations and Vitamin A Supplementation,51,Children age 24-35 months who have received a second dose of measles-containing vaccine (MCV) (%),79.3,62.7,False,False
Haryana,Hisar,Child Vaccinations and Vitamin A Supplementation,52,Children age 12-23 months who have received birth dose of hepatitis B vaccine (%),96.0,60.2,True,False
Haryana,Hisar,Child Vaccinations and Vitamin A Supplementation,53,Children age 12-23 months who have received 3 doses of rotavirus vaccine (%),95.4,97.1,True,False
Haryana,Hisar,Child Vaccinations and Vitamin A Supplementation,54,Children age 9-35 months who received a vitamin A dose in the last 6 months (%),83.7,64.0,False,False
Haryana,Hisar,Child Vaccinations and Vitamin A Supplementation,55,Children age 12-23 months who received most of their vaccinations in a public health facility (%),95.3,94.2,True,False
Haryana,Hisar,Child Vaccinations and Vitamin A Supplementation,56,Children age 12-23 months who received most of their vaccinations in a private health facility (%),2.8,4.7,True,False
Haryana,Hisar,Treatment of Childhood Diseases (children under age 5 years),57,Prevalence of diarrhoea in the 2 weeks preceding the survey (%),10.3,4.7,False,False
Haryana,Hisar,Treatment of Childhood Diseases (children under age 5 years),58,Prevalence of symptoms of acute respiratory infection (ARI) in the 2 weeks preceding the survey (%),2.9,2.2,False,False
Haryana,Hisar,Treatment of Childhood Diseases (children under age 5 years),59,Children with fever or symptoms of ARI in the 2 weeks preceding the survey taken to a health facility or,82.6,*,True,False
Haryana,Hisar,Child Feeding Practices and Nutritional Status of Children,60,Children under age 3 years breastfed within one hour of birth9 (%),48.2,47.1,False,False
Haryana,Hisar,Child Feeding Practices and Nutritional Status of Children,61,Children under age 6 months exclusively breastfed10 (%),42.4,66.1,True,False
Haryana,Hisar,Child Feeding Practices and Nutritional Status of Children,62,Children under age 6 months currently breastfeeding10 (%),95.2,100.0,True,False
Haryana,Hisar,Child Feeding Practices and Nutritional Status of Children,63,Children under age 6 months exclusively breastfed or breastfeeding and consuming plain water/other,90.2,90.4,True,False
Haryana,Hisar,Child Feeding Practices and Nutritional Status of Children,64,Children age 6-8 months receiving solid or semi-solid food and breastmilk10 (%),*,*,True,False
Haryana,Hisar,Child Feeding Practices and Nutritional Status of Children,65,"Breastfeeding children age 6-23 months receiving an adequate diet10, 11 (%)",21.5,3.0,False,False
Haryana,Hisar,Child Feeding Practices and Nutritional Status of Children,66,"Non-breastfeeding children age 6-23 months receiving an adequate diet10, 11 (%)",*,*,True,False
Haryana,Hisar,Child Feeding Practices and Nutritional Status of Children,67,"Total children age 6-23 months receiving an adequate diet10, 11 (%)",19.8,2.6,False,False
Haryana,Hisar,Child Feeding Practices and Nutritional Status of Children,68,Children under 5 years who are stunted (height-for-age)12 (%),27.6,27.8,False,False
Haryana,Hisar,Child Feeding Practices and Nutritional Status of Children,69,Children under 5 years who are wasted (weight-for-height)12 (%),17.9,16.4,False,False
Haryana,Hisar,Child Feeding Practices and Nutritional Status of Children,70,Children under 5 years who are severely wasted (weight-for-height)13 (%),3.7,5.1,False,False
Haryana,Hisar,Child Feeding Practices and Nutritional Status of Children,71,Children under 5 years who are underweight (weight-for-age)12 (%),28.8,21.4,False,False
Haryana,Hisar,Child Feeding Practices and Nutritional Status of Children,72,Children under 5 years who are overweight (weight-for-height)14 (%),1.4,1.8,False,False
Haryana,Hisar,Nutritional Status of Adults (age 15-49 years),73,Women whose Body Mass Index (BMI) is below normal (BMI <18.5 kg/m2)15 (%),20.9,18.5,False,False
Haryana,Hisar,Nutritional Status of Adults (age 15-49 years),74,Women who are overweight or obese (BMI ≥25.0 kg/m2)15 (%),32.0,30.2,False,False
Haryana,Hisar,Women,75,Blood sugar level - high (141-160 mg/dl)16 (%),7.6,7.1,False,False
Haryana,Hisar,Women,76,Blood sugar level - very high (>160 mg/dl)16 (%),8.0,5.0,False,False
Haryana,Hisar,Women,77,Blood sugar level - high or very high (>140 mg/dl) or taking medicine to control blood sugar level16 (%),16.2,12.6,False,False
Haryana,Hisar,Men,78,Blood sugar level - high (141-160 mg/dl)16 (%),7.5,8.2,False,False
Haryana,Hisar,Men,79,Blood sugar level - very high (>160 mg/dl)16 (%),8.6,7.9,False,False
Haryana,Hisar,Men,80,Blood sugar level - high or very high (>140 mg/dl) or taking medicine to control blood sugar level16 (%),16.8,16.7,False,False
Haryana,Hisar,Women,81,Mildly elevated blood pressure (Systolic 140-159 mm of Hg and/or Diastolic 90-99 mm of Hg) (%),7.0,9.5,False,False
Haryana,Hisar,Women,82,Moderately or severely elevated blood pressure (Systolic ≥160 mm of Hg and/or Diastolic ≥100 mm,6.1,6.6,False,False
Haryana,Hisar,Women,83,Elevated blood pressure (Systolic ≥140 mm of Hg and/or Diastolic ≥90 mm of Hg) or taking medicine to,16.8,19.4,False,False
Haryana,Hisar,Men,84,Mildly elevated blood pressure (Systolic 140-159 mm of Hg and/or Diastolic 90-99 mm of Hg) (%),11.3,17.3,False,False
Haryana,Hisar,Men,85,Moderately or severely elevated blood pressure (Systolic ≥160 mm of Hg and/or Diastolic ≥100 mm,7.0,9.0,False,False
Haryana,Hisar,Men,86,Elevated blood pressure (Systolic ≥140 mm of Hg and/or Diastolic ≥90 mm of Hg) or taking medicine to,19.6,28.6,False,False
Haryana,Hisar,Men,87,Women having a bank or savings account that they themselves use (%),85.7,78.5,False,False
Haryana,Hisar,Men,88,Women having a mobile phone that they themselves use (%),57.1,41.0,False,False
Haryana,Hisar,Men,89,Women age 15-24 years who use hygienic methods of protection during their menstrual period17 (%),98.7,96.4,False,False
Haryana,Hisar,Tobacco Use and Alcohol Consumption among Adults (age 15 years and above),90,Women age 15 years and above who use any kind of tobacco (%),1.3,1.8,False,False
Haryana,Hisar,Tobacco Use and Alcohol Consumption among Adults (age 15 years and above),91,Men age 15 years and above who use any kind of tobacco (%),32.0,34.5,False,False
Haryana,Hisar,Tobacco Use and Alcohol Consumption among Adults (age 15 years and above),92,Women age 15 years and above who consume alcohol (%),0.3,0.2,False,False
Haryana,Hisar,Tobacco Use and Alcohol Consumption among Adults (age 15 years and above),93,Men age 15 years and above who consume alcohol (%),17.1,14.2,False,False
Haryana,Jhajjar,Population and Household Profile,1,Population below age 5 years (%),7.3,7.9,False,False
Haryana,Jhajjar,Population and Household Profile,2,Population below age 15 years (%),23.2,23.0,False,False
Haryana,Jhajjar,Population and Household Profile,3,Population age 60 years and above (%),13.8,13.3,False,False
Haryana,Jhajjar,Population and Household Profile,4,Population living in households with electricity (%),99.1,99.8,False,False
Haryana,Jhajjar,Population and Household Profile,5,Population living in households with an improved drinking-water source1 (%),97.2,96.6,False,False
Haryana,Jhajjar,Population and Household Profile,6,Households using iodized salt (%),95.9,96.3,False,False
Haryana,Jhajjar,Population and Household Profile,7,Households with any usual member covered under a health insurance/financing scheme (%),68.4,27.0,False,False
Haryana,Jhajjar,Population and Household Profile,8,Households with any usual member having a bank account/post office account (%),97.5,94.9,False,False
Haryana,Jhajjar,Population and Household Profile,9,Female population age 6 years and above who ever attended school (%),77.6,77.3,False,False
Haryana,Jhajjar,Population and Household Profile,10,Households with any usual female members owning a house and/or land (alone or jointly with others) (%),17.2,17.3,False,False
Haryana,Jhajjar,Population and Household Profile,11,Children age 2-4 years who attended pre-school (%),52.7,15.9,False,False
Haryana,Jhajjar,Characteristics of Adults (age 15-49 years),12,Women with 10 or more years of schooling (%),63.0,62.7,False,False
Haryana,Jhajjar,Characteristics of Adults (age 15-49 years),13,Men with 10 or more years of schooling (%),72.8,76.6,False,False
Haryana,Jhajjar,Characteristics of Adults (age 15-49 years),14,Women who have ever used the internet (%),71.3,58.2,False,False
Haryana,Jhajjar,Characteristics of Adults (age 15-49 years),15,Men who have ever used the internet (%),86.0,82.7,False,False
Haryana,Jhajjar,Marriage and Fertility,16,Women age 20-24 years married before age 18 years (%),13.0,7.7,False,False
Haryana,Jhajjar,Marriage and Fertility,17,Men age 25-29 years married before age 21 years (%),3.1,*,True,False
Haryana,Jhajjar,Marriage and Fertility,18,Three or more births in the 5 years preceding the survey (%),1.9,1.2,False,False
Haryana,Jhajjar,Marriage and Fertility,19,Women age 15-19 years who were already mothers or pregnant at the time of the survey (%),3.2,1.3,False,False
Haryana,Jhajjar,Marriage and Fertility,20,Any method2 (%),77.9,80.2,False,False
Haryana,Jhajjar,Marriage and Fertility,21,Any modern method2 (%),57.1,62.0,False,False
Haryana,Jhajjar,Marriage and Fertility,22,Any traditional method (%),20.8,18.2,False,False
Haryana,Jhajjar,Marriage and Fertility,23,Female sterilization (%),35.5,33.8,False,False
Haryana,Jhajjar,Marriage and Fertility,24,Male sterilization (%),0.2,0.7,False,False
Haryana,Jhajjar,Marriage and Fertility,25,Total unmet need3 (%),5.7,4.6,False,False
Haryana,Jhajjar,Marriage and Fertility,26,Unmet need for spacing3 (%),2.8,2.1,False,False
Haryana,Jhajjar,Marriage and Fertility,27,Unmet need for limiting3 (%),2.9,2.5,False,False
Haryana,Jhajjar,Antenatal Care (for last birth in the 5 years before the survey),28,Mothers who had an antenatal check-up in the first trimester (%),93.2,87.3,False,False
Haryana,Jhajjar,Antenatal Care (for last birth in the 5 years before the survey),29,Mothers who had any antenatal care visits (%),99.6,99.2,False,False
Haryana,Jhajjar,Antenatal Care (for last birth in the 5 years before the survey),30,Mothers who had at least 4 antenatal care visits (%),83.9,60.1,False,False
Haryana,Jhajjar,Antenatal Care (for last birth in the 5 years before the survey),31,Mothers whose last birth was protected against neonatal tetanus4 (%),94.1,88.2,False,False
Haryana,Jhajjar,Antenatal Care (for last birth in the 5 years before the survey),32,Mothers who consumed iron folic acid for 100 days or more when they were pregnant (%),74.9,58.7,False,False
Haryana,Jhajjar,Antenatal Care (for last birth in the 5 years before the survey),33,Mothers who consumed iron folic acid for 180 days or more when they were pregnant (%),52.8,41.5,False,False
Haryana,Jhajjar,Antenatal Care (for last birth in the 5 years before the survey),34,Registered pregnancies for which the mother received a Mother and Child Protection (MCP) card (%),98.6,98.7,False,False
Haryana,Jhajjar,Delivery Care (for births in the 5 years before the survey),35,Institutional births (%),97.9,97.2,False,False
Haryana,Jhajjar,Delivery Care (for births in the 5 years before the survey),36,Institutional births in public facility (%),63.0,60.6,False,False
Haryana,Jhajjar,Delivery Care (for births in the 5 years before the survey),37,Births attended by skilled health personnel5 (%),98.2,97.2,False,False
Haryana,Jhajjar,Delivery Care (for births in the 5 years before the survey),38,Births delivered by caesarean section (%),28.7,21.3,False,False
Haryana,Jhajjar,Delivery Care (for births in the 5 years before the survey),39,Births in a private health facility that were delivered by caesarean section (%),45.8,37.3,False,False
Haryana,Jhajjar,Delivery Care (for births in the 5 years before the survey),40,Births in a public health facility that were delivered by caesarean section (%),20.2,12.6,False,False
Haryana,Jhajjar,Postnatal Care (for last birth in the 5 years before the survey),41,Mothers who received postnatal care from a doctor/nurse/LHV/ANM/midwife/other health personnel within 2,96.4,96.0,False,False
Haryana,Jhajjar,Postnatal Care (for last birth in the 5 years before the survey),42,Children born at home who were taken to a health facility for a check-up within 24 hours of birth (%),*,*,True,False
Haryana,Jhajjar,Postnatal Care (for last birth in the 5 years before the survey),43,Children who received postnatal care from a doctor/nurse/LHV/ANM/midwife/other health personnel within 2,95.5,96.2,False,False
Haryana,Jhajjar,Child Vaccinations and Vitamin A Supplementation,44,Children age 12-23 months fully vaccinated based on information from either vaccination card or mother's,90.0,90.9,False,False
Haryana,Jhajjar,Child Vaccinations and Vitamin A Supplementation,45,Children age 12-23 months fully vaccinated based on information from vaccination card only7 (%),91.5,84.1,False,False
Haryana,Jhajjar,Child Vaccinations and Vitamin A Supplementation,46,Children age 12-23 months who have received any vaccine (%),96.1,98.3,False,False
Haryana,Jhajjar,Child Vaccinations and Vitamin A Supplementation,47,Children age 12-23 months who have received BCG (%),91.5,96.9,False,False
Haryana,Jhajjar,Child Vaccinations and Vitamin A Supplementation,48,Children age 12-23 months who have received 3 doses of polio vaccine8 (%),94.5,90.9,False,False
Haryana,Jhajjar,Child Vaccinations and Vitamin A Supplementation,49,Children age 12-23 months who have received 3 doses of pentavalent vaccine (%),94.5,95.9,False,False
Haryana,Jhajjar,Child Vaccinations and Vitamin A Supplementation,50,Children age 12-23 months who have received the first dose of measles-containing vaccine (MCV) (%),95.7,96.5,False,False
Haryana,Jhajjar,Child Vaccinations and Vitamin A Supplementation,51,Children age 24-35 months who have received a second dose of measles-containing vaccine (MCV) (%),78.8,58.9,True,False
Haryana,Jhajjar,Child Vaccinations and Vitamin A Supplementation,52,Children age 12-23 months who have received birth dose of hepatitis B vaccine (%),81.4,79.0,False,False
Haryana,Jhajjar,Child Vaccinations and Vitamin A Supplementation,53,Children age 12-23 months who have received 3 doses of rotavirus vaccine (%),93.4,90.6,False,False
Haryana,Jhajjar,Child Vaccinations and Vitamin A Supplementation,54,Children age 9-35 months who received a vitamin A dose in the last 6 months (%),74.0,69.5,False,False
Haryana,Jhajjar,Child Vaccinations and Vitamin A Supplementation,55,Children age 12-23 months who received most of their vaccinations in a public health facility (%),100.0,100.0,False,False
Haryana,Jhajjar,Child Vaccinations and Vitamin A Supplementation,56,Children age 12-23 months who received most of their vaccinations in a private health facility (%),0.0,0.0,False,False
Haryana,Jhajjar,Treatment of Childhood Diseases (children under age 5 years),57,Prevalence of diarrhoea in the 2 weeks preceding the survey (%),8.2,3.7,False,False
Haryana,Jhajjar,Treatment of Childhood Diseases (children under age 5 years),58,Prevalence of symptoms of acute respiratory infection (ARI) in the 2 weeks preceding the survey (%),0.8,0.3,False,False
Haryana,Jhajjar,Treatment of Childhood Diseases (children under age 5 years),59,Children with fever or symptoms of ARI in the 2 weeks preceding the survey taken to a health facility or,77.8,*,True,False
Haryana,Jhajjar,Child Feeding Practices and Nutritional Status of Children,60,Children under age 3 years breastfed within one hour of birth9 (%),31.3,36.0,False,False
Haryana,Jhajjar,Child Feeding Practices and Nutritional Status of Children,61,Children under age 6 months exclusively breastfed10 (%),48.5,*,True,False
Haryana,Jhajjar,Child Feeding Practices and Nutritional Status of Children,62,Children under age 6 months currently breastfeeding10 (%),100.0,*,True,False
Haryana,Jhajjar,Child Feeding Practices and Nutritional Status of Children,63,Children under age 6 months exclusively breastfed or breastfeeding and consuming plain water/other,77.5,*,True,False
Haryana,Jhajjar,Child Feeding Practices and Nutritional Status of Children,64,Children age 6-8 months receiving solid or semi-solid food and breastmilk10 (%),*,*,True,False
Haryana,Jhajjar,Child Feeding Practices and Nutritional Status of Children,65,"Breastfeeding children age 6-23 months receiving an adequate diet10, 11 (%)",16.7,17.0,False,False
Haryana,Jhajjar,Child Feeding Practices and Nutritional Status of Children,66,"Non-breastfeeding children age 6-23 months receiving an adequate diet10, 11 (%)",*,*,True,False
Haryana,Jhajjar,Child Feeding Practices and Nutritional Status of Children,67,"Total children age 6-23 months receiving an adequate diet10, 11 (%)",16.6,15.4,False,False
Haryana,Jhajjar,Child Feeding Practices and Nutritional Status of Children,68,Children under 5 years who are stunted (height-for-age)12 (%),23.6,15.6,False,False
Haryana,Jhajjar,Child Feeding Practices and Nutritional Status of Children,69,Children under 5 years who are wasted (weight-for-height)12 (%),18.3,8.0,False,False
Haryana,Jhajjar,Child Feeding Practices and Nutritional Status of Children,70,Children under 5 years who are severely wasted (weight-for-height)13 (%),3.0,3.5,False,False
Haryana,Jhajjar,Child Feeding Practices and Nutritional Status of Children,71,Children under 5 years who are underweight (weight-for-age)12 (%),25.4,9.7,False,False
Haryana,Jhajjar,Child Feeding Practices and Nutritional Status of Children,72,Children under 5 years who are overweight (weight-for-height)14 (%),0.4,6.3,False,False
Haryana,Jhajjar,Nutritional Status of Adults (age 15-49 years),73,Women whose Body Mass Index (BMI) is below normal (BMI <18.5 kg/m2)15 (%),16.8,10.1,False,False
Haryana,Jhajjar,Nutritional Status of Adults (age 15-49 years),74,Women who are overweight or obese (BMI ≥25.0 kg/m2)15 (%),39.1,43.5,False,False
Haryana,Jhajjar,Women,75,Blood sugar level - high (141-160 mg/dl)16 (%),8.3,5.1,False,False
Haryana,Jhajjar,Women,76,Blood sugar level - very high (>160 mg/dl)16 (%),7.9,4.5,False,False
Haryana,Jhajjar,Women,77,Blood sugar level - high or very high (>140 mg/dl) or taking medicine to control blood sugar level16 (%),16.6,10.2,False,False
Haryana,Jhajjar,Men,78,Blood sugar level - high (141-160 mg/dl)16 (%),7.5,5.3,False,False
Haryana,Jhajjar,Men,79,Blood sugar level - very high (>160 mg/dl)16 (%),9.9,5.9,False,False
Haryana,Jhajjar,Men,80,Blood sugar level - high or very high (>140 mg/dl) or taking medicine to control blood sugar level16 (%),18.5,11.8,False,False
Haryana,Jhajjar,Women,81,Mildly elevated blood pressure (Systolic 140-159 mm of Hg and/or Diastolic 90-99 mm of Hg) (%),5.9,10.9,False,False
Haryana,Jhajjar,Women,82,Moderately or severely elevated blood pressure (Systolic ≥160 mm of Hg and/or Diastolic ≥100 mm,3.4,7.7,False,False
Haryana,Jhajjar,Women,83,Elevated blood pressure (Systolic ≥140 mm of Hg and/or Diastolic ≥90 mm of Hg) or taking medicine to,13.0,21.0,False,False
Haryana,Jhajjar,Men,84,Mildly elevated blood pressure (Systolic 140-159 mm of Hg and/or Diastolic 90-99 mm of Hg) (%),6.9,17.6,False,False
Haryana,Jhajjar,Men,85,Moderately or severely elevated blood pressure (Systolic ≥160 mm of Hg and/or Diastolic ≥100 mm,3.9,7.7,False,False
Haryana,Jhajjar,Men,86,Elevated blood pressure (Systolic ≥140 mm of Hg and/or Diastolic ≥90 mm of Hg) or taking medicine to,13.9,26.8,False,False
Haryana,Jhajjar,Men,87,Women having a bank or savings account that they themselves use (%),86.1,71.2,False,False
Haryana,Jhajjar,Men,88,Women having a mobile phone that they themselves use (%),69.5,57.4,False,False
Haryana,Jhajjar,Men,89,Women age 15-24 years who use hygienic methods of protection during their menstrual period17 (%),98.7,97.4,False,False
Haryana,Jhajjar,Tobacco Use and Alcohol Consumption among Adults (age 15 years and above),90,Women age 15 years and above who use any kind of tobacco (%),2.6,2.6,False,False
Haryana,Jhajjar,Tobacco Use and Alcohol Consumption among Adults (age 15 years and above),91,Men age 15 years and above who use any kind of tobacco (%),33.3,34.1,False,False
Haryana,Jhajjar,Tobacco Use and Alcohol Consumption among Adults (age 15 years and above),92,Women age 15 years and above who consume alcohol (%),0.2,0.1,False,False
Haryana,Jhajjar,Tobacco Use and Alcohol Consumption among Adults (age 15 years and above),93,Men age 15 years and above who consume alcohol (%),19.3,14.7,False,False
Haryana,Jind,Population and Household Profile,1,Population below age 5 years (%),7.4,7.5,False,False
Haryana,Jind,Population and Household Profile,2,Population below age 15 years (%),23.2,25.8,False,False
Haryana,Jind,Population and Household Profile,3,Population age 60 years and above (%),14.0,12.7,False,False
Haryana,Jind,Population and Household Profile,4,Population living in households with electricity (%),99.9,100.0,False,False
Haryana,Jind,Population and Household Profile,5,Population living in households with an improved drinking-water source1 (%),97.6,96.2,False,False
Haryana,Jind,Population and Household Profile,6,Households using iodized salt (%),95.3,95.9,False,False
Haryana,Jind,Population and Household Profile,7,Households with any usual member covered under a health insurance/financing scheme (%),70.0,23.7,False,False
Haryana,Jind,Population and Household Profile,8,Households with any usual member having a bank account/post office account (%),99.3,98.3,False,False
Haryana,Jind,Population and Household Profile,9,Female population age 6 years and above who ever attended school (%),71.9,71.4,False,False
Haryana,Jind,Population and Household Profile,10,Households with any usual female members owning a house and/or land (alone or jointly with others) (%),13.6,13.1,False,False
Haryana,Jind,Population and Household Profile,11,Children age 2-4 years who attended pre-school (%),53.8,23.3,False,False
Haryana,Jind,Characteristics of Adults (age 15-49 years),12,Women with 10 or more years of schooling (%),57.7,45.3,False,False
Haryana,Jind,Characteristics of Adults (age 15-49 years),13,Men with 10 or more years of schooling (%),71.5,66.0,False,False
Haryana,Jind,Characteristics of Adults (age 15-49 years),14,Women who have ever used the internet (%),75.2,53.8,False,False
Haryana,Jind,Characteristics of Adults (age 15-49 years),15,Men who have ever used the internet (%),80.0,81.4,False,False
Haryana,Jind,Marriage and Fertility,16,Women age 20-24 years married before age 18 years (%),10.3,8.7,False,False
Haryana,Jind,Marriage and Fertility,17,Men age 25-29 years married before age 21 years (%),*,*,True,False
Haryana,Jind,Marriage and Fertility,18,Three or more births in the 5 years preceding the survey (%),2.3,1.2,False,False
Haryana,Jind,Marriage and Fertility,19,Women age 15-19 years who were already mothers or pregnant at the time of the survey (%),2.1,1.9,False,False
Haryana,Jind,Marriage and Fertility,20,Any method2 (%),79.8,79.2,False,False
Haryana,Jind,Marriage and Fertility,21,Any modern method2 (%),57.7,65.2,False,False
Haryana,Jind,Marriage and Fertility,22,Any traditional method (%),22.1,14.0,False,False
Haryana,Jind,Marriage and Fertility,23,Female sterilization (%),33.3,39.5,False,False
Haryana,Jind,Marriage and Fertility,24,Male sterilization (%),0.9,1.0,False,False
Haryana,Jind,Marriage and Fertility,25,Total unmet need3 (%),4.1,5.4,False,False
Haryana,Jind,Marriage and Fertility,26,Unmet need for spacing3 (%),2.5,2.7,False,False
Haryana,Jind,Marriage and Fertility,27,Unmet need for limiting3 (%),1.6,2.7,False,False
Haryana,Jind,Antenatal Care (for last birth in the 5 years before the survey),28,Mothers who had an antenatal check-up in the first trimester (%),71.3,82.6,False,False
Haryana,Jind,Antenatal Care (for last birth in the 5 years before the survey),29,Mothers who had any antenatal care visits (%),99.6,99.5,False,False
Haryana,Jind,Antenatal Care (for last birth in the 5 years before the survey),30,Mothers who had at least 4 antenatal care visits (%),86.1,49.6,False,False
Haryana,Jind,Antenatal Care (for last birth in the 5 years before the survey),31,Mothers whose last birth was protected against neonatal tetanus4 (%),94.9,88.7,False,False
Haryana,Jind,Antenatal Care (for last birth in the 5 years before the survey),32,Mothers who consumed iron folic acid for 100 days or more when they were pregnant (%),72.7,46.9,False,False
Haryana,Jind,Antenatal Care (for last birth in the 5 years before the survey),33,Mothers who consumed iron folic acid for 180 days or more when they were pregnant (%),47.2,27.5,False,False
Haryana,Jind,Antenatal Care (for last birth in the 5 years before the survey),34,Registered pregnancies for which the mother received a Mother and Child Protection (MCP) card (%),98.7,95.4,False,False
Haryana,Jind,Delivery Care (for births in the 5 years before the survey),35,Institutional births (%),99.1,98.7,False,False
Haryana,Jind,Delivery Care (for births in the 5 years before the survey),36,Institutional births in public facility (%),54.7,66.5,False,False
Haryana,Jind,Delivery Care (for births in the 5 years before the survey),37,Births attended by skilled health personnel5 (%),99.5,99.0,False,False
Haryana,Jind,Delivery Care (for births in the 5 years before the survey),38,Births delivered by caesarean section (%),21.8,14.5,False,False
Haryana,Jind,Delivery Care (for births in the 5 years before the survey),39,Births in a private health facility that were delivered by caesarean section (%),36.1,23.1,False,False
Haryana,Jind,Delivery Care (for births in the 5 years before the survey),40,Births in a public health facility that were delivered by caesarean section (%),10.6,10.6,False,False
Haryana,Jind,Postnatal Care (for last birth in the 5 years before the survey),41,Mothers who received postnatal care from a doctor/nurse/LHV/ANM/midwife/other health personnel within 2,96.2,96.4,False,False
Haryana,Jind,Postnatal Care (for last birth in the 5 years before the survey),42,Children born at home who were taken to a health facility for a check-up within 24 hours of birth (%),*,*,True,False
Haryana,Jind,Postnatal Care (for last birth in the 5 years before the survey),43,Children who received postnatal care from a doctor/nurse/LHV/ANM/midwife/other health personnel within 2,93.9,94.5,False,False
Haryana,Jind,Child Vaccinations and Vitamin A Supplementation,44,Children age 12-23 months fully vaccinated based on information from either vaccination card or mother's,81.3,77.5,False,False
Haryana,Jind,Child Vaccinations and Vitamin A Supplementation,45,Children age 12-23 months fully vaccinated based on information from vaccination card only7 (%),82.4,83.3,True,False
Haryana,Jind,Child Vaccinations and Vitamin A Supplementation,46,Children age 12-23 months who have received any vaccine (%),94.0,97.7,False,False
Haryana,Jind,Child Vaccinations and Vitamin A Supplementation,47,Children age 12-23 months who have received BCG (%),92.4,96.3,False,False
Haryana,Jind,Child Vaccinations and Vitamin A Supplementation,48,Children age 12-23 months who have received 3 doses of polio vaccine8 (%),83.0,86.2,False,False
Haryana,Jind,Child Vaccinations and Vitamin A Supplementation,49,Children age 12-23 months who have received 3 doses of pentavalent vaccine (%),86.4,88.1,False,False
Haryana,Jind,Child Vaccinations and Vitamin A Supplementation,50,Children age 12-23 months who have received the first dose of measles-containing vaccine (MCV) (%),89.3,84.2,False,False
Haryana,Jind,Child Vaccinations and Vitamin A Supplementation,51,Children age 24-35 months who have received a second dose of measles-containing vaccine (MCV) (%),70.0,51.8,False,False
Haryana,Jind,Child Vaccinations and Vitamin A Supplementation,52,Children age 12-23 months who have received birth dose of hepatitis B vaccine (%),89.6,52.8,False,False
Haryana,Jind,Child Vaccinations and Vitamin A Supplementation,53,Children age 12-23 months who have received 3 doses of rotavirus vaccine (%),87.3,78.4,False,False
Haryana,Jind,Child Vaccinations and Vitamin A Supplementation,54,Children age 9-35 months who received a vitamin A dose in the last 6 months (%),77.5,60.3,False,False
Haryana,Jind,Child Vaccinations and Vitamin A Supplementation,55,Children age 12-23 months who received most of their vaccinations in a public health facility (%),98.4,100.0,False,False
Haryana,Jind,Child Vaccinations and Vitamin A Supplementation,56,Children age 12-23 months who received most of their vaccinations in a private health facility (%),1.5,0.0,False,False
Haryana,Jind,Treatment of Childhood Diseases (children under age 5 years),57,Prevalence of diarrhoea in the 2 weeks preceding the survey (%),7.1,5.1,False,False
Haryana,Jind,Treatment of Childhood Diseases (children under age 5 years),58,Prevalence of symptoms of acute respiratory infection (ARI) in the 2 weeks preceding the survey (%),0.3,0.7,False,False
Haryana,Jind,Treatment of Childhood Diseases (children under age 5 years),59,Children with fever or symptoms of ARI in the 2 weeks preceding the survey taken to a health facility or,62.5,*,True,False
Haryana,Jind,Child Feeding Practices and Nutritional Status of Children,60,Children under age 3 years breastfed within one hour of birth9 (%),39.4,22.6,False,False
Haryana,Jind,Child Feeding Practices and Nutritional Status of Children,61,Children under age 6 months exclusively breastfed10 (%),49.2,78.2,True,False
Haryana,Jind,Child Feeding Practices and Nutritional Status of Children,62,Children under age 6 months currently breastfeeding10 (%),87.4,88.9,True,False
Haryana,Jind,Child Feeding Practices and Nutritional Status of Children,63,Children under age 6 months exclusively breastfed or breastfeeding and consuming plain water/other,73.6,84.2,True,False
Haryana,Jind,Child Feeding Practices and Nutritional Status of Children,64,Children age 6-8 months receiving solid or semi-solid food and breastmilk10 (%),*,*,True,False
Haryana,Jind,Child Feeding Practices and Nutritional Status of Children,65,"Breastfeeding children age 6-23 months receiving an adequate diet10, 11 (%)",15.7,11.1,False,False
Haryana,Jind,Child Feeding Practices and Nutritional Status of Children,66,"Non-breastfeeding children age 6-23 months receiving an adequate diet10, 11 (%)",*,*,True,False
Haryana,Jind,Child Feeding Practices and Nutritional Status of Children,67,"Total children age 6-23 months receiving an adequate diet10, 11 (%)",15.1,10.5,False,False
Haryana,Jind,Child Feeding Practices and Nutritional Status of Children,68,Children under 5 years who are stunted (height-for-age)12 (%),13.9,25.5,False,False
Haryana,Jind,Child Feeding Practices and Nutritional Status of Children,69,Children under 5 years who are wasted (weight-for-height)12 (%),19.6,8.8,False,False
Haryana,Jind,Child Feeding Practices and Nutritional Status of Children,70,Children under 5 years who are severely wasted (weight-for-height)13 (%),4.5,1.6,False,False
Haryana,Jind,Child Feeding Practices and Nutritional Status of Children,71,Children under 5 years who are underweight (weight-for-age)12 (%),26.1,22.9,False,False
Haryana,Jind,Child Feeding Practices and Nutritional Status of Children,72,Children under 5 years who are overweight (weight-for-height)14 (%),1.1,2.5,False,False
Haryana,Jind,Nutritional Status of Adults (age 15-49 years),73,Women whose Body Mass Index (BMI) is below normal (BMI <18.5 kg/m2)15 (%),16.9,18.9,False,False
Haryana,Jind,Nutritional Status of Adults (age 15-49 years),74,Women who are overweight or obese (BMI ≥25.0 kg/m2)15 (%),35.1,32.3,False,False
Haryana,Jind,Women,75,Blood sugar level - high (141-160 mg/dl)16 (%),7.2,6.1,False,False
Haryana,Jind,Women,76,Blood sugar level - very high (>160 mg/dl)16 (%),7.6,5.1,False,False
Haryana,Jind,Women,77,Blood sugar level - high or very high (>140 mg/dl) or taking medicine to control blood sugar level16 (%),15.6,12.1,False,False
Haryana,Jind,Men,78,Blood sugar level - high (141-160 mg/dl)16 (%),9.2,7.5,False,False
Haryana,Jind,Men,79,Blood sugar level - very high (>160 mg/dl)16 (%),10.1,7.3,False,False
Haryana,Jind,Men,80,Blood sugar level - high or very high (>140 mg/dl) or taking medicine to control blood sugar level16 (%),19.9,15.4,False,False
Haryana,Jind,Women,81,Mildly elevated blood pressure (Systolic 140-159 mm of Hg and/or Diastolic 90-99 mm of Hg) (%),5.3,9.3,False,False
Haryana,Jind,Women,82,Moderately or severely elevated blood pressure (Systolic ≥160 mm of Hg and/or Diastolic ≥100 mm,3.8,4.5,False,False
Haryana,Jind,Women,83,Elevated blood pressure (Systolic ≥140 mm of Hg and/or Diastolic ≥90 mm of Hg) or taking medicine to,14.9,16.5,False,False
Haryana,Jind,Men,84,Mildly elevated blood pressure (Systolic 140-159 mm of Hg and/or Diastolic 90-99 mm of Hg) (%),8.4,13.9,False,False
Haryana,Jind,Men,85,Moderately or severely elevated blood pressure (Systolic ≥160 mm of Hg and/or Diastolic ≥100 mm,4.7,6.0,False,False
Haryana,Jind,Men,86,Elevated blood pressure (Systolic ≥140 mm of Hg and/or Diastolic ≥90 mm of Hg) or taking medicine to,15.9,21.9,False,False
Haryana,Jind,Men,87,Women having a bank or savings account that they themselves use (%),87.7,72.9,False,False
Haryana,Jind,Men,88,Women having a mobile phone that they themselves use (%),58.5,41.2,False,False
Haryana,Jind,Men,89,Women age 15-24 years who use hygienic methods of protection during their menstrual period17 (%),97.9,96.2,False,False
Haryana,Jind,Tobacco Use and Alcohol Consumption among Adults (age 15 years and above),90,Women age 15 years and above who use any kind of tobacco (%),2.9,2.5,False,False
Haryana,Jind,Tobacco Use and Alcohol Consumption among Adults (age 15 years and above),91,Men age 15 years and above who use any kind of tobacco (%),32.7,35.3,False,False
Haryana,Jind,Tobacco Use and Alcohol Consumption among Adults (age 15 years and above),92,Women age 15 years and above who consume alcohol (%),0.2,0.0,False,False
Haryana,Jind,Tobacco Use and Alcohol Consumption among Adults (age 15 years and above),93,Men age 15 years and above who consume alcohol (%),14.6,16.9,False,False
Haryana,Kaithal,Population and Household Profile,1,Population below age 5 years (%),7.3,8.0,False,False
Haryana,Kaithal,Population and Household Profile,2,Population below age 15 years (%),25.0,24.4,False,False
Haryana,Kaithal,Population and Household Profile,3,Population age 60 years and above (%),13.5,11.8,False,False
Haryana,Kaithal,Population and Household Profile,4,Population living in households with electricity (%),99.8,100.0,False,False
Haryana,Kaithal,Population and Household Profile,5,Population living in households with an improved drinking-water source1 (%),99.0,98.5,False,False
Haryana,Kaithal,Population and Household Profile,6,Households using iodized salt (%),95.7,97.0,False,False
Haryana,Kaithal,Population and Household Profile,7,Households with any usual member covered under a health insurance/financing scheme (%),75.1,29.1,False,False
Haryana,Kaithal,Population and Household Profile,8,Households with any usual member having a bank account/post office account (%),99.4,92.2,False,False
Haryana,Kaithal,Population and Household Profile,9,Female population age 6 years and above who ever attended school (%),71.5,66.3,False,False
Haryana,Kaithal,Population and Household Profile,10,Households with any usual female members owning a house and/or land (alone or jointly with others) (%),19.6,9.8,False,False
Haryana,Kaithal,Population and Household Profile,11,Children age 2-4 years who attended pre-school (%),40.1,26.6,False,False
Haryana,Kaithal,Characteristics of Adults (age 15-49 years),12,Women with 10 or more years of schooling (%),46.8,45.9,False,False
Haryana,Kaithal,Characteristics of Adults (age 15-49 years),13,Men with 10 or more years of schooling (%),55.7,77.2,False,False
Haryana,Kaithal,Characteristics of Adults (age 15-49 years),14,Women who have ever used the internet (%),59.5,39.8,False,False
Haryana,Kaithal,Characteristics of Adults (age 15-49 years),15,Men who have ever used the internet (%),84.8,76.1,False,False
Haryana,Kaithal,Marriage and Fertility,16,Women age 20-24 years married before age 18 years (%),6.5,11.0,False,False
Haryana,Kaithal,Marriage and Fertility,17,Men age 25-29 years married before age 21 years (%),16.7,*,True,False
Haryana,Kaithal,Marriage and Fertility,18,Three or more births in the 5 years preceding the survey (%),1.5,3.7,False,False
Haryana,Kaithal,Marriage and Fertility,19,Women age 15-19 years who were already mothers or pregnant at the time of the survey (%),4.2,4.7,False,False
Haryana,Kaithal,Marriage and Fertility,20,Any method2 (%),77.2,76.5,False,False
Haryana,Kaithal,Marriage and Fertility,21,Any modern method2 (%),59.2,61.0,False,False
Haryana,Kaithal,Marriage and Fertility,22,Any traditional method (%),18.0,15.5,False,False
Haryana,Kaithal,Marriage and Fertility,23,Female sterilization (%),31.0,36.4,False,False
Haryana,Kaithal,Marriage and Fertility,24,Male sterilization (%),2.1,3.0,False,False
Haryana,Kaithal,Marriage and Fertility,25,Total unmet need3 (%),5.1,4.8,False,False
Haryana,Kaithal,Marriage and Fertility,26,Unmet need for spacing3 (%),2.9,1.7,False,False
Haryana,Kaithal,Marriage and Fertility,27,Unmet need for limiting3 (%),2.2,3.1,False,False
Haryana,Kaithal,Antenatal Care (for last birth in the 5 years before the survey),28,Mothers who had an antenatal check-up in the first trimester (%),83.1,81.4,False,False
Haryana,Kaithal,Antenatal Care (for last birth in the 5 years before the survey),29,Mothers who had any antenatal care visits (%),99.6,91.6,False,False
Haryana,Kaithal,Antenatal Care (for last birth in the 5 years before the survey),30,Mothers who had at least 4 antenatal care visits (%),81.7,68.8,False,False
Haryana,Kaithal,Antenatal Care (for last birth in the 5 years before the survey),31,Mothers whose last birth was protected against neonatal tetanus4 (%),92.4,96.5,False,False
Haryana,Kaithal,Antenatal Care (for last birth in the 5 years before the survey),32,Mothers who consumed iron folic acid for 100 days or more when they were pregnant (%),71.4,66.0,False,False
Haryana,Kaithal,Antenatal Care (for last birth in the 5 years before the survey),33,Mothers who consumed iron folic acid for 180 days or more when they were pregnant (%),49.7,46.8,False,False
Haryana,Kaithal,Antenatal Care (for last birth in the 5 years before the survey),34,Registered pregnancies for which the mother received a Mother and Child Protection (MCP) card (%),99.6,97.9,False,False
Haryana,Kaithal,Delivery Care (for births in the 5 years before the survey),35,Institutional births (%),99.4,98.2,False,False
Haryana,Kaithal,Delivery Care (for births in the 5 years before the survey),36,Institutional births in public facility (%),62.1,65.4,False,False
Haryana,Kaithal,Delivery Care (for births in the 5 years before the survey),37,Births attended by skilled health personnel5 (%),99.4,99.7,False,False
Haryana,Kaithal,Delivery Care (for births in the 5 years before the survey),38,Births delivered by caesarean section (%),31.2,24.9,False,False
Haryana,Kaithal,Delivery Care (for births in the 5 years before the survey),39,Births in a private health facility that were delivered by caesarean section (%),49.9,52.0,False,False
Haryana,Kaithal,Delivery Care (for births in the 5 years before the survey),40,Births in a public health facility that were delivered by caesarean section (%),20.3,12.0,False,False
Haryana,Kaithal,Postnatal Care (for last birth in the 5 years before the survey),41,Mothers who received postnatal care from a doctor/nurse/LHV/ANM/midwife/other health personnel within 2,96.5,95.3,False,False
Haryana,Kaithal,Postnatal Care (for last birth in the 5 years before the survey),42,Children born at home who were taken to a health facility for a check-up within 24 hours of birth (%),*,*,True,False
Haryana,Kaithal,Postnatal Care (for last birth in the 5 years before the survey),43,Children who received postnatal care from a doctor/nurse/LHV/ANM/midwife/other health personnel within 2,97.5,93.9,False,False
Haryana,Kaithal,Child Vaccinations and Vitamin A Supplementation,44,Children age 12-23 months fully vaccinated based on information from either vaccination card or mother's,92.5,74.3,True,False
Haryana,Kaithal,Child Vaccinations and Vitamin A Supplementation,45,Children age 12-23 months fully vaccinated based on information from vaccination card only7 (%),93.5,86.3,True,False
Haryana,Kaithal,Child Vaccinations and Vitamin A Supplementation,46,Children age 12-23 months who have received any vaccine (%),100.0,91.9,True,False
Haryana,Kaithal,Child Vaccinations and Vitamin A Supplementation,47,Children age 12-23 months who have received BCG (%),100.0,89.7,True,False
Haryana,Kaithal,Child Vaccinations and Vitamin A Supplementation,48,Children age 12-23 months who have received 3 doses of polio vaccine8 (%),97.4,76.4,True,False
Haryana,Kaithal,Child Vaccinations and Vitamin A Supplementation,49,Children age 12-23 months who have received 3 doses of pentavalent vaccine (%),95.1,91.9,True,False
Haryana,Kaithal,Child Vaccinations and Vitamin A Supplementation,50,Children age 12-23 months who have received the first dose of measles-containing vaccine (MCV) (%),100.0,91.9,True,False
Haryana,Kaithal,Child Vaccinations and Vitamin A Supplementation,51,Children age 24-35 months who have received a second dose of measles-containing vaccine (MCV) (%),83.4,77.4,False,False
Haryana,Kaithal,Child Vaccinations and Vitamin A Supplementation,52,Children age 12-23 months who have received birth dose of hepatitis B vaccine (%),98.8,80.0,True,False
Haryana,Kaithal,Child Vaccinations and Vitamin A Supplementation,53,Children age 12-23 months who have received 3 doses of rotavirus vaccine (%),100.0,89.0,True,False
Haryana,Kaithal,Child Vaccinations and Vitamin A Supplementation,54,Children age 9-35 months who received a vitamin A dose in the last 6 months (%),80.3,70.5,False,False
Haryana,Kaithal,Child Vaccinations and Vitamin A Supplementation,55,Children age 12-23 months who received most of their vaccinations in a public health facility (%),90.3,100.0,True,False
Haryana,Kaithal,Child Vaccinations and Vitamin A Supplementation,56,Children age 12-23 months who received most of their vaccinations in a private health facility (%),1.8,0.0,True,False
Haryana,Kaithal,Treatment of Childhood Diseases (children under age 5 years),57,Prevalence of diarrhoea in the 2 weeks preceding the survey (%),5.3,4.5,False,False
Haryana,Kaithal,Treatment of Childhood Diseases (children under age 5 years),58,Prevalence of symptoms of acute respiratory infection (ARI) in the 2 weeks preceding the survey (%),1.0,1.6,False,False
Haryana,Kaithal,Treatment of Childhood Diseases (children under age 5 years),59,Children with fever or symptoms of ARI in the 2 weeks preceding the survey taken to a health facility or,68.3,*,True,False
Haryana,Kaithal,Child Feeding Practices and Nutritional Status of Children,60,Children under age 3 years breastfed within one hour of birth9 (%),30.3,50.2,False,False
Haryana,Kaithal,Child Feeding Practices and Nutritional Status of Children,61,Children under age 6 months exclusively breastfed10 (%),55.3,*,True,False
Haryana,Kaithal,Child Feeding Practices and Nutritional Status of Children,62,Children under age 6 months currently breastfeeding10 (%),97.8,*,True,False
Haryana,Kaithal,Child Feeding Practices and Nutritional Status of Children,63,Children under age 6 months exclusively breastfed or breastfeeding and consuming plain water/other,83.1,*,True,False
Haryana,Kaithal,Child Feeding Practices and Nutritional Status of Children,64,Children age 6-8 months receiving solid or semi-solid food and breastmilk10 (%),*,*,True,False
Haryana,Kaithal,Child Feeding Practices and Nutritional Status of Children,65,"Breastfeeding children age 6-23 months receiving an adequate diet10, 11 (%)",25.4,10.9,False,False
Haryana,Kaithal,Child Feeding Practices and Nutritional Status of Children,66,"Non-breastfeeding children age 6-23 months receiving an adequate diet10, 11 (%)",*,*,True,False
Haryana,Kaithal,Child Feeding Practices and Nutritional Status of Children,67,"Total children age 6-23 months receiving an adequate diet10, 11 (%)",23.6,10.0,False,False
Haryana,Kaithal,Child Feeding Practices and Nutritional Status of Children,68,Children under 5 years who are stunted (height-for-age)12 (%),26.0,29.9,False,False
Haryana,Kaithal,Child Feeding Practices and Nutritional Status of Children,69,Children under 5 years who are wasted (weight-for-height)12 (%),10.8,20.7,False,False
Haryana,Kaithal,Child Feeding Practices and Nutritional Status of Children,70,Children under 5 years who are severely wasted (weight-for-height)13 (%),2.2,9.5,False,False
Haryana,Kaithal,Child Feeding Practices and Nutritional Status of Children,71,Children under 5 years who are underweight (weight-for-age)12 (%),24.4,29.9,False,False
Haryana,Kaithal,Child Feeding Practices and Nutritional Status of Children,72,Children under 5 years who are overweight (weight-for-height)14 (%),0.4,2.3,False,False
Haryana,Kaithal,Nutritional Status of Adults (age 15-49 years),73,Women whose Body Mass Index (BMI) is below normal (BMI <18.5 kg/m2)15 (%),19.2,16.5,False,False
Haryana,Kaithal,Nutritional Status of Adults (age 15-49 years),74,Women who are overweight or obese (BMI ≥25.0 kg/m2)15 (%),37.1,32.7,False,False
Haryana,Kaithal,Women,75,Blood sugar level - high (141-160 mg/dl)16 (%),6.7,8.7,False,False
Haryana,Kaithal,Women,76,Blood sugar level - very high (>160 mg/dl)16 (%),8.5,6.5,False,False
Haryana,Kaithal,Women,77,Blood sugar level - high or very high (>140 mg/dl) or taking medicine to control blood sugar level16 (%),15.7,15.8,False,False
Haryana,Kaithal,Men,78,Blood sugar level - high (141-160 mg/dl)16 (%),7.4,9.6,False,False
Haryana,Kaithal,Men,79,Blood sugar level - very high (>160 mg/dl)16 (%),6.9,6.5,False,False
Haryana,Kaithal,Men,80,Blood sugar level - high or very high (>140 mg/dl) or taking medicine to control blood sugar level16 (%),15.0,16.9,False,False
Haryana,Kaithal,Women,81,Mildly elevated blood pressure (Systolic 140-159 mm of Hg and/or Diastolic 90-99 mm of Hg) (%),8.5,9.5,False,False
Haryana,Kaithal,Women,82,Moderately or severely elevated blood pressure (Systolic ≥160 mm of Hg and/or Diastolic ≥100 mm,5.3,4.3,False,False
Haryana,Kaithal,Women,83,Elevated blood pressure (Systolic ≥140 mm of Hg and/or Diastolic ≥90 mm of Hg) or taking medicine to,20.2,16.9,False,False
Haryana,Kaithal,Men,84,Mildly elevated blood pressure (Systolic 140-159 mm of Hg and/or Diastolic 90-99 mm of Hg) (%),11.3,13.2,False,False
Haryana,Kaithal,Men,85,Moderately or severely elevated blood pressure (Systolic ≥160 mm of Hg and/or Diastolic ≥100 mm,6.6,5.2,False,False
Haryana,Kaithal,Men,86,Elevated blood pressure (Systolic ≥140 mm of Hg and/or Diastolic ≥90 mm of Hg) or taking medicine to,20.7,20.4,False,False
Haryana,Kaithal,Men,87,Women having a bank or savings account that they themselves use (%),89.6,66.7,False,False
Haryana,Kaithal,Men,88,Women having a mobile phone that they themselves use (%),54.6,38.5,False,False
Haryana,Kaithal,Men,89,Women age 15-24 years who use hygienic methods of protection during their menstrual period17 (%),95.9,92.1,False,False
Haryana,Kaithal,Tobacco Use and Alcohol Consumption among Adults (age 15 years and above),90,Women age 15 years and above who use any kind of tobacco (%),3.6,1.7,False,False
Haryana,Kaithal,Tobacco Use and Alcohol Consumption among Adults (age 15 years and above),91,Men age 15 years and above who use any kind of tobacco (%),25.9,22.6,False,False
Haryana,Kaithal,Tobacco Use and Alcohol Consumption among Adults (age 15 years and above),92,Women age 15 years and above who consume alcohol (%),0.1,0.0,False,False
Haryana,Kaithal,Tobacco Use and Alcohol Consumption among Adults (age 15 years and above),93,Men age 15 years and above who consume alcohol (%),17.4,13.8,False,False
Haryana,Karnal,Population and Household Profile,1,Population below age 5 years (%),7.1,8.2,False,False
Haryana,Karnal,Population and Household Profile,2,Population below age 15 years (%),23.8,26.4,False,False
Haryana,Karnal,Population and Household Profile,3,Population age 60 years and above (%),12.0,10.2,False,False
Haryana,Karnal,Population and Household Profile,4,Population living in households with electricity (%),99.2,99.2,False,False
Haryana,Karnal,Population and Household Profile,5,Population living in households with an improved drinking-water source1 (%),99.8,99.9,False,False
Haryana,Karnal,Population and Household Profile,6,Households using iodized salt (%),95.2,97.8,False,False
Haryana,Karnal,Population and Household Profile,7,Households with any usual member covered under a health insurance/financing scheme (%),71.0,24.6,False,False
Haryana,Karnal,Population and Household Profile,8,Households with any usual member having a bank account/post office account (%),98.8,95.5,False,False
Haryana,Karnal,Population and Household Profile,9,Female population age 6 years and above who ever attended school (%),77.3,79.2,False,False
Haryana,Karnal,Population and Household Profile,10,Households with any usual female members owning a house and/or land (alone or jointly with others) (%),14.5,13.6,False,False
Haryana,Karnal,Population and Household Profile,11,Children age 2-4 years who attended pre-school (%),51.6,54.3,False,False
Haryana,Karnal,Characteristics of Adults (age 15-49 years),12,Women with 10 or more years of schooling (%),48.8,46.8,False,False
Haryana,Karnal,Characteristics of Adults (age 15-49 years),13,Men with 10 or more years of schooling (%),52.2,50.4,False,False
Haryana,Karnal,Characteristics of Adults (age 15-49 years),14,Women who have ever used the internet (%),69.8,37.0,False,False
Haryana,Karnal,Characteristics of Adults (age 15-49 years),15,Men who have ever used the internet (%),80.6,66.8,False,False
Haryana,Karnal,Marriage and Fertility,16,Women age 20-24 years married before age 18 years (%),8.2,6.6,False,False
Haryana,Karnal,Marriage and Fertility,17,Men age 25-29 years married before age 21 years (%),*,*,True,False
Haryana,Karnal,Marriage and Fertility,18,Three or more births in the 5 years preceding the survey (%),2.4,2.4,False,False
Haryana,Karnal,Marriage and Fertility,19,Women age 15-19 years who were already mothers or pregnant at the time of the survey (%),2.6,3.1,False,False
Haryana,Karnal,Marriage and Fertility,20,Any method2 (%),72.4,79.1,False,False
Haryana,Karnal,Marriage and Fertility,21,Any modern method2 (%),52.9,67.1,False,False
Haryana,Karnal,Marriage and Fertility,22,Any traditional method (%),19.5,12.0,False,False
Haryana,Karnal,Marriage and Fertility,23,Female sterilization (%),25.6,23.4,False,False
Haryana,Karnal,Marriage and Fertility,24,Male sterilization (%),3.7,4.8,False,False
Haryana,Karnal,Marriage and Fertility,25,Total unmet need3 (%),5.3,5.4,False,False
Haryana,Karnal,Marriage and Fertility,26,Unmet need for spacing3 (%),2.7,2.2,False,False
Haryana,Karnal,Marriage and Fertility,27,Unmet need for limiting3 (%),2.6,3.2,False,False
Haryana,Karnal,Antenatal Care (for last birth in the 5 years before the survey),28,Mothers who had an antenatal check-up in the first trimester (%),80.8,91.2,False,False
Haryana,Karnal,Antenatal Care (for last birth in the 5 years before the survey),29,Mothers who had any antenatal care visits (%),97.2,95.5,False,False
Haryana,Karnal,Antenatal Care (for last birth in the 5 years before the survey),30,Mothers who had at least 4 antenatal care visits (%),78.7,84.7,False,False
Haryana,Karnal,Antenatal Care (for last birth in the 5 years before the survey),31,Mothers whose last birth was protected against neonatal tetanus4 (%),90.3,93.5,False,False
Haryana,Karnal,Antenatal Care (for last birth in the 5 years before the survey),32,Mothers who consumed iron folic acid for 100 days or more when they were pregnant (%),70.7,78.0,False,False
Haryana,Karnal,Antenatal Care (for last birth in the 5 years before the survey),33,Mothers who consumed iron folic acid for 180 days or more when they were pregnant (%),52.5,53.7,False,False
Haryana,Karnal,Antenatal Care (for last birth in the 5 years before the survey),34,Registered pregnancies for which the mother received a Mother and Child Protection (MCP) card (%),99.4,100.0,False,False
Haryana,Karnal,Delivery Care (for births in the 5 years before the survey),35,Institutional births (%),97.6,99.0,False,False
Haryana,Karnal,Delivery Care (for births in the 5 years before the survey),36,Institutional births in public facility (%),60.2,62.5,False,False
Haryana,Karnal,Delivery Care (for births in the 5 years before the survey),37,Births attended by skilled health personnel5 (%),90.7,98.6,False,False
Haryana,Karnal,Delivery Care (for births in the 5 years before the survey),38,Births delivered by caesarean section (%),31.0,18.7,False,False
Haryana,Karnal,Delivery Care (for births in the 5 years before the survey),39,Births in a private health facility that were delivered by caesarean section (%),53.8,40.8,False,False
Haryana,Karnal,Delivery Care (for births in the 5 years before the survey),40,Births in a public health facility that were delivered by caesarean section (%),18.0,6.1,False,False
Haryana,Karnal,Postnatal Care (for last birth in the 5 years before the survey),41,Mothers who received postnatal care from a doctor/nurse/LHV/ANM/midwife/other health personnel within 2,96.7,97.5,False,False
Haryana,Karnal,Postnatal Care (for last birth in the 5 years before the survey),42,Children born at home who were taken to a health facility for a check-up within 24 hours of birth (%),*,*,True,False
Haryana,Karnal,Postnatal Care (for last birth in the 5 years before the survey),43,Children who received postnatal care from a doctor/nurse/LHV/ANM/midwife/other health personnel within 2,97.2,97.3,False,False
Haryana,Karnal,Child Vaccinations and Vitamin A Supplementation,44,Children age 12-23 months fully vaccinated based on information from either vaccination card or mother's,79.1,88.9,True,False
Haryana,Karnal,Child Vaccinations and Vitamin A Supplementation,45,Children age 12-23 months fully vaccinated based on information from vaccination card only7 (%),80.6,84.6,True,False
Haryana,Karnal,Child Vaccinations and Vitamin A Supplementation,46,Children age 12-23 months who have received any vaccine (%),100.0,100.0,True,False
Haryana,Karnal,Child Vaccinations and Vitamin A Supplementation,47,Children age 12-23 months who have received BCG (%),100.0,100.0,True,False
Haryana,Karnal,Child Vaccinations and Vitamin A Supplementation,48,Children age 12-23 months who have received 3 doses of polio vaccine8 (%),81.0,91.4,True,False
Haryana,Karnal,Child Vaccinations and Vitamin A Supplementation,49,Children age 12-23 months who have received 3 doses of pentavalent vaccine (%),94.1,98.8,True,False
Haryana,Karnal,Child Vaccinations and Vitamin A Supplementation,50,Children age 12-23 months who have received the first dose of measles-containing vaccine (MCV) (%),97.7,98.7,True,False
Haryana,Karnal,Child Vaccinations and Vitamin A Supplementation,51,Children age 24-35 months who have received a second dose of measles-containing vaccine (MCV) (%),73.0,77.1,False,False
Haryana,Karnal,Child Vaccinations and Vitamin A Supplementation,52,Children age 12-23 months who have received birth dose of hepatitis B vaccine (%),95.9,83.0,True,False
Haryana,Karnal,Child Vaccinations and Vitamin A Supplementation,53,Children age 12-23 months who have received 3 doses of rotavirus vaccine (%),94.0,91.9,True,False
Haryana,Karnal,Child Vaccinations and Vitamin A Supplementation,54,Children age 9-35 months who received a vitamin A dose in the last 6 months (%),80.6,74.7,False,False
Haryana,Karnal,Child Vaccinations and Vitamin A Supplementation,55,Children age 12-23 months who received most of their vaccinations in a public health facility (%),100.0,93.9,True,False
Haryana,Karnal,Child Vaccinations and Vitamin A Supplementation,56,Children age 12-23 months who received most of their vaccinations in a private health facility (%),0.0,6.1,True,False
Haryana,Karnal,Treatment of Childhood Diseases (children under age 5 years),57,Prevalence of diarrhoea in the 2 weeks preceding the survey (%),12.4,4.4,False,False
Haryana,Karnal,Treatment of Childhood Diseases (children under age 5 years),58,Prevalence of symptoms of acute respiratory infection (ARI) in the 2 weeks preceding the survey (%),2.6,5.1,False,False
Haryana,Karnal,Treatment of Childhood Diseases (children under age 5 years),59,Children with fever or symptoms of ARI in the 2 weeks preceding the survey taken to a health facility or,79.9,80.7,False,False
Haryana,Karnal,Child Feeding Practices and Nutritional Status of Children,60,Children under age 3 years breastfed within one hour of birth9 (%),40.1,46.5,False,False
Haryana,Karnal,Child Feeding Practices and Nutritional Status of Children,61,Children under age 6 months exclusively breastfed10 (%),37.1,79.7,True,False
Haryana,Karnal,Child Feeding Practices and Nutritional Status of Children,62,Children under age 6 months currently breastfeeding10 (%),89.7,97.6,True,False
Haryana,Karnal,Child Feeding Practices and Nutritional Status of Children,63,Children under age 6 months exclusively breastfed or breastfeeding and consuming plain water/other,75.5,87.1,True,False
Haryana,Karnal,Child Feeding Practices and Nutritional Status of Children,64,Children age 6-8 months receiving solid or semi-solid food and breastmilk10 (%),*,*,True,False
Haryana,Karnal,Child Feeding Practices and Nutritional Status of Children,65,"Breastfeeding children age 6-23 months receiving an adequate diet10, 11 (%)",16.9,19.1,False,False
Haryana,Karnal,Child Feeding Practices and Nutritional Status of Children,66,"Non-breastfeeding children age 6-23 months receiving an adequate diet10, 11 (%)",*,19.5,True,False
Haryana,Karnal,Child Feeding Practices and Nutritional Status of Children,67,"Total children age 6-23 months receiving an adequate diet10, 11 (%)",16.6,19.2,False,False
Haryana,Karnal,Child Feeding Practices and Nutritional Status of Children,68,Children under 5 years who are stunted (height-for-age)12 (%),28.9,29.2,False,False
Haryana,Karnal,Child Feeding Practices and Nutritional Status of Children,69,Children under 5 years who are wasted (weight-for-height)12 (%),15.9,9.8,False,False
Haryana,Karnal,Child Feeding Practices and Nutritional Status of Children,70,Children under 5 years who are severely wasted (weight-for-height)13 (%),0.9,4.8,False,False
Haryana,Karnal,Child Feeding Practices and Nutritional Status of Children,71,Children under 5 years who are underweight (weight-for-age)12 (%),31.1,20.5,False,False
Haryana,Karnal,Child Feeding Practices and Nutritional Status of Children,72,Children under 5 years who are overweight (weight-for-height)14 (%),1.5,2.9,False,False
Haryana,Karnal,Nutritional Status of Adults (age 15-49 years),73,Women whose Body Mass Index (BMI) is below normal (BMI <18.5 kg/m2)15 (%),16.2,14.9,False,False
Haryana,Karnal,Nutritional Status of Adults (age 15-49 years),74,Women who are overweight or obese (BMI ≥25.0 kg/m2)15 (%),37.6,36.5,False,False
Haryana,Karnal,Women,75,Blood sugar level - high (141-160 mg/dl)16 (%),7.2,3.5,False,False
Haryana,Karnal,Women,76,Blood sugar level - very high (>160 mg/dl)16 (%),8.4,4.8,False,False
Haryana,Karnal,Women,77,Blood sugar level - high or very high (>140 mg/dl) or taking medicine to control blood sugar level16 (%),16.6,9.4,False,False
Haryana,Karnal,Men,78,Blood sugar level - high (141-160 mg/dl)16 (%),8.0,3.7,False,False
Haryana,Karnal,Men,79,Blood sugar level - very high (>160 mg/dl)16 (%),9.0,4.2,False,False
Haryana,Karnal,Men,80,Blood sugar level - high or very high (>140 mg/dl) or taking medicine to control blood sugar level16 (%),17.6,9.0,False,False
Haryana,Karnal,Women,81,Mildly elevated blood pressure (Systolic 140-159 mm of Hg and/or Diastolic 90-99 mm of Hg) (%),7.5,10.7,False,False
Haryana,Karnal,Women,82,Moderately or severely elevated blood pressure (Systolic ≥160 mm of Hg and/or Diastolic ≥100 mm,5.2,3.8,False,False
Haryana,Karnal,Women,83,Elevated blood pressure (Systolic ≥140 mm of Hg and/or Diastolic ≥90 mm of Hg) or taking medicine to,16.4,17.6,False,False
Haryana,Karnal,Men,84,Mildly elevated blood pressure (Systolic 140-159 mm of Hg and/or Diastolic 90-99 mm of Hg) (%),11.6,15.2,False,False
Haryana,Karnal,Men,85,Moderately or severely elevated blood pressure (Systolic ≥160 mm of Hg and/or Diastolic ≥100 mm,6.9,4.6,False,False
Haryana,Karnal,Men,86,Elevated blood pressure (Systolic ≥140 mm of Hg and/or Diastolic ≥90 mm of Hg) or taking medicine to,20.7,21.2,False,False
Haryana,Karnal,Men,87,Women having a bank or savings account that they themselves use (%),85.8,68.8,False,False
Haryana,Karnal,Men,88,Women having a mobile phone that they themselves use (%),59.7,52.0,False,False
Haryana,Karnal,Men,89,Women age 15-24 years who use hygienic methods of protection during their menstrual period17 (%),93.9,92.9,False,False
Haryana,Karnal,Tobacco Use and Alcohol Consumption among Adults (age 15 years and above),90,Women age 15 years and above who use any kind of tobacco (%),2.3,2.6,False,False
Haryana,Karnal,Tobacco Use and Alcohol Consumption among Adults (age 15 years and above),91,Men age 15 years and above who use any kind of tobacco (%),26.1,26.6,False,False
Haryana,Karnal,Tobacco Use and Alcohol Consumption among Adults (age 15 years and above),92,Women age 15 years and above who consume alcohol (%),0.1,0.3,False,False
Haryana,Karnal,Tobacco Use and Alcohol Consumption among Adults (age 15 years and above),93,Men age 15 years and above who consume alcohol (%),19.3,22.0,False,False
Haryana,Kurukshetra,Population and Household Profile,1,Population below age 5 years (%),6.6,7.7,False,False
Haryana,Kurukshetra,Population and Household Profile,2,Population below age 15 years (%),23.6,24.7,False,False
Haryana,Kurukshetra,Population and Household Profile,3,Population age 60 years and above (%),15.1,12.9,False,False
Haryana,Kurukshetra,Population and Household Profile,4,Population living in households with electricity (%),99.8,99.6,False,False
Haryana,Kurukshetra,Population and Household Profile,5,Population living in households with an improved drinking-water source1 (%),100.0,99.9,False,False
Haryana,Kurukshetra,Population and Household Profile,6,Households using iodized salt (%),92.9,97.1,False,False
Haryana,Kurukshetra,Population and Household Profile,7,Households with any usual member covered under a health insurance/financing scheme (%),76.1,19.2,False,False
Haryana,Kurukshetra,Population and Household Profile,8,Households with any usual member having a bank account/post office account (%),98.9,96.3,False,False
Haryana,Kurukshetra,Population and Household Profile,9,Female population age 6 years and above who ever attended school (%),76.9,75.3,False,False
Haryana,Kurukshetra,Population and Household Profile,10,Households with any usual female members owning a house and/or land (alone or jointly with others) (%),18.7,11.9,False,False
Haryana,Kurukshetra,Population and Household Profile,11,Children age 2-4 years who attended pre-school (%),51.0,38.3,False,False
Haryana,Kurukshetra,Characteristics of Adults (age 15-49 years),12,Women with 10 or more years of schooling (%),55.0,48.4,False,False
Haryana,Kurukshetra,Characteristics of Adults (age 15-49 years),13,Men with 10 or more years of schooling (%),64.5,52.7,False,False
Haryana,Kurukshetra,Characteristics of Adults (age 15-49 years),14,Women who have ever used the internet (%),77.1,44.2,False,False
Haryana,Kurukshetra,Characteristics of Adults (age 15-49 years),15,Men who have ever used the internet (%),90.0,62.4,False,False
Haryana,Kurukshetra,Marriage and Fertility,16,Women age 20-24 years married before age 18 years (%),5.1,11.7,False,False
Haryana,Kurukshetra,Marriage and Fertility,17,Men age 25-29 years married before age 21 years (%),*,*,True,False
Haryana,Kurukshetra,Marriage and Fertility,18,Three or more births in the 5 years preceding the survey (%),2.4,1.4,False,False
Haryana,Kurukshetra,Marriage and Fertility,19,Women age 15-19 years who were already mothers or pregnant at the time of the survey (%),2.8,3.9,False,False
Haryana,Kurukshetra,Marriage and Fertility,20,Any method2 (%),77.4,68.4,False,False
Haryana,Kurukshetra,Marriage and Fertility,21,Any modern method2 (%),54.1,63.0,False,False
Haryana,Kurukshetra,Marriage and Fertility,22,Any traditional method (%),23.3,5.4,False,False
Haryana,Kurukshetra,Marriage and Fertility,23,Female sterilization (%),20.6,22.0,False,False
Haryana,Kurukshetra,Marriage and Fertility,24,Male sterilization (%),3.2,1.2,False,False
Haryana,Kurukshetra,Marriage and Fertility,25,Total unmet need3 (%),6.0,9.5,False,False
Haryana,Kurukshetra,Marriage and Fertility,26,Unmet need for spacing3 (%),3.0,4.4,False,False
Haryana,Kurukshetra,Marriage and Fertility,27,Unmet need for limiting3 (%),3.0,5.1,False,False
Haryana,Kurukshetra,Antenatal Care (for last birth in the 5 years before the survey),28,Mothers who had an antenatal check-up in the first trimester (%),90.0,82.7,False,False
Haryana,Kurukshetra,Antenatal Care (for last birth in the 5 years before the survey),29,Mothers who had any antenatal care visits (%),97.8,85.3,False,False
Haryana,Kurukshetra,Antenatal Care (for last birth in the 5 years before the survey),30,Mothers who had at least 4 antenatal care visits (%),77.7,59.8,False,False
Haryana,Kurukshetra,Antenatal Care (for last birth in the 5 years before the survey),31,Mothers whose last birth was protected against neonatal tetanus4 (%),91.9,92.1,False,False
Haryana,Kurukshetra,Antenatal Care (for last birth in the 5 years before the survey),32,Mothers who consumed iron folic acid for 100 days or more when they were pregnant (%),83.9,70.6,False,False
Haryana,Kurukshetra,Antenatal Care (for last birth in the 5 years before the survey),33,Mothers who consumed iron folic acid for 180 days or more when they were pregnant (%),67.3,51.4,False,False
Haryana,Kurukshetra,Antenatal Care (for last birth in the 5 years before the survey),34,Registered pregnancies for which the mother received a Mother and Child Protection (MCP) card (%),98.8,98.2,False,False
Haryana,Kurukshetra,Delivery Care (for births in the 5 years before the survey),35,Institutional births (%),99.4,98.4,False,False
Haryana,Kurukshetra,Delivery Care (for births in the 5 years before the survey),36,Institutional births in public facility (%),41.9,63.1,False,False
Haryana,Kurukshetra,Delivery Care (for births in the 5 years before the survey),37,Births attended by skilled health personnel5 (%),99.7,97.6,False,False
Haryana,Kurukshetra,Delivery Care (for births in the 5 years before the survey),38,Births delivered by caesarean section (%),38.7,21.9,False,False
Haryana,Kurukshetra,Delivery Care (for births in the 5 years before the survey),39,Births in a private health facility that were delivered by caesarean section (%),54.8,42.1,False,False
Haryana,Kurukshetra,Delivery Care (for births in the 5 years before the survey),40,Births in a public health facility that were delivered by caesarean section (%),17.0,11.2,False,False
Haryana,Kurukshetra,Postnatal Care (for last birth in the 5 years before the survey),41,Mothers who received postnatal care from a doctor/nurse/LHV/ANM/midwife/other health personnel within 2,97.8,95.3,False,False
Haryana,Kurukshetra,Postnatal Care (for last birth in the 5 years before the survey),42,Children born at home who were taken to a health facility for a check-up within 24 hours of birth (%),*,*,True,False
Haryana,Kurukshetra,Postnatal Care (for last birth in the 5 years before the survey),43,Children who received postnatal care from a doctor/nurse/LHV/ANM/midwife/other health personnel within 2,97.6,96.5,False,False
Haryana,Kurukshetra,Child Vaccinations and Vitamin A Supplementation,44,Children age 12-23 months fully vaccinated based on information from either vaccination card or mother's,93.2,69.8,False,False
Haryana,Kurukshetra,Child Vaccinations and Vitamin A Supplementation,45,Children age 12-23 months fully vaccinated based on information from vaccination card only7 (%),94.7,72.1,False,False
Haryana,Kurukshetra,Child Vaccinations and Vitamin A Supplementation,46,Children age 12-23 months who have received any vaccine (%),100.0,98.5,False,False
Haryana,Kurukshetra,Child Vaccinations and Vitamin A Supplementation,47,Children age 12-23 months who have received BCG (%),98.4,97.0,False,False
Haryana,Kurukshetra,Child Vaccinations and Vitamin A Supplementation,48,Children age 12-23 months who have received 3 doses of polio vaccine8 (%),94.8,73.6,False,False
Haryana,Kurukshetra,Child Vaccinations and Vitamin A Supplementation,49,Children age 12-23 months who have received 3 doses of pentavalent vaccine (%),94.8,98.5,False,False
Haryana,Kurukshetra,Child Vaccinations and Vitamin A Supplementation,50,Children age 12-23 months who have received the first dose of measles-containing vaccine (MCV) (%),96.9,94.6,False,False
Haryana,Kurukshetra,Child Vaccinations and Vitamin A Supplementation,51,Children age 24-35 months who have received a second dose of measles-containing vaccine (MCV) (%),79.5,61.5,False,False
Haryana,Kurukshetra,Child Vaccinations and Vitamin A Supplementation,52,Children age 12-23 months who have received birth dose of hepatitis B vaccine (%),83.3,80.2,False,False
Haryana,Kurukshetra,Child Vaccinations and Vitamin A Supplementation,53,Children age 12-23 months who have received 3 doses of rotavirus vaccine (%),93.1,87.4,False,False
Haryana,Kurukshetra,Child Vaccinations and Vitamin A Supplementation,54,Children age 9-35 months who received a vitamin A dose in the last 6 months (%),94.5,72.6,False,False
Haryana,Kurukshetra,Child Vaccinations and Vitamin A Supplementation,55,Children age 12-23 months who received most of their vaccinations in a public health facility (%),84.7,96.2,False,False
Haryana,Kurukshetra,Child Vaccinations and Vitamin A Supplementation,56,Children age 12-23 months who received most of their vaccinations in a private health facility (%),10.2,3.8,False,False
Haryana,Kurukshetra,Treatment of Childhood Diseases (children under age 5 years),57,Prevalence of diarrhoea in the 2 weeks preceding the survey (%),10.6,7.7,False,False
Haryana,Kurukshetra,Treatment of Childhood Diseases (children under age 5 years),58,Prevalence of symptoms of acute respiratory infection (ARI) in the 2 weeks preceding the survey (%),3.5,7.7,False,False
Haryana,Kurukshetra,Treatment of Childhood Diseases (children under age 5 years),59,Children with fever or symptoms of ARI in the 2 weeks preceding the survey taken to a health facility or,79.2,71.9,False,False
Haryana,Kurukshetra,Child Feeding Practices and Nutritional Status of Children,60,Children under age 3 years breastfed within one hour of birth9 (%),31.5,41.6,False,False
Haryana,Kurukshetra,Child Feeding Practices and Nutritional Status of Children,61,Children under age 6 months exclusively breastfed10 (%),56.9,74.3,True,False
Haryana,Kurukshetra,Child Feeding Practices and Nutritional Status of Children,62,Children under age 6 months currently breastfeeding10 (%),100.0,94.0,True,False
Haryana,Kurukshetra,Child Feeding Practices and Nutritional Status of Children,63,Children under age 6 months exclusively breastfed or breastfeeding and consuming plain water/other,85.3,88.2,True,False
Haryana,Kurukshetra,Child Feeding Practices and Nutritional Status of Children,64,Children age 6-8 months receiving solid or semi-solid food and breastmilk10 (%),*,*,True,False
Haryana,Kurukshetra,Child Feeding Practices and Nutritional Status of Children,65,"Breastfeeding children age 6-23 months receiving an adequate diet10, 11 (%)",17.8,30.9,False,False
Haryana,Kurukshetra,Child Feeding Practices and Nutritional Status of Children,66,"Non-breastfeeding children age 6-23 months receiving an adequate diet10, 11 (%)",*,*,True,False
Haryana,Kurukshetra,Child Feeding Practices and Nutritional Status of Children,67,"Total children age 6-23 months receiving an adequate diet10, 11 (%)",20.7,28.7,False,False
Haryana,Kurukshetra,Child Feeding Practices and Nutritional Status of Children,68,Children under 5 years who are stunted (height-for-age)12 (%),19.5,24.9,False,False
Haryana,Kurukshetra,Child Feeding Practices and Nutritional Status of Children,69,Children under 5 years who are wasted (weight-for-height)12 (%),8.8,12.8,False,False
Haryana,Kurukshetra,Child Feeding Practices and Nutritional Status of Children,70,Children under 5 years who are severely wasted (weight-for-height)13 (%),1.3,5.0,False,False
Haryana,Kurukshetra,Child Feeding Practices and Nutritional Status of Children,71,Children under 5 years who are underweight (weight-for-age)12 (%),17.4,22.5,False,False
Haryana,Kurukshetra,Child Feeding Practices and Nutritional Status of Children,72,Children under 5 years who are overweight (weight-for-height)14 (%),2.1,7.0,False,False
Haryana,Kurukshetra,Nutritional Status of Adults (age 15-49 years),73,Women whose Body Mass Index (BMI) is below normal (BMI <18.5 kg/m2)15 (%),15.1,11.8,False,False
Haryana,Kurukshetra,Nutritional Status of Adults (age 15-49 years),74,Women who are overweight or obese (BMI ≥25.0 kg/m2)15 (%),45.8,37.3,False,False
Haryana,Kurukshetra,Women,75,Blood sugar level - high (141-160 mg/dl)16 (%),8.8,4.8,False,False
Haryana,Kurukshetra,Women,76,Blood sugar level - very high (>160 mg/dl)16 (%),9.8,6.2,False,False
Haryana,Kurukshetra,Women,77,Blood sugar level - high or very high (>140 mg/dl) or taking medicine to control blood sugar level16 (%),20.1,12.5,False,False
Haryana,Kurukshetra,Men,78,Blood sugar level - high (141-160 mg/dl)16 (%),6.6,5.1,False,False
Haryana,Kurukshetra,Men,79,Blood sugar level - very high (>160 mg/dl)16 (%),9.1,4.9,False,False
Haryana,Kurukshetra,Men,80,Blood sugar level - high or very high (>140 mg/dl) or taking medicine to control blood sugar level16 (%),16.3,12.1,False,False
Haryana,Kurukshetra,Women,81,Mildly elevated blood pressure (Systolic 140-159 mm of Hg and/or Diastolic 90-99 mm of Hg) (%),10.4,17.8,False,False
Haryana,Kurukshetra,Women,82,Moderately or severely elevated blood pressure (Systolic ≥160 mm of Hg and/or Diastolic ≥100 mm,5.4,7.8,False,False
Haryana,Kurukshetra,Women,83,Elevated blood pressure (Systolic ≥140 mm of Hg and/or Diastolic ≥90 mm of Hg) or taking medicine to,23.4,30.4,False,False
Haryana,Kurukshetra,Men,84,Mildly elevated blood pressure (Systolic 140-159 mm of Hg and/or Diastolic 90-99 mm of Hg) (%),15.5,22.9,False,False
Haryana,Kurukshetra,Men,85,Moderately or severely elevated blood pressure (Systolic ≥160 mm of Hg and/or Diastolic ≥100 mm,8.8,9.7,False,False
Haryana,Kurukshetra,Men,86,Elevated blood pressure (Systolic ≥140 mm of Hg and/or Diastolic ≥90 mm of Hg) or taking medicine to,28.9,34.4,False,False
Haryana,Kurukshetra,Men,87,Women having a bank or savings account that they themselves use (%),87.4,66.4,False,False
Haryana,Kurukshetra,Men,88,Women having a mobile phone that they themselves use (%),69.5,53.4,False,False
Haryana,Kurukshetra,Men,89,Women age 15-24 years who use hygienic methods of protection during their menstrual period17 (%),96.6,92.3,False,False
Haryana,Kurukshetra,Tobacco Use and Alcohol Consumption among Adults (age 15 years and above),90,Women age 15 years and above who use any kind of tobacco (%),1.3,1.3,False,False
Haryana,Kurukshetra,Tobacco Use and Alcohol Consumption among Adults (age 15 years and above),91,Men age 15 years and above who use any kind of tobacco (%),18.0,24.3,False,False
Haryana,Kurukshetra,Tobacco Use and Alcohol Consumption among Adults (age 15 years and above),92,Women age 15 years and above who consume alcohol (%),0.2,0.2,False,False
Haryana,Kurukshetra,Tobacco Use and Alcohol Consumption among Adults (age 15 years and above),93,Men age 15 years and above who consume alcohol (%),20.0,19.3,False,False
Haryana,Mahendragarh,Population and Household Profile,1,Population below age 5 years (%),7.0,6.6,False,False
Haryana,Mahendragarh,Population and Household Profile,2,Population below age 15 years (%),22.0,22.3,False,False
Haryana,Mahendragarh,Population and Household Profile,3,Population age 60 years and above (%),16.1,15.9,False,False
Haryana,Mahendragarh,Population and Household Profile,4,Population living in households with electricity (%),99.6,99.6,False,False
Haryana,Mahendragarh,Population and Household Profile,5,Population living in households with an improved drinking-water source1 (%),99.9,99.7,False,False
Haryana,Mahendragarh,Population and Household Profile,6,Households using iodized salt (%),98.0,97.4,False,False
Haryana,Mahendragarh,Population and Household Profile,7,Households with any usual member covered under a health insurance/financing scheme (%),78.9,25.6,False,False
Haryana,Mahendragarh,Population and Household Profile,8,Households with any usual member having a bank account/post office account (%),99.6,97.6,False,False
Haryana,Mahendragarh,Population and Household Profile,9,Female population age 6 years and above who ever attended school (%),72.4,70.0,False,False
Haryana,Mahendragarh,Population and Household Profile,10,Households with any usual female members owning a house and/or land (alone or jointly with others) (%),15.2,7.8,False,False
Haryana,Mahendragarh,Population and Household Profile,11,Children age 2-4 years who attended pre-school (%),57.5,23.7,False,False
Haryana,Mahendragarh,Characteristics of Adults (age 15-49 years),12,Women with 10 or more years of schooling (%),60.0,52.4,False,False
Haryana,Mahendragarh,Characteristics of Adults (age 15-49 years),13,Men with 10 or more years of schooling (%),68.1,77.0,False,False
Haryana,Mahendragarh,Characteristics of Adults (age 15-49 years),14,Women who have ever used the internet (%),80.5,50.5,False,False
Haryana,Mahendragarh,Characteristics of Adults (age 15-49 years),15,Men who have ever used the internet (%),80.8,75.3,False,False
Haryana,Mahendragarh,Marriage and Fertility,16,Women age 20-24 years married before age 18 years (%),12.3,13.4,False,False
Haryana,Mahendragarh,Marriage and Fertility,17,Men age 25-29 years married before age 21 years (%),*,*,True,False
Haryana,Mahendragarh,Marriage and Fertility,18,Three or more births in the 5 years preceding the survey (%),0.6,0.4,False,False
Haryana,Mahendragarh,Marriage and Fertility,19,Women age 15-19 years who were already mothers or pregnant at the time of the survey (%),5.8,9.6,False,False
Haryana,Mahendragarh,Marriage and Fertility,20,Any method2 (%),80.2,70.2,False,False
Haryana,Mahendragarh,Marriage and Fertility,21,Any modern method2 (%),61.4,63.2,False,False
Haryana,Mahendragarh,Marriage and Fertility,22,Any traditional method (%),18.8,7.0,False,False
Haryana,Mahendragarh,Marriage and Fertility,23,Female sterilization (%),40.4,45.9,False,False
Haryana,Mahendragarh,Marriage and Fertility,24,Male sterilization (%),1.0,0.4,False,False
Haryana,Mahendragarh,Marriage and Fertility,25,Total unmet need3 (%),5.3,9.3,False,False
Haryana,Mahendragarh,Marriage and Fertility,26,Unmet need for spacing3 (%),2.9,5.2,False,False
Haryana,Mahendragarh,Marriage and Fertility,27,Unmet need for limiting3 (%),2.4,4.1,False,False
Haryana,Mahendragarh,Antenatal Care (for last birth in the 5 years before the survey),28,Mothers who had an antenatal check-up in the first trimester (%),90.4,88.1,False,False
Haryana,Mahendragarh,Antenatal Care (for last birth in the 5 years before the survey),29,Mothers who had any antenatal care visits (%),100.0,94.9,False,False
Haryana,Mahendragarh,Antenatal Care (for last birth in the 5 years before the survey),30,Mothers who had at least 4 antenatal care visits (%),90.1,55.2,False,False
Haryana,Mahendragarh,Antenatal Care (for last birth in the 5 years before the survey),31,Mothers whose last birth was protected against neonatal tetanus4 (%),98.3,89.4,False,False
Haryana,Mahendragarh,Antenatal Care (for last birth in the 5 years before the survey),32,Mothers who consumed iron folic acid for 100 days or more when they were pregnant (%),69.7,48.5,False,False
Haryana,Mahendragarh,Antenatal Care (for last birth in the 5 years before the survey),33,Mothers who consumed iron folic acid for 180 days or more when they were pregnant (%),56.3,28.4,False,False
Haryana,Mahendragarh,Antenatal Care (for last birth in the 5 years before the survey),34,Registered pregnancies for which the mother received a Mother and Child Protection (MCP) card (%),96.3,97.5,False,False
Haryana,Mahendragarh,Delivery Care (for births in the 5 years before the survey),35,Institutional births (%),98.8,98.9,False,False
Haryana,Mahendragarh,Delivery Care (for births in the 5 years before the survey),36,Institutional births in public facility (%),57.8,65.3,False,False
Haryana,Mahendragarh,Delivery Care (for births in the 5 years before the survey),37,Births attended by skilled health personnel5 (%),99.2,98.9,False,False
Haryana,Mahendragarh,Delivery Care (for births in the 5 years before the survey),38,Births delivered by caesarean section (%),38.1,22.6,False,False
Haryana,Mahendragarh,Delivery Care (for births in the 5 years before the survey),39,Births in a private health facility that were delivered by caesarean section (%),56.5,36.5,False,False
Haryana,Mahendragarh,Delivery Care (for births in the 5 years before the survey),40,Births in a public health facility that were delivered by caesarean section (%),25.8,15.9,False,False
Haryana,Mahendragarh,Postnatal Care (for last birth in the 5 years before the survey),41,Mothers who received postnatal care from a doctor/nurse/LHV/ANM/midwife/other health personnel within 2,97.8,88.0,False,False
Haryana,Mahendragarh,Postnatal Care (for last birth in the 5 years before the survey),42,Children born at home who were taken to a health facility for a check-up within 24 hours of birth (%),*,*,True,False
Haryana,Mahendragarh,Postnatal Care (for last birth in the 5 years before the survey),43,Children who received postnatal care from a doctor/nurse/LHV/ANM/midwife/other health personnel within 2,97.3,90.4,False,False
Haryana,Mahendragarh,Child Vaccinations and Vitamin A Supplementation,44,Children age 12-23 months fully vaccinated based on information from either vaccination card or mother's,89.8,73.9,False,False
Haryana,Mahendragarh,Child Vaccinations and Vitamin A Supplementation,45,Children age 12-23 months fully vaccinated based on information from vaccination card only7 (%),90.4,70.1,True,False
Haryana,Mahendragarh,Child Vaccinations and Vitamin A Supplementation,46,Children age 12-23 months who have received any vaccine (%),96.3,96.4,False,False
Haryana,Mahendragarh,Child Vaccinations and Vitamin A Supplementation,47,Children age 12-23 months who have received BCG (%),94.6,94.3,False,False
Haryana,Mahendragarh,Child Vaccinations and Vitamin A Supplementation,48,Children age 12-23 months who have received 3 doses of polio vaccine8 (%),91.5,76.0,False,False
Haryana,Mahendragarh,Child Vaccinations and Vitamin A Supplementation,49,Children age 12-23 months who have received 3 doses of pentavalent vaccine (%),94.7,86.4,False,False
Haryana,Mahendragarh,Child Vaccinations and Vitamin A Supplementation,50,Children age 12-23 months who have received the first dose of measles-containing vaccine (MCV) (%),94.7,87.6,False,False
Haryana,Mahendragarh,Child Vaccinations and Vitamin A Supplementation,51,Children age 24-35 months who have received a second dose of measles-containing vaccine (MCV) (%),77.8,43.9,False,False
Haryana,Mahendragarh,Child Vaccinations and Vitamin A Supplementation,52,Children age 12-23 months who have received birth dose of hepatitis B vaccine (%),88.1,73.0,False,False
Haryana,Mahendragarh,Child Vaccinations and Vitamin A Supplementation,53,Children age 12-23 months who have received 3 doses of rotavirus vaccine (%),94.7,82.5,False,False
Haryana,Mahendragarh,Child Vaccinations and Vitamin A Supplementation,54,Children age 9-35 months who received a vitamin A dose in the last 6 months (%),72.0,62.5,False,False
Haryana,Mahendragarh,Child Vaccinations and Vitamin A Supplementation,55,Children age 12-23 months who received most of their vaccinations in a public health facility (%),98.6,97.8,True,False
Haryana,Mahendragarh,Child Vaccinations and Vitamin A Supplementation,56,Children age 12-23 months who received most of their vaccinations in a private health facility (%),0.0,2.2,True,False
Haryana,Mahendragarh,Treatment of Childhood Diseases (children under age 5 years),57,Prevalence of diarrhoea in the 2 weeks preceding the survey (%),9.0,4.7,False,False
Haryana,Mahendragarh,Treatment of Childhood Diseases (children under age 5 years),58,Prevalence of symptoms of acute respiratory infection (ARI) in the 2 weeks preceding the survey (%),1.0,0.8,False,False
Haryana,Mahendragarh,Treatment of Childhood Diseases (children under age 5 years),59,Children with fever or symptoms of ARI in the 2 weeks preceding the survey taken to a health facility or,67.5,*,True,False
Haryana,Mahendragarh,Child Feeding Practices and Nutritional Status of Children,60,Children under age 3 years breastfed within one hour of birth9 (%),41.2,51.8,False,False
Haryana,Mahendragarh,Child Feeding Practices and Nutritional Status of Children,61,Children under age 6 months exclusively breastfed10 (%),*,69.6,True,False
Haryana,Mahendragarh,Child Feeding Practices and Nutritional Status of Children,62,Children under age 6 months currently breastfeeding10 (%),*,92.6,True,False
Haryana,Mahendragarh,Child Feeding Practices and Nutritional Status of Children,63,Children under age 6 months exclusively breastfed or breastfeeding and consuming plain water/other,*,77.5,True,False
Haryana,Mahendragarh,Child Feeding Practices and Nutritional Status of Children,64,Children age 6-8 months receiving solid or semi-solid food and breastmilk10 (%),*,*,True,False
Haryana,Mahendragarh,Child Feeding Practices and Nutritional Status of Children,65,"Breastfeeding children age 6-23 months receiving an adequate diet10, 11 (%)",18.1,8.9,False,False
Haryana,Mahendragarh,Child Feeding Practices and Nutritional Status of Children,66,"Non-breastfeeding children age 6-23 months receiving an adequate diet10, 11 (%)",*,*,True,False
Haryana,Mahendragarh,Child Feeding Practices and Nutritional Status of Children,67,"Total children age 6-23 months receiving an adequate diet10, 11 (%)",20.9,8.7,False,False
Haryana,Mahendragarh,Child Feeding Practices and Nutritional Status of Children,68,Children under 5 years who are stunted (height-for-age)12 (%),26.7,25.2,False,False
Haryana,Mahendragarh,Child Feeding Practices and Nutritional Status of Children,69,Children under 5 years who are wasted (weight-for-height)12 (%),13.5,8.4,False,False
Haryana,Mahendragarh,Child Feeding Practices and Nutritional Status of Children,70,Children under 5 years who are severely wasted (weight-for-height)13 (%),2.1,2.1,False,False
Haryana,Mahendragarh,Child Feeding Practices and Nutritional Status of Children,71,Children under 5 years who are underweight (weight-for-age)12 (%),23.5,15.4,False,False
Haryana,Mahendragarh,Child Feeding Practices and Nutritional Status of Children,72,Children under 5 years who are overweight (weight-for-height)14 (%),1.1,5.0,False,False
Haryana,Mahendragarh,Nutritional Status of Adults (age 15-49 years),73,Women whose Body Mass Index (BMI) is below normal (BMI <18.5 kg/m2)15 (%),19.8,14.3,False,False
Haryana,Mahendragarh,Nutritional Status of Adults (age 15-49 years),74,Women who are overweight or obese (BMI ≥25.0 kg/m2)15 (%),29.3,29.5,False,False
Haryana,Mahendragarh,Women,75,Blood sugar level - high (141-160 mg/dl)16 (%),9.3,5.0,False,False
Haryana,Mahendragarh,Women,76,Blood sugar level - very high (>160 mg/dl)16 (%),8.8,5.1,False,False
Haryana,Mahendragarh,Women,77,Blood sugar level - high or very high (>140 mg/dl) or taking medicine to control blood sugar level16 (%),18.8,10.3,False,False
Haryana,Mahendragarh,Men,78,Blood sugar level - high (141-160 mg/dl)16 (%),9.9,5.6,False,False
Haryana,Mahendragarh,Men,79,Blood sugar level - very high (>160 mg/dl)16 (%),10.1,6.0,False,False
Haryana,Mahendragarh,Men,80,Blood sugar level - high or very high (>140 mg/dl) or taking medicine to control blood sugar level16 (%),20.7,12.3,False,False
Haryana,Mahendragarh,Women,81,Mildly elevated blood pressure (Systolic 140-159 mm of Hg and/or Diastolic 90-99 mm of Hg) (%),9.4,13.7,False,False
Haryana,Mahendragarh,Women,82,Moderately or severely elevated blood pressure (Systolic ≥160 mm of Hg and/or Diastolic ≥100 mm,5.3,5.0,False,False
Haryana,Mahendragarh,Women,83,Elevated blood pressure (Systolic ≥140 mm of Hg and/or Diastolic ≥90 mm of Hg) or taking medicine to,17.7,21.6,False,False
Haryana,Mahendragarh,Men,84,Mildly elevated blood pressure (Systolic 140-159 mm of Hg and/or Diastolic 90-99 mm of Hg) (%),14.7,15.8,False,False
Haryana,Mahendragarh,Men,85,Moderately or severely elevated blood pressure (Systolic ≥160 mm of Hg and/or Diastolic ≥100 mm,7.0,8.1,False,False
Haryana,Mahendragarh,Men,86,Elevated blood pressure (Systolic ≥140 mm of Hg and/or Diastolic ≥90 mm of Hg) or taking medicine to,23.8,25.8,False,False
Haryana,Mahendragarh,Men,87,Women having a bank or savings account that they themselves use (%),89.5,81.1,False,False
Haryana,Mahendragarh,Men,88,Women having a mobile phone that they themselves use (%),69.6,58.0,False,False
Haryana,Mahendragarh,Men,89,Women age 15-24 years who use hygienic methods of protection during their menstrual period17 (%),97.4,95.7,False,False
Haryana,Mahendragarh,Tobacco Use and Alcohol Consumption among Adults (age 15 years and above),90,Women age 15 years and above who use any kind of tobacco (%),2.6,2.3,False,False
Haryana,Mahendragarh,Tobacco Use and Alcohol Consumption among Adults (age 15 years and above),91,Men age 15 years and above who use any kind of tobacco (%),33.6,32.9,False,False
Haryana,Mahendragarh,Tobacco Use and Alcohol Consumption among Adults (age 15 years and above),92,Women age 15 years and above who consume alcohol (%),0.0,0.4,False,False
Haryana,Mahendragarh,Tobacco Use and Alcohol Consumption among Adults (age 15 years and above),93,Men age 15 years and above who consume alcohol (%),18.8,13.9,False,False
Haryana,Nuh,Population and Household Profile,1,Population below age 5 years (%),15.1,13.2,False,False
Haryana,Nuh,Population and Household Profile,2,Population below age 15 years (%),42.1,40.6,False,False
Haryana,Nuh,Population and Household Profile,3,Population age 60 years and above (%),7.0,7.8,False,False
Haryana,Nuh,Population and Household Profile,4,Population living in households with electricity (%),99.7,98.6,False,False
Haryana,Nuh,Population and Household Profile,5,Population living in households with an improved drinking-water source1 (%),99.5,97.1,False,False
Haryana,Nuh,Population and Household Profile,6,Households using iodized salt (%),94.3,93.4,False,False
Haryana,Nuh,Population and Household Profile,7,Households with any usual member covered under a health insurance/financing scheme (%),58.5,11.5,False,False
Haryana,Nuh,Population and Household Profile,8,Households with any usual member having a bank account/post office account (%),97.4,94.4,False,False
Haryana,Nuh,Population and Household Profile,9,Female population age 6 years and above who ever attended school (%),61.2,51.2,False,False
Haryana,Nuh,Population and Household Profile,10,Households with any usual female members owning a house and/or land (alone or jointly with others) (%),9.2,6.2,False,False
Haryana,Nuh,Population and Household Profile,11,Children age 2-4 years who attended pre-school (%),17.0,13.4,False,False
Haryana,Nuh,Characteristics of Adults (age 15-49 years),12,Women with 10 or more years of schooling (%),20.7,13.9,False,False
Haryana,Nuh,Characteristics of Adults (age 15-49 years),13,Men with 10 or more years of schooling (%),48.4,32.1,False,False
Haryana,Nuh,Characteristics of Adults (age 15-49 years),14,Women who have ever used the internet (%),40.8,15.6,False,False
Haryana,Nuh,Characteristics of Adults (age 15-49 years),15,Men who have ever used the internet (%),88.9,68.3,False,False
Haryana,Nuh,Marriage and Fertility,16,Women age 20-24 years married before age 18 years (%),29.4,28.7,False,False
Haryana,Nuh,Marriage and Fertility,17,Men age 25-29 years married before age 21 years (%),22.9,31.5,True,False
Haryana,Nuh,Marriage and Fertility,18,Three or more births in the 5 years preceding the survey (%),6.9,7.3,False,False
Haryana,Nuh,Marriage and Fertility,19,Women age 15-19 years who were already mothers or pregnant at the time of the survey (%),9.9,7.6,False,False
Haryana,Nuh,Marriage and Fertility,20,Any method2 (%),49.2,37.8,False,False
Haryana,Nuh,Marriage and Fertility,21,Any modern method2 (%),24.4,28.2,False,False
Haryana,Nuh,Marriage and Fertility,22,Any traditional method (%),24.8,9.6,False,False
Haryana,Nuh,Marriage and Fertility,23,Female sterilization (%),10.9,11.2,False,False
Haryana,Nuh,Marriage and Fertility,24,Male sterilization (%),0.1,0.1,False,False
Haryana,Nuh,Marriage and Fertility,25,Total unmet need3 (%),14.2,19.6,False,False
Haryana,Nuh,Marriage and Fertility,26,Unmet need for spacing3 (%),6.3,11.3,False,False
Haryana,Nuh,Marriage and Fertility,27,Unmet need for limiting3 (%),7.9,8.3,False,False
Haryana,Nuh,Antenatal Care (for last birth in the 5 years before the survey),28,Mothers who had an antenatal check-up in the first trimester (%),67.3,70.9,False,False
Haryana,Nuh,Antenatal Care (for last birth in the 5 years before the survey),29,Mothers who had any antenatal care visits (%),95.0,84.5,False,False
Haryana,Nuh,Antenatal Care (for last birth in the 5 years before the survey),30,Mothers who had at least 4 antenatal care visits (%),47.3,45.9,False,False
Haryana,Nuh,Antenatal Care (for last birth in the 5 years before the survey),31,Mothers whose last birth was protected against neonatal tetanus4 (%),78.4,84.8,False,False
Haryana,Nuh,Antenatal Care (for last birth in the 5 years before the survey),32,Mothers who consumed iron folic acid for 100 days or more when they were pregnant (%),24.3,18.3,False,False
Haryana,Nuh,Antenatal Care (for last birth in the 5 years before the survey),33,Mothers who consumed iron folic acid for 180 days or more when they were pregnant (%),15.2,5.7,False,False
Haryana,Nuh,Antenatal Care (for last birth in the 5 years before the survey),34,Registered pregnancies for which the mother received a Mother and Child Protection (MCP) card (%),91.2,96.0,False,False
Haryana,Nuh,Delivery Care (for births in the 5 years before the survey),35,Institutional births (%),87.1,74.6,False,False
Haryana,Nuh,Delivery Care (for births in the 5 years before the survey),36,Institutional births in public facility (%),49.3,59.2,False,False
Haryana,Nuh,Delivery Care (for births in the 5 years before the survey),37,Births attended by skilled health personnel5 (%),88.7,77.8,False,False
Haryana,Nuh,Delivery Care (for births in the 5 years before the survey),38,Births delivered by caesarean section (%),5.4,4.2,False,False
Haryana,Nuh,Delivery Care (for births in the 5 years before the survey),39,Births in a private health facility that were delivered by caesarean section (%),8.6,15.2,False,False
Haryana,Nuh,Delivery Care (for births in the 5 years before the survey),40,Births in a public health facility that were delivered by caesarean section (%),4.2,3.1,False,False
Haryana,Nuh,Postnatal Care (for last birth in the 5 years before the survey),41,Mothers who received postnatal care from a doctor/nurse/LHV/ANM/midwife/other health personnel within 2,86.7,65.9,False,False
Haryana,Nuh,Postnatal Care (for last birth in the 5 years before the survey),42,Children born at home who were taken to a health facility for a check-up within 24 hours of birth (%),0.0,3.1,False,False
Haryana,Nuh,Postnatal Care (for last birth in the 5 years before the survey),43,Children who received postnatal care from a doctor/nurse/LHV/ANM/midwife/other health personnel within 2,83.4,66.9,False,False
Haryana,Nuh,Child Vaccinations and Vitamin A Supplementation,44,Children age 12-23 months fully vaccinated based on information from either vaccination card or mother's,44.3,53.8,False,False
Haryana,Nuh,Child Vaccinations and Vitamin A Supplementation,45,Children age 12-23 months fully vaccinated based on information from vaccination card only7 (%),60.4,63.5,False,False
Haryana,Nuh,Child Vaccinations and Vitamin A Supplementation,46,Children age 12-23 months who have received any vaccine (%),87.1,87.2,False,False
Haryana,Nuh,Child Vaccinations and Vitamin A Supplementation,47,Children age 12-23 months who have received BCG (%),83.1,87.2,False,False
Haryana,Nuh,Child Vaccinations and Vitamin A Supplementation,48,Children age 12-23 months who have received 3 doses of polio vaccine8 (%),50.0,57.8,False,False
Haryana,Nuh,Child Vaccinations and Vitamin A Supplementation,49,Children age 12-23 months who have received 3 doses of pentavalent vaccine (%),56.8,68.3,False,False
Haryana,Nuh,Child Vaccinations and Vitamin A Supplementation,50,Children age 12-23 months who have received the first dose of measles-containing vaccine (MCV) (%),61.2,65.7,False,False
Haryana,Nuh,Child Vaccinations and Vitamin A Supplementation,51,Children age 24-35 months who have received a second dose of measles-containing vaccine (MCV) (%),42.1,29.0,False,False
Haryana,Nuh,Child Vaccinations and Vitamin A Supplementation,52,Children age 12-23 months who have received birth dose of hepatitis B vaccine (%),62.2,65.3,False,False
Haryana,Nuh,Child Vaccinations and Vitamin A Supplementation,53,Children age 12-23 months who have received 3 doses of rotavirus vaccine (%),57.1,49.0,False,False
Haryana,Nuh,Child Vaccinations and Vitamin A Supplementation,54,Children age 9-35 months who received a vitamin A dose in the last 6 months (%),51.0,59.2,False,False
Haryana,Nuh,Child Vaccinations and Vitamin A Supplementation,55,Children age 12-23 months who received most of their vaccinations in a public health facility (%),95.1,97.7,False,False
Haryana,Nuh,Child Vaccinations and Vitamin A Supplementation,56,Children age 12-23 months who received most of their vaccinations in a private health facility (%),3.8,0.0,False,False
Haryana,Nuh,Treatment of Childhood Diseases (children under age 5 years),57,Prevalence of diarrhoea in the 2 weeks preceding the survey (%),13.1,4.1,False,False
Haryana,Nuh,Treatment of Childhood Diseases (children under age 5 years),58,Prevalence of symptoms of acute respiratory infection (ARI) in the 2 weeks preceding the survey (%),1.0,0.7,False,False
Haryana,Nuh,Treatment of Childhood Diseases (children under age 5 years),59,Children with fever or symptoms of ARI in the 2 weeks preceding the survey taken to a health facility or,78.6,*,True,False
Haryana,Nuh,Child Feeding Practices and Nutritional Status of Children,60,Children under age 3 years breastfed within one hour of birth9 (%),44.5,55.0,False,False
Haryana,Nuh,Child Feeding Practices and Nutritional Status of Children,61,Children under age 6 months exclusively breastfed10 (%),25.3,66.4,False,False
Haryana,Nuh,Child Feeding Practices and Nutritional Status of Children,62,Children under age 6 months currently breastfeeding10 (%),93.2,93.9,False,False
Haryana,Nuh,Child Feeding Practices and Nutritional Status of Children,63,Children under age 6 months exclusively breastfed or breastfeeding and consuming plain water/other,90.3,77.0,False,False
Haryana,Nuh,Child Feeding Practices and Nutritional Status of Children,64,Children age 6-8 months receiving solid or semi-solid food and breastmilk10 (%),51.4,29.7,True,False
Haryana,Nuh,Child Feeding Practices and Nutritional Status of Children,65,"Breastfeeding children age 6-23 months receiving an adequate diet10, 11 (%)",7.8,11.8,False,False
Haryana,Nuh,Child Feeding Practices and Nutritional Status of Children,66,"Non-breastfeeding children age 6-23 months receiving an adequate diet10, 11 (%)",8.7,16.8,True,False
Haryana,Nuh,Child Feeding Practices and Nutritional Status of Children,67,"Total children age 6-23 months receiving an adequate diet10, 11 (%)",8.1,13.0,False,False
Haryana,Nuh,Child Feeding Practices and Nutritional Status of Children,68,Children under 5 years who are stunted (height-for-age)12 (%),46.0,44.4,False,False
Haryana,Nuh,Child Feeding Practices and Nutritional Status of Children,69,Children under 5 years who are wasted (weight-for-height)12 (%),24.2,14.2,False,False
Haryana,Nuh,Child Feeding Practices and Nutritional Status of Children,70,Children under 5 years who are severely wasted (weight-for-height)13 (%),6.2,7.1,False,False
Haryana,Nuh,Child Feeding Practices and Nutritional Status of Children,71,Children under 5 years who are underweight (weight-for-age)12 (%),49.1,37.3,False,False
Haryana,Nuh,Child Feeding Practices and Nutritional Status of Children,72,Children under 5 years who are overweight (weight-for-height)14 (%),0.9,3.5,False,False
Haryana,Nuh,Nutritional Status of Adults (age 15-49 years),73,Women whose Body Mass Index (BMI) is below normal (BMI <18.5 kg/m2)15 (%),28.5,19.2,False,False
Haryana,Nuh,Nutritional Status of Adults (age 15-49 years),74,Women who are overweight or obese (BMI ≥25.0 kg/m2)15 (%),17.6,14.9,False,False
Haryana,Nuh,Women,75,Blood sugar level - high (141-160 mg/dl)16 (%),7.4,2.9,False,False
Haryana,Nuh,Women,76,Blood sugar level - very high (>160 mg/dl)16 (%),4.4,2.7,False,False
Haryana,Nuh,Women,77,Blood sugar level - high or very high (>140 mg/dl) or taking medicine to control blood sugar level16 (%),11.9,6.0,False,False
Haryana,Nuh,Men,78,Blood sugar level - high (141-160 mg/dl)16 (%),8.7,5.1,False,False
Haryana,Nuh,Men,79,Blood sugar level - very high (>160 mg/dl)16 (%),5.1,2.7,False,False
Haryana,Nuh,Men,80,Blood sugar level - high or very high (>140 mg/dl) or taking medicine to control blood sugar level16 (%),14.1,7.9,False,False
Haryana,Nuh,Women,81,Mildly elevated blood pressure (Systolic 140-159 mm of Hg and/or Diastolic 90-99 mm of Hg) (%),2.2,10.5,False,False
Haryana,Nuh,Women,82,Moderately or severely elevated blood pressure (Systolic ≥160 mm of Hg and/or Diastolic ≥100 mm,1.5,2.9,False,False
Haryana,Nuh,Women,83,Elevated blood pressure (Systolic ≥140 mm of Hg and/or Diastolic ≥90 mm of Hg) or taking medicine to,5.7,15.5,False,False
Haryana,Nuh,Men,84,Mildly elevated blood pressure (Systolic 140-159 mm of Hg and/or Diastolic 90-99 mm of Hg) (%),2.9,14.6,False,False
Haryana,Nuh,Men,85,Moderately or severely elevated blood pressure (Systolic ≥160 mm of Hg and/or Diastolic ≥100 mm,1.9,3.7,False,False
Haryana,Nuh,Men,86,Elevated blood pressure (Systolic ≥140 mm of Hg and/or Diastolic ≥90 mm of Hg) or taking medicine to,6.4,19.2,False,False
Haryana,Nuh,Men,87,Women having a bank or savings account that they themselves use (%),72.2,57.5,False,False
Haryana,Nuh,Men,88,Women having a mobile phone that they themselves use (%),33.2,27.2,False,False
Haryana,Nuh,Men,89,Women age 15-24 years who use hygienic methods of protection during their menstrual period17 (%),80.5,58.1,False,False
Haryana,Nuh,Tobacco Use and Alcohol Consumption among Adults (age 15 years and above),90,Women age 15 years and above who use any kind of tobacco (%),3.5,4.7,False,False
Haryana,Nuh,Tobacco Use and Alcohol Consumption among Adults (age 15 years and above),91,Men age 15 years and above who use any kind of tobacco (%),36.4,36.5,False,False
Haryana,Nuh,Tobacco Use and Alcohol Consumption among Adults (age 15 years and above),92,Women age 15 years and above who consume alcohol (%),0.1,0.3,False,False
Haryana,Nuh,Tobacco Use and Alcohol Consumption among Adults (age 15 years and above),93,Men age 15 years and above who consume alcohol (%),5.4,5.5,False,False
Haryana,Palwal,Population and Household Profile,1,Population below age 5 years (%),10.2,9.9,False,False
Haryana,Palwal,Population and Household Profile,2,Population below age 15 years (%),31.4,31.3,False,False
Haryana,Palwal,Population and Household Profile,3,Population age 60 years and above (%),11.5,10.1,False,False
Haryana,Palwal,Population and Household Profile,4,Population living in households with electricity (%),99.5,98.9,False,False
Haryana,Palwal,Population and Household Profile,5,Population living in households with an improved drinking-water source1 (%),98.8,96.7,False,False
Haryana,Palwal,Population and Household Profile,6,Households using iodized salt (%),96.3,95.3,False,False
Haryana,Palwal,Population and Household Profile,7,Households with any usual member covered under a health insurance/financing scheme (%),64.5,23.5,False,False
Haryana,Palwal,Population and Household Profile,8,Households with any usual member having a bank account/post office account (%),98.1,94.2,False,False
Haryana,Palwal,Population and Household Profile,9,Female population age 6 years and above who ever attended school (%),70.5,67.0,False,False
Haryana,Palwal,Population and Household Profile,10,Households with any usual female members owning a house and/or land (alone or jointly with others) (%),12.9,8.8,False,False
Haryana,Palwal,Population and Household Profile,11,Children age 2-4 years who attended pre-school (%),37.0,14.8,False,False
Haryana,Palwal,Characteristics of Adults (age 15-49 years),12,Women with 10 or more years of schooling (%),47.4,39.4,False,False
Haryana,Palwal,Characteristics of Adults (age 15-49 years),13,Men with 10 or more years of schooling (%),68.0,59.3,False,False
Haryana,Palwal,Characteristics of Adults (age 15-49 years),14,Women who have ever used the internet (%),76.1,30.8,False,False
Haryana,Palwal,Characteristics of Adults (age 15-49 years),15,Men who have ever used the internet (%),86.1,66.2,False,False
Haryana,Palwal,Marriage and Fertility,16,Women age 20-24 years married before age 18 years (%),17.7,23.8,False,False
Haryana,Palwal,Marriage and Fertility,17,Men age 25-29 years married before age 21 years (%),31.6,31.7,True,False
Haryana,Palwal,Marriage and Fertility,18,Three or more births in the 5 years preceding the survey (%),6.2,4.2,False,False
Haryana,Palwal,Marriage and Fertility,19,Women age 15-19 years who were already mothers or pregnant at the time of the survey (%),6.0,4.7,False,False
Haryana,Palwal,Marriage and Fertility,20,Any method2 (%),69.0,71.2,False,False
Haryana,Palwal,Marriage and Fertility,21,Any modern method2 (%),43.8,54.2,False,False
Haryana,Palwal,Marriage and Fertility,22,Any traditional method (%),25.2,17.0,False,False
Haryana,Palwal,Marriage and Fertility,23,Female sterilization (%),27.5,31.9,False,False
Haryana,Palwal,Marriage and Fertility,24,Male sterilization (%),0.1,0.4,False,False
Haryana,Palwal,Marriage and Fertility,25,Total unmet need3 (%),9.2,8.0,False,False
Haryana,Palwal,Marriage and Fertility,26,Unmet need for spacing3 (%),3.7,3.1,False,False
Haryana,Palwal,Marriage and Fertility,27,Unmet need for limiting3 (%),5.5,4.9,False,False
Haryana,Palwal,Antenatal Care (for last birth in the 5 years before the survey),28,Mothers who had an antenatal check-up in the first trimester (%),76.1,81.2,False,False
Haryana,Palwal,Antenatal Care (for last birth in the 5 years before the survey),29,Mothers who had any antenatal care visits (%),97.8,98.0,False,False
Haryana,Palwal,Antenatal Care (for last birth in the 5 years before the survey),30,Mothers who had at least 4 antenatal care visits (%),69.9,53.4,False,False
Haryana,Palwal,Antenatal Care (for last birth in the 5 years before the survey),31,Mothers whose last birth was protected against neonatal tetanus4 (%),89.4,81.9,False,False
Haryana,Palwal,Antenatal Care (for last birth in the 5 years before the survey),32,Mothers who consumed iron folic acid for 100 days or more when they were pregnant (%),52.4,32.1,False,False
Haryana,Palwal,Antenatal Care (for last birth in the 5 years before the survey),33,Mothers who consumed iron folic acid for 180 days or more when they were pregnant (%),38.3,20.5,False,False
Haryana,Palwal,Antenatal Care (for last birth in the 5 years before the survey),34,Registered pregnancies for which the mother received a Mother and Child Protection (MCP) card (%),95.4,96.8,False,False
Haryana,Palwal,Delivery Care (for births in the 5 years before the survey),35,Institutional births (%),88.5,78.3,False,False
Haryana,Palwal,Delivery Care (for births in the 5 years before the survey),36,Institutional births in public facility (%),45.4,46.5,False,False
Haryana,Palwal,Delivery Care (for births in the 5 years before the survey),37,Births attended by skilled health personnel5 (%),90.3,83.2,False,False
Haryana,Palwal,Delivery Care (for births in the 5 years before the survey),38,Births delivered by caesarean section (%),12.5,11.7,False,False
Haryana,Palwal,Delivery Care (for births in the 5 years before the survey),39,Births in a private health facility that were delivered by caesarean section (%),22.7,27.3,False,False
Haryana,Palwal,Delivery Care (for births in the 5 years before the survey),40,Births in a public health facility that were delivered by caesarean section (%),6.0,6.4,False,False
Haryana,Palwal,Postnatal Care (for last birth in the 5 years before the survey),41,Mothers who received postnatal care from a doctor/nurse/LHV/ANM/midwife/other health personnel within 2,88.2,82.7,False,False
Haryana,Palwal,Postnatal Care (for last birth in the 5 years before the survey),42,Children born at home who were taken to a health facility for a check-up within 24 hours of birth (%),3.1,0.0,True,False
Haryana,Palwal,Postnatal Care (for last birth in the 5 years before the survey),43,Children who received postnatal care from a doctor/nurse/LHV/ANM/midwife/other health personnel within 2,89.8,83.0,False,False
Haryana,Palwal,Child Vaccinations and Vitamin A Supplementation,44,Children age 12-23 months fully vaccinated based on information from either vaccination card or mother's,64.6,69.0,False,False
Haryana,Palwal,Child Vaccinations and Vitamin A Supplementation,45,Children age 12-23 months fully vaccinated based on information from vaccination card only7 (%),78.6,74.4,False,False
Haryana,Palwal,Child Vaccinations and Vitamin A Supplementation,46,Children age 12-23 months who have received any vaccine (%),87.7,95.1,False,False
Haryana,Palwal,Child Vaccinations and Vitamin A Supplementation,47,Children age 12-23 months who have received BCG (%),86.7,94.1,False,False
Haryana,Palwal,Child Vaccinations and Vitamin A Supplementation,48,Children age 12-23 months who have received 3 doses of polio vaccine8 (%),65.5,75.0,False,False
Haryana,Palwal,Child Vaccinations and Vitamin A Supplementation,49,Children age 12-23 months who have received 3 doses of pentavalent vaccine (%),74.6,82.2,False,False
Haryana,Palwal,Child Vaccinations and Vitamin A Supplementation,50,Children age 12-23 months who have received the first dose of measles-containing vaccine (MCV) (%),79.4,86.7,False,False
Haryana,Palwal,Child Vaccinations and Vitamin A Supplementation,51,Children age 24-35 months who have received a second dose of measles-containing vaccine (MCV) (%),57.5,37.1,False,False
Haryana,Palwal,Child Vaccinations and Vitamin A Supplementation,52,Children age 12-23 months who have received birth dose of hepatitis B vaccine (%),61.3,49.8,False,False
Haryana,Palwal,Child Vaccinations and Vitamin A Supplementation,53,Children age 12-23 months who have received 3 doses of rotavirus vaccine (%),75.6,71.5,False,False
Haryana,Palwal,Child Vaccinations and Vitamin A Supplementation,54,Children age 9-35 months who received a vitamin A dose in the last 6 months (%),58.7,57.4,False,False
Haryana,Palwal,Child Vaccinations and Vitamin A Supplementation,55,Children age 12-23 months who received most of their vaccinations in a public health facility (%),88.7,97.6,False,False
Haryana,Palwal,Child Vaccinations and Vitamin A Supplementation,56,Children age 12-23 months who received most of their vaccinations in a private health facility (%),5.1,1.2,False,False
Haryana,Palwal,Treatment of Childhood Diseases (children under age 5 years),57,Prevalence of diarrhoea in the 2 weeks preceding the survey (%),11.4,5.6,False,False
Haryana,Palwal,Treatment of Childhood Diseases (children under age 5 years),58,Prevalence of symptoms of acute respiratory infection (ARI) in the 2 weeks preceding the survey (%),0.0,2.1,False,False
Haryana,Palwal,Treatment of Childhood Diseases (children under age 5 years),59,Children with fever or symptoms of ARI in the 2 weeks preceding the survey taken to a health facility or,59.8,64.1,True,False
Haryana,Palwal,Child Feeding Practices and Nutritional Status of Children,60,Children under age 3 years breastfed within one hour of birth9 (%),36.7,36.9,False,False
Haryana,Palwal,Child Feeding Practices and Nutritional Status of Children,61,Children under age 6 months exclusively breastfed10 (%),35.5,60.3,True,False
Haryana,Palwal,Child Feeding Practices and Nutritional Status of Children,62,Children under age 6 months currently breastfeeding10 (%),95.0,93.7,True,False
Haryana,Palwal,Child Feeding Practices and Nutritional Status of Children,63,Children under age 6 months exclusively breastfed or breastfeeding and consuming plain water/other,91.2,77.7,True,False
Haryana,Palwal,Child Feeding Practices and Nutritional Status of Children,64,Children age 6-8 months receiving solid or semi-solid food and breastmilk10 (%),55.9,*,True,False
Haryana,Palwal,Child Feeding Practices and Nutritional Status of Children,65,"Breastfeeding children age 6-23 months receiving an adequate diet10, 11 (%)",7.2,20.5,False,False
Haryana,Palwal,Child Feeding Practices and Nutritional Status of Children,66,"Non-breastfeeding children age 6-23 months receiving an adequate diet10, 11 (%)",7.1,23.1,True,False
Haryana,Palwal,Child Feeding Practices and Nutritional Status of Children,67,"Total children age 6-23 months receiving an adequate diet10, 11 (%)",7.2,21.2,False,False
Haryana,Palwal,Child Feeding Practices and Nutritional Status of Children,68,Children under 5 years who are stunted (height-for-age)12 (%),28.0,31.0,False,False
Haryana,Palwal,Child Feeding Practices and Nutritional Status of Children,69,Children under 5 years who are wasted (weight-for-height)12 (%),22.3,9.9,False,False
Haryana,Palwal,Child Feeding Practices and Nutritional Status of Children,70,Children under 5 years who are severely wasted (weight-for-height)13 (%),5.4,4.2,False,False
Haryana,Palwal,Child Feeding Practices and Nutritional Status of Children,71,Children under 5 years who are underweight (weight-for-age)12 (%),34.3,21.0,False,False
Haryana,Palwal,Child Feeding Practices and Nutritional Status of Children,72,Children under 5 years who are overweight (weight-for-height)14 (%),1.5,3.7,False,False
Haryana,Palwal,Nutritional Status of Adults (age 15-49 years),73,Women whose Body Mass Index (BMI) is below normal (BMI <18.5 kg/m2)15 (%),21.6,15.8,False,False
Haryana,Palwal,Nutritional Status of Adults (age 15-49 years),74,Women who are overweight or obese (BMI ≥25.0 kg/m2)15 (%),30.7,27.4,False,False
Haryana,Palwal,Women,75,Blood sugar level - high (141-160 mg/dl)16 (%),7.3,3.1,False,False
Haryana,Palwal,Women,76,Blood sugar level - very high (>160 mg/dl)16 (%),7.1,4.5,False,False
Haryana,Palwal,Women,77,Blood sugar level - high or very high (>140 mg/dl) or taking medicine to control blood sugar level16 (%),14.8,8.6,False,False
Haryana,Palwal,Men,78,Blood sugar level - high (141-160 mg/dl)16 (%),9.1,5.3,False,False
Haryana,Palwal,Men,79,Blood sugar level - very high (>160 mg/dl)16 (%),9.8,5.3,False,False
Haryana,Palwal,Men,80,Blood sugar level - high or very high (>140 mg/dl) or taking medicine to control blood sugar level16 (%),19.5,11.1,False,False
Haryana,Palwal,Women,81,Mildly elevated blood pressure (Systolic 140-159 mm of Hg and/or Diastolic 90-99 mm of Hg) (%),6.1,14.0,False,False
Haryana,Palwal,Women,82,Moderately or severely elevated blood pressure (Systolic ≥160 mm of Hg and/or Diastolic ≥100 mm,2.7,6.2,False,False
Haryana,Palwal,Women,83,Elevated blood pressure (Systolic ≥140 mm of Hg and/or Diastolic ≥90 mm of Hg) or taking medicine to,13.9,21.9,False,False
Haryana,Palwal,Men,84,Mildly elevated blood pressure (Systolic 140-159 mm of Hg and/or Diastolic 90-99 mm of Hg) (%),8.4,16.5,False,False
Haryana,Palwal,Men,85,Moderately or severely elevated blood pressure (Systolic ≥160 mm of Hg and/or Diastolic ≥100 mm,3.3,5.9,False,False
Haryana,Palwal,Men,86,Elevated blood pressure (Systolic ≥140 mm of Hg and/or Diastolic ≥90 mm of Hg) or taking medicine to,13.2,23.2,False,False
Haryana,Palwal,Men,87,Women having a bank or savings account that they themselves use (%),77.4,54.9,False,False
Haryana,Palwal,Men,88,Women having a mobile phone that they themselves use (%),54.0,28.8,False,False
Haryana,Palwal,Men,89,Women age 15-24 years who use hygienic methods of protection during their menstrual period17 (%),88.2,91.4,False,False
Haryana,Palwal,Tobacco Use and Alcohol Consumption among Adults (age 15 years and above),90,Women age 15 years and above who use any kind of tobacco (%),5.0,7.0,False,False
Haryana,Palwal,Tobacco Use and Alcohol Consumption among Adults (age 15 years and above),91,Men age 15 years and above who use any kind of tobacco (%),31.4,30.9,False,False
Haryana,Palwal,Tobacco Use and Alcohol Consumption among Adults (age 15 years and above),92,Women age 15 years and above who consume alcohol (%),0.0,0.1,False,False
Haryana,Palwal,Tobacco Use and Alcohol Consumption among Adults (age 15 years and above),93,Men age 15 years and above who consume alcohol (%),13.6,13.3,False,False
Haryana,Panchkula,Population and Household Profile,1,Population below age 5 years (%),6.7,5.9,False,False
Haryana,Panchkula,Population and Household Profile,2,Population below age 15 years (%),23.2,23.1,False,False
Haryana,Panchkula,Population and Household Profile,3,Population age 60 years and above (%),13.4,13.9,False,False
Haryana,Panchkula,Population and Household Profile,4,Population living in households with electricity (%),99.3,99.5,False,False
Haryana,Panchkula,Population and Household Profile,5,Population living in households with an improved drinking-water source1 (%),99.4,99.2,False,False
Haryana,Panchkula,Population and Household Profile,6,Households using iodized salt (%),94.7,97.6,False,False
Haryana,Panchkula,Population and Household Profile,7,Households with any usual member covered under a health insurance/financing scheme (%),53.8,19.9,False,False
Haryana,Panchkula,Population and Household Profile,8,Households with any usual member having a bank account/post office account (%),97.7,95.9,False,False
Haryana,Panchkula,Population and Household Profile,9,Female population age 6 years and above who ever attended school (%),83.5,81.2,False,False
Haryana,Panchkula,Population and Household Profile,10,Households with any usual female members owning a house and/or land (alone or jointly with others) (%),17.6,7.6,False,False
Haryana,Panchkula,Population and Household Profile,11,Children age 2-4 years who attended pre-school (%),40.4,33.4,False,False
Haryana,Panchkula,Characteristics of Adults (age 15-49 years),12,Women with 10 or more years of schooling (%),64.4,60.3,False,False
Haryana,Panchkula,Characteristics of Adults (age 15-49 years),13,Men with 10 or more years of schooling (%),58.0,73.1,False,False
Haryana,Panchkula,Characteristics of Adults (age 15-49 years),14,Women who have ever used the internet (%),76.7,66.2,False,False
Haryana,Panchkula,Characteristics of Adults (age 15-49 years),15,Men who have ever used the internet (%),95.7,84.2,False,False
Haryana,Panchkula,Marriage and Fertility,16,Women age 20-24 years married before age 18 years (%),10.3,7.4,False,False
Haryana,Panchkula,Marriage and Fertility,17,Men age 25-29 years married before age 21 years (%),*,*,True,False
Haryana,Panchkula,Marriage and Fertility,18,Three or more births in the 5 years preceding the survey (%),1.2,1.8,False,False
Haryana,Panchkula,Marriage and Fertility,19,Women age 15-19 years who were already mothers or pregnant at the time of the survey (%),2.1,1.4,False,False
Haryana,Panchkula,Marriage and Fertility,20,Any method2 (%),72.7,76.6,False,False
Haryana,Panchkula,Marriage and Fertility,21,Any modern method2 (%),57.8,59.0,False,False
Haryana,Panchkula,Marriage and Fertility,22,Any traditional method (%),14.9,17.6,False,False
Haryana,Panchkula,Marriage and Fertility,23,Female sterilization (%),27.0,25.2,False,False
Haryana,Panchkula,Marriage and Fertility,24,Male sterilization (%),1.0,0.1,False,False
Haryana,Panchkula,Marriage and Fertility,25,Total unmet need3 (%),7.2,7.0,False,False
Haryana,Panchkula,Marriage and Fertility,26,Unmet need for spacing3 (%),2.3,2.2,False,False
Haryana,Panchkula,Marriage and Fertility,27,Unmet need for limiting3 (%),4.9,4.8,False,False
Haryana,Panchkula,Antenatal Care (for last birth in the 5 years before the survey),28,Mothers who had an antenatal check-up in the first trimester (%),85.9,82.6,False,False
Haryana,Panchkula,Antenatal Care (for last birth in the 5 years before the survey),29,Mothers who had any antenatal care visits (%),94.9,97.3,False,False
Haryana,Panchkula,Antenatal Care (for last birth in the 5 years before the survey),30,Mothers who had at least 4 antenatal care visits (%),80.8,76.9,False,False
Haryana,Panchkula,Antenatal Care (for last birth in the 5 years before the survey),31,Mothers whose last birth was protected against neonatal tetanus4 (%),86.0,90.3,False,False
Haryana,Panchkula,Antenatal Care (for last birth in the 5 years before the survey),32,Mothers who consumed iron folic acid for 100 days or more when they were pregnant (%),75.8,69.5,False,False
Haryana,Panchkula,Antenatal Care (for last birth in the 5 years before the survey),33,Mothers who consumed iron folic acid for 180 days or more when they were pregnant (%),62.4,55.0,False,False
Haryana,Panchkula,Antenatal Care (for last birth in the 5 years before the survey),34,Registered pregnancies for which the mother received a Mother and Child Protection (MCP) card (%),96.7,100.0,False,False
Haryana,Panchkula,Delivery Care (for births in the 5 years before the survey),35,Institutional births (%),97.5,97.0,False,False
Haryana,Panchkula,Delivery Care (for births in the 5 years before the survey),36,Institutional births in public facility (%),76.6,81.0,False,False
Haryana,Panchkula,Delivery Care (for births in the 5 years before the survey),37,Births attended by skilled health personnel5 (%),90.6,97.0,False,False
Haryana,Panchkula,Delivery Care (for births in the 5 years before the survey),38,Births delivered by caesarean section (%),35.8,32.7,False,False
Haryana,Panchkula,Delivery Care (for births in the 5 years before the survey),39,Births in a private health facility that were delivered by caesarean section (%),56.8,48.1,True,False
Haryana,Panchkula,Delivery Care (for births in the 5 years before the survey),40,Births in a public health facility that were delivered by caesarean section (%),31.2,30.8,False,False
Haryana,Panchkula,Postnatal Care (for last birth in the 5 years before the survey),41,Mothers who received postnatal care from a doctor/nurse/LHV/ANM/midwife/other health personnel within 2,97.4,95.3,False,False
Haryana,Panchkula,Postnatal Care (for last birth in the 5 years before the survey),42,Children born at home who were taken to a health facility for a check-up within 24 hours of birth (%),*,*,True,False
Haryana,Panchkula,Postnatal Care (for last birth in the 5 years before the survey),43,Children who received postnatal care from a doctor/nurse/LHV/ANM/midwife/other health personnel within 2,93.8,97.3,False,False
Haryana,Panchkula,Child Vaccinations and Vitamin A Supplementation,44,Children age 12-23 months fully vaccinated based on information from either vaccination card or mother's,77.8,85.1,True,False
Haryana,Panchkula,Child Vaccinations and Vitamin A Supplementation,45,Children age 12-23 months fully vaccinated based on information from vaccination card only7 (%),82.7,92.6,True,False
Haryana,Panchkula,Child Vaccinations and Vitamin A Supplementation,46,Children age 12-23 months who have received any vaccine (%),100.0,97.1,True,False
Haryana,Panchkula,Child Vaccinations and Vitamin A Supplementation,47,Children age 12-23 months who have received BCG (%),100.0,97.1,True,False
Haryana,Panchkula,Child Vaccinations and Vitamin A Supplementation,48,Children age 12-23 months who have received 3 doses of polio vaccine8 (%),81.5,85.1,True,False
Haryana,Panchkula,Child Vaccinations and Vitamin A Supplementation,49,Children age 12-23 months who have received 3 doses of pentavalent vaccine (%),90.1,97.1,True,False
Haryana,Panchkula,Child Vaccinations and Vitamin A Supplementation,50,Children age 12-23 months who have received the first dose of measles-containing vaccine (MCV) (%),100.0,97.1,True,False
Haryana,Panchkula,Child Vaccinations and Vitamin A Supplementation,51,Children age 24-35 months who have received a second dose of measles-containing vaccine (MCV) (%),91.4,81.3,True,False
Haryana,Panchkula,Child Vaccinations and Vitamin A Supplementation,52,Children age 12-23 months who have received birth dose of hepatitis B vaccine (%),90.8,91.1,True,False
Haryana,Panchkula,Child Vaccinations and Vitamin A Supplementation,53,Children age 12-23 months who have received 3 doses of rotavirus vaccine (%),90.0,88.7,True,False
Haryana,Panchkula,Child Vaccinations and Vitamin A Supplementation,54,Children age 9-35 months who received a vitamin A dose in the last 6 months (%),86.1,71.1,False,False
Haryana,Panchkula,Child Vaccinations and Vitamin A Supplementation,55,Children age 12-23 months who received most of their vaccinations in a public health facility (%),92.1,100.0,True,False
Haryana,Panchkula,Child Vaccinations and Vitamin A Supplementation,56,Children age 12-23 months who received most of their vaccinations in a private health facility (%),7.9,0.0,True,False
Haryana,Panchkula,Treatment of Childhood Diseases (children under age 5 years),57,Prevalence of diarrhoea in the 2 weeks preceding the survey (%),10.9,3.2,False,False
Haryana,Panchkula,Treatment of Childhood Diseases (children under age 5 years),58,Prevalence of symptoms of acute respiratory infection (ARI) in the 2 weeks preceding the survey (%),6.1,0.8,False,False
Haryana,Panchkula,Treatment of Childhood Diseases (children under age 5 years),59,Children with fever or symptoms of ARI in the 2 weeks preceding the survey taken to a health facility or,83.0,*,True,False
Haryana,Panchkula,Child Feeding Practices and Nutritional Status of Children,60,Children under age 3 years breastfed within one hour of birth9 (%),55.2,73.9,False,False
Haryana,Panchkula,Child Feeding Practices and Nutritional Status of Children,61,Children under age 6 months exclusively breastfed10 (%),45.0,*,True,False
Haryana,Panchkula,Child Feeding Practices and Nutritional Status of Children,62,Children under age 6 months currently breastfeeding10 (%),92.0,*,True,False
Haryana,Panchkula,Child Feeding Practices and Nutritional Status of Children,63,Children under age 6 months exclusively breastfed or breastfeeding and consuming plain water/other,64.2,*,True,False
Haryana,Panchkula,Child Feeding Practices and Nutritional Status of Children,64,Children age 6-8 months receiving solid or semi-solid food and breastmilk10 (%),*,*,True,False
Haryana,Panchkula,Child Feeding Practices and Nutritional Status of Children,65,"Breastfeeding children age 6-23 months receiving an adequate diet10, 11 (%)",7.9,11.1,True,False
Haryana,Panchkula,Child Feeding Practices and Nutritional Status of Children,66,"Non-breastfeeding children age 6-23 months receiving an adequate diet10, 11 (%)",*,*,True,False
Haryana,Panchkula,Child Feeding Practices and Nutritional Status of Children,67,"Total children age 6-23 months receiving an adequate diet10, 11 (%)",12.0,10.3,False,False
Haryana,Panchkula,Child Feeding Practices and Nutritional Status of Children,68,Children under 5 years who are stunted (height-for-age)12 (%),27.0,21.8,False,False
Haryana,Panchkula,Child Feeding Practices and Nutritional Status of Children,69,Children under 5 years who are wasted (weight-for-height)12 (%),12.0,12.0,False,False
Haryana,Panchkula,Child Feeding Practices and Nutritional Status of Children,70,Children under 5 years who are severely wasted (weight-for-height)13 (%),2.5,5.0,False,False
Haryana,Panchkula,Child Feeding Practices and Nutritional Status of Children,71,Children under 5 years who are underweight (weight-for-age)12 (%),23.4,19.3,False,False
Haryana,Panchkula,Child Feeding Practices and Nutritional Status of Children,72,Children under 5 years who are overweight (weight-for-height)14 (%),1.3,3.9,False,False
Haryana,Panchkula,Nutritional Status of Adults (age 15-49 years),73,Women whose Body Mass Index (BMI) is below normal (BMI <18.5 kg/m2)15 (%),13.2,14.1,False,False
Haryana,Panchkula,Nutritional Status of Adults (age 15-49 years),74,Women who are overweight or obese (BMI ≥25.0 kg/m2)15 (%),40.3,39.9,False,False
Haryana,Panchkula,Women,75,Blood sugar level - high (141-160 mg/dl)16 (%),6.9,6.2,False,False
Haryana,Panchkula,Women,76,Blood sugar level - very high (>160 mg/dl)16 (%),8.3,10.5,False,False
Haryana,Panchkula,Women,77,Blood sugar level - high or very high (>140 mg/dl) or taking medicine to control blood sugar level16 (%),18.3,17.4,False,False
Haryana,Panchkula,Men,78,Blood sugar level - high (141-160 mg/dl)16 (%),8.6,8.0,False,False
Haryana,Panchkula,Men,79,Blood sugar level - very high (>160 mg/dl)16 (%),12.6,9.0,False,False
Haryana,Panchkula,Men,80,Blood sugar level - high or very high (>140 mg/dl) or taking medicine to control blood sugar level16 (%),22.6,18.1,False,False
Haryana,Panchkula,Women,81,Mildly elevated blood pressure (Systolic 140-159 mm of Hg and/or Diastolic 90-99 mm of Hg) (%),11.5,14.4,False,False
Haryana,Panchkula,Women,82,Moderately or severely elevated blood pressure (Systolic ≥160 mm of Hg and/or Diastolic ≥100 mm,6.5,6.3,False,False
Haryana,Panchkula,Women,83,Elevated blood pressure (Systolic ≥140 mm of Hg and/or Diastolic ≥90 mm of Hg) or taking medicine to,26.0,24.3,False,False
Haryana,Panchkula,Men,84,Mildly elevated blood pressure (Systolic 140-159 mm of Hg and/or Diastolic 90-99 mm of Hg) (%),14.5,18.0,False,False
Haryana,Panchkula,Men,85,Moderately or severely elevated blood pressure (Systolic ≥160 mm of Hg and/or Diastolic ≥100 mm,8.7,7.0,False,False
Haryana,Panchkula,Men,86,Elevated blood pressure (Systolic ≥140 mm of Hg and/or Diastolic ≥90 mm of Hg) or taking medicine to,30.8,26.2,False,False
Haryana,Panchkula,Men,87,Women having a bank or savings account that they themselves use (%),83.1,92.9,False,False
Haryana,Panchkula,Men,88,Women having a mobile phone that they themselves use (%),76.5,70.3,False,False
Haryana,Panchkula,Men,89,Women age 15-24 years who use hygienic methods of protection during their menstrual period17 (%),95.8,96.2,False,False
Haryana,Panchkula,Tobacco Use and Alcohol Consumption among Adults (age 15 years and above),90,Women age 15 years and above who use any kind of tobacco (%),1.2,0.9,False,False
Haryana,Panchkula,Tobacco Use and Alcohol Consumption among Adults (age 15 years and above),91,Men age 15 years and above who use any kind of tobacco (%),21.9,19.5,False,False
Haryana,Panchkula,Tobacco Use and Alcohol Consumption among Adults (age 15 years and above),92,Women age 15 years and above who consume alcohol (%),0.3,0.3,False,False
Haryana,Panchkula,Tobacco Use and Alcohol Consumption among Adults (age 15 years and above),93,Men age 15 years and above who consume alcohol (%),20.1,20.0,False,False
Haryana,Panipat,Population and Household Profile,1,Population below age 5 years (%),9.1,8.0,False,False
Haryana,Panipat,Population and Household Profile,2,Population below age 15 years (%),26.0,26.0,False,False
Haryana,Panipat,Population and Household Profile,3,Population age 60 years and above (%),9.9,10.5,False,False
Haryana,Panipat,Population and Household Profile,4,Population living in households with electricity (%),99.9,99.6,False,False
Haryana,Panipat,Population and Household Profile,5,Population living in households with an improved drinking-water source1 (%),99.8,99.9,False,False
Haryana,Panipat,Population and Household Profile,6,Households using iodized salt (%),97.1,97.2,False,False
Haryana,Panipat,Population and Household Profile,7,Households with any usual member covered under a health insurance/financing scheme (%),72.5,26.5,False,False
Haryana,Panipat,Population and Household Profile,8,Households with any usual member having a bank account/post office account (%),98.9,97.0,False,False
Haryana,Panipat,Population and Household Profile,9,Female population age 6 years and above who ever attended school (%),78.5,78.3,False,False
Haryana,Panipat,Population and Household Profile,10,Households with any usual female members owning a house and/or land (alone or jointly with others) (%),14.1,12.1,False,False
Haryana,Panipat,Population and Household Profile,11,Children age 2-4 years who attended pre-school (%),53.6,36.7,False,False
Haryana,Panipat,Characteristics of Adults (age 15-49 years),12,Women with 10 or more years of schooling (%),54.0,52.1,False,False
Haryana,Panipat,Characteristics of Adults (age 15-49 years),13,Men with 10 or more years of schooling (%),70.3,63.4,False,False
Haryana,Panipat,Characteristics of Adults (age 15-49 years),14,Women who have ever used the internet (%),83.4,38.9,False,False
Haryana,Panipat,Characteristics of Adults (age 15-49 years),15,Men who have ever used the internet (%),86.5,74.5,False,False
Haryana,Panipat,Marriage and Fertility,16,Women age 20-24 years married before age 18 years (%),12.6,11.9,False,False
Haryana,Panipat,Marriage and Fertility,17,Men age 25-29 years married before age 21 years (%),14.3,*,True,False
Haryana,Panipat,Marriage and Fertility,18,Three or more births in the 5 years preceding the survey (%),5.1,1.6,False,False
Haryana,Panipat,Marriage and Fertility,19,Women age 15-19 years who were already mothers or pregnant at the time of the survey (%),5.1,5.7,False,False
Haryana,Panipat,Marriage and Fertility,20,Any method2 (%),75.0,70.1,False,False
Haryana,Panipat,Marriage and Fertility,21,Any modern method2 (%),50.7,55.4,False,False
Haryana,Panipat,Marriage and Fertility,22,Any traditional method (%),24.3,14.7,False,False
Haryana,Panipat,Marriage and Fertility,23,Female sterilization (%),21.1,22.8,False,False
Haryana,Panipat,Marriage and Fertility,24,Male sterilization (%),1.1,0.5,False,False
Haryana,Panipat,Marriage and Fertility,25,Total unmet need3 (%),5.9,7.3,False,False
Haryana,Panipat,Marriage and Fertility,26,Unmet need for spacing3 (%),2.4,2.8,False,False
Haryana,Panipat,Marriage and Fertility,27,Unmet need for limiting3 (%),3.5,4.5,False,False
Haryana,Panipat,Antenatal Care (for last birth in the 5 years before the survey),28,Mothers who had an antenatal check-up in the first trimester (%),88.5,81.4,False,False
Haryana,Panipat,Antenatal Care (for last birth in the 5 years before the survey),29,Mothers who had any antenatal care visits (%),99.6,95.6,False,False
Haryana,Panipat,Antenatal Care (for last birth in the 5 years before the survey),30,Mothers who had at least 4 antenatal care visits (%),86.0,49.2,False,False
Haryana,Panipat,Antenatal Care (for last birth in the 5 years before the survey),31,Mothers whose last birth was protected against neonatal tetanus4 (%),96.9,85.1,False,False
Haryana,Panipat,Antenatal Care (for last birth in the 5 years before the survey),32,Mothers who consumed iron folic acid for 100 days or more when they were pregnant (%),58.3,41.1,False,False
Haryana,Panipat,Antenatal Care (for last birth in the 5 years before the survey),33,Mothers who consumed iron folic acid for 180 days or more when they were pregnant (%),42.4,23.2,False,False
Haryana,Panipat,Antenatal Care (for last birth in the 5 years before the survey),34,Registered pregnancies for which the mother received a Mother and Child Protection (MCP) card (%),91.7,93.2,False,False
Haryana,Panipat,Delivery Care (for births in the 5 years before the survey),35,Institutional births (%),94.7,97.1,False,False
Haryana,Panipat,Delivery Care (for births in the 5 years before the survey),36,Institutional births in public facility (%),55.9,52.6,False,False
Haryana,Panipat,Delivery Care (for births in the 5 years before the survey),37,Births attended by skilled health personnel5 (%),95.1,96.3,False,False
Haryana,Panipat,Delivery Care (for births in the 5 years before the survey),38,Births delivered by caesarean section (%),22.0,20.3,False,False
Haryana,Panipat,Delivery Care (for births in the 5 years before the survey),39,Births in a private health facility that were delivered by caesarean section (%),42.7,32.4,False,False
Haryana,Panipat,Delivery Care (for births in the 5 years before the survey),40,Births in a public health facility that were delivered by caesarean section (%),9.7,11.3,False,False
Haryana,Panipat,Postnatal Care (for last birth in the 5 years before the survey),41,Mothers who received postnatal care from a doctor/nurse/LHV/ANM/midwife/other health personnel within 2,94.2,92.8,False,False
Haryana,Panipat,Postnatal Care (for last birth in the 5 years before the survey),42,Children born at home who were taken to a health facility for a check-up within 24 hours of birth (%),*,*,True,False
Haryana,Panipat,Postnatal Care (for last birth in the 5 years before the survey),43,Children who received postnatal care from a doctor/nurse/LHV/ANM/midwife/other health personnel within 2,95.3,93.2,False,False
Haryana,Panipat,Child Vaccinations and Vitamin A Supplementation,44,Children age 12-23 months fully vaccinated based on information from either vaccination card or mother's,85.8,80.6,False,False
Haryana,Panipat,Child Vaccinations and Vitamin A Supplementation,45,Children age 12-23 months fully vaccinated based on information from vaccination card only7 (%),92.3,79.4,False,False
Haryana,Panipat,Child Vaccinations and Vitamin A Supplementation,46,Children age 12-23 months who have received any vaccine (%),98.9,96.8,False,False
Haryana,Panipat,Child Vaccinations and Vitamin A Supplementation,47,Children age 12-23 months who have received BCG (%),98.9,96.8,False,False
Haryana,Panipat,Child Vaccinations and Vitamin A Supplementation,48,Children age 12-23 months who have received 3 doses of polio vaccine8 (%),85.8,82.1,False,False
Haryana,Panipat,Child Vaccinations and Vitamin A Supplementation,49,Children age 12-23 months who have received 3 doses of pentavalent vaccine (%),92.9,87.0,False,False
Haryana,Panipat,Child Vaccinations and Vitamin A Supplementation,50,Children age 12-23 months who have received the first dose of measles-containing vaccine (MCV) (%),92.9,90.5,False,False
Haryana,Panipat,Child Vaccinations and Vitamin A Supplementation,51,Children age 24-35 months who have received a second dose of measles-containing vaccine (MCV) (%),88.2,59.5,False,False
Haryana,Panipat,Child Vaccinations and Vitamin A Supplementation,52,Children age 12-23 months who have received birth dose of hepatitis B vaccine (%),86.6,64.9,False,False
Haryana,Panipat,Child Vaccinations and Vitamin A Supplementation,53,Children age 12-23 months who have received 3 doses of rotavirus vaccine (%),92.9,77.1,False,False
Haryana,Panipat,Child Vaccinations and Vitamin A Supplementation,54,Children age 9-35 months who received a vitamin A dose in the last 6 months (%),75.6,52.2,False,False
Haryana,Panipat,Child Vaccinations and Vitamin A Supplementation,55,Children age 12-23 months who received most of their vaccinations in a public health facility (%),96.7,96.6,False,False
Haryana,Panipat,Child Vaccinations and Vitamin A Supplementation,56,Children age 12-23 months who received most of their vaccinations in a private health facility (%),3.3,3.4,False,False
Haryana,Panipat,Treatment of Childhood Diseases (children under age 5 years),57,Prevalence of diarrhoea in the 2 weeks preceding the survey (%),11.4,8.2,False,False
Haryana,Panipat,Treatment of Childhood Diseases (children under age 5 years),58,Prevalence of symptoms of acute respiratory infection (ARI) in the 2 weeks preceding the survey (%),1.5,4.7,False,False
Haryana,Panipat,Treatment of Childhood Diseases (children under age 5 years),59,Children with fever or symptoms of ARI in the 2 weeks preceding the survey taken to a health facility or,78.6,73.8,False,False
Haryana,Panipat,Child Feeding Practices and Nutritional Status of Children,60,Children under age 3 years breastfed within one hour of birth9 (%),30.5,30.0,False,False
Haryana,Panipat,Child Feeding Practices and Nutritional Status of Children,61,Children under age 6 months exclusively breastfed10 (%),15.1,63.3,True,False
Haryana,Panipat,Child Feeding Practices and Nutritional Status of Children,62,Children under age 6 months currently breastfeeding10 (%),93.7,93.9,True,False
Haryana,Panipat,Child Feeding Practices and Nutritional Status of Children,63,Children under age 6 months exclusively breastfed or breastfeeding and consuming plain water/other,75.8,83.4,True,False
Haryana,Panipat,Child Feeding Practices and Nutritional Status of Children,64,Children age 6-8 months receiving solid or semi-solid food and breastmilk10 (%),*,*,True,False
Haryana,Panipat,Child Feeding Practices and Nutritional Status of Children,65,"Breastfeeding children age 6-23 months receiving an adequate diet10, 11 (%)",22.8,9.1,False,False
Haryana,Panipat,Child Feeding Practices and Nutritional Status of Children,66,"Non-breastfeeding children age 6-23 months receiving an adequate diet10, 11 (%)",23.7,*,True,False
Haryana,Panipat,Child Feeding Practices and Nutritional Status of Children,67,"Total children age 6-23 months receiving an adequate diet10, 11 (%)",23.1,10.3,False,False
Haryana,Panipat,Child Feeding Practices and Nutritional Status of Children,68,Children under 5 years who are stunted (height-for-age)12 (%),28.4,25.1,False,False
Haryana,Panipat,Child Feeding Practices and Nutritional Status of Children,69,Children under 5 years who are wasted (weight-for-height)12 (%),20.0,9.9,False,False
Haryana,Panipat,Child Feeding Practices and Nutritional Status of Children,70,Children under 5 years who are severely wasted (weight-for-height)13 (%),3.9,2.8,False,False
Haryana,Panipat,Child Feeding Practices and Nutritional Status of Children,71,Children under 5 years who are underweight (weight-for-age)12 (%),33.1,18.9,False,False
Haryana,Panipat,Child Feeding Practices and Nutritional Status of Children,72,Children under 5 years who are overweight (weight-for-height)14 (%),0.7,2.4,False,False
Haryana,Panipat,Nutritional Status of Adults (age 15-49 years),73,Women whose Body Mass Index (BMI) is below normal (BMI <18.5 kg/m2)15 (%),15.4,13.7,False,False
Haryana,Panipat,Nutritional Status of Adults (age 15-49 years),74,Women who are overweight or obese (BMI ≥25.0 kg/m2)15 (%),38.1,37.8,False,False
Haryana,Panipat,Women,75,Blood sugar level - high (141-160 mg/dl)16 (%),9.1,4.9,False,False
Haryana,Panipat,Women,76,Blood sugar level - very high (>160 mg/dl)16 (%),8.1,5.8,False,False
Haryana,Panipat,Women,77,Blood sugar level - high or very high (>140 mg/dl) or taking medicine to control blood sugar level16 (%),17.8,12.0,False,False
Haryana,Panipat,Men,78,Blood sugar level - high (141-160 mg/dl)16 (%),9.8,5.1,False,False
Haryana,Panipat,Men,79,Blood sugar level - very high (>160 mg/dl)16 (%),10.3,8.3,False,False
Haryana,Panipat,Men,80,Blood sugar level - high or very high (>140 mg/dl) or taking medicine to control blood sugar level16 (%),20.6,14.0,False,False
Haryana,Panipat,Women,81,Mildly elevated blood pressure (Systolic 140-159 mm of Hg and/or Diastolic 90-99 mm of Hg) (%),7.1,11.3,False,False
Haryana,Panipat,Women,82,Moderately or severely elevated blood pressure (Systolic ≥160 mm of Hg and/or Diastolic ≥100 mm,3.8,4.1,False,False
Haryana,Panipat,Women,83,Elevated blood pressure (Systolic ≥140 mm of Hg and/or Diastolic ≥90 mm of Hg) or taking medicine to,14.5,21.6,False,False
Haryana,Panipat,Men,84,Mildly elevated blood pressure (Systolic 140-159 mm of Hg and/or Diastolic 90-99 mm of Hg) (%),10.4,15.0,False,False
Haryana,Panipat,Men,85,Moderately or severely elevated blood pressure (Systolic ≥160 mm of Hg and/or Diastolic ≥100 mm,5.1,8.4,False,False
Haryana,Panipat,Men,86,Elevated blood pressure (Systolic ≥140 mm of Hg and/or Diastolic ≥90 mm of Hg) or taking medicine to,17.7,25.6,False,False
Haryana,Panipat,Men,87,Women having a bank or savings account that they themselves use (%),85.5,69.5,False,False
Haryana,Panipat,Men,88,Women having a mobile phone that they themselves use (%),65.2,43.2,False,False
Haryana,Panipat,Men,89,Women age 15-24 years who use hygienic methods of protection during their menstrual period17 (%),92.7,94.0,False,False
Haryana,Panipat,Tobacco Use and Alcohol Consumption among Adults (age 15 years and above),90,Women age 15 years and above who use any kind of tobacco (%),2.2,4.6,False,False
Haryana,Panipat,Tobacco Use and Alcohol Consumption among Adults (age 15 years and above),91,Men age 15 years and above who use any kind of tobacco (%),25.0,27.3,False,False
Haryana,Panipat,Tobacco Use and Alcohol Consumption among Adults (age 15 years and above),92,Women age 15 years and above who consume alcohol (%),0.3,0.5,False,False
Haryana,Panipat,Tobacco Use and Alcohol Consumption among Adults (age 15 years and above),93,Men age 15 years and above who consume alcohol (%),16.5,17.6,False,False
Haryana,Rewari,Population and Household Profile,1,Population below age 5 years (%),7.3,6.6,False,False
Haryana,Rewari,Population and Household Profile,2,Population below age 15 years (%),23.2,22.6,False,False
Haryana,Rewari,Population and Household Profile,3,Population age 60 years and above (%),13.4,12.9,False,False
Haryana,Rewari,Population and Household Profile,4,Population living in households with electricity (%),99.8,100.0,False,False
Haryana,Rewari,Population and Household Profile,5,Population living in households with an improved drinking-water source1 (%),99.4,99.7,False,False
Haryana,Rewari,Population and Household Profile,6,Households using iodized salt (%),98.6,97.7,False,False
Haryana,Rewari,Population and Household Profile,7,Households with any usual member covered under a health insurance/financing scheme (%),75.2,25.3,False,False
Haryana,Rewari,Population and Household Profile,8,Households with any usual member having a bank account/post office account (%),99.4,97.2,False,False
Haryana,Rewari,Population and Household Profile,9,Female population age 6 years and above who ever attended school (%),79.0,74.6,False,False
Haryana,Rewari,Population and Household Profile,10,Households with any usual female members owning a house and/or land (alone or jointly with others) (%),16.3,6.7,False,False
Haryana,Rewari,Population and Household Profile,11,Children age 2-4 years who attended pre-school (%),61.3,24.1,False,False
Haryana,Rewari,Characteristics of Adults (age 15-49 years),12,Women with 10 or more years of schooling (%),66.6,58.7,False,False
Haryana,Rewari,Characteristics of Adults (age 15-49 years),13,Men with 10 or more years of schooling (%),76.4,69.7,False,False
Haryana,Rewari,Characteristics of Adults (age 15-49 years),14,Women who have ever used the internet (%),82.9,50.1,False,False
Haryana,Rewari,Characteristics of Adults (age 15-49 years),15,Men who have ever used the internet (%),92.8,76.5,False,False
Haryana,Rewari,Marriage and Fertility,16,Women age 20-24 years married before age 18 years (%),8.8,5.8,False,False
Haryana,Rewari,Marriage and Fertility,17,Men age 25-29 years married before age 21 years (%),*,*,True,False
Haryana,Rewari,Marriage and Fertility,18,Three or more births in the 5 years preceding the survey (%),0.9,0.4,False,False
Haryana,Rewari,Marriage and Fertility,19,Women age 15-19 years who were already mothers or pregnant at the time of the survey (%),3.1,4.7,False,False
Haryana,Rewari,Marriage and Fertility,20,Any method2 (%),80.9,70.6,False,False
Haryana,Rewari,Marriage and Fertility,21,Any modern method2 (%),58.0,64.4,False,False
Haryana,Rewari,Marriage and Fertility,22,Any traditional method (%),22.9,6.2,False,False
Haryana,Rewari,Marriage and Fertility,23,Female sterilization (%),36.7,37.7,False,False
Haryana,Rewari,Marriage and Fertility,24,Male sterilization (%),3.1,1.2,False,False
Haryana,Rewari,Marriage and Fertility,25,Total unmet need3 (%),4.8,8.5,False,False
Haryana,Rewari,Marriage and Fertility,26,Unmet need for spacing3 (%),2.3,4.2,False,False
Haryana,Rewari,Marriage and Fertility,27,Unmet need for limiting3 (%),2.5,4.3,False,False
Haryana,Rewari,Antenatal Care (for last birth in the 5 years before the survey),28,Mothers who had an antenatal check-up in the first trimester (%),91.8,85.7,False,False
Haryana,Rewari,Antenatal Care (for last birth in the 5 years before the survey),29,Mothers who had any antenatal care visits (%),100.0,98.7,False,False
Haryana,Rewari,Antenatal Care (for last birth in the 5 years before the survey),30,Mothers who had at least 4 antenatal care visits (%),83.7,63.8,False,False
Haryana,Rewari,Antenatal Care (for last birth in the 5 years before the survey),31,Mothers whose last birth was protected against neonatal tetanus4 (%),94.9,94.4,False,False
Haryana,Rewari,Antenatal Care (for last birth in the 5 years before the survey),32,Mothers who consumed iron folic acid for 100 days or more when they were pregnant (%),71.5,45.8,False,False
Haryana,Rewari,Antenatal Care (for last birth in the 5 years before the survey),33,Mothers who consumed iron folic acid for 180 days or more when they were pregnant (%),56.8,29.1,False,False
Haryana,Rewari,Antenatal Care (for last birth in the 5 years before the survey),34,Registered pregnancies for which the mother received a Mother and Child Protection (MCP) card (%),99.7,99.4,False,False
Haryana,Rewari,Delivery Care (for births in the 5 years before the survey),35,Institutional births (%),98.2,98.7,False,False
Haryana,Rewari,Delivery Care (for births in the 5 years before the survey),36,Institutional births in public facility (%),45.5,53.9,False,False
Haryana,Rewari,Delivery Care (for births in the 5 years before the survey),37,Births attended by skilled health personnel5 (%),97.9,98.3,False,False
Haryana,Rewari,Delivery Care (for births in the 5 years before the survey),38,Births delivered by caesarean section (%),32.7,26.0,False,False
Haryana,Rewari,Delivery Care (for births in the 5 years before the survey),39,Births in a private health facility that were delivered by caesarean section (%),42.1,44.1,False,False
Haryana,Rewari,Delivery Care (for births in the 5 years before the survey),40,Births in a public health facility that were delivered by caesarean section (%),23.2,11.5,False,False
Haryana,Rewari,Postnatal Care (for last birth in the 5 years before the survey),41,Mothers who received postnatal care from a doctor/nurse/LHV/ANM/midwife/other health personnel within 2,97.1,90.5,False,False
Haryana,Rewari,Postnatal Care (for last birth in the 5 years before the survey),42,Children born at home who were taken to a health facility for a check-up within 24 hours of birth (%),*,*,True,False
Haryana,Rewari,Postnatal Care (for last birth in the 5 years before the survey),43,Children who received postnatal care from a doctor/nurse/LHV/ANM/midwife/other health personnel within 2,98.6,89.7,False,False
Haryana,Rewari,Child Vaccinations and Vitamin A Supplementation,44,Children age 12-23 months fully vaccinated based on information from either vaccination card or mother's,84.7,79.3,False,False
Haryana,Rewari,Child Vaccinations and Vitamin A Supplementation,45,Children age 12-23 months fully vaccinated based on information from vaccination card only7 (%),88.0,83.6,True,False
Haryana,Rewari,Child Vaccinations and Vitamin A Supplementation,46,Children age 12-23 months who have received any vaccine (%),96.1,94.2,False,False
Haryana,Rewari,Child Vaccinations and Vitamin A Supplementation,47,Children age 12-23 months who have received BCG (%),96.1,92.6,False,False
Haryana,Rewari,Child Vaccinations and Vitamin A Supplementation,48,Children age 12-23 months who have received 3 doses of polio vaccine8 (%),84.7,83.5,False,False
Haryana,Rewari,Child Vaccinations and Vitamin A Supplementation,49,Children age 12-23 months who have received 3 doses of pentavalent vaccine (%),88.6,90.2,False,False
Haryana,Rewari,Child Vaccinations and Vitamin A Supplementation,50,Children age 12-23 months who have received the first dose of measles-containing vaccine (MCV) (%),90.6,90.2,False,False
Haryana,Rewari,Child Vaccinations and Vitamin A Supplementation,51,Children age 24-35 months who have received a second dose of measles-containing vaccine (MCV) (%),68.1,52.6,True,False
Haryana,Rewari,Child Vaccinations and Vitamin A Supplementation,52,Children age 12-23 months who have received birth dose of hepatitis B vaccine (%),96.1,79.0,False,False
Haryana,Rewari,Child Vaccinations and Vitamin A Supplementation,53,Children age 12-23 months who have received 3 doses of rotavirus vaccine (%),88.6,78.5,False,False
Haryana,Rewari,Child Vaccinations and Vitamin A Supplementation,54,Children age 9-35 months who received a vitamin A dose in the last 6 months (%),63.8,83.2,False,False
Haryana,Rewari,Child Vaccinations and Vitamin A Supplementation,55,Children age 12-23 months who received most of their vaccinations in a public health facility (%),100.0,93.5,False,False
Haryana,Rewari,Child Vaccinations and Vitamin A Supplementation,56,Children age 12-23 months who received most of their vaccinations in a private health facility (%),0.0,3.3,False,False
Haryana,Rewari,Treatment of Childhood Diseases (children under age 5 years),57,Prevalence of diarrhoea in the 2 weeks preceding the survey (%),11.9,2.7,False,False
Haryana,Rewari,Treatment of Childhood Diseases (children under age 5 years),58,Prevalence of symptoms of acute respiratory infection (ARI) in the 2 weeks preceding the survey (%),0.7,0.0,False,False
Haryana,Rewari,Treatment of Childhood Diseases (children under age 5 years),59,Children with fever or symptoms of ARI in the 2 weeks preceding the survey taken to a health facility or,63.6,*,True,False
Haryana,Rewari,Child Feeding Practices and Nutritional Status of Children,60,Children under age 3 years breastfed within one hour of birth9 (%),40.9,47.4,False,False
Haryana,Rewari,Child Feeding Practices and Nutritional Status of Children,61,Children under age 6 months exclusively breastfed10 (%),64.1,80.6,True,False
Haryana,Rewari,Child Feeding Practices and Nutritional Status of Children,62,Children under age 6 months currently breastfeeding10 (%),100.0,93.4,True,False
Haryana,Rewari,Child Feeding Practices and Nutritional Status of Children,63,Children under age 6 months exclusively breastfed or breastfeeding and consuming plain water/other,100.0,89.5,True,False
Haryana,Rewari,Child Feeding Practices and Nutritional Status of Children,64,Children age 6-8 months receiving solid or semi-solid food and breastmilk10 (%),*,*,True,False
Haryana,Rewari,Child Feeding Practices and Nutritional Status of Children,65,"Breastfeeding children age 6-23 months receiving an adequate diet10, 11 (%)",17.1,5.5,False,False
Haryana,Rewari,Child Feeding Practices and Nutritional Status of Children,66,"Non-breastfeeding children age 6-23 months receiving an adequate diet10, 11 (%)",*,*,True,False
Haryana,Rewari,Child Feeding Practices and Nutritional Status of Children,67,"Total children age 6-23 months receiving an adequate diet10, 11 (%)",18.7,6.1,False,False
Haryana,Rewari,Child Feeding Practices and Nutritional Status of Children,68,Children under 5 years who are stunted (height-for-age)12 (%),24.1,25.9,False,False
Haryana,Rewari,Child Feeding Practices and Nutritional Status of Children,69,Children under 5 years who are wasted (weight-for-height)12 (%),14.4,9.3,False,False
Haryana,Rewari,Child Feeding Practices and Nutritional Status of Children,70,Children under 5 years who are severely wasted (weight-for-height)13 (%),2.9,4.2,False,False
Haryana,Rewari,Child Feeding Practices and Nutritional Status of Children,71,Children under 5 years who are underweight (weight-for-age)12 (%),22.3,20.5,False,False
Haryana,Rewari,Child Feeding Practices and Nutritional Status of Children,72,Children under 5 years who are overweight (weight-for-height)14 (%),2.1,5.4,False,False
Haryana,Rewari,Nutritional Status of Adults (age 15-49 years),73,Women whose Body Mass Index (BMI) is below normal (BMI <18.5 kg/m2)15 (%),18.0,11.7,False,False
Haryana,Rewari,Nutritional Status of Adults (age 15-49 years),74,Women who are overweight or obese (BMI ≥25.0 kg/m2)15 (%),36.0,28.3,False,False
Haryana,Rewari,Women,75,Blood sugar level - high (141-160 mg/dl)16 (%),7.6,4.0,False,False
Haryana,Rewari,Women,76,Blood sugar level - very high (>160 mg/dl)16 (%),8.2,3.8,False,False
Haryana,Rewari,Women,77,Blood sugar level - high or very high (>140 mg/dl) or taking medicine to control blood sugar level16 (%),16.5,8.2,False,False
Haryana,Rewari,Men,78,Blood sugar level - high (141-160 mg/dl)16 (%),7.6,5.2,False,False
Haryana,Rewari,Men,79,Blood sugar level - very high (>160 mg/dl)16 (%),10.3,4.9,False,False
Haryana,Rewari,Men,80,Blood sugar level - high or very high (>140 mg/dl) or taking medicine to control blood sugar level16 (%),18.7,10.9,False,False
Haryana,Rewari,Women,81,Mildly elevated blood pressure (Systolic 140-159 mm of Hg and/or Diastolic 90-99 mm of Hg) (%),8.7,15.7,False,False
Haryana,Rewari,Women,82,Moderately or severely elevated blood pressure (Systolic ≥160 mm of Hg and/or Diastolic ≥100 mm,5.2,6.8,False,False
Haryana,Rewari,Women,83,Elevated blood pressure (Systolic ≥140 mm of Hg and/or Diastolic ≥90 mm of Hg) or taking medicine to,16.8,24.1,False,False
Haryana,Rewari,Men,84,Mildly elevated blood pressure (Systolic 140-159 mm of Hg and/or Diastolic 90-99 mm of Hg) (%),13.4,16.9,False,False
Haryana,Rewari,Men,85,Moderately or severely elevated blood pressure (Systolic ≥160 mm of Hg and/or Diastolic ≥100 mm,7.3,9.0,False,False
Haryana,Rewari,Men,86,Elevated blood pressure (Systolic ≥140 mm of Hg and/or Diastolic ≥90 mm of Hg) or taking medicine to,22.8,26.5,False,False
Haryana,Rewari,Men,87,Women having a bank or savings account that they themselves use (%),87.1,80.8,False,False
Haryana,Rewari,Men,88,Women having a mobile phone that they themselves use (%),71.6,55.9,False,False
Haryana,Rewari,Men,89,Women age 15-24 years who use hygienic methods of protection during their menstrual period17 (%),95.5,94.8,False,False
Haryana,Rewari,Tobacco Use and Alcohol Consumption among Adults (age 15 years and above),90,Women age 15 years and above who use any kind of tobacco (%),3.8,4.4,False,False
Haryana,Rewari,Tobacco Use and Alcohol Consumption among Adults (age 15 years and above),91,Men age 15 years and above who use any kind of tobacco (%),28.5,33.5,False,False
Haryana,Rewari,Tobacco Use and Alcohol Consumption among Adults (age 15 years and above),92,Women age 15 years and above who consume alcohol (%),0.3,0.3,False,False
Haryana,Rewari,Tobacco Use and Alcohol Consumption among Adults (age 15 years and above),93,Men age 15 years and above who consume alcohol (%),16.5,19.1,False,False
Haryana,Rohtak,Population and Household Profile,1,Population below age 5 years (%),7.1,7.5,False,False
Haryana,Rohtak,Population and Household Profile,2,Population below age 15 years (%),23.7,23.7,False,False
Haryana,Rohtak,Population and Household Profile,3,Population age 60 years and above (%),13.0,13.2,False,False
Haryana,Rohtak,Population and Household Profile,4,Population living in households with electricity (%),99.6,99.7,False,False
Haryana,Rohtak,Population and Household Profile,5,Population living in households with an improved drinking-water source1 (%),98.7,98.5,False,False
Haryana,Rohtak,Population and Household Profile,6,Households using iodized salt (%),97.2,95.0,False,False
Haryana,Rohtak,Population and Household Profile,7,Households with any usual member covered under a health insurance/financing scheme (%),65.7,24.8,False,False
Haryana,Rohtak,Population and Household Profile,8,Households with any usual member having a bank account/post office account (%),98.7,97.6,False,False
Haryana,Rohtak,Population and Household Profile,9,Female population age 6 years and above who ever attended school (%),81.4,79.6,False,False
Haryana,Rohtak,Population and Household Profile,10,Households with any usual female members owning a house and/or land (alone or jointly with others) (%),16.5,14.4,False,False
Haryana,Rohtak,Population and Household Profile,11,Children age 2-4 years who attended pre-school (%),61.9,30.4,False,False
Haryana,Rohtak,Characteristics of Adults (age 15-49 years),12,Women with 10 or more years of schooling (%),63.4,55.9,False,False
Haryana,Rohtak,Characteristics of Adults (age 15-49 years),13,Men with 10 or more years of schooling (%),63.2,68.9,False,False
Haryana,Rohtak,Characteristics of Adults (age 15-49 years),14,Women who have ever used the internet (%),85.3,68.5,False,False
Haryana,Rohtak,Characteristics of Adults (age 15-49 years),15,Men who have ever used the internet (%),80.6,78.1,False,False
Haryana,Rohtak,Marriage and Fertility,16,Women age 20-24 years married before age 18 years (%),10.3,12.4,False,False
Haryana,Rohtak,Marriage and Fertility,17,Men age 25-29 years married before age 21 years (%),*,16.4,True,False
Haryana,Rohtak,Marriage and Fertility,18,Three or more births in the 5 years preceding the survey (%),1.4,1.9,False,False
Haryana,Rohtak,Marriage and Fertility,19,Women age 15-19 years who were already mothers or pregnant at the time of the survey (%),3.3,1.7,False,False
Haryana,Rohtak,Marriage and Fertility,20,Any method2 (%),77.6,74.4,False,False
Haryana,Rohtak,Marriage and Fertility,21,Any modern method2 (%),56.0,63.0,False,False
Haryana,Rohtak,Marriage and Fertility,22,Any traditional method (%),21.6,11.4,False,False
Haryana,Rohtak,Marriage and Fertility,23,Female sterilization (%),29.2,34.2,False,False
Haryana,Rohtak,Marriage and Fertility,24,Male sterilization (%),0.5,0.4,False,False
Haryana,Rohtak,Marriage and Fertility,25,Total unmet need3 (%),6.6,8.5,False,False
Haryana,Rohtak,Marriage and Fertility,26,Unmet need for spacing3 (%),2.7,3.7,False,False
Haryana,Rohtak,Marriage and Fertility,27,Unmet need for limiting3 (%),3.9,4.8,False,False
Haryana,Rohtak,Antenatal Care (for last birth in the 5 years before the survey),28,Mothers who had an antenatal check-up in the first trimester (%),82.1,86.4,False,False
Haryana,Rohtak,Antenatal Care (for last birth in the 5 years before the survey),29,Mothers who had any antenatal care visits (%),100.0,96.4,False,False
Haryana,Rohtak,Antenatal Care (for last birth in the 5 years before the survey),30,Mothers who had at least 4 antenatal care visits (%),83.5,72.3,False,False
Haryana,Rohtak,Antenatal Care (for last birth in the 5 years before the survey),31,Mothers whose last birth was protected against neonatal tetanus4 (%),95.2,96.9,False,False
Haryana,Rohtak,Antenatal Care (for last birth in the 5 years before the survey),32,Mothers who consumed iron folic acid for 100 days or more when they were pregnant (%),77.8,56.4,False,False
Haryana,Rohtak,Antenatal Care (for last birth in the 5 years before the survey),33,Mothers who consumed iron folic acid for 180 days or more when they were pregnant (%),57.1,34.5,False,False
Haryana,Rohtak,Antenatal Care (for last birth in the 5 years before the survey),34,Registered pregnancies for which the mother received a Mother and Child Protection (MCP) card (%),98.5,96.8,False,False
Haryana,Rohtak,Delivery Care (for births in the 5 years before the survey),35,Institutional births (%),99.3,97.4,False,False
Haryana,Rohtak,Delivery Care (for births in the 5 years before the survey),36,Institutional births in public facility (%),55.2,62.1,False,False
Haryana,Rohtak,Delivery Care (for births in the 5 years before the survey),37,Births attended by skilled health personnel5 (%),99.3,96.7,False,False
Haryana,Rohtak,Delivery Care (for births in the 5 years before the survey),38,Births delivered by caesarean section (%),24.2,19.9,False,False
Haryana,Rohtak,Delivery Care (for births in the 5 years before the survey),39,Births in a private health facility that were delivered by caesarean section (%),36.2,37.1,False,False
Haryana,Rohtak,Delivery Care (for births in the 5 years before the survey),40,Births in a public health facility that were delivered by caesarean section (%),14.9,10.8,False,False
Haryana,Rohtak,Postnatal Care (for last birth in the 5 years before the survey),41,Mothers who received postnatal care from a doctor/nurse/LHV/ANM/midwife/other health personnel within 2,96.3,96.2,False,False
Haryana,Rohtak,Postnatal Care (for last birth in the 5 years before the survey),42,Children born at home who were taken to a health facility for a check-up within 24 hours of birth (%),*,*,True,False
Haryana,Rohtak,Postnatal Care (for last birth in the 5 years before the survey),43,Children who received postnatal care from a doctor/nurse/LHV/ANM/midwife/other health personnel within 2,96.6,96.1,False,False
Haryana,Rohtak,Child Vaccinations and Vitamin A Supplementation,44,Children age 12-23 months fully vaccinated based on information from either vaccination card or mother's,87.5,77.4,True,False
Haryana,Rohtak,Child Vaccinations and Vitamin A Supplementation,45,Children age 12-23 months fully vaccinated based on information from vaccination card only7 (%),82.6,88.1,True,False
Haryana,Rohtak,Child Vaccinations and Vitamin A Supplementation,46,Children age 12-23 months who have received any vaccine (%),94.3,91.7,True,False
Haryana,Rohtak,Child Vaccinations and Vitamin A Supplementation,47,Children age 12-23 months who have received BCG (%),94.3,88.2,True,False
Haryana,Rohtak,Child Vaccinations and Vitamin A Supplementation,48,Children age 12-23 months who have received 3 doses of polio vaccine8 (%),87.5,84.7,True,False
Haryana,Rohtak,Child Vaccinations and Vitamin A Supplementation,49,Children age 12-23 months who have received 3 doses of pentavalent vaccine (%),92.0,84.4,True,False
Haryana,Rohtak,Child Vaccinations and Vitamin A Supplementation,50,Children age 12-23 months who have received the first dose of measles-containing vaccine (MCV) (%),94.3,83.1,True,False
Haryana,Rohtak,Child Vaccinations and Vitamin A Supplementation,51,Children age 24-35 months who have received a second dose of measles-containing vaccine (MCV) (%),65.3,54.8,True,False
Haryana,Rohtak,Child Vaccinations and Vitamin A Supplementation,52,Children age 12-23 months who have received birth dose of hepatitis B vaccine (%),85.6,59.8,True,False
Haryana,Rohtak,Child Vaccinations and Vitamin A Supplementation,53,Children age 12-23 months who have received 3 doses of rotavirus vaccine (%),89.8,78.1,True,False
Haryana,Rohtak,Child Vaccinations and Vitamin A Supplementation,54,Children age 9-35 months who received a vitamin A dose in the last 6 months (%),78.4,71.4,False,False
Haryana,Rohtak,Child Vaccinations and Vitamin A Supplementation,55,Children age 12-23 months who received most of their vaccinations in a public health facility (%),100.0,96.5,True,False
Haryana,Rohtak,Child Vaccinations and Vitamin A Supplementation,56,Children age 12-23 months who received most of their vaccinations in a private health facility (%),0.0,3.5,True,False
Haryana,Rohtak,Treatment of Childhood Diseases (children under age 5 years),57,Prevalence of diarrhoea in the 2 weeks preceding the survey (%),7.1,3.8,False,False
Haryana,Rohtak,Treatment of Childhood Diseases (children under age 5 years),58,Prevalence of symptoms of acute respiratory infection (ARI) in the 2 weeks preceding the survey (%),0.7,1.9,False,False
Haryana,Rohtak,Treatment of Childhood Diseases (children under age 5 years),59,Children with fever or symptoms of ARI in the 2 weeks preceding the survey taken to a health facility or,*,*,True,False
Haryana,Rohtak,Child Feeding Practices and Nutritional Status of Children,60,Children under age 3 years breastfed within one hour of birth9 (%),41.5,49.2,False,False
Haryana,Rohtak,Child Feeding Practices and Nutritional Status of Children,61,Children under age 6 months exclusively breastfed10 (%),43.2,93.8,True,False
Haryana,Rohtak,Child Feeding Practices and Nutritional Status of Children,62,Children under age 6 months currently breastfeeding10 (%),100.0,100.0,True,False
Haryana,Rohtak,Child Feeding Practices and Nutritional Status of Children,63,Children under age 6 months exclusively breastfed or breastfeeding and consuming plain water/other,87.3,100.0,True,False
Haryana,Rohtak,Child Feeding Practices and Nutritional Status of Children,64,Children age 6-8 months receiving solid or semi-solid food and breastmilk10 (%),75.3,*,True,False
Haryana,Rohtak,Child Feeding Practices and Nutritional Status of Children,65,"Breastfeeding children age 6-23 months receiving an adequate diet10, 11 (%)",18.9,7.1,False,False
Haryana,Rohtak,Child Feeding Practices and Nutritional Status of Children,66,"Non-breastfeeding children age 6-23 months receiving an adequate diet10, 11 (%)",*,*,True,False
Haryana,Rohtak,Child Feeding Practices and Nutritional Status of Children,67,"Total children age 6-23 months receiving an adequate diet10, 11 (%)",15.4,6.0,False,False
Haryana,Rohtak,Child Feeding Practices and Nutritional Status of Children,68,Children under 5 years who are stunted (height-for-age)12 (%),22.3,28.9,False,False
Haryana,Rohtak,Child Feeding Practices and Nutritional Status of Children,69,Children under 5 years who are wasted (weight-for-height)12 (%),12.8,12.5,False,False
Haryana,Rohtak,Child Feeding Practices and Nutritional Status of Children,70,Children under 5 years who are severely wasted (weight-for-height)13 (%),4.3,2.9,False,False
Haryana,Rohtak,Child Feeding Practices and Nutritional Status of Children,71,Children under 5 years who are underweight (weight-for-age)12 (%),24.3,22.1,False,False
Haryana,Rohtak,Child Feeding Practices and Nutritional Status of Children,72,Children under 5 years who are overweight (weight-for-height)14 (%),1.1,4.1,False,False
Haryana,Rohtak,Nutritional Status of Adults (age 15-49 years),73,Women whose Body Mass Index (BMI) is below normal (BMI <18.5 kg/m2)15 (%),14.6,15.9,False,False
Haryana,Rohtak,Nutritional Status of Adults (age 15-49 years),74,Women who are overweight or obese (BMI ≥25.0 kg/m2)15 (%),41.5,35.9,False,False
Haryana,Rohtak,Women,75,Blood sugar level - high (141-160 mg/dl)16 (%),9.8,6.6,False,False
Haryana,Rohtak,Women,76,Blood sugar level - very high (>160 mg/dl)16 (%),11.4,5.8,False,False
Haryana,Rohtak,Women,77,Blood sugar level - high or very high (>140 mg/dl) or taking medicine to control blood sugar level16 (%),22.5,14.3,False,False
Haryana,Rohtak,Men,78,Blood sugar level - high (141-160 mg/dl)16 (%),10.1,7.0,False,False
Haryana,Rohtak,Men,79,Blood sugar level - very high (>160 mg/dl)16 (%),10.4,6.6,False,False
Haryana,Rohtak,Men,80,Blood sugar level - high or very high (>140 mg/dl) or taking medicine to control blood sugar level16 (%),21.2,14.8,False,False
Haryana,Rohtak,Women,81,Mildly elevated blood pressure (Systolic 140-159 mm of Hg and/or Diastolic 90-99 mm of Hg) (%),7.8,10.3,False,False
Haryana,Rohtak,Women,82,Moderately or severely elevated blood pressure (Systolic ≥160 mm of Hg and/or Diastolic ≥100 mm,3.4,5.6,False,False
Haryana,Rohtak,Women,83,Elevated blood pressure (Systolic ≥140 mm of Hg and/or Diastolic ≥90 mm of Hg) or taking medicine to,16.3,20.7,False,False
Haryana,Rohtak,Men,84,Mildly elevated blood pressure (Systolic 140-159 mm of Hg and/or Diastolic 90-99 mm of Hg) (%),11.1,15.8,False,False
Haryana,Rohtak,Men,85,Moderately or severely elevated blood pressure (Systolic ≥160 mm of Hg and/or Diastolic ≥100 mm,3.9,6.5,False,False
Haryana,Rohtak,Men,86,Elevated blood pressure (Systolic ≥140 mm of Hg and/or Diastolic ≥90 mm of Hg) or taking medicine to,17.7,24.5,False,False
Haryana,Rohtak,Men,87,Women having a bank or savings account that they themselves use (%),87.1,82.6,False,False
Haryana,Rohtak,Men,88,Women having a mobile phone that they themselves use (%),71.4,72.2,False,False
Haryana,Rohtak,Men,89,Women age 15-24 years who use hygienic methods of protection during their menstrual period17 (%),98.0,98.3,False,False
Haryana,Rohtak,Tobacco Use and Alcohol Consumption among Adults (age 15 years and above),90,Women age 15 years and above who use any kind of tobacco (%),1.5,2.8,False,False
Haryana,Rohtak,Tobacco Use and Alcohol Consumption among Adults (age 15 years and above),91,Men age 15 years and above who use any kind of tobacco (%),31.5,30.5,False,False
Haryana,Rohtak,Tobacco Use and Alcohol Consumption among Adults (age 15 years and above),92,Women age 15 years and above who consume alcohol (%),0.2,0.3,False,False
Haryana,Rohtak,Tobacco Use and Alcohol Consumption among Adults (age 15 years and above),93,Men age 15 years and above who consume alcohol (%),15.8,17.6,False,False
Haryana,Sirsa,Population and Household Profile,1,Population below age 5 years (%),7.0,6.8,False,False
Haryana,Sirsa,Population and Household Profile,2,Population below age 15 years (%),22.0,22.6,False,False
Haryana,Sirsa,Population and Household Profile,3,Population age 60 years and above (%),13.2,13.9,False,False
Haryana,Sirsa,Population and Household Profile,4,Population living in households with electricity (%),99.4,99.9,False,False
Haryana,Sirsa,Population and Household Profile,5,Population living in households with an improved drinking-water source1 (%),98.1,99.3,False,False
Haryana,Sirsa,Population and Household Profile,6,Households using iodized salt (%),93.8,95.7,False,False
Haryana,Sirsa,Population and Household Profile,7,Households with any usual member covered under a health insurance/financing scheme (%),72.1,26.6,False,False
Haryana,Sirsa,Population and Household Profile,8,Households with any usual member having a bank account/post office account (%),98.6,98.5,False,False
Haryana,Sirsa,Population and Household Profile,9,Female population age 6 years and above who ever attended school (%),69.0,68.3,False,False
Haryana,Sirsa,Population and Household Profile,10,Households with any usual female members owning a house and/or land (alone or jointly with others) (%),15.6,6.2,False,False
Haryana,Sirsa,Population and Household Profile,11,Children age 2-4 years who attended pre-school (%),55.4,28.3,False,False
Haryana,Sirsa,Characteristics of Adults (age 15-49 years),12,Women with 10 or more years of schooling (%),47.0,44.7,False,False
Haryana,Sirsa,Characteristics of Adults (age 15-49 years),13,Men with 10 or more years of schooling (%),52.5,48.6,True,False
Haryana,Sirsa,Characteristics of Adults (age 15-49 years),14,Women who have ever used the internet (%),67.2,52.9,True,False
Haryana,Sirsa,Characteristics of Adults (age 15-49 years),15,Men who have ever used the internet (%),90.3,48.6,True,False
Haryana,Sirsa,Marriage and Fertility,16,Women age 20-24 years married before age 18 years (%),13.5,8.9,False,False
Haryana,Sirsa,Marriage and Fertility,17,Men age 25-29 years married before age 21 years (%),13.3,*,True,False
Haryana,Sirsa,Marriage and Fertility,18,Three or more births in the 5 years preceding the survey (%),2.6,1.5,False,False
Haryana,Sirsa,Marriage and Fertility,19,Women age 15-19 years who were already mothers or pregnant at the time of the survey (%),6.6,5.6,False,False
Haryana,Sirsa,Marriage and Fertility,20,Any method2 (%),81.9,74.0,False,False
Haryana,Sirsa,Marriage and Fertility,21,Any modern method2 (%),64.0,64.2,False,False
Haryana,Sirsa,Marriage and Fertility,22,Any traditional method (%),17.9,9.8,False,False
Haryana,Sirsa,Marriage and Fertility,23,Female sterilization (%),38.3,40.4,False,False
Haryana,Sirsa,Marriage and Fertility,24,Male sterilization (%),0.3,0.0,False,False
Haryana,Sirsa,Marriage and Fertility,25,Total unmet need3 (%),2.7,8.3,False,False
Haryana,Sirsa,Marriage and Fertility,26,Unmet need for spacing3 (%),1.3,4.2,False,False
Haryana,Sirsa,Marriage and Fertility,27,Unmet need for limiting3 (%),1.4,4.1,False,False
Haryana,Sirsa,Antenatal Care (for last birth in the 5 years before the survey),28,Mothers who had an antenatal check-up in the first trimester (%),90.9,93.9,False,False
Haryana,Sirsa,Antenatal Care (for last birth in the 5 years before the survey),29,Mothers who had any antenatal care visits (%),97.1,100.0,False,False
Haryana,Sirsa,Antenatal Care (for last birth in the 5 years before the survey),30,Mothers who had at least 4 antenatal care visits (%),81.8,61.9,False,False
Haryana,Sirsa,Antenatal Care (for last birth in the 5 years before the survey),31,Mothers whose last birth was protected against neonatal tetanus4 (%),94.7,96.6,False,False
Haryana,Sirsa,Antenatal Care (for last birth in the 5 years before the survey),32,Mothers who consumed iron folic acid for 100 days or more when they were pregnant (%),70.4,44.2,False,False
Haryana,Sirsa,Antenatal Care (for last birth in the 5 years before the survey),33,Mothers who consumed iron folic acid for 180 days or more when they were pregnant (%),51.1,29.7,False,False
Haryana,Sirsa,Antenatal Care (for last birth in the 5 years before the survey),34,Registered pregnancies for which the mother received a Mother and Child Protection (MCP) card (%),97.7,100.0,False,False
Haryana,Sirsa,Delivery Care (for births in the 5 years before the survey),35,Institutional births (%),99.7,99.3,False,False
Haryana,Sirsa,Delivery Care (for births in the 5 years before the survey),36,Institutional births in public facility (%),59.9,67.3,False,False
Haryana,Sirsa,Delivery Care (for births in the 5 years before the survey),37,Births attended by skilled health personnel5 (%),99.7,99.3,False,False
Haryana,Sirsa,Delivery Care (for births in the 5 years before the survey),38,Births delivered by caesarean section (%),33.7,27.2,False,False
Haryana,Sirsa,Delivery Care (for births in the 5 years before the survey),39,Births in a private health facility that were delivered by caesarean section (%),56.6,53.8,True,False
Haryana,Sirsa,Delivery Care (for births in the 5 years before the survey),40,Births in a public health facility that were delivered by caesarean section (%),18.7,14.8,False,False
Haryana,Sirsa,Postnatal Care (for last birth in the 5 years before the survey),41,Mothers who received postnatal care from a doctor/nurse/LHV/ANM/midwife/other health personnel within 2,96.8,97.4,False,False
Haryana,Sirsa,Postnatal Care (for last birth in the 5 years before the survey),42,Children born at home who were taken to a health facility for a check-up within 24 hours of birth (%),*,*,True,False
Haryana,Sirsa,Postnatal Care (for last birth in the 5 years before the survey),43,Children who received postnatal care from a doctor/nurse/LHV/ANM/midwife/other health personnel within 2,96.4,98.4,False,False
Haryana,Sirsa,Child Vaccinations and Vitamin A Supplementation,44,Children age 12-23 months fully vaccinated based on information from either vaccination card or mother's,83.4,*,True,False
Haryana,Sirsa,Child Vaccinations and Vitamin A Supplementation,45,Children age 12-23 months fully vaccinated based on information from vaccination card only7 (%),89.8,*,True,False
Haryana,Sirsa,Child Vaccinations and Vitamin A Supplementation,46,Children age 12-23 months who have received any vaccine (%),96.4,*,True,False
Haryana,Sirsa,Child Vaccinations and Vitamin A Supplementation,47,Children age 12-23 months who have received BCG (%),94.5,*,True,False
Haryana,Sirsa,Child Vaccinations and Vitamin A Supplementation,48,Children age 12-23 months who have received 3 doses of polio vaccine8 (%),85.3,*,True,False
Haryana,Sirsa,Child Vaccinations and Vitamin A Supplementation,49,Children age 12-23 months who have received 3 doses of pentavalent vaccine (%),91.3,*,True,False
Haryana,Sirsa,Child Vaccinations and Vitamin A Supplementation,50,Children age 12-23 months who have received the first dose of measles-containing vaccine (MCV) (%),92.9,*,True,False
Haryana,Sirsa,Child Vaccinations and Vitamin A Supplementation,51,Children age 24-35 months who have received a second dose of measles-containing vaccine (MCV) (%),74.8,*,True,False
Haryana,Sirsa,Child Vaccinations and Vitamin A Supplementation,52,Children age 12-23 months who have received birth dose of hepatitis B vaccine (%),84.2,*,True,False
Haryana,Sirsa,Child Vaccinations and Vitamin A Supplementation,53,Children age 12-23 months who have received 3 doses of rotavirus vaccine (%),83.2,*,True,False
Haryana,Sirsa,Child Vaccinations and Vitamin A Supplementation,54,Children age 9-35 months who received a vitamin A dose in the last 6 months (%),79.9,73.4,False,False
Haryana,Sirsa,Child Vaccinations and Vitamin A Supplementation,55,Children age 12-23 months who received most of their vaccinations in a public health facility (%),98.0,*,True,False
Haryana,Sirsa,Child Vaccinations and Vitamin A Supplementation,56,Children age 12-23 months who received most of their vaccinations in a private health facility (%),0.0,*,True,False
Haryana,Sirsa,Treatment of Childhood Diseases (children under age 5 years),57,Prevalence of diarrhoea in the 2 weeks preceding the survey (%),11.6,5.2,False,False
Haryana,Sirsa,Treatment of Childhood Diseases (children under age 5 years),58,Prevalence of symptoms of acute respiratory infection (ARI) in the 2 weeks preceding the survey (%),1.1,0.9,False,False
Haryana,Sirsa,Treatment of Childhood Diseases (children under age 5 years),59,Children with fever or symptoms of ARI in the 2 weeks preceding the survey taken to a health facility or,75.8,*,True,False
Haryana,Sirsa,Child Feeding Practices and Nutritional Status of Children,60,Children under age 3 years breastfed within one hour of birth9 (%),39.3,39.9,False,False
Haryana,Sirsa,Child Feeding Practices and Nutritional Status of Children,61,Children under age 6 months exclusively breastfed10 (%),*,*,True,False
Haryana,Sirsa,Child Feeding Practices and Nutritional Status of Children,62,Children under age 6 months currently breastfeeding10 (%),*,*,True,False
Haryana,Sirsa,Child Feeding Practices and Nutritional Status of Children,63,Children under age 6 months exclusively breastfed or breastfeeding and consuming plain water/other,*,*,True,False
Haryana,Sirsa,Child Feeding Practices and Nutritional Status of Children,64,Children age 6-8 months receiving solid or semi-solid food and breastmilk10 (%),*,*,True,False
Haryana,Sirsa,Child Feeding Practices and Nutritional Status of Children,65,"Breastfeeding children age 6-23 months receiving an adequate diet10, 11 (%)",11.7,6.8,True,False
Haryana,Sirsa,Child Feeding Practices and Nutritional Status of Children,66,"Non-breastfeeding children age 6-23 months receiving an adequate diet10, 11 (%)",*,*,True,False
Haryana,Sirsa,Child Feeding Practices and Nutritional Status of Children,67,"Total children age 6-23 months receiving an adequate diet10, 11 (%)",15.6,9.1,True,False
Haryana,Sirsa,Child Feeding Practices and Nutritional Status of Children,68,Children under 5 years who are stunted (height-for-age)12 (%),21.2,25.0,False,False
Haryana,Sirsa,Child Feeding Practices and Nutritional Status of Children,69,Children under 5 years who are wasted (weight-for-height)12 (%),15.3,12.6,False,False
Haryana,Sirsa,Child Feeding Practices and Nutritional Status of Children,70,Children under 5 years who are severely wasted (weight-for-height)13 (%),3.5,5.1,False,False
Haryana,Sirsa,Child Feeding Practices and Nutritional Status of Children,71,Children under 5 years who are underweight (weight-for-age)12 (%),30.7,23.4,False,False
Haryana,Sirsa,Child Feeding Practices and Nutritional Status of Children,72,Children under 5 years who are overweight (weight-for-height)14 (%),1.5,0.7,False,False
Haryana,Sirsa,Nutritional Status of Adults (age 15-49 years),73,Women whose Body Mass Index (BMI) is below normal (BMI <18.5 kg/m2)15 (%),17.6,20.8,False,False
Haryana,Sirsa,Nutritional Status of Adults (age 15-49 years),74,Women who are overweight or obese (BMI ≥25.0 kg/m2)15 (%),35.8,29.3,False,False
Haryana,Sirsa,Women,75,Blood sugar level - high (141-160 mg/dl)16 (%),8.4,6.2,False,False
Haryana,Sirsa,Women,76,Blood sugar level - very high (>160 mg/dl)16 (%),7.6,8.6,False,False
Haryana,Sirsa,Women,77,Blood sugar level - high or very high (>140 mg/dl) or taking medicine to control blood sugar level16 (%),16.6,15.4,False,False
Haryana,Sirsa,Men,78,Blood sugar level - high (141-160 mg/dl)16 (%),9.3,10.3,False,False
Haryana,Sirsa,Men,79,Blood sugar level - very high (>160 mg/dl)16 (%),8.4,12.5,False,False
Haryana,Sirsa,Men,80,Blood sugar level - high or very high (>140 mg/dl) or taking medicine to control blood sugar level16 (%),18.3,23.6,False,False
Haryana,Sirsa,Women,81,Mildly elevated blood pressure (Systolic 140-159 mm of Hg and/or Diastolic 90-99 mm of Hg) (%),7.9,10.4,False,False
Haryana,Sirsa,Women,82,Moderately or severely elevated blood pressure (Systolic ≥160 mm of Hg and/or Diastolic ≥100 mm,5.1,5.1,False,False
Haryana,Sirsa,Women,83,Elevated blood pressure (Systolic ≥140 mm of Hg and/or Diastolic ≥90 mm of Hg) or taking medicine to,17.7,19.9,False,False
Haryana,Sirsa,Men,84,Mildly elevated blood pressure (Systolic 140-159 mm of Hg and/or Diastolic 90-99 mm of Hg) (%),11.8,15.9,False,False
Haryana,Sirsa,Men,85,Moderately or severely elevated blood pressure (Systolic ≥160 mm of Hg and/or Diastolic ≥100 mm,6.2,8.5,False,False
Haryana,Sirsa,Men,86,Elevated blood pressure (Systolic ≥140 mm of Hg and/or Diastolic ≥90 mm of Hg) or taking medicine to,20.5,26.8,False,False
Haryana,Sirsa,Men,87,Women having a bank or savings account that they themselves use (%),89.1,87.3,True,False
Haryana,Sirsa,Men,88,Women having a mobile phone that they themselves use (%),59.1,50.2,True,False
Haryana,Sirsa,Men,89,Women age 15-24 years who use hygienic methods of protection during their menstrual period17 (%),93.1,95.3,False,False
Haryana,Sirsa,Tobacco Use and Alcohol Consumption among Adults (age 15 years and above),90,Women age 15 years and above who use any kind of tobacco (%),0.9,1.1,False,False
Haryana,Sirsa,Tobacco Use and Alcohol Consumption among Adults (age 15 years and above),91,Men age 15 years and above who use any kind of tobacco (%),23.1,21.7,False,False
Haryana,Sirsa,Tobacco Use and Alcohol Consumption among Adults (age 15 years and above),92,Women age 15 years and above who consume alcohol (%),0.1,0.3,False,False
Haryana,Sirsa,Tobacco Use and Alcohol Consumption among Adults (age 15 years and above),93,Men age 15 years and above who consume alcohol (%),18.5,12.9,False,False
Haryana,Sonipat,Population and Household Profile,1,Population below age 5 years (%),7.8,7.2,False,False
Haryana,Sonipat,Population and Household Profile,2,Population below age 15 years (%),23.7,23.5,False,False
Haryana,Sonipat,Population and Household Profile,3,Population age 60 years and above (%),12.2,12.5,False,False
Haryana,Sonipat,Population and Household Profile,4,Population living in households with electricity (%),100.0,99.3,False,False
Haryana,Sonipat,Population and Household Profile,5,Population living in households with an improved drinking-water source1 (%),99.5,97.2,False,False
Haryana,Sonipat,Population and Household Profile,6,Households using iodized salt (%),94.4,96.6,False,False
Haryana,Sonipat,Population and Household Profile,7,Households with any usual member covered under a health insurance/financing scheme (%),64.7,22.4,False,False
Haryana,Sonipat,Population and Household Profile,8,Households with any usual member having a bank account/post office account (%),95.2,95.4,False,False
Haryana,Sonipat,Population and Household Profile,9,Female population age 6 years and above who ever attended school (%),76.0,78.9,False,False
Haryana,Sonipat,Population and Household Profile,10,Households with any usual female members owning a house and/or land (alone or jointly with others) (%),17.3,11.2,False,False
Haryana,Sonipat,Population and Household Profile,11,Children age 2-4 years who attended pre-school (%),52.0,46.1,False,False
Haryana,Sonipat,Characteristics of Adults (age 15-49 years),12,Women with 10 or more years of schooling (%),60.0,56.8,False,False
Haryana,Sonipat,Characteristics of Adults (age 15-49 years),13,Men with 10 or more years of schooling (%),70.7,70.6,False,False
Haryana,Sonipat,Characteristics of Adults (age 15-49 years),14,Women who have ever used the internet (%),67.0,59.3,False,False
Haryana,Sonipat,Characteristics of Adults (age 15-49 years),15,Men who have ever used the internet (%),85.4,77.6,False,False
Haryana,Sonipat,Marriage and Fertility,16,Women age 20-24 years married before age 18 years (%),8.9,15.5,False,False
Haryana,Sonipat,Marriage and Fertility,17,Men age 25-29 years married before age 21 years (%),13.4,*,True,False
Haryana,Sonipat,Marriage and Fertility,18,Three or more births in the 5 years preceding the survey (%),1.2,3.2,False,False
Haryana,Sonipat,Marriage and Fertility,19,Women age 15-19 years who were already mothers or pregnant at the time of the survey (%),4.1,2.9,False,False
Haryana,Sonipat,Marriage and Fertility,20,Any method2 (%),73.9,78.7,False,False
Haryana,Sonipat,Marriage and Fertility,21,Any modern method2 (%),50.6,59.9,False,False
Haryana,Sonipat,Marriage and Fertility,22,Any traditional method (%),23.3,18.8,False,False
Haryana,Sonipat,Marriage and Fertility,23,Female sterilization (%),26.3,30.0,False,False
Haryana,Sonipat,Marriage and Fertility,24,Male sterilization (%),0.8,1.0,False,False
Haryana,Sonipat,Marriage and Fertility,25,Total unmet need3 (%),5.5,4.8,False,False
Haryana,Sonipat,Marriage and Fertility,26,Unmet need for spacing3 (%),3.1,1.4,False,False
Haryana,Sonipat,Marriage and Fertility,27,Unmet need for limiting3 (%),2.4,3.4,False,False
Haryana,Sonipat,Antenatal Care (for last birth in the 5 years before the survey),28,Mothers who had an antenatal check-up in the first trimester (%),90.5,85.8,False,False
Haryana,Sonipat,Antenatal Care (for last birth in the 5 years before the survey),29,Mothers who had any antenatal care visits (%),98.3,99.3,False,False
Haryana,Sonipat,Antenatal Care (for last birth in the 5 years before the survey),30,Mothers who had at least 4 antenatal care visits (%),84.2,64.1,False,False
Haryana,Sonipat,Antenatal Care (for last birth in the 5 years before the survey),31,Mothers whose last birth was protected against neonatal tetanus4 (%),90.2,90.6,False,False
Haryana,Sonipat,Antenatal Care (for last birth in the 5 years before the survey),32,Mothers who consumed iron folic acid for 100 days or more when they were pregnant (%),69.7,48.9,False,False
Haryana,Sonipat,Antenatal Care (for last birth in the 5 years before the survey),33,Mothers who consumed iron folic acid for 180 days or more when they were pregnant (%),50.1,32.2,False,False
Haryana,Sonipat,Antenatal Care (for last birth in the 5 years before the survey),34,Registered pregnancies for which the mother received a Mother and Child Protection (MCP) card (%),98.8,96.4,False,False
Haryana,Sonipat,Delivery Care (for births in the 5 years before the survey),35,Institutional births (%),100.0,99.7,False,False
Haryana,Sonipat,Delivery Care (for births in the 5 years before the survey),36,Institutional births in public facility (%),59.1,62.4,False,False
Haryana,Sonipat,Delivery Care (for births in the 5 years before the survey),37,Births attended by skilled health personnel5 (%),100.0,90.2,False,False
Haryana,Sonipat,Delivery Care (for births in the 5 years before the survey),38,Births delivered by caesarean section (%),22.4,16.7,False,False
Haryana,Sonipat,Delivery Care (for births in the 5 years before the survey),39,Births in a private health facility that were delivered by caesarean section (%),31.8,30.8,False,False
Haryana,Sonipat,Delivery Care (for births in the 5 years before the survey),40,Births in a public health facility that were delivered by caesarean section (%),16.0,8.3,False,False
Haryana,Sonipat,Postnatal Care (for last birth in the 5 years before the survey),41,Mothers who received postnatal care from a doctor/nurse/LHV/ANM/midwife/other health personnel within 2,98.1,94.5,False,False
Haryana,Sonipat,Postnatal Care (for last birth in the 5 years before the survey),42,Children born at home who were taken to a health facility for a check-up within 24 hours of birth (%),*,*,True,False
Haryana,Sonipat,Postnatal Care (for last birth in the 5 years before the survey),43,Children who received postnatal care from a doctor/nurse/LHV/ANM/midwife/other health personnel within 2,98.3,92.5,False,False
Haryana,Sonipat,Child Vaccinations and Vitamin A Supplementation,44,Children age 12-23 months fully vaccinated based on information from either vaccination card or mother's,86.8,83.0,True,False
Haryana,Sonipat,Child Vaccinations and Vitamin A Supplementation,45,Children age 12-23 months fully vaccinated based on information from vaccination card only7 (%),90.0,77.4,True,False
Haryana,Sonipat,Child Vaccinations and Vitamin A Supplementation,46,Children age 12-23 months who have received any vaccine (%),98.9,92.4,True,False
Haryana,Sonipat,Child Vaccinations and Vitamin A Supplementation,47,Children age 12-23 months who have received BCG (%),98.9,92.4,True,False
Haryana,Sonipat,Child Vaccinations and Vitamin A Supplementation,48,Children age 12-23 months who have received 3 doses of polio vaccine8 (%),86.8,83.0,True,False
Haryana,Sonipat,Child Vaccinations and Vitamin A Supplementation,49,Children age 12-23 months who have received 3 doses of pentavalent vaccine (%),90.6,90.1,True,False
Haryana,Sonipat,Child Vaccinations and Vitamin A Supplementation,50,Children age 12-23 months who have received the first dose of measles-containing vaccine (MCV) (%),95.9,90.1,True,False
Haryana,Sonipat,Child Vaccinations and Vitamin A Supplementation,51,Children age 24-35 months who have received a second dose of measles-containing vaccine (MCV) (%),86.5,43.4,False,False
Haryana,Sonipat,Child Vaccinations and Vitamin A Supplementation,52,Children age 12-23 months who have received birth dose of hepatitis B vaccine (%),95.1,53.7,True,False
Haryana,Sonipat,Child Vaccinations and Vitamin A Supplementation,53,Children age 12-23 months who have received 3 doses of rotavirus vaccine (%),90.6,83.0,True,False
Haryana,Sonipat,Child Vaccinations and Vitamin A Supplementation,54,Children age 9-35 months who received a vitamin A dose in the last 6 months (%),73.0,54.0,False,False
Haryana,Sonipat,Child Vaccinations and Vitamin A Supplementation,55,Children age 12-23 months who received most of their vaccinations in a public health facility (%),95.3,100.0,True,False
Haryana,Sonipat,Child Vaccinations and Vitamin A Supplementation,56,Children age 12-23 months who received most of their vaccinations in a private health facility (%),2.0,0.0,True,False
Haryana,Sonipat,Treatment of Childhood Diseases (children under age 5 years),57,Prevalence of diarrhoea in the 2 weeks preceding the survey (%),8.1,4.3,False,False
Haryana,Sonipat,Treatment of Childhood Diseases (children under age 5 years),58,Prevalence of symptoms of acute respiratory infection (ARI) in the 2 weeks preceding the survey (%),0.3,4.0,False,False
Haryana,Sonipat,Treatment of Childhood Diseases (children under age 5 years),59,Children with fever or symptoms of ARI in the 2 weeks preceding the survey taken to a health facility or,72.7,81.7,True,False
Haryana,Sonipat,Child Feeding Practices and Nutritional Status of Children,60,Children under age 3 years breastfed within one hour of birth9 (%),36.2,33.9,False,False
Haryana,Sonipat,Child Feeding Practices and Nutritional Status of Children,61,Children under age 6 months exclusively breastfed10 (%),19.7,75.6,True,False
Haryana,Sonipat,Child Feeding Practices and Nutritional Status of Children,62,Children under age 6 months currently breastfeeding10 (%),86.3,97.1,True,False
Haryana,Sonipat,Child Feeding Practices and Nutritional Status of Children,63,Children under age 6 months exclusively breastfed or breastfeeding and consuming plain water/other,57.1,82.1,True,False
Haryana,Sonipat,Child Feeding Practices and Nutritional Status of Children,64,Children age 6-8 months receiving solid or semi-solid food and breastmilk10 (%),*,*,True,False
Haryana,Sonipat,Child Feeding Practices and Nutritional Status of Children,65,"Breastfeeding children age 6-23 months receiving an adequate diet10, 11 (%)",25.7,5.0,False,False
Haryana,Sonipat,Child Feeding Practices and Nutritional Status of Children,66,"Non-breastfeeding children age 6-23 months receiving an adequate diet10, 11 (%)",*,*,True,False
Haryana,Sonipat,Child Feeding Practices and Nutritional Status of Children,67,"Total children age 6-23 months receiving an adequate diet10, 11 (%)",21.5,5.1,False,False
Haryana,Sonipat,Child Feeding Practices and Nutritional Status of Children,68,Children under 5 years who are stunted (height-for-age)12 (%),18.8,23.6,False,False
Haryana,Sonipat,Child Feeding Practices and Nutritional Status of Children,69,Children under 5 years who are wasted (weight-for-height)12 (%),16.6,9.2,False,False
Haryana,Sonipat,Child Feeding Practices and Nutritional Status of Children,70,Children under 5 years who are severely wasted (weight-for-height)13 (%),4.4,5.1,False,False
Haryana,Sonipat,Child Feeding Practices and Nutritional Status of Children,71,Children under 5 years who are underweight (weight-for-age)12 (%),24.6,12.7,False,False
Haryana,Sonipat,Child Feeding Practices and Nutritional Status of Children,72,Children under 5 years who are overweight (weight-for-height)14 (%),1.9,3.6,False,False
Haryana,Sonipat,Nutritional Status of Adults (age 15-49 years),73,Women whose Body Mass Index (BMI) is below normal (BMI <18.5 kg/m2)15 (%),14.0,13.2,False,False
Haryana,Sonipat,Nutritional Status of Adults (age 15-49 years),74,Women who are overweight or obese (BMI ≥25.0 kg/m2)15 (%),43.2,39.3,False,False
Haryana,Sonipat,Women,75,Blood sugar level - high (141-160 mg/dl)16 (%),7.1,6.2,False,False
Haryana,Sonipat,Women,76,Blood sugar level - very high (>160 mg/dl)16 (%),9.4,6.4,False,False
Haryana,Sonipat,Women,77,Blood sugar level - high or very high (>140 mg/dl) or taking medicine to control blood sugar level16 (%),17.3,13.4,False,False
Haryana,Sonipat,Men,78,Blood sugar level - high (141-160 mg/dl)16 (%),10.0,6.5,False,False
Haryana,Sonipat,Men,79,Blood sugar level - very high (>160 mg/dl)16 (%),9.7,4.9,False,False
Haryana,Sonipat,Men,80,Blood sugar level - high or very high (>140 mg/dl) or taking medicine to control blood sugar level16 (%),20.1,12.1,False,False
Haryana,Sonipat,Women,81,Mildly elevated blood pressure (Systolic 140-159 mm of Hg and/or Diastolic 90-99 mm of Hg) (%),6.6,12.4,False,False
Haryana,Sonipat,Women,82,Moderately or severely elevated blood pressure (Systolic ≥160 mm of Hg and/or Diastolic ≥100 mm,2.8,4.5,False,False
Haryana,Sonipat,Women,83,Elevated blood pressure (Systolic ≥140 mm of Hg and/or Diastolic ≥90 mm of Hg) or taking medicine to,13.8,20.0,False,False
Haryana,Sonipat,Men,84,Mildly elevated blood pressure (Systolic 140-159 mm of Hg and/or Diastolic 90-99 mm of Hg) (%),6.6,15.1,False,False
Haryana,Sonipat,Men,85,Moderately or severely elevated blood pressure (Systolic ≥160 mm of Hg and/or Diastolic ≥100 mm,4.3,5.8,False,False
Haryana,Sonipat,Men,86,Elevated blood pressure (Systolic ≥140 mm of Hg and/or Diastolic ≥90 mm of Hg) or taking medicine to,12.9,21.9,False,False
Haryana,Sonipat,Men,87,Women having a bank or savings account that they themselves use (%),84.1,77.2,False,False
Haryana,Sonipat,Men,88,Women having a mobile phone that they themselves use (%),73.8,62.4,False,False
Haryana,Sonipat,Men,89,Women age 15-24 years who use hygienic methods of protection during their menstrual period17 (%),97.8,97.5,False,False
Haryana,Sonipat,Tobacco Use and Alcohol Consumption among Adults (age 15 years and above),90,Women age 15 years and above who use any kind of tobacco (%),3.2,2.9,False,False
Haryana,Sonipat,Tobacco Use and Alcohol Consumption among Adults (age 15 years and above),91,Men age 15 years and above who use any kind of tobacco (%),29.8,30.7,False,False
Haryana,Sonipat,Tobacco Use and Alcohol Consumption among Adults (age 15 years and above),92,Women age 15 years and above who consume alcohol (%),0.1,0.2,False,False
Haryana,Sonipat,Tobacco Use and Alcohol Consumption among Adults (age 15 years and above),93,Men age 15 years and above who consume alcohol (%),19.3,17.9,False,False
Haryana,Yamunanagar,Population and Household Profile,1,Population below age 5 years (%),7.1,7.1,False,False
Haryana,Yamunanagar,Population and Household Profile,2,Population below age 15 years (%),22.0,23.6,False,False
Haryana,Yamunanagar,Population and Household Profile,3,Population age 60 years and above (%),14.7,12.0,False,False
Haryana,Yamunanagar,Population and Household Profile,4,Population living in households with electricity (%),99.6,99.8,False,False
Haryana,Yamunanagar,Population and Household Profile,5,Population living in households with an improved drinking-water source1 (%),100.0,100.0,False,False
Haryana,Yamunanagar,Population and Household Profile,6,Households using iodized salt (%),94.1,94.4,False,False
Haryana,Yamunanagar,Population and Household Profile,7,Households with any usual member covered under a health insurance/financing scheme (%),70.0,20.6,False,False
Haryana,Yamunanagar,Population and Household Profile,8,Households with any usual member having a bank account/post office account (%),97.8,96.5,False,False
Haryana,Yamunanagar,Population and Household Profile,9,Female population age 6 years and above who ever attended school (%),81.2,79.1,False,False
Haryana,Yamunanagar,Population and Household Profile,10,Households with any usual female members owning a house and/or land (alone or jointly with others) (%),14.5,13.4,False,False
Haryana,Yamunanagar,Population and Household Profile,11,Children age 2-4 years who attended pre-school (%),42.1,61.7,False,False
Haryana,Yamunanagar,Characteristics of Adults (age 15-49 years),12,Women with 10 or more years of schooling (%),58.6,51.2,False,False
Haryana,Yamunanagar,Characteristics of Adults (age 15-49 years),13,Men with 10 or more years of schooling (%),56.1,56.6,False,False
Haryana,Yamunanagar,Characteristics of Adults (age 15-49 years),14,Women who have ever used the internet (%),63.3,38.3,False,False
Haryana,Yamunanagar,Characteristics of Adults (age 15-49 years),15,Men who have ever used the internet (%),82.7,62.7,False,False
Haryana,Yamunanagar,Marriage and Fertility,16,Women age 20-24 years married before age 18 years (%),7.8,6.9,False,False
Haryana,Yamunanagar,Marriage and Fertility,17,Men age 25-29 years married before age 21 years (%),*,4.0,True,False
Haryana,Yamunanagar,Marriage and Fertility,18,Three or more births in the 5 years preceding the survey (%),0.4,1.0,False,False
Haryana,Yamunanagar,Marriage and Fertility,19,Women age 15-19 years who were already mothers or pregnant at the time of the survey (%),3.0,2.3,False,False
Haryana,Yamunanagar,Marriage and Fertility,20,Any method2 (%),69.4,79.1,False,False
Haryana,Yamunanagar,Marriage and Fertility,21,Any modern method2 (%),51.5,58.0,False,False
Haryana,Yamunanagar,Marriage and Fertility,22,Any traditional method (%),17.9,21.1,False,False
Haryana,Yamunanagar,Marriage and Fertility,23,Female sterilization (%),15.3,19.5,False,False
Haryana,Yamunanagar,Marriage and Fertility,24,Male sterilization (%),0.9,0.9,False,False
Haryana,Yamunanagar,Marriage and Fertility,25,Total unmet need3 (%),6.3,4.2,False,False
Haryana,Yamunanagar,Marriage and Fertility,26,Unmet need for spacing3 (%),2.5,1.9,False,False
Haryana,Yamunanagar,Marriage and Fertility,27,Unmet need for limiting3 (%),3.8,2.3,False,False
Haryana,Yamunanagar,Antenatal Care (for last birth in the 5 years before the survey),28,Mothers who had an antenatal check-up in the first trimester (%),76.1,87.4,False,False
Haryana,Yamunanagar,Antenatal Care (for last birth in the 5 years before the survey),29,Mothers who had any antenatal care visits (%),94.9,97.9,False,False
Haryana,Yamunanagar,Antenatal Care (for last birth in the 5 years before the survey),30,Mothers who had at least 4 antenatal care visits (%),76.5,66.4,False,False
Haryana,Yamunanagar,Antenatal Care (for last birth in the 5 years before the survey),31,Mothers whose last birth was protected against neonatal tetanus4 (%),91.7,90.8,False,False
Haryana,Yamunanagar,Antenatal Care (for last birth in the 5 years before the survey),32,Mothers who consumed iron folic acid for 100 days or more when they were pregnant (%),57.9,58.9,False,False
Haryana,Yamunanagar,Antenatal Care (for last birth in the 5 years before the survey),33,Mothers who consumed iron folic acid for 180 days or more when they were pregnant (%),43.7,36.3,False,False
Haryana,Yamunanagar,Antenatal Care (for last birth in the 5 years before the survey),34,Registered pregnancies for which the mother received a Mother and Child Protection (MCP) card (%),91.5,93.7,False,False
Haryana,Yamunanagar,Delivery Care (for births in the 5 years before the survey),35,Institutional births (%),95.9,94.8,False,False
Haryana,Yamunanagar,Delivery Care (for births in the 5 years before the survey),36,Institutional births in public facility (%),41.4,55.8,False,False
Haryana,Yamunanagar,Delivery Care (for births in the 5 years before the survey),37,Births attended by skilled health personnel5 (%),90.8,86.0,False,False
Haryana,Yamunanagar,Delivery Care (for births in the 5 years before the survey),38,Births delivered by caesarean section (%),31.9,28.0,False,False
Haryana,Yamunanagar,Delivery Care (for births in the 5 years before the survey),39,Births in a private health facility that were delivered by caesarean section (%),40.3,33.8,False,False
Haryana,Yamunanagar,Delivery Care (for births in the 5 years before the survey),40,Births in a public health facility that were delivered by caesarean section (%),24.0,26.6,False,False
Haryana,Yamunanagar,Postnatal Care (for last birth in the 5 years before the survey),41,Mothers who received postnatal care from a doctor/nurse/LHV/ANM/midwife/other health personnel within 2,94.0,88.3,False,False
Haryana,Yamunanagar,Postnatal Care (for last birth in the 5 years before the survey),42,Children born at home who were taken to a health facility for a check-up within 24 hours of birth (%),*,*,True,False
Haryana,Yamunanagar,Postnatal Care (for last birth in the 5 years before the survey),43,Children who received postnatal care from a doctor/nurse/LHV/ANM/midwife/other health personnel within 2,91.9,85.6,False,False
Haryana,Yamunanagar,Child Vaccinations and Vitamin A Supplementation,44,Children age 12-23 months fully vaccinated based on information from either vaccination card or mother's,88.3,82.9,False,False
Haryana,Yamunanagar,Child Vaccinations and Vitamin A Supplementation,45,Children age 12-23 months fully vaccinated based on information from vaccination card only7 (%),86.7,85.6,False,False
Haryana,Yamunanagar,Child Vaccinations and Vitamin A Supplementation,46,Children age 12-23 months who have received any vaccine (%),96.6,95.8,False,False
Haryana,Yamunanagar,Child Vaccinations and Vitamin A Supplementation,47,Children age 12-23 months who have received BCG (%),96.6,95.8,False,False
Haryana,Yamunanagar,Child Vaccinations and Vitamin A Supplementation,48,Children age 12-23 months who have received 3 doses of polio vaccine8 (%),91.2,84.4,False,False
Haryana,Yamunanagar,Child Vaccinations and Vitamin A Supplementation,49,Children age 12-23 months who have received 3 doses of pentavalent vaccine (%),90.1,90.4,False,False
Haryana,Yamunanagar,Child Vaccinations and Vitamin A Supplementation,50,Children age 12-23 months who have received the first dose of measles-containing vaccine (MCV) (%),94.6,94.1,False,False
Haryana,Yamunanagar,Child Vaccinations and Vitamin A Supplementation,51,Children age 24-35 months who have received a second dose of measles-containing vaccine (MCV) (%),84.4,60.4,False,False
Haryana,Yamunanagar,Child Vaccinations and Vitamin A Supplementation,52,Children age 12-23 months who have received birth dose of hepatitis B vaccine (%),92.9,69.3,False,False
Haryana,Yamunanagar,Child Vaccinations and Vitamin A Supplementation,53,Children age 12-23 months who have received 3 doses of rotavirus vaccine (%),90.1,80.9,False,False
Haryana,Yamunanagar,Child Vaccinations and Vitamin A Supplementation,54,Children age 9-35 months who received a vitamin A dose in the last 6 months (%),74.7,67.4,False,False
Haryana,Yamunanagar,Child Vaccinations and Vitamin A Supplementation,55,Children age 12-23 months who received most of their vaccinations in a public health facility (%),92.7,95.1,False,False
Haryana,Yamunanagar,Child Vaccinations and Vitamin A Supplementation,56,Children age 12-23 months who received most of their vaccinations in a private health facility (%),7.3,1.8,False,False
Haryana,Yamunanagar,Treatment of Childhood Diseases (children under age 5 years),57,Prevalence of diarrhoea in the 2 weeks preceding the survey (%),9.0,7.2,False,False
Haryana,Yamunanagar,Treatment of Childhood Diseases (children under age 5 years),58,Prevalence of symptoms of acute respiratory infection (ARI) in the 2 weeks preceding the survey (%),0.6,6.6,False,False
Haryana,Yamunanagar,Treatment of Childhood Diseases (children under age 5 years),59,Children with fever or symptoms of ARI in the 2 weeks preceding the survey taken to a health facility or,83.7,66.8,False,False
Haryana,Yamunanagar,Child Feeding Practices and Nutritional Status of Children,60,Children under age 3 years breastfed within one hour of birth9 (%),21.7,31.7,False,False
Haryana,Yamunanagar,Child Feeding Practices and Nutritional Status of Children,61,Children under age 6 months exclusively breastfed10 (%),51.3,62.7,True,False
Haryana,Yamunanagar,Child Feeding Practices and Nutritional Status of Children,62,Children under age 6 months currently breastfeeding10 (%),96.0,94.6,True,False
Haryana,Yamunanagar,Child Feeding Practices and Nutritional Status of Children,63,Children under age 6 months exclusively breastfed or breastfeeding and consuming plain water/other,92.9,78.4,True,False
Haryana,Yamunanagar,Child Feeding Practices and Nutritional Status of Children,64,Children age 6-8 months receiving solid or semi-solid food and breastmilk10 (%),*,*,True,False
Haryana,Yamunanagar,Child Feeding Practices and Nutritional Status of Children,65,"Breastfeeding children age 6-23 months receiving an adequate diet10, 11 (%)",17.8,14.3,False,False
Haryana,Yamunanagar,Child Feeding Practices and Nutritional Status of Children,66,"Non-breastfeeding children age 6-23 months receiving an adequate diet10, 11 (%)",*,*,True,False
Haryana,Yamunanagar,Child Feeding Practices and Nutritional Status of Children,67,"Total children age 6-23 months receiving an adequate diet10, 11 (%)",16.5,12.4,False,False
Haryana,Yamunanagar,Child Feeding Practices and Nutritional Status of Children,68,Children under 5 years who are stunted (height-for-age)12 (%),21.8,27.7,False,False
Haryana,Yamunanagar,Child Feeding Practices and Nutritional Status of Children,69,Children under 5 years who are wasted (weight-for-height)12 (%),10.0,12.1,False,False
Haryana,Yamunanagar,Child Feeding Practices and Nutritional Status of Children,70,Children under 5 years who are severely wasted (weight-for-height)13 (%),2.4,4.3,False,False
Haryana,Yamunanagar,Child Feeding Practices and Nutritional Status of Children,71,Children under 5 years who are underweight (weight-for-age)12 (%),19.8,23.1,False,False
Haryana,Yamunanagar,Child Feeding Practices and Nutritional Status of Children,72,Children under 5 years who are overweight (weight-for-height)14 (%),3.1,6.4,False,False
Haryana,Yamunanagar,Nutritional Status of Adults (age 15-49 years),73,Women whose Body Mass Index (BMI) is below normal (BMI <18.5 kg/m2)15 (%),14.6,14.0,False,False
Haryana,Yamunanagar,Nutritional Status of Adults (age 15-49 years),74,Women who are overweight or obese (BMI ≥25.0 kg/m2)15 (%),46.0,38.0,False,False
Haryana,Yamunanagar,Women,75,Blood sugar level - high (141-160 mg/dl)16 (%),6.9,5.7,False,False
Haryana,Yamunanagar,Women,76,Blood sugar level - very high (>160 mg/dl)16 (%),11.5,7.7,False,False
Haryana,Yamunanagar,Women,77,Blood sugar level - high or very high (>140 mg/dl) or taking medicine to control blood sugar level16 (%),19.5,14.6,False,False
Haryana,Yamunanagar,Men,78,Blood sugar level - high (141-160 mg/dl)16 (%),7.1,6.7,False,False
Haryana,Yamunanagar,Men,79,Blood sugar level - very high (>160 mg/dl)16 (%),13.1,6.9,False,False
Haryana,Yamunanagar,Men,80,Blood sugar level - high or very high (>140 mg/dl) or taking medicine to control blood sugar level16 (%),21.4,14.9,False,False
Haryana,Yamunanagar,Women,81,Mildly elevated blood pressure (Systolic 140-159 mm of Hg and/or Diastolic 90-99 mm of Hg) (%),12.0,15.5,False,False
Haryana,Yamunanagar,Women,82,Moderately or severely elevated blood pressure (Systolic ≥160 mm of Hg and/or Diastolic ≥100 mm,8.9,7.2,False,False
Haryana,Yamunanagar,Women,83,Elevated blood pressure (Systolic ≥140 mm of Hg and/or Diastolic ≥90 mm of Hg) or taking medicine to,28.8,28.7,False,False
Haryana,Yamunanagar,Men,84,Mildly elevated blood pressure (Systolic 140-159 mm of Hg and/or Diastolic 90-99 mm of Hg) (%),20.5,17.3,False,False
Haryana,Yamunanagar,Men,85,Moderately or severely elevated blood pressure (Systolic ≥160 mm of Hg and/or Diastolic ≥100 mm,12.2,8.7,False,False
Haryana,Yamunanagar,Men,86,Elevated blood pressure (Systolic ≥140 mm of Hg and/or Diastolic ≥90 mm of Hg) or taking medicine to,37.3,28.8,False,False
Haryana,Yamunanagar,Men,87,Women having a bank or savings account that they themselves use (%),83.2,73.7,False,False
Haryana,Yamunanagar,Men,88,Women having a mobile phone that they themselves use (%),68.7,54.1,False,False
Haryana,Yamunanagar,Men,89,Women age 15-24 years who use hygienic methods of protection during their menstrual period17 (%),93.1,91.6,False,False
Haryana,Yamunanagar,Tobacco Use and Alcohol Consumption among Adults (age 15 years and above),90,Women age 15 years and above who use any kind of tobacco (%),1.5,1.7,False,False
Haryana,Yamunanagar,Tobacco Use and Alcohol Consumption among Adults (age 15 years and above),91,Men age 15 years and above who use any kind of tobacco (%),19.7,25.3,False,False
Haryana,Yamunanagar,Tobacco Use and Alcohol Consumption among Adults (age 15 years and above),92,Women age 15 years and above who consume alcohol (%),0.0,0.4,False,False
Haryana,Yamunanagar,Tobacco Use and Alcohol Consumption among Adults (age 15 years and above),93,Men age 15 years and above who consume alcohol (%),17.5,19.7,False,False
