state,district,category,indicator_no,indicator,nfhs6_value,nfhs5_value,small_sample_flag,boundary_change_single_round
Karnataka,Bagalkote,Population and Household Profile,1,Population below age 5 years (%),7.2,7.6,False,False
Karnataka,Bagalkote,Population and Household Profile,2,Population below age 15 years (%),24.8,26.5,False,False
Karnataka,Bagalkote,Population and Household Profile,3,Population age 60 years and above (%),12.9,12.3,False,False
Karnataka,Bagalkote,Population and Household Profile,4,Population living in households with electricity (%),99.8,98.9,False,False
Karnataka,Bagalkote,Population and Household Profile,5,Population living in households with an improved drinking-water source1 (%),98.0,99.2,False,False
Karnataka,Bagalkote,Population and Household Profile,6,Households using iodized salt (%),96.1,81.3,False,False
Karnataka,Bagalkote,Population and Household Profile,7,Households with any usual member covered under a health insurance/financing scheme (%),62.5,26.2,False,False
Karnataka,Bagalkote,Population and Household Profile,8,Households with any usual member having a bank account/post office account (%),99.0,95.0,False,False
Karnataka,Bagalkote,Population and Household Profile,9,Female population age 6 years and above who ever attended school (%),75.4,67.3,False,False
Karnataka,Bagalkote,Population and Household Profile,10,Households with any usual female members owning a house and/or land (alone or jointly with others) (%),37.9,23.6,False,False
Karnataka,Bagalkote,Population and Household Profile,11,Children age 2-4 years who attended pre-school (%),57.1,42.5,False,False
Karnataka,Bagalkote,Characteristics of Adults (age 15-49 years),12,Women with 10 or more years of schooling (%),50.2,37.7,False,False
Karnataka,Bagalkote,Characteristics of Adults (age 15-49 years),13,Men with 10 or more years of schooling (%),69.0,60.8,False,False
Karnataka,Bagalkote,Characteristics of Adults (age 15-49 years),14,Women who have ever used the internet (%),51.8,25.7,False,False
Karnataka,Bagalkote,Characteristics of Adults (age 15-49 years),15,Men who have ever used the internet (%),85.8,46.3,False,False
Karnataka,Bagalkote,Marriage and Fertility,16,Women age 20-24 years married before age 18 years (%),26.8,38.7,False,False
Karnataka,Bagalkote,Marriage and Fertility,17,Men age 25-29 years married before age 21 years (%),0.0,5.5,True,False
Karnataka,Bagalkote,Marriage and Fertility,18,Three or more births in the 5 years preceding the survey (%),2.9,2.0,False,False
Karnataka,Bagalkote,Marriage and Fertility,19,Women age 15-19 years who were already mothers or pregnant at the time of the survey (%),6.2,6.9,False,False
Karnataka,Bagalkote,Marriage and Fertility,20,Any method2 (%),65.6,65.3,False,False
Karnataka,Bagalkote,Marriage and Fertility,21,Any modern method2 (%),64.0,65.3,False,False
Karnataka,Bagalkote,Marriage and Fertility,22,Any traditional method (%),1.6,0.0,False,False
Karnataka,Bagalkote,Marriage and Fertility,23,Female sterilization (%),61.6,59.2,False,False
Karnataka,Bagalkote,Marriage and Fertility,24,Male sterilization (%),0.0,0.0,False,False
Karnataka,Bagalkote,Marriage and Fertility,25,Total unmet need3 (%),7.1,5.8,False,False
Karnataka,Bagalkote,Marriage and Fertility,26,Unmet need for spacing3 (%),4.3,4.0,False,False
Karnataka,Bagalkote,Marriage and Fertility,27,Unmet need for limiting3 (%),2.8,1.8,False,False
Karnataka,Bagalkote,Antenatal Care (for last birth in the 5 years before the survey),28,Mothers who had an antenatal check-up in the first trimester (%),83.9,78.2,False,False
Karnataka,Bagalkote,Antenatal Care (for last birth in the 5 years before the survey),29,Mothers who had any antenatal care visits (%),100.0,97.7,False,False
Karnataka,Bagalkote,Antenatal Care (for last birth in the 5 years before the survey),30,Mothers who had at least 4 antenatal care visits (%),90.1,76.2,False,False
Karnataka,Bagalkote,Antenatal Care (for last birth in the 5 years before the survey),31,Mothers whose last birth was protected against neonatal tetanus4 (%),96.7,94.2,False,False
Karnataka,Bagalkote,Antenatal Care (for last birth in the 5 years before the survey),32,Mothers who consumed iron folic acid for 100 days or more when they were pregnant (%),57.1,32.3,False,False
Karnataka,Bagalkote,Antenatal Care (for last birth in the 5 years before the survey),33,Mothers who consumed iron folic acid for 180 days or more when they were pregnant (%),40.3,21.2,False,False
Karnataka,Bagalkote,Antenatal Care (for last birth in the 5 years before the survey),34,Registered pregnancies for which the mother received a Mother and Child Protection (MCP) card (%),98.0,98.7,False,False
Karnataka,Bagalkote,Delivery Care (for births in the 5 years before the survey),35,Institutional births (%),98.3,95.2,False,False
Karnataka,Bagalkote,Delivery Care (for births in the 5 years before the survey),36,Institutional births in public facility (%),48.9,57.1,False,False
Karnataka,Bagalkote,Delivery Care (for births in the 5 years before the survey),37,Births attended by skilled health personnel5 (%),98.8,91.4,False,False
Karnataka,Bagalkote,Delivery Care (for births in the 5 years before the survey),38,Births delivered by caesarean section (%),47.5,31.0,False,False
Karnataka,Bagalkote,Delivery Care (for births in the 5 years before the survey),39,Births in a private health facility that were delivered by caesarean section (%),72.0,60.0,False,False
Karnataka,Bagalkote,Delivery Care (for births in the 5 years before the survey),40,Births in a public health facility that were delivered by caesarean section (%),24.5,14.2,False,False
Karnataka,Bagalkote,Postnatal Care (for last birth in the 5 years before the survey),41,Mothers who received postnatal care from a doctor/nurse/LHV/ANM/midwife/other health personnel within 2 days of delivery+ (%),98.4,89.0,False,False
Karnataka,Bagalkote,Postnatal Care (for last birth in the 5 years before the survey),42,Children born at home who were taken to a health facility for a check-up within 24 hours of birth (%),*,*,True,False
Karnataka,Bagalkote,Postnatal Care (for last birth in the 5 years before the survey),43,Children who received postnatal care from a doctor/nurse/LHV/ANM/midwife/other health personnel within 2 days of delivery+ (%),99.3,86.7,False,False
Karnataka,Bagalkote,Child Vaccinations and Vitamin A Supplementation,44,Children age 12-23 months fully vaccinated based on information from either vaccination card or mother's recall6 (%),96.6,78.6,False,False
Karnataka,Bagalkote,Child Vaccinations and Vitamin A Supplementation,45,Children age 12-23 months fully vaccinated based on information from vaccination card only7 (%),95.0,79.5,False,False
Karnataka,Bagalkote,Child Vaccinations and Vitamin A Supplementation,46,Children age 12-23 months who have received any vaccine (%),96.6,97.1,False,False
Karnataka,Bagalkote,Child Vaccinations and Vitamin A Supplementation,47,Children age 12-23 months who have received BCG (%),96.6,95.5,False,False
Karnataka,Bagalkote,Child Vaccinations and Vitamin A Supplementation,48,Children age 12-23 months who have received 3 doses of polio vaccine8 (%),96.6,84.0,False,False
Karnataka,Bagalkote,Child Vaccinations and Vitamin A Supplementation,49,Children age 12-23 months who have received 3 doses of pentavalent vaccine (%),96.6,92.0,False,False
Karnataka,Bagalkote,Child Vaccinations and Vitamin A Supplementation,50,Children age 12-23 months who have received the first dose of measles-containing vaccine (MCV) (%),96.6,93.1,False,False
Karnataka,Bagalkote,Child Vaccinations and Vitamin A Supplementation,51,Children age 24-35 months who have received a second dose of measles-containing vaccine (MCV) (%),63.9,50.6,False,False
Karnataka,Bagalkote,Child Vaccinations and Vitamin A Supplementation,52,Children age 12-23 months who have received birth dose of hepatitis B vaccine (%),87.3,73.9,False,False
Karnataka,Bagalkote,Child Vaccinations and Vitamin A Supplementation,53,Children age 12-23 months who have received 3 doses of rotavirus vaccine (%),83.5,0.0,False,False
Karnataka,Bagalkote,Child Vaccinations and Vitamin A Supplementation,54,Children age 9-35 months who received a vitamin A dose in the last 6 months (%),88.7,73.0,False,False
Karnataka,Bagalkote,Child Vaccinations and Vitamin A Supplementation,55,Children age 12-23 months who received most of their vaccinations in a public health facility (%),97.3,98.8,False,False
Karnataka,Bagalkote,Child Vaccinations and Vitamin A Supplementation,56,Children age 12-23 months who received most of their vaccinations in a private health facility (%),2.7,1.2,False,False
Karnataka,Bagalkote,Treatment of Childhood Diseases (children under age 5 years),57,Prevalence of diarrhoea in the 2 weeks preceding the survey (%),10.5,4.3,False,False
Karnataka,Bagalkote,Treatment of Childhood Diseases (children under age 5 years),58,Prevalence of symptoms of acute respiratory infection (ARI) in the 2 weeks preceding the survey (%),0.5,3.1,False,False
Karnataka,Bagalkote,Treatment of Childhood Diseases (children under age 5 years),59,Children with fever or symptoms of ARI in the 2 weeks preceding the survey taken to a health facility or health provider (%),73.4,79.1,True,False
Karnataka,Bagalkote,Child Feeding Practices and Nutritional Status of Children,60,Children under age 3 years breastfed within one hour of birth9 (%),41.6,30.2,False,False
Karnataka,Bagalkote,Child Feeding Practices and Nutritional Status of Children,61,Children under age 6 months exclusively breastfed10 (%),63.0,50.4,True,False
Karnataka,Bagalkote,Child Feeding Practices and Nutritional Status of Children,62,Children under age 6 months currently breastfeeding10 (%),100.0,93.3,True,False
Karnataka,Bagalkote,Child Feeding Practices and Nutritional Status of Children,63,Children under age 6 months exclusively breastfed or breastfeeding and consuming plain water/other milk only10 (%),92.4,73.7,True,False
Karnataka,Bagalkote,Child Feeding Practices and Nutritional Status of Children,64,Children age 6-8 months receiving solid or semi-solid food and breastmilk10 (%),*,*,True,False
Karnataka,Bagalkote,Child Feeding Practices and Nutritional Status of Children,65,"Breastfeeding children age 6-23 months receiving an adequate diet10, 11 (%)",8.6,5.1,False,False
Karnataka,Bagalkote,Child Feeding Practices and Nutritional Status of Children,66,"Non-breastfeeding children age 6-23 months receiving an adequate diet10, 11 (%)",*,*,True,False
Karnataka,Bagalkote,Child Feeding Practices and Nutritional Status of Children,67,"Total children age 6-23 months receiving an adequate diet10, 11 (%)",9.0,6.1,False,False
Karnataka,Bagalkote,Child Feeding Practices and Nutritional Status of Children,68,Children under 5 years who are stunted (height-for-age)12 (%),36.7,48.3,False,False
Karnataka,Bagalkote,Child Feeding Practices and Nutritional Status of Children,69,Children under 5 years who are wasted (weight-for-height)12 (%),23.9,16.9,False,False
Karnataka,Bagalkote,Child Feeding Practices and Nutritional Status of Children,70,Children under 5 years who are severely wasted (weight-for-height)13 (%),6.7,4.4,False,False
Karnataka,Bagalkote,Child Feeding Practices and Nutritional Status of Children,71,Children under 5 years who are underweight (weight-for-age)12 (%),38.4,42.3,False,False
Karnataka,Bagalkote,Child Feeding Practices and Nutritional Status of Children,72,Children under 5 years who are overweight (weight-for-height)14 (%),0.0,2.4,False,False
Karnataka,Bagalkote,Nutritional Status of Adults (age 15-49 years),73,Women whose Body Mass Index (BMI) is below normal (BMI <18.5 kg/m2)15 (%),14.5,17.1,False,False
Karnataka,Bagalkote,Nutritional Status of Adults (age 15-49 years),74,Women who are overweight or obese (BMI ≥25.0 kg/m2)15 (%),36.8,28.6,False,False
Karnataka,Bagalkote,Women,75,Blood sugar level - high (141-160 mg/dl)16 (%),7.4,5.4,False,False
Karnataka,Bagalkote,Women,76,Blood sugar level - very high (>160 mg/dl)16 (%),9.7,5.4,False,False
Karnataka,Bagalkote,Women,77,Blood sugar level - high or very high (>140 mg/dl) or taking medicine to control blood sugar level16 (%),18.9,11.8,False,False
Karnataka,Bagalkote,Men,78,Blood sugar level - high (141-160 mg/dl)16 (%),8.3,6.0,False,False
Karnataka,Bagalkote,Men,79,Blood sugar level - very high (>160 mg/dl)16 (%),11.8,5.9,False,False
Karnataka,Bagalkote,Men,80,Blood sugar level - high or very high (>140 mg/dl) or taking medicine to control blood sugar level16 (%),21.4,12.8,False,False
Karnataka,Bagalkote,Women,81,Mildly elevated blood pressure (Systolic 140-159 mm of Hg and/or Diastolic 90-99 mm of Hg) (%),10.5,11.0,False,False
Karnataka,Bagalkote,Women,82,Moderately or severely elevated blood pressure (Systolic ≥160 mm of Hg and/or Diastolic ≥100 mm of Hg) (%),3.4,3.8,False,False
Karnataka,Bagalkote,Women,83,Elevated blood pressure (Systolic ≥140 mm of Hg and/or Diastolic ≥90 mm of Hg) or taking medicine to control blood pressure (%),20.0,19.1,False,False
Karnataka,Bagalkote,Men,84,Mildly elevated blood pressure (Systolic 140-159 mm of Hg and/or Diastolic 90-99 mm of Hg) (%),10.7,13.2,False,False
Karnataka,Bagalkote,Men,85,Moderately or severely elevated blood pressure (Systolic ≥160 mm of Hg and/or Diastolic ≥100 mm of Hg) (%),5.2,4.9,False,False
Karnataka,Bagalkote,Men,86,Elevated blood pressure (Systolic ≥140 mm of Hg and/or Diastolic ≥90 mm of Hg) or taking medicine to control blood pressure (%),21.3,21.0,False,False
Karnataka,Bagalkote,Men,87,Women having a bank or savings account that they themselves use (%),95.2,84.5,False,False
Karnataka,Bagalkote,Men,88,Women having a mobile phone that they themselves use (%),59.4,47.6,False,False
Karnataka,Bagalkote,Men,89,Women age 15-24 years who use hygienic methods of protection during their menstrual period17 (%),61.3,66.2,False,False
Karnataka,Bagalkote,Tobacco Use and Alcohol Consumption among Adults (age 15 years and above),90,Women age 15 years and above who use any kind of tobacco (%),7.8,10.7,False,False
Karnataka,Bagalkote,Tobacco Use and Alcohol Consumption among Adults (age 15 years and above),91,Men age 15 years and above who use any kind of tobacco (%),29.3,33.7,False,False
Karnataka,Bagalkote,Tobacco Use and Alcohol Consumption among Adults (age 15 years and above),92,Women age 15 years and above who consume alcohol (%),0.3,0.6,False,False
Karnataka,Bagalkote,Tobacco Use and Alcohol Consumption among Adults (age 15 years and above),93,Men age 15 years and above who consume alcohol (%),15.3,14.8,False,False
Karnataka,Ballari,Population and Household Profile,1,Population below age 5 years (%),8.3,6.3,False,False
Karnataka,Ballari,Population and Household Profile,2,Population below age 15 years (%),26.5,23.6,False,False
Karnataka,Ballari,Population and Household Profile,3,Population age 60 years and above (%),10.2,11.9,False,False
Karnataka,Ballari,Population and Household Profile,4,Population living in households with electricity (%),99.5,98.9,False,False
Karnataka,Ballari,Population and Household Profile,5,Population living in households with an improved drinking-water source1 (%),98.7,94.7,False,False
Karnataka,Ballari,Population and Household Profile,6,Households using iodized salt (%),95.0,84.7,False,False
Karnataka,Ballari,Population and Household Profile,7,Households with any usual member covered under a health insurance/financing scheme (%),57.6,29.5,False,False
Karnataka,Ballari,Population and Household Profile,8,Households with any usual member having a bank account/post office account (%),98.3,89.5,False,False
Karnataka,Ballari,Population and Household Profile,9,Female population age 6 years and above who ever attended school (%),72.6,64.2,False,False
Karnataka,Ballari,Population and Household Profile,10,Households with any usual female members owning a house and/or land (alone or jointly with others) (%),37.6,14.3,False,False
Karnataka,Ballari,Population and Household Profile,11,Children age 2-4 years who attended pre-school (%),44.3,52.3,False,False
Karnataka,Ballari,Characteristics of Adults (age 15-49 years),12,Women with 10 or more years of schooling (%),41.4,39.9,False,False
Karnataka,Ballari,Characteristics of Adults (age 15-49 years),13,Men with 10 or more years of schooling (%),43.3,38.2,False,False
Karnataka,Ballari,Characteristics of Adults (age 15-49 years),14,Women who have ever used the internet (%),41.7,14.4,False,False
Karnataka,Ballari,Characteristics of Adults (age 15-49 years),15,Men who have ever used the internet (%),68.9,59.6,False,False
Karnataka,Ballari,Marriage and Fertility,16,Women age 20-24 years married before age 18 years (%),24.5,22.2,False,False
Karnataka,Ballari,Marriage and Fertility,17,Men age 25-29 years married before age 21 years (%),*,12.9,True,False
Karnataka,Ballari,Marriage and Fertility,18,Three or more births in the 5 years preceding the survey (%),2.9,3.4,False,False
Karnataka,Ballari,Marriage and Fertility,19,Women age 15-19 years who were already mothers or pregnant at the time of the survey (%),8.8,3.2,False,False
Karnataka,Ballari,Marriage and Fertility,20,Any method2 (%),69.9,62.7,False,False
Karnataka,Ballari,Marriage and Fertility,21,Any modern method2 (%),68.9,62.3,False,False
Karnataka,Ballari,Marriage and Fertility,22,Any traditional method (%),1.0,0.4,False,False
Karnataka,Ballari,Marriage and Fertility,23,Female sterilization (%),65.3,56.6,False,False
Karnataka,Ballari,Marriage and Fertility,24,Male sterilization (%),0.0,0.0,False,False
Karnataka,Ballari,Marriage and Fertility,25,Total unmet need3 (%),5.3,5.6,False,False
Karnataka,Ballari,Marriage and Fertility,26,Unmet need for spacing3 (%),3.7,2.9,False,False
Karnataka,Ballari,Marriage and Fertility,27,Unmet need for limiting3 (%),1.6,2.7,False,False
Karnataka,Ballari,Antenatal Care (for last birth in the 5 years before the survey),28,Mothers who had an antenatal check-up in the first trimester (%),82.6,67.5,False,False
Karnataka,Ballari,Antenatal Care (for last birth in the 5 years before the survey),29,Mothers who had any antenatal care visits (%),99.7,95.9,False,False
Karnataka,Ballari,Antenatal Care (for last birth in the 5 years before the survey),30,Mothers who had at least 4 antenatal care visits (%),86.0,56.4,False,False
Karnataka,Ballari,Antenatal Care (for last birth in the 5 years before the survey),31,Mothers whose last birth was protected against neonatal tetanus4 (%),95.8,90.5,False,False
Karnataka,Ballari,Antenatal Care (for last birth in the 5 years before the survey),32,Mothers who consumed iron folic acid for 100 days or more when they were pregnant (%),61.8,28.7,False,False
Karnataka,Ballari,Antenatal Care (for last birth in the 5 years before the survey),33,Mothers who consumed iron folic acid for 180 days or more when they were pregnant (%),42.7,15.0,False,False
Karnataka,Ballari,Antenatal Care (for last birth in the 5 years before the survey),34,Registered pregnancies for which the mother received a Mother and Child Protection (MCP) card (%),99.7,98.1,False,False
Karnataka,Ballari,Delivery Care (for births in the 5 years before the survey),35,Institutional births (%),98.3,95.7,False,False
Karnataka,Ballari,Delivery Care (for births in the 5 years before the survey),36,Institutional births in public facility (%),78.3,76.8,False,False
Karnataka,Ballari,Delivery Care (for births in the 5 years before the survey),37,Births attended by skilled health personnel5 (%),96.3,96.0,False,False
Karnataka,Ballari,Delivery Care (for births in the 5 years before the survey),38,Births delivered by caesarean section (%),32.2,29.1,False,False
Karnataka,Ballari,Delivery Care (for births in the 5 years before the survey),39,Births in a private health facility that were delivered by caesarean section (%),76.9,75.8,False,False
Karnataka,Ballari,Delivery Care (for births in the 5 years before the survey),40,Births in a public health facility that were delivered by caesarean section (%),21.4,19.1,False,False
Karnataka,Ballari,Postnatal Care (for last birth in the 5 years before the survey),41,Mothers who received postnatal care from a doctor/nurse/LHV/ANM/midwife/other health personnel within 2 days of delivery+ (%),96.7,86.6,False,False
Karnataka,Ballari,Postnatal Care (for last birth in the 5 years before the survey),42,Children born at home who were taken to a health facility for a check-up within 24 hours of birth (%),*,*,True,False
Karnataka,Ballari,Postnatal Care (for last birth in the 5 years before the survey),43,Children who received postnatal care from a doctor/nurse/LHV/ANM/midwife/other health personnel within 2 days of delivery+ (%),96.7,84.2,False,False
Karnataka,Ballari,Child Vaccinations and Vitamin A Supplementation,44,Children age 12-23 months fully vaccinated based on information from either vaccination card or mother's recall6 (%),94.0,71.5,True,False
Karnataka,Ballari,Child Vaccinations and Vitamin A Supplementation,45,Children age 12-23 months fully vaccinated based on information from vaccination card only7 (%),95.7,79.2,True,False
Karnataka,Ballari,Child Vaccinations and Vitamin A Supplementation,46,Children age 12-23 months who have received any vaccine (%),98.0,100.0,True,False
Karnataka,Ballari,Child Vaccinations and Vitamin A Supplementation,47,Children age 12-23 months who have received BCG (%),98.0,97.6,True,False
Karnataka,Ballari,Child Vaccinations and Vitamin A Supplementation,48,Children age 12-23 months who have received 3 doses of polio vaccine8 (%),94.0,77.8,True,False
Karnataka,Ballari,Child Vaccinations and Vitamin A Supplementation,49,Children age 12-23 months who have received 3 doses of pentavalent vaccine (%),95.8,93.1,True,False
Karnataka,Ballari,Child Vaccinations and Vitamin A Supplementation,50,Children age 12-23 months who have received the first dose of measles-containing vaccine (MCV) (%),98.0,89.4,True,False
Karnataka,Ballari,Child Vaccinations and Vitamin A Supplementation,51,Children age 24-35 months who have received a second dose of measles-containing vaccine (MCV) (%),85.5,65.7,True,False
Karnataka,Ballari,Child Vaccinations and Vitamin A Supplementation,52,Children age 12-23 months who have received birth dose of hepatitis B vaccine (%),90.0,78.2,True,False
Karnataka,Ballari,Child Vaccinations and Vitamin A Supplementation,53,Children age 12-23 months who have received 3 doses of rotavirus vaccine (%),85.7,4.6,True,False
Karnataka,Ballari,Child Vaccinations and Vitamin A Supplementation,54,Children age 9-35 months who received a vitamin A dose in the last 6 months (%),90.5,73.7,False,False
Karnataka,Ballari,Child Vaccinations and Vitamin A Supplementation,55,Children age 12-23 months who received most of their vaccinations in a public health facility (%),100.0,98.1,True,False
Karnataka,Ballari,Child Vaccinations and Vitamin A Supplementation,56,Children age 12-23 months who received most of their vaccinations in a private health facility (%),0.0,2.0,True,False
Karnataka,Ballari,Treatment of Childhood Diseases (children under age 5 years),57,Prevalence of diarrhoea in the 2 weeks preceding the survey (%),6.8,5.1,False,False
Karnataka,Ballari,Treatment of Childhood Diseases (children under age 5 years),58,Prevalence of symptoms of acute respiratory infection (ARI) in the 2 weeks preceding the survey (%),0.3,1.6,False,False
Karnataka,Ballari,Treatment of Childhood Diseases (children under age 5 years),59,Children with fever or symptoms of ARI in the 2 weeks preceding the survey taken to a health facility or health provider (%),88.2,67.0,True,False
Karnataka,Ballari,Child Feeding Practices and Nutritional Status of Children,60,Children under age 3 years breastfed within one hour of birth9 (%),48.3,49.2,False,False
Karnataka,Ballari,Child Feeding Practices and Nutritional Status of Children,61,Children under age 6 months exclusively breastfed10 (%),38.5,56.9,True,False
Karnataka,Ballari,Child Feeding Practices and Nutritional Status of Children,62,Children under age 6 months currently breastfeeding10 (%),97.3,88.0,True,False
Karnataka,Ballari,Child Feeding Practices and Nutritional Status of Children,63,Children under age 6 months exclusively breastfed or breastfeeding and consuming plain water/other milk only10 (%),78.0,69.7,True,False
Karnataka,Ballari,Child Feeding Practices and Nutritional Status of Children,64,Children age 6-8 months receiving solid or semi-solid food and breastmilk10 (%),*,*,True,False
Karnataka,Ballari,Child Feeding Practices and Nutritional Status of Children,65,"Breastfeeding children age 6-23 months receiving an adequate diet10, 11 (%)",15.1,8.9,False,False
Karnataka,Ballari,Child Feeding Practices and Nutritional Status of Children,66,"Non-breastfeeding children age 6-23 months receiving an adequate diet10, 11 (%)",*,*,True,False
Karnataka,Ballari,Child Feeding Practices and Nutritional Status of Children,67,"Total children age 6-23 months receiving an adequate diet10, 11 (%)",15.9,9.7,False,False
Karnataka,Ballari,Child Feeding Practices and Nutritional Status of Children,68,Children under 5 years who are stunted (height-for-age)12 (%),37.8,36.1,False,False
Karnataka,Ballari,Child Feeding Practices and Nutritional Status of Children,69,Children under 5 years who are wasted (weight-for-height)12 (%),23.7,22.9,False,False
Karnataka,Ballari,Child Feeding Practices and Nutritional Status of Children,70,Children under 5 years who are severely wasted (weight-for-height)13 (%),7.1,13.6,False,False
Karnataka,Ballari,Child Feeding Practices and Nutritional Status of Children,71,Children under 5 years who are underweight (weight-for-age)12 (%),42.7,36.5,False,False
Karnataka,Ballari,Child Feeding Practices and Nutritional Status of Children,72,Children under 5 years who are overweight (weight-for-height)14 (%),0.7,1.3,False,False
Karnataka,Ballari,Nutritional Status of Adults (age 15-49 years),73,Women whose Body Mass Index (BMI) is below normal (BMI <18.5 kg/m2)15 (%),21.1,22.2,False,False
Karnataka,Ballari,Nutritional Status of Adults (age 15-49 years),74,Women who are overweight or obese (BMI ≥25.0 kg/m2)15 (%),33.7,27.3,False,False
Karnataka,Ballari,Women,75,Blood sugar level - high (141-160 mg/dl)16 (%),6.5,4.2,False,False
Karnataka,Ballari,Women,76,Blood sugar level - very high (>160 mg/dl)16 (%),9.9,3.9,False,False
Karnataka,Ballari,Women,77,Blood sugar level - high or very high (>140 mg/dl) or taking medicine to control blood sugar level16 (%),17.4,9.2,False,False
Karnataka,Ballari,Men,78,Blood sugar level - high (141-160 mg/dl)16 (%),7.5,5.3,False,False
Karnataka,Ballari,Men,79,Blood sugar level - very high (>160 mg/dl)16 (%),11.3,5.3,False,False
Karnataka,Ballari,Men,80,Blood sugar level - high or very high (>140 mg/dl) or taking medicine to control blood sugar level16 (%),19.9,11.6,False,False
Karnataka,Ballari,Women,81,Mildly elevated blood pressure (Systolic 140-159 mm of Hg and/or Diastolic 90-99 mm of Hg) (%),9.7,12.4,False,False
Karnataka,Ballari,Women,82,Moderately or severely elevated blood pressure (Systolic ≥160 mm of Hg and/or Diastolic ≥100 mm of Hg) (%),5.5,4.8,False,False
Karnataka,Ballari,Women,83,Elevated blood pressure (Systolic ≥140 mm of Hg and/or Diastolic ≥90 mm of Hg) or taking medicine to control blood pressure (%),20.5,21.2,False,False
Karnataka,Ballari,Men,84,Mildly elevated blood pressure (Systolic 140-159 mm of Hg and/or Diastolic 90-99 mm of Hg) (%),12.4,14.0,False,False
Karnataka,Ballari,Men,85,Moderately or severely elevated blood pressure (Systolic ≥160 mm of Hg and/or Diastolic ≥100 mm of Hg) (%),5.4,4.4,False,False
Karnataka,Ballari,Men,86,Elevated blood pressure (Systolic ≥140 mm of Hg and/or Diastolic ≥90 mm of Hg) or taking medicine to control blood pressure (%),23.1,20.9,False,False
Karnataka,Ballari,Men,87,Women having a bank or savings account that they themselves use (%),94.7,83.8,False,False
Karnataka,Ballari,Men,88,Women having a mobile phone that they themselves use (%),50.9,37.2,False,False
Karnataka,Ballari,Men,89,Women age 15-24 years who use hygienic methods of protection during their menstrual period17 (%),79.9,85.0,False,False
Karnataka,Ballari,Tobacco Use and Alcohol Consumption among Adults (age 15 years and above),90,Women age 15 years and above who use any kind of tobacco (%),5.6,8.2,False,False
Karnataka,Ballari,Tobacco Use and Alcohol Consumption among Adults (age 15 years and above),91,Men age 15 years and above who use any kind of tobacco (%),27.7,26.2,False,False
Karnataka,Ballari,Tobacco Use and Alcohol Consumption among Adults (age 15 years and above),92,Women age 15 years and above who consume alcohol (%),0.9,1.0,False,False
Karnataka,Ballari,Tobacco Use and Alcohol Consumption among Adults (age 15 years and above),93,Men age 15 years and above who consume alcohol (%),16.4,14.3,False,False
Karnataka,Belagavi,Population and Household Profile,1,Population below age 5 years (%),5.8,8.2,False,False
Karnataka,Belagavi,Population and Household Profile,2,Population below age 15 years (%),22.0,25.0,False,False
Karnataka,Belagavi,Population and Household Profile,3,Population age 60 years and above (%),14.2,12.6,False,False
Karnataka,Belagavi,Population and Household Profile,4,Population living in households with electricity (%),99.8,99.1,False,False
Karnataka,Belagavi,Population and Household Profile,5,Population living in households with an improved drinking-water source1 (%),99.6,94.4,False,False
Karnataka,Belagavi,Population and Household Profile,6,Households using iodized salt (%),97.1,95.2,False,False
Karnataka,Belagavi,Population and Household Profile,7,Households with any usual member covered under a health insurance/financing scheme (%),66.4,22.9,False,False
Karnataka,Belagavi,Population and Household Profile,8,Households with any usual member having a bank account/post office account (%),99.9,96.0,False,False
Karnataka,Belagavi,Population and Household Profile,9,Female population age 6 years and above who ever attended school (%),77.1,72.4,False,False
Karnataka,Belagavi,Population and Household Profile,10,Households with any usual female members owning a house and/or land (alone or jointly with others) (%),33.9,15.9,False,False
Karnataka,Belagavi,Population and Household Profile,11,Children age 2-4 years who attended pre-school (%),52.1,46.8,False,False
Karnataka,Belagavi,Characteristics of Adults (age 15-49 years),12,Women with 10 or more years of schooling (%),57.2,47.8,False,False
Karnataka,Belagavi,Characteristics of Adults (age 15-49 years),13,Men with 10 or more years of schooling (%),67.0,66.2,False,False
Karnataka,Belagavi,Characteristics of Adults (age 15-49 years),14,Women who have ever used the internet (%),56.8,32.7,False,False
Karnataka,Belagavi,Characteristics of Adults (age 15-49 years),15,Men who have ever used the internet (%),81.7,68.2,False,False
Karnataka,Belagavi,Marriage and Fertility,16,Women age 20-24 years married before age 18 years (%),17.3,32.8,False,False
Karnataka,Belagavi,Marriage and Fertility,17,Men age 25-29 years married before age 21 years (%),*,10.8,True,False
Karnataka,Belagavi,Marriage and Fertility,18,Three or more births in the 5 years preceding the survey (%),1.6,2.5,False,False
Karnataka,Belagavi,Marriage and Fertility,19,Women age 15-19 years who were already mothers or pregnant at the time of the survey (%),5.3,9.1,False,False
Karnataka,Belagavi,Marriage and Fertility,20,Any method2 (%),69.4,70.8,False,False
Karnataka,Belagavi,Marriage and Fertility,21,Any modern method2 (%),68.3,70.6,False,False
Karnataka,Belagavi,Marriage and Fertility,22,Any traditional method (%),1.1,0.2,False,False
Karnataka,Belagavi,Marriage and Fertility,23,Female sterilization (%),63.7,63.3,False,False
Karnataka,Belagavi,Marriage and Fertility,24,Male sterilization (%),0.2,0.0,False,False
Karnataka,Belagavi,Marriage and Fertility,25,Total unmet need3 (%),8.3,5.5,False,False
Karnataka,Belagavi,Marriage and Fertility,26,Unmet need for spacing3 (%),5.2,2.0,False,False
Karnataka,Belagavi,Marriage and Fertility,27,Unmet need for limiting3 (%),3.1,3.5,False,False
Karnataka,Belagavi,Antenatal Care (for last birth in the 5 years before the survey),28,Mothers who had an antenatal check-up in the first trimester (%),91.2,71.2,False,False
Karnataka,Belagavi,Antenatal Care (for last birth in the 5 years before the survey),29,Mothers who had any antenatal care visits (%),100.0,98.4,False,False
Karnataka,Belagavi,Antenatal Care (for last birth in the 5 years before the survey),30,Mothers who had at least 4 antenatal care visits (%),93.6,63.7,False,False
Karnataka,Belagavi,Antenatal Care (for last birth in the 5 years before the survey),31,Mothers whose last birth was protected against neonatal tetanus4 (%),96.4,94.4,False,False
Karnataka,Belagavi,Antenatal Care (for last birth in the 5 years before the survey),32,Mothers who consumed iron folic acid for 100 days or more when they were pregnant (%),93.9,36.9,False,False
Karnataka,Belagavi,Antenatal Care (for last birth in the 5 years before the survey),33,Mothers who consumed iron folic acid for 180 days or more when they were pregnant (%),79.5,16.9,False,False
Karnataka,Belagavi,Antenatal Care (for last birth in the 5 years before the survey),34,Registered pregnancies for which the mother received a Mother and Child Protection (MCP) card (%),100.0,96.1,False,False
Karnataka,Belagavi,Delivery Care (for births in the 5 years before the survey),35,Institutional births (%),100.0,97.5,False,False
Karnataka,Belagavi,Delivery Care (for births in the 5 years before the survey),36,Institutional births in public facility (%),58.3,60.6,False,False
Karnataka,Belagavi,Delivery Care (for births in the 5 years before the survey),37,Births attended by skilled health personnel5 (%),100.0,96.4,False,False
Karnataka,Belagavi,Delivery Care (for births in the 5 years before the survey),38,Births delivered by caesarean section (%),48.3,24.2,False,False
Karnataka,Belagavi,Delivery Care (for births in the 5 years before the survey),39,Births in a private health facility that were delivered by caesarean section (%),70.0,39.7,False,False
Karnataka,Belagavi,Delivery Care (for births in the 5 years before the survey),40,Births in a public health facility that were delivered by caesarean section (%),32.8,15.8,False,False
Karnataka,Belagavi,Postnatal Care (for last birth in the 5 years before the survey),41,Mothers who received postnatal care from a doctor/nurse/LHV/ANM/midwife/other health personnel within 2 days of delivery+ (%),99.6,87.0,False,False
Karnataka,Belagavi,Postnatal Care (for last birth in the 5 years before the survey),42,Children born at home who were taken to a health facility for a check-up within 24 hours of birth (%),*,*,True,False
Karnataka,Belagavi,Postnatal Care (for last birth in the 5 years before the survey),43,Children who received postnatal care from a doctor/nurse/LHV/ANM/midwife/other health personnel within 2 days of delivery+ (%),100.0,85.6,False,False
Karnataka,Belagavi,Child Vaccinations and Vitamin A Supplementation,44,Children age 12-23 months fully vaccinated based on information from either vaccination card or mother's recall6 (%),95.9,81.4,False,False
Karnataka,Belagavi,Child Vaccinations and Vitamin A Supplementation,45,Children age 12-23 months fully vaccinated based on information from vaccination card only7 (%),91.1,86.5,True,False
Karnataka,Belagavi,Child Vaccinations and Vitamin A Supplementation,46,Children age 12-23 months who have received any vaccine (%),100.0,97.2,False,False
Karnataka,Belagavi,Child Vaccinations and Vitamin A Supplementation,47,Children age 12-23 months who have received BCG (%),100.0,97.2,False,False
Karnataka,Belagavi,Child Vaccinations and Vitamin A Supplementation,48,Children age 12-23 months who have received 3 doses of polio vaccine8 (%),95.9,87.0,False,False
Karnataka,Belagavi,Child Vaccinations and Vitamin A Supplementation,49,Children age 12-23 months who have received 3 doses of pentavalent vaccine (%),98.0,91.6,False,False
Karnataka,Belagavi,Child Vaccinations and Vitamin A Supplementation,50,Children age 12-23 months who have received the first dose of measles-containing vaccine (MCV) (%),98.0,91.8,False,False
Karnataka,Belagavi,Child Vaccinations and Vitamin A Supplementation,51,Children age 24-35 months who have received a second dose of measles-containing vaccine (MCV) (%),88.0,60.7,False,False
Karnataka,Belagavi,Child Vaccinations and Vitamin A Supplementation,52,Children age 12-23 months who have received birth dose of hepatitis B vaccine (%),97.1,81.3,False,False
Karnataka,Belagavi,Child Vaccinations and Vitamin A Supplementation,53,Children age 12-23 months who have received 3 doses of rotavirus vaccine (%),83.9,7.3,False,False
Karnataka,Belagavi,Child Vaccinations and Vitamin A Supplementation,54,Children age 9-35 months who received a vitamin A dose in the last 6 months (%),94.9,91.9,False,False
Karnataka,Belagavi,Child Vaccinations and Vitamin A Supplementation,55,Children age 12-23 months who received most of their vaccinations in a public health facility (%),97.9,92.8,False,False
Karnataka,Belagavi,Child Vaccinations and Vitamin A Supplementation,56,Children age 12-23 months who received most of their vaccinations in a private health facility (%),2.1,4.7,False,False
Karnataka,Belagavi,Treatment of Childhood Diseases (children under age 5 years),57,Prevalence of diarrhoea in the 2 weeks preceding the survey (%),2.5,4.7,False,False
Karnataka,Belagavi,Treatment of Childhood Diseases (children under age 5 years),58,Prevalence of symptoms of acute respiratory infection (ARI) in the 2 weeks preceding the survey (%),0.2,1.1,False,False
Karnataka,Belagavi,Treatment of Childhood Diseases (children under age 5 years),59,Children with fever or symptoms of ARI in the 2 weeks preceding the survey taken to a health facility or health provider (%),*,66.6,True,False
Karnataka,Belagavi,Child Feeding Practices and Nutritional Status of Children,60,Children under age 3 years breastfed within one hour of birth9 (%),40.4,58.0,False,False
Karnataka,Belagavi,Child Feeding Practices and Nutritional Status of Children,61,Children under age 6 months exclusively breastfed10 (%),*,60.6,True,False
Karnataka,Belagavi,Child Feeding Practices and Nutritional Status of Children,62,Children under age 6 months currently breastfeeding10 (%),*,92.7,True,False
Karnataka,Belagavi,Child Feeding Practices and Nutritional Status of Children,63,Children under age 6 months exclusively breastfed or breastfeeding and consuming plain water/other milk only10 (%),*,78.8,True,False
Karnataka,Belagavi,Child Feeding Practices and Nutritional Status of Children,64,Children age 6-8 months receiving solid or semi-solid food and breastmilk10 (%),*,*,True,False
Karnataka,Belagavi,Child Feeding Practices and Nutritional Status of Children,65,"Breastfeeding children age 6-23 months receiving an adequate diet10, 11 (%)",8.1,8.3,True,False
Karnataka,Belagavi,Child Feeding Practices and Nutritional Status of Children,66,"Non-breastfeeding children age 6-23 months receiving an adequate diet10, 11 (%)",*,*,True,False
Karnataka,Belagavi,Child Feeding Practices and Nutritional Status of Children,67,"Total children age 6-23 months receiving an adequate diet10, 11 (%)",11.5,8.8,False,False
Karnataka,Belagavi,Child Feeding Practices and Nutritional Status of Children,68,Children under 5 years who are stunted (height-for-age)12 (%),31.6,32.8,False,False
Karnataka,Belagavi,Child Feeding Practices and Nutritional Status of Children,69,Children under 5 years who are wasted (weight-for-height)12 (%),11.5,23.6,False,False
Karnataka,Belagavi,Child Feeding Practices and Nutritional Status of Children,70,Children under 5 years who are severely wasted (weight-for-height)13 (%),2.9,10.2,False,False
Karnataka,Belagavi,Child Feeding Practices and Nutritional Status of Children,71,Children under 5 years who are underweight (weight-for-age)12 (%),22.8,36.9,False,False
Karnataka,Belagavi,Child Feeding Practices and Nutritional Status of Children,72,Children under 5 years who are overweight (weight-for-height)14 (%),0.5,2.9,False,False
Karnataka,Belagavi,Nutritional Status of Adults (age 15-49 years),73,Women whose Body Mass Index (BMI) is below normal (BMI <18.5 kg/m2)15 (%),20.2,22.2,False,False
Karnataka,Belagavi,Nutritional Status of Adults (age 15-49 years),74,Women who are overweight or obese (BMI ≥25.0 kg/m2)15 (%),34.5,23.8,False,False
Karnataka,Belagavi,Women,75,Blood sugar level - high (141-160 mg/dl)16 (%),6.7,4.8,False,False
Karnataka,Belagavi,Women,76,Blood sugar level - very high (>160 mg/dl)16 (%),9.3,6.6,False,False
Karnataka,Belagavi,Women,77,Blood sugar level - high or very high (>140 mg/dl) or taking medicine to control blood sugar level16 (%),17.8,12.9,False,False
Karnataka,Belagavi,Men,78,Blood sugar level - high (141-160 mg/dl)16 (%),8.8,5.1,False,False
Karnataka,Belagavi,Men,79,Blood sugar level - very high (>160 mg/dl)16 (%),11.3,5.9,False,False
Karnataka,Belagavi,Men,80,Blood sugar level - high or very high (>140 mg/dl) or taking medicine to control blood sugar level16 (%),21.2,12.2,False,False
Karnataka,Belagavi,Women,81,Mildly elevated blood pressure (Systolic 140-159 mm of Hg and/or Diastolic 90-99 mm of Hg) (%),11.1,11.5,False,False
Karnataka,Belagavi,Women,82,Moderately or severely elevated blood pressure (Systolic ≥160 mm of Hg and/or Diastolic ≥100 mm of Hg) (%),7.1,4.3,False,False
Karnataka,Belagavi,Women,83,Elevated blood pressure (Systolic ≥140 mm of Hg and/or Diastolic ≥90 mm of Hg) or taking medicine to control blood pressure (%),24.7,19.4,False,False
Karnataka,Belagavi,Men,84,Mildly elevated blood pressure (Systolic 140-159 mm of Hg and/or Diastolic 90-99 mm of Hg) (%),15.3,14.7,False,False
Karnataka,Belagavi,Men,85,Moderately or severely elevated blood pressure (Systolic ≥160 mm of Hg and/or Diastolic ≥100 mm of Hg) (%),7.9,4.9,False,False
Karnataka,Belagavi,Men,86,Elevated blood pressure (Systolic ≥140 mm of Hg and/or Diastolic ≥90 mm of Hg) or taking medicine to control blood pressure (%),28.5,22.2,False,False
Karnataka,Belagavi,Men,87,Women having a bank or savings account that they themselves use (%),95.4,77.7,False,False
Karnataka,Belagavi,Men,88,Women having a mobile phone that they themselves use (%),60.3,55.0,False,False
Karnataka,Belagavi,Men,89,Women age 15-24 years who use hygienic methods of protection during their menstrual period17 (%),78.2,75.3,False,False
Karnataka,Belagavi,Tobacco Use and Alcohol Consumption among Adults (age 15 years and above),90,Women age 15 years and above who use any kind of tobacco (%),6.6,6.6,False,False
Karnataka,Belagavi,Tobacco Use and Alcohol Consumption among Adults (age 15 years and above),91,Men age 15 years and above who use any kind of tobacco (%),27.8,28.8,False,False
Karnataka,Belagavi,Tobacco Use and Alcohol Consumption among Adults (age 15 years and above),92,Women age 15 years and above who consume alcohol (%),0.4,0.5,False,False
Karnataka,Belagavi,Tobacco Use and Alcohol Consumption among Adults (age 15 years and above),93,Men age 15 years and above who consume alcohol (%),11.4,11.5,False,False
Karnataka,Bengaluru Rural,Population and Household Profile,1,Population below age 5 years (%),5.6,6.0,False,False
Karnataka,Bengaluru Rural,Population and Household Profile,2,Population below age 15 years (%),20.7,20.5,False,False
Karnataka,Bengaluru Rural,Population and Household Profile,3,Population age 60 years and above (%),14.0,14.1,False,False
Karnataka,Bengaluru Rural,Population and Household Profile,4,Population living in households with electricity (%),99.9,99.2,False,False
Karnataka,Bengaluru Rural,Population and Household Profile,5,Population living in households with an improved drinking-water source1 (%),99.7,97.9,False,False
Karnataka,Bengaluru Rural,Population and Household Profile,6,Households using iodized salt (%),97.3,95.6,False,False
Karnataka,Bengaluru Rural,Population and Household Profile,7,Households with any usual member covered under a health insurance/financing scheme (%),77.2,40.4,False,False
Karnataka,Bengaluru Rural,Population and Household Profile,8,Households with any usual member having a bank account/post office account (%),99.2,96.8,False,False
Karnataka,Bengaluru Rural,Population and Household Profile,9,Female population age 6 years and above who ever attended school (%),79.9,74.3,False,False
Karnataka,Bengaluru Rural,Population and Household Profile,10,Households with any usual female members owning a house and/or land (alone or jointly with others) (%),25.4,19.9,False,False
Karnataka,Bengaluru Rural,Population and Household Profile,11,Children age 2-4 years who attended pre-school (%),61.3,39.8,False,False
Karnataka,Bengaluru Rural,Characteristics of Adults (age 15-49 years),12,Women with 10 or more years of schooling (%),66.2,56.3,False,False
Karnataka,Bengaluru Rural,Characteristics of Adults (age 15-49 years),13,Men with 10 or more years of schooling (%),80.4,76.9,False,False
Karnataka,Bengaluru Rural,Characteristics of Adults (age 15-49 years),14,Women who have ever used the internet (%),73.8,50.9,False,False
Karnataka,Bengaluru Rural,Characteristics of Adults (age 15-49 years),15,Men who have ever used the internet (%),95.6,85.4,False,False
Karnataka,Bengaluru Rural,Marriage and Fertility,16,Women age 20-24 years married before age 18 years (%),10.6,14.1,False,False
Karnataka,Bengaluru Rural,Marriage and Fertility,17,Men age 25-29 years married before age 21 years (%),*,*,True,False
Karnataka,Bengaluru Rural,Marriage and Fertility,18,Three or more births in the 5 years preceding the survey (%),0.0,0.4,False,False
Karnataka,Bengaluru Rural,Marriage and Fertility,19,Women age 15-19 years who were already mothers or pregnant at the time of the survey (%),4.9,6.4,False,False
Karnataka,Bengaluru Rural,Marriage and Fertility,20,Any method2 (%),70.1,77.5,False,False
Karnataka,Bengaluru Rural,Marriage and Fertility,21,Any modern method2 (%),68.8,76.3,False,False
Karnataka,Bengaluru Rural,Marriage and Fertility,22,Any traditional method (%),1.3,1.2,False,False
Karnataka,Bengaluru Rural,Marriage and Fertility,23,Female sterilization (%),63.1,65.7,False,False
Karnataka,Bengaluru Rural,Marriage and Fertility,24,Male sterilization (%),0.0,0.1,False,False
Karnataka,Bengaluru Rural,Marriage and Fertility,25,Total unmet need3 (%),8.6,5.9,False,False
Karnataka,Bengaluru Rural,Marriage and Fertility,26,Unmet need for spacing3 (%),4.7,4.0,False,False
Karnataka,Bengaluru Rural,Marriage and Fertility,27,Unmet need for limiting3 (%),3.9,1.9,False,False
Karnataka,Bengaluru Rural,Antenatal Care (for last birth in the 5 years before the survey),28,Mothers who had an antenatal check-up in the first trimester (%),78.5,81.8,False,False
Karnataka,Bengaluru Rural,Antenatal Care (for last birth in the 5 years before the survey),29,Mothers who had any antenatal care visits (%),99.5,100.0,False,False
Karnataka,Bengaluru Rural,Antenatal Care (for last birth in the 5 years before the survey),30,Mothers who had at least 4 antenatal care visits (%),77.6,90.9,False,False
Karnataka,Bengaluru Rural,Antenatal Care (for last birth in the 5 years before the survey),31,Mothers whose last birth was protected against neonatal tetanus4 (%),98.0,100.0,False,False
Karnataka,Bengaluru Rural,Antenatal Care (for last birth in the 5 years before the survey),32,Mothers who consumed iron folic acid for 100 days or more when they were pregnant (%),89.9,67.0,False,False
Karnataka,Bengaluru Rural,Antenatal Care (for last birth in the 5 years before the survey),33,Mothers who consumed iron folic acid for 180 days or more when they were pregnant (%),77.8,39.8,False,False
Karnataka,Bengaluru Rural,Antenatal Care (for last birth in the 5 years before the survey),34,Registered pregnancies for which the mother received a Mother and Child Protection (MCP) card (%),99.5,98.4,False,False
Karnataka,Bengaluru Rural,Delivery Care (for births in the 5 years before the survey),35,Institutional births (%),96.8,100.0,False,False
Karnataka,Bengaluru Rural,Delivery Care (for births in the 5 years before the survey),36,Institutional births in public facility (%),54.0,72.0,False,False
Karnataka,Bengaluru Rural,Delivery Care (for births in the 5 years before the survey),37,Births attended by skilled health personnel5 (%),97.2,97.9,False,False
Karnataka,Bengaluru Rural,Delivery Care (for births in the 5 years before the survey),38,Births delivered by caesarean section (%),64.4,43.6,False,False
Karnataka,Bengaluru Rural,Delivery Care (for births in the 5 years before the survey),39,Births in a private health facility that were delivered by caesarean section (%),71.7,60.5,False,False
Karnataka,Bengaluru Rural,Delivery Care (for births in the 5 years before the survey),40,Births in a public health facility that were delivered by caesarean section (%),62.4,37.0,False,False
Karnataka,Bengaluru Rural,Postnatal Care (for last birth in the 5 years before the survey),41,Mothers who received postnatal care from a doctor/nurse/LHV/ANM/midwife/other health personnel within 2 days of delivery+ (%),90.2,91.7,False,False
Karnataka,Bengaluru Rural,Postnatal Care (for last birth in the 5 years before the survey),42,Children born at home who were taken to a health facility for a check-up within 24 hours of birth (%),*,*,True,False
Karnataka,Bengaluru Rural,Postnatal Care (for last birth in the 5 years before the survey),43,Children who received postnatal care from a doctor/nurse/LHV/ANM/midwife/other health personnel within 2 days of delivery+ (%),91.4,91.0,False,False
Karnataka,Bengaluru Rural,Child Vaccinations and Vitamin A Supplementation,44,Children age 12-23 months fully vaccinated based on information from either vaccination card or mother's recall6 (%),97.7,92.7,True,False
Karnataka,Bengaluru Rural,Child Vaccinations and Vitamin A Supplementation,45,Children age 12-23 months fully vaccinated based on information from vaccination card only7 (%),88.1,92.5,True,False
Karnataka,Bengaluru Rural,Child Vaccinations and Vitamin A Supplementation,46,Children age 12-23 months who have received any vaccine (%),100.0,100.0,True,False
Karnataka,Bengaluru Rural,Child Vaccinations and Vitamin A Supplementation,47,Children age 12-23 months who have received BCG (%),100.0,100.0,True,False
Karnataka,Bengaluru Rural,Child Vaccinations and Vitamin A Supplementation,48,Children age 12-23 months who have received 3 doses of polio vaccine8 (%),97.7,94.3,True,False
Karnataka,Bengaluru Rural,Child Vaccinations and Vitamin A Supplementation,49,Children age 12-23 months who have received 3 doses of pentavalent vaccine (%),97.7,98.4,True,False
Karnataka,Bengaluru Rural,Child Vaccinations and Vitamin A Supplementation,50,Children age 12-23 months who have received the first dose of measles-containing vaccine (MCV) (%),100.0,100.0,True,False
Karnataka,Bengaluru Rural,Child Vaccinations and Vitamin A Supplementation,51,Children age 24-35 months who have received a second dose of measles-containing vaccine (MCV) (%),86.8,76.6,True,False
Karnataka,Bengaluru Rural,Child Vaccinations and Vitamin A Supplementation,52,Children age 12-23 months who have received birth dose of hepatitis B vaccine (%),100.0,86.8,True,False
Karnataka,Bengaluru Rural,Child Vaccinations and Vitamin A Supplementation,53,Children age 12-23 months who have received 3 doses of rotavirus vaccine (%),81.3,4.3,True,False
Karnataka,Bengaluru Rural,Child Vaccinations and Vitamin A Supplementation,54,Children age 9-35 months who received a vitamin A dose in the last 6 months (%),93.9,84.9,False,False
Karnataka,Bengaluru Rural,Child Vaccinations and Vitamin A Supplementation,55,Children age 12-23 months who received most of their vaccinations in a public health facility (%),78.5,100.0,True,False
Karnataka,Bengaluru Rural,Child Vaccinations and Vitamin A Supplementation,56,Children age 12-23 months who received most of their vaccinations in a private health facility (%),21.5,0.0,True,False
Karnataka,Bengaluru Rural,Treatment of Childhood Diseases (children under age 5 years),57,Prevalence of diarrhoea in the 2 weeks preceding the survey (%),13.2,3.2,False,False
Karnataka,Bengaluru Rural,Treatment of Childhood Diseases (children under age 5 years),58,Prevalence of symptoms of acute respiratory infection (ARI) in the 2 weeks preceding the survey (%),11.4,0.4,False,False
Karnataka,Bengaluru Rural,Treatment of Childhood Diseases (children under age 5 years),59,Children with fever or symptoms of ARI in the 2 weeks preceding the survey taken to a health facility or health provider (%),72.9,*,True,False
Karnataka,Bengaluru Rural,Child Feeding Practices and Nutritional Status of Children,60,Children under age 3 years breastfed within one hour of birth9 (%),53.2,59.8,False,False
Karnataka,Bengaluru Rural,Child Feeding Practices and Nutritional Status of Children,61,Children under age 6 months exclusively breastfed10 (%),*,*,True,False
Karnataka,Bengaluru Rural,Child Feeding Practices and Nutritional Status of Children,62,Children under age 6 months currently breastfeeding10 (%),*,*,True,False
Karnataka,Bengaluru Rural,Child Feeding Practices and Nutritional Status of Children,63,Children under age 6 months exclusively breastfed or breastfeeding and consuming plain water/other milk only10 (%),*,*,True,False
Karnataka,Bengaluru Rural,Child Feeding Practices and Nutritional Status of Children,64,Children age 6-8 months receiving solid or semi-solid food and breastmilk10 (%),*,*,True,False
Karnataka,Bengaluru Rural,Child Feeding Practices and Nutritional Status of Children,65,"Breastfeeding children age 6-23 months receiving an adequate diet10, 11 (%)",18.6,15.7,True,False
Karnataka,Bengaluru Rural,Child Feeding Practices and Nutritional Status of Children,66,"Non-breastfeeding children age 6-23 months receiving an adequate diet10, 11 (%)",*,*,True,False
Karnataka,Bengaluru Rural,Child Feeding Practices and Nutritional Status of Children,67,"Total children age 6-23 months receiving an adequate diet10, 11 (%)",22.4,17.6,False,False
Karnataka,Bengaluru Rural,Child Feeding Practices and Nutritional Status of Children,68,Children under 5 years who are stunted (height-for-age)12 (%),20.3,36.6,False,False
Karnataka,Bengaluru Rural,Child Feeding Practices and Nutritional Status of Children,69,Children under 5 years who are wasted (weight-for-height)12 (%),11.0,16.2,False,False
Karnataka,Bengaluru Rural,Child Feeding Practices and Nutritional Status of Children,70,Children under 5 years who are severely wasted (weight-for-height)13 (%),5.2,9.4,False,False
Karnataka,Bengaluru Rural,Child Feeding Practices and Nutritional Status of Children,71,Children under 5 years who are underweight (weight-for-age)12 (%),18.7,23.8,False,False
Karnataka,Bengaluru Rural,Child Feeding Practices and Nutritional Status of Children,72,Children under 5 years who are overweight (weight-for-height)14 (%),1.0,6.0,False,False
Karnataka,Bengaluru Rural,Nutritional Status of Adults (age 15-49 years),73,Women whose Body Mass Index (BMI) is below normal (BMI <18.5 kg/m2)15 (%),12.3,14.1,False,False
Karnataka,Bengaluru Rural,Nutritional Status of Adults (age 15-49 years),74,Women who are overweight or obese (BMI ≥25.0 kg/m2)15 (%),51.0,33.2,False,False
Karnataka,Bengaluru Rural,Women,75,Blood sugar level - high (141-160 mg/dl)16 (%),8.2,5.9,False,False
Karnataka,Bengaluru Rural,Women,76,Blood sugar level - very high (>160 mg/dl)16 (%),16.3,6.2,False,False
Karnataka,Bengaluru Rural,Women,77,Blood sugar level - high or very high (>140 mg/dl) or taking medicine to control blood sugar level16 (%),26.3,13.6,False,False
Karnataka,Bengaluru Rural,Men,78,Blood sugar level - high (141-160 mg/dl)16 (%),10.6,5.6,False,False
Karnataka,Bengaluru Rural,Men,79,Blood sugar level - very high (>160 mg/dl)16 (%),22.4,10.6,False,False
Karnataka,Bengaluru Rural,Men,80,Blood sugar level - high or very high (>140 mg/dl) or taking medicine to control blood sugar level16 (%),35.2,17.7,False,False
Karnataka,Bengaluru Rural,Women,81,Mildly elevated blood pressure (Systolic 140-159 mm of Hg and/or Diastolic 90-99 mm of Hg) (%),13.1,15.6,False,False
Karnataka,Bengaluru Rural,Women,82,Moderately or severely elevated blood pressure (Systolic ≥160 mm of Hg and/or Diastolic ≥100 mm of Hg) (%),5.2,7.4,False,False
Karnataka,Bengaluru Rural,Women,83,Elevated blood pressure (Systolic ≥140 mm of Hg and/or Diastolic ≥90 mm of Hg) or taking medicine to control blood pressure (%),24.3,26.7,False,False
Karnataka,Bengaluru Rural,Men,84,Mildly elevated blood pressure (Systolic 140-159 mm of Hg and/or Diastolic 90-99 mm of Hg) (%),22.9,20.9,False,False
Karnataka,Bengaluru Rural,Men,85,Moderately or severely elevated blood pressure (Systolic ≥160 mm of Hg and/or Diastolic ≥100 mm of Hg) (%),6.5,8.0,False,False
Karnataka,Bengaluru Rural,Men,86,Elevated blood pressure (Systolic ≥140 mm of Hg and/or Diastolic ≥90 mm of Hg) or taking medicine to control blood pressure (%),35.0,30.8,False,False
Karnataka,Bengaluru Rural,Men,87,Women having a bank or savings account that they themselves use (%),93.1,89.2,False,False
Karnataka,Bengaluru Rural,Men,88,Women having a mobile phone that they themselves use (%),84.3,74.8,False,False
Karnataka,Bengaluru Rural,Men,89,Women age 15-24 years who use hygienic methods of protection during their menstrual period17 (%),98.7,97.6,False,False
Karnataka,Bengaluru Rural,Tobacco Use and Alcohol Consumption among Adults (age 15 years and above),90,Women age 15 years and above who use any kind of tobacco (%),8.1,13.1,False,False
Karnataka,Bengaluru Rural,Tobacco Use and Alcohol Consumption among Adults (age 15 years and above),91,Men age 15 years and above who use any kind of tobacco (%),15.3,24.8,False,False
Karnataka,Bengaluru Rural,Tobacco Use and Alcohol Consumption among Adults (age 15 years and above),92,Women age 15 years and above who consume alcohol (%),1.0,1.5,False,False
Karnataka,Bengaluru Rural,Tobacco Use and Alcohol Consumption among Adults (age 15 years and above),93,Men age 15 years and above who consume alcohol (%),13.2,17.8,False,False
Karnataka,Bengaluru Urban,Population and Household Profile,1,Population below age 5 years (%),7.1,5.7,False,False
Karnataka,Bengaluru Urban,Population and Household Profile,2,Population below age 15 years (%),21.9,20.6,False,False
Karnataka,Bengaluru Urban,Population and Household Profile,3,Population age 60 years and above (%),12.5,11.7,False,False
Karnataka,Bengaluru Urban,Population and Household Profile,4,Population living in households with electricity (%),99.8,98.8,False,False
Karnataka,Bengaluru Urban,Population and Household Profile,5,Population living in households with an improved drinking-water source1 (%),99.9,99.2,False,False
Karnataka,Bengaluru Urban,Population and Household Profile,6,Households using iodized salt (%),98.8,99.4,False,False
Karnataka,Bengaluru Urban,Population and Household Profile,7,Households with any usual member covered under a health insurance/financing scheme (%),53.1,31.6,False,False
Karnataka,Bengaluru Urban,Population and Household Profile,8,Households with any usual member having a bank account/post office account (%),97.6,95.1,False,False
Karnataka,Bengaluru Urban,Population and Household Profile,9,Female population age 6 years and above who ever attended school (%),85.9,85.7,False,False
Karnataka,Bengaluru Urban,Population and Household Profile,10,Households with any usual female members owning a house and/or land (alone or jointly with others) (%),17.9,6.1,False,False
Karnataka,Bengaluru Urban,Population and Household Profile,11,Children age 2-4 years who attended pre-school (%),53.4,34.1,False,False
Karnataka,Bengaluru Urban,Characteristics of Adults (age 15-49 years),12,Women with 10 or more years of schooling (%),70.8,70.1,False,False
Karnataka,Bengaluru Urban,Characteristics of Adults (age 15-49 years),13,Men with 10 or more years of schooling (%),72.7,68.6,False,False
Karnataka,Bengaluru Urban,Characteristics of Adults (age 15-49 years),14,Women who have ever used the internet (%),81.1,55.1,False,False
Karnataka,Bengaluru Urban,Characteristics of Adults (age 15-49 years),15,Men who have ever used the internet (%),95.1,77.2,False,False
Karnataka,Bengaluru Urban,Marriage and Fertility,16,Women age 20-24 years married before age 18 years (%),10.0,14.5,False,False
Karnataka,Bengaluru Urban,Marriage and Fertility,17,Men age 25-29 years married before age 21 years (%),*,*,True,False
Karnataka,Bengaluru Urban,Marriage and Fertility,18,Three or more births in the 5 years preceding the survey (%),0.0,2.0,False,False
Karnataka,Bengaluru Urban,Marriage and Fertility,19,Women age 15-19 years who were already mothers or pregnant at the time of the survey (%),2.0,2.0,False,False
Karnataka,Bengaluru Urban,Marriage and Fertility,20,Any method2 (%),60.6,73.2,False,False
Karnataka,Bengaluru Urban,Marriage and Fertility,21,Any modern method2 (%),58.1,73.0,False,False
Karnataka,Bengaluru Urban,Marriage and Fertility,22,Any traditional method (%),2.5,0.2,False,False
Karnataka,Bengaluru Urban,Marriage and Fertility,23,Female sterilization (%),49.6,55.2,False,False
Karnataka,Bengaluru Urban,Marriage and Fertility,24,Male sterilization (%),0.0,0.0,False,False
Karnataka,Bengaluru Urban,Marriage and Fertility,25,Total unmet need3 (%),11.4,4.7,False,False
Karnataka,Bengaluru Urban,Marriage and Fertility,26,Unmet need for spacing3 (%),6.2,3.0,False,False
Karnataka,Bengaluru Urban,Marriage and Fertility,27,Unmet need for limiting3 (%),5.2,1.7,False,False
Karnataka,Bengaluru Urban,Antenatal Care (for last birth in the 5 years before the survey),28,Mothers who had an antenatal check-up in the first trimester (%),95.2,75.3,False,False
Karnataka,Bengaluru Urban,Antenatal Care (for last birth in the 5 years before the survey),29,Mothers who had any antenatal care visits (%),94.6,99.0,False,False
Karnataka,Bengaluru Urban,Antenatal Care (for last birth in the 5 years before the survey),30,Mothers who had at least 4 antenatal care visits (%),91.6,74.6,False,False
Karnataka,Bengaluru Urban,Antenatal Care (for last birth in the 5 years before the survey),31,Mothers whose last birth was protected against neonatal tetanus4 (%),96.9,98.4,False,False
Karnataka,Bengaluru Urban,Antenatal Care (for last birth in the 5 years before the survey),32,Mothers who consumed iron folic acid for 100 days or more when they were pregnant (%),89.8,58.8,False,False
Karnataka,Bengaluru Urban,Antenatal Care (for last birth in the 5 years before the survey),33,Mothers who consumed iron folic acid for 180 days or more when they were pregnant (%),85.6,46.3,False,False
Karnataka,Bengaluru Urban,Antenatal Care (for last birth in the 5 years before the survey),34,Registered pregnancies for which the mother received a Mother and Child Protection (MCP) card (%),93.9,98.0,False,False
Karnataka,Bengaluru Urban,Delivery Care (for births in the 5 years before the survey),35,Institutional births (%),99.2,99.3,False,False
Karnataka,Bengaluru Urban,Delivery Care (for births in the 5 years before the survey),36,Institutional births in public facility (%),41.9,54.7,False,False
Karnataka,Bengaluru Urban,Delivery Care (for births in the 5 years before the survey),37,Births attended by skilled health personnel5 (%),98.2,94.4,False,False
Karnataka,Bengaluru Urban,Delivery Care (for births in the 5 years before the survey),38,Births delivered by caesarean section (%),51.7,30.6,False,False
Karnataka,Bengaluru Urban,Delivery Care (for births in the 5 years before the survey),39,Births in a private health facility that were delivered by caesarean section (%),59.8,48.9,False,False
Karnataka,Bengaluru Urban,Delivery Care (for births in the 5 years before the survey),40,Births in a public health facility that were delivered by caesarean section (%),41.5,16.0,False,False
Karnataka,Bengaluru Urban,Postnatal Care (for last birth in the 5 years before the survey),41,Mothers who received postnatal care from a doctor/nurse/LHV/ANM/midwife/other health personnel within 2 days of delivery+ (%),93.3,88.0,False,False
Karnataka,Bengaluru Urban,Postnatal Care (for last birth in the 5 years before the survey),42,Children born at home who were taken to a health facility for a check-up within 24 hours of birth (%),*,*,True,False
Karnataka,Bengaluru Urban,Postnatal Care (for last birth in the 5 years before the survey),43,Children who received postnatal care from a doctor/nurse/LHV/ANM/midwife/other health personnel within 2 days of delivery+ (%),91.0,88.2,False,False
Karnataka,Bengaluru Urban,Child Vaccinations and Vitamin A Supplementation,44,Children age 12-23 months fully vaccinated based on information from either vaccination card or mother's recall6 (%),92.9,78.2,True,False
Karnataka,Bengaluru Urban,Child Vaccinations and Vitamin A Supplementation,45,Children age 12-23 months fully vaccinated based on information from vaccination card only7 (%),92.8,88.4,True,False
Karnataka,Bengaluru Urban,Child Vaccinations and Vitamin A Supplementation,46,Children age 12-23 months who have received any vaccine (%),95.2,95.4,True,False
Karnataka,Bengaluru Urban,Child Vaccinations and Vitamin A Supplementation,47,Children age 12-23 months who have received BCG (%),95.2,95.4,True,False
Karnataka,Bengaluru Urban,Child Vaccinations and Vitamin A Supplementation,48,Children age 12-23 months who have received 3 doses of polio vaccine8 (%),92.9,78.2,True,False
Karnataka,Bengaluru Urban,Child Vaccinations and Vitamin A Supplementation,49,Children age 12-23 months who have received 3 doses of pentavalent vaccine (%),92.9,90.0,True,False
Karnataka,Bengaluru Urban,Child Vaccinations and Vitamin A Supplementation,50,Children age 12-23 months who have received the first dose of measles-containing vaccine (MCV) (%),95.2,85.4,True,False
Karnataka,Bengaluru Urban,Child Vaccinations and Vitamin A Supplementation,51,Children age 24-35 months who have received a second dose of measles-containing vaccine (MCV) (%),79.0,55.9,True,False
Karnataka,Bengaluru Urban,Child Vaccinations and Vitamin A Supplementation,52,Children age 12-23 months who have received birth dose of hepatitis B vaccine (%),92.9,84.8,True,False
Karnataka,Bengaluru Urban,Child Vaccinations and Vitamin A Supplementation,53,Children age 12-23 months who have received 3 doses of rotavirus vaccine (%),88.6,11.2,True,False
Karnataka,Bengaluru Urban,Child Vaccinations and Vitamin A Supplementation,54,Children age 9-35 months who received a vitamin A dose in the last 6 months (%),85.7,86.9,False,False
Karnataka,Bengaluru Urban,Child Vaccinations and Vitamin A Supplementation,55,Children age 12-23 months who received most of their vaccinations in a public health facility (%),70.0,67.1,True,False
Karnataka,Bengaluru Urban,Child Vaccinations and Vitamin A Supplementation,56,Children age 12-23 months who received most of their vaccinations in a private health facility (%),27.4,32.9,True,False
Karnataka,Bengaluru Urban,Treatment of Childhood Diseases (children under age 5 years),57,Prevalence of diarrhoea in the 2 weeks preceding the survey (%),4.0,2.2,False,False
Karnataka,Bengaluru Urban,Treatment of Childhood Diseases (children under age 5 years),58,Prevalence of symptoms of acute respiratory infection (ARI) in the 2 weeks preceding the survey (%),0.0,0.0,False,False
Karnataka,Bengaluru Urban,Treatment of Childhood Diseases (children under age 5 years),59,Children with fever or symptoms of ARI in the 2 weeks preceding the survey taken to a health facility or health provider (%),*,*,True,False
Karnataka,Bengaluru Urban,Child Feeding Practices and Nutritional Status of Children,60,Children under age 3 years breastfed within one hour of birth9 (%),55.2,53.8,False,False
Karnataka,Bengaluru Urban,Child Feeding Practices and Nutritional Status of Children,61,Children under age 6 months exclusively breastfed10 (%),*,*,True,False
Karnataka,Bengaluru Urban,Child Feeding Practices and Nutritional Status of Children,62,Children under age 6 months currently breastfeeding10 (%),*,*,True,False
Karnataka,Bengaluru Urban,Child Feeding Practices and Nutritional Status of Children,63,Children under age 6 months exclusively breastfed or breastfeeding and consuming plain water/other milk only10 (%),*,*,True,False
Karnataka,Bengaluru Urban,Child Feeding Practices and Nutritional Status of Children,64,Children age 6-8 months receiving solid or semi-solid food and breastmilk10 (%),*,*,True,False
Karnataka,Bengaluru Urban,Child Feeding Practices and Nutritional Status of Children,65,"Breastfeeding children age 6-23 months receiving an adequate diet10, 11 (%)",22.5,4.8,True,False
Karnataka,Bengaluru Urban,Child Feeding Practices and Nutritional Status of Children,66,"Non-breastfeeding children age 6-23 months receiving an adequate diet10, 11 (%)",*,*,True,False
Karnataka,Bengaluru Urban,Child Feeding Practices and Nutritional Status of Children,67,"Total children age 6-23 months receiving an adequate diet10, 11 (%)",25.3,7.4,False,False
Karnataka,Bengaluru Urban,Child Feeding Practices and Nutritional Status of Children,68,Children under 5 years who are stunted (height-for-age)12 (%),15.6,31.3,False,False
Karnataka,Bengaluru Urban,Child Feeding Practices and Nutritional Status of Children,69,Children under 5 years who are wasted (weight-for-height)12 (%),13.9,19.2,False,False
Karnataka,Bengaluru Urban,Child Feeding Practices and Nutritional Status of Children,70,Children under 5 years who are severely wasted (weight-for-height)13 (%),1.6,11.4,False,False
Karnataka,Bengaluru Urban,Child Feeding Practices and Nutritional Status of Children,71,Children under 5 years who are underweight (weight-for-age)12 (%),15.5,28.1,False,False
Karnataka,Bengaluru Urban,Child Feeding Practices and Nutritional Status of Children,72,Children under 5 years who are overweight (weight-for-height)14 (%),1.2,4.3,False,False
Karnataka,Bengaluru Urban,Nutritional Status of Adults (age 15-49 years),73,Women whose Body Mass Index (BMI) is below normal (BMI <18.5 kg/m2)15 (%),7.6,10.0,False,False
Karnataka,Bengaluru Urban,Nutritional Status of Adults (age 15-49 years),74,Women who are overweight or obese (BMI ≥25.0 kg/m2)15 (%),55.3,40.1,False,False
Karnataka,Bengaluru Urban,Women,75,Blood sugar level - high (141-160 mg/dl)16 (%),9.6,8.4,False,False
Karnataka,Bengaluru Urban,Women,76,Blood sugar level - very high (>160 mg/dl)16 (%),16.0,9.7,False,False
Karnataka,Bengaluru Urban,Women,77,Blood sugar level - high or very high (>140 mg/dl) or taking medicine to control blood sugar level16 (%),27.5,19.4,False,False
Karnataka,Bengaluru Urban,Men,78,Blood sugar level - high (141-160 mg/dl)16 (%),8.6,10.4,False,False
Karnataka,Bengaluru Urban,Men,79,Blood sugar level - very high (>160 mg/dl)16 (%),18.4,9.2,False,False
Karnataka,Bengaluru Urban,Men,80,Blood sugar level - high or very high (>140 mg/dl) or taking medicine to control blood sugar level16 (%),30.1,21.3,False,False
Karnataka,Bengaluru Urban,Women,81,Mildly elevated blood pressure (Systolic 140-159 mm of Hg and/or Diastolic 90-99 mm of Hg) (%),11.2,21.1,False,False
Karnataka,Bengaluru Urban,Women,82,Moderately or severely elevated blood pressure (Systolic ≥160 mm of Hg and/or Diastolic ≥100 mm of Hg) (%),7.7,5.6,False,False
Karnataka,Bengaluru Urban,Women,83,Elevated blood pressure (Systolic ≥140 mm of Hg and/or Diastolic ≥90 mm of Hg) or taking medicine to control blood pressure (%),26.8,30.7,False,False
Karnataka,Bengaluru Urban,Men,84,Mildly elevated blood pressure (Systolic 140-159 mm of Hg and/or Diastolic 90-99 mm of Hg) (%),18.2,21.8,False,False
Karnataka,Bengaluru Urban,Men,85,Moderately or severely elevated blood pressure (Systolic ≥160 mm of Hg and/or Diastolic ≥100 mm of Hg) (%),7.5,7.5,False,False
Karnataka,Bengaluru Urban,Men,86,Elevated blood pressure (Systolic ≥140 mm of Hg and/or Diastolic ≥90 mm of Hg) or taking medicine to control blood pressure (%),32.3,33.5,False,False
Karnataka,Bengaluru Urban,Men,87,Women having a bank or savings account that they themselves use (%),93.9,91.8,False,False
Karnataka,Bengaluru Urban,Men,88,Women having a mobile phone that they themselves use (%),91.5,88.3,False,False
Karnataka,Bengaluru Urban,Men,89,Women age 15-24 years who use hygienic methods of protection during their menstrual period17 (%),97.4,98.5,False,False
Karnataka,Bengaluru Urban,Tobacco Use and Alcohol Consumption among Adults (age 15 years and above),90,Women age 15 years and above who use any kind of tobacco (%),2.1,2.9,False,False
Karnataka,Bengaluru Urban,Tobacco Use and Alcohol Consumption among Adults (age 15 years and above),91,Men age 15 years and above who use any kind of tobacco (%),17.6,20.9,False,False
Karnataka,Bengaluru Urban,Tobacco Use and Alcohol Consumption among Adults (age 15 years and above),92,Women age 15 years and above who consume alcohol (%),0.1,1.1,False,False
Karnataka,Bengaluru Urban,Tobacco Use and Alcohol Consumption among Adults (age 15 years and above),93,Men age 15 years and above who consume alcohol (%),14.9,17.3,False,False
Karnataka,Bidar,Population and Household Profile,1,Population below age 5 years (%),7.1,8.4,False,False
Karnataka,Bidar,Population and Household Profile,2,Population below age 15 years (%),25.8,27.3,False,False
Karnataka,Bidar,Population and Household Profile,3,Population age 60 years and above (%),13.6,12.1,False,False
Karnataka,Bidar,Population and Household Profile,4,Population living in households with electricity (%),99.2,98.8,False,False
Karnataka,Bidar,Population and Household Profile,5,Population living in households with an improved drinking-water source1 (%),99.6,98.9,False,False
Karnataka,Bidar,Population and Household Profile,6,Households using iodized salt (%),99.3,97.7,False,False
Karnataka,Bidar,Population and Household Profile,7,Households with any usual member covered under a health insurance/financing scheme (%),61.5,24.8,False,False
Karnataka,Bidar,Population and Household Profile,8,Households with any usual member having a bank account/post office account (%),99.7,95.7,False,False
Karnataka,Bidar,Population and Household Profile,9,Female population age 6 years and above who ever attended school (%),72.8,68.2,False,False
Karnataka,Bidar,Population and Household Profile,10,Households with any usual female members owning a house and/or land (alone or jointly with others) (%),35.6,18.6,False,False
Karnataka,Bidar,Population and Household Profile,11,Children age 2-4 years who attended pre-school (%),62.5,52.1,False,False
Karnataka,Bidar,Characteristics of Adults (age 15-49 years),12,Women with 10 or more years of schooling (%),51.7,45.0,False,False
Karnataka,Bidar,Characteristics of Adults (age 15-49 years),13,Men with 10 or more years of schooling (%),63.9,49.3,False,False
Karnataka,Bidar,Characteristics of Adults (age 15-49 years),14,Women who have ever used the internet (%),59.7,17.4,False,False
Karnataka,Bidar,Characteristics of Adults (age 15-49 years),15,Men who have ever used the internet (%),84.1,54.4,False,False
Karnataka,Bidar,Marriage and Fertility,16,Women age 20-24 years married before age 18 years (%),15.7,19.2,False,False
Karnataka,Bidar,Marriage and Fertility,17,Men age 25-29 years married before age 21 years (%),*,9.8,True,False
Karnataka,Bidar,Marriage and Fertility,18,Three or more births in the 5 years preceding the survey (%),1.6,4.2,False,False
Karnataka,Bidar,Marriage and Fertility,19,Women age 15-19 years who were already mothers or pregnant at the time of the survey (%),9.4,4.0,False,False
Karnataka,Bidar,Marriage and Fertility,20,Any method2 (%),66.6,69.1,False,False
Karnataka,Bidar,Marriage and Fertility,21,Any modern method2 (%),65.0,68.5,False,False
Karnataka,Bidar,Marriage and Fertility,22,Any traditional method (%),1.6,0.6,False,False
Karnataka,Bidar,Marriage and Fertility,23,Female sterilization (%),57.2,50.1,False,False
Karnataka,Bidar,Marriage and Fertility,24,Male sterilization (%),0.0,0.0,False,False
Karnataka,Bidar,Marriage and Fertility,25,Total unmet need3 (%),7.6,8.1,False,False
Karnataka,Bidar,Marriage and Fertility,26,Unmet need for spacing3 (%),4.0,3.6,False,False
Karnataka,Bidar,Marriage and Fertility,27,Unmet need for limiting3 (%),3.6,4.5,False,False
Karnataka,Bidar,Antenatal Care (for last birth in the 5 years before the survey),28,Mothers who had an antenatal check-up in the first trimester (%),83.1,62.7,False,False
Karnataka,Bidar,Antenatal Care (for last birth in the 5 years before the survey),29,Mothers who had any antenatal care visits (%),99.5,98.1,False,False
Karnataka,Bidar,Antenatal Care (for last birth in the 5 years before the survey),30,Mothers who had at least 4 antenatal care visits (%),89.9,55.3,False,False
Karnataka,Bidar,Antenatal Care (for last birth in the 5 years before the survey),31,Mothers whose last birth was protected against neonatal tetanus4 (%),98.6,97.4,False,False
Karnataka,Bidar,Antenatal Care (for last birth in the 5 years before the survey),32,Mothers who consumed iron folic acid for 100 days or more when they were pregnant (%),84.2,39.7,False,False
Karnataka,Bidar,Antenatal Care (for last birth in the 5 years before the survey),33,Mothers who consumed iron folic acid for 180 days or more when they were pregnant (%),61.7,26.4,False,False
Karnataka,Bidar,Antenatal Care (for last birth in the 5 years before the survey),34,Registered pregnancies for which the mother received a Mother and Child Protection (MCP) card (%),99.9,96.8,False,False
Karnataka,Bidar,Delivery Care (for births in the 5 years before the survey),35,Institutional births (%),100.0,99.0,False,False
Karnataka,Bidar,Delivery Care (for births in the 5 years before the survey),36,Institutional births in public facility (%),59.2,73.4,False,False
Karnataka,Bidar,Delivery Care (for births in the 5 years before the survey),37,Births attended by skilled health personnel5 (%),100.0,91.7,False,False
Karnataka,Bidar,Delivery Care (for births in the 5 years before the survey),38,Births delivered by caesarean section (%),38.3,21.8,False,False
Karnataka,Bidar,Delivery Care (for births in the 5 years before the survey),39,Births in a private health facility that were delivered by caesarean section (%),72.4,42.3,False,False
Karnataka,Bidar,Delivery Care (for births in the 5 years before the survey),40,Births in a public health facility that were delivered by caesarean section (%),14.8,15.0,False,False
Karnataka,Bidar,Postnatal Care (for last birth in the 5 years before the survey),41,Mothers who received postnatal care from a doctor/nurse/LHV/ANM/midwife/other health personnel within 2 days of delivery+ (%),98.7,89.6,False,False
Karnataka,Bidar,Postnatal Care (for last birth in the 5 years before the survey),42,Children born at home who were taken to a health facility for a check-up within 24 hours of birth (%),*,*,True,False
Karnataka,Bidar,Postnatal Care (for last birth in the 5 years before the survey),43,Children who received postnatal care from a doctor/nurse/LHV/ANM/midwife/other health personnel within 2 days of delivery+ (%),99.5,86.5,False,False
Karnataka,Bidar,Child Vaccinations and Vitamin A Supplementation,44,Children age 12-23 months fully vaccinated based on information from either vaccination card or mother's recall6 (%),92.3,74.8,False,False
Karnataka,Bidar,Child Vaccinations and Vitamin A Supplementation,45,Children age 12-23 months fully vaccinated based on information from vaccination card only7 (%),95.7,77.7,False,False
Karnataka,Bidar,Child Vaccinations and Vitamin A Supplementation,46,Children age 12-23 months who have received any vaccine (%),96.4,97.7,False,False
Karnataka,Bidar,Child Vaccinations and Vitamin A Supplementation,47,Children age 12-23 months who have received BCG (%),96.4,97.7,False,False
Karnataka,Bidar,Child Vaccinations and Vitamin A Supplementation,48,Children age 12-23 months who have received 3 doses of polio vaccine8 (%),92.3,87.2,False,False
Karnataka,Bidar,Child Vaccinations and Vitamin A Supplementation,49,Children age 12-23 months who have received 3 doses of pentavalent vaccine (%),92.3,86.6,False,False
Karnataka,Bidar,Child Vaccinations and Vitamin A Supplementation,50,Children age 12-23 months who have received the first dose of measles-containing vaccine (MCV) (%),96.4,81.8,False,False
Karnataka,Bidar,Child Vaccinations and Vitamin A Supplementation,51,Children age 24-35 months who have received a second dose of measles-containing vaccine (MCV) (%),74.1,51.4,True,False
Karnataka,Bidar,Child Vaccinations and Vitamin A Supplementation,52,Children age 12-23 months who have received birth dose of hepatitis B vaccine (%),94.3,82.1,False,False
Karnataka,Bidar,Child Vaccinations and Vitamin A Supplementation,53,Children age 12-23 months who have received 3 doses of rotavirus vaccine (%),86.9,13.0,False,False
Karnataka,Bidar,Child Vaccinations and Vitamin A Supplementation,54,Children age 9-35 months who received a vitamin A dose in the last 6 months (%),91.8,80.5,False,False
Karnataka,Bidar,Child Vaccinations and Vitamin A Supplementation,55,Children age 12-23 months who received most of their vaccinations in a public health facility (%),96.5,93.6,False,False
Karnataka,Bidar,Child Vaccinations and Vitamin A Supplementation,56,Children age 12-23 months who received most of their vaccinations in a private health facility (%),3.6,5.1,False,False
Karnataka,Bidar,Treatment of Childhood Diseases (children under age 5 years),57,Prevalence of diarrhoea in the 2 weeks preceding the survey (%),10.4,9.0,False,False
Karnataka,Bidar,Treatment of Childhood Diseases (children under age 5 years),58,Prevalence of symptoms of acute respiratory infection (ARI) in the 2 weeks preceding the survey (%),0.0,2.4,False,False
Karnataka,Bidar,Treatment of Childhood Diseases (children under age 5 years),59,Children with fever or symptoms of ARI in the 2 weeks preceding the survey taken to a health facility or health provider (%),79.8,56.9,True,False
Karnataka,Bidar,Child Feeding Practices and Nutritional Status of Children,60,Children under age 3 years breastfed within one hour of birth9 (%),45.9,31.3,False,False
Karnataka,Bidar,Child Feeding Practices and Nutritional Status of Children,61,Children under age 6 months exclusively breastfed10 (%),*,58.5,True,False
Karnataka,Bidar,Child Feeding Practices and Nutritional Status of Children,62,Children under age 6 months currently breastfeeding10 (%),*,88.7,True,False
Karnataka,Bidar,Child Feeding Practices and Nutritional Status of Children,63,Children under age 6 months exclusively breastfed or breastfeeding and consuming plain water/other milk only10 (%),*,67.4,True,False
Karnataka,Bidar,Child Feeding Practices and Nutritional Status of Children,64,Children age 6-8 months receiving solid or semi-solid food and breastmilk10 (%),*,*,True,False
Karnataka,Bidar,Child Feeding Practices and Nutritional Status of Children,65,"Breastfeeding children age 6-23 months receiving an adequate diet10, 11 (%)",6.9,13.0,False,False
Karnataka,Bidar,Child Feeding Practices and Nutritional Status of Children,66,"Non-breastfeeding children age 6-23 months receiving an adequate diet10, 11 (%)",*,*,True,False
Karnataka,Bidar,Child Feeding Practices and Nutritional Status of Children,67,"Total children age 6-23 months receiving an adequate diet10, 11 (%)",8.7,13.8,False,False
Karnataka,Bidar,Child Feeding Practices and Nutritional Status of Children,68,Children under 5 years who are stunted (height-for-age)12 (%),33.2,36.8,False,False
Karnataka,Bidar,Child Feeding Practices and Nutritional Status of Children,69,Children under 5 years who are wasted (weight-for-height)12 (%),17.7,22.1,False,False
Karnataka,Bidar,Child Feeding Practices and Nutritional Status of Children,70,Children under 5 years who are severely wasted (weight-for-height)13 (%),3.8,11.1,False,False
Karnataka,Bidar,Child Feeding Practices and Nutritional Status of Children,71,Children under 5 years who are underweight (weight-for-age)12 (%),31.7,36.1,False,False
Karnataka,Bidar,Child Feeding Practices and Nutritional Status of Children,72,Children under 5 years who are overweight (weight-for-height)14 (%),0.0,2.5,False,False
Karnataka,Bidar,Nutritional Status of Adults (age 15-49 years),73,Women whose Body Mass Index (BMI) is below normal (BMI <18.5 kg/m2)15 (%),18.5,24.9,False,False
Karnataka,Bidar,Nutritional Status of Adults (age 15-49 years),74,Women who are overweight or obese (BMI ≥25.0 kg/m2)15 (%),31.9,20.8,False,False
Karnataka,Bidar,Women,75,Blood sugar level - high (141-160 mg/dl)16 (%),8.7,4.7,False,False
Karnataka,Bidar,Women,76,Blood sugar level - very high (>160 mg/dl)16 (%),6.8,3.4,False,False
Karnataka,Bidar,Women,77,Blood sugar level - high or very high (>140 mg/dl) or taking medicine to control blood sugar level16 (%),16.3,9.0,False,False
Karnataka,Bidar,Men,78,Blood sugar level - high (141-160 mg/dl)16 (%),9.1,6.3,False,False
Karnataka,Bidar,Men,79,Blood sugar level - very high (>160 mg/dl)16 (%),12.2,5.0,False,False
Karnataka,Bidar,Men,80,Blood sugar level - high or very high (>140 mg/dl) or taking medicine to control blood sugar level16 (%),22.0,12.5,False,False
Karnataka,Bidar,Women,81,Mildly elevated blood pressure (Systolic 140-159 mm of Hg and/or Diastolic 90-99 mm of Hg) (%),10.1,12.9,False,False
Karnataka,Bidar,Women,82,Moderately or severely elevated blood pressure (Systolic ≥160 mm of Hg and/or Diastolic ≥100 mm of Hg) (%),5.4,4.2,False,False
Karnataka,Bidar,Women,83,Elevated blood pressure (Systolic ≥140 mm of Hg and/or Diastolic ≥90 mm of Hg) or taking medicine to control blood pressure (%),22.3,21.2,False,False
Karnataka,Bidar,Men,84,Mildly elevated blood pressure (Systolic 140-159 mm of Hg and/or Diastolic 90-99 mm of Hg) (%),11.4,15.7,False,False
Karnataka,Bidar,Men,85,Moderately or severely elevated blood pressure (Systolic ≥160 mm of Hg and/or Diastolic ≥100 mm of Hg) (%),6.6,5.4,False,False
Karnataka,Bidar,Men,86,Elevated blood pressure (Systolic ≥140 mm of Hg and/or Diastolic ≥90 mm of Hg) or taking medicine to control blood pressure (%),23.4,24.1,False,False
Karnataka,Bidar,Men,87,Women having a bank or savings account that they themselves use (%),94.8,91.8,False,False
Karnataka,Bidar,Men,88,Women having a mobile phone that they themselves use (%),59.4,44.8,False,False
Karnataka,Bidar,Men,89,Women age 15-24 years who use hygienic methods of protection during their menstrual period17 (%),86.7,81.8,False,False
Karnataka,Bidar,Tobacco Use and Alcohol Consumption among Adults (age 15 years and above),90,Women age 15 years and above who use any kind of tobacco (%),9.0,8.5,False,False
Karnataka,Bidar,Tobacco Use and Alcohol Consumption among Adults (age 15 years and above),91,Men age 15 years and above who use any kind of tobacco (%),28.4,31.2,False,False
Karnataka,Bidar,Tobacco Use and Alcohol Consumption among Adults (age 15 years and above),92,Women age 15 years and above who consume alcohol (%),0.4,0.3,False,False
Karnataka,Bidar,Tobacco Use and Alcohol Consumption among Adults (age 15 years and above),93,Men age 15 years and above who consume alcohol (%),15.2,16.6,False,False
Karnataka,Chamarajanagar,Population and Household Profile,1,Population below age 5 years (%),5.0,5.6,False,False
Karnataka,Chamarajanagar,Population and Household Profile,2,Population below age 15 years (%),18.3,19.4,False,False
Karnataka,Chamarajanagar,Population and Household Profile,3,Population age 60 years and above (%),18.3,16.5,False,False
Karnataka,Chamarajanagar,Population and Household Profile,4,Population living in households with electricity (%),99.4,98.7,False,False
Karnataka,Chamarajanagar,Population and Household Profile,5,Population living in households with an improved drinking-water source1 (%),100.0,99.9,False,False
Karnataka,Chamarajanagar,Population and Household Profile,6,Households using iodized salt (%),93.6,98.0,False,False
Karnataka,Chamarajanagar,Population and Household Profile,7,Households with any usual member covered under a health insurance/financing scheme (%),53.7,39.7,False,False
Karnataka,Chamarajanagar,Population and Household Profile,8,Households with any usual member having a bank account/post office account (%),98.3,97.7,False,False
Karnataka,Chamarajanagar,Population and Household Profile,9,Female population age 6 years and above who ever attended school (%),65.2,63.2,False,False
Karnataka,Chamarajanagar,Population and Household Profile,10,Households with any usual female members owning a house and/or land (alone or jointly with others) (%),30.4,21.4,False,False
Karnataka,Chamarajanagar,Population and Household Profile,11,Children age 2-4 years who attended pre-school (%),53.0,43.8,False,False
Karnataka,Chamarajanagar,Characteristics of Adults (age 15-49 years),12,Women with 10 or more years of schooling (%),44.3,41.7,False,False
Karnataka,Chamarajanagar,Characteristics of Adults (age 15-49 years),13,Men with 10 or more years of schooling (%),57.0,35.4,False,False
Karnataka,Chamarajanagar,Characteristics of Adults (age 15-49 years),14,Women who have ever used the internet (%),35.9,33.4,False,False
Karnataka,Chamarajanagar,Characteristics of Adults (age 15-49 years),15,Men who have ever used the internet (%),73.0,35.6,False,False
Karnataka,Chamarajanagar,Marriage and Fertility,16,Women age 20-24 years married before age 18 years (%),16.9,19.3,False,False
Karnataka,Chamarajanagar,Marriage and Fertility,17,Men age 25-29 years married before age 21 years (%),*,*,True,False
Karnataka,Chamarajanagar,Marriage and Fertility,18,Three or more births in the 5 years preceding the survey (%),1.9,0.4,False,False
Karnataka,Chamarajanagar,Marriage and Fertility,19,Women age 15-19 years who were already mothers or pregnant at the time of the survey (%),6.3,6.1,False,False
Karnataka,Chamarajanagar,Marriage and Fertility,20,Any method2 (%),67.0,79.8,False,False
Karnataka,Chamarajanagar,Marriage and Fertility,21,Any modern method2 (%),66.6,79.4,False,False
Karnataka,Chamarajanagar,Marriage and Fertility,22,Any traditional method (%),0.4,0.4,False,False
Karnataka,Chamarajanagar,Marriage and Fertility,23,Female sterilization (%),60.9,70.0,False,False
Karnataka,Chamarajanagar,Marriage and Fertility,24,Male sterilization (%),0.0,0.0,False,False
Karnataka,Chamarajanagar,Marriage and Fertility,25,Total unmet need3 (%),9.9,3.4,False,False
Karnataka,Chamarajanagar,Marriage and Fertility,26,Unmet need for spacing3 (%),6.1,2.6,False,False
Karnataka,Chamarajanagar,Marriage and Fertility,27,Unmet need for limiting3 (%),3.8,0.8,False,False
Karnataka,Chamarajanagar,Antenatal Care (for last birth in the 5 years before the survey),28,Mothers who had an antenatal check-up in the first trimester (%),64.2,83.2,False,False
Karnataka,Chamarajanagar,Antenatal Care (for last birth in the 5 years before the survey),29,Mothers who had any antenatal care visits (%),92.5,100.0,False,False
Karnataka,Chamarajanagar,Antenatal Care (for last birth in the 5 years before the survey),30,Mothers who had at least 4 antenatal care visits (%),77.7,84.1,False,False
Karnataka,Chamarajanagar,Antenatal Care (for last birth in the 5 years before the survey),31,Mothers whose last birth was protected against neonatal tetanus4 (%),83.2,96.6,False,False
Karnataka,Chamarajanagar,Antenatal Care (for last birth in the 5 years before the survey),32,Mothers who consumed iron folic acid for 100 days or more when they were pregnant (%),49.7,41.2,False,False
Karnataka,Chamarajanagar,Antenatal Care (for last birth in the 5 years before the survey),33,Mothers who consumed iron folic acid for 180 days or more when they were pregnant (%),31.0,27.9,False,False
Karnataka,Chamarajanagar,Antenatal Care (for last birth in the 5 years before the survey),34,Registered pregnancies for which the mother received a Mother and Child Protection (MCP) card (%),97.9,100.0,False,False
Karnataka,Chamarajanagar,Delivery Care (for births in the 5 years before the survey),35,Institutional births (%),99.4,100.0,False,False
Karnataka,Chamarajanagar,Delivery Care (for births in the 5 years before the survey),36,Institutional births in public facility (%),82.2,82.7,False,False
Karnataka,Chamarajanagar,Delivery Care (for births in the 5 years before the survey),37,Births attended by skilled health personnel5 (%),88.1,96.7,False,False
Karnataka,Chamarajanagar,Delivery Care (for births in the 5 years before the survey),38,Births delivered by caesarean section (%),52.6,31.4,False,False
Karnataka,Chamarajanagar,Delivery Care (for births in the 5 years before the survey),39,Births in a private health facility that were delivered by caesarean section (%),73.8,51.8,True,False
Karnataka,Chamarajanagar,Delivery Care (for births in the 5 years before the survey),40,Births in a public health facility that were delivered by caesarean section (%),48.6,27.1,False,False
Karnataka,Chamarajanagar,Postnatal Care (for last birth in the 5 years before the survey),41,Mothers who received postnatal care from a doctor/nurse/LHV/ANM/midwife/other health personnel within 2 days of delivery+ (%),85.2,94.2,False,False
Karnataka,Chamarajanagar,Postnatal Care (for last birth in the 5 years before the survey),42,Children born at home who were taken to a health facility for a check-up within 24 hours of birth (%),*,*,True,False
Karnataka,Chamarajanagar,Postnatal Care (for last birth in the 5 years before the survey),43,Children who received postnatal care from a doctor/nurse/LHV/ANM/midwife/other health personnel within 2 days of delivery+ (%),91.1,93.2,False,False
Karnataka,Chamarajanagar,Child Vaccinations and Vitamin A Supplementation,44,Children age 12-23 months fully vaccinated based on information from either vaccination card or mother's recall6 (%),63.7,93.3,True,False
Karnataka,Chamarajanagar,Child Vaccinations and Vitamin A Supplementation,45,Children age 12-23 months fully vaccinated based on information from vaccination card only7 (%),*,90.8,True,False
Karnataka,Chamarajanagar,Child Vaccinations and Vitamin A Supplementation,46,Children age 12-23 months who have received any vaccine (%),100.0,97.9,True,False
Karnataka,Chamarajanagar,Child Vaccinations and Vitamin A Supplementation,47,Children age 12-23 months who have received BCG (%),100.0,97.9,True,False
Karnataka,Chamarajanagar,Child Vaccinations and Vitamin A Supplementation,48,Children age 12-23 months who have received 3 doses of polio vaccine8 (%),63.7,95.5,True,False
Karnataka,Chamarajanagar,Child Vaccinations and Vitamin A Supplementation,49,Children age 12-23 months who have received 3 doses of pentavalent vaccine (%),88.0,95.8,True,False
Karnataka,Chamarajanagar,Child Vaccinations and Vitamin A Supplementation,50,Children age 12-23 months who have received the first dose of measles-containing vaccine (MCV) (%),95.7,97.9,True,False
Karnataka,Chamarajanagar,Child Vaccinations and Vitamin A Supplementation,51,Children age 24-35 months who have received a second dose of measles-containing vaccine (MCV) (%),83.3,79.3,True,False
Karnataka,Chamarajanagar,Child Vaccinations and Vitamin A Supplementation,52,Children age 12-23 months who have received birth dose of hepatitis B vaccine (%),92.2,90.9,True,False
Karnataka,Chamarajanagar,Child Vaccinations and Vitamin A Supplementation,53,Children age 12-23 months who have received 3 doses of rotavirus vaccine (%),55.6,0.0,True,False
Karnataka,Chamarajanagar,Child Vaccinations and Vitamin A Supplementation,54,Children age 9-35 months who received a vitamin A dose in the last 6 months (%),91.8,93.6,False,False
Karnataka,Chamarajanagar,Child Vaccinations and Vitamin A Supplementation,55,Children age 12-23 months who received most of their vaccinations in a public health facility (%),100.0,94.8,True,False
Karnataka,Chamarajanagar,Child Vaccinations and Vitamin A Supplementation,56,Children age 12-23 months who received most of their vaccinations in a private health facility (%),0.0,5.2,True,False
Karnataka,Chamarajanagar,Treatment of Childhood Diseases (children under age 5 years),57,Prevalence of diarrhoea in the 2 weeks preceding the survey (%),7.0,4.6,False,False
Karnataka,Chamarajanagar,Treatment of Childhood Diseases (children under age 5 years),58,Prevalence of symptoms of acute respiratory infection (ARI) in the 2 weeks preceding the survey (%),0.0,3.6,False,False
Karnataka,Chamarajanagar,Treatment of Childhood Diseases (children under age 5 years),59,Children with fever or symptoms of ARI in the 2 weeks preceding the survey taken to a health facility or health provider (%),*,84.7,True,False
Karnataka,Chamarajanagar,Child Feeding Practices and Nutritional Status of Children,60,Children under age 3 years breastfed within one hour of birth9 (%),65.9,43.5,False,False
Karnataka,Chamarajanagar,Child Feeding Practices and Nutritional Status of Children,61,Children under age 6 months exclusively breastfed10 (%),*,*,True,False
Karnataka,Chamarajanagar,Child Feeding Practices and Nutritional Status of Children,62,Children under age 6 months currently breastfeeding10 (%),*,*,True,False
Karnataka,Chamarajanagar,Child Feeding Practices and Nutritional Status of Children,63,Children under age 6 months exclusively breastfed or breastfeeding and consuming plain water/other milk only10 (%),*,*,True,False
Karnataka,Chamarajanagar,Child Feeding Practices and Nutritional Status of Children,64,Children age 6-8 months receiving solid or semi-solid food and breastmilk10 (%),*,*,True,False
Karnataka,Chamarajanagar,Child Feeding Practices and Nutritional Status of Children,65,"Breastfeeding children age 6-23 months receiving an adequate diet10, 11 (%)",6.6,16.7,True,False
Karnataka,Chamarajanagar,Child Feeding Practices and Nutritional Status of Children,66,"Non-breastfeeding children age 6-23 months receiving an adequate diet10, 11 (%)",*,*,True,False
Karnataka,Chamarajanagar,Child Feeding Practices and Nutritional Status of Children,67,"Total children age 6-23 months receiving an adequate diet10, 11 (%)",10.7,17.8,True,False
Karnataka,Chamarajanagar,Child Feeding Practices and Nutritional Status of Children,68,Children under 5 years who are stunted (height-for-age)12 (%),28.0,32.2,False,False
Karnataka,Chamarajanagar,Child Feeding Practices and Nutritional Status of Children,69,Children under 5 years who are wasted (weight-for-height)12 (%),17.6,18.0,False,False
Karnataka,Chamarajanagar,Child Feeding Practices and Nutritional Status of Children,70,Children under 5 years who are severely wasted (weight-for-height)13 (%),4.3,6.8,False,False
Karnataka,Chamarajanagar,Child Feeding Practices and Nutritional Status of Children,71,Children under 5 years who are underweight (weight-for-age)12 (%),29.9,28.7,False,False
Karnataka,Chamarajanagar,Child Feeding Practices and Nutritional Status of Children,72,Children under 5 years who are overweight (weight-for-height)14 (%),1.5,1.6,False,False
Karnataka,Chamarajanagar,Nutritional Status of Adults (age 15-49 years),73,Women whose Body Mass Index (BMI) is below normal (BMI <18.5 kg/m2)15 (%),14.7,17.9,False,False
Karnataka,Chamarajanagar,Nutritional Status of Adults (age 15-49 years),74,Women who are overweight or obese (BMI ≥25.0 kg/m2)15 (%),36.7,30.6,False,False
Karnataka,Chamarajanagar,Women,75,Blood sugar level - high (141-160 mg/dl)16 (%),9.7,6.5,False,False
Karnataka,Chamarajanagar,Women,76,Blood sugar level - very high (>160 mg/dl)16 (%),11.2,6.3,False,False
Karnataka,Chamarajanagar,Women,77,Blood sugar level - high or very high (>140 mg/dl) or taking medicine to control blood sugar level16 (%),21.5,14.1,False,False
Karnataka,Chamarajanagar,Men,78,Blood sugar level - high (141-160 mg/dl)16 (%),10.4,6.0,False,False
Karnataka,Chamarajanagar,Men,79,Blood sugar level - very high (>160 mg/dl)16 (%),14.1,8.1,False,False
Karnataka,Chamarajanagar,Men,80,Blood sugar level - high or very high (>140 mg/dl) or taking medicine to control blood sugar level16 (%),25.8,14.8,False,False
Karnataka,Chamarajanagar,Women,81,Mildly elevated blood pressure (Systolic 140-159 mm of Hg and/or Diastolic 90-99 mm of Hg) (%),15.2,16.4,False,False
Karnataka,Chamarajanagar,Women,82,Moderately or severely elevated blood pressure (Systolic ≥160 mm of Hg and/or Diastolic ≥100 mm of Hg) (%),9.4,9.3,False,False
Karnataka,Chamarajanagar,Women,83,Elevated blood pressure (Systolic ≥140 mm of Hg and/or Diastolic ≥90 mm of Hg) or taking medicine to control blood pressure (%),29.0,28.8,False,False
Karnataka,Chamarajanagar,Men,84,Mildly elevated blood pressure (Systolic 140-159 mm of Hg and/or Diastolic 90-99 mm of Hg) (%),20.7,18.9,False,False
Karnataka,Chamarajanagar,Men,85,Moderately or severely elevated blood pressure (Systolic ≥160 mm of Hg and/or Diastolic ≥100 mm of Hg) (%),9.8,9.1,False,False
Karnataka,Chamarajanagar,Men,86,Elevated blood pressure (Systolic ≥140 mm of Hg and/or Diastolic ≥90 mm of Hg) or taking medicine to control blood pressure (%),33.1,29.9,False,False
Karnataka,Chamarajanagar,Men,87,Women having a bank or savings account that they themselves use (%),96.1,88.9,False,False
Karnataka,Chamarajanagar,Men,88,Women having a mobile phone that they themselves use (%),67.5,57.9,False,False
Karnataka,Chamarajanagar,Men,89,Women age 15-24 years who use hygienic methods of protection during their menstrual period17 (%),91.8,94.1,False,False
Karnataka,Chamarajanagar,Tobacco Use and Alcohol Consumption among Adults (age 15 years and above),90,Women age 15 years and above who use any kind of tobacco (%),1.9,2.8,False,False
Karnataka,Chamarajanagar,Tobacco Use and Alcohol Consumption among Adults (age 15 years and above),91,Men age 15 years and above who use any kind of tobacco (%),21.8,22.4,False,False
Karnataka,Chamarajanagar,Tobacco Use and Alcohol Consumption among Adults (age 15 years and above),92,Women age 15 years and above who consume alcohol (%),0.6,0.9,False,False
Karnataka,Chamarajanagar,Tobacco Use and Alcohol Consumption among Adults (age 15 years and above),93,Men age 15 years and above who consume alcohol (%),20.6,20.0,False,False
Karnataka,Chikkaballapura,Population and Household Profile,1,Population below age 5 years (%),5.7,6.0,False,False
Karnataka,Chikkaballapura,Population and Household Profile,2,Population below age 15 years (%),19.2,21.7,False,False
Karnataka,Chikkaballapura,Population and Household Profile,3,Population age 60 years and above (%),17.2,16.2,False,False
Karnataka,Chikkaballapura,Population and Household Profile,4,Population living in households with electricity (%),99.8,99.9,False,False
Karnataka,Chikkaballapura,Population and Household Profile,5,Population living in households with an improved drinking-water source1 (%),99.8,98.1,False,False
Karnataka,Chikkaballapura,Population and Household Profile,6,Households using iodized salt (%),93.5,95.0,False,False
Karnataka,Chikkaballapura,Population and Household Profile,7,Households with any usual member covered under a health insurance/financing scheme (%),76.5,28.5,False,False
Karnataka,Chikkaballapura,Population and Household Profile,8,Households with any usual member having a bank account/post office account (%),99.3,93.4,False,False
Karnataka,Chikkaballapura,Population and Household Profile,9,Female population age 6 years and above who ever attended school (%),70.5,65.9,False,False
Karnataka,Chikkaballapura,Population and Household Profile,10,Households with any usual female members owning a house and/or land (alone or jointly with others) (%),32.4,22.2,False,False
Karnataka,Chikkaballapura,Population and Household Profile,11,Children age 2-4 years who attended pre-school (%),63.2,60.8,False,False
Karnataka,Chikkaballapura,Characteristics of Adults (age 15-49 years),12,Women with 10 or more years of schooling (%),53.9,48.0,False,False
Karnataka,Chikkaballapura,Characteristics of Adults (age 15-49 years),13,Men with 10 or more years of schooling (%),69.8,47.3,False,False
Karnataka,Chikkaballapura,Characteristics of Adults (age 15-49 years),14,Women who have ever used the internet (%),60.3,31.4,False,False
Karnataka,Chikkaballapura,Characteristics of Adults (age 15-49 years),15,Men who have ever used the internet (%),86.4,44.9,False,False
Karnataka,Chikkaballapura,Marriage and Fertility,16,Women age 20-24 years married before age 18 years (%),19.3,27.1,False,False
Karnataka,Chikkaballapura,Marriage and Fertility,17,Men age 25-29 years married before age 21 years (%),*,*,True,False
Karnataka,Chikkaballapura,Marriage and Fertility,18,Three or more births in the 5 years preceding the survey (%),1.4,0.5,False,False
Karnataka,Chikkaballapura,Marriage and Fertility,19,Women age 15-19 years who were already mothers or pregnant at the time of the survey (%),5.4,5.3,False,False
Karnataka,Chikkaballapura,Marriage and Fertility,20,Any method2 (%),73.0,77.8,False,False
Karnataka,Chikkaballapura,Marriage and Fertility,21,Any modern method2 (%),72.3,77.4,False,False
Karnataka,Chikkaballapura,Marriage and Fertility,22,Any traditional method (%),0.7,0.4,False,False
Karnataka,Chikkaballapura,Marriage and Fertility,23,Female sterilization (%),67.4,69.4,False,False
Karnataka,Chikkaballapura,Marriage and Fertility,24,Male sterilization (%),0.0,0.0,False,False
Karnataka,Chikkaballapura,Marriage and Fertility,25,Total unmet need3 (%),8.1,3.8,False,False
Karnataka,Chikkaballapura,Marriage and Fertility,26,Unmet need for spacing3 (%),6.0,2.6,False,False
Karnataka,Chikkaballapura,Marriage and Fertility,27,Unmet need for limiting3 (%),2.1,1.2,False,False
Karnataka,Chikkaballapura,Antenatal Care (for last birth in the 5 years before the survey),28,Mothers who had an antenatal check-up in the first trimester (%),95.1,82.6,False,False
Karnataka,Chikkaballapura,Antenatal Care (for last birth in the 5 years before the survey),29,Mothers who had any antenatal care visits (%),92.5,100.0,False,False
Karnataka,Chikkaballapura,Antenatal Care (for last birth in the 5 years before the survey),30,Mothers who had at least 4 antenatal care visits (%),90.0,90.5,False,False
Karnataka,Chikkaballapura,Antenatal Care (for last birth in the 5 years before the survey),31,Mothers whose last birth was protected against neonatal tetanus4 (%),97.4,94.7,False,False
Karnataka,Chikkaballapura,Antenatal Care (for last birth in the 5 years before the survey),32,Mothers who consumed iron folic acid for 100 days or more when they were pregnant (%),96.0,48.8,False,False
Karnataka,Chikkaballapura,Antenatal Care (for last birth in the 5 years before the survey),33,Mothers who consumed iron folic acid for 180 days or more when they were pregnant (%),84.6,19.7,False,False
Karnataka,Chikkaballapura,Antenatal Care (for last birth in the 5 years before the survey),34,Registered pregnancies for which the mother received a Mother and Child Protection (MCP) card (%),99.5,98.2,False,False
Karnataka,Chikkaballapura,Delivery Care (for births in the 5 years before the survey),35,Institutional births (%),100.0,99.0,False,False
Karnataka,Chikkaballapura,Delivery Care (for births in the 5 years before the survey),36,Institutional births in public facility (%),68.0,83.0,False,False
Karnataka,Chikkaballapura,Delivery Care (for births in the 5 years before the survey),37,Births attended by skilled health personnel5 (%),96.7,97.5,False,False
Karnataka,Chikkaballapura,Delivery Care (for births in the 5 years before the survey),38,Births delivered by caesarean section (%),51.5,38.2,False,False
Karnataka,Chikkaballapura,Delivery Care (for births in the 5 years before the survey),39,Births in a private health facility that were delivered by caesarean section (%),61.1,47.6,True,False
Karnataka,Chikkaballapura,Delivery Care (for births in the 5 years before the survey),40,Births in a public health facility that were delivered by caesarean section (%),47.0,36.9,False,False
Karnataka,Chikkaballapura,Postnatal Care (for last birth in the 5 years before the survey),41,Mothers who received postnatal care from a doctor/nurse/LHV/ANM/midwife/other health personnel within 2 days of delivery+ (%),94.9,91.2,False,False
Karnataka,Chikkaballapura,Postnatal Care (for last birth in the 5 years before the survey),42,Children born at home who were taken to a health facility for a check-up within 24 hours of birth (%),*,*,True,False
Karnataka,Chikkaballapura,Postnatal Care (for last birth in the 5 years before the survey),43,Children who received postnatal care from a doctor/nurse/LHV/ANM/midwife/other health personnel within 2 days of delivery+ (%),95.4,90.5,False,False
Karnataka,Chikkaballapura,Child Vaccinations and Vitamin A Supplementation,44,Children age 12-23 months fully vaccinated based on information from either vaccination card or mother's recall6 (%),98.1,76.6,True,False
Karnataka,Chikkaballapura,Child Vaccinations and Vitamin A Supplementation,45,Children age 12-23 months fully vaccinated based on information from vaccination card only7 (%),95.3,79.5,True,False
Karnataka,Chikkaballapura,Child Vaccinations and Vitamin A Supplementation,46,Children age 12-23 months who have received any vaccine (%),100.0,96.5,True,False
Karnataka,Chikkaballapura,Child Vaccinations and Vitamin A Supplementation,47,Children age 12-23 months who have received BCG (%),100.0,87.9,True,False
Karnataka,Chikkaballapura,Child Vaccinations and Vitamin A Supplementation,48,Children age 12-23 months who have received 3 doses of polio vaccine8 (%),98.1,81.2,True,False
Karnataka,Chikkaballapura,Child Vaccinations and Vitamin A Supplementation,49,Children age 12-23 months who have received 3 doses of pentavalent vaccine (%),100.0,83.8,True,False
Karnataka,Chikkaballapura,Child Vaccinations and Vitamin A Supplementation,50,Children age 12-23 months who have received the first dose of measles-containing vaccine (MCV) (%),100.0,92.4,True,False
Karnataka,Chikkaballapura,Child Vaccinations and Vitamin A Supplementation,51,Children age 24-35 months who have received a second dose of measles-containing vaccine (MCV) (%),86.5,76.5,True,False
Karnataka,Chikkaballapura,Child Vaccinations and Vitamin A Supplementation,52,Children age 12-23 months who have received birth dose of hepatitis B vaccine (%),97.6,85.1,True,False
Karnataka,Chikkaballapura,Child Vaccinations and Vitamin A Supplementation,53,Children age 12-23 months who have received 3 doses of rotavirus vaccine (%),95.5,10.4,True,False
Karnataka,Chikkaballapura,Child Vaccinations and Vitamin A Supplementation,54,Children age 9-35 months who received a vitamin A dose in the last 6 months (%),93.8,84.8,False,False
Karnataka,Chikkaballapura,Child Vaccinations and Vitamin A Supplementation,55,Children age 12-23 months who received most of their vaccinations in a public health facility (%),94.0,100.0,True,False
Karnataka,Chikkaballapura,Child Vaccinations and Vitamin A Supplementation,56,Children age 12-23 months who received most of their vaccinations in a private health facility (%),6.0,0.0,True,False
Karnataka,Chikkaballapura,Treatment of Childhood Diseases (children under age 5 years),57,Prevalence of diarrhoea in the 2 weeks preceding the survey (%),17.7,4.3,False,False
Karnataka,Chikkaballapura,Treatment of Childhood Diseases (children under age 5 years),58,Prevalence of symptoms of acute respiratory infection (ARI) in the 2 weeks preceding the survey (%),1.0,1.0,False,False
Karnataka,Chikkaballapura,Treatment of Childhood Diseases (children under age 5 years),59,Children with fever or symptoms of ARI in the 2 weeks preceding the survey taken to a health facility or health provider (%),*,*,True,False
Karnataka,Chikkaballapura,Child Feeding Practices and Nutritional Status of Children,60,Children under age 3 years breastfed within one hour of birth9 (%),45.4,39.8,False,False
Karnataka,Chikkaballapura,Child Feeding Practices and Nutritional Status of Children,61,Children under age 6 months exclusively breastfed10 (%),*,*,True,False
Karnataka,Chikkaballapura,Child Feeding Practices and Nutritional Status of Children,62,Children under age 6 months currently breastfeeding10 (%),*,*,True,False
Karnataka,Chikkaballapura,Child Feeding Practices and Nutritional Status of Children,63,Children under age 6 months exclusively breastfed or breastfeeding and consuming plain water/other milk only10 (%),*,*,True,False
Karnataka,Chikkaballapura,Child Feeding Practices and Nutritional Status of Children,64,Children age 6-8 months receiving solid or semi-solid food and breastmilk10 (%),*,*,True,False
Karnataka,Chikkaballapura,Child Feeding Practices and Nutritional Status of Children,65,"Breastfeeding children age 6-23 months receiving an adequate diet10, 11 (%)",11.8,17.7,True,False
Karnataka,Chikkaballapura,Child Feeding Practices and Nutritional Status of Children,66,"Non-breastfeeding children age 6-23 months receiving an adequate diet10, 11 (%)",*,*,True,False
Karnataka,Chikkaballapura,Child Feeding Practices and Nutritional Status of Children,67,"Total children age 6-23 months receiving an adequate diet10, 11 (%)",20.2,18.1,False,False
Karnataka,Chikkaballapura,Child Feeding Practices and Nutritional Status of Children,68,Children under 5 years who are stunted (height-for-age)12 (%),28.4,31.3,False,False
Karnataka,Chikkaballapura,Child Feeding Practices and Nutritional Status of Children,69,Children under 5 years who are wasted (weight-for-height)12 (%),16.7,16.1,False,False
Karnataka,Chikkaballapura,Child Feeding Practices and Nutritional Status of Children,70,Children under 5 years who are severely wasted (weight-for-height)13 (%),4.8,6.1,False,False
Karnataka,Chikkaballapura,Child Feeding Practices and Nutritional Status of Children,71,Children under 5 years who are underweight (weight-for-age)12 (%),28.8,25.2,False,False
Karnataka,Chikkaballapura,Child Feeding Practices and Nutritional Status of Children,72,Children under 5 years who are overweight (weight-for-height)14 (%),0.5,2.2,False,False
Karnataka,Chikkaballapura,Nutritional Status of Adults (age 15-49 years),73,Women whose Body Mass Index (BMI) is below normal (BMI <18.5 kg/m2)15 (%),19.8,22.6,False,False
Karnataka,Chikkaballapura,Nutritional Status of Adults (age 15-49 years),74,Women who are overweight or obese (BMI ≥25.0 kg/m2)15 (%),35.6,26.6,False,False
Karnataka,Chikkaballapura,Women,75,Blood sugar level - high (141-160 mg/dl)16 (%),8.2,4.8,False,False
Karnataka,Chikkaballapura,Women,76,Blood sugar level - very high (>160 mg/dl)16 (%),9.8,5.8,False,False
Karnataka,Chikkaballapura,Women,77,Blood sugar level - high or very high (>140 mg/dl) or taking medicine to control blood sugar level16 (%),18.7,11.9,False,False
Karnataka,Chikkaballapura,Men,78,Blood sugar level - high (141-160 mg/dl)16 (%),9.7,5.1,False,False
Karnataka,Chikkaballapura,Men,79,Blood sugar level - very high (>160 mg/dl)16 (%),14.5,9.2,False,False
Karnataka,Chikkaballapura,Men,80,Blood sugar level - high or very high (>140 mg/dl) or taking medicine to control blood sugar level16 (%),25.3,16.5,False,False
Karnataka,Chikkaballapura,Women,81,Mildly elevated blood pressure (Systolic 140-159 mm of Hg and/or Diastolic 90-99 mm of Hg) (%),12.6,13.5,False,False
Karnataka,Chikkaballapura,Women,82,Moderately or severely elevated blood pressure (Systolic ≥160 mm of Hg and/or Diastolic ≥100 mm of Hg) (%),6.6,7.5,False,False
Karnataka,Chikkaballapura,Women,83,Elevated blood pressure (Systolic ≥140 mm of Hg and/or Diastolic ≥90 mm of Hg) or taking medicine to control blood pressure (%),23.2,24.1,False,False
Karnataka,Chikkaballapura,Men,84,Mildly elevated blood pressure (Systolic 140-159 mm of Hg and/or Diastolic 90-99 mm of Hg) (%),15.0,21.3,False,False
Karnataka,Chikkaballapura,Men,85,Moderately or severely elevated blood pressure (Systolic ≥160 mm of Hg and/or Diastolic ≥100 mm of Hg) (%),10.9,9.1,False,False
Karnataka,Chikkaballapura,Men,86,Elevated blood pressure (Systolic ≥140 mm of Hg and/or Diastolic ≥90 mm of Hg) or taking medicine to control blood pressure (%),28.9,32.5,False,False
Karnataka,Chikkaballapura,Men,87,Women having a bank or savings account that they themselves use (%),96.1,93.2,False,False
Karnataka,Chikkaballapura,Men,88,Women having a mobile phone that they themselves use (%),71.6,65.6,False,False
Karnataka,Chikkaballapura,Men,89,Women age 15-24 years who use hygienic methods of protection during their menstrual period17 (%),96.3,96.2,False,False
Karnataka,Chikkaballapura,Tobacco Use and Alcohol Consumption among Adults (age 15 years and above),90,Women age 15 years and above who use any kind of tobacco (%),19.4,18.2,False,False
Karnataka,Chikkaballapura,Tobacco Use and Alcohol Consumption among Adults (age 15 years and above),91,Men age 15 years and above who use any kind of tobacco (%),23.0,20.2,False,False
Karnataka,Chikkaballapura,Tobacco Use and Alcohol Consumption among Adults (age 15 years and above),92,Women age 15 years and above who consume alcohol (%),1.1,1.2,False,False
Karnataka,Chikkaballapura,Tobacco Use and Alcohol Consumption among Adults (age 15 years and above),93,Men age 15 years and above who consume alcohol (%),13.8,11.7,False,False
Karnataka,Chikkamagaluru,Population and Household Profile,1,Population below age 5 years (%),6.2,6.2,False,False
Karnataka,Chikkamagaluru,Population and Household Profile,2,Population below age 15 years (%),18.6,19.4,False,False
Karnataka,Chikkamagaluru,Population and Household Profile,3,Population age 60 years and above (%),19.4,15.6,False,False
Karnataka,Chikkamagaluru,Population and Household Profile,4,Population living in households with electricity (%),99.1,99.3,False,False
Karnataka,Chikkamagaluru,Population and Household Profile,5,Population living in households with an improved drinking-water source1 (%),97.6,95.7,False,False
Karnataka,Chikkamagaluru,Population and Household Profile,6,Households using iodized salt (%),98.6,96.8,False,False
Karnataka,Chikkamagaluru,Population and Household Profile,7,Households with any usual member covered under a health insurance/financing scheme (%),76.3,34.9,False,False
Karnataka,Chikkamagaluru,Population and Household Profile,8,Households with any usual member having a bank account/post office account (%),97.8,96.7,False,False
Karnataka,Chikkamagaluru,Population and Household Profile,9,Female population age 6 years and above who ever attended school (%),79.1,76.2,False,False
Karnataka,Chikkamagaluru,Population and Household Profile,10,Households with any usual female members owning a house and/or land (alone or jointly with others) (%),30.0,16.6,False,False
Karnataka,Chikkamagaluru,Population and Household Profile,11,Children age 2-4 years who attended pre-school (%),36.6,46.8,False,False
Karnataka,Chikkamagaluru,Characteristics of Adults (age 15-49 years),12,Women with 10 or more years of schooling (%),61.0,48.3,False,False
Karnataka,Chikkamagaluru,Characteristics of Adults (age 15-49 years),13,Men with 10 or more years of schooling (%),61.5,50.0,False,False
Karnataka,Chikkamagaluru,Characteristics of Adults (age 15-49 years),14,Women who have ever used the internet (%),69.2,33.4,False,False
Karnataka,Chikkamagaluru,Characteristics of Adults (age 15-49 years),15,Men who have ever used the internet (%),88.6,58.4,False,False
Karnataka,Chikkamagaluru,Marriage and Fertility,16,Women age 20-24 years married before age 18 years (%),11.7,19.5,False,False
Karnataka,Chikkamagaluru,Marriage and Fertility,17,Men age 25-29 years married before age 21 years (%),*,*,True,False
Karnataka,Chikkamagaluru,Marriage and Fertility,18,Three or more births in the 5 years preceding the survey (%),0.0,1.6,False,False
Karnataka,Chikkamagaluru,Marriage and Fertility,19,Women age 15-19 years who were already mothers or pregnant at the time of the survey (%),2.3,5.5,False,False
Karnataka,Chikkamagaluru,Marriage and Fertility,20,Any method2 (%),70.6,79.7,False,False
Karnataka,Chikkamagaluru,Marriage and Fertility,21,Any modern method2 (%),67.0,79.6,False,False
Karnataka,Chikkamagaluru,Marriage and Fertility,22,Any traditional method (%),3.6,0.1,False,False
Karnataka,Chikkamagaluru,Marriage and Fertility,23,Female sterilization (%),55.4,64.8,False,False
Karnataka,Chikkamagaluru,Marriage and Fertility,24,Male sterilization (%),0.0,0.0,False,False
Karnataka,Chikkamagaluru,Marriage and Fertility,25,Total unmet need3 (%),8.6,3.8,False,False
Karnataka,Chikkamagaluru,Marriage and Fertility,26,Unmet need for spacing3 (%),4.8,2.8,False,False
Karnataka,Chikkamagaluru,Marriage and Fertility,27,Unmet need for limiting3 (%),3.8,1.0,False,False
Karnataka,Chikkamagaluru,Antenatal Care (for last birth in the 5 years before the survey),28,Mothers who had an antenatal check-up in the first trimester (%),69.2,69.5,False,False
Karnataka,Chikkamagaluru,Antenatal Care (for last birth in the 5 years before the survey),29,Mothers who had any antenatal care visits (%),91.8,100.0,False,False
Karnataka,Chikkamagaluru,Antenatal Care (for last birth in the 5 years before the survey),30,Mothers who had at least 4 antenatal care visits (%),84.0,74.3,False,False
Karnataka,Chikkamagaluru,Antenatal Care (for last birth in the 5 years before the survey),31,Mothers whose last birth was protected against neonatal tetanus4 (%),91.7,93.1,False,False
Karnataka,Chikkamagaluru,Antenatal Care (for last birth in the 5 years before the survey),32,Mothers who consumed iron folic acid for 100 days or more when they were pregnant (%),83.2,49.6,False,False
Karnataka,Chikkamagaluru,Antenatal Care (for last birth in the 5 years before the survey),33,Mothers who consumed iron folic acid for 180 days or more when they were pregnant (%),67.8,26.4,False,False
Karnataka,Chikkamagaluru,Antenatal Care (for last birth in the 5 years before the survey),34,Registered pregnancies for which the mother received a Mother and Child Protection (MCP) card (%),100.0,99.1,False,False
Karnataka,Chikkamagaluru,Delivery Care (for births in the 5 years before the survey),35,Institutional births (%),98.9,98.4,False,False
Karnataka,Chikkamagaluru,Delivery Care (for births in the 5 years before the survey),36,Institutional births in public facility (%),61.0,77.9,False,False
Karnataka,Chikkamagaluru,Delivery Care (for births in the 5 years before the survey),37,Births attended by skilled health personnel5 (%),89.6,98.7,False,False
Karnataka,Chikkamagaluru,Delivery Care (for births in the 5 years before the survey),38,Births delivered by caesarean section (%),47.3,38.1,False,False
Karnataka,Chikkamagaluru,Delivery Care (for births in the 5 years before the survey),39,Births in a private health facility that were delivered by caesarean section (%),65.3,68.8,True,False
Karnataka,Chikkamagaluru,Delivery Care (for births in the 5 years before the survey),40,Births in a public health facility that were delivered by caesarean section (%),37.0,30.7,False,False
Karnataka,Chikkamagaluru,Postnatal Care (for last birth in the 5 years before the survey),41,Mothers who received postnatal care from a doctor/nurse/LHV/ANM/midwife/other health personnel within 2 days of delivery+ (%),90.1,90.9,False,False
Karnataka,Chikkamagaluru,Postnatal Care (for last birth in the 5 years before the survey),42,Children born at home who were taken to a health facility for a check-up within 24 hours of birth (%),*,*,True,False
Karnataka,Chikkamagaluru,Postnatal Care (for last birth in the 5 years before the survey),43,Children who received postnatal care from a doctor/nurse/LHV/ANM/midwife/other health personnel within 2 days of delivery+ (%),86.2,91.4,False,False
Karnataka,Chikkamagaluru,Child Vaccinations and Vitamin A Supplementation,44,Children age 12-23 months fully vaccinated based on information from either vaccination card or mother's recall6 (%),89.7,91.0,True,False
Karnataka,Chikkamagaluru,Child Vaccinations and Vitamin A Supplementation,45,Children age 12-23 months fully vaccinated based on information from vaccination card only7 (%),97.3,93.4,True,False
Karnataka,Chikkamagaluru,Child Vaccinations and Vitamin A Supplementation,46,Children age 12-23 months who have received any vaccine (%),100.0,100.0,True,False
Karnataka,Chikkamagaluru,Child Vaccinations and Vitamin A Supplementation,47,Children age 12-23 months who have received BCG (%),100.0,100.0,True,False
Karnataka,Chikkamagaluru,Child Vaccinations and Vitamin A Supplementation,48,Children age 12-23 months who have received 3 doses of polio vaccine8 (%),92.2,91.0,True,False
Karnataka,Chikkamagaluru,Child Vaccinations and Vitamin A Supplementation,49,Children age 12-23 months who have received 3 doses of pentavalent vaccine (%),92.1,100.0,True,False
Karnataka,Chikkamagaluru,Child Vaccinations and Vitamin A Supplementation,50,Children age 12-23 months who have received the first dose of measles-containing vaccine (MCV) (%),97.6,100.0,True,False
Karnataka,Chikkamagaluru,Child Vaccinations and Vitamin A Supplementation,51,Children age 24-35 months who have received a second dose of measles-containing vaccine (MCV) (%),94.3,62.7,True,False
Karnataka,Chikkamagaluru,Child Vaccinations and Vitamin A Supplementation,52,Children age 12-23 months who have received birth dose of hepatitis B vaccine (%),97.6,95.1,True,False
Karnataka,Chikkamagaluru,Child Vaccinations and Vitamin A Supplementation,53,Children age 12-23 months who have received 3 doses of rotavirus vaccine (%),89.0,2.6,True,False
Karnataka,Chikkamagaluru,Child Vaccinations and Vitamin A Supplementation,54,Children age 9-35 months who received a vitamin A dose in the last 6 months (%),93.3,85.5,False,False
Karnataka,Chikkamagaluru,Child Vaccinations and Vitamin A Supplementation,55,Children age 12-23 months who received most of their vaccinations in a public health facility (%),97.6,95.9,True,False
Karnataka,Chikkamagaluru,Child Vaccinations and Vitamin A Supplementation,56,Children age 12-23 months who received most of their vaccinations in a private health facility (%),2.5,4.1,True,False
Karnataka,Chikkamagaluru,Treatment of Childhood Diseases (children under age 5 years),57,Prevalence of diarrhoea in the 2 weeks preceding the survey (%),7.0,4.8,False,False
Karnataka,Chikkamagaluru,Treatment of Childhood Diseases (children under age 5 years),58,Prevalence of symptoms of acute respiratory infection (ARI) in the 2 weeks preceding the survey (%),2.3,0.4,False,False
Karnataka,Chikkamagaluru,Treatment of Childhood Diseases (children under age 5 years),59,Children with fever or symptoms of ARI in the 2 weeks preceding the survey taken to a health facility or health provider (%),*,80.2,True,False
Karnataka,Chikkamagaluru,Child Feeding Practices and Nutritional Status of Children,60,Children under age 3 years breastfed within one hour of birth9 (%),55.9,54.4,False,False
Karnataka,Chikkamagaluru,Child Feeding Practices and Nutritional Status of Children,61,Children under age 6 months exclusively breastfed10 (%),*,*,True,False
Karnataka,Chikkamagaluru,Child Feeding Practices and Nutritional Status of Children,62,Children under age 6 months currently breastfeeding10 (%),*,*,True,False
Karnataka,Chikkamagaluru,Child Feeding Practices and Nutritional Status of Children,63,Children under age 6 months exclusively breastfed or breastfeeding and consuming plain water/other milk only10 (%),*,*,True,False
Karnataka,Chikkamagaluru,Child Feeding Practices and Nutritional Status of Children,64,Children age 6-8 months receiving solid or semi-solid food and breastmilk10 (%),*,*,True,False
Karnataka,Chikkamagaluru,Child Feeding Practices and Nutritional Status of Children,65,"Breastfeeding children age 6-23 months receiving an adequate diet10, 11 (%)",15.7,14.4,True,False
Karnataka,Chikkamagaluru,Child Feeding Practices and Nutritional Status of Children,66,"Non-breastfeeding children age 6-23 months receiving an adequate diet10, 11 (%)",*,*,True,False
Karnataka,Chikkamagaluru,Child Feeding Practices and Nutritional Status of Children,67,"Total children age 6-23 months receiving an adequate diet10, 11 (%)",29.5,15.4,False,False
Karnataka,Chikkamagaluru,Child Feeding Practices and Nutritional Status of Children,68,Children under 5 years who are stunted (height-for-age)12 (%),17.6,27.3,False,False
Karnataka,Chikkamagaluru,Child Feeding Practices and Nutritional Status of Children,69,Children under 5 years who are wasted (weight-for-height)12 (%),17.2,24.9,False,False
Karnataka,Chikkamagaluru,Child Feeding Practices and Nutritional Status of Children,70,Children under 5 years who are severely wasted (weight-for-height)13 (%),3.1,11.5,False,False
Karnataka,Chikkamagaluru,Child Feeding Practices and Nutritional Status of Children,71,Children under 5 years who are underweight (weight-for-age)12 (%),19.5,25.4,False,False
Karnataka,Chikkamagaluru,Child Feeding Practices and Nutritional Status of Children,72,Children under 5 years who are overweight (weight-for-height)14 (%),0.7,6.6,False,False
Karnataka,Chikkamagaluru,Nutritional Status of Adults (age 15-49 years),73,Women whose Body Mass Index (BMI) is below normal (BMI <18.5 kg/m2)15 (%),14.9,14.2,False,False
Karnataka,Chikkamagaluru,Nutritional Status of Adults (age 15-49 years),74,Women who are overweight or obese (BMI ≥25.0 kg/m2)15 (%),41.5,33.2,False,False
Karnataka,Chikkamagaluru,Women,75,Blood sugar level - high (141-160 mg/dl)16 (%),9.1,6.6,False,False
Karnataka,Chikkamagaluru,Women,76,Blood sugar level - very high (>160 mg/dl)16 (%),13.7,7.5,False,False
Karnataka,Chikkamagaluru,Women,77,Blood sugar level - high or very high (>140 mg/dl) or taking medicine to control blood sugar level16 (%),24.2,15.6,False,False
Karnataka,Chikkamagaluru,Men,78,Blood sugar level - high (141-160 mg/dl)16 (%),11.6,6.9,False,False
Karnataka,Chikkamagaluru,Men,79,Blood sugar level - very high (>160 mg/dl)16 (%),17.0,7.7,False,False
Karnataka,Chikkamagaluru,Men,80,Blood sugar level - high or very high (>140 mg/dl) or taking medicine to control blood sugar level16 (%),30.9,15.7,False,False
Karnataka,Chikkamagaluru,Women,81,Mildly elevated blood pressure (Systolic 140-159 mm of Hg and/or Diastolic 90-99 mm of Hg) (%),13.2,18.0,False,False
Karnataka,Chikkamagaluru,Women,82,Moderately or severely elevated blood pressure (Systolic ≥160 mm of Hg and/or Diastolic ≥100 mm of Hg) (%),7.0,7.7,False,False
Karnataka,Chikkamagaluru,Women,83,Elevated blood pressure (Systolic ≥140 mm of Hg and/or Diastolic ≥90 mm of Hg) or taking medicine to control blood pressure (%),30.9,29.2,False,False
Karnataka,Chikkamagaluru,Men,84,Mildly elevated blood pressure (Systolic 140-159 mm of Hg and/or Diastolic 90-99 mm of Hg) (%),16.9,19.0,False,False
Karnataka,Chikkamagaluru,Men,85,Moderately or severely elevated blood pressure (Systolic ≥160 mm of Hg and/or Diastolic ≥100 mm of Hg) (%),8.5,6.0,False,False
Karnataka,Chikkamagaluru,Men,86,Elevated blood pressure (Systolic ≥140 mm of Hg and/or Diastolic ≥90 mm of Hg) or taking medicine to control blood pressure (%),32.4,28.7,False,False
Karnataka,Chikkamagaluru,Men,87,Women having a bank or savings account that they themselves use (%),92.3,93.5,False,False
Karnataka,Chikkamagaluru,Men,88,Women having a mobile phone that they themselves use (%),82.0,67.9,False,False
Karnataka,Chikkamagaluru,Men,89,Women age 15-24 years who use hygienic methods of protection during their menstrual period17 (%),97.7,93.1,False,False
Karnataka,Chikkamagaluru,Tobacco Use and Alcohol Consumption among Adults (age 15 years and above),90,Women age 15 years and above who use any kind of tobacco (%),9.1,10.9,False,False
Karnataka,Chikkamagaluru,Tobacco Use and Alcohol Consumption among Adults (age 15 years and above),91,Men age 15 years and above who use any kind of tobacco (%),26.9,32.3,False,False
Karnataka,Chikkamagaluru,Tobacco Use and Alcohol Consumption among Adults (age 15 years and above),92,Women age 15 years and above who consume alcohol (%),2.1,1.5,False,False
Karnataka,Chikkamagaluru,Tobacco Use and Alcohol Consumption among Adults (age 15 years and above),93,Men age 15 years and above who consume alcohol (%),25.8,23.8,False,False
Karnataka,Chitradurga,Population and Household Profile,1,Population below age 5 years (%),5.7,6.6,False,False
Karnataka,Chitradurga,Population and Household Profile,2,Population below age 15 years (%),19.5,22.5,False,False
Karnataka,Chitradurga,Population and Household Profile,3,Population age 60 years and above (%),17.1,14.6,False,False
Karnataka,Chitradurga,Population and Household Profile,4,Population living in households with electricity (%),99.7,99.8,False,False
Karnataka,Chitradurga,Population and Household Profile,5,Population living in households with an improved drinking-water source1 (%),99.7,97.8,False,False
Karnataka,Chitradurga,Population and Household Profile,6,Households using iodized salt (%),95.3,96.4,False,False
Karnataka,Chitradurga,Population and Household Profile,7,Households with any usual member covered under a health insurance/financing scheme (%),81.8,40.1,False,False
Karnataka,Chitradurga,Population and Household Profile,8,Households with any usual member having a bank account/post office account (%),99.2,98.4,False,False
Karnataka,Chitradurga,Population and Household Profile,9,Female population age 6 years and above who ever attended school (%),77.6,73.0,False,False
Karnataka,Chitradurga,Population and Household Profile,10,Households with any usual female members owning a house and/or land (alone or jointly with others) (%),31.6,22.7,False,False
Karnataka,Chitradurga,Population and Household Profile,11,Children age 2-4 years who attended pre-school (%),44.2,49.7,False,False
Karnataka,Chitradurga,Characteristics of Adults (age 15-49 years),12,Women with 10 or more years of schooling (%),58.6,48.3,False,False
Karnataka,Chitradurga,Characteristics of Adults (age 15-49 years),13,Men with 10 or more years of schooling (%),65.6,63.6,False,False
Karnataka,Chitradurga,Characteristics of Adults (age 15-49 years),14,Women who have ever used the internet (%),34.8,19.4,False,False
Karnataka,Chitradurga,Characteristics of Adults (age 15-49 years),15,Men who have ever used the internet (%),81.1,64.6,False,False
Karnataka,Chitradurga,Marriage and Fertility,16,Women age 20-24 years married before age 18 years (%),14.5,20.7,False,False
Karnataka,Chitradurga,Marriage and Fertility,17,Men age 25-29 years married before age 21 years (%),*,*,True,False
Karnataka,Chitradurga,Marriage and Fertility,18,Three or more births in the 5 years preceding the survey (%),0.9,0.4,False,False
Karnataka,Chitradurga,Marriage and Fertility,19,Women age 15-19 years who were already mothers or pregnant at the time of the survey (%),8.8,7.8,False,False
Karnataka,Chitradurga,Marriage and Fertility,20,Any method2 (%),63.1,72.8,False,False
Karnataka,Chitradurga,Marriage and Fertility,21,Any modern method2 (%),60.3,72.5,False,False
Karnataka,Chitradurga,Marriage and Fertility,22,Any traditional method (%),2.8,0.3,False,False
Karnataka,Chitradurga,Marriage and Fertility,23,Female sterilization (%),56.0,62.0,False,False
Karnataka,Chitradurga,Marriage and Fertility,24,Male sterilization (%),0.2,0.0,False,False
Karnataka,Chitradurga,Marriage and Fertility,25,Total unmet need3 (%),8.3,5.0,False,False
Karnataka,Chitradurga,Marriage and Fertility,26,Unmet need for spacing3 (%),5.4,3.5,False,False
Karnataka,Chitradurga,Marriage and Fertility,27,Unmet need for limiting3 (%),2.9,1.5,False,False
Karnataka,Chitradurga,Antenatal Care (for last birth in the 5 years before the survey),28,Mothers who had an antenatal check-up in the first trimester (%),58.9,66.3,False,False
Karnataka,Chitradurga,Antenatal Care (for last birth in the 5 years before the survey),29,Mothers who had any antenatal care visits (%),95.3,100.0,False,False
Karnataka,Chitradurga,Antenatal Care (for last birth in the 5 years before the survey),30,Mothers who had at least 4 antenatal care visits (%),65.7,79.3,False,False
Karnataka,Chitradurga,Antenatal Care (for last birth in the 5 years before the survey),31,Mothers whose last birth was protected against neonatal tetanus4 (%),97.8,93.9,False,False
Karnataka,Chitradurga,Antenatal Care (for last birth in the 5 years before the survey),32,Mothers who consumed iron folic acid for 100 days or more when they were pregnant (%),70.3,50.5,False,False
Karnataka,Chitradurga,Antenatal Care (for last birth in the 5 years before the survey),33,Mothers who consumed iron folic acid for 180 days or more when they were pregnant (%),52.4,36.6,False,False
Karnataka,Chitradurga,Antenatal Care (for last birth in the 5 years before the survey),34,Registered pregnancies for which the mother received a Mother and Child Protection (MCP) card (%),98.9,99.1,False,False
Karnataka,Chitradurga,Delivery Care (for births in the 5 years before the survey),35,Institutional births (%),99.1,98.3,False,False
Karnataka,Chitradurga,Delivery Care (for births in the 5 years before the survey),36,Institutional births in public facility (%),65.0,68.8,False,False
Karnataka,Chitradurga,Delivery Care (for births in the 5 years before the survey),37,Births attended by skilled health personnel5 (%),99.6,95.1,False,False
Karnataka,Chitradurga,Delivery Care (for births in the 5 years before the survey),38,Births delivered by caesarean section (%),61.1,42.8,False,False
Karnataka,Chitradurga,Delivery Care (for births in the 5 years before the survey),39,Births in a private health facility that were delivered by caesarean section (%),80.6,70.8,False,False
Karnataka,Chitradurga,Delivery Care (for births in the 5 years before the survey),40,Births in a public health facility that were delivered by caesarean section (%),51.6,31.8,False,False
Karnataka,Chitradurga,Postnatal Care (for last birth in the 5 years before the survey),41,Mothers who received postnatal care from a doctor/nurse/LHV/ANM/midwife/other health personnel within 2 days of delivery+ (%),96.8,95.2,False,False
Karnataka,Chitradurga,Postnatal Care (for last birth in the 5 years before the survey),42,Children born at home who were taken to a health facility for a check-up within 24 hours of birth (%),*,*,True,False
Karnataka,Chitradurga,Postnatal Care (for last birth in the 5 years before the survey),43,Children who received postnatal care from a doctor/nurse/LHV/ANM/midwife/other health personnel within 2 days of delivery+ (%),96.7,94.3,False,False
Karnataka,Chitradurga,Child Vaccinations and Vitamin A Supplementation,44,Children age 12-23 months fully vaccinated based on information from either vaccination card or mother's recall6 (%),88.9,94.6,True,False
Karnataka,Chitradurga,Child Vaccinations and Vitamin A Supplementation,45,Children age 12-23 months fully vaccinated based on information from vaccination card only7 (%),88.1,97.2,True,False
Karnataka,Chitradurga,Child Vaccinations and Vitamin A Supplementation,46,Children age 12-23 months who have received any vaccine (%),95.1,97.3,True,False
Karnataka,Chitradurga,Child Vaccinations and Vitamin A Supplementation,47,Children age 12-23 months who have received BCG (%),95.1,97.3,True,False
Karnataka,Chitradurga,Child Vaccinations and Vitamin A Supplementation,48,Children age 12-23 months who have received 3 doses of polio vaccine8 (%),88.9,97.3,True,False
Karnataka,Chitradurga,Child Vaccinations and Vitamin A Supplementation,49,Children age 12-23 months who have received 3 doses of pentavalent vaccine (%),92.0,94.6,True,False
Karnataka,Chitradurga,Child Vaccinations and Vitamin A Supplementation,50,Children age 12-23 months who have received the first dose of measles-containing vaccine (MCV) (%),95.1,97.3,True,False
Karnataka,Chitradurga,Child Vaccinations and Vitamin A Supplementation,51,Children age 24-35 months who have received a second dose of measles-containing vaccine (MCV) (%),77.1,84.0,True,False
Karnataka,Chitradurga,Child Vaccinations and Vitamin A Supplementation,52,Children age 12-23 months who have received birth dose of hepatitis B vaccine (%),95.1,93.6,True,False
Karnataka,Chitradurga,Child Vaccinations and Vitamin A Supplementation,53,Children age 12-23 months who have received 3 doses of rotavirus vaccine (%),79.1,4.5,True,False
Karnataka,Chitradurga,Child Vaccinations and Vitamin A Supplementation,54,Children age 9-35 months who received a vitamin A dose in the last 6 months (%),92.6,93.5,False,False
Karnataka,Chitradurga,Child Vaccinations and Vitamin A Supplementation,55,Children age 12-23 months who received most of their vaccinations in a public health facility (%),97.2,100.0,True,False
Karnataka,Chitradurga,Child Vaccinations and Vitamin A Supplementation,56,Children age 12-23 months who received most of their vaccinations in a private health facility (%),2.8,0.0,True,False
Karnataka,Chitradurga,Treatment of Childhood Diseases (children under age 5 years),57,Prevalence of diarrhoea in the 2 weeks preceding the survey (%),10.4,6.2,False,False
Karnataka,Chitradurga,Treatment of Childhood Diseases (children under age 5 years),58,Prevalence of symptoms of acute respiratory infection (ARI) in the 2 weeks preceding the survey (%),3.0,2.5,False,False
Karnataka,Chitradurga,Treatment of Childhood Diseases (children under age 5 years),59,Children with fever or symptoms of ARI in the 2 weeks preceding the survey taken to a health facility or health provider (%),80.2,67.2,True,False
Karnataka,Chitradurga,Child Feeding Practices and Nutritional Status of Children,60,Children under age 3 years breastfed within one hour of birth9 (%),60.5,54.2,False,False
Karnataka,Chitradurga,Child Feeding Practices and Nutritional Status of Children,61,Children under age 6 months exclusively breastfed10 (%),63.7,66.0,True,False
Karnataka,Chitradurga,Child Feeding Practices and Nutritional Status of Children,62,Children under age 6 months currently breastfeeding10 (%),96.3,96.5,True,False
Karnataka,Chitradurga,Child Feeding Practices and Nutritional Status of Children,63,Children under age 6 months exclusively breastfed or breastfeeding and consuming plain water/other milk only10 (%),83.0,71.7,True,False
Karnataka,Chitradurga,Child Feeding Practices and Nutritional Status of Children,64,Children age 6-8 months receiving solid or semi-solid food and breastmilk10 (%),*,*,True,False
Karnataka,Chitradurga,Child Feeding Practices and Nutritional Status of Children,65,"Breastfeeding children age 6-23 months receiving an adequate diet10, 11 (%)",16.4,16.8,True,False
Karnataka,Chitradurga,Child Feeding Practices and Nutritional Status of Children,66,"Non-breastfeeding children age 6-23 months receiving an adequate diet10, 11 (%)",*,*,True,False
Karnataka,Chitradurga,Child Feeding Practices and Nutritional Status of Children,67,"Total children age 6-23 months receiving an adequate diet10, 11 (%)",17.6,27.2,True,False
Karnataka,Chitradurga,Child Feeding Practices and Nutritional Status of Children,68,Children under 5 years who are stunted (height-for-age)12 (%),33.3,36.0,False,False
Karnataka,Chitradurga,Child Feeding Practices and Nutritional Status of Children,69,Children under 5 years who are wasted (weight-for-height)12 (%),25.7,17.9,False,False
Karnataka,Chitradurga,Child Feeding Practices and Nutritional Status of Children,70,Children under 5 years who are severely wasted (weight-for-height)13 (%),9.6,8.3,False,False
Karnataka,Chitradurga,Child Feeding Practices and Nutritional Status of Children,71,Children under 5 years who are underweight (weight-for-age)12 (%),35.3,32.4,False,False
Karnataka,Chitradurga,Child Feeding Practices and Nutritional Status of Children,72,Children under 5 years who are overweight (weight-for-height)14 (%),1.2,3.1,False,False
Karnataka,Chitradurga,Nutritional Status of Adults (age 15-49 years),73,Women whose Body Mass Index (BMI) is below normal (BMI <18.5 kg/m2)15 (%),17.5,14.5,False,False
Karnataka,Chitradurga,Nutritional Status of Adults (age 15-49 years),74,Women who are overweight or obese (BMI ≥25.0 kg/m2)15 (%),38.4,37.4,False,False
Karnataka,Chitradurga,Women,75,Blood sugar level - high (141-160 mg/dl)16 (%),8.3,6.3,False,False
Karnataka,Chitradurga,Women,76,Blood sugar level - very high (>160 mg/dl)16 (%),15.1,6.9,False,False
Karnataka,Chitradurga,Women,77,Blood sugar level - high or very high (>140 mg/dl) or taking medicine to control blood sugar level16 (%),25.1,15.1,False,False
Karnataka,Chitradurga,Men,78,Blood sugar level - high (141-160 mg/dl)16 (%),12.0,5.4,False,False
Karnataka,Chitradurga,Men,79,Blood sugar level - very high (>160 mg/dl)16 (%),17.4,7.5,False,False
Karnataka,Chitradurga,Men,80,Blood sugar level - high or very high (>140 mg/dl) or taking medicine to control blood sugar level16 (%),31.1,14.4,False,False
Karnataka,Chitradurga,Women,81,Mildly elevated blood pressure (Systolic 140-159 mm of Hg and/or Diastolic 90-99 mm of Hg) (%),12.6,18.4,False,False
Karnataka,Chitradurga,Women,82,Moderately or severely elevated blood pressure (Systolic ≥160 mm of Hg and/or Diastolic ≥100 mm of Hg) (%),5.6,8.4,False,False
Karnataka,Chitradurga,Women,83,Elevated blood pressure (Systolic ≥140 mm of Hg and/or Diastolic ≥90 mm of Hg) or taking medicine to control blood pressure (%),24.3,29.7,False,False
Karnataka,Chitradurga,Men,84,Mildly elevated blood pressure (Systolic 140-159 mm of Hg and/or Diastolic 90-99 mm of Hg) (%),17.5,19.6,False,False
Karnataka,Chitradurga,Men,85,Moderately or severely elevated blood pressure (Systolic ≥160 mm of Hg and/or Diastolic ≥100 mm of Hg) (%),6.4,8.6,False,False
Karnataka,Chitradurga,Men,86,Elevated blood pressure (Systolic ≥140 mm of Hg and/or Diastolic ≥90 mm of Hg) or taking medicine to control blood pressure (%),29.5,30.6,False,False
Karnataka,Chitradurga,Men,87,Women having a bank or savings account that they themselves use (%),93.2,96.1,False,False
Karnataka,Chitradurga,Men,88,Women having a mobile phone that they themselves use (%),60.9,60.9,False,False
Karnataka,Chitradurga,Men,89,Women age 15-24 years who use hygienic methods of protection during their menstrual period17 (%),92.9,85.5,False,False
Karnataka,Chitradurga,Tobacco Use and Alcohol Consumption among Adults (age 15 years and above),90,Women age 15 years and above who use any kind of tobacco (%),8.1,14.2,False,False
Karnataka,Chitradurga,Tobacco Use and Alcohol Consumption among Adults (age 15 years and above),91,Men age 15 years and above who use any kind of tobacco (%),27.0,36.9,False,False
Karnataka,Chitradurga,Tobacco Use and Alcohol Consumption among Adults (age 15 years and above),92,Women age 15 years and above who consume alcohol (%),0.6,2.0,False,False
Karnataka,Chitradurga,Tobacco Use and Alcohol Consumption among Adults (age 15 years and above),93,Men age 15 years and above who consume alcohol (%),13.5,21.2,False,False
Karnataka,Dakshina Kannada,Population and Household Profile,1,Population below age 5 years (%),7.5,6.3,False,False
Karnataka,Dakshina Kannada,Population and Household Profile,2,Population below age 15 years (%),24.0,19.8,False,False
Karnataka,Dakshina Kannada,Population and Household Profile,3,Population age 60 years and above (%),17.0,14.5,False,False
Karnataka,Dakshina Kannada,Population and Household Profile,4,Population living in households with electricity (%),99.8,99.8,False,False
Karnataka,Dakshina Kannada,Population and Household Profile,5,Population living in households with an improved drinking-water source1 (%),91.6,88.6,False,False
Karnataka,Dakshina Kannada,Population and Household Profile,6,Households using iodized salt (%),98.7,96.9,False,False
Karnataka,Dakshina Kannada,Population and Household Profile,7,Households with any usual member covered under a health insurance/financing scheme (%),80.4,39.1,False,False
Karnataka,Dakshina Kannada,Population and Household Profile,8,Households with any usual member having a bank account/post office account (%),99.3,97.0,False,False
Karnataka,Dakshina Kannada,Population and Household Profile,9,Female population age 6 years and above who ever attended school (%),87.0,83.9,False,False
Karnataka,Dakshina Kannada,Population and Household Profile,10,Households with any usual female members owning a house and/or land (alone or jointly with others) (%),28.0,10.8,False,False
Karnataka,Dakshina Kannada,Population and Household Profile,11,Children age 2-4 years who attended pre-school (%),51.0,47.0,False,False
Karnataka,Dakshina Kannada,Characteristics of Adults (age 15-49 years),12,Women with 10 or more years of schooling (%),67.2,62.8,False,False
Karnataka,Dakshina Kannada,Characteristics of Adults (age 15-49 years),13,Men with 10 or more years of schooling (%),58.6,63.6,False,False
Karnataka,Dakshina Kannada,Characteristics of Adults (age 15-49 years),14,Women who have ever used the internet (%),76.3,51.0,False,False
Karnataka,Dakshina Kannada,Characteristics of Adults (age 15-49 years),15,Men who have ever used the internet (%),86.7,66.8,False,False
Karnataka,Dakshina Kannada,Marriage and Fertility,16,Women age 20-24 years married before age 18 years (%),2.6,4.9,False,False
Karnataka,Dakshina Kannada,Marriage and Fertility,17,Men age 25-29 years married before age 21 years (%),*,*,True,False
Karnataka,Dakshina Kannada,Marriage and Fertility,18,Three or more births in the 5 years preceding the survey (%),0.3,1.2,False,False
Karnataka,Dakshina Kannada,Marriage and Fertility,19,Women age 15-19 years who were already mothers or pregnant at the time of the survey (%),0.0,1.0,False,False
Karnataka,Dakshina Kannada,Marriage and Fertility,20,Any method2 (%),41.3,61.9,False,False
Karnataka,Dakshina Kannada,Marriage and Fertility,21,Any modern method2 (%),37.8,60.2,False,False
Karnataka,Dakshina Kannada,Marriage and Fertility,22,Any traditional method (%),3.5,1.7,False,False
Karnataka,Dakshina Kannada,Marriage and Fertility,23,Female sterilization (%),23.6,46.2,False,False
Karnataka,Dakshina Kannada,Marriage and Fertility,24,Male sterilization (%),0.0,0.0,False,False
Karnataka,Dakshina Kannada,Marriage and Fertility,25,Total unmet need3 (%),15.6,9.5,False,False
Karnataka,Dakshina Kannada,Marriage and Fertility,26,Unmet need for spacing3 (%),7.1,6.6,False,False
Karnataka,Dakshina Kannada,Marriage and Fertility,27,Unmet need for limiting3 (%),8.5,2.9,False,False
Karnataka,Dakshina Kannada,Antenatal Care (for last birth in the 5 years before the survey),28,Mothers who had an antenatal check-up in the first trimester (%),89.7,86.1,False,False
Karnataka,Dakshina Kannada,Antenatal Care (for last birth in the 5 years before the survey),29,Mothers who had any antenatal care visits (%),99.5,100.0,False,False
Karnataka,Dakshina Kannada,Antenatal Care (for last birth in the 5 years before the survey),30,Mothers who had at least 4 antenatal care visits (%),87.7,82.0,False,False
Karnataka,Dakshina Kannada,Antenatal Care (for last birth in the 5 years before the survey),31,Mothers whose last birth was protected against neonatal tetanus4 (%),96.4,97.5,False,False
Karnataka,Dakshina Kannada,Antenatal Care (for last birth in the 5 years before the survey),32,Mothers who consumed iron folic acid for 100 days or more when they were pregnant (%),90.8,68.9,False,False
Karnataka,Dakshina Kannada,Antenatal Care (for last birth in the 5 years before the survey),33,Mothers who consumed iron folic acid for 180 days or more when they were pregnant (%),83.0,35.4,False,False
Karnataka,Dakshina Kannada,Antenatal Care (for last birth in the 5 years before the survey),34,Registered pregnancies for which the mother received a Mother and Child Protection (MCP) card (%),98.3,98.3,False,False
Karnataka,Dakshina Kannada,Delivery Care (for births in the 5 years before the survey),35,Institutional births (%),98.4,100.0,False,False
Karnataka,Dakshina Kannada,Delivery Care (for births in the 5 years before the survey),36,Institutional births in public facility (%),44.6,41.9,False,False
Karnataka,Dakshina Kannada,Delivery Care (for births in the 5 years before the survey),37,Births attended by skilled health personnel5 (%),98.8,91.9,False,False
Karnataka,Dakshina Kannada,Delivery Care (for births in the 5 years before the survey),38,Births delivered by caesarean section (%),40.0,30.4,False,False
Karnataka,Dakshina Kannada,Delivery Care (for births in the 5 years before the survey),39,Births in a private health facility that were delivered by caesarean section (%),41.5,35.0,False,False
Karnataka,Dakshina Kannada,Delivery Care (for births in the 5 years before the survey),40,Births in a public health facility that were delivered by caesarean section (%),39.7,24.1,False,False
Karnataka,Dakshina Kannada,Postnatal Care (for last birth in the 5 years before the survey),41,Mothers who received postnatal care from a doctor/nurse/LHV/ANM/midwife/other health personnel within 2 days of delivery+ (%),90.6,83.5,False,False
Karnataka,Dakshina Kannada,Postnatal Care (for last birth in the 5 years before the survey),42,Children born at home who were taken to a health facility for a check-up within 24 hours of birth (%),*,*,True,False
Karnataka,Dakshina Kannada,Postnatal Care (for last birth in the 5 years before the survey),43,Children who received postnatal care from a doctor/nurse/LHV/ANM/midwife/other health personnel within 2 days of delivery+ (%),91.4,83.5,False,False
Karnataka,Dakshina Kannada,Child Vaccinations and Vitamin A Supplementation,44,Children age 12-23 months fully vaccinated based on information from either vaccination card or mother's recall6 (%),85.4,86.8,True,False
Karnataka,Dakshina Kannada,Child Vaccinations and Vitamin A Supplementation,45,Children age 12-23 months fully vaccinated based on information from vaccination card only7 (%),91.9,93.9,True,False
Karnataka,Dakshina Kannada,Child Vaccinations and Vitamin A Supplementation,46,Children age 12-23 months who have received any vaccine (%),100.0,100.0,True,False
Karnataka,Dakshina Kannada,Child Vaccinations and Vitamin A Supplementation,47,Children age 12-23 months who have received BCG (%),100.0,100.0,True,False
Karnataka,Dakshina Kannada,Child Vaccinations and Vitamin A Supplementation,48,Children age 12-23 months who have received 3 doses of polio vaccine8 (%),88.8,89.0,True,False
Karnataka,Dakshina Kannada,Child Vaccinations and Vitamin A Supplementation,49,Children age 12-23 months who have received 3 doses of pentavalent vaccine (%),95.0,90.0,True,False
Karnataka,Dakshina Kannada,Child Vaccinations and Vitamin A Supplementation,50,Children age 12-23 months who have received the first dose of measles-containing vaccine (MCV) (%),98.3,96.5,True,False
Karnataka,Dakshina Kannada,Child Vaccinations and Vitamin A Supplementation,51,Children age 24-35 months who have received a second dose of measles-containing vaccine (MCV) (%),90.7,63.1,True,False
Karnataka,Dakshina Kannada,Child Vaccinations and Vitamin A Supplementation,52,Children age 12-23 months who have received birth dose of hepatitis B vaccine (%),100.0,95.9,True,False
Karnataka,Dakshina Kannada,Child Vaccinations and Vitamin A Supplementation,53,Children age 12-23 months who have received 3 doses of rotavirus vaccine (%),93.1,5.8,True,False
Karnataka,Dakshina Kannada,Child Vaccinations and Vitamin A Supplementation,54,Children age 9-35 months who received a vitamin A dose in the last 6 months (%),82.5,88.7,False,False
Karnataka,Dakshina Kannada,Child Vaccinations and Vitamin A Supplementation,55,Children age 12-23 months who received most of their vaccinations in a public health facility (%),84.4,96.6,True,False
Karnataka,Dakshina Kannada,Child Vaccinations and Vitamin A Supplementation,56,Children age 12-23 months who received most of their vaccinations in a private health facility (%),15.6,3.4,True,False
Karnataka,Dakshina Kannada,Treatment of Childhood Diseases (children under age 5 years),57,Prevalence of diarrhoea in the 2 weeks preceding the survey (%),2.8,3.9,False,False
Karnataka,Dakshina Kannada,Treatment of Childhood Diseases (children under age 5 years),58,Prevalence of symptoms of acute respiratory infection (ARI) in the 2 weeks preceding the survey (%),0.0,0.9,False,False
Karnataka,Dakshina Kannada,Treatment of Childhood Diseases (children under age 5 years),59,Children with fever or symptoms of ARI in the 2 weeks preceding the survey taken to a health facility or health provider (%),96.8,*,True,False
Karnataka,Dakshina Kannada,Child Feeding Practices and Nutritional Status of Children,60,Children under age 3 years breastfed within one hour of birth9 (%),37.9,59.9,False,False
Karnataka,Dakshina Kannada,Child Feeding Practices and Nutritional Status of Children,61,Children under age 6 months exclusively breastfed10 (%),35.5,63.5,True,False
Karnataka,Dakshina Kannada,Child Feeding Practices and Nutritional Status of Children,62,Children under age 6 months currently breastfeeding10 (%),95.9,92.6,True,False
Karnataka,Dakshina Kannada,Child Feeding Practices and Nutritional Status of Children,63,Children under age 6 months exclusively breastfed or breastfeeding and consuming plain water/other milk only10 (%),73.6,77.5,True,False
Karnataka,Dakshina Kannada,Child Feeding Practices and Nutritional Status of Children,64,Children age 6-8 months receiving solid or semi-solid food and breastmilk10 (%),*,*,True,False
Karnataka,Dakshina Kannada,Child Feeding Practices and Nutritional Status of Children,65,"Breastfeeding children age 6-23 months receiving an adequate diet10, 11 (%)",5.5,2.2,False,False
Karnataka,Dakshina Kannada,Child Feeding Practices and Nutritional Status of Children,66,"Non-breastfeeding children age 6-23 months receiving an adequate diet10, 11 (%)",*,*,True,False
Karnataka,Dakshina Kannada,Child Feeding Practices and Nutritional Status of Children,67,"Total children age 6-23 months receiving an adequate diet10, 11 (%)",7.7,5.3,False,False
Karnataka,Dakshina Kannada,Child Feeding Practices and Nutritional Status of Children,68,Children under 5 years who are stunted (height-for-age)12 (%),19.2,25.1,False,False
Karnataka,Dakshina Kannada,Child Feeding Practices and Nutritional Status of Children,69,Children under 5 years who are wasted (weight-for-height)12 (%),20.2,30.5,False,False
Karnataka,Dakshina Kannada,Child Feeding Practices and Nutritional Status of Children,70,Children under 5 years who are severely wasted (weight-for-height)13 (%),5.4,15.7,False,False
Karnataka,Dakshina Kannada,Child Feeding Practices and Nutritional Status of Children,71,Children under 5 years who are underweight (weight-for-age)12 (%),22.6,26.4,False,False
Karnataka,Dakshina Kannada,Child Feeding Practices and Nutritional Status of Children,72,Children under 5 years who are overweight (weight-for-height)14 (%),1.5,6.9,False,False
Karnataka,Dakshina Kannada,Nutritional Status of Adults (age 15-49 years),73,Women whose Body Mass Index (BMI) is below normal (BMI <18.5 kg/m2)15 (%),16.4,12.6,False,False
Karnataka,Dakshina Kannada,Nutritional Status of Adults (age 15-49 years),74,Women who are overweight or obese (BMI ≥25.0 kg/m2)15 (%),37.8,22.2,False,False
Karnataka,Dakshina Kannada,Women,75,Blood sugar level - high (141-160 mg/dl)16 (%),9.3,6.0,False,False
Karnataka,Dakshina Kannada,Women,76,Blood sugar level - very high (>160 mg/dl)16 (%),17.4,7.5,False,False
Karnataka,Dakshina Kannada,Women,77,Blood sugar level - high or very high (>140 mg/dl) or taking medicine to control blood sugar level16 (%),28.2,15.4,False,False
Karnataka,Dakshina Kannada,Men,78,Blood sugar level - high (141-160 mg/dl)16 (%),9.8,6.9,False,False
Karnataka,Dakshina Kannada,Men,79,Blood sugar level - very high (>160 mg/dl)16 (%),18.5,6.8,False,False
Karnataka,Dakshina Kannada,Men,80,Blood sugar level - high or very high (>140 mg/dl) or taking medicine to control blood sugar level16 (%),30.5,14.8,False,False
Karnataka,Dakshina Kannada,Women,81,Mildly elevated blood pressure (Systolic 140-159 mm of Hg and/or Diastolic 90-99 mm of Hg) (%),13.3,17.2,False,False
Karnataka,Dakshina Kannada,Women,82,Moderately or severely elevated blood pressure (Systolic ≥160 mm of Hg and/or Diastolic ≥100 mm of Hg) (%),7.1,8.6,False,False
Karnataka,Dakshina Kannada,Women,83,Elevated blood pressure (Systolic ≥140 mm of Hg and/or Diastolic ≥90 mm of Hg) or taking medicine to control blood pressure (%),28.5,30.1,False,False
Karnataka,Dakshina Kannada,Men,84,Mildly elevated blood pressure (Systolic 140-159 mm of Hg and/or Diastolic 90-99 mm of Hg) (%),16.0,18.5,False,False
Karnataka,Dakshina Kannada,Men,85,Moderately or severely elevated blood pressure (Systolic ≥160 mm of Hg and/or Diastolic ≥100 mm of Hg) (%),10.4,8.1,False,False
Karnataka,Dakshina Kannada,Men,86,Elevated blood pressure (Systolic ≥140 mm of Hg and/or Diastolic ≥90 mm of Hg) or taking medicine to control blood pressure (%),33.9,29.9,False,False
Karnataka,Dakshina Kannada,Men,87,Women having a bank or savings account that they themselves use (%),95.1,94.9,False,False
Karnataka,Dakshina Kannada,Men,88,Women having a mobile phone that they themselves use (%),91.2,78.1,False,False
Karnataka,Dakshina Kannada,Men,89,Women age 15-24 years who use hygienic methods of protection during their menstrual period17 (%),94.3,93.9,False,False
Karnataka,Dakshina Kannada,Tobacco Use and Alcohol Consumption among Adults (age 15 years and above),90,Women age 15 years and above who use any kind of tobacco (%),6.4,4.4,False,False
Karnataka,Dakshina Kannada,Tobacco Use and Alcohol Consumption among Adults (age 15 years and above),91,Men age 15 years and above who use any kind of tobacco (%),15.5,15.1,False,False
Karnataka,Dakshina Kannada,Tobacco Use and Alcohol Consumption among Adults (age 15 years and above),92,Women age 15 years and above who consume alcohol (%),0.6,0.6,False,False
Karnataka,Dakshina Kannada,Tobacco Use and Alcohol Consumption among Adults (age 15 years and above),93,Men age 15 years and above who consume alcohol (%),15.9,11.6,False,False
Karnataka,Davanagere,Population and Household Profile,1,Population below age 5 years (%),6.0,7.2,False,False
Karnataka,Davanagere,Population and Household Profile,2,Population below age 15 years (%),20.7,21.9,False,False
Karnataka,Davanagere,Population and Household Profile,3,Population age 60 years and above (%),14.1,12.2,False,False
Karnataka,Davanagere,Population and Household Profile,4,Population living in households with electricity (%),99.6,98.8,False,False
Karnataka,Davanagere,Population and Household Profile,5,Population living in households with an improved drinking-water source1 (%),98.7,97.5,False,False
Karnataka,Davanagere,Population and Household Profile,6,Households using iodized salt (%),93.6,94.9,False,False
Karnataka,Davanagere,Population and Household Profile,7,Households with any usual member covered under a health insurance/financing scheme (%),61.8,28.0,False,False
Karnataka,Davanagere,Population and Household Profile,8,Households with any usual member having a bank account/post office account (%),99.1,87.8,False,False
Karnataka,Davanagere,Population and Household Profile,9,Female population age 6 years and above who ever attended school (%),77.9,74.9,False,False
Karnataka,Davanagere,Population and Household Profile,10,Households with any usual female members owning a house and/or land (alone or jointly with others) (%),38.1,18.6,False,False
Karnataka,Davanagere,Population and Household Profile,11,Children age 2-4 years who attended pre-school (%),45.3,46.2,False,False
Karnataka,Davanagere,Characteristics of Adults (age 15-49 years),12,Women with 10 or more years of schooling (%),49.9,47.1,False,False
Karnataka,Davanagere,Characteristics of Adults (age 15-49 years),13,Men with 10 or more years of schooling (%),56.4,54.6,False,False
Karnataka,Davanagere,Characteristics of Adults (age 15-49 years),14,Women who have ever used the internet (%),38.4,21.0,False,False
Karnataka,Davanagere,Characteristics of Adults (age 15-49 years),15,Men who have ever used the internet (%),75.1,40.4,False,False
Karnataka,Davanagere,Marriage and Fertility,16,Women age 20-24 years married before age 18 years (%),15.3,19.1,False,False
Karnataka,Davanagere,Marriage and Fertility,17,Men age 25-29 years married before age 21 years (%),*,*,True,False
Karnataka,Davanagere,Marriage and Fertility,18,Three or more births in the 5 years preceding the survey (%),0.6,2.6,False,False
Karnataka,Davanagere,Marriage and Fertility,19,Women age 15-19 years who were already mothers or pregnant at the time of the survey (%),10.1,4.9,False,False
Karnataka,Davanagere,Marriage and Fertility,20,Any method2 (%),70.9,47.1,False,False
Karnataka,Davanagere,Marriage and Fertility,21,Any modern method2 (%),68.4,46.9,False,False
Karnataka,Davanagere,Marriage and Fertility,22,Any traditional method (%),2.5,0.2,False,False
Karnataka,Davanagere,Marriage and Fertility,23,Female sterilization (%),63.1,41.6,False,False
Karnataka,Davanagere,Marriage and Fertility,24,Male sterilization (%),0.0,0.0,False,False
Karnataka,Davanagere,Marriage and Fertility,25,Total unmet need3 (%),6.0,11.5,False,False
Karnataka,Davanagere,Marriage and Fertility,26,Unmet need for spacing3 (%),3.9,4.9,False,False
Karnataka,Davanagere,Marriage and Fertility,27,Unmet need for limiting3 (%),2.1,6.6,False,False
Karnataka,Davanagere,Antenatal Care (for last birth in the 5 years before the survey),28,Mothers who had an antenatal check-up in the first trimester (%),79.1,63.0,False,False
Karnataka,Davanagere,Antenatal Care (for last birth in the 5 years before the survey),29,Mothers who had any antenatal care visits (%),98.7,96.8,False,False
Karnataka,Davanagere,Antenatal Care (for last birth in the 5 years before the survey),30,Mothers who had at least 4 antenatal care visits (%),88.3,63.1,False,False
Karnataka,Davanagere,Antenatal Care (for last birth in the 5 years before the survey),31,Mothers whose last birth was protected against neonatal tetanus4 (%),97.4,86.4,False,False
Karnataka,Davanagere,Antenatal Care (for last birth in the 5 years before the survey),32,Mothers who consumed iron folic acid for 100 days or more when they were pregnant (%),71.7,25.0,False,False
Karnataka,Davanagere,Antenatal Care (for last birth in the 5 years before the survey),33,Mothers who consumed iron folic acid for 180 days or more when they were pregnant (%),56.4,21.0,False,False
Karnataka,Davanagere,Antenatal Care (for last birth in the 5 years before the survey),34,Registered pregnancies for which the mother received a Mother and Child Protection (MCP) card (%),99.3,96.3,False,False
Karnataka,Davanagere,Delivery Care (for births in the 5 years before the survey),35,Institutional births (%),98.7,98.3,False,False
Karnataka,Davanagere,Delivery Care (for births in the 5 years before the survey),36,Institutional births in public facility (%),72.6,68.9,False,False
Karnataka,Davanagere,Delivery Care (for births in the 5 years before the survey),37,Births attended by skilled health personnel5 (%),95.2,88.1,False,False
Karnataka,Davanagere,Delivery Care (for births in the 5 years before the survey),38,Births delivered by caesarean section (%),36.8,39.8,False,False
Karnataka,Davanagere,Delivery Care (for births in the 5 years before the survey),39,Births in a private health facility that were delivered by caesarean section (%),71.4,59.9,False,False
Karnataka,Davanagere,Delivery Care (for births in the 5 years before the survey),40,Births in a public health facility that were delivered by caesarean section (%),25.0,32.2,False,False
Karnataka,Davanagere,Postnatal Care (for last birth in the 5 years before the survey),41,Mothers who received postnatal care from a doctor/nurse/LHV/ANM/midwife/other health personnel within 2 days of delivery+ (%),100.0,78.9,False,False
Karnataka,Davanagere,Postnatal Care (for last birth in the 5 years before the survey),42,Children born at home who were taken to a health facility for a check-up within 24 hours of birth (%),*,*,True,False
Karnataka,Davanagere,Postnatal Care (for last birth in the 5 years before the survey),43,Children who received postnatal care from a doctor/nurse/LHV/ANM/midwife/other health personnel within 2 days of delivery+ (%),97.9,74.0,False,False
Karnataka,Davanagere,Child Vaccinations and Vitamin A Supplementation,44,Children age 12-23 months fully vaccinated based on information from either vaccination card or mother's recall6 (%),92.3,79.4,True,False
Karnataka,Davanagere,Child Vaccinations and Vitamin A Supplementation,45,Children age 12-23 months fully vaccinated based on information from vaccination card only7 (%),96.0,83.5,True,False
Karnataka,Davanagere,Child Vaccinations and Vitamin A Supplementation,46,Children age 12-23 months who have received any vaccine (%),100.0,96.0,True,False
Karnataka,Davanagere,Child Vaccinations and Vitamin A Supplementation,47,Children age 12-23 months who have received BCG (%),100.0,96.0,True,False
Karnataka,Davanagere,Child Vaccinations and Vitamin A Supplementation,48,Children age 12-23 months who have received 3 doses of polio vaccine8 (%),92.3,81.2,True,False
Karnataka,Davanagere,Child Vaccinations and Vitamin A Supplementation,49,Children age 12-23 months who have received 3 doses of pentavalent vaccine (%),100.0,93.7,True,False
Karnataka,Davanagere,Child Vaccinations and Vitamin A Supplementation,50,Children age 12-23 months who have received the first dose of measles-containing vaccine (MCV) (%),100.0,89.2,True,False
Karnataka,Davanagere,Child Vaccinations and Vitamin A Supplementation,51,Children age 24-35 months who have received a second dose of measles-containing vaccine (MCV) (%),80.3,51.9,True,False
Karnataka,Davanagere,Child Vaccinations and Vitamin A Supplementation,52,Children age 12-23 months who have received birth dose of hepatitis B vaccine (%),96.6,81.1,True,False
Karnataka,Davanagere,Child Vaccinations and Vitamin A Supplementation,53,Children age 12-23 months who have received 3 doses of rotavirus vaccine (%),81.3,6.6,True,False
Karnataka,Davanagere,Child Vaccinations and Vitamin A Supplementation,54,Children age 9-35 months who received a vitamin A dose in the last 6 months (%),92.6,78.7,False,False
Karnataka,Davanagere,Child Vaccinations and Vitamin A Supplementation,55,Children age 12-23 months who received most of their vaccinations in a public health facility (%),100.0,96.0,True,False
Karnataka,Davanagere,Child Vaccinations and Vitamin A Supplementation,56,Children age 12-23 months who received most of their vaccinations in a private health facility (%),0.0,4.0,True,False
Karnataka,Davanagere,Treatment of Childhood Diseases (children under age 5 years),57,Prevalence of diarrhoea in the 2 weeks preceding the survey (%),5.0,9.2,False,False
Karnataka,Davanagere,Treatment of Childhood Diseases (children under age 5 years),58,Prevalence of symptoms of acute respiratory infection (ARI) in the 2 weeks preceding the survey (%),0.8,3.4,False,False
Karnataka,Davanagere,Treatment of Childhood Diseases (children under age 5 years),59,Children with fever or symptoms of ARI in the 2 weeks preceding the survey taken to a health facility or health provider (%),*,44.6,True,False
Karnataka,Davanagere,Child Feeding Practices and Nutritional Status of Children,60,Children under age 3 years breastfed within one hour of birth9 (%),36.2,37.0,False,False
Karnataka,Davanagere,Child Feeding Practices and Nutritional Status of Children,61,Children under age 6 months exclusively breastfed10 (%),*,80.8,True,False
Karnataka,Davanagere,Child Feeding Practices and Nutritional Status of Children,62,Children under age 6 months currently breastfeeding10 (%),*,91.4,True,False
Karnataka,Davanagere,Child Feeding Practices and Nutritional Status of Children,63,Children under age 6 months exclusively breastfed or breastfeeding and consuming plain water/other milk only10 (%),*,80.8,True,False
Karnataka,Davanagere,Child Feeding Practices and Nutritional Status of Children,64,Children age 6-8 months receiving solid or semi-solid food and breastmilk10 (%),*,*,True,False
Karnataka,Davanagere,Child Feeding Practices and Nutritional Status of Children,65,"Breastfeeding children age 6-23 months receiving an adequate diet10, 11 (%)",6.1,12.6,True,False
Karnataka,Davanagere,Child Feeding Practices and Nutritional Status of Children,66,"Non-breastfeeding children age 6-23 months receiving an adequate diet10, 11 (%)",*,*,True,False
Karnataka,Davanagere,Child Feeding Practices and Nutritional Status of Children,67,"Total children age 6-23 months receiving an adequate diet10, 11 (%)",11.4,16.8,True,False
Karnataka,Davanagere,Child Feeding Practices and Nutritional Status of Children,68,Children under 5 years who are stunted (height-for-age)12 (%),28.5,38.4,False,False
Karnataka,Davanagere,Child Feeding Practices and Nutritional Status of Children,69,Children under 5 years who are wasted (weight-for-height)12 (%),30.2,18.8,False,False
Karnataka,Davanagere,Child Feeding Practices and Nutritional Status of Children,70,Children under 5 years who are severely wasted (weight-for-height)13 (%),8.2,3.9,False,False
Karnataka,Davanagere,Child Feeding Practices and Nutritional Status of Children,71,Children under 5 years who are underweight (weight-for-age)12 (%),33.5,32.8,False,False
Karnataka,Davanagere,Child Feeding Practices and Nutritional Status of Children,72,Children under 5 years who are overweight (weight-for-height)14 (%),0.6,2.5,False,False
Karnataka,Davanagere,Nutritional Status of Adults (age 15-49 years),73,Women whose Body Mass Index (BMI) is below normal (BMI <18.5 kg/m2)15 (%),14.4,15.9,False,False
Karnataka,Davanagere,Nutritional Status of Adults (age 15-49 years),74,Women who are overweight or obese (BMI ≥25.0 kg/m2)15 (%),40.3,38.1,False,False
Karnataka,Davanagere,Women,75,Blood sugar level - high (141-160 mg/dl)16 (%),8.5,6.3,False,False
Karnataka,Davanagere,Women,76,Blood sugar level - very high (>160 mg/dl)16 (%),10.0,7.9,False,False
Karnataka,Davanagere,Women,77,Blood sugar level - high or very high (>140 mg/dl) or taking medicine to control blood sugar level16 (%),20.2,16.1,False,False
Karnataka,Davanagere,Men,78,Blood sugar level - high (141-160 mg/dl)16 (%),9.1,6.5,False,False
Karnataka,Davanagere,Men,79,Blood sugar level - very high (>160 mg/dl)16 (%),14.0,9.7,False,False
Karnataka,Davanagere,Men,80,Blood sugar level - high or very high (>140 mg/dl) or taking medicine to control blood sugar level16 (%),24.6,17.5,False,False
Karnataka,Davanagere,Women,81,Mildly elevated blood pressure (Systolic 140-159 mm of Hg and/or Diastolic 90-99 mm of Hg) (%),11.7,12.2,False,False
Karnataka,Davanagere,Women,82,Moderately or severely elevated blood pressure (Systolic ≥160 mm of Hg and/or Diastolic ≥100 mm of Hg) (%),6.6,6.5,False,False
Karnataka,Davanagere,Women,83,Elevated blood pressure (Systolic ≥140 mm of Hg and/or Diastolic ≥90 mm of Hg) or taking medicine to control blood pressure (%),24.5,24.8,False,False
Karnataka,Davanagere,Men,84,Mildly elevated blood pressure (Systolic 140-159 mm of Hg and/or Diastolic 90-99 mm of Hg) (%),15.0,17.6,False,False
Karnataka,Davanagere,Men,85,Moderately or severely elevated blood pressure (Systolic ≥160 mm of Hg and/or Diastolic ≥100 mm of Hg) (%),6.5,7.4,False,False
Karnataka,Davanagere,Men,86,Elevated blood pressure (Systolic ≥140 mm of Hg and/or Diastolic ≥90 mm of Hg) or taking medicine to control blood pressure (%),25.7,29.5,False,False
Karnataka,Davanagere,Men,87,Women having a bank or savings account that they themselves use (%),95.2,93.3,False,False
Karnataka,Davanagere,Men,88,Women having a mobile phone that they themselves use (%),62.9,59.2,False,False
Karnataka,Davanagere,Men,89,Women age 15-24 years who use hygienic methods of protection during their menstrual period17 (%),80.8,80.2,False,False
Karnataka,Davanagere,Tobacco Use and Alcohol Consumption among Adults (age 15 years and above),90,Women age 15 years and above who use any kind of tobacco (%),7.5,8.9,False,False
Karnataka,Davanagere,Tobacco Use and Alcohol Consumption among Adults (age 15 years and above),91,Men age 15 years and above who use any kind of tobacco (%),31.6,30.0,False,False
Karnataka,Davanagere,Tobacco Use and Alcohol Consumption among Adults (age 15 years and above),92,Women age 15 years and above who consume alcohol (%),1.4,1.7,False,False
Karnataka,Davanagere,Tobacco Use and Alcohol Consumption among Adults (age 15 years and above),93,Men age 15 years and above who consume alcohol (%),12.6,14.1,False,False
Karnataka,Dharwad,Population and Household Profile,1,Population below age 5 years (%),4.9,6.6,False,False
Karnataka,Dharwad,Population and Household Profile,2,Population below age 15 years (%),20.1,22.1,False,False
Karnataka,Dharwad,Population and Household Profile,3,Population age 60 years and above (%),15.6,13.7,False,False
Karnataka,Dharwad,Population and Household Profile,4,Population living in households with electricity (%),99.6,99.4,False,False
Karnataka,Dharwad,Population and Household Profile,5,Population living in households with an improved drinking-water source1 (%),99.7,87.9,False,False
Karnataka,Dharwad,Population and Household Profile,6,Households using iodized salt (%),95.9,92.3,False,False
Karnataka,Dharwad,Population and Household Profile,7,Households with any usual member covered under a health insurance/financing scheme (%),57.8,28.3,False,False
Karnataka,Dharwad,Population and Household Profile,8,Households with any usual member having a bank account/post office account (%),99.4,95.0,False,False
Karnataka,Dharwad,Population and Household Profile,9,Female population age 6 years and above who ever attended school (%),83.3,78.2,False,False
Karnataka,Dharwad,Population and Household Profile,10,Households with any usual female members owning a house and/or land (alone or jointly with others) (%),27.2,13.8,False,False
Karnataka,Dharwad,Population and Household Profile,11,Children age 2-4 years who attended pre-school (%),64.8,48.3,False,False
Karnataka,Dharwad,Characteristics of Adults (age 15-49 years),12,Women with 10 or more years of schooling (%),54.7,51.4,False,False
Karnataka,Dharwad,Characteristics of Adults (age 15-49 years),13,Men with 10 or more years of schooling (%),56.2,58.3,False,False
Karnataka,Dharwad,Characteristics of Adults (age 15-49 years),14,Women who have ever used the internet (%),58.2,39.0,False,False
Karnataka,Dharwad,Characteristics of Adults (age 15-49 years),15,Men who have ever used the internet (%),79.0,57.9,False,False
Karnataka,Dharwad,Marriage and Fertility,16,Women age 20-24 years married before age 18 years (%),5.0,17.8,False,False
Karnataka,Dharwad,Marriage and Fertility,17,Men age 25-29 years married before age 21 years (%),*,*,True,False
Karnataka,Dharwad,Marriage and Fertility,18,Three or more births in the 5 years preceding the survey (%),1.7,2.5,False,False
Karnataka,Dharwad,Marriage and Fertility,19,Women age 15-19 years who were already mothers or pregnant at the time of the survey (%),1.6,3.3,False,False
Karnataka,Dharwad,Marriage and Fertility,20,Any method2 (%),65.4,67.1,False,False
Karnataka,Dharwad,Marriage and Fertility,21,Any modern method2 (%),64.4,65.7,False,False
Karnataka,Dharwad,Marriage and Fertility,22,Any traditional method (%),1.0,1.4,False,False
Karnataka,Dharwad,Marriage and Fertility,23,Female sterilization (%),59.3,58.7,False,False
Karnataka,Dharwad,Marriage and Fertility,24,Male sterilization (%),0.0,0.0,False,False
Karnataka,Dharwad,Marriage and Fertility,25,Total unmet need3 (%),5.9,6.3,False,False
Karnataka,Dharwad,Marriage and Fertility,26,Unmet need for spacing3 (%),3.6,3.7,False,False
Karnataka,Dharwad,Marriage and Fertility,27,Unmet need for limiting3 (%),2.3,2.6,False,False
Karnataka,Dharwad,Antenatal Care (for last birth in the 5 years before the survey),28,Mothers who had an antenatal check-up in the first trimester (%),76.8,78.7,False,False
Karnataka,Dharwad,Antenatal Care (for last birth in the 5 years before the survey),29,Mothers who had any antenatal care visits (%),99.3,100.0,False,False
Karnataka,Dharwad,Antenatal Care (for last birth in the 5 years before the survey),30,Mothers who had at least 4 antenatal care visits (%),82.5,85.2,False,False
Karnataka,Dharwad,Antenatal Care (for last birth in the 5 years before the survey),31,Mothers whose last birth was protected against neonatal tetanus4 (%),97.2,92.1,False,False
Karnataka,Dharwad,Antenatal Care (for last birth in the 5 years before the survey),32,Mothers who consumed iron folic acid for 100 days or more when they were pregnant (%),80.4,45.1,False,False
Karnataka,Dharwad,Antenatal Care (for last birth in the 5 years before the survey),33,Mothers who consumed iron folic acid for 180 days or more when they were pregnant (%),58.9,25.7,False,False
Karnataka,Dharwad,Antenatal Care (for last birth in the 5 years before the survey),34,Registered pregnancies for which the mother received a Mother and Child Protection (MCP) card (%),98.3,96.9,False,False
Karnataka,Dharwad,Delivery Care (for births in the 5 years before the survey),35,Institutional births (%),98.0,99.7,False,False
Karnataka,Dharwad,Delivery Care (for births in the 5 years before the survey),36,Institutional births in public facility (%),55.4,69.2,False,False
Karnataka,Dharwad,Delivery Care (for births in the 5 years before the survey),37,Births attended by skilled health personnel5 (%),98.4,99.0,False,False
Karnataka,Dharwad,Delivery Care (for births in the 5 years before the survey),38,Births delivered by caesarean section (%),39.7,29.9,False,False
Karnataka,Dharwad,Delivery Care (for births in the 5 years before the survey),39,Births in a private health facility that were delivered by caesarean section (%),57.0,49.4,False,False
Karnataka,Dharwad,Delivery Care (for births in the 5 years before the survey),40,Births in a public health facility that were delivered by caesarean section (%),27.7,21.5,False,False
Karnataka,Dharwad,Postnatal Care (for last birth in the 5 years before the survey),41,Mothers who received postnatal care from a doctor/nurse/LHV/ANM/midwife/other health personnel within 2 days of delivery+ (%),97.7,98.0,False,False
Karnataka,Dharwad,Postnatal Care (for last birth in the 5 years before the survey),42,Children born at home who were taken to a health facility for a check-up within 24 hours of birth (%),*,*,True,False
Karnataka,Dharwad,Postnatal Care (for last birth in the 5 years before the survey),43,Children who received postnatal care from a doctor/nurse/LHV/ANM/midwife/other health personnel within 2 days of delivery+ (%),96.5,95.5,False,False
Karnataka,Dharwad,Child Vaccinations and Vitamin A Supplementation,44,Children age 12-23 months fully vaccinated based on information from either vaccination card or mother's recall6 (%),92.1,87.6,True,False
Karnataka,Dharwad,Child Vaccinations and Vitamin A Supplementation,45,Children age 12-23 months fully vaccinated based on information from vaccination card only7 (%),100.0,93.6,True,False
Karnataka,Dharwad,Child Vaccinations and Vitamin A Supplementation,46,Children age 12-23 months who have received any vaccine (%),92.1,100.0,True,False
Karnataka,Dharwad,Child Vaccinations and Vitamin A Supplementation,47,Children age 12-23 months who have received BCG (%),92.1,100.0,True,False
Karnataka,Dharwad,Child Vaccinations and Vitamin A Supplementation,48,Children age 12-23 months who have received 3 doses of polio vaccine8 (%),92.1,89.1,True,False
Karnataka,Dharwad,Child Vaccinations and Vitamin A Supplementation,49,Children age 12-23 months who have received 3 doses of pentavalent vaccine (%),92.1,97.6,True,False
Karnataka,Dharwad,Child Vaccinations and Vitamin A Supplementation,50,Children age 12-23 months who have received the first dose of measles-containing vaccine (MCV) (%),92.1,96.1,True,False
Karnataka,Dharwad,Child Vaccinations and Vitamin A Supplementation,51,Children age 24-35 months who have received a second dose of measles-containing vaccine (MCV) (%),83.6,73.3,True,False
Karnataka,Dharwad,Child Vaccinations and Vitamin A Supplementation,52,Children age 12-23 months who have received birth dose of hepatitis B vaccine (%),74.9,91.0,True,False
Karnataka,Dharwad,Child Vaccinations and Vitamin A Supplementation,53,Children age 12-23 months who have received 3 doses of rotavirus vaccine (%),89.5,0.0,True,False
Karnataka,Dharwad,Child Vaccinations and Vitamin A Supplementation,54,Children age 9-35 months who received a vitamin A dose in the last 6 months (%),93.4,83.5,False,False
Karnataka,Dharwad,Child Vaccinations and Vitamin A Supplementation,55,Children age 12-23 months who received most of their vaccinations in a public health facility (%),94.7,91.0,True,False
Karnataka,Dharwad,Child Vaccinations and Vitamin A Supplementation,56,Children age 12-23 months who received most of their vaccinations in a private health facility (%),5.3,9.0,True,False
Karnataka,Dharwad,Treatment of Childhood Diseases (children under age 5 years),57,Prevalence of diarrhoea in the 2 weeks preceding the survey (%),4.1,1.9,False,False
Karnataka,Dharwad,Treatment of Childhood Diseases (children under age 5 years),58,Prevalence of symptoms of acute respiratory infection (ARI) in the 2 weeks preceding the survey (%),0.5,0.0,False,False
Karnataka,Dharwad,Treatment of Childhood Diseases (children under age 5 years),59,Children with fever or symptoms of ARI in the 2 weeks preceding the survey taken to a health facility or health provider (%),*,82.1,True,False
Karnataka,Dharwad,Child Feeding Practices and Nutritional Status of Children,60,Children under age 3 years breastfed within one hour of birth9 (%),43.5,70.3,False,False
Karnataka,Dharwad,Child Feeding Practices and Nutritional Status of Children,61,Children under age 6 months exclusively breastfed10 (%),*,*,True,False
Karnataka,Dharwad,Child Feeding Practices and Nutritional Status of Children,62,Children under age 6 months currently breastfeeding10 (%),*,*,True,False
Karnataka,Dharwad,Child Feeding Practices and Nutritional Status of Children,63,Children under age 6 months exclusively breastfed or breastfeeding and consuming plain water/other milk only10 (%),*,*,True,False
Karnataka,Dharwad,Child Feeding Practices and Nutritional Status of Children,64,Children age 6-8 months receiving solid or semi-solid food and breastmilk10 (%),*,*,True,False
Karnataka,Dharwad,Child Feeding Practices and Nutritional Status of Children,65,"Breastfeeding children age 6-23 months receiving an adequate diet10, 11 (%)",10.9,15.9,True,False
Karnataka,Dharwad,Child Feeding Practices and Nutritional Status of Children,66,"Non-breastfeeding children age 6-23 months receiving an adequate diet10, 11 (%)",*,*,True,False
Karnataka,Dharwad,Child Feeding Practices and Nutritional Status of Children,67,"Total children age 6-23 months receiving an adequate diet10, 11 (%)",9.5,15.3,False,False
Karnataka,Dharwad,Child Feeding Practices and Nutritional Status of Children,68,Children under 5 years who are stunted (height-for-age)12 (%),33.0,45.2,False,False
Karnataka,Dharwad,Child Feeding Practices and Nutritional Status of Children,69,Children under 5 years who are wasted (weight-for-height)12 (%),14.1,16.5,False,False
Karnataka,Dharwad,Child Feeding Practices and Nutritional Status of Children,70,Children under 5 years who are severely wasted (weight-for-height)13 (%),1.9,4.6,False,False
Karnataka,Dharwad,Child Feeding Practices and Nutritional Status of Children,71,Children under 5 years who are underweight (weight-for-age)12 (%),24.6,40.4,False,False
Karnataka,Dharwad,Child Feeding Practices and Nutritional Status of Children,72,Children under 5 years who are overweight (weight-for-height)14 (%),1.7,2.8,False,False
Karnataka,Dharwad,Nutritional Status of Adults (age 15-49 years),73,Women whose Body Mass Index (BMI) is below normal (BMI <18.5 kg/m2)15 (%),14.9,17.3,False,False
Karnataka,Dharwad,Nutritional Status of Adults (age 15-49 years),74,Women who are overweight or obese (BMI ≥25.0 kg/m2)15 (%),41.1,33.8,False,False
Karnataka,Dharwad,Women,75,Blood sugar level - high (141-160 mg/dl)16 (%),7.7,5.6,False,False
Karnataka,Dharwad,Women,76,Blood sugar level - very high (>160 mg/dl)16 (%),12.9,6.2,False,False
Karnataka,Dharwad,Women,77,Blood sugar level - high or very high (>140 mg/dl) or taking medicine to control blood sugar level16 (%),22.2,13.8,False,False
Karnataka,Dharwad,Men,78,Blood sugar level - high (141-160 mg/dl)16 (%),8.5,7.0,False,False
Karnataka,Dharwad,Men,79,Blood sugar level - very high (>160 mg/dl)16 (%),12.8,6.3,False,False
Karnataka,Dharwad,Men,80,Blood sugar level - high or very high (>140 mg/dl) or taking medicine to control blood sugar level16 (%),22.8,14.1,False,False
Karnataka,Dharwad,Women,81,Mildly elevated blood pressure (Systolic 140-159 mm of Hg and/or Diastolic 90-99 mm of Hg) (%),10.7,15.0,False,False
Karnataka,Dharwad,Women,82,Moderately or severely elevated blood pressure (Systolic ≥160 mm of Hg and/or Diastolic ≥100 mm of Hg) (%),6.7,6.0,False,False
Karnataka,Dharwad,Women,83,Elevated blood pressure (Systolic ≥140 mm of Hg and/or Diastolic ≥90 mm of Hg) or taking medicine to control blood pressure (%),28.0,26.6,False,False
Karnataka,Dharwad,Men,84,Mildly elevated blood pressure (Systolic 140-159 mm of Hg and/or Diastolic 90-99 mm of Hg) (%),12.3,15.0,False,False
Karnataka,Dharwad,Men,85,Moderately or severely elevated blood pressure (Systolic ≥160 mm of Hg and/or Diastolic ≥100 mm of Hg) (%),8.6,6.1,False,False
Karnataka,Dharwad,Men,86,Elevated blood pressure (Systolic ≥140 mm of Hg and/or Diastolic ≥90 mm of Hg) or taking medicine to control blood pressure (%),27.5,23.7,False,False
Karnataka,Dharwad,Men,87,Women having a bank or savings account that they themselves use (%),97.0,90.1,False,False
Karnataka,Dharwad,Men,88,Women having a mobile phone that they themselves use (%),66.3,53.7,False,False
Karnataka,Dharwad,Men,89,Women age 15-24 years who use hygienic methods of protection during their menstrual period17 (%),75.2,81.0,False,False
Karnataka,Dharwad,Tobacco Use and Alcohol Consumption among Adults (age 15 years and above),90,Women age 15 years and above who use any kind of tobacco (%),5.4,6.8,False,False
Karnataka,Dharwad,Tobacco Use and Alcohol Consumption among Adults (age 15 years and above),91,Men age 15 years and above who use any kind of tobacco (%),29.0,36.8,False,False
Karnataka,Dharwad,Tobacco Use and Alcohol Consumption among Adults (age 15 years and above),92,Women age 15 years and above who consume alcohol (%),0.1,0.5,False,False
Karnataka,Dharwad,Tobacco Use and Alcohol Consumption among Adults (age 15 years and above),93,Men age 15 years and above who consume alcohol (%),12.1,15.8,False,False
Karnataka,Gadag,Population and Household Profile,1,Population below age 5 years (%),6.9,8.2,False,False
Karnataka,Gadag,Population and Household Profile,2,Population below age 15 years (%),23.7,24.1,False,False
Karnataka,Gadag,Population and Household Profile,3,Population age 60 years and above (%),13.0,12.5,False,False
Karnataka,Gadag,Population and Household Profile,4,Population living in households with electricity (%),99.9,98.6,False,False
Karnataka,Gadag,Population and Household Profile,5,Population living in households with an improved drinking-water source1 (%),79.6,95.5,False,False
Karnataka,Gadag,Population and Household Profile,6,Households using iodized salt (%),88.9,77.1,False,False
Karnataka,Gadag,Population and Household Profile,7,Households with any usual member covered under a health insurance/financing scheme (%),56.6,32.6,False,False
Karnataka,Gadag,Population and Household Profile,8,Households with any usual member having a bank account/post office account (%),99.1,90.3,False,False
Karnataka,Gadag,Population and Household Profile,9,Female population age 6 years and above who ever attended school (%),75.3,73.3,False,False
Karnataka,Gadag,Population and Household Profile,10,Households with any usual female members owning a house and/or land (alone or jointly with others) (%),33.7,22.6,False,False
Karnataka,Gadag,Population and Household Profile,11,Children age 2-4 years who attended pre-school (%),56.6,53.9,False,False
Karnataka,Gadag,Characteristics of Adults (age 15-49 years),12,Women with 10 or more years of schooling (%),44.2,45.1,False,False
Karnataka,Gadag,Characteristics of Adults (age 15-49 years),13,Men with 10 or more years of schooling (%),54.1,48.2,False,False
Karnataka,Gadag,Characteristics of Adults (age 15-49 years),14,Women who have ever used the internet (%),29.5,19.0,False,False
Karnataka,Gadag,Characteristics of Adults (age 15-49 years),15,Men who have ever used the internet (%),73.3,30.0,False,False
Karnataka,Gadag,Marriage and Fertility,16,Women age 20-24 years married before age 18 years (%),16.8,27.7,False,False
Karnataka,Gadag,Marriage and Fertility,17,Men age 25-29 years married before age 21 years (%),*,*,True,False
Karnataka,Gadag,Marriage and Fertility,18,Three or more births in the 5 years preceding the survey (%),0.4,2.6,False,False
Karnataka,Gadag,Marriage and Fertility,19,Women age 15-19 years who were already mothers or pregnant at the time of the survey (%),4.7,2.0,False,False
Karnataka,Gadag,Marriage and Fertility,20,Any method2 (%),67.6,58.3,False,False
Karnataka,Gadag,Marriage and Fertility,21,Any modern method2 (%),67.1,57.7,False,False
Karnataka,Gadag,Marriage and Fertility,22,Any traditional method (%),0.5,0.6,False,False
Karnataka,Gadag,Marriage and Fertility,23,Female sterilization (%),63.8,48.8,False,False
Karnataka,Gadag,Marriage and Fertility,24,Male sterilization (%),0.0,0.0,False,False
Karnataka,Gadag,Marriage and Fertility,25,Total unmet need3 (%),6.0,7.0,False,False
Karnataka,Gadag,Marriage and Fertility,26,Unmet need for spacing3 (%),3.5,3.8,False,False
Karnataka,Gadag,Marriage and Fertility,27,Unmet need for limiting3 (%),2.5,3.2,False,False
Karnataka,Gadag,Antenatal Care (for last birth in the 5 years before the survey),28,Mothers who had an antenatal check-up in the first trimester (%),69.8,52.6,False,False
Karnataka,Gadag,Antenatal Care (for last birth in the 5 years before the survey),29,Mothers who had any antenatal care visits (%),94.9,95.1,False,False
Karnataka,Gadag,Antenatal Care (for last birth in the 5 years before the survey),30,Mothers who had at least 4 antenatal care visits (%),69.8,68.7,False,False
Karnataka,Gadag,Antenatal Care (for last birth in the 5 years before the survey),31,Mothers whose last birth was protected against neonatal tetanus4 (%),95.0,93.3,False,False
Karnataka,Gadag,Antenatal Care (for last birth in the 5 years before the survey),32,Mothers who consumed iron folic acid for 100 days or more when they were pregnant (%),52.4,33.5,False,False
Karnataka,Gadag,Antenatal Care (for last birth in the 5 years before the survey),33,Mothers who consumed iron folic acid for 180 days or more when they were pregnant (%),32.4,17.4,False,False
Karnataka,Gadag,Antenatal Care (for last birth in the 5 years before the survey),34,Registered pregnancies for which the mother received a Mother and Child Protection (MCP) card (%),99.3,97.0,False,False
Karnataka,Gadag,Delivery Care (for births in the 5 years before the survey),35,Institutional births (%),98.7,96.2,False,False
Karnataka,Gadag,Delivery Care (for births in the 5 years before the survey),36,Institutional births in public facility (%),73.8,67.5,False,False
Karnataka,Gadag,Delivery Care (for births in the 5 years before the survey),37,Births attended by skilled health personnel5 (%),87.5,98.2,False,False
Karnataka,Gadag,Delivery Care (for births in the 5 years before the survey),38,Births delivered by caesarean section (%),35.8,33.5,False,False
Karnataka,Gadag,Delivery Care (for births in the 5 years before the survey),39,Births in a private health facility that were delivered by caesarean section (%),59.9,51.3,False,False
Karnataka,Gadag,Delivery Care (for births in the 5 years before the survey),40,Births in a public health facility that were delivered by caesarean section (%),28.2,27.8,False,False
Karnataka,Gadag,Postnatal Care (for last birth in the 5 years before the survey),41,Mothers who received postnatal care from a doctor/nurse/LHV/ANM/midwife/other health personnel within 2 days of delivery+ (%),95.2,84.7,False,False
Karnataka,Gadag,Postnatal Care (for last birth in the 5 years before the survey),42,Children born at home who were taken to a health facility for a check-up within 24 hours of birth (%),*,*,True,False
Karnataka,Gadag,Postnatal Care (for last birth in the 5 years before the survey),43,Children who received postnatal care from a doctor/nurse/LHV/ANM/midwife/other health personnel within 2 days of delivery+ (%),94.0,83.4,False,False
Karnataka,Gadag,Child Vaccinations and Vitamin A Supplementation,44,Children age 12-23 months fully vaccinated based on information from either vaccination card or mother's recall6 (%),86.3,74.3,True,False
Karnataka,Gadag,Child Vaccinations and Vitamin A Supplementation,45,Children age 12-23 months fully vaccinated based on information from vaccination card only7 (%),85.4,81.4,True,False
Karnataka,Gadag,Child Vaccinations and Vitamin A Supplementation,46,Children age 12-23 months who have received any vaccine (%),100.0,95.3,True,False
Karnataka,Gadag,Child Vaccinations and Vitamin A Supplementation,47,Children age 12-23 months who have received BCG (%),100.0,93.0,True,False
Karnataka,Gadag,Child Vaccinations and Vitamin A Supplementation,48,Children age 12-23 months who have received 3 doses of polio vaccine8 (%),86.3,86.3,True,False
Karnataka,Gadag,Child Vaccinations and Vitamin A Supplementation,49,Children age 12-23 months who have received 3 doses of pentavalent vaccine (%),93.7,82.1,True,False
Karnataka,Gadag,Child Vaccinations and Vitamin A Supplementation,50,Children age 12-23 months who have received the first dose of measles-containing vaccine (MCV) (%),98.1,85.5,True,False
Karnataka,Gadag,Child Vaccinations and Vitamin A Supplementation,51,Children age 24-35 months who have received a second dose of measles-containing vaccine (MCV) (%),67.8,59.4,True,False
Karnataka,Gadag,Child Vaccinations and Vitamin A Supplementation,52,Children age 12-23 months who have received birth dose of hepatitis B vaccine (%),91.0,74.6,True,False
Karnataka,Gadag,Child Vaccinations and Vitamin A Supplementation,53,Children age 12-23 months who have received 3 doses of rotavirus vaccine (%),75.8,0.0,True,False
Karnataka,Gadag,Child Vaccinations and Vitamin A Supplementation,54,Children age 9-35 months who received a vitamin A dose in the last 6 months (%),90.4,72.0,False,False
Karnataka,Gadag,Child Vaccinations and Vitamin A Supplementation,55,Children age 12-23 months who received most of their vaccinations in a public health facility (%),97.4,98.9,True,False
Karnataka,Gadag,Child Vaccinations and Vitamin A Supplementation,56,Children age 12-23 months who received most of their vaccinations in a private health facility (%),0.0,1.1,True,False
Karnataka,Gadag,Treatment of Childhood Diseases (children under age 5 years),57,Prevalence of diarrhoea in the 2 weeks preceding the survey (%),10.9,10.4,False,False
Karnataka,Gadag,Treatment of Childhood Diseases (children under age 5 years),58,Prevalence of symptoms of acute respiratory infection (ARI) in the 2 weeks preceding the survey (%),0.9,2.3,False,False
Karnataka,Gadag,Treatment of Childhood Diseases (children under age 5 years),59,Children with fever or symptoms of ARI in the 2 weeks preceding the survey taken to a health facility or health provider (%),88.7,71.2,True,False
Karnataka,Gadag,Child Feeding Practices and Nutritional Status of Children,60,Children under age 3 years breastfed within one hour of birth9 (%),60.0,41.8,False,False
Karnataka,Gadag,Child Feeding Practices and Nutritional Status of Children,61,Children under age 6 months exclusively breastfed10 (%),*,*,True,False
Karnataka,Gadag,Child Feeding Practices and Nutritional Status of Children,62,Children under age 6 months currently breastfeeding10 (%),*,*,True,False
Karnataka,Gadag,Child Feeding Practices and Nutritional Status of Children,63,Children under age 6 months exclusively breastfed or breastfeeding and consuming plain water/other milk only10 (%),*,*,True,False
Karnataka,Gadag,Child Feeding Practices and Nutritional Status of Children,64,Children age 6-8 months receiving solid or semi-solid food and breastmilk10 (%),*,*,True,False
Karnataka,Gadag,Child Feeding Practices and Nutritional Status of Children,65,"Breastfeeding children age 6-23 months receiving an adequate diet10, 11 (%)",7.5,5.0,False,False
Karnataka,Gadag,Child Feeding Practices and Nutritional Status of Children,66,"Non-breastfeeding children age 6-23 months receiving an adequate diet10, 11 (%)",*,*,True,False
Karnataka,Gadag,Child Feeding Practices and Nutritional Status of Children,67,"Total children age 6-23 months receiving an adequate diet10, 11 (%)",7.2,9.5,False,False
Karnataka,Gadag,Child Feeding Practices and Nutritional Status of Children,68,Children under 5 years who are stunted (height-for-age)12 (%),36.5,45.2,False,False
Karnataka,Gadag,Child Feeding Practices and Nutritional Status of Children,69,Children under 5 years who are wasted (weight-for-height)12 (%),32.3,18.2,False,False
Karnataka,Gadag,Child Feeding Practices and Nutritional Status of Children,70,Children under 5 years who are severely wasted (weight-for-height)13 (%),5.0,4.5,False,False
Karnataka,Gadag,Child Feeding Practices and Nutritional Status of Children,71,Children under 5 years who are underweight (weight-for-age)12 (%),46.5,39.8,False,False
Karnataka,Gadag,Child Feeding Practices and Nutritional Status of Children,72,Children under 5 years who are overweight (weight-for-height)14 (%),1.0,1.5,False,False
Karnataka,Gadag,Nutritional Status of Adults (age 15-49 years),73,Women whose Body Mass Index (BMI) is below normal (BMI <18.5 kg/m2)15 (%),18.9,18.9,False,False
Karnataka,Gadag,Nutritional Status of Adults (age 15-49 years),74,Women who are overweight or obese (BMI ≥25.0 kg/m2)15 (%),33.2,30.6,False,False
Karnataka,Gadag,Women,75,Blood sugar level - high (141-160 mg/dl)16 (%),6.3,4.9,False,False
Karnataka,Gadag,Women,76,Blood sugar level - very high (>160 mg/dl)16 (%),9.6,5.9,False,False
Karnataka,Gadag,Women,77,Blood sugar level - high or very high (>140 mg/dl) or taking medicine to control blood sugar level16 (%),17.0,12.1,False,False
Karnataka,Gadag,Men,78,Blood sugar level - high (141-160 mg/dl)16 (%),7.4,5.4,False,False
Karnataka,Gadag,Men,79,Blood sugar level - very high (>160 mg/dl)16 (%),9.6,6.9,False,False
Karnataka,Gadag,Men,80,Blood sugar level - high or very high (>140 mg/dl) or taking medicine to control blood sugar level16 (%),17.8,13.2,False,False
Karnataka,Gadag,Women,81,Mildly elevated blood pressure (Systolic 140-159 mm of Hg and/or Diastolic 90-99 mm of Hg) (%),11.0,12.0,False,False
Karnataka,Gadag,Women,82,Moderately or severely elevated blood pressure (Systolic ≥160 mm of Hg and/or Diastolic ≥100 mm of Hg) (%),3.0,6.8,False,False
Karnataka,Gadag,Women,83,Elevated blood pressure (Systolic ≥140 mm of Hg and/or Diastolic ≥90 mm of Hg) or taking medicine to control blood pressure (%),19.6,22.1,False,False
Karnataka,Gadag,Men,84,Mildly elevated blood pressure (Systolic 140-159 mm of Hg and/or Diastolic 90-99 mm of Hg) (%),14.0,14.7,False,False
Karnataka,Gadag,Men,85,Moderately or severely elevated blood pressure (Systolic ≥160 mm of Hg and/or Diastolic ≥100 mm of Hg) (%),4.6,7.1,False,False
Karnataka,Gadag,Men,86,Elevated blood pressure (Systolic ≥140 mm of Hg and/or Diastolic ≥90 mm of Hg) or taking medicine to control blood pressure (%),22.3,23.9,False,False
Karnataka,Gadag,Men,87,Women having a bank or savings account that they themselves use (%),96.2,79.1,False,False
Karnataka,Gadag,Men,88,Women having a mobile phone that they themselves use (%),54.5,37.6,False,False
Karnataka,Gadag,Men,89,Women age 15-24 years who use hygienic methods of protection during their menstrual period17 (%),50.1,68.5,False,False
Karnataka,Gadag,Tobacco Use and Alcohol Consumption among Adults (age 15 years and above),90,Women age 15 years and above who use any kind of tobacco (%),8.1,8.5,False,False
Karnataka,Gadag,Tobacco Use and Alcohol Consumption among Adults (age 15 years and above),91,Men age 15 years and above who use any kind of tobacco (%),35.9,35.6,False,False
Karnataka,Gadag,Tobacco Use and Alcohol Consumption among Adults (age 15 years and above),92,Women age 15 years and above who consume alcohol (%),0.4,0.5,False,False
Karnataka,Gadag,Tobacco Use and Alcohol Consumption among Adults (age 15 years and above),93,Men age 15 years and above who consume alcohol (%),13.7,13.7,False,False
Karnataka,Hassan,Population and Household Profile,1,Population below age 5 years (%),5.1,6.2,False,False
Karnataka,Hassan,Population and Household Profile,2,Population below age 15 years (%),16.5,20.2,False,False
Karnataka,Hassan,Population and Household Profile,3,Population age 60 years and above (%),20.7,15.4,False,False
Karnataka,Hassan,Population and Household Profile,4,Population living in households with electricity (%),99.7,99.3,False,False
Karnataka,Hassan,Population and Household Profile,5,Population living in households with an improved drinking-water source1 (%),98.0,96.8,False,False
Karnataka,Hassan,Population and Household Profile,6,Households using iodized salt (%),95.8,98.5,False,False
Karnataka,Hassan,Population and Household Profile,7,Households with any usual member covered under a health insurance/financing scheme (%),86.0,42.9,False,False
Karnataka,Hassan,Population and Household Profile,8,Households with any usual member having a bank account/post office account (%),99.7,95.7,False,False
Karnataka,Hassan,Population and Household Profile,9,Female population age 6 years and above who ever attended school (%),77.3,74.4,False,False
Karnataka,Hassan,Population and Household Profile,10,Households with any usual female members owning a house and/or land (alone or jointly with others) (%),34.5,19.3,False,False
Karnataka,Hassan,Population and Household Profile,11,Children age 2-4 years who attended pre-school (%),45.6,39.2,False,False
Karnataka,Hassan,Characteristics of Adults (age 15-49 years),12,Women with 10 or more years of schooling (%),59.7,51.3,False,False
Karnataka,Hassan,Characteristics of Adults (age 15-49 years),13,Men with 10 or more years of schooling (%),66.5,54.7,False,False
Karnataka,Hassan,Characteristics of Adults (age 15-49 years),14,Women who have ever used the internet (%),54.2,37.4,False,False
Karnataka,Hassan,Characteristics of Adults (age 15-49 years),15,Men who have ever used the internet (%),85.9,58.8,False,False
Karnataka,Hassan,Marriage and Fertility,16,Women age 20-24 years married before age 18 years (%),10.7,16.2,False,False
Karnataka,Hassan,Marriage and Fertility,17,Men age 25-29 years married before age 21 years (%),*,*,True,False
Karnataka,Hassan,Marriage and Fertility,18,Three or more births in the 5 years preceding the survey (%),0.0,0.0,False,False
Karnataka,Hassan,Marriage and Fertility,19,Women age 15-19 years who were already mothers or pregnant at the time of the survey (%),0.0,6.4,False,False
Karnataka,Hassan,Marriage and Fertility,20,Any method2 (%),70.6,78.1,False,False
Karnataka,Hassan,Marriage and Fertility,21,Any modern method2 (%),70.4,77.5,False,False
Karnataka,Hassan,Marriage and Fertility,22,Any traditional method (%),0.2,0.6,False,False
Karnataka,Hassan,Marriage and Fertility,23,Female sterilization (%),62.9,62.1,False,False
Karnataka,Hassan,Marriage and Fertility,24,Male sterilization (%),0.0,0.4,False,False
Karnataka,Hassan,Marriage and Fertility,25,Total unmet need3 (%),8.4,5.2,False,False
Karnataka,Hassan,Marriage and Fertility,26,Unmet need for spacing3 (%),4.8,1.7,False,False
Karnataka,Hassan,Marriage and Fertility,27,Unmet need for limiting3 (%),3.6,3.5,False,False
Karnataka,Hassan,Antenatal Care (for last birth in the 5 years before the survey),28,Mothers who had an antenatal check-up in the first trimester (%),88.7,67.6,False,False
Karnataka,Hassan,Antenatal Care (for last birth in the 5 years before the survey),29,Mothers who had any antenatal care visits (%),98.0,98.7,False,False
Karnataka,Hassan,Antenatal Care (for last birth in the 5 years before the survey),30,Mothers who had at least 4 antenatal care visits (%),88.7,75.8,False,False
Karnataka,Hassan,Antenatal Care (for last birth in the 5 years before the survey),31,Mothers whose last birth was protected against neonatal tetanus4 (%),97.0,98.6,False,False
Karnataka,Hassan,Antenatal Care (for last birth in the 5 years before the survey),32,Mothers who consumed iron folic acid for 100 days or more when they were pregnant (%),79.7,50.1,False,False
Karnataka,Hassan,Antenatal Care (for last birth in the 5 years before the survey),33,Mothers who consumed iron folic acid for 180 days or more when they were pregnant (%),76.9,33.6,False,False
Karnataka,Hassan,Antenatal Care (for last birth in the 5 years before the survey),34,Registered pregnancies for which the mother received a Mother and Child Protection (MCP) card (%),99.2,97.8,False,False
Karnataka,Hassan,Delivery Care (for births in the 5 years before the survey),35,Institutional births (%),98.8,100.0,False,False
Karnataka,Hassan,Delivery Care (for births in the 5 years before the survey),36,Institutional births in public facility (%),61.8,71.7,False,False
Karnataka,Hassan,Delivery Care (for births in the 5 years before the survey),37,Births attended by skilled health personnel5 (%),98.5,97.1,False,False
Karnataka,Hassan,Delivery Care (for births in the 5 years before the survey),38,Births delivered by caesarean section (%),52.0,41.8,False,False
Karnataka,Hassan,Delivery Care (for births in the 5 years before the survey),39,Births in a private health facility that were delivered by caesarean section (%),70.7,71.6,False,False
Karnataka,Hassan,Delivery Care (for births in the 5 years before the survey),40,Births in a public health facility that were delivered by caesarean section (%),41.7,30.0,False,False
Karnataka,Hassan,Postnatal Care (for last birth in the 5 years before the survey),41,Mothers who received postnatal care from a doctor/nurse/LHV/ANM/midwife/other health personnel within 2 days of delivery+ (%),87.4,92.6,False,False
Karnataka,Hassan,Postnatal Care (for last birth in the 5 years before the survey),42,Children born at home who were taken to a health facility for a check-up within 24 hours of birth (%),*,*,True,False
Karnataka,Hassan,Postnatal Care (for last birth in the 5 years before the survey),43,Children who received postnatal care from a doctor/nurse/LHV/ANM/midwife/other health personnel within 2 days of delivery+ (%),90.5,86.1,False,False
Karnataka,Hassan,Child Vaccinations and Vitamin A Supplementation,44,Children age 12-23 months fully vaccinated based on information from either vaccination card or mother's recall6 (%),81.3,96.8,True,False
Karnataka,Hassan,Child Vaccinations and Vitamin A Supplementation,45,Children age 12-23 months fully vaccinated based on information from vaccination card only7 (%),*,94.3,True,False
Karnataka,Hassan,Child Vaccinations and Vitamin A Supplementation,46,Children age 12-23 months who have received any vaccine (%),93.2,100.0,True,False
Karnataka,Hassan,Child Vaccinations and Vitamin A Supplementation,47,Children age 12-23 months who have received BCG (%),93.2,100.0,True,False
Karnataka,Hassan,Child Vaccinations and Vitamin A Supplementation,48,Children age 12-23 months who have received 3 doses of polio vaccine8 (%),81.3,96.8,True,False
Karnataka,Hassan,Child Vaccinations and Vitamin A Supplementation,49,Children age 12-23 months who have received 3 doses of pentavalent vaccine (%),84.9,100.0,True,False
Karnataka,Hassan,Child Vaccinations and Vitamin A Supplementation,50,Children age 12-23 months who have received the first dose of measles-containing vaccine (MCV) (%),93.2,100.0,True,False
Karnataka,Hassan,Child Vaccinations and Vitamin A Supplementation,51,Children age 24-35 months who have received a second dose of measles-containing vaccine (MCV) (%),87.8,66.0,True,False
Karnataka,Hassan,Child Vaccinations and Vitamin A Supplementation,52,Children age 12-23 months who have received birth dose of hepatitis B vaccine (%),93.2,94.4,True,False
Karnataka,Hassan,Child Vaccinations and Vitamin A Supplementation,53,Children age 12-23 months who have received 3 doses of rotavirus vaccine (%),73.7,8.7,True,False
Karnataka,Hassan,Child Vaccinations and Vitamin A Supplementation,54,Children age 9-35 months who received a vitamin A dose in the last 6 months (%),91.0,91.7,False,False
Karnataka,Hassan,Child Vaccinations and Vitamin A Supplementation,55,Children age 12-23 months who received most of their vaccinations in a public health facility (%),*,97.4,True,False
Karnataka,Hassan,Child Vaccinations and Vitamin A Supplementation,56,Children age 12-23 months who received most of their vaccinations in a private health facility (%),*,2.6,True,False
Karnataka,Hassan,Treatment of Childhood Diseases (children under age 5 years),57,Prevalence of diarrhoea in the 2 weeks preceding the survey (%),3.7,4.0,False,False
Karnataka,Hassan,Treatment of Childhood Diseases (children under age 5 years),58,Prevalence of symptoms of acute respiratory infection (ARI) in the 2 weeks preceding the survey (%),0.6,1.9,False,False
Karnataka,Hassan,Treatment of Childhood Diseases (children under age 5 years),59,Children with fever or symptoms of ARI in the 2 weeks preceding the survey taken to a health facility or health provider (%),*,*,True,False
Karnataka,Hassan,Child Feeding Practices and Nutritional Status of Children,60,Children under age 3 years breastfed within one hour of birth9 (%),23.7,43.1,False,False
Karnataka,Hassan,Child Feeding Practices and Nutritional Status of Children,61,Children under age 6 months exclusively breastfed10 (%),*,*,True,False
Karnataka,Hassan,Child Feeding Practices and Nutritional Status of Children,62,Children under age 6 months currently breastfeeding10 (%),*,*,True,False
Karnataka,Hassan,Child Feeding Practices and Nutritional Status of Children,63,Children under age 6 months exclusively breastfed or breastfeeding and consuming plain water/other milk only10 (%),*,*,True,False
Karnataka,Hassan,Child Feeding Practices and Nutritional Status of Children,64,Children age 6-8 months receiving solid or semi-solid food and breastmilk10 (%),*,*,True,False
Karnataka,Hassan,Child Feeding Practices and Nutritional Status of Children,65,"Breastfeeding children age 6-23 months receiving an adequate diet10, 11 (%)",13.6,25.2,True,False
Karnataka,Hassan,Child Feeding Practices and Nutritional Status of Children,66,"Non-breastfeeding children age 6-23 months receiving an adequate diet10, 11 (%)",*,*,True,False
Karnataka,Hassan,Child Feeding Practices and Nutritional Status of Children,67,"Total children age 6-23 months receiving an adequate diet10, 11 (%)",17.1,29.1,True,False
Karnataka,Hassan,Child Feeding Practices and Nutritional Status of Children,68,Children under 5 years who are stunted (height-for-age)12 (%),17.2,27.1,False,False
Karnataka,Hassan,Child Feeding Practices and Nutritional Status of Children,69,Children under 5 years who are wasted (weight-for-height)12 (%),19.9,15.2,False,False
Karnataka,Hassan,Child Feeding Practices and Nutritional Status of Children,70,Children under 5 years who are severely wasted (weight-for-height)13 (%),8.1,5.2,False,False
Karnataka,Hassan,Child Feeding Practices and Nutritional Status of Children,71,Children under 5 years who are underweight (weight-for-age)12 (%),22.0,23.8,False,False
Karnataka,Hassan,Child Feeding Practices and Nutritional Status of Children,72,Children under 5 years who are overweight (weight-for-height)14 (%),2.3,5.1,False,False
Karnataka,Hassan,Nutritional Status of Adults (age 15-49 years),73,Women whose Body Mass Index (BMI) is below normal (BMI <18.5 kg/m2)15 (%),11.7,11.1,False,False
Karnataka,Hassan,Nutritional Status of Adults (age 15-49 years),74,Women who are overweight or obese (BMI ≥25.0 kg/m2)15 (%),43.9,36.1,False,False
Karnataka,Hassan,Women,75,Blood sugar level - high (141-160 mg/dl)16 (%),8.3,6.6,False,False
Karnataka,Hassan,Women,76,Blood sugar level - very high (>160 mg/dl)16 (%),15.0,8.4,False,False
Karnataka,Hassan,Women,77,Blood sugar level - high or very high (>140 mg/dl) or taking medicine to control blood sugar level16 (%),24.6,16.3,False,False
Karnataka,Hassan,Men,78,Blood sugar level - high (141-160 mg/dl)16 (%),11.0,8.8,False,False
Karnataka,Hassan,Men,79,Blood sugar level - very high (>160 mg/dl)16 (%),18.6,9.1,False,False
Karnataka,Hassan,Men,80,Blood sugar level - high or very high (>140 mg/dl) or taking medicine to control blood sugar level16 (%),31.1,18.7,False,False
Karnataka,Hassan,Women,81,Mildly elevated blood pressure (Systolic 140-159 mm of Hg and/or Diastolic 90-99 mm of Hg) (%),11.8,15.5,False,False
Karnataka,Hassan,Women,82,Moderately or severely elevated blood pressure (Systolic ≥160 mm of Hg and/or Diastolic ≥100 mm of Hg) (%),7.9,7.6,False,False
Karnataka,Hassan,Women,83,Elevated blood pressure (Systolic ≥140 mm of Hg and/or Diastolic ≥90 mm of Hg) or taking medicine to control blood pressure (%),26.4,28.1,False,False
Karnataka,Hassan,Men,84,Mildly elevated blood pressure (Systolic 140-159 mm of Hg and/or Diastolic 90-99 mm of Hg) (%),17.2,18.0,False,False
Karnataka,Hassan,Men,85,Moderately or severely elevated blood pressure (Systolic ≥160 mm of Hg and/or Diastolic ≥100 mm of Hg) (%),8.3,8.0,False,False
Karnataka,Hassan,Men,86,Elevated blood pressure (Systolic ≥140 mm of Hg and/or Diastolic ≥90 mm of Hg) or taking medicine to control blood pressure (%),30.2,29.5,False,False
Karnataka,Hassan,Men,87,Women having a bank or savings account that they themselves use (%),98.6,92.2,False,False
Karnataka,Hassan,Men,88,Women having a mobile phone that they themselves use (%),79.9,64.1,False,False
Karnataka,Hassan,Men,89,Women age 15-24 years who use hygienic methods of protection during their menstrual period17 (%),92.7,92.0,False,False
Karnataka,Hassan,Tobacco Use and Alcohol Consumption among Adults (age 15 years and above),90,Women age 15 years and above who use any kind of tobacco (%),7.1,10.9,False,False
Karnataka,Hassan,Tobacco Use and Alcohol Consumption among Adults (age 15 years and above),91,Men age 15 years and above who use any kind of tobacco (%),23.5,29.0,False,False
Karnataka,Hassan,Tobacco Use and Alcohol Consumption among Adults (age 15 years and above),92,Women age 15 years and above who consume alcohol (%),0.8,1.0,False,False
Karnataka,Hassan,Tobacco Use and Alcohol Consumption among Adults (age 15 years and above),93,Men age 15 years and above who consume alcohol (%),26.6,26.6,False,False
Karnataka,Haveri,Population and Household Profile,1,Population below age 5 years (%),6.6,8.4,False,False
Karnataka,Haveri,Population and Household Profile,2,Population below age 15 years (%),23.3,25.4,False,False
Karnataka,Haveri,Population and Household Profile,3,Population age 60 years and above (%),12.0,12.2,False,False
Karnataka,Haveri,Population and Household Profile,4,Population living in households with electricity (%),99.6,99.1,False,False
Karnataka,Haveri,Population and Household Profile,5,Population living in households with an improved drinking-water source1 (%),99.4,99.1,False,False
Karnataka,Haveri,Population and Household Profile,6,Households using iodized salt (%),95.0,87.9,False,False
Karnataka,Haveri,Population and Household Profile,7,Households with any usual member covered under a health insurance/financing scheme (%),56.7,32.2,False,False
Karnataka,Haveri,Population and Household Profile,8,Households with any usual member having a bank account/post office account (%),98.6,92.3,False,False
Karnataka,Haveri,Population and Household Profile,9,Female population age 6 years and above who ever attended school (%),82.0,72.6,False,False
Karnataka,Haveri,Population and Household Profile,10,Households with any usual female members owning a house and/or land (alone or jointly with others) (%),30.3,24.8,False,False
Karnataka,Haveri,Population and Household Profile,11,Children age 2-4 years who attended pre-school (%),43.1,41.2,False,False
Karnataka,Haveri,Characteristics of Adults (age 15-49 years),12,Women with 10 or more years of schooling (%),48.9,40.0,False,False
Karnataka,Haveri,Characteristics of Adults (age 15-49 years),13,Men with 10 or more years of schooling (%),47.9,37.7,False,False
Karnataka,Haveri,Characteristics of Adults (age 15-49 years),14,Women who have ever used the internet (%),30.5,18.5,False,False
Karnataka,Haveri,Characteristics of Adults (age 15-49 years),15,Men who have ever used the internet (%),72.1,44.7,False,False
Karnataka,Haveri,Marriage and Fertility,16,Women age 20-24 years married before age 18 years (%),9.0,16.5,False,False
Karnataka,Haveri,Marriage and Fertility,17,Men age 25-29 years married before age 21 years (%),*,*,True,False
Karnataka,Haveri,Marriage and Fertility,18,Three or more births in the 5 years preceding the survey (%),2.2,3.4,False,False
Karnataka,Haveri,Marriage and Fertility,19,Women age 15-19 years who were already mothers or pregnant at the time of the survey (%),5.2,4.2,False,False
Karnataka,Haveri,Marriage and Fertility,20,Any method2 (%),66.5,44.6,False,False
Karnataka,Haveri,Marriage and Fertility,21,Any modern method2 (%),66.1,44.6,False,False
Karnataka,Haveri,Marriage and Fertility,22,Any traditional method (%),0.4,0.0,False,False
Karnataka,Haveri,Marriage and Fertility,23,Female sterilization (%),61.3,42.6,False,False
Karnataka,Haveri,Marriage and Fertility,24,Male sterilization (%),0.0,0.0,False,False
Karnataka,Haveri,Marriage and Fertility,25,Total unmet need3 (%),5.4,8.4,False,False
Karnataka,Haveri,Marriage and Fertility,26,Unmet need for spacing3 (%),3.0,3.5,False,False
Karnataka,Haveri,Marriage and Fertility,27,Unmet need for limiting3 (%),2.4,4.9,False,False
Karnataka,Haveri,Antenatal Care (for last birth in the 5 years before the survey),28,Mothers who had an antenatal check-up in the first trimester (%),51.9,73.3,False,False
Karnataka,Haveri,Antenatal Care (for last birth in the 5 years before the survey),29,Mothers who had any antenatal care visits (%),97.0,96.1,False,False
Karnataka,Haveri,Antenatal Care (for last birth in the 5 years before the survey),30,Mothers who had at least 4 antenatal care visits (%),78.6,58.7,False,False
Karnataka,Haveri,Antenatal Care (for last birth in the 5 years before the survey),31,Mothers whose last birth was protected against neonatal tetanus4 (%),95.8,88.0,False,False
Karnataka,Haveri,Antenatal Care (for last birth in the 5 years before the survey),32,Mothers who consumed iron folic acid for 100 days or more when they were pregnant (%),52.5,30.5,False,False
Karnataka,Haveri,Antenatal Care (for last birth in the 5 years before the survey),33,Mothers who consumed iron folic acid for 180 days or more when they were pregnant (%),31.6,16.8,False,False
Karnataka,Haveri,Antenatal Care (for last birth in the 5 years before the survey),34,Registered pregnancies for which the mother received a Mother and Child Protection (MCP) card (%),100.0,98.8,False,False
Karnataka,Haveri,Delivery Care (for births in the 5 years before the survey),35,Institutional births (%),99.2,97.2,False,False
Karnataka,Haveri,Delivery Care (for births in the 5 years before the survey),36,Institutional births in public facility (%),75.3,82.6,False,False
Karnataka,Haveri,Delivery Care (for births in the 5 years before the survey),37,Births attended by skilled health personnel5 (%),86.2,95.8,False,False
Karnataka,Haveri,Delivery Care (for births in the 5 years before the survey),38,Births delivered by caesarean section (%),42.1,23.9,False,False
Karnataka,Haveri,Delivery Care (for births in the 5 years before the survey),39,Births in a private health facility that were delivered by caesarean section (%),70.9,49.3,False,False
Karnataka,Haveri,Delivery Care (for births in the 5 years before the survey),40,Births in a public health facility that were delivered by caesarean section (%),33.4,20.2,False,False
Karnataka,Haveri,Postnatal Care (for last birth in the 5 years before the survey),41,Mothers who received postnatal care from a doctor/nurse/LHV/ANM/midwife/other health personnel within 2 days of delivery+ (%),89.7,92.4,False,False
Karnataka,Haveri,Postnatal Care (for last birth in the 5 years before the survey),42,Children born at home who were taken to a health facility for a check-up within 24 hours of birth (%),*,*,True,False
Karnataka,Haveri,Postnatal Care (for last birth in the 5 years before the survey),43,Children who received postnatal care from a doctor/nurse/LHV/ANM/midwife/other health personnel within 2 days of delivery+ (%),90.4,85.4,False,False
Karnataka,Haveri,Child Vaccinations and Vitamin A Supplementation,44,Children age 12-23 months fully vaccinated based on information from either vaccination card or mother's recall6 (%),91.8,95.7,False,False
Karnataka,Haveri,Child Vaccinations and Vitamin A Supplementation,45,Children age 12-23 months fully vaccinated based on information from vaccination card only7 (%),98.3,93.4,False,False
Karnataka,Haveri,Child Vaccinations and Vitamin A Supplementation,46,Children age 12-23 months who have received any vaccine (%),98.3,98.6,False,False
Karnataka,Haveri,Child Vaccinations and Vitamin A Supplementation,47,Children age 12-23 months who have received BCG (%),98.3,98.6,False,False
Karnataka,Haveri,Child Vaccinations and Vitamin A Supplementation,48,Children age 12-23 months who have received 3 doses of polio vaccine8 (%),91.8,95.7,False,False
Karnataka,Haveri,Child Vaccinations and Vitamin A Supplementation,49,Children age 12-23 months who have received 3 doses of pentavalent vaccine (%),95.1,97.2,False,False
Karnataka,Haveri,Child Vaccinations and Vitamin A Supplementation,50,Children age 12-23 months who have received the first dose of measles-containing vaccine (MCV) (%),95.1,97.2,False,False
Karnataka,Haveri,Child Vaccinations and Vitamin A Supplementation,51,Children age 24-35 months who have received a second dose of measles-containing vaccine (MCV) (%),74.6,66.5,True,False
Karnataka,Haveri,Child Vaccinations and Vitamin A Supplementation,52,Children age 12-23 months who have received birth dose of hepatitis B vaccine (%),91.8,78.8,False,False
Karnataka,Haveri,Child Vaccinations and Vitamin A Supplementation,53,Children age 12-23 months who have received 3 doses of rotavirus vaccine (%),91.5,5.2,False,False
Karnataka,Haveri,Child Vaccinations and Vitamin A Supplementation,54,Children age 9-35 months who received a vitamin A dose in the last 6 months (%),93.1,78.4,False,False
Karnataka,Haveri,Child Vaccinations and Vitamin A Supplementation,55,Children age 12-23 months who received most of their vaccinations in a public health facility (%),98.3,98.5,False,False
Karnataka,Haveri,Child Vaccinations and Vitamin A Supplementation,56,Children age 12-23 months who received most of their vaccinations in a private health facility (%),1.7,1.6,False,False
Karnataka,Haveri,Treatment of Childhood Diseases (children under age 5 years),57,Prevalence of diarrhoea in the 2 weeks preceding the survey (%),9.9,8.9,False,False
Karnataka,Haveri,Treatment of Childhood Diseases (children under age 5 years),58,Prevalence of symptoms of acute respiratory infection (ARI) in the 2 weeks preceding the survey (%),0.1,1.7,False,False
Karnataka,Haveri,Treatment of Childhood Diseases (children under age 5 years),59,Children with fever or symptoms of ARI in the 2 weeks preceding the survey taken to a health facility or health provider (%),88.3,68.0,True,False
Karnataka,Haveri,Child Feeding Practices and Nutritional Status of Children,60,Children under age 3 years breastfed within one hour of birth9 (%),40.9,45.8,False,False
Karnataka,Haveri,Child Feeding Practices and Nutritional Status of Children,61,Children under age 6 months exclusively breastfed10 (%),45.4,80.0,True,False
Karnataka,Haveri,Child Feeding Practices and Nutritional Status of Children,62,Children under age 6 months currently breastfeeding10 (%),100.0,96.8,True,False
Karnataka,Haveri,Child Feeding Practices and Nutritional Status of Children,63,Children under age 6 months exclusively breastfed or breastfeeding and consuming plain water/other milk only10 (%),69.1,86.7,True,False
Karnataka,Haveri,Child Feeding Practices and Nutritional Status of Children,64,Children age 6-8 months receiving solid or semi-solid food and breastmilk10 (%),*,*,True,False
Karnataka,Haveri,Child Feeding Practices and Nutritional Status of Children,65,"Breastfeeding children age 6-23 months receiving an adequate diet10, 11 (%)",10.0,7.6,False,False
Karnataka,Haveri,Child Feeding Practices and Nutritional Status of Children,66,"Non-breastfeeding children age 6-23 months receiving an adequate diet10, 11 (%)",*,*,True,False
Karnataka,Haveri,Child Feeding Practices and Nutritional Status of Children,67,"Total children age 6-23 months receiving an adequate diet10, 11 (%)",15.0,7.4,False,False
Karnataka,Haveri,Child Feeding Practices and Nutritional Status of Children,68,Children under 5 years who are stunted (height-for-age)12 (%),24.3,29.9,False,False
Karnataka,Haveri,Child Feeding Practices and Nutritional Status of Children,69,Children under 5 years who are wasted (weight-for-height)12 (%),30.5,17.7,False,False
Karnataka,Haveri,Child Feeding Practices and Nutritional Status of Children,70,Children under 5 years who are severely wasted (weight-for-height)13 (%),10.9,3.9,False,False
Karnataka,Haveri,Child Feeding Practices and Nutritional Status of Children,71,Children under 5 years who are underweight (weight-for-age)12 (%),33.6,35.0,False,False
Karnataka,Haveri,Child Feeding Practices and Nutritional Status of Children,72,Children under 5 years who are overweight (weight-for-height)14 (%),1.7,0.0,False,False
Karnataka,Haveri,Nutritional Status of Adults (age 15-49 years),73,Women whose Body Mass Index (BMI) is below normal (BMI <18.5 kg/m2)15 (%),15.9,19.9,False,False
Karnataka,Haveri,Nutritional Status of Adults (age 15-49 years),74,Women who are overweight or obese (BMI ≥25.0 kg/m2)15 (%),34.0,29.1,False,False
Karnataka,Haveri,Women,75,Blood sugar level - high (141-160 mg/dl)16 (%),6.8,4.8,False,False
Karnataka,Haveri,Women,76,Blood sugar level - very high (>160 mg/dl)16 (%),10.7,6.4,False,False
Karnataka,Haveri,Women,77,Blood sugar level - high or very high (>140 mg/dl) or taking medicine to control blood sugar level16 (%),18.8,12.7,False,False
Karnataka,Haveri,Men,78,Blood sugar level - high (141-160 mg/dl)16 (%),9.2,6.4,False,False
Karnataka,Haveri,Men,79,Blood sugar level - very high (>160 mg/dl)16 (%),11.2,7.0,False,False
Karnataka,Haveri,Men,80,Blood sugar level - high or very high (>140 mg/dl) or taking medicine to control blood sugar level16 (%),21.3,15.2,False,False
Karnataka,Haveri,Women,81,Mildly elevated blood pressure (Systolic 140-159 mm of Hg and/or Diastolic 90-99 mm of Hg) (%),11.1,11.0,False,False
Karnataka,Haveri,Women,82,Moderately or severely elevated blood pressure (Systolic ≥160 mm of Hg and/or Diastolic ≥100 mm of Hg) (%),5.3,4.7,False,False
Karnataka,Haveri,Women,83,Elevated blood pressure (Systolic ≥140 mm of Hg and/or Diastolic ≥90 mm of Hg) or taking medicine to control blood pressure (%),22.5,21.4,False,False
Karnataka,Haveri,Men,84,Mildly elevated blood pressure (Systolic 140-159 mm of Hg and/or Diastolic 90-99 mm of Hg) (%),11.0,14.4,False,False
Karnataka,Haveri,Men,85,Moderately or severely elevated blood pressure (Systolic ≥160 mm of Hg and/or Diastolic ≥100 mm of Hg) (%),5.9,6.9,False,False
Karnataka,Haveri,Men,86,Elevated blood pressure (Systolic ≥140 mm of Hg and/or Diastolic ≥90 mm of Hg) or taking medicine to control blood pressure (%),21.5,24.4,False,False
Karnataka,Haveri,Men,87,Women having a bank or savings account that they themselves use (%),95.1,82.2,False,False
Karnataka,Haveri,Men,88,Women having a mobile phone that they themselves use (%),55.0,39.2,False,False
Karnataka,Haveri,Men,89,Women age 15-24 years who use hygienic methods of protection during their menstrual period17 (%),62.6,75.8,False,False
Karnataka,Haveri,Tobacco Use and Alcohol Consumption among Adults (age 15 years and above),90,Women age 15 years and above who use any kind of tobacco (%),7.0,9.2,False,False
Karnataka,Haveri,Tobacco Use and Alcohol Consumption among Adults (age 15 years and above),91,Men age 15 years and above who use any kind of tobacco (%),30.3,33.1,False,False
Karnataka,Haveri,Tobacco Use and Alcohol Consumption among Adults (age 15 years and above),92,Women age 15 years and above who consume alcohol (%),0.8,1.0,False,False
Karnataka,Haveri,Tobacco Use and Alcohol Consumption among Adults (age 15 years and above),93,Men age 15 years and above who consume alcohol (%),11.5,12.1,False,False
Karnataka,Kalaburagi,Population and Household Profile,1,Population below age 5 years (%),8.2,9.2,False,False
Karnataka,Kalaburagi,Population and Household Profile,2,Population below age 15 years (%),27.0,26.8,False,False
Karnataka,Kalaburagi,Population and Household Profile,3,Population age 60 years and above (%),12.2,11.2,False,False
Karnataka,Kalaburagi,Population and Household Profile,4,Population living in households with electricity (%),99.7,99.4,False,False
Karnataka,Kalaburagi,Population and Household Profile,5,Population living in households with an improved drinking-water source1 (%),97.1,92.5,False,False
Karnataka,Kalaburagi,Population and Household Profile,6,Households using iodized salt (%),98.1,92.2,False,False
Karnataka,Kalaburagi,Population and Household Profile,7,Households with any usual member covered under a health insurance/financing scheme (%),49.9,19.8,False,False
Karnataka,Kalaburagi,Population and Household Profile,8,Households with any usual member having a bank account/post office account (%),99.2,94.2,False,False
Karnataka,Kalaburagi,Population and Household Profile,9,Female population age 6 years and above who ever attended school (%),65.8,65.0,False,False
Karnataka,Kalaburagi,Population and Household Profile,10,Households with any usual female members owning a house and/or land (alone or jointly with others) (%),38.3,13.6,False,False
Karnataka,Kalaburagi,Population and Household Profile,11,Children age 2-4 years who attended pre-school (%),52.2,38.9,False,False
Karnataka,Kalaburagi,Characteristics of Adults (age 15-49 years),12,Women with 10 or more years of schooling (%),43.3,42.0,False,False
Karnataka,Kalaburagi,Characteristics of Adults (age 15-49 years),13,Men with 10 or more years of schooling (%),49.5,44.2,False,False
Karnataka,Kalaburagi,Characteristics of Adults (age 15-49 years),14,Women who have ever used the internet (%),34.9,20.7,False,False
Karnataka,Kalaburagi,Characteristics of Adults (age 15-49 years),15,Men who have ever used the internet (%),81.4,55.4,False,False
Karnataka,Kalaburagi,Marriage and Fertility,16,Women age 20-24 years married before age 18 years (%),20.7,29.8,False,False
Karnataka,Kalaburagi,Marriage and Fertility,17,Men age 25-29 years married before age 21 years (%),*,3.5,True,False
Karnataka,Kalaburagi,Marriage and Fertility,18,Three or more births in the 5 years preceding the survey (%),2.7,4.0,False,False
Karnataka,Kalaburagi,Marriage and Fertility,19,Women age 15-19 years who were already mothers or pregnant at the time of the survey (%),6.7,4.9,False,False
Karnataka,Kalaburagi,Marriage and Fertility,20,Any method2 (%),61.8,53.0,False,False
Karnataka,Kalaburagi,Marriage and Fertility,21,Any modern method2 (%),61.2,53.0,False,False
Karnataka,Kalaburagi,Marriage and Fertility,22,Any traditional method (%),0.6,0.0,False,False
Karnataka,Kalaburagi,Marriage and Fertility,23,Female sterilization (%),58.0,40.3,False,False
Karnataka,Kalaburagi,Marriage and Fertility,24,Male sterilization (%),0.0,0.0,False,False
Karnataka,Kalaburagi,Marriage and Fertility,25,Total unmet need3 (%),6.3,12.6,False,False
Karnataka,Kalaburagi,Marriage and Fertility,26,Unmet need for spacing3 (%),5.1,5.3,False,False
Karnataka,Kalaburagi,Marriage and Fertility,27,Unmet need for limiting3 (%),1.2,7.3,False,False
Karnataka,Kalaburagi,Antenatal Care (for last birth in the 5 years before the survey),28,Mothers who had an antenatal check-up in the first trimester (%),81.4,59.3,False,False
Karnataka,Kalaburagi,Antenatal Care (for last birth in the 5 years before the survey),29,Mothers who had any antenatal care visits (%),99.6,96.6,False,False
Karnataka,Kalaburagi,Antenatal Care (for last birth in the 5 years before the survey),30,Mothers who had at least 4 antenatal care visits (%),85.7,53.6,False,False
Karnataka,Kalaburagi,Antenatal Care (for last birth in the 5 years before the survey),31,Mothers whose last birth was protected against neonatal tetanus4 (%),98.6,90.8,False,False
Karnataka,Kalaburagi,Antenatal Care (for last birth in the 5 years before the survey),32,Mothers who consumed iron folic acid for 100 days or more when they were pregnant (%),79.4,26.6,False,False
Karnataka,Kalaburagi,Antenatal Care (for last birth in the 5 years before the survey),33,Mothers who consumed iron folic acid for 180 days or more when they were pregnant (%),50.7,18.2,False,False
Karnataka,Kalaburagi,Antenatal Care (for last birth in the 5 years before the survey),34,Registered pregnancies for which the mother received a Mother and Child Protection (MCP) card (%),97.2,95.1,False,False
Karnataka,Kalaburagi,Delivery Care (for births in the 5 years before the survey),35,Institutional births (%),98.6,88.7,False,False
Karnataka,Kalaburagi,Delivery Care (for births in the 5 years before the survey),36,Institutional births in public facility (%),70.3,60.5,False,False
Karnataka,Kalaburagi,Delivery Care (for births in the 5 years before the survey),37,Births attended by skilled health personnel5 (%),98.2,87.1,False,False
Karnataka,Kalaburagi,Delivery Care (for births in the 5 years before the survey),38,Births delivered by caesarean section (%),29.4,22.7,False,False
Karnataka,Kalaburagi,Delivery Care (for births in the 5 years before the survey),39,Births in a private health facility that were delivered by caesarean section (%),51.2,47.8,False,False
Karnataka,Kalaburagi,Delivery Care (for births in the 5 years before the survey),40,Births in a public health facility that were delivered by caesarean section (%),21.3,15.3,False,False
Karnataka,Kalaburagi,Postnatal Care (for last birth in the 5 years before the survey),41,Mothers who received postnatal care from a doctor/nurse/LHV/ANM/midwife/other health personnel within 2 days of delivery+ (%),97.9,79.6,False,False
Karnataka,Kalaburagi,Postnatal Care (for last birth in the 5 years before the survey),42,Children born at home who were taken to a health facility for a check-up within 24 hours of birth (%),*,*,True,False
Karnataka,Kalaburagi,Postnatal Care (for last birth in the 5 years before the survey),43,Children who received postnatal care from a doctor/nurse/LHV/ANM/midwife/other health personnel within 2 days of delivery+ (%),96.7,78.1,False,False
Karnataka,Kalaburagi,Child Vaccinations and Vitamin A Supplementation,44,Children age 12-23 months fully vaccinated based on information from either vaccination card or mother's recall6 (%),88.2,75.3,False,False
Karnataka,Kalaburagi,Child Vaccinations and Vitamin A Supplementation,45,Children age 12-23 months fully vaccinated based on information from vaccination card only7 (%),90.8,86.3,False,False
Karnataka,Kalaburagi,Child Vaccinations and Vitamin A Supplementation,46,Children age 12-23 months who have received any vaccine (%),91.4,96.0,False,False
Karnataka,Kalaburagi,Child Vaccinations and Vitamin A Supplementation,47,Children age 12-23 months who have received BCG (%),89.8,95.0,False,False
Karnataka,Kalaburagi,Child Vaccinations and Vitamin A Supplementation,48,Children age 12-23 months who have received 3 doses of polio vaccine8 (%),89.9,81.9,False,False
Karnataka,Kalaburagi,Child Vaccinations and Vitamin A Supplementation,49,Children age 12-23 months who have received 3 doses of pentavalent vaccine (%),91.4,87.4,False,False
Karnataka,Kalaburagi,Child Vaccinations and Vitamin A Supplementation,50,Children age 12-23 months who have received the first dose of measles-containing vaccine (MCV) (%),91.4,84.0,False,False
Karnataka,Kalaburagi,Child Vaccinations and Vitamin A Supplementation,51,Children age 24-35 months who have received a second dose of measles-containing vaccine (MCV) (%),70.4,45.2,False,False
Karnataka,Kalaburagi,Child Vaccinations and Vitamin A Supplementation,52,Children age 12-23 months who have received birth dose of hepatitis B vaccine (%),79.7,77.5,False,False
Karnataka,Kalaburagi,Child Vaccinations and Vitamin A Supplementation,53,Children age 12-23 months who have received 3 doses of rotavirus vaccine (%),79.2,12.2,False,False
Karnataka,Kalaburagi,Child Vaccinations and Vitamin A Supplementation,54,Children age 9-35 months who received a vitamin A dose in the last 6 months (%),89.6,94.5,False,False
Karnataka,Kalaburagi,Child Vaccinations and Vitamin A Supplementation,55,Children age 12-23 months who received most of their vaccinations in a public health facility (%),98.1,94.6,False,False
Karnataka,Kalaburagi,Child Vaccinations and Vitamin A Supplementation,56,Children age 12-23 months who received most of their vaccinations in a private health facility (%),1.9,4.2,False,False
Karnataka,Kalaburagi,Treatment of Childhood Diseases (children under age 5 years),57,Prevalence of diarrhoea in the 2 weeks preceding the survey (%),4.8,9.4,False,False
Karnataka,Kalaburagi,Treatment of Childhood Diseases (children under age 5 years),58,Prevalence of symptoms of acute respiratory infection (ARI) in the 2 weeks preceding the survey (%),0.0,0.8,False,False
Karnataka,Kalaburagi,Treatment of Childhood Diseases (children under age 5 years),59,Children with fever or symptoms of ARI in the 2 weeks preceding the survey taken to a health facility or health provider (%),*,49.9,True,False
Karnataka,Kalaburagi,Child Feeding Practices and Nutritional Status of Children,60,Children under age 3 years breastfed within one hour of birth9 (%),31.9,37.8,False,False
Karnataka,Kalaburagi,Child Feeding Practices and Nutritional Status of Children,61,Children under age 6 months exclusively breastfed10 (%),50.9,45.1,True,False
Karnataka,Kalaburagi,Child Feeding Practices and Nutritional Status of Children,62,Children under age 6 months currently breastfeeding10 (%),100.0,83.7,True,False
Karnataka,Kalaburagi,Child Feeding Practices and Nutritional Status of Children,63,Children under age 6 months exclusively breastfed or breastfeeding and consuming plain water/other milk only10 (%),90.4,45.1,True,False
Karnataka,Kalaburagi,Child Feeding Practices and Nutritional Status of Children,64,Children age 6-8 months receiving solid or semi-solid food and breastmilk10 (%),*,*,True,False
Karnataka,Kalaburagi,Child Feeding Practices and Nutritional Status of Children,65,"Breastfeeding children age 6-23 months receiving an adequate diet10, 11 (%)",16.4,16.9,False,False
Karnataka,Kalaburagi,Child Feeding Practices and Nutritional Status of Children,66,"Non-breastfeeding children age 6-23 months receiving an adequate diet10, 11 (%)",*,10.3,True,False
Karnataka,Kalaburagi,Child Feeding Practices and Nutritional Status of Children,67,"Total children age 6-23 months receiving an adequate diet10, 11 (%)",15.6,15.4,False,False
Karnataka,Kalaburagi,Child Feeding Practices and Nutritional Status of Children,68,Children under 5 years who are stunted (height-for-age)12 (%),40.2,34.5,False,False
Karnataka,Kalaburagi,Child Feeding Practices and Nutritional Status of Children,69,Children under 5 years who are wasted (weight-for-height)12 (%),22.6,25.0,False,False
Karnataka,Kalaburagi,Child Feeding Practices and Nutritional Status of Children,70,Children under 5 years who are severely wasted (weight-for-height)13 (%),3.0,12.2,False,False
Karnataka,Kalaburagi,Child Feeding Practices and Nutritional Status of Children,71,Children under 5 years who are underweight (weight-for-age)12 (%),44.6,36.2,False,False
Karnataka,Kalaburagi,Child Feeding Practices and Nutritional Status of Children,72,Children under 5 years who are overweight (weight-for-height)14 (%),0.0,4.1,False,False
Karnataka,Kalaburagi,Nutritional Status of Adults (age 15-49 years),73,Women whose Body Mass Index (BMI) is below normal (BMI <18.5 kg/m2)15 (%),22.6,20.8,False,False
Karnataka,Kalaburagi,Nutritional Status of Adults (age 15-49 years),74,Women who are overweight or obese (BMI ≥25.0 kg/m2)15 (%),28.9,21.8,False,False
Karnataka,Kalaburagi,Women,75,Blood sugar level - high (141-160 mg/dl)16 (%),6.1,5.9,False,False
Karnataka,Kalaburagi,Women,76,Blood sugar level - very high (>160 mg/dl)16 (%),6.4,3.8,False,False
Karnataka,Kalaburagi,Women,77,Blood sugar level - high or very high (>140 mg/dl) or taking medicine to control blood sugar level16 (%),13.7,11.4,False,False
Karnataka,Kalaburagi,Men,78,Blood sugar level - high (141-160 mg/dl)16 (%),8.5,7.2,False,False
Karnataka,Kalaburagi,Men,79,Blood sugar level - very high (>160 mg/dl)16 (%),8.4,6.1,False,False
Karnataka,Kalaburagi,Men,80,Blood sugar level - high or very high (>140 mg/dl) or taking medicine to control blood sugar level16 (%),19.0,15.1,False,False
Karnataka,Kalaburagi,Women,81,Mildly elevated blood pressure (Systolic 140-159 mm of Hg and/or Diastolic 90-99 mm of Hg) (%),11.6,10.2,False,False
Karnataka,Kalaburagi,Women,82,Moderately or severely elevated blood pressure (Systolic ≥160 mm of Hg and/or Diastolic ≥100 mm of Hg) (%),6.7,3.4,False,False
Karnataka,Kalaburagi,Women,83,Elevated blood pressure (Systolic ≥140 mm of Hg and/or Diastolic ≥90 mm of Hg) or taking medicine to control blood pressure (%),23.5,17.0,False,False
Karnataka,Kalaburagi,Men,84,Mildly elevated blood pressure (Systolic 140-159 mm of Hg and/or Diastolic 90-99 mm of Hg) (%),14.1,16.1,False,False
Karnataka,Kalaburagi,Men,85,Moderately or severely elevated blood pressure (Systolic ≥160 mm of Hg and/or Diastolic ≥100 mm of Hg) (%),7.8,5.5,False,False
Karnataka,Kalaburagi,Men,86,Elevated blood pressure (Systolic ≥140 mm of Hg and/or Diastolic ≥90 mm of Hg) or taking medicine to control blood pressure (%),27.2,24.8,False,False
Karnataka,Kalaburagi,Men,87,Women having a bank or savings account that they themselves use (%),94.9,80.2,False,False
Karnataka,Kalaburagi,Men,88,Women having a mobile phone that they themselves use (%),53.2,57.0,False,False
Karnataka,Kalaburagi,Men,89,Women age 15-24 years who use hygienic methods of protection during their menstrual period17 (%),72.7,69.7,False,False
Karnataka,Kalaburagi,Tobacco Use and Alcohol Consumption among Adults (age 15 years and above),90,Women age 15 years and above who use any kind of tobacco (%),11.6,11.0,False,False
Karnataka,Kalaburagi,Tobacco Use and Alcohol Consumption among Adults (age 15 years and above),91,Men age 15 years and above who use any kind of tobacco (%),33.1,33.5,False,False
Karnataka,Kalaburagi,Tobacco Use and Alcohol Consumption among Adults (age 15 years and above),92,Women age 15 years and above who consume alcohol (%),1.1,0.8,False,False
Karnataka,Kalaburagi,Tobacco Use and Alcohol Consumption among Adults (age 15 years and above),93,Men age 15 years and above who consume alcohol (%),16.6,17.0,False,False
Karnataka,Kodagu,Population and Household Profile,1,Population below age 5 years (%),6.3,7.4,False,False
Karnataka,Kodagu,Population and Household Profile,2,Population below age 15 years (%),19.6,21.2,False,False
Karnataka,Kodagu,Population and Household Profile,3,Population age 60 years and above (%),18.4,16.3,False,False
Karnataka,Kodagu,Population and Household Profile,4,Population living in households with electricity (%),98.4,98.7,False,False
Karnataka,Kodagu,Population and Household Profile,5,Population living in households with an improved drinking-water source1 (%),97.1,89.2,False,False
Karnataka,Kodagu,Population and Household Profile,6,Households using iodized salt (%),97.2,98.5,False,False
Karnataka,Kodagu,Population and Household Profile,7,Households with any usual member covered under a health insurance/financing scheme (%),72.0,50.9,False,False
Karnataka,Kodagu,Population and Household Profile,8,Households with any usual member having a bank account/post office account (%),98.6,93.5,False,False
Karnataka,Kodagu,Population and Household Profile,9,Female population age 6 years and above who ever attended school (%),84.8,83.6,False,False
Karnataka,Kodagu,Population and Household Profile,10,Households with any usual female members owning a house and/or land (alone or jointly with others) (%),19.4,14.8,False,False
Karnataka,Kodagu,Population and Household Profile,11,Children age 2-4 years who attended pre-school (%),38.5,40.8,False,False
Karnataka,Kodagu,Characteristics of Adults (age 15-49 years),12,Women with 10 or more years of schooling (%),65.1,58.9,False,False
Karnataka,Kodagu,Characteristics of Adults (age 15-49 years),13,Men with 10 or more years of schooling (%),66.1,62.6,False,False
Karnataka,Kodagu,Characteristics of Adults (age 15-49 years),14,Women who have ever used the internet (%),72.9,60.3,False,False
Karnataka,Kodagu,Characteristics of Adults (age 15-49 years),15,Men who have ever used the internet (%),87.7,72.3,False,False
Karnataka,Kodagu,Marriage and Fertility,16,Women age 20-24 years married before age 18 years (%),9.3,12.8,False,False
Karnataka,Kodagu,Marriage and Fertility,17,Men age 25-29 years married before age 21 years (%),*,*,True,False
Karnataka,Kodagu,Marriage and Fertility,18,Three or more births in the 5 years preceding the survey (%),3.2,0.8,False,False
Karnataka,Kodagu,Marriage and Fertility,19,Women age 15-19 years who were already mothers or pregnant at the time of the survey (%),5.7,3.2,False,False
Karnataka,Kodagu,Marriage and Fertility,20,Any method2 (%),60.0,73.0,False,False
Karnataka,Kodagu,Marriage and Fertility,21,Any modern method2 (%),58.0,72.3,False,False
Karnataka,Kodagu,Marriage and Fertility,22,Any traditional method (%),2.0,0.7,False,False
Karnataka,Kodagu,Marriage and Fertility,23,Female sterilization (%),47.0,53.7,False,False
Karnataka,Kodagu,Marriage and Fertility,24,Male sterilization (%),0.0,0.0,False,False
Karnataka,Kodagu,Marriage and Fertility,25,Total unmet need3 (%),11.6,5.6,False,False
Karnataka,Kodagu,Marriage and Fertility,26,Unmet need for spacing3 (%),6.9,2.3,False,False
Karnataka,Kodagu,Marriage and Fertility,27,Unmet need for limiting3 (%),4.7,3.3,False,False
Karnataka,Kodagu,Antenatal Care (for last birth in the 5 years before the survey),28,Mothers who had an antenatal check-up in the first trimester (%),59.2,70.6,False,False
Karnataka,Kodagu,Antenatal Care (for last birth in the 5 years before the survey),29,Mothers who had any antenatal care visits (%),90.6,99.5,False,False
Karnataka,Kodagu,Antenatal Care (for last birth in the 5 years before the survey),30,Mothers who had at least 4 antenatal care visits (%),71.4,74.4,False,False
Karnataka,Kodagu,Antenatal Care (for last birth in the 5 years before the survey),31,Mothers whose last birth was protected against neonatal tetanus4 (%),89.1,95.5,False,False
Karnataka,Kodagu,Antenatal Care (for last birth in the 5 years before the survey),32,Mothers who consumed iron folic acid for 100 days or more when they were pregnant (%),80.1,46.8,False,False
Karnataka,Kodagu,Antenatal Care (for last birth in the 5 years before the survey),33,Mothers who consumed iron folic acid for 180 days or more when they were pregnant (%),71.3,30.2,False,False
Karnataka,Kodagu,Antenatal Care (for last birth in the 5 years before the survey),34,Registered pregnancies for which the mother received a Mother and Child Protection (MCP) card (%),97.6,97.8,False,False
Karnataka,Kodagu,Delivery Care (for births in the 5 years before the survey),35,Institutional births (%),100.0,98.4,False,False
Karnataka,Kodagu,Delivery Care (for births in the 5 years before the survey),36,Institutional births in public facility (%),78.4,73.3,False,False
Karnataka,Kodagu,Delivery Care (for births in the 5 years before the survey),37,Births attended by skilled health personnel5 (%),90.8,94.1,False,False
Karnataka,Kodagu,Delivery Care (for births in the 5 years before the survey),38,Births delivered by caesarean section (%),40.7,33.3,False,False
Karnataka,Kodagu,Delivery Care (for births in the 5 years before the survey),39,Births in a private health facility that were delivered by caesarean section (%),53.3,43.0,True,False
Karnataka,Kodagu,Delivery Care (for births in the 5 years before the survey),40,Births in a public health facility that were delivered by caesarean section (%),37.2,30.6,False,False
Karnataka,Kodagu,Postnatal Care (for last birth in the 5 years before the survey),41,Mothers who received postnatal care from a doctor/nurse/LHV/ANM/midwife/other health personnel within 2 days of delivery+ (%),80.3,93.3,False,False
Karnataka,Kodagu,Postnatal Care (for last birth in the 5 years before the survey),42,Children born at home who were taken to a health facility for a check-up within 24 hours of birth (%),*,*,True,False
Karnataka,Kodagu,Postnatal Care (for last birth in the 5 years before the survey),43,Children who received postnatal care from a doctor/nurse/LHV/ANM/midwife/other health personnel within 2 days of delivery+ (%),75.4,91.9,False,False
Karnataka,Kodagu,Child Vaccinations and Vitamin A Supplementation,44,Children age 12-23 months fully vaccinated based on information from either vaccination card or mother's recall6 (%),78.0,90.6,True,False
Karnataka,Kodagu,Child Vaccinations and Vitamin A Supplementation,45,Children age 12-23 months fully vaccinated based on information from vaccination card only7 (%),79.5,96.5,True,False
Karnataka,Kodagu,Child Vaccinations and Vitamin A Supplementation,46,Children age 12-23 months who have received any vaccine (%),100.0,93.7,True,False
Karnataka,Kodagu,Child Vaccinations and Vitamin A Supplementation,47,Children age 12-23 months who have received BCG (%),97.9,93.7,True,False
Karnataka,Kodagu,Child Vaccinations and Vitamin A Supplementation,48,Children age 12-23 months who have received 3 doses of polio vaccine8 (%),82.0,90.6,True,False
Karnataka,Kodagu,Child Vaccinations and Vitamin A Supplementation,49,Children age 12-23 months who have received 3 doses of pentavalent vaccine (%),88.1,93.7,True,False
Karnataka,Kodagu,Child Vaccinations and Vitamin A Supplementation,50,Children age 12-23 months who have received the first dose of measles-containing vaccine (MCV) (%),95.7,93.7,True,False
Karnataka,Kodagu,Child Vaccinations and Vitamin A Supplementation,51,Children age 24-35 months who have received a second dose of measles-containing vaccine (MCV) (%),72.8,60.7,True,False
Karnataka,Kodagu,Child Vaccinations and Vitamin A Supplementation,52,Children age 12-23 months who have received birth dose of hepatitis B vaccine (%),87.0,89.6,True,False
Karnataka,Kodagu,Child Vaccinations and Vitamin A Supplementation,53,Children age 12-23 months who have received 3 doses of rotavirus vaccine (%),77.9,2.8,True,False
Karnataka,Kodagu,Child Vaccinations and Vitamin A Supplementation,54,Children age 9-35 months who received a vitamin A dose in the last 6 months (%),95.0,90.7,False,False
Karnataka,Kodagu,Child Vaccinations and Vitamin A Supplementation,55,Children age 12-23 months who received most of their vaccinations in a public health facility (%),95.6,88.1,True,False
Karnataka,Kodagu,Child Vaccinations and Vitamin A Supplementation,56,Children age 12-23 months who received most of their vaccinations in a private health facility (%),4.4,11.9,True,False
Karnataka,Kodagu,Treatment of Childhood Diseases (children under age 5 years),57,Prevalence of diarrhoea in the 2 weeks preceding the survey (%),10.9,5.5,False,False
Karnataka,Kodagu,Treatment of Childhood Diseases (children under age 5 years),58,Prevalence of symptoms of acute respiratory infection (ARI) in the 2 weeks preceding the survey (%),7.1,2.5,False,False
Karnataka,Kodagu,Treatment of Childhood Diseases (children under age 5 years),59,Children with fever or symptoms of ARI in the 2 weeks preceding the survey taken to a health facility or health provider (%),47.8,*,True,False
Karnataka,Kodagu,Child Feeding Practices and Nutritional Status of Children,60,Children under age 3 years breastfed within one hour of birth9 (%),44.5,42.3,False,False
Karnataka,Kodagu,Child Feeding Practices and Nutritional Status of Children,61,Children under age 6 months exclusively breastfed10 (%),46.8,*,True,False
Karnataka,Kodagu,Child Feeding Practices and Nutritional Status of Children,62,Children under age 6 months currently breastfeeding10 (%),59.6,*,True,False
Karnataka,Kodagu,Child Feeding Practices and Nutritional Status of Children,63,Children under age 6 months exclusively breastfed or breastfeeding and consuming plain water/other milk only10 (%),58.1,*,True,False
Karnataka,Kodagu,Child Feeding Practices and Nutritional Status of Children,64,Children age 6-8 months receiving solid or semi-solid food and breastmilk10 (%),*,*,True,False
Karnataka,Kodagu,Child Feeding Practices and Nutritional Status of Children,65,"Breastfeeding children age 6-23 months receiving an adequate diet10, 11 (%)",20.1,3.5,True,False
Karnataka,Kodagu,Child Feeding Practices and Nutritional Status of Children,66,"Non-breastfeeding children age 6-23 months receiving an adequate diet10, 11 (%)",*,*,True,False
Karnataka,Kodagu,Child Feeding Practices and Nutritional Status of Children,67,"Total children age 6-23 months receiving an adequate diet10, 11 (%)",25.4,9.1,False,False
Karnataka,Kodagu,Child Feeding Practices and Nutritional Status of Children,68,Children under 5 years who are stunted (height-for-age)12 (%),16.4,30.4,False,False
Karnataka,Kodagu,Child Feeding Practices and Nutritional Status of Children,69,Children under 5 years who are wasted (weight-for-height)12 (%),21.8,21.7,False,False
Karnataka,Kodagu,Child Feeding Practices and Nutritional Status of Children,70,Children under 5 years who are severely wasted (weight-for-height)13 (%),6.7,9.3,False,False
Karnataka,Kodagu,Child Feeding Practices and Nutritional Status of Children,71,Children under 5 years who are underweight (weight-for-age)12 (%),20.3,22.6,False,False
Karnataka,Kodagu,Child Feeding Practices and Nutritional Status of Children,72,Children under 5 years who are overweight (weight-for-height)14 (%),2.3,7.3,False,False
Karnataka,Kodagu,Nutritional Status of Adults (age 15-49 years),73,Women whose Body Mass Index (BMI) is below normal (BMI <18.5 kg/m2)15 (%),15.1,12.0,False,False
Karnataka,Kodagu,Nutritional Status of Adults (age 15-49 years),74,Women who are overweight or obese (BMI ≥25.0 kg/m2)15 (%),41.2,34.7,False,False
Karnataka,Kodagu,Women,75,Blood sugar level - high (141-160 mg/dl)16 (%),8.2,6.2,False,False
Karnataka,Kodagu,Women,76,Blood sugar level - very high (>160 mg/dl)16 (%),13.7,9.1,False,False
Karnataka,Kodagu,Women,77,Blood sugar level - high or very high (>140 mg/dl) or taking medicine to control blood sugar level16 (%),24.7,17.4,False,False
Karnataka,Kodagu,Men,78,Blood sugar level - high (141-160 mg/dl)16 (%),10.7,6.6,False,False
Karnataka,Kodagu,Men,79,Blood sugar level - very high (>160 mg/dl)16 (%),16.8,9.9,False,False
Karnataka,Kodagu,Men,80,Blood sugar level - high or very high (>140 mg/dl) or taking medicine to control blood sugar level16 (%),29.1,19.3,False,False
Karnataka,Kodagu,Women,81,Mildly elevated blood pressure (Systolic 140-159 mm of Hg and/or Diastolic 90-99 mm of Hg) (%),15.0,15.7,False,False
Karnataka,Kodagu,Women,82,Moderately or severely elevated blood pressure (Systolic ≥160 mm of Hg and/or Diastolic ≥100 mm of Hg) (%),7.2,10.6,False,False
Karnataka,Kodagu,Women,83,Elevated blood pressure (Systolic ≥140 mm of Hg and/or Diastolic ≥90 mm of Hg) or taking medicine to control blood pressure (%),31.6,31.5,False,False
Karnataka,Kodagu,Men,84,Mildly elevated blood pressure (Systolic 140-159 mm of Hg and/or Diastolic 90-99 mm of Hg) (%),15.9,19.5,False,False
Karnataka,Kodagu,Men,85,Moderately or severely elevated blood pressure (Systolic ≥160 mm of Hg and/or Diastolic ≥100 mm of Hg) (%),9.3,8.6,False,False
Karnataka,Kodagu,Men,86,Elevated blood pressure (Systolic ≥140 mm of Hg and/or Diastolic ≥90 mm of Hg) or taking medicine to control blood pressure (%),32.1,33.3,False,False
Karnataka,Kodagu,Men,87,Women having a bank or savings account that they themselves use (%),95.3,89.7,False,False
Karnataka,Kodagu,Men,88,Women having a mobile phone that they themselves use (%),86.0,77.9,False,False
Karnataka,Kodagu,Men,89,Women age 15-24 years who use hygienic methods of protection during their menstrual period17 (%),94.2,94.6,False,False
Karnataka,Kodagu,Tobacco Use and Alcohol Consumption among Adults (age 15 years and above),90,Women age 15 years and above who use any kind of tobacco (%),4.9,8.7,False,False
Karnataka,Kodagu,Tobacco Use and Alcohol Consumption among Adults (age 15 years and above),91,Men age 15 years and above who use any kind of tobacco (%),21.5,22.2,False,False
Karnataka,Kodagu,Tobacco Use and Alcohol Consumption among Adults (age 15 years and above),92,Women age 15 years and above who consume alcohol (%),1.0,2.3,False,False
Karnataka,Kodagu,Tobacco Use and Alcohol Consumption among Adults (age 15 years and above),93,Men age 15 years and above who consume alcohol (%),26.5,27.9,False,False
Karnataka,Kolar,Population and Household Profile,1,Population below age 5 years (%),6.0,6.7,False,False
Karnataka,Kolar,Population and Household Profile,2,Population below age 15 years (%),20.7,21.8,False,False
Karnataka,Kolar,Population and Household Profile,3,Population age 60 years and above (%),17.0,14.4,False,False
Karnataka,Kolar,Population and Household Profile,4,Population living in households with electricity (%),99.9,99.5,False,False
Karnataka,Kolar,Population and Household Profile,5,Population living in households with an improved drinking-water source1 (%),97.9,98.5,False,False
Karnataka,Kolar,Population and Household Profile,6,Households using iodized salt (%),97.0,94.7,False,False
Karnataka,Kolar,Population and Household Profile,7,Households with any usual member covered under a health insurance/financing scheme (%),76.2,38.3,False,False
Karnataka,Kolar,Population and Household Profile,8,Households with any usual member having a bank account/post office account (%),98.8,96.2,False,False
Karnataka,Kolar,Population and Household Profile,9,Female population age 6 years and above who ever attended school (%),76.3,71.6,False,False
Karnataka,Kolar,Population and Household Profile,10,Households with any usual female members owning a house and/or land (alone or jointly with others) (%),24.1,16.0,False,False
Karnataka,Kolar,Population and Household Profile,11,Children age 2-4 years who attended pre-school (%),54.4,44.2,False,False
Karnataka,Kolar,Characteristics of Adults (age 15-49 years),12,Women with 10 or more years of schooling (%),60.5,55.0,False,False
Karnataka,Kolar,Characteristics of Adults (age 15-49 years),13,Men with 10 or more years of schooling (%),69.7,58.0,False,False
Karnataka,Kolar,Characteristics of Adults (age 15-49 years),14,Women who have ever used the internet (%),59.4,36.9,False,False
Karnataka,Kolar,Characteristics of Adults (age 15-49 years),15,Men who have ever used the internet (%),87.8,73.1,False,False
Karnataka,Kolar,Marriage and Fertility,16,Women age 20-24 years married before age 18 years (%),23.8,26.7,False,False
Karnataka,Kolar,Marriage and Fertility,17,Men age 25-29 years married before age 21 years (%),*,*,True,False
Karnataka,Kolar,Marriage and Fertility,18,Three or more births in the 5 years preceding the survey (%),0.4,0.9,False,False
Karnataka,Kolar,Marriage and Fertility,19,Women age 15-19 years who were already mothers or pregnant at the time of the survey (%),4.5,9.0,False,False
Karnataka,Kolar,Marriage and Fertility,20,Any method2 (%),68.8,72.7,False,False
Karnataka,Kolar,Marriage and Fertility,21,Any modern method2 (%),66.8,71.9,False,False
Karnataka,Kolar,Marriage and Fertility,22,Any traditional method (%),2.0,0.8,False,False
Karnataka,Kolar,Marriage and Fertility,23,Female sterilization (%),64.4,65.4,False,False
Karnataka,Kolar,Marriage and Fertility,24,Male sterilization (%),0.0,0.0,False,False
Karnataka,Kolar,Marriage and Fertility,25,Total unmet need3 (%),8.8,5.1,False,False
Karnataka,Kolar,Marriage and Fertility,26,Unmet need for spacing3 (%),6.2,3.5,False,False
Karnataka,Kolar,Marriage and Fertility,27,Unmet need for limiting3 (%),2.6,1.6,False,False
Karnataka,Kolar,Antenatal Care (for last birth in the 5 years before the survey),28,Mothers who had an antenatal check-up in the first trimester (%),65.5,78.0,False,False
Karnataka,Kolar,Antenatal Care (for last birth in the 5 years before the survey),29,Mothers who had any antenatal care visits (%),100.0,98.8,False,False
Karnataka,Kolar,Antenatal Care (for last birth in the 5 years before the survey),30,Mothers who had at least 4 antenatal care visits (%),75.2,90.9,False,False
Karnataka,Kolar,Antenatal Care (for last birth in the 5 years before the survey),31,Mothers whose last birth was protected against neonatal tetanus4 (%),95.2,97.1,False,False
Karnataka,Kolar,Antenatal Care (for last birth in the 5 years before the survey),32,Mothers who consumed iron folic acid for 100 days or more when they were pregnant (%),80.9,60.2,False,False
Karnataka,Kolar,Antenatal Care (for last birth in the 5 years before the survey),33,Mothers who consumed iron folic acid for 180 days or more when they were pregnant (%),62.9,39.5,False,False
Karnataka,Kolar,Antenatal Care (for last birth in the 5 years before the survey),34,Registered pregnancies for which the mother received a Mother and Child Protection (MCP) card (%),100.0,99.1,False,False
Karnataka,Kolar,Delivery Care (for births in the 5 years before the survey),35,Institutional births (%),99.7,99.6,False,False
Karnataka,Kolar,Delivery Care (for births in the 5 years before the survey),36,Institutional births in public facility (%),61.4,76.1,False,False
Karnataka,Kolar,Delivery Care (for births in the 5 years before the survey),37,Births attended by skilled health personnel5 (%),99.2,99.3,False,False
Karnataka,Kolar,Delivery Care (for births in the 5 years before the survey),38,Births delivered by caesarean section (%),59.1,42.1,False,False
Karnataka,Kolar,Delivery Care (for births in the 5 years before the survey),39,Births in a private health facility that were delivered by caesarean section (%),85.5,66.1,False,False
Karnataka,Kolar,Delivery Care (for births in the 5 years before the survey),40,Births in a public health facility that were delivered by caesarean section (%),42.9,35.0,False,False
Karnataka,Kolar,Postnatal Care (for last birth in the 5 years before the survey),41,Mothers who received postnatal care from a doctor/nurse/LHV/ANM/midwife/other health personnel within 2 days of delivery+ (%),96.3,95.7,False,False
Karnataka,Kolar,Postnatal Care (for last birth in the 5 years before the survey),42,Children born at home who were taken to a health facility for a check-up within 24 hours of birth (%),*,*,True,False
Karnataka,Kolar,Postnatal Care (for last birth in the 5 years before the survey),43,Children who received postnatal care from a doctor/nurse/LHV/ANM/midwife/other health personnel within 2 days of delivery+ (%),97.9,95.0,False,False
Karnataka,Kolar,Child Vaccinations and Vitamin A Supplementation,44,Children age 12-23 months fully vaccinated based on information from either vaccination card or mother's recall6 (%),85.3,86.3,True,False
Karnataka,Kolar,Child Vaccinations and Vitamin A Supplementation,45,Children age 12-23 months fully vaccinated based on information from vaccination card only7 (%),87.4,86.3,True,False
Karnataka,Kolar,Child Vaccinations and Vitamin A Supplementation,46,Children age 12-23 months who have received any vaccine (%),98.2,100.0,True,False
Karnataka,Kolar,Child Vaccinations and Vitamin A Supplementation,47,Children age 12-23 months who have received BCG (%),96.2,100.0,True,False
Karnataka,Kolar,Child Vaccinations and Vitamin A Supplementation,48,Children age 12-23 months who have received 3 doses of polio vaccine8 (%),89.6,90.6,True,False
Karnataka,Kolar,Child Vaccinations and Vitamin A Supplementation,49,Children age 12-23 months who have received 3 doses of pentavalent vaccine (%),89.3,89.0,True,False
Karnataka,Kolar,Child Vaccinations and Vitamin A Supplementation,50,Children age 12-23 months who have received the first dose of measles-containing vaccine (MCV) (%),96.2,86.3,True,False
Karnataka,Kolar,Child Vaccinations and Vitamin A Supplementation,51,Children age 24-35 months who have received a second dose of measles-containing vaccine (MCV) (%),86.7,80.4,True,False
Karnataka,Kolar,Child Vaccinations and Vitamin A Supplementation,52,Children age 12-23 months who have received birth dose of hepatitis B vaccine (%),98.2,87.3,True,False
Karnataka,Kolar,Child Vaccinations and Vitamin A Supplementation,53,Children age 12-23 months who have received 3 doses of rotavirus vaccine (%),70.7,6.4,True,False
Karnataka,Kolar,Child Vaccinations and Vitamin A Supplementation,54,Children age 9-35 months who received a vitamin A dose in the last 6 months (%),87.3,87.5,False,False
Karnataka,Kolar,Child Vaccinations and Vitamin A Supplementation,55,Children age 12-23 months who received most of their vaccinations in a public health facility (%),100.0,90.8,True,False
Karnataka,Kolar,Child Vaccinations and Vitamin A Supplementation,56,Children age 12-23 months who received most of their vaccinations in a private health facility (%),0.0,9.2,True,False
Karnataka,Kolar,Treatment of Childhood Diseases (children under age 5 years),57,Prevalence of diarrhoea in the 2 weeks preceding the survey (%),15.2,3.6,False,False
Karnataka,Kolar,Treatment of Childhood Diseases (children under age 5 years),58,Prevalence of symptoms of acute respiratory infection (ARI) in the 2 weeks preceding the survey (%),5.0,1.5,False,False
Karnataka,Kolar,Treatment of Childhood Diseases (children under age 5 years),59,Children with fever or symptoms of ARI in the 2 weeks preceding the survey taken to a health facility or health provider (%),57.1,*,True,False
Karnataka,Kolar,Child Feeding Practices and Nutritional Status of Children,60,Children under age 3 years breastfed within one hour of birth9 (%),66.1,42.6,False,False
Karnataka,Kolar,Child Feeding Practices and Nutritional Status of Children,61,Children under age 6 months exclusively breastfed10 (%),50.7,*,True,False
Karnataka,Kolar,Child Feeding Practices and Nutritional Status of Children,62,Children under age 6 months currently breastfeeding10 (%),83.4,*,True,False
Karnataka,Kolar,Child Feeding Practices and Nutritional Status of Children,63,Children under age 6 months exclusively breastfed or breastfeeding and consuming plain water/other milk only10 (%),66.5,*,True,False
Karnataka,Kolar,Child Feeding Practices and Nutritional Status of Children,64,Children age 6-8 months receiving solid or semi-solid food and breastmilk10 (%),*,*,True,False
Karnataka,Kolar,Child Feeding Practices and Nutritional Status of Children,65,"Breastfeeding children age 6-23 months receiving an adequate diet10, 11 (%)",9.9,20.1,True,False
Karnataka,Kolar,Child Feeding Practices and Nutritional Status of Children,66,"Non-breastfeeding children age 6-23 months receiving an adequate diet10, 11 (%)",29.6,*,True,False
Karnataka,Kolar,Child Feeding Practices and Nutritional Status of Children,67,"Total children age 6-23 months receiving an adequate diet10, 11 (%)",17.4,21.7,False,False
Karnataka,Kolar,Child Feeding Practices and Nutritional Status of Children,68,Children under 5 years who are stunted (height-for-age)12 (%),20.9,31.1,False,False
Karnataka,Kolar,Child Feeding Practices and Nutritional Status of Children,69,Children under 5 years who are wasted (weight-for-height)12 (%),13.9,15.5,False,False
Karnataka,Kolar,Child Feeding Practices and Nutritional Status of Children,70,Children under 5 years who are severely wasted (weight-for-height)13 (%),1.4,5.8,False,False
Karnataka,Kolar,Child Feeding Practices and Nutritional Status of Children,71,Children under 5 years who are underweight (weight-for-age)12 (%),21.1,15.7,False,False
Karnataka,Kolar,Child Feeding Practices and Nutritional Status of Children,72,Children under 5 years who are overweight (weight-for-height)14 (%),1.4,5.3,False,False
Karnataka,Kolar,Nutritional Status of Adults (age 15-49 years),73,Women whose Body Mass Index (BMI) is below normal (BMI <18.5 kg/m2)15 (%),15.8,17.8,False,False
Karnataka,Kolar,Nutritional Status of Adults (age 15-49 years),74,Women who are overweight or obese (BMI ≥25.0 kg/m2)15 (%),43.7,27.9,False,False
Karnataka,Kolar,Women,75,Blood sugar level - high (141-160 mg/dl)16 (%),8.6,4.4,False,False
Karnataka,Kolar,Women,76,Blood sugar level - very high (>160 mg/dl)16 (%),14.4,7.5,False,False
Karnataka,Kolar,Women,77,Blood sugar level - high or very high (>140 mg/dl) or taking medicine to control blood sugar level16 (%),23.8,12.5,False,False
Karnataka,Kolar,Men,78,Blood sugar level - high (141-160 mg/dl)16 (%),10.4,6.1,False,False
Karnataka,Kolar,Men,79,Blood sugar level - very high (>160 mg/dl)16 (%),17.0,8.1,False,False
Karnataka,Kolar,Men,80,Blood sugar level - high or very high (>140 mg/dl) or taking medicine to control blood sugar level16 (%),29.5,15.1,False,False
Karnataka,Kolar,Women,81,Mildly elevated blood pressure (Systolic 140-159 mm of Hg and/or Diastolic 90-99 mm of Hg) (%),11.9,13.1,False,False
Karnataka,Kolar,Women,82,Moderately or severely elevated blood pressure (Systolic ≥160 mm of Hg and/or Diastolic ≥100 mm of Hg) (%),5.6,9.0,False,False
Karnataka,Kolar,Women,83,Elevated blood pressure (Systolic ≥140 mm of Hg and/or Diastolic ≥90 mm of Hg) or taking medicine to control blood pressure (%),23.4,24.3,False,False
Karnataka,Kolar,Men,84,Mildly elevated blood pressure (Systolic 140-159 mm of Hg and/or Diastolic 90-99 mm of Hg) (%),17.5,17.9,False,False
Karnataka,Kolar,Men,85,Moderately or severely elevated blood pressure (Systolic ≥160 mm of Hg and/or Diastolic ≥100 mm of Hg) (%),8.7,8.7,False,False
Karnataka,Kolar,Men,86,Elevated blood pressure (Systolic ≥140 mm of Hg and/or Diastolic ≥90 mm of Hg) or taking medicine to control blood pressure (%),31.2,27.9,False,False
Karnataka,Kolar,Men,87,Women having a bank or savings account that they themselves use (%),92.3,90.4,False,False
Karnataka,Kolar,Men,88,Women having a mobile phone that they themselves use (%),76.2,63.1,False,False
Karnataka,Kolar,Men,89,Women age 15-24 years who use hygienic methods of protection during their menstrual period17 (%),97.4,93.7,False,False
Karnataka,Kolar,Tobacco Use and Alcohol Consumption among Adults (age 15 years and above),90,Women age 15 years and above who use any kind of tobacco (%),9.1,13.0,False,False
Karnataka,Kolar,Tobacco Use and Alcohol Consumption among Adults (age 15 years and above),91,Men age 15 years and above who use any kind of tobacco (%),18.6,19.2,False,False
Karnataka,Kolar,Tobacco Use and Alcohol Consumption among Adults (age 15 years and above),92,Women age 15 years and above who consume alcohol (%),0.1,0.3,False,False
Karnataka,Kolar,Tobacco Use and Alcohol Consumption among Adults (age 15 years and above),93,Men age 15 years and above who consume alcohol (%),14.0,12.8,False,False
Karnataka,Koppal,Population and Household Profile,1,Population below age 5 years (%),8.1,8.5,False,False
Karnataka,Koppal,Population and Household Profile,2,Population below age 15 years (%),27.8,28.8,False,False
Karnataka,Koppal,Population and Household Profile,3,Population age 60 years and above (%),10.6,11.8,False,False
Karnataka,Koppal,Population and Household Profile,4,Population living in households with electricity (%),99.4,99.2,False,False
Karnataka,Koppal,Population and Household Profile,5,Population living in households with an improved drinking-water source1 (%),97.6,96.0,False,False
Karnataka,Koppal,Population and Household Profile,6,Households using iodized salt (%),78.2,47.9,False,False
Karnataka,Koppal,Population and Household Profile,7,Households with any usual member covered under a health insurance/financing scheme (%),64.0,23.4,False,False
Karnataka,Koppal,Population and Household Profile,8,Households with any usual member having a bank account/post office account (%),98.6,94.2,False,False
Karnataka,Koppal,Population and Household Profile,9,Female population age 6 years and above who ever attended school (%),65.4,63.9,False,False
Karnataka,Koppal,Population and Household Profile,10,Households with any usual female members owning a house and/or land (alone or jointly with others) (%),39.6,22.4,False,False
Karnataka,Koppal,Population and Household Profile,11,Children age 2-4 years who attended pre-school (%),53.0,46.7,False,False
Karnataka,Koppal,Characteristics of Adults (age 15-49 years),12,Women with 10 or more years of schooling (%),36.1,34.4,False,False
Karnataka,Koppal,Characteristics of Adults (age 15-49 years),13,Men with 10 or more years of schooling (%),50.3,43.2,False,False
Karnataka,Koppal,Characteristics of Adults (age 15-49 years),14,Women who have ever used the internet (%),27.8,16.8,False,False
Karnataka,Koppal,Characteristics of Adults (age 15-49 years),15,Men who have ever used the internet (%),67.8,40.8,False,False
Karnataka,Koppal,Marriage and Fertility,16,Women age 20-24 years married before age 18 years (%),22.3,27.1,False,False
Karnataka,Koppal,Marriage and Fertility,17,Men age 25-29 years married before age 21 years (%),*,0.0,True,False
Karnataka,Koppal,Marriage and Fertility,18,Three or more births in the 5 years preceding the survey (%),2.6,2.1,False,False
Karnataka,Koppal,Marriage and Fertility,19,Women age 15-19 years who were already mothers or pregnant at the time of the survey (%),6.7,8.5,False,False
Karnataka,Koppal,Marriage and Fertility,20,Any method2 (%),67.4,63.4,False,False
Karnataka,Koppal,Marriage and Fertility,21,Any modern method2 (%),67.0,63.2,False,False
Karnataka,Koppal,Marriage and Fertility,22,Any traditional method (%),0.4,0.2,False,False
Karnataka,Koppal,Marriage and Fertility,23,Female sterilization (%),63.5,58.4,False,False
Karnataka,Koppal,Marriage and Fertility,24,Male sterilization (%),0.1,0.0,False,False
Karnataka,Koppal,Marriage and Fertility,25,Total unmet need3 (%),9.3,9.7,False,False
Karnataka,Koppal,Marriage and Fertility,26,Unmet need for spacing3 (%),8.0,6.0,False,False
Karnataka,Koppal,Marriage and Fertility,27,Unmet need for limiting3 (%),1.3,3.7,False,False
Karnataka,Koppal,Antenatal Care (for last birth in the 5 years before the survey),28,Mothers who had an antenatal check-up in the first trimester (%),57.5,52.4,False,False
Karnataka,Koppal,Antenatal Care (for last birth in the 5 years before the survey),29,Mothers who had any antenatal care visits (%),94.4,91.4,False,False
Karnataka,Koppal,Antenatal Care (for last birth in the 5 years before the survey),30,Mothers who had at least 4 antenatal care visits (%),72.1,50.7,False,False
Karnataka,Koppal,Antenatal Care (for last birth in the 5 years before the survey),31,Mothers whose last birth was protected against neonatal tetanus4 (%),92.6,84.5,False,False
Karnataka,Koppal,Antenatal Care (for last birth in the 5 years before the survey),32,Mothers who consumed iron folic acid for 100 days or more when they were pregnant (%),46.7,15.8,False,False
Karnataka,Koppal,Antenatal Care (for last birth in the 5 years before the survey),33,Mothers who consumed iron folic acid for 180 days or more when they were pregnant (%),28.4,8.0,False,False
Karnataka,Koppal,Antenatal Care (for last birth in the 5 years before the survey),34,Registered pregnancies for which the mother received a Mother and Child Protection (MCP) card (%),98.4,100.0,False,False
Karnataka,Koppal,Delivery Care (for births in the 5 years before the survey),35,Institutional births (%),94.8,90.7,False,False
Karnataka,Koppal,Delivery Care (for births in the 5 years before the survey),36,Institutional births in public facility (%),72.7,68.2,False,False
Karnataka,Koppal,Delivery Care (for births in the 5 years before the survey),37,Births attended by skilled health personnel5 (%),92.4,89.2,False,False
Karnataka,Koppal,Delivery Care (for births in the 5 years before the survey),38,Births delivered by caesarean section (%),36.9,19.1,False,False
Karnataka,Koppal,Delivery Care (for births in the 5 years before the survey),39,Births in a private health facility that were delivered by caesarean section (%),74.4,44.0,False,False
Karnataka,Koppal,Delivery Care (for births in the 5 years before the survey),40,Births in a public health facility that were delivered by caesarean section (%),28.1,13.5,False,False
Karnataka,Koppal,Postnatal Care (for last birth in the 5 years before the survey),41,Mothers who received postnatal care from a doctor/nurse/LHV/ANM/midwife/other health personnel within 2 days of delivery+ (%),91.2,80.7,False,False
Karnataka,Koppal,Postnatal Care (for last birth in the 5 years before the survey),42,Children born at home who were taken to a health facility for a check-up within 24 hours of birth (%),*,*,True,False
Karnataka,Koppal,Postnatal Care (for last birth in the 5 years before the survey),43,Children who received postnatal care from a doctor/nurse/LHV/ANM/midwife/other health personnel within 2 days of delivery+ (%),90.6,79.5,False,False
Karnataka,Koppal,Child Vaccinations and Vitamin A Supplementation,44,Children age 12-23 months fully vaccinated based on information from either vaccination card or mother's recall6 (%),93.5,84.8,False,False
Karnataka,Koppal,Child Vaccinations and Vitamin A Supplementation,45,Children age 12-23 months fully vaccinated based on information from vaccination card only7 (%),94.6,93.4,True,False
Karnataka,Koppal,Child Vaccinations and Vitamin A Supplementation,46,Children age 12-23 months who have received any vaccine (%),100.0,97.3,False,False
Karnataka,Koppal,Child Vaccinations and Vitamin A Supplementation,47,Children age 12-23 months who have received BCG (%),100.0,97.3,False,False
Karnataka,Koppal,Child Vaccinations and Vitamin A Supplementation,48,Children age 12-23 months who have received 3 doses of polio vaccine8 (%),93.5,84.8,False,False
Karnataka,Koppal,Child Vaccinations and Vitamin A Supplementation,49,Children age 12-23 months who have received 3 doses of pentavalent vaccine (%),98.3,94.2,False,False
Karnataka,Koppal,Child Vaccinations and Vitamin A Supplementation,50,Children age 12-23 months who have received the first dose of measles-containing vaccine (MCV) (%),98.3,90.3,False,False
Karnataka,Koppal,Child Vaccinations and Vitamin A Supplementation,51,Children age 24-35 months who have received a second dose of measles-containing vaccine (MCV) (%),72.0,47.5,False,False
Karnataka,Koppal,Child Vaccinations and Vitamin A Supplementation,52,Children age 12-23 months who have received birth dose of hepatitis B vaccine (%),94.2,81.7,False,False
Karnataka,Koppal,Child Vaccinations and Vitamin A Supplementation,53,Children age 12-23 months who have received 3 doses of rotavirus vaccine (%),80.7,0.0,False,False
Karnataka,Koppal,Child Vaccinations and Vitamin A Supplementation,54,Children age 9-35 months who received a vitamin A dose in the last 6 months (%),89.0,70.9,False,False
Karnataka,Koppal,Child Vaccinations and Vitamin A Supplementation,55,Children age 12-23 months who received most of their vaccinations in a public health facility (%),97.0,98.6,False,False
Karnataka,Koppal,Child Vaccinations and Vitamin A Supplementation,56,Children age 12-23 months who received most of their vaccinations in a private health facility (%),3.0,1.4,False,False
Karnataka,Koppal,Treatment of Childhood Diseases (children under age 5 years),57,Prevalence of diarrhoea in the 2 weeks preceding the survey (%),5.6,7.0,False,False
Karnataka,Koppal,Treatment of Childhood Diseases (children under age 5 years),58,Prevalence of symptoms of acute respiratory infection (ARI) in the 2 weeks preceding the survey (%),0.5,0.0,False,False
Karnataka,Koppal,Treatment of Childhood Diseases (children under age 5 years),59,Children with fever or symptoms of ARI in the 2 weeks preceding the survey taken to a health facility or health provider (%),75.3,58.4,True,False
Karnataka,Koppal,Child Feeding Practices and Nutritional Status of Children,60,Children under age 3 years breastfed within one hour of birth9 (%),55.8,49.2,False,False
Karnataka,Koppal,Child Feeding Practices and Nutritional Status of Children,61,Children under age 6 months exclusively breastfed10 (%),82.6,77.3,True,False
Karnataka,Koppal,Child Feeding Practices and Nutritional Status of Children,62,Children under age 6 months currently breastfeeding10 (%),100.0,88.7,True,False
Karnataka,Koppal,Child Feeding Practices and Nutritional Status of Children,63,Children under age 6 months exclusively breastfed or breastfeeding and consuming plain water/other milk only10 (%),97.2,85.1,True,False
Karnataka,Koppal,Child Feeding Practices and Nutritional Status of Children,64,Children age 6-8 months receiving solid or semi-solid food and breastmilk10 (%),*,*,True,False
Karnataka,Koppal,Child Feeding Practices and Nutritional Status of Children,65,"Breastfeeding children age 6-23 months receiving an adequate diet10, 11 (%)",17.1,8.4,False,False
Karnataka,Koppal,Child Feeding Practices and Nutritional Status of Children,66,"Non-breastfeeding children age 6-23 months receiving an adequate diet10, 11 (%)",*,22.2,True,False
Karnataka,Koppal,Child Feeding Practices and Nutritional Status of Children,67,"Total children age 6-23 months receiving an adequate diet10, 11 (%)",16.4,12.2,False,False
Karnataka,Koppal,Child Feeding Practices and Nutritional Status of Children,68,Children under 5 years who are stunted (height-for-age)12 (%),36.1,49.1,False,False
Karnataka,Koppal,Child Feeding Practices and Nutritional Status of Children,69,Children under 5 years who are wasted (weight-for-height)12 (%),26.7,23.1,False,False
Karnataka,Koppal,Child Feeding Practices and Nutritional Status of Children,70,Children under 5 years who are severely wasted (weight-for-height)13 (%),8.4,3.8,False,False
Karnataka,Koppal,Child Feeding Practices and Nutritional Status of Children,71,Children under 5 years who are underweight (weight-for-age)12 (%),44.1,45.8,False,False
Karnataka,Koppal,Child Feeding Practices and Nutritional Status of Children,72,Children under 5 years who are overweight (weight-for-height)14 (%),1.0,0.8,False,False
Karnataka,Koppal,Nutritional Status of Adults (age 15-49 years),73,Women whose Body Mass Index (BMI) is below normal (BMI <18.5 kg/m2)15 (%),24.6,24.9,False,False
Karnataka,Koppal,Nutritional Status of Adults (age 15-49 years),74,Women who are overweight or obese (BMI ≥25.0 kg/m2)15 (%),27.1,21.9,False,False
Karnataka,Koppal,Women,75,Blood sugar level - high (141-160 mg/dl)16 (%),6.9,4.9,False,False
Karnataka,Koppal,Women,76,Blood sugar level - very high (>160 mg/dl)16 (%),7.2,4.2,False,False
Karnataka,Koppal,Women,77,Blood sugar level - high or very high (>140 mg/dl) or taking medicine to control blood sugar level16 (%),14.7,9.6,False,False
Karnataka,Koppal,Men,78,Blood sugar level - high (141-160 mg/dl)16 (%),8.5,6.6,False,False
Karnataka,Koppal,Men,79,Blood sugar level - very high (>160 mg/dl)16 (%),9.1,6.8,False,False
Karnataka,Koppal,Men,80,Blood sugar level - high or very high (>140 mg/dl) or taking medicine to control blood sugar level16 (%),18.6,14.5,False,False
Karnataka,Koppal,Women,81,Mildly elevated blood pressure (Systolic 140-159 mm of Hg and/or Diastolic 90-99 mm of Hg) (%),9.8,11.3,False,False
Karnataka,Koppal,Women,82,Moderately or severely elevated blood pressure (Systolic ≥160 mm of Hg and/or Diastolic ≥100 mm of Hg) (%),4.4,5.6,False,False
Karnataka,Koppal,Women,83,Elevated blood pressure (Systolic ≥140 mm of Hg and/or Diastolic ≥90 mm of Hg) or taking medicine to control blood pressure (%),18.6,19.5,False,False
Karnataka,Koppal,Men,84,Mildly elevated blood pressure (Systolic 140-159 mm of Hg and/or Diastolic 90-99 mm of Hg) (%),12.4,14.2,False,False
Karnataka,Koppal,Men,85,Moderately or severely elevated blood pressure (Systolic ≥160 mm of Hg and/or Diastolic ≥100 mm of Hg) (%),5.3,5.1,False,False
Karnataka,Koppal,Men,86,Elevated blood pressure (Systolic ≥140 mm of Hg and/or Diastolic ≥90 mm of Hg) or taking medicine to control blood pressure (%),20.0,22.2,False,False
Karnataka,Koppal,Men,87,Women having a bank or savings account that they themselves use (%),94.7,91.3,False,False
Karnataka,Koppal,Men,88,Women having a mobile phone that they themselves use (%),47.1,41.5,False,False
Karnataka,Koppal,Men,89,Women age 15-24 years who use hygienic methods of protection during their menstrual period17 (%),59.2,67.8,False,False
Karnataka,Koppal,Tobacco Use and Alcohol Consumption among Adults (age 15 years and above),90,Women age 15 years and above who use any kind of tobacco (%),9.8,19.9,False,False
Karnataka,Koppal,Tobacco Use and Alcohol Consumption among Adults (age 15 years and above),91,Men age 15 years and above who use any kind of tobacco (%),33.5,34.1,False,False
Karnataka,Koppal,Tobacco Use and Alcohol Consumption among Adults (age 15 years and above),92,Women age 15 years and above who consume alcohol (%),0.7,1.2,False,False
Karnataka,Koppal,Tobacco Use and Alcohol Consumption among Adults (age 15 years and above),93,Men age 15 years and above who consume alcohol (%),16.8,13.0,False,False
Karnataka,Mandya,Population and Household Profile,1,Population below age 5 years (%),4.8,5.5,False,False
Karnataka,Mandya,Population and Household Profile,2,Population below age 15 years (%),17.3,18.1,False,False
Karnataka,Mandya,Population and Household Profile,3,Population age 60 years and above (%),19.8,16.5,False,False
Karnataka,Mandya,Population and Household Profile,4,Population living in households with electricity (%),99.6,98.4,False,False
Karnataka,Mandya,Population and Household Profile,5,Population living in households with an improved drinking-water source1 (%),99.6,98.4,False,False
Karnataka,Mandya,Population and Household Profile,6,Households using iodized salt (%),93.3,97.7,False,False
Karnataka,Mandya,Population and Household Profile,7,Households with any usual member covered under a health insurance/financing scheme (%),53.7,45.4,False,False
Karnataka,Mandya,Population and Household Profile,8,Households with any usual member having a bank account/post office account (%),96.2,96.4,False,False
Karnataka,Mandya,Population and Household Profile,9,Female population age 6 years and above who ever attended school (%),69.6,67.7,False,False
Karnataka,Mandya,Population and Household Profile,10,Households with any usual female members owning a house and/or land (alone or jointly with others) (%),21.7,20.1,False,False
Karnataka,Mandya,Population and Household Profile,11,Children age 2-4 years who attended pre-school (%),53.9,58.9,False,False
Karnataka,Mandya,Characteristics of Adults (age 15-49 years),12,Women with 10 or more years of schooling (%),60.1,52.5,False,False
Karnataka,Mandya,Characteristics of Adults (age 15-49 years),13,Men with 10 or more years of schooling (%),65.7,55.8,False,False
Karnataka,Mandya,Characteristics of Adults (age 15-49 years),14,Women who have ever used the internet (%),43.4,34.9,False,False
Karnataka,Mandya,Characteristics of Adults (age 15-49 years),15,Men who have ever used the internet (%),82.9,52.0,False,False
Karnataka,Mandya,Marriage and Fertility,16,Women age 20-24 years married before age 18 years (%),8.8,13.1,False,False
Karnataka,Mandya,Marriage and Fertility,17,Men age 25-29 years married before age 21 years (%),*,*,True,False
Karnataka,Mandya,Marriage and Fertility,18,Three or more births in the 5 years preceding the survey (%),2.0,0.0,False,False
Karnataka,Mandya,Marriage and Fertility,19,Women age 15-19 years who were already mothers or pregnant at the time of the survey (%),5.9,5.9,False,False
Karnataka,Mandya,Marriage and Fertility,20,Any method2 (%),58.7,80.0,False,False
Karnataka,Mandya,Marriage and Fertility,21,Any modern method2 (%),58.5,78.5,False,False
Karnataka,Mandya,Marriage and Fertility,22,Any traditional method (%),0.2,1.5,False,False
Karnataka,Mandya,Marriage and Fertility,23,Female sterilization (%),54.7,70.2,False,False
Karnataka,Mandya,Marriage and Fertility,24,Male sterilization (%),0.6,0.0,False,False
Karnataka,Mandya,Marriage and Fertility,25,Total unmet need3 (%),9.7,3.8,False,False
Karnataka,Mandya,Marriage and Fertility,26,Unmet need for spacing3 (%),5.6,2.0,False,False
Karnataka,Mandya,Marriage and Fertility,27,Unmet need for limiting3 (%),4.1,1.8,False,False
Karnataka,Mandya,Antenatal Care (for last birth in the 5 years before the survey),28,Mothers who had an antenatal check-up in the first trimester (%),43.1,85.6,False,False
Karnataka,Mandya,Antenatal Care (for last birth in the 5 years before the survey),29,Mothers who had any antenatal care visits (%),81.7,100.0,False,False
Karnataka,Mandya,Antenatal Care (for last birth in the 5 years before the survey),30,Mothers who had at least 4 antenatal care visits (%),63.9,90.1,False,False
Karnataka,Mandya,Antenatal Care (for last birth in the 5 years before the survey),31,Mothers whose last birth was protected against neonatal tetanus4 (%),87.2,99.3,False,False
Karnataka,Mandya,Antenatal Care (for last birth in the 5 years before the survey),32,Mothers who consumed iron folic acid for 100 days or more when they were pregnant (%),69.8,54.8,False,False
Karnataka,Mandya,Antenatal Care (for last birth in the 5 years before the survey),33,Mothers who consumed iron folic acid for 180 days or more when they were pregnant (%),69.0,21.3,False,False
Karnataka,Mandya,Antenatal Care (for last birth in the 5 years before the survey),34,Registered pregnancies for which the mother received a Mother and Child Protection (MCP) card (%),98.2,100.0,False,False
Karnataka,Mandya,Delivery Care (for births in the 5 years before the survey),35,Institutional births (%),98.6,99.5,False,False
Karnataka,Mandya,Delivery Care (for births in the 5 years before the survey),36,Institutional births in public facility (%),68.0,60.2,False,False
Karnataka,Mandya,Delivery Care (for births in the 5 years before the survey),37,Births attended by skilled health personnel5 (%),85.6,97.3,False,False
Karnataka,Mandya,Delivery Care (for births in the 5 years before the survey),38,Births delivered by caesarean section (%),50.5,39.5,False,False
Karnataka,Mandya,Delivery Care (for births in the 5 years before the survey),39,Births in a private health facility that were delivered by caesarean section (%),67.1,58.0,True,False
Karnataka,Mandya,Delivery Care (for births in the 5 years before the survey),40,Births in a public health facility that were delivered by caesarean section (%),44.1,27.7,False,False
Karnataka,Mandya,Postnatal Care (for last birth in the 5 years before the survey),41,Mothers who received postnatal care from a doctor/nurse/LHV/ANM/midwife/other health personnel within 2 days of delivery+ (%),69.2,95.5,False,False
Karnataka,Mandya,Postnatal Care (for last birth in the 5 years before the survey),42,Children born at home who were taken to a health facility for a check-up within 24 hours of birth (%),*,*,True,False
Karnataka,Mandya,Postnatal Care (for last birth in the 5 years before the survey),43,Children who received postnatal care from a doctor/nurse/LHV/ANM/midwife/other health personnel within 2 days of delivery+ (%),72.9,95.1,False,False
Karnataka,Mandya,Child Vaccinations and Vitamin A Supplementation,44,Children age 12-23 months fully vaccinated based on information from either vaccination card or mother's recall6 (%),*,93.9,True,False
Karnataka,Mandya,Child Vaccinations and Vitamin A Supplementation,45,Children age 12-23 months fully vaccinated based on information from vaccination card only7 (%),*,96.9,True,False
Karnataka,Mandya,Child Vaccinations and Vitamin A Supplementation,46,Children age 12-23 months who have received any vaccine (%),*,100.0,True,False
Karnataka,Mandya,Child Vaccinations and Vitamin A Supplementation,47,Children age 12-23 months who have received BCG (%),*,100.0,True,False
Karnataka,Mandya,Child Vaccinations and Vitamin A Supplementation,48,Children age 12-23 months who have received 3 doses of polio vaccine8 (%),*,96.9,True,False
Karnataka,Mandya,Child Vaccinations and Vitamin A Supplementation,49,Children age 12-23 months who have received 3 doses of pentavalent vaccine (%),*,93.9,True,False
Karnataka,Mandya,Child Vaccinations and Vitamin A Supplementation,50,Children age 12-23 months who have received the first dose of measles-containing vaccine (MCV) (%),*,100.0,True,False
Karnataka,Mandya,Child Vaccinations and Vitamin A Supplementation,51,Children age 24-35 months who have received a second dose of measles-containing vaccine (MCV) (%),*,87.5,True,False
Karnataka,Mandya,Child Vaccinations and Vitamin A Supplementation,52,Children age 12-23 months who have received birth dose of hepatitis B vaccine (%),*,94.1,True,False
Karnataka,Mandya,Child Vaccinations and Vitamin A Supplementation,53,Children age 12-23 months who have received 3 doses of rotavirus vaccine (%),*,0.0,True,False
Karnataka,Mandya,Child Vaccinations and Vitamin A Supplementation,54,Children age 9-35 months who received a vitamin A dose in the last 6 months (%),90.6,94.9,False,False
Karnataka,Mandya,Child Vaccinations and Vitamin A Supplementation,55,Children age 12-23 months who received most of their vaccinations in a public health facility (%),*,100.0,True,False
Karnataka,Mandya,Child Vaccinations and Vitamin A Supplementation,56,Children age 12-23 months who received most of their vaccinations in a private health facility (%),*,0.0,True,False
Karnataka,Mandya,Treatment of Childhood Diseases (children under age 5 years),57,Prevalence of diarrhoea in the 2 weeks preceding the survey (%),12.3,3.1,False,False
Karnataka,Mandya,Treatment of Childhood Diseases (children under age 5 years),58,Prevalence of symptoms of acute respiratory infection (ARI) in the 2 weeks preceding the survey (%),6.0,2.3,False,False
Karnataka,Mandya,Treatment of Childhood Diseases (children under age 5 years),59,Children with fever or symptoms of ARI in the 2 weeks preceding the survey taken to a health facility or health provider (%),71.0,*,True,False
Karnataka,Mandya,Child Feeding Practices and Nutritional Status of Children,60,Children under age 3 years breastfed within one hour of birth9 (%),28.3,63.7,False,False
Karnataka,Mandya,Child Feeding Practices and Nutritional Status of Children,61,Children under age 6 months exclusively breastfed10 (%),*,*,True,False
Karnataka,Mandya,Child Feeding Practices and Nutritional Status of Children,62,Children under age 6 months currently breastfeeding10 (%),*,*,True,False
Karnataka,Mandya,Child Feeding Practices and Nutritional Status of Children,63,Children under age 6 months exclusively breastfed or breastfeeding and consuming plain water/other milk only10 (%),*,*,True,False
Karnataka,Mandya,Child Feeding Practices and Nutritional Status of Children,64,Children age 6-8 months receiving solid or semi-solid food and breastmilk10 (%),*,*,True,False
Karnataka,Mandya,Child Feeding Practices and Nutritional Status of Children,65,"Breastfeeding children age 6-23 months receiving an adequate diet10, 11 (%)",*,3.1,True,False
Karnataka,Mandya,Child Feeding Practices and Nutritional Status of Children,66,"Non-breastfeeding children age 6-23 months receiving an adequate diet10, 11 (%)",*,*,True,False
Karnataka,Mandya,Child Feeding Practices and Nutritional Status of Children,67,"Total children age 6-23 months receiving an adequate diet10, 11 (%)",20.3,12.4,True,False
Karnataka,Mandya,Child Feeding Practices and Nutritional Status of Children,68,Children under 5 years who are stunted (height-for-age)12 (%),19.0,24.3,False,False
Karnataka,Mandya,Child Feeding Practices and Nutritional Status of Children,69,Children under 5 years who are wasted (weight-for-height)12 (%),17.6,11.8,False,False
Karnataka,Mandya,Child Feeding Practices and Nutritional Status of Children,70,Children under 5 years who are severely wasted (weight-for-height)13 (%),7.2,5.3,False,False
Karnataka,Mandya,Child Feeding Practices and Nutritional Status of Children,71,Children under 5 years who are underweight (weight-for-age)12 (%),24.5,16.7,False,False
Karnataka,Mandya,Child Feeding Practices and Nutritional Status of Children,72,Children under 5 years who are overweight (weight-for-height)14 (%),1.5,1.3,False,False
Karnataka,Mandya,Nutritional Status of Adults (age 15-49 years),73,Women whose Body Mass Index (BMI) is below normal (BMI <18.5 kg/m2)15 (%),13.8,13.7,False,False
Karnataka,Mandya,Nutritional Status of Adults (age 15-49 years),74,Women who are overweight or obese (BMI ≥25.0 kg/m2)15 (%),45.1,38.7,False,False
Karnataka,Mandya,Women,75,Blood sugar level - high (141-160 mg/dl)16 (%),10.5,5.2,False,False
Karnataka,Mandya,Women,76,Blood sugar level - very high (>160 mg/dl)16 (%),13.5,9.3,False,False
Karnataka,Mandya,Women,77,Blood sugar level - high or very high (>140 mg/dl) or taking medicine to control blood sugar level16 (%),25.8,16.1,False,False
Karnataka,Mandya,Men,78,Blood sugar level - high (141-160 mg/dl)16 (%),10.8,7.2,False,False
Karnataka,Mandya,Men,79,Blood sugar level - very high (>160 mg/dl)16 (%),18.1,10.0,False,False
Karnataka,Mandya,Men,80,Blood sugar level - high or very high (>140 mg/dl) or taking medicine to control blood sugar level16 (%),30.3,18.2,False,False
Karnataka,Mandya,Women,81,Mildly elevated blood pressure (Systolic 140-159 mm of Hg and/or Diastolic 90-99 mm of Hg) (%),14.9,16.9,False,False
Karnataka,Mandya,Women,82,Moderately or severely elevated blood pressure (Systolic ≥160 mm of Hg and/or Diastolic ≥100 mm of Hg) (%),9.1,7.6,False,False
Karnataka,Mandya,Women,83,Elevated blood pressure (Systolic ≥140 mm of Hg and/or Diastolic ≥90 mm of Hg) or taking medicine to control blood pressure (%),29.8,30.1,False,False
Karnataka,Mandya,Men,84,Mildly elevated blood pressure (Systolic 140-159 mm of Hg and/or Diastolic 90-99 mm of Hg) (%),16.4,20.6,False,False
Karnataka,Mandya,Men,85,Moderately or severely elevated blood pressure (Systolic ≥160 mm of Hg and/or Diastolic ≥100 mm of Hg) (%),8.6,6.2,False,False
Karnataka,Mandya,Men,86,Elevated blood pressure (Systolic ≥140 mm of Hg and/or Diastolic ≥90 mm of Hg) or taking medicine to control blood pressure (%),29.1,29.8,False,False
Karnataka,Mandya,Men,87,Women having a bank or savings account that they themselves use (%),90.3,95.1,False,False
Karnataka,Mandya,Men,88,Women having a mobile phone that they themselves use (%),77.7,73.3,False,False
Karnataka,Mandya,Men,89,Women age 15-24 years who use hygienic methods of protection during their menstrual period17 (%),88.3,87.3,False,False
Karnataka,Mandya,Tobacco Use and Alcohol Consumption among Adults (age 15 years and above),90,Women age 15 years and above who use any kind of tobacco (%),3.4,5.3,False,False
Karnataka,Mandya,Tobacco Use and Alcohol Consumption among Adults (age 15 years and above),91,Men age 15 years and above who use any kind of tobacco (%),20.5,20.1,False,False
Karnataka,Mandya,Tobacco Use and Alcohol Consumption among Adults (age 15 years and above),92,Women age 15 years and above who consume alcohol (%),0.3,0.7,False,False
Karnataka,Mandya,Tobacco Use and Alcohol Consumption among Adults (age 15 years and above),93,Men age 15 years and above who consume alcohol (%),18.9,19.1,False,False
Karnataka,Mysuru,Population and Household Profile,1,Population below age 5 years (%),5.5,6.5,False,False
Karnataka,Mysuru,Population and Household Profile,2,Population below age 15 years (%),18.8,20.7,False,False
Karnataka,Mysuru,Population and Household Profile,3,Population age 60 years and above (%),14.8,13.8,False,False
Karnataka,Mysuru,Population and Household Profile,4,Population living in households with electricity (%),99.6,99.5,False,False
Karnataka,Mysuru,Population and Household Profile,5,Population living in households with an improved drinking-water source1 (%),99.4,95.4,False,False
Karnataka,Mysuru,Population and Household Profile,6,Households using iodized salt (%),97.0,98.0,False,False
Karnataka,Mysuru,Population and Household Profile,7,Households with any usual member covered under a health insurance/financing scheme (%),66.7,30.7,False,False
Karnataka,Mysuru,Population and Household Profile,8,Households with any usual member having a bank account/post office account (%),97.5,94.3,False,False
Karnataka,Mysuru,Population and Household Profile,9,Female population age 6 years and above who ever attended school (%),78.4,72.4,False,False
Karnataka,Mysuru,Population and Household Profile,10,Households with any usual female members owning a house and/or land (alone or jointly with others) (%),25.7,18.2,False,False
Karnataka,Mysuru,Population and Household Profile,11,Children age 2-4 years who attended pre-school (%),44.5,42.8,False,False
Karnataka,Mysuru,Characteristics of Adults (age 15-49 years),12,Women with 10 or more years of schooling (%),58.3,49.6,False,False
Karnataka,Mysuru,Characteristics of Adults (age 15-49 years),13,Men with 10 or more years of schooling (%),73.9,59.1,False,False
Karnataka,Mysuru,Characteristics of Adults (age 15-49 years),14,Women who have ever used the internet (%),53.3,39.8,False,False
Karnataka,Mysuru,Characteristics of Adults (age 15-49 years),15,Men who have ever used the internet (%),87.3,60.1,False,False
Karnataka,Mysuru,Marriage and Fertility,16,Women age 20-24 years married before age 18 years (%),14.6,17.5,False,False
Karnataka,Mysuru,Marriage and Fertility,17,Men age 25-29 years married before age 21 years (%),*,*,True,False
Karnataka,Mysuru,Marriage and Fertility,18,Three or more births in the 5 years preceding the survey (%),0.0,0.1,False,False
Karnataka,Mysuru,Marriage and Fertility,19,Women age 15-19 years who were already mothers or pregnant at the time of the survey (%),5.8,7.0,False,False
Karnataka,Mysuru,Marriage and Fertility,20,Any method2 (%),70.7,79.5,False,False
Karnataka,Mysuru,Marriage and Fertility,21,Any modern method2 (%),68.2,77.3,False,False
Karnataka,Mysuru,Marriage and Fertility,22,Any traditional method (%),2.5,2.2,False,False
Karnataka,Mysuru,Marriage and Fertility,23,Female sterilization (%),61.9,68.2,False,False
Karnataka,Mysuru,Marriage and Fertility,24,Male sterilization (%),0.0,0.0,False,False
Karnataka,Mysuru,Marriage and Fertility,25,Total unmet need3 (%),9.6,5.6,False,False
Karnataka,Mysuru,Marriage and Fertility,26,Unmet need for spacing3 (%),6.0,4.4,False,False
Karnataka,Mysuru,Marriage and Fertility,27,Unmet need for limiting3 (%),3.6,1.2,False,False
Karnataka,Mysuru,Antenatal Care (for last birth in the 5 years before the survey),28,Mothers who had an antenatal check-up in the first trimester (%),74.9,82.0,False,False
Karnataka,Mysuru,Antenatal Care (for last birth in the 5 years before the survey),29,Mothers who had any antenatal care visits (%),84.5,98.6,False,False
Karnataka,Mysuru,Antenatal Care (for last birth in the 5 years before the survey),30,Mothers who had at least 4 antenatal care visits (%),67.7,85.7,False,False
Karnataka,Mysuru,Antenatal Care (for last birth in the 5 years before the survey),31,Mothers whose last birth was protected against neonatal tetanus4 (%),98.3,94.6,False,False
Karnataka,Mysuru,Antenatal Care (for last birth in the 5 years before the survey),32,Mothers who consumed iron folic acid for 100 days or more when they were pregnant (%),71.5,65.2,False,False
Karnataka,Mysuru,Antenatal Care (for last birth in the 5 years before the survey),33,Mothers who consumed iron folic acid for 180 days or more when they were pregnant (%),62.0,31.1,False,False
Karnataka,Mysuru,Antenatal Care (for last birth in the 5 years before the survey),34,Registered pregnancies for which the mother received a Mother and Child Protection (MCP) card (%),97.9,98.4,False,False
Karnataka,Mysuru,Delivery Care (for births in the 5 years before the survey),35,Institutional births (%),98.5,100.0,False,False
Karnataka,Mysuru,Delivery Care (for births in the 5 years before the survey),36,Institutional births in public facility (%),59.2,56.2,False,False
Karnataka,Mysuru,Delivery Care (for births in the 5 years before the survey),37,Births attended by skilled health personnel5 (%),91.1,97.8,False,False
Karnataka,Mysuru,Delivery Care (for births in the 5 years before the survey),38,Births delivered by caesarean section (%),47.4,43.7,False,False
Karnataka,Mysuru,Delivery Care (for births in the 5 years before the survey),39,Births in a private health facility that were delivered by caesarean section (%),62.5,67.9,False,False
Karnataka,Mysuru,Delivery Care (for births in the 5 years before the survey),40,Births in a public health facility that were delivered by caesarean section (%),38.6,24.7,False,False
Karnataka,Mysuru,Postnatal Care (for last birth in the 5 years before the survey),41,Mothers who received postnatal care from a doctor/nurse/LHV/ANM/midwife/other health personnel within 2 days of delivery+ (%),89.5,93.5,False,False
Karnataka,Mysuru,Postnatal Care (for last birth in the 5 years before the survey),42,Children born at home who were taken to a health facility for a check-up within 24 hours of birth (%),*,*,True,False
Karnataka,Mysuru,Postnatal Care (for last birth in the 5 years before the survey),43,Children who received postnatal care from a doctor/nurse/LHV/ANM/midwife/other health personnel within 2 days of delivery+ (%),92.0,88.6,False,False
Karnataka,Mysuru,Child Vaccinations and Vitamin A Supplementation,44,Children age 12-23 months fully vaccinated based on information from either vaccination card or mother's recall6 (%),96.6,97.2,True,False
Karnataka,Mysuru,Child Vaccinations and Vitamin A Supplementation,45,Children age 12-23 months fully vaccinated based on information from vaccination card only7 (%),90.5,92.6,True,False
Karnataka,Mysuru,Child Vaccinations and Vitamin A Supplementation,46,Children age 12-23 months who have received any vaccine (%),100.0,100.0,True,False
Karnataka,Mysuru,Child Vaccinations and Vitamin A Supplementation,47,Children age 12-23 months who have received BCG (%),100.0,100.0,True,False
Karnataka,Mysuru,Child Vaccinations and Vitamin A Supplementation,48,Children age 12-23 months who have received 3 doses of polio vaccine8 (%),96.6,100.0,True,False
Karnataka,Mysuru,Child Vaccinations and Vitamin A Supplementation,49,Children age 12-23 months who have received 3 doses of pentavalent vaccine (%),98.3,97.2,True,False
Karnataka,Mysuru,Child Vaccinations and Vitamin A Supplementation,50,Children age 12-23 months who have received the first dose of measles-containing vaccine (MCV) (%),100.0,100.0,True,False
Karnataka,Mysuru,Child Vaccinations and Vitamin A Supplementation,51,Children age 24-35 months who have received a second dose of measles-containing vaccine (MCV) (%),72.0,65.1,True,False
Karnataka,Mysuru,Child Vaccinations and Vitamin A Supplementation,52,Children age 12-23 months who have received birth dose of hepatitis B vaccine (%),100.0,93.5,True,False
Karnataka,Mysuru,Child Vaccinations and Vitamin A Supplementation,53,Children age 12-23 months who have received 3 doses of rotavirus vaccine (%),92.3,2.2,True,False
Karnataka,Mysuru,Child Vaccinations and Vitamin A Supplementation,54,Children age 9-35 months who received a vitamin A dose in the last 6 months (%),89.4,98.1,False,False
Karnataka,Mysuru,Child Vaccinations and Vitamin A Supplementation,55,Children age 12-23 months who received most of their vaccinations in a public health facility (%),97.8,93.9,True,False
Karnataka,Mysuru,Child Vaccinations and Vitamin A Supplementation,56,Children age 12-23 months who received most of their vaccinations in a private health facility (%),2.2,6.1,True,False
Karnataka,Mysuru,Treatment of Childhood Diseases (children under age 5 years),57,Prevalence of diarrhoea in the 2 weeks preceding the survey (%),5.5,3.0,False,False
Karnataka,Mysuru,Treatment of Childhood Diseases (children under age 5 years),58,Prevalence of symptoms of acute respiratory infection (ARI) in the 2 weeks preceding the survey (%),0.0,1.6,False,False
Karnataka,Mysuru,Treatment of Childhood Diseases (children under age 5 years),59,Children with fever or symptoms of ARI in the 2 weeks preceding the survey taken to a health facility or health provider (%),*,*,True,False
Karnataka,Mysuru,Child Feeding Practices and Nutritional Status of Children,60,Children under age 3 years breastfed within one hour of birth9 (%),56.3,49.9,False,False
Karnataka,Mysuru,Child Feeding Practices and Nutritional Status of Children,61,Children under age 6 months exclusively breastfed10 (%),*,*,True,False
Karnataka,Mysuru,Child Feeding Practices and Nutritional Status of Children,62,Children under age 6 months currently breastfeeding10 (%),*,*,True,False
Karnataka,Mysuru,Child Feeding Practices and Nutritional Status of Children,63,Children under age 6 months exclusively breastfed or breastfeeding and consuming plain water/other milk only10 (%),*,*,True,False
Karnataka,Mysuru,Child Feeding Practices and Nutritional Status of Children,64,Children age 6-8 months receiving solid or semi-solid food and breastmilk10 (%),*,*,True,False
Karnataka,Mysuru,Child Feeding Practices and Nutritional Status of Children,65,"Breastfeeding children age 6-23 months receiving an adequate diet10, 11 (%)",14.4,11.7,True,False
Karnataka,Mysuru,Child Feeding Practices and Nutritional Status of Children,66,"Non-breastfeeding children age 6-23 months receiving an adequate diet10, 11 (%)",*,*,True,False
Karnataka,Mysuru,Child Feeding Practices and Nutritional Status of Children,67,"Total children age 6-23 months receiving an adequate diet10, 11 (%)",28.4,13.4,False,False
Karnataka,Mysuru,Child Feeding Practices and Nutritional Status of Children,68,Children under 5 years who are stunted (height-for-age)12 (%),14.8,27.5,False,False
Karnataka,Mysuru,Child Feeding Practices and Nutritional Status of Children,69,Children under 5 years who are wasted (weight-for-height)12 (%),21.3,15.6,False,False
Karnataka,Mysuru,Child Feeding Practices and Nutritional Status of Children,70,Children under 5 years who are severely wasted (weight-for-height)13 (%),5.9,7.2,False,False
Karnataka,Mysuru,Child Feeding Practices and Nutritional Status of Children,71,Children under 5 years who are underweight (weight-for-age)12 (%),21.4,28.2,False,False
Karnataka,Mysuru,Child Feeding Practices and Nutritional Status of Children,72,Children under 5 years who are overweight (weight-for-height)14 (%),0.6,1.3,False,False
Karnataka,Mysuru,Nutritional Status of Adults (age 15-49 years),73,Women whose Body Mass Index (BMI) is below normal (BMI <18.5 kg/m2)15 (%),12.8,14.7,False,False
Karnataka,Mysuru,Nutritional Status of Adults (age 15-49 years),74,Women who are overweight or obese (BMI ≥25.0 kg/m2)15 (%),46.1,36.4,False,False
Karnataka,Mysuru,Women,75,Blood sugar level - high (141-160 mg/dl)16 (%),8.1,5.2,False,False
Karnataka,Mysuru,Women,76,Blood sugar level - very high (>160 mg/dl)16 (%),13.5,7.1,False,False
Karnataka,Mysuru,Women,77,Blood sugar level - high or very high (>140 mg/dl) or taking medicine to control blood sugar level16 (%),23.9,13.8,False,False
Karnataka,Mysuru,Men,78,Blood sugar level - high (141-160 mg/dl)16 (%),11.0,4.2,False,False
Karnataka,Mysuru,Men,79,Blood sugar level - very high (>160 mg/dl)16 (%),17.9,8.2,False,False
Karnataka,Mysuru,Men,80,Blood sugar level - high or very high (>140 mg/dl) or taking medicine to control blood sugar level16 (%),30.7,14.0,False,False
Karnataka,Mysuru,Women,81,Mildly elevated blood pressure (Systolic 140-159 mm of Hg and/or Diastolic 90-99 mm of Hg) (%),14.5,13.8,False,False
Karnataka,Mysuru,Women,82,Moderately or severely elevated blood pressure (Systolic ≥160 mm of Hg and/or Diastolic ≥100 mm of Hg) (%),5.9,7.3,False,False
Karnataka,Mysuru,Women,83,Elevated blood pressure (Systolic ≥140 mm of Hg and/or Diastolic ≥90 mm of Hg) or taking medicine to control blood pressure (%),28.9,25.5,False,False
Karnataka,Mysuru,Men,84,Mildly elevated blood pressure (Systolic 140-159 mm of Hg and/or Diastolic 90-99 mm of Hg) (%),17.3,18.1,False,False
Karnataka,Mysuru,Men,85,Moderately or severely elevated blood pressure (Systolic ≥160 mm of Hg and/or Diastolic ≥100 mm of Hg) (%),8.5,6.8,False,False
Karnataka,Mysuru,Men,86,Elevated blood pressure (Systolic ≥140 mm of Hg and/or Diastolic ≥90 mm of Hg) or taking medicine to control blood pressure (%),30.5,27.4,False,False
Karnataka,Mysuru,Men,87,Women having a bank or savings account that they themselves use (%),95.9,95.6,False,False
Karnataka,Mysuru,Men,88,Women having a mobile phone that they themselves use (%),76.8,47.3,False,False
Karnataka,Mysuru,Men,89,Women age 15-24 years who use hygienic methods of protection during their menstrual period17 (%),92.4,90.6,False,False
Karnataka,Mysuru,Tobacco Use and Alcohol Consumption among Adults (age 15 years and above),90,Women age 15 years and above who use any kind of tobacco (%),1.6,6.7,False,False
Karnataka,Mysuru,Tobacco Use and Alcohol Consumption among Adults (age 15 years and above),91,Men age 15 years and above who use any kind of tobacco (%),21.2,22.7,False,False
Karnataka,Mysuru,Tobacco Use and Alcohol Consumption among Adults (age 15 years and above),92,Women age 15 years and above who consume alcohol (%),0.3,1.6,False,False
Karnataka,Mysuru,Tobacco Use and Alcohol Consumption among Adults (age 15 years and above),93,Men age 15 years and above who consume alcohol (%),16.2,22.2,False,False
Karnataka,Raichur,Population and Household Profile,1,Population below age 5 years (%),9.0,9.6,False,False
Karnataka,Raichur,Population and Household Profile,2,Population below age 15 years (%),27.8,29.3,False,False
Karnataka,Raichur,Population and Household Profile,3,Population age 60 years and above (%),12.1,11.0,False,False
Karnataka,Raichur,Population and Household Profile,4,Population living in households with electricity (%),99.9,99.7,False,False
Karnataka,Raichur,Population and Household Profile,5,Population living in households with an improved drinking-water source1 (%),94.5,94.0,False,False
Karnataka,Raichur,Population and Household Profile,6,Households using iodized salt (%),90.4,73.3,False,False
Karnataka,Raichur,Population and Household Profile,7,Households with any usual member covered under a health insurance/financing scheme (%),49.3,20.5,False,False
Karnataka,Raichur,Population and Household Profile,8,Households with any usual member having a bank account/post office account (%),99.1,84.7,False,False
Karnataka,Raichur,Population and Household Profile,9,Female population age 6 years and above who ever attended school (%),60.0,55.3,False,False
Karnataka,Raichur,Population and Household Profile,10,Households with any usual female members owning a house and/or land (alone or jointly with others) (%),39.0,18.9,False,False
Karnataka,Raichur,Population and Household Profile,11,Children age 2-4 years who attended pre-school (%),37.1,46.9,False,False
Karnataka,Raichur,Characteristics of Adults (age 15-49 years),12,Women with 10 or more years of schooling (%),34.9,31.7,False,False
Karnataka,Raichur,Characteristics of Adults (age 15-49 years),13,Men with 10 or more years of schooling (%),47.2,49.0,False,False
Karnataka,Raichur,Characteristics of Adults (age 15-49 years),14,Women who have ever used the internet (%),21.6,13.3,False,False
Karnataka,Raichur,Characteristics of Adults (age 15-49 years),15,Men who have ever used the internet (%),71.0,56.4,False,False
Karnataka,Raichur,Marriage and Fertility,16,Women age 20-24 years married before age 18 years (%),29.4,21.9,False,False
Karnataka,Raichur,Marriage and Fertility,17,Men age 25-29 years married before age 21 years (%),*,14.0,True,False
Karnataka,Raichur,Marriage and Fertility,18,Three or more births in the 5 years preceding the survey (%),2.1,4.0,False,False
Karnataka,Raichur,Marriage and Fertility,19,Women age 15-19 years who were already mothers or pregnant at the time of the survey (%),7.0,8.9,False,False
Karnataka,Raichur,Marriage and Fertility,20,Any method2 (%),64.6,50.1,False,False
Karnataka,Raichur,Marriage and Fertility,21,Any modern method2 (%),64.2,49.6,False,False
Karnataka,Raichur,Marriage and Fertility,22,Any traditional method (%),0.4,0.5,False,False
Karnataka,Raichur,Marriage and Fertility,23,Female sterilization (%),62.9,46.3,False,False
Karnataka,Raichur,Marriage and Fertility,24,Male sterilization (%),0.0,0.0,False,False
Karnataka,Raichur,Marriage and Fertility,25,Total unmet need3 (%),4.8,10.0,False,False
Karnataka,Raichur,Marriage and Fertility,26,Unmet need for spacing3 (%),2.5,6.8,False,False
Karnataka,Raichur,Marriage and Fertility,27,Unmet need for limiting3 (%),2.3,3.2,False,False
Karnataka,Raichur,Antenatal Care (for last birth in the 5 years before the survey),28,Mothers who had an antenatal check-up in the first trimester (%),73.0,66.4,False,False
Karnataka,Raichur,Antenatal Care (for last birth in the 5 years before the survey),29,Mothers who had any antenatal care visits (%),99.1,98.5,False,False
Karnataka,Raichur,Antenatal Care (for last birth in the 5 years before the survey),30,Mothers who had at least 4 antenatal care visits (%),84.3,67.5,False,False
Karnataka,Raichur,Antenatal Care (for last birth in the 5 years before the survey),31,Mothers whose last birth was protected against neonatal tetanus4 (%),95.0,89.0,False,False
Karnataka,Raichur,Antenatal Care (for last birth in the 5 years before the survey),32,Mothers who consumed iron folic acid for 100 days or more when they were pregnant (%),65.1,32.8,False,False
Karnataka,Raichur,Antenatal Care (for last birth in the 5 years before the survey),33,Mothers who consumed iron folic acid for 180 days or more when they were pregnant (%),41.4,25.0,False,False
Karnataka,Raichur,Antenatal Care (for last birth in the 5 years before the survey),34,Registered pregnancies for which the mother received a Mother and Child Protection (MCP) card (%),99.2,97.1,False,False
Karnataka,Raichur,Delivery Care (for births in the 5 years before the survey),35,Institutional births (%),96.7,88.9,False,False
Karnataka,Raichur,Delivery Care (for births in the 5 years before the survey),36,Institutional births in public facility (%),65.5,64.4,False,False
Karnataka,Raichur,Delivery Care (for births in the 5 years before the survey),37,Births attended by skilled health personnel5 (%),97.3,83.3,False,False
Karnataka,Raichur,Delivery Care (for births in the 5 years before the survey),38,Births delivered by caesarean section (%),28.4,20.0,False,False
Karnataka,Raichur,Delivery Care (for births in the 5 years before the survey),39,Births in a private health facility that were delivered by caesarean section (%),61.5,45.6,False,False
Karnataka,Raichur,Delivery Care (for births in the 5 years before the survey),40,Births in a public health facility that were delivered by caesarean section (%),14.0,13.7,False,False
Karnataka,Raichur,Postnatal Care (for last birth in the 5 years before the survey),41,Mothers who received postnatal care from a doctor/nurse/LHV/ANM/midwife/other health personnel within 2 days of delivery+ (%),92.8,76.1,False,False
Karnataka,Raichur,Postnatal Care (for last birth in the 5 years before the survey),42,Children born at home who were taken to a health facility for a check-up within 24 hours of birth (%),*,8.0,True,False
Karnataka,Raichur,Postnatal Care (for last birth in the 5 years before the survey),43,Children who received postnatal care from a doctor/nurse/LHV/ANM/midwife/other health personnel within 2 days of delivery+ (%),90.2,73.3,False,False
Karnataka,Raichur,Child Vaccinations and Vitamin A Supplementation,44,Children age 12-23 months fully vaccinated based on information from either vaccination card or mother's recall6 (%),92.2,80.2,False,False
Karnataka,Raichur,Child Vaccinations and Vitamin A Supplementation,45,Children age 12-23 months fully vaccinated based on information from vaccination card only7 (%),94.8,89.6,False,False
Karnataka,Raichur,Child Vaccinations and Vitamin A Supplementation,46,Children age 12-23 months who have received any vaccine (%),97.3,92.0,False,False
Karnataka,Raichur,Child Vaccinations and Vitamin A Supplementation,47,Children age 12-23 months who have received BCG (%),97.3,92.0,False,False
Karnataka,Raichur,Child Vaccinations and Vitamin A Supplementation,48,Children age 12-23 months who have received 3 doses of polio vaccine8 (%),93.9,81.2,False,False
Karnataka,Raichur,Child Vaccinations and Vitamin A Supplementation,49,Children age 12-23 months who have received 3 doses of pentavalent vaccine (%),92.2,83.8,False,False
Karnataka,Raichur,Child Vaccinations and Vitamin A Supplementation,50,Children age 12-23 months who have received the first dose of measles-containing vaccine (MCV) (%),96.4,85.0,False,False
Karnataka,Raichur,Child Vaccinations and Vitamin A Supplementation,51,Children age 24-35 months who have received a second dose of measles-containing vaccine (MCV) (%),79.3,53.1,False,False
Karnataka,Raichur,Child Vaccinations and Vitamin A Supplementation,52,Children age 12-23 months who have received birth dose of hepatitis B vaccine (%),95.6,75.4,False,False
Karnataka,Raichur,Child Vaccinations and Vitamin A Supplementation,53,Children age 12-23 months who have received 3 doses of rotavirus vaccine (%),79.6,1.0,False,False
Karnataka,Raichur,Child Vaccinations and Vitamin A Supplementation,54,Children age 9-35 months who received a vitamin A dose in the last 6 months (%),93.3,83.0,False,False
Karnataka,Raichur,Child Vaccinations and Vitamin A Supplementation,55,Children age 12-23 months who received most of their vaccinations in a public health facility (%),98.2,98.8,False,False
Karnataka,Raichur,Child Vaccinations and Vitamin A Supplementation,56,Children age 12-23 months who received most of their vaccinations in a private health facility (%),1.8,1.2,False,False
Karnataka,Raichur,Treatment of Childhood Diseases (children under age 5 years),57,Prevalence of diarrhoea in the 2 weeks preceding the survey (%),3.9,5.2,False,False
Karnataka,Raichur,Treatment of Childhood Diseases (children under age 5 years),58,Prevalence of symptoms of acute respiratory infection (ARI) in the 2 weeks preceding the survey (%),0.3,2.9,False,False
Karnataka,Raichur,Treatment of Childhood Diseases (children under age 5 years),59,Children with fever or symptoms of ARI in the 2 weeks preceding the survey taken to a health facility or health provider (%),*,57.0,True,False
Karnataka,Raichur,Child Feeding Practices and Nutritional Status of Children,60,Children under age 3 years breastfed within one hour of birth9 (%),38.7,63.4,False,False
Karnataka,Raichur,Child Feeding Practices and Nutritional Status of Children,61,Children under age 6 months exclusively breastfed10 (%),74.4,51.7,True,False
Karnataka,Raichur,Child Feeding Practices and Nutritional Status of Children,62,Children under age 6 months currently breastfeeding10 (%),100.0,89.3,True,False
Karnataka,Raichur,Child Feeding Practices and Nutritional Status of Children,63,Children under age 6 months exclusively breastfed or breastfeeding and consuming plain water/other milk only10 (%),97.2,68.8,True,False
Karnataka,Raichur,Child Feeding Practices and Nutritional Status of Children,64,Children age 6-8 months receiving solid or semi-solid food and breastmilk10 (%),*,*,True,False
Karnataka,Raichur,Child Feeding Practices and Nutritional Status of Children,65,"Breastfeeding children age 6-23 months receiving an adequate diet10, 11 (%)",11.1,15.2,False,False
Karnataka,Raichur,Child Feeding Practices and Nutritional Status of Children,66,"Non-breastfeeding children age 6-23 months receiving an adequate diet10, 11 (%)",*,*,True,False
Karnataka,Raichur,Child Feeding Practices and Nutritional Status of Children,67,"Total children age 6-23 months receiving an adequate diet10, 11 (%)",12.3,13.0,False,False
Karnataka,Raichur,Child Feeding Practices and Nutritional Status of Children,68,Children under 5 years who are stunted (height-for-age)12 (%),46.3,39.8,False,False
Karnataka,Raichur,Child Feeding Practices and Nutritional Status of Children,69,Children under 5 years who are wasted (weight-for-height)12 (%),24.6,23.2,False,False
Karnataka,Raichur,Child Feeding Practices and Nutritional Status of Children,70,Children under 5 years who are severely wasted (weight-for-height)13 (%),7.7,11.7,False,False
Karnataka,Raichur,Child Feeding Practices and Nutritional Status of Children,71,Children under 5 years who are underweight (weight-for-age)12 (%),49.5,40.7,False,False
Karnataka,Raichur,Child Feeding Practices and Nutritional Status of Children,72,Children under 5 years who are overweight (weight-for-height)14 (%),0.7,1.6,False,False
Karnataka,Raichur,Nutritional Status of Adults (age 15-49 years),73,Women whose Body Mass Index (BMI) is below normal (BMI <18.5 kg/m2)15 (%),26.2,23.3,False,False
Karnataka,Raichur,Nutritional Status of Adults (age 15-49 years),74,Women who are overweight or obese (BMI ≥25.0 kg/m2)15 (%),22.5,19.9,False,False
Karnataka,Raichur,Women,75,Blood sugar level - high (141-160 mg/dl)16 (%),7.4,4.7,False,False
Karnataka,Raichur,Women,76,Blood sugar level - very high (>160 mg/dl)16 (%),6.8,3.6,False,False
Karnataka,Raichur,Women,77,Blood sugar level - high or very high (>140 mg/dl) or taking medicine to control blood sugar level16 (%),15.0,8.9,False,False
Karnataka,Raichur,Men,78,Blood sugar level - high (141-160 mg/dl)16 (%),8.5,3.9,False,False
Karnataka,Raichur,Men,79,Blood sugar level - very high (>160 mg/dl)16 (%),12.0,4.7,False,False
Karnataka,Raichur,Men,80,Blood sugar level - high or very high (>140 mg/dl) or taking medicine to control blood sugar level16 (%),21.5,9.2,False,False
Karnataka,Raichur,Women,81,Mildly elevated blood pressure (Systolic 140-159 mm of Hg and/or Diastolic 90-99 mm of Hg) (%),9.4,11.0,False,False
Karnataka,Raichur,Women,82,Moderately or severely elevated blood pressure (Systolic ≥160 mm of Hg and/or Diastolic ≥100 mm of Hg) (%),4.3,4.4,False,False
Karnataka,Raichur,Women,83,Elevated blood pressure (Systolic ≥140 mm of Hg and/or Diastolic ≥90 mm of Hg) or taking medicine to control blood pressure (%),18.3,18.5,False,False
Karnataka,Raichur,Men,84,Mildly elevated blood pressure (Systolic 140-159 mm of Hg and/or Diastolic 90-99 mm of Hg) (%),12.4,10.4,False,False
Karnataka,Raichur,Men,85,Moderately or severely elevated blood pressure (Systolic ≥160 mm of Hg and/or Diastolic ≥100 mm of Hg) (%),6.1,4.3,False,False
Karnataka,Raichur,Men,86,Elevated blood pressure (Systolic ≥140 mm of Hg and/or Diastolic ≥90 mm of Hg) or taking medicine to control blood pressure (%),22.0,16.7,False,False
Karnataka,Raichur,Men,87,Women having a bank or savings account that they themselves use (%),92.8,87.2,False,False
Karnataka,Raichur,Men,88,Women having a mobile phone that they themselves use (%),42.5,39.0,False,False
Karnataka,Raichur,Men,89,Women age 15-24 years who use hygienic methods of protection during their menstrual period17 (%),66.0,68.8,False,False
Karnataka,Raichur,Tobacco Use and Alcohol Consumption among Adults (age 15 years and above),90,Women age 15 years and above who use any kind of tobacco (%),14.4,13.5,False,False
Karnataka,Raichur,Tobacco Use and Alcohol Consumption among Adults (age 15 years and above),91,Men age 15 years and above who use any kind of tobacco (%),29.3,28.4,False,False
Karnataka,Raichur,Tobacco Use and Alcohol Consumption among Adults (age 15 years and above),92,Women age 15 years and above who consume alcohol (%),1.8,0.9,False,False
Karnataka,Raichur,Tobacco Use and Alcohol Consumption among Adults (age 15 years and above),93,Men age 15 years and above who consume alcohol (%),18.1,15.8,False,False
Karnataka,Ramanagara,Population and Household Profile,1,Population below age 5 years (%),4.2,5.3,False,False
Karnataka,Ramanagara,Population and Household Profile,2,Population below age 15 years (%),16.5,18.1,False,False
Karnataka,Ramanagara,Population and Household Profile,3,Population age 60 years and above (%),18.2,18.0,False,False
Karnataka,Ramanagara,Population and Household Profile,4,Population living in households with electricity (%),100.0,99.6,False,False
Karnataka,Ramanagara,Population and Household Profile,5,Population living in households with an improved drinking-water source1 (%),96.3,98.3,False,False
Karnataka,Ramanagara,Population and Household Profile,6,Households using iodized salt (%),97.6,95.7,False,False
Karnataka,Ramanagara,Population and Household Profile,7,Households with any usual member covered under a health insurance/financing scheme (%),61.8,42.3,False,False
Karnataka,Ramanagara,Population and Household Profile,8,Households with any usual member having a bank account/post office account (%),99.1,96.0,False,False
Karnataka,Ramanagara,Population and Household Profile,9,Female population age 6 years and above who ever attended school (%),67.0,68.8,False,False
Karnataka,Ramanagara,Population and Household Profile,10,Households with any usual female members owning a house and/or land (alone or jointly with others) (%),25.6,23.6,False,False
Karnataka,Ramanagara,Population and Household Profile,11,Children age 2-4 years who attended pre-school (%),41.6,62.1,False,False
Karnataka,Ramanagara,Characteristics of Adults (age 15-49 years),12,Women with 10 or more years of schooling (%),49.9,54.5,False,False
Karnataka,Ramanagara,Characteristics of Adults (age 15-49 years),13,Men with 10 or more years of schooling (%),48.5,56.8,False,False
Karnataka,Ramanagara,Characteristics of Adults (age 15-49 years),14,Women who have ever used the internet (%),48.4,47.6,False,False
Karnataka,Ramanagara,Characteristics of Adults (age 15-49 years),15,Men who have ever used the internet (%),80.8,74.4,False,False
Karnataka,Ramanagara,Marriage and Fertility,16,Women age 20-24 years married before age 18 years (%),12.3,11.8,False,False
Karnataka,Ramanagara,Marriage and Fertility,17,Men age 25-29 years married before age 21 years (%),*,*,True,False
Karnataka,Ramanagara,Marriage and Fertility,18,Three or more births in the 5 years preceding the survey (%),0.0,1.7,False,False
Karnataka,Ramanagara,Marriage and Fertility,19,Women age 15-19 years who were already mothers or pregnant at the time of the survey (%),5.1,5.7,False,False
Karnataka,Ramanagara,Marriage and Fertility,20,Any method2 (%),72.3,78.1,False,False
Karnataka,Ramanagara,Marriage and Fertility,21,Any modern method2 (%),70.7,77.5,False,False
Karnataka,Ramanagara,Marriage and Fertility,22,Any traditional method (%),1.6,0.6,False,False
Karnataka,Ramanagara,Marriage and Fertility,23,Female sterilization (%),66.1,70.0,False,False
Karnataka,Ramanagara,Marriage and Fertility,24,Male sterilization (%),0.2,0.0,False,False
Karnataka,Ramanagara,Marriage and Fertility,25,Total unmet need3 (%),7.1,5.1,False,False
Karnataka,Ramanagara,Marriage and Fertility,26,Unmet need for spacing3 (%),4.6,3.1,False,False
Karnataka,Ramanagara,Marriage and Fertility,27,Unmet need for limiting3 (%),2.5,2.0,False,False
Karnataka,Ramanagara,Antenatal Care (for last birth in the 5 years before the survey),28,Mothers who had an antenatal check-up in the first trimester (%),75.5,91.8,False,False
Karnataka,Ramanagara,Antenatal Care (for last birth in the 5 years before the survey),29,Mothers who had any antenatal care visits (%),89.8,100.0,False,False
Karnataka,Ramanagara,Antenatal Care (for last birth in the 5 years before the survey),30,Mothers who had at least 4 antenatal care visits (%),63.2,88.7,False,False
Karnataka,Ramanagara,Antenatal Care (for last birth in the 5 years before the survey),31,Mothers whose last birth was protected against neonatal tetanus4 (%),84.7,94.7,False,False
Karnataka,Ramanagara,Antenatal Care (for last birth in the 5 years before the survey),32,Mothers who consumed iron folic acid for 100 days or more when they were pregnant (%),70.2,47.9,False,False
Karnataka,Ramanagara,Antenatal Care (for last birth in the 5 years before the survey),33,Mothers who consumed iron folic acid for 180 days or more when they were pregnant (%),66.1,23.9,False,False
Karnataka,Ramanagara,Antenatal Care (for last birth in the 5 years before the survey),34,Registered pregnancies for which the mother received a Mother and Child Protection (MCP) card (%),100.0,100.0,False,False
Karnataka,Ramanagara,Delivery Care (for births in the 5 years before the survey),35,Institutional births (%),99.2,100.0,False,False
Karnataka,Ramanagara,Delivery Care (for births in the 5 years before the survey),36,Institutional births in public facility (%),62.8,68.8,False,False
Karnataka,Ramanagara,Delivery Care (for births in the 5 years before the survey),37,Births attended by skilled health personnel5 (%),98.4,100.0,False,False
Karnataka,Ramanagara,Delivery Care (for births in the 5 years before the survey),38,Births delivered by caesarean section (%),44.3,39.9,False,False
Karnataka,Ramanagara,Delivery Care (for births in the 5 years before the survey),39,Births in a private health facility that were delivered by caesarean section (%),49.9,57.8,False,False
Karnataka,Ramanagara,Delivery Care (for births in the 5 years before the survey),40,Births in a public health facility that were delivered by caesarean section (%),41.6,31.8,False,False
Karnataka,Ramanagara,Postnatal Care (for last birth in the 5 years before the survey),41,Mothers who received postnatal care from a doctor/nurse/LHV/ANM/midwife/other health personnel within 2 days of delivery+ (%),79.7,87.0,False,False
Karnataka,Ramanagara,Postnatal Care (for last birth in the 5 years before the survey),42,Children born at home who were taken to a health facility for a check-up within 24 hours of birth (%),*,*,True,False
Karnataka,Ramanagara,Postnatal Care (for last birth in the 5 years before the survey),43,Children who received postnatal care from a doctor/nurse/LHV/ANM/midwife/other health personnel within 2 days of delivery+ (%),83.0,84.8,False,False
Karnataka,Ramanagara,Child Vaccinations and Vitamin A Supplementation,44,Children age 12-23 months fully vaccinated based on information from either vaccination card or mother's recall6 (%),88.8,100.0,True,False
Karnataka,Ramanagara,Child Vaccinations and Vitamin A Supplementation,45,Children age 12-23 months fully vaccinated based on information from vaccination card only7 (%),*,92.6,True,False
Karnataka,Ramanagara,Child Vaccinations and Vitamin A Supplementation,46,Children age 12-23 months who have received any vaccine (%),100.0,100.0,True,False
Karnataka,Ramanagara,Child Vaccinations and Vitamin A Supplementation,47,Children age 12-23 months who have received BCG (%),100.0,100.0,True,False
Karnataka,Ramanagara,Child Vaccinations and Vitamin A Supplementation,48,Children age 12-23 months who have received 3 doses of polio vaccine8 (%),88.8,100.0,True,False
Karnataka,Ramanagara,Child Vaccinations and Vitamin A Supplementation,49,Children age 12-23 months who have received 3 doses of pentavalent vaccine (%),100.0,100.0,True,False
Karnataka,Ramanagara,Child Vaccinations and Vitamin A Supplementation,50,Children age 12-23 months who have received the first dose of measles-containing vaccine (MCV) (%),100.0,100.0,True,False
Karnataka,Ramanagara,Child Vaccinations and Vitamin A Supplementation,51,Children age 24-35 months who have received a second dose of measles-containing vaccine (MCV) (%),71.0,75.0,True,False
Karnataka,Ramanagara,Child Vaccinations and Vitamin A Supplementation,52,Children age 12-23 months who have received birth dose of hepatitis B vaccine (%),100.0,100.0,True,False
Karnataka,Ramanagara,Child Vaccinations and Vitamin A Supplementation,53,Children age 12-23 months who have received 3 doses of rotavirus vaccine (%),64.0,0.0,True,False
Karnataka,Ramanagara,Child Vaccinations and Vitamin A Supplementation,54,Children age 9-35 months who received a vitamin A dose in the last 6 months (%),95.3,87.6,False,False
Karnataka,Ramanagara,Child Vaccinations and Vitamin A Supplementation,55,Children age 12-23 months who received most of their vaccinations in a public health facility (%),95.9,96.5,True,False
Karnataka,Ramanagara,Child Vaccinations and Vitamin A Supplementation,56,Children age 12-23 months who received most of their vaccinations in a private health facility (%),4.1,3.5,True,False
Karnataka,Ramanagara,Treatment of Childhood Diseases (children under age 5 years),57,Prevalence of diarrhoea in the 2 weeks preceding the survey (%),4.6,7.2,False,False
Karnataka,Ramanagara,Treatment of Childhood Diseases (children under age 5 years),58,Prevalence of symptoms of acute respiratory infection (ARI) in the 2 weeks preceding the survey (%),0.0,2.5,False,False
Karnataka,Ramanagara,Treatment of Childhood Diseases (children under age 5 years),59,Children with fever or symptoms of ARI in the 2 weeks preceding the survey taken to a health facility or health provider (%),*,*,True,False
Karnataka,Ramanagara,Child Feeding Practices and Nutritional Status of Children,60,Children under age 3 years breastfed within one hour of birth9 (%),34.9,49.9,False,False
Karnataka,Ramanagara,Child Feeding Practices and Nutritional Status of Children,61,Children under age 6 months exclusively breastfed10 (%),*,*,True,False
Karnataka,Ramanagara,Child Feeding Practices and Nutritional Status of Children,62,Children under age 6 months currently breastfeeding10 (%),*,*,True,False
Karnataka,Ramanagara,Child Feeding Practices and Nutritional Status of Children,63,Children under age 6 months exclusively breastfed or breastfeeding and consuming plain water/other milk only10 (%),*,*,True,False
Karnataka,Ramanagara,Child Feeding Practices and Nutritional Status of Children,64,Children age 6-8 months receiving solid or semi-solid food and breastmilk10 (%),*,*,True,False
Karnataka,Ramanagara,Child Feeding Practices and Nutritional Status of Children,65,"Breastfeeding children age 6-23 months receiving an adequate diet10, 11 (%)",11.0,8.6,True,False
Karnataka,Ramanagara,Child Feeding Practices and Nutritional Status of Children,66,"Non-breastfeeding children age 6-23 months receiving an adequate diet10, 11 (%)",*,*,True,False
Karnataka,Ramanagara,Child Feeding Practices and Nutritional Status of Children,67,"Total children age 6-23 months receiving an adequate diet10, 11 (%)",19.4,16.6,True,False
Karnataka,Ramanagara,Child Feeding Practices and Nutritional Status of Children,68,Children under 5 years who are stunted (height-for-age)12 (%),17.4,15.6,False,False
Karnataka,Ramanagara,Child Feeding Practices and Nutritional Status of Children,69,Children under 5 years who are wasted (weight-for-height)12 (%),21.2,20.0,False,False
Karnataka,Ramanagara,Child Feeding Practices and Nutritional Status of Children,70,Children under 5 years who are severely wasted (weight-for-height)13 (%),6.2,7.7,False,False
Karnataka,Ramanagara,Child Feeding Practices and Nutritional Status of Children,71,Children under 5 years who are underweight (weight-for-age)12 (%),22.7,19.8,False,False
Karnataka,Ramanagara,Child Feeding Practices and Nutritional Status of Children,72,Children under 5 years who are overweight (weight-for-height)14 (%),0.6,4.0,False,False
Karnataka,Ramanagara,Nutritional Status of Adults (age 15-49 years),73,Women whose Body Mass Index (BMI) is below normal (BMI <18.5 kg/m2)15 (%),14.3,13.2,False,False
Karnataka,Ramanagara,Nutritional Status of Adults (age 15-49 years),74,Women who are overweight or obese (BMI ≥25.0 kg/m2)15 (%),39.8,36.5,False,False
Karnataka,Ramanagara,Women,75,Blood sugar level - high (141-160 mg/dl)16 (%),9.3,6.5,False,False
Karnataka,Ramanagara,Women,76,Blood sugar level - very high (>160 mg/dl)16 (%),12.1,9.7,False,False
Karnataka,Ramanagara,Women,77,Blood sugar level - high or very high (>140 mg/dl) or taking medicine to control blood sugar level16 (%),23.3,18.2,False,False
Karnataka,Ramanagara,Men,78,Blood sugar level - high (141-160 mg/dl)16 (%),10.5,6.3,False,False
Karnataka,Ramanagara,Men,79,Blood sugar level - very high (>160 mg/dl)16 (%),14.4,11.9,False,False
Karnataka,Ramanagara,Men,80,Blood sugar level - high or very high (>140 mg/dl) or taking medicine to control blood sugar level16 (%),26.4,19.6,False,False
Karnataka,Ramanagara,Women,81,Mildly elevated blood pressure (Systolic 140-159 mm of Hg and/or Diastolic 90-99 mm of Hg) (%),13.5,16.1,False,False
Karnataka,Ramanagara,Women,82,Moderately or severely elevated blood pressure (Systolic ≥160 mm of Hg and/or Diastolic ≥100 mm of Hg) (%),6.1,7.3,False,False
Karnataka,Ramanagara,Women,83,Elevated blood pressure (Systolic ≥140 mm of Hg and/or Diastolic ≥90 mm of Hg) or taking medicine to control blood pressure (%),25.4,28.2,False,False
Karnataka,Ramanagara,Men,84,Mildly elevated blood pressure (Systolic 140-159 mm of Hg and/or Diastolic 90-99 mm of Hg) (%),14.6,17.8,False,False
Karnataka,Ramanagara,Men,85,Moderately or severely elevated blood pressure (Systolic ≥160 mm of Hg and/or Diastolic ≥100 mm of Hg) (%),9.2,7.9,False,False
Karnataka,Ramanagara,Men,86,Elevated blood pressure (Systolic ≥140 mm of Hg and/or Diastolic ≥90 mm of Hg) or taking medicine to control blood pressure (%),26.8,29.9,False,False
Karnataka,Ramanagara,Men,87,Women having a bank or savings account that they themselves use (%),97.9,92.9,False,False
Karnataka,Ramanagara,Men,88,Women having a mobile phone that they themselves use (%),80.1,78.2,False,False
Karnataka,Ramanagara,Men,89,Women age 15-24 years who use hygienic methods of protection during their menstrual period17 (%),91.5,99.5,False,False
Karnataka,Ramanagara,Tobacco Use and Alcohol Consumption among Adults (age 15 years and above),90,Women age 15 years and above who use any kind of tobacco (%),4.5,3.6,False,False
Karnataka,Ramanagara,Tobacco Use and Alcohol Consumption among Adults (age 15 years and above),91,Men age 15 years and above who use any kind of tobacco (%),25.3,25.9,False,False
Karnataka,Ramanagara,Tobacco Use and Alcohol Consumption among Adults (age 15 years and above),92,Women age 15 years and above who consume alcohol (%),0.9,0.5,False,False
Karnataka,Ramanagara,Tobacco Use and Alcohol Consumption among Adults (age 15 years and above),93,Men age 15 years and above who consume alcohol (%),19.3,17.9,False,False
Karnataka,Shivamogga,Population and Household Profile,1,Population below age 5 years (%),6.0,6.5,False,False
Karnataka,Shivamogga,Population and Household Profile,2,Population below age 15 years (%),22.5,22.9,False,False
Karnataka,Shivamogga,Population and Household Profile,3,Population age 60 years and above (%),14.1,13.9,False,False
Karnataka,Shivamogga,Population and Household Profile,4,Population living in households with electricity (%),99.7,99.5,False,False
Karnataka,Shivamogga,Population and Household Profile,5,Population living in households with an improved drinking-water source1 (%),94.9,94.6,False,False
Karnataka,Shivamogga,Population and Household Profile,6,Households using iodized salt (%),94.1,91.0,False,False
Karnataka,Shivamogga,Population and Household Profile,7,Households with any usual member covered under a health insurance/financing scheme (%),66.6,31.0,False,False
Karnataka,Shivamogga,Population and Household Profile,8,Households with any usual member having a bank account/post office account (%),99.2,95.8,False,False
Karnataka,Shivamogga,Population and Household Profile,9,Female population age 6 years and above who ever attended school (%),82.4,78.8,False,False
Karnataka,Shivamogga,Population and Household Profile,10,Households with any usual female members owning a house and/or land (alone or jointly with others) (%),37.9,17.8,False,False
Karnataka,Shivamogga,Population and Household Profile,11,Children age 2-4 years who attended pre-school (%),45.9,41.5,False,False
Karnataka,Shivamogga,Characteristics of Adults (age 15-49 years),12,Women with 10 or more years of schooling (%),57.3,49.1,False,False
Karnataka,Shivamogga,Characteristics of Adults (age 15-49 years),13,Men with 10 or more years of schooling (%),49.5,47.1,False,False
Karnataka,Shivamogga,Characteristics of Adults (age 15-49 years),14,Women who have ever used the internet (%),61.8,35.5,False,False
Karnataka,Shivamogga,Characteristics of Adults (age 15-49 years),15,Men who have ever used the internet (%),76.0,60.7,False,False
Karnataka,Shivamogga,Marriage and Fertility,16,Women age 20-24 years married before age 18 years (%),4.8,11.1,False,False
Karnataka,Shivamogga,Marriage and Fertility,17,Men age 25-29 years married before age 21 years (%),*,*,True,False
Karnataka,Shivamogga,Marriage and Fertility,18,Three or more births in the 5 years preceding the survey (%),0.9,2.5,False,False
Karnataka,Shivamogga,Marriage and Fertility,19,Women age 15-19 years who were already mothers or pregnant at the time of the survey (%),1.2,2.4,False,False
Karnataka,Shivamogga,Marriage and Fertility,20,Any method2 (%),68.7,76.4,False,False
Karnataka,Shivamogga,Marriage and Fertility,21,Any modern method2 (%),67.9,76.4,False,False
Karnataka,Shivamogga,Marriage and Fertility,22,Any traditional method (%),0.8,0.0,False,False
Karnataka,Shivamogga,Marriage and Fertility,23,Female sterilization (%),58.7,68.3,False,False
Karnataka,Shivamogga,Marriage and Fertility,24,Male sterilization (%),0.0,0.0,False,False
Karnataka,Shivamogga,Marriage and Fertility,25,Total unmet need3 (%),5.5,5.3,False,False
Karnataka,Shivamogga,Marriage and Fertility,26,Unmet need for spacing3 (%),2.1,3.9,False,False
Karnataka,Shivamogga,Marriage and Fertility,27,Unmet need for limiting3 (%),3.4,1.4,False,False
Karnataka,Shivamogga,Antenatal Care (for last birth in the 5 years before the survey),28,Mothers who had an antenatal check-up in the first trimester (%),79.9,58.7,False,False
Karnataka,Shivamogga,Antenatal Care (for last birth in the 5 years before the survey),29,Mothers who had any antenatal care visits (%),99.5,99.1,False,False
Karnataka,Shivamogga,Antenatal Care (for last birth in the 5 years before the survey),30,Mothers who had at least 4 antenatal care visits (%),79.0,79.4,False,False
Karnataka,Shivamogga,Antenatal Care (for last birth in the 5 years before the survey),31,Mothers whose last birth was protected against neonatal tetanus4 (%),95.7,96.9,False,False
Karnataka,Shivamogga,Antenatal Care (for last birth in the 5 years before the survey),32,Mothers who consumed iron folic acid for 100 days or more when they were pregnant (%),77.3,56.6,False,False
Karnataka,Shivamogga,Antenatal Care (for last birth in the 5 years before the survey),33,Mothers who consumed iron folic acid for 180 days or more when they were pregnant (%),52.7,39.1,False,False
Karnataka,Shivamogga,Antenatal Care (for last birth in the 5 years before the survey),34,Registered pregnancies for which the mother received a Mother and Child Protection (MCP) card (%),100.0,98.5,False,False
Karnataka,Shivamogga,Delivery Care (for births in the 5 years before the survey),35,Institutional births (%),100.0,99.7,False,False
Karnataka,Shivamogga,Delivery Care (for births in the 5 years before the survey),36,Institutional births in public facility (%),73.0,74.1,False,False
Karnataka,Shivamogga,Delivery Care (for births in the 5 years before the survey),37,Births attended by skilled health personnel5 (%),97.4,96.5,False,False
Karnataka,Shivamogga,Delivery Care (for births in the 5 years before the survey),38,Births delivered by caesarean section (%),40.8,43.7,False,False
Karnataka,Shivamogga,Delivery Care (for births in the 5 years before the survey),39,Births in a private health facility that were delivered by caesarean section (%),52.8,69.3,False,False
Karnataka,Shivamogga,Delivery Care (for births in the 5 years before the survey),40,Births in a public health facility that were delivered by caesarean section (%),36.4,35.1,False,False
Karnataka,Shivamogga,Postnatal Care (for last birth in the 5 years before the survey),41,Mothers who received postnatal care from a doctor/nurse/LHV/ANM/midwife/other health personnel within 2 days of delivery+ (%),96.7,91.5,False,False
Karnataka,Shivamogga,Postnatal Care (for last birth in the 5 years before the survey),42,Children born at home who were taken to a health facility for a check-up within 24 hours of birth (%),*,*,True,False
Karnataka,Shivamogga,Postnatal Care (for last birth in the 5 years before the survey),43,Children who received postnatal care from a doctor/nurse/LHV/ANM/midwife/other health personnel within 2 days of delivery+ (%),97.2,89.7,False,False
Karnataka,Shivamogga,Child Vaccinations and Vitamin A Supplementation,44,Children age 12-23 months fully vaccinated based on information from either vaccination card or mother's recall6 (%),89.9,96.1,True,False
Karnataka,Shivamogga,Child Vaccinations and Vitamin A Supplementation,45,Children age 12-23 months fully vaccinated based on information from vaccination card only7 (%),89.4,97.9,True,False
Karnataka,Shivamogga,Child Vaccinations and Vitamin A Supplementation,46,Children age 12-23 months who have received any vaccine (%),92.4,100.0,True,False
Karnataka,Shivamogga,Child Vaccinations and Vitamin A Supplementation,47,Children age 12-23 months who have received BCG (%),92.4,100.0,True,False
Karnataka,Shivamogga,Child Vaccinations and Vitamin A Supplementation,48,Children age 12-23 months who have received 3 doses of polio vaccine8 (%),89.9,98.1,True,False
Karnataka,Shivamogga,Child Vaccinations and Vitamin A Supplementation,49,Children age 12-23 months who have received 3 doses of pentavalent vaccine (%),89.9,98.0,True,False
Karnataka,Shivamogga,Child Vaccinations and Vitamin A Supplementation,50,Children age 12-23 months who have received the first dose of measles-containing vaccine (MCV) (%),89.9,98.0,True,False
Karnataka,Shivamogga,Child Vaccinations and Vitamin A Supplementation,51,Children age 24-35 months who have received a second dose of measles-containing vaccine (MCV) (%),79.2,77.1,True,False
Karnataka,Shivamogga,Child Vaccinations and Vitamin A Supplementation,52,Children age 12-23 months who have received birth dose of hepatitis B vaccine (%),89.9,89.4,True,False
Karnataka,Shivamogga,Child Vaccinations and Vitamin A Supplementation,53,Children age 12-23 months who have received 3 doses of rotavirus vaccine (%),87.7,2.1,True,False
Karnataka,Shivamogga,Child Vaccinations and Vitamin A Supplementation,54,Children age 9-35 months who received a vitamin A dose in the last 6 months (%),97.0,92.2,False,False
Karnataka,Shivamogga,Child Vaccinations and Vitamin A Supplementation,55,Children age 12-23 months who received most of their vaccinations in a public health facility (%),97.1,91.9,True,False
Karnataka,Shivamogga,Child Vaccinations and Vitamin A Supplementation,56,Children age 12-23 months who received most of their vaccinations in a private health facility (%),2.9,8.1,True,False
Karnataka,Shivamogga,Treatment of Childhood Diseases (children under age 5 years),57,Prevalence of diarrhoea in the 2 weeks preceding the survey (%),3.0,4.8,False,False
Karnataka,Shivamogga,Treatment of Childhood Diseases (children under age 5 years),58,Prevalence of symptoms of acute respiratory infection (ARI) in the 2 weeks preceding the survey (%),0.0,3.3,False,False
Karnataka,Shivamogga,Treatment of Childhood Diseases (children under age 5 years),59,Children with fever or symptoms of ARI in the 2 weeks preceding the survey taken to a health facility or health provider (%),62.6,77.3,True,False
Karnataka,Shivamogga,Child Feeding Practices and Nutritional Status of Children,60,Children under age 3 years breastfed within one hour of birth9 (%),64.1,35.3,False,False
Karnataka,Shivamogga,Child Feeding Practices and Nutritional Status of Children,61,Children under age 6 months exclusively breastfed10 (%),*,46.3,True,False
Karnataka,Shivamogga,Child Feeding Practices and Nutritional Status of Children,62,Children under age 6 months currently breastfeeding10 (%),*,96.3,True,False
Karnataka,Shivamogga,Child Feeding Practices and Nutritional Status of Children,63,Children under age 6 months exclusively breastfed or breastfeeding and consuming plain water/other milk only10 (%),*,74.5,True,False
Karnataka,Shivamogga,Child Feeding Practices and Nutritional Status of Children,64,Children age 6-8 months receiving solid or semi-solid food and breastmilk10 (%),*,*,True,False
Karnataka,Shivamogga,Child Feeding Practices and Nutritional Status of Children,65,"Breastfeeding children age 6-23 months receiving an adequate diet10, 11 (%)",14.8,18.6,True,False
Karnataka,Shivamogga,Child Feeding Practices and Nutritional Status of Children,66,"Non-breastfeeding children age 6-23 months receiving an adequate diet10, 11 (%)",*,*,True,False
Karnataka,Shivamogga,Child Feeding Practices and Nutritional Status of Children,67,"Total children age 6-23 months receiving an adequate diet10, 11 (%)",21.7,18.5,False,False
Karnataka,Shivamogga,Child Feeding Practices and Nutritional Status of Children,68,Children under 5 years who are stunted (height-for-age)12 (%),24.9,29.0,False,False
Karnataka,Shivamogga,Child Feeding Practices and Nutritional Status of Children,69,Children under 5 years who are wasted (weight-for-height)12 (%),17.2,23.2,False,False
Karnataka,Shivamogga,Child Feeding Practices and Nutritional Status of Children,70,Children under 5 years who are severely wasted (weight-for-height)13 (%),3.6,13.5,False,False
Karnataka,Shivamogga,Child Feeding Practices and Nutritional Status of Children,71,Children under 5 years who are underweight (weight-for-age)12 (%),24.5,34.4,False,False
Karnataka,Shivamogga,Child Feeding Practices and Nutritional Status of Children,72,Children under 5 years who are overweight (weight-for-height)14 (%),2.3,6.0,False,False
Karnataka,Shivamogga,Nutritional Status of Adults (age 15-49 years),73,Women whose Body Mass Index (BMI) is below normal (BMI <18.5 kg/m2)15 (%),15.4,15.0,False,False
Karnataka,Shivamogga,Nutritional Status of Adults (age 15-49 years),74,Women who are overweight or obese (BMI ≥25.0 kg/m2)15 (%),33.9,30.3,False,False
Karnataka,Shivamogga,Women,75,Blood sugar level - high (141-160 mg/dl)16 (%),7.3,6.3,False,False
Karnataka,Shivamogga,Women,76,Blood sugar level - very high (>160 mg/dl)16 (%),13.2,7.2,False,False
Karnataka,Shivamogga,Women,77,Blood sugar level - high or very high (>140 mg/dl) or taking medicine to control blood sugar level16 (%),22.4,15.3,False,False
Karnataka,Shivamogga,Men,78,Blood sugar level - high (141-160 mg/dl)16 (%),10.6,8.5,False,False
Karnataka,Shivamogga,Men,79,Blood sugar level - very high (>160 mg/dl)16 (%),14.2,6.9,False,False
Karnataka,Shivamogga,Men,80,Blood sugar level - high or very high (>140 mg/dl) or taking medicine to control blood sugar level16 (%),26.4,16.7,False,False
Karnataka,Shivamogga,Women,81,Mildly elevated blood pressure (Systolic 140-159 mm of Hg and/or Diastolic 90-99 mm of Hg) (%),10.9,15.2,False,False
Karnataka,Shivamogga,Women,82,Moderately or severely elevated blood pressure (Systolic ≥160 mm of Hg and/or Diastolic ≥100 mm of Hg) (%),5.5,7.1,False,False
Karnataka,Shivamogga,Women,83,Elevated blood pressure (Systolic ≥140 mm of Hg and/or Diastolic ≥90 mm of Hg) or taking medicine to control blood pressure (%),26.1,27.2,False,False
Karnataka,Shivamogga,Men,84,Mildly elevated blood pressure (Systolic 140-159 mm of Hg and/or Diastolic 90-99 mm of Hg) (%),12.9,19.3,False,False
Karnataka,Shivamogga,Men,85,Moderately or severely elevated blood pressure (Systolic ≥160 mm of Hg and/or Diastolic ≥100 mm of Hg) (%),7.0,7.1,False,False
Karnataka,Shivamogga,Men,86,Elevated blood pressure (Systolic ≥140 mm of Hg and/or Diastolic ≥90 mm of Hg) or taking medicine to control blood pressure (%),26.4,28.7,False,False
Karnataka,Shivamogga,Men,87,Women having a bank or savings account that they themselves use (%),97.3,89.8,False,False
Karnataka,Shivamogga,Men,88,Women having a mobile phone that they themselves use (%),74.9,65.7,False,False
Karnataka,Shivamogga,Men,89,Women age 15-24 years who use hygienic methods of protection during their menstrual period17 (%),90.7,86.3,False,False
Karnataka,Shivamogga,Tobacco Use and Alcohol Consumption among Adults (age 15 years and above),90,Women age 15 years and above who use any kind of tobacco (%),7.3,11.3,False,False
Karnataka,Shivamogga,Tobacco Use and Alcohol Consumption among Adults (age 15 years and above),91,Men age 15 years and above who use any kind of tobacco (%),30.5,32.0,False,False
Karnataka,Shivamogga,Tobacco Use and Alcohol Consumption among Adults (age 15 years and above),92,Women age 15 years and above who consume alcohol (%),1.3,1.4,False,False
Karnataka,Shivamogga,Tobacco Use and Alcohol Consumption among Adults (age 15 years and above),93,Men age 15 years and above who consume alcohol (%),18.5,18.5,False,False
Karnataka,Tumakuru,Population and Household Profile,1,Population below age 5 years (%),5.1,6.5,False,False
Karnataka,Tumakuru,Population and Household Profile,2,Population below age 15 years (%),17.4,21.2,False,False
Karnataka,Tumakuru,Population and Household Profile,3,Population age 60 years and above (%),19.6,16.9,False,False
Karnataka,Tumakuru,Population and Household Profile,4,Population living in households with electricity (%),99.9,99.6,False,False
Karnataka,Tumakuru,Population and Household Profile,5,Population living in households with an improved drinking-water source1 (%),98.1,96.2,False,False
Karnataka,Tumakuru,Population and Household Profile,6,Households using iodized salt (%),97.0,94.7,False,False
Karnataka,Tumakuru,Population and Household Profile,7,Households with any usual member covered under a health insurance/financing scheme (%),75.8,35.0,False,False
Karnataka,Tumakuru,Population and Household Profile,8,Households with any usual member having a bank account/post office account (%),99.5,93.4,False,False
Karnataka,Tumakuru,Population and Household Profile,9,Female population age 6 years and above who ever attended school (%),80.2,72.3,False,False
Karnataka,Tumakuru,Population and Household Profile,10,Households with any usual female members owning a house and/or land (alone or jointly with others) (%),39.4,20.3,False,False
Karnataka,Tumakuru,Population and Household Profile,11,Children age 2-4 years who attended pre-school (%),56.5,36.9,False,False
Karnataka,Tumakuru,Characteristics of Adults (age 15-49 years),12,Women with 10 or more years of schooling (%),66.3,58.9,False,False
Karnataka,Tumakuru,Characteristics of Adults (age 15-49 years),13,Men with 10 or more years of schooling (%),64.3,65.3,False,False
Karnataka,Tumakuru,Characteristics of Adults (age 15-49 years),14,Women who have ever used the internet (%),60.3,50.1,False,False
Karnataka,Tumakuru,Characteristics of Adults (age 15-49 years),15,Men who have ever used the internet (%),87.8,74.9,False,False
Karnataka,Tumakuru,Marriage and Fertility,16,Women age 20-24 years married before age 18 years (%),14.1,24.8,False,False
Karnataka,Tumakuru,Marriage and Fertility,17,Men age 25-29 years married before age 21 years (%),*,*,True,False
Karnataka,Tumakuru,Marriage and Fertility,18,Three or more births in the 5 years preceding the survey (%),0.0,0.0,False,False
Karnataka,Tumakuru,Marriage and Fertility,19,Women age 15-19 years who were already mothers or pregnant at the time of the survey (%),3.6,4.7,False,False
Karnataka,Tumakuru,Marriage and Fertility,20,Any method2 (%),70.5,77.0,False,False
Karnataka,Tumakuru,Marriage and Fertility,21,Any modern method2 (%),69.0,75.8,False,False
Karnataka,Tumakuru,Marriage and Fertility,22,Any traditional method (%),1.5,1.2,False,False
Karnataka,Tumakuru,Marriage and Fertility,23,Female sterilization (%),60.9,60.9,False,False
Karnataka,Tumakuru,Marriage and Fertility,24,Male sterilization (%),0.0,0.0,False,False
Karnataka,Tumakuru,Marriage and Fertility,25,Total unmet need3 (%),6.6,5.3,False,False
Karnataka,Tumakuru,Marriage and Fertility,26,Unmet need for spacing3 (%),4.7,4.3,False,False
Karnataka,Tumakuru,Marriage and Fertility,27,Unmet need for limiting3 (%),1.9,1.0,False,False
Karnataka,Tumakuru,Antenatal Care (for last birth in the 5 years before the survey),28,Mothers who had an antenatal check-up in the first trimester (%),86.5,68.6,False,False
Karnataka,Tumakuru,Antenatal Care (for last birth in the 5 years before the survey),29,Mothers who had any antenatal care visits (%),99.7,99.5,False,False
Karnataka,Tumakuru,Antenatal Care (for last birth in the 5 years before the survey),30,Mothers who had at least 4 antenatal care visits (%),92.4,80.4,False,False
Karnataka,Tumakuru,Antenatal Care (for last birth in the 5 years before the survey),31,Mothers whose last birth was protected against neonatal tetanus4 (%),92.4,92.7,False,False
Karnataka,Tumakuru,Antenatal Care (for last birth in the 5 years before the survey),32,Mothers who consumed iron folic acid for 100 days or more when they were pregnant (%),81.3,61.8,False,False
Karnataka,Tumakuru,Antenatal Care (for last birth in the 5 years before the survey),33,Mothers who consumed iron folic acid for 180 days or more when they were pregnant (%),74.7,27.9,False,False
Karnataka,Tumakuru,Antenatal Care (for last birth in the 5 years before the survey),34,Registered pregnancies for which the mother received a Mother and Child Protection (MCP) card (%),98.9,99.3,False,False
Karnataka,Tumakuru,Delivery Care (for births in the 5 years before the survey),35,Institutional births (%),99.5,100.0,False,False
Karnataka,Tumakuru,Delivery Care (for births in the 5 years before the survey),36,Institutional births in public facility (%),52.8,66.9,False,False
Karnataka,Tumakuru,Delivery Care (for births in the 5 years before the survey),37,Births attended by skilled health personnel5 (%),99.5,93.1,False,False
Karnataka,Tumakuru,Delivery Care (for births in the 5 years before the survey),38,Births delivered by caesarean section (%),74.5,52.1,False,False
Karnataka,Tumakuru,Delivery Care (for births in the 5 years before the survey),39,Births in a private health facility that were delivered by caesarean section (%),85.0,64.8,False,False
Karnataka,Tumakuru,Delivery Care (for births in the 5 years before the survey),40,Births in a public health facility that were delivered by caesarean section (%),65.9,45.8,False,False
Karnataka,Tumakuru,Postnatal Care (for last birth in the 5 years before the survey),41,Mothers who received postnatal care from a doctor/nurse/LHV/ANM/midwife/other health personnel within 2 days of delivery+ (%),99.3,95.2,False,False
Karnataka,Tumakuru,Postnatal Care (for last birth in the 5 years before the survey),42,Children born at home who were taken to a health facility for a check-up within 24 hours of birth (%),*,*,True,False
Karnataka,Tumakuru,Postnatal Care (for last birth in the 5 years before the survey),43,Children who received postnatal care from a doctor/nurse/LHV/ANM/midwife/other health personnel within 2 days of delivery+ (%),99.4,90.2,False,False
Karnataka,Tumakuru,Child Vaccinations and Vitamin A Supplementation,44,Children age 12-23 months fully vaccinated based on information from either vaccination card or mother's recall6 (%),95.6,97.7,True,False
Karnataka,Tumakuru,Child Vaccinations and Vitamin A Supplementation,45,Children age 12-23 months fully vaccinated based on information from vaccination card only7 (%),91.0,93.5,True,False
Karnataka,Tumakuru,Child Vaccinations and Vitamin A Supplementation,46,Children age 12-23 months who have received any vaccine (%),100.0,100.0,True,False
Karnataka,Tumakuru,Child Vaccinations and Vitamin A Supplementation,47,Children age 12-23 months who have received BCG (%),100.0,100.0,True,False
Karnataka,Tumakuru,Child Vaccinations and Vitamin A Supplementation,48,Children age 12-23 months who have received 3 doses of polio vaccine8 (%),98.6,100.0,True,False
Karnataka,Tumakuru,Child Vaccinations and Vitamin A Supplementation,49,Children age 12-23 months who have received 3 doses of pentavalent vaccine (%),95.6,100.0,True,False
Karnataka,Tumakuru,Child Vaccinations and Vitamin A Supplementation,50,Children age 12-23 months who have received the first dose of measles-containing vaccine (MCV) (%),98.6,97.7,True,False
Karnataka,Tumakuru,Child Vaccinations and Vitamin A Supplementation,51,Children age 24-35 months who have received a second dose of measles-containing vaccine (MCV) (%),96.3,78.0,True,False
Karnataka,Tumakuru,Child Vaccinations and Vitamin A Supplementation,52,Children age 12-23 months who have received birth dose of hepatitis B vaccine (%),100.0,95.3,True,False
Karnataka,Tumakuru,Child Vaccinations and Vitamin A Supplementation,53,Children age 12-23 months who have received 3 doses of rotavirus vaccine (%),93.6,2.7,True,False
Karnataka,Tumakuru,Child Vaccinations and Vitamin A Supplementation,54,Children age 9-35 months who received a vitamin A dose in the last 6 months (%),79.8,96.8,False,False
Karnataka,Tumakuru,Child Vaccinations and Vitamin A Supplementation,55,Children age 12-23 months who received most of their vaccinations in a public health facility (%),95.6,100.0,True,False
Karnataka,Tumakuru,Child Vaccinations and Vitamin A Supplementation,56,Children age 12-23 months who received most of their vaccinations in a private health facility (%),4.4,0.0,True,False
Karnataka,Tumakuru,Treatment of Childhood Diseases (children under age 5 years),57,Prevalence of diarrhoea in the 2 weeks preceding the survey (%),7.5,4.5,False,False
Karnataka,Tumakuru,Treatment of Childhood Diseases (children under age 5 years),58,Prevalence of symptoms of acute respiratory infection (ARI) in the 2 weeks preceding the survey (%),0.0,1.6,False,False
Karnataka,Tumakuru,Treatment of Childhood Diseases (children under age 5 years),59,Children with fever or symptoms of ARI in the 2 weeks preceding the survey taken to a health facility or health provider (%),*,*,True,False
Karnataka,Tumakuru,Child Feeding Practices and Nutritional Status of Children,60,Children under age 3 years breastfed within one hour of birth9 (%),47.5,33.0,False,False
Karnataka,Tumakuru,Child Feeding Practices and Nutritional Status of Children,61,Children under age 6 months exclusively breastfed10 (%),*,*,True,False
Karnataka,Tumakuru,Child Feeding Practices and Nutritional Status of Children,62,Children under age 6 months currently breastfeeding10 (%),*,*,True,False
Karnataka,Tumakuru,Child Feeding Practices and Nutritional Status of Children,63,Children under age 6 months exclusively breastfed or breastfeeding and consuming plain water/other milk only10 (%),*,*,True,False
Karnataka,Tumakuru,Child Feeding Practices and Nutritional Status of Children,64,Children age 6-8 months receiving solid or semi-solid food and breastmilk10 (%),*,*,True,False
Karnataka,Tumakuru,Child Feeding Practices and Nutritional Status of Children,65,"Breastfeeding children age 6-23 months receiving an adequate diet10, 11 (%)",16.2,12.2,True,False
Karnataka,Tumakuru,Child Feeding Practices and Nutritional Status of Children,66,"Non-breastfeeding children age 6-23 months receiving an adequate diet10, 11 (%)",*,*,True,False
Karnataka,Tumakuru,Child Feeding Practices and Nutritional Status of Children,67,"Total children age 6-23 months receiving an adequate diet10, 11 (%)",20.6,15.5,True,False
Karnataka,Tumakuru,Child Feeding Practices and Nutritional Status of Children,68,Children under 5 years who are stunted (height-for-age)12 (%),19.2,40.3,False,False
Karnataka,Tumakuru,Child Feeding Practices and Nutritional Status of Children,69,Children under 5 years who are wasted (weight-for-height)12 (%),12.1,10.9,False,False
Karnataka,Tumakuru,Child Feeding Practices and Nutritional Status of Children,70,Children under 5 years who are severely wasted (weight-for-height)13 (%),3.8,3.1,False,False
Karnataka,Tumakuru,Child Feeding Practices and Nutritional Status of Children,71,Children under 5 years who are underweight (weight-for-age)12 (%),18.5,26.7,False,False
Karnataka,Tumakuru,Child Feeding Practices and Nutritional Status of Children,72,Children under 5 years who are overweight (weight-for-height)14 (%),0.0,6.1,False,False
Karnataka,Tumakuru,Nutritional Status of Adults (age 15-49 years),73,Women whose Body Mass Index (BMI) is below normal (BMI <18.5 kg/m2)15 (%),15.4,15.2,False,False
Karnataka,Tumakuru,Nutritional Status of Adults (age 15-49 years),74,Women who are overweight or obese (BMI ≥25.0 kg/m2)15 (%),42.9,30.4,False,False
Karnataka,Tumakuru,Women,75,Blood sugar level - high (141-160 mg/dl)16 (%),9.7,5.6,False,False
Karnataka,Tumakuru,Women,76,Blood sugar level - very high (>160 mg/dl)16 (%),15.1,8.1,False,False
Karnataka,Tumakuru,Women,77,Blood sugar level - high or very high (>140 mg/dl) or taking medicine to control blood sugar level16 (%),27.6,15.4,False,False
Karnataka,Tumakuru,Men,78,Blood sugar level - high (141-160 mg/dl)16 (%),12.3,7.4,False,False
Karnataka,Tumakuru,Men,79,Blood sugar level - very high (>160 mg/dl)16 (%),17.1,11.0,False,False
Karnataka,Tumakuru,Men,80,Blood sugar level - high or very high (>140 mg/dl) or taking medicine to control blood sugar level16 (%),31.3,19.9,False,False
Karnataka,Tumakuru,Women,81,Mildly elevated blood pressure (Systolic 140-159 mm of Hg and/or Diastolic 90-99 mm of Hg) (%),10.2,16.3,False,False
Karnataka,Tumakuru,Women,82,Moderately or severely elevated blood pressure (Systolic ≥160 mm of Hg and/or Diastolic ≥100 mm of Hg) (%),6.4,6.5,False,False
Karnataka,Tumakuru,Women,83,Elevated blood pressure (Systolic ≥140 mm of Hg and/or Diastolic ≥90 mm of Hg) or taking medicine to control blood pressure (%),25.7,27.4,False,False
Karnataka,Tumakuru,Men,84,Mildly elevated blood pressure (Systolic 140-159 mm of Hg and/or Diastolic 90-99 mm of Hg) (%),15.9,22.3,False,False
Karnataka,Tumakuru,Men,85,Moderately or severely elevated blood pressure (Systolic ≥160 mm of Hg and/or Diastolic ≥100 mm of Hg) (%),6.0,9.4,False,False
Karnataka,Tumakuru,Men,86,Elevated blood pressure (Systolic ≥140 mm of Hg and/or Diastolic ≥90 mm of Hg) or taking medicine to control blood pressure (%),27.4,34.0,False,False
Karnataka,Tumakuru,Men,87,Women having a bank or savings account that they themselves use (%),95.9,90.2,False,False
Karnataka,Tumakuru,Men,88,Women having a mobile phone that they themselves use (%),76.2,74.3,False,False
Karnataka,Tumakuru,Men,89,Women age 15-24 years who use hygienic methods of protection during their menstrual period17 (%),95.2,94.5,False,False
Karnataka,Tumakuru,Tobacco Use and Alcohol Consumption among Adults (age 15 years and above),90,Women age 15 years and above who use any kind of tobacco (%),9.5,9.8,False,False
Karnataka,Tumakuru,Tobacco Use and Alcohol Consumption among Adults (age 15 years and above),91,Men age 15 years and above who use any kind of tobacco (%),21.8,26.7,False,False
Karnataka,Tumakuru,Tobacco Use and Alcohol Consumption among Adults (age 15 years and above),92,Women age 15 years and above who consume alcohol (%),0.2,0.8,False,False
Karnataka,Tumakuru,Tobacco Use and Alcohol Consumption among Adults (age 15 years and above),93,Men age 15 years and above who consume alcohol (%),15.9,18.8,False,False
Karnataka,Udupi,Population and Household Profile,1,Population below age 5 years (%),5.1,6.7,False,False
Karnataka,Udupi,Population and Household Profile,2,Population below age 15 years (%),18.9,19.5,False,False
Karnataka,Udupi,Population and Household Profile,3,Population age 60 years and above (%),21.9,16.9,False,False
Karnataka,Udupi,Population and Household Profile,4,Population living in households with electricity (%),99.9,99.6,False,False
Karnataka,Udupi,Population and Household Profile,5,Population living in households with an improved drinking-water source1 (%),80.7,81.5,False,False
Karnataka,Udupi,Population and Household Profile,6,Households using iodized salt (%),97.8,95.6,False,False
Karnataka,Udupi,Population and Household Profile,7,Households with any usual member covered under a health insurance/financing scheme (%),85.9,59.0,False,False
Karnataka,Udupi,Population and Household Profile,8,Households with any usual member having a bank account/post office account (%),99.1,99.0,False,False
Karnataka,Udupi,Population and Household Profile,9,Female population age 6 years and above who ever attended school (%),83.9,82.0,False,False
Karnataka,Udupi,Population and Household Profile,10,Households with any usual female members owning a house and/or land (alone or jointly with others) (%),43.1,23.7,False,False
Karnataka,Udupi,Population and Household Profile,11,Children age 2-4 years who attended pre-school (%),42.6,59.7,False,False
Karnataka,Udupi,Characteristics of Adults (age 15-49 years),12,Women with 10 or more years of schooling (%),66.7,55.4,False,False
Karnataka,Udupi,Characteristics of Adults (age 15-49 years),13,Men with 10 or more years of schooling (%),68.2,53.5,False,False
Karnataka,Udupi,Characteristics of Adults (age 15-49 years),14,Women who have ever used the internet (%),80.4,48.2,False,False
Karnataka,Udupi,Characteristics of Adults (age 15-49 years),15,Men who have ever used the internet (%),89.0,70.3,False,False
Karnataka,Udupi,Marriage and Fertility,16,Women age 20-24 years married before age 18 years (%),2.0,4.4,False,False
Karnataka,Udupi,Marriage and Fertility,17,Men age 25-29 years married before age 21 years (%),*,*,True,False
Karnataka,Udupi,Marriage and Fertility,18,Three or more births in the 5 years preceding the survey (%),0.5,0.0,False,False
Karnataka,Udupi,Marriage and Fertility,19,Women age 15-19 years who were already mothers or pregnant at the time of the survey (%),0.0,0.7,False,False
Karnataka,Udupi,Marriage and Fertility,20,Any method2 (%),60.6,72.0,False,False
Karnataka,Udupi,Marriage and Fertility,21,Any modern method2 (%),57.0,71.3,False,False
Karnataka,Udupi,Marriage and Fertility,22,Any traditional method (%),3.6,0.7,False,False
Karnataka,Udupi,Marriage and Fertility,23,Female sterilization (%),43.7,46.1,False,False
Karnataka,Udupi,Marriage and Fertility,24,Male sterilization (%),0.3,0.0,False,False
Karnataka,Udupi,Marriage and Fertility,25,Total unmet need3 (%),9.8,7.1,False,False
Karnataka,Udupi,Marriage and Fertility,26,Unmet need for spacing3 (%),5.1,4.7,False,False
Karnataka,Udupi,Marriage and Fertility,27,Unmet need for limiting3 (%),4.7,2.4,False,False
Karnataka,Udupi,Antenatal Care (for last birth in the 5 years before the survey),28,Mothers who had an antenatal check-up in the first trimester (%),82.3,75.1,False,False
Karnataka,Udupi,Antenatal Care (for last birth in the 5 years before the survey),29,Mothers who had any antenatal care visits (%),96.1,100.0,False,False
Karnataka,Udupi,Antenatal Care (for last birth in the 5 years before the survey),30,Mothers who had at least 4 antenatal care visits (%),92.8,59.4,False,False
Karnataka,Udupi,Antenatal Care (for last birth in the 5 years before the survey),31,Mothers whose last birth was protected against neonatal tetanus4 (%),97.0,94.8,False,False
Karnataka,Udupi,Antenatal Care (for last birth in the 5 years before the survey),32,Mothers who consumed iron folic acid for 100 days or more when they were pregnant (%),91.0,51.3,False,False
Karnataka,Udupi,Antenatal Care (for last birth in the 5 years before the survey),33,Mothers who consumed iron folic acid for 180 days or more when they were pregnant (%),81.4,34.2,False,False
Karnataka,Udupi,Antenatal Care (for last birth in the 5 years before the survey),34,Registered pregnancies for which the mother received a Mother and Child Protection (MCP) card (%),100.0,99.2,False,False
Karnataka,Udupi,Delivery Care (for births in the 5 years before the survey),35,Institutional births (%),99.5,98.9,False,False
Karnataka,Udupi,Delivery Care (for births in the 5 years before the survey),36,Institutional births in public facility (%),41.7,37.6,False,False
Karnataka,Udupi,Delivery Care (for births in the 5 years before the survey),37,Births attended by skilled health personnel5 (%),97.3,90.2,False,False
Karnataka,Udupi,Delivery Care (for births in the 5 years before the survey),38,Births delivered by caesarean section (%),54.1,51.9,False,False
Karnataka,Udupi,Delivery Care (for births in the 5 years before the survey),39,Births in a private health facility that were delivered by caesarean section (%),62.0,60.8,False,False
Karnataka,Udupi,Delivery Care (for births in the 5 years before the survey),40,Births in a public health facility that were delivered by caesarean section (%),43.9,39.1,False,False
Karnataka,Udupi,Postnatal Care (for last birth in the 5 years before the survey),41,Mothers who received postnatal care from a doctor/nurse/LHV/ANM/midwife/other health personnel within 2 days of delivery+ (%),94.0,89.2,False,False
Karnataka,Udupi,Postnatal Care (for last birth in the 5 years before the survey),42,Children born at home who were taken to a health facility for a check-up within 24 hours of birth (%),*,*,True,False
Karnataka,Udupi,Postnatal Care (for last birth in the 5 years before the survey),43,Children who received postnatal care from a doctor/nurse/LHV/ANM/midwife/other health personnel within 2 days of delivery+ (%),95.3,87.7,False,False
Karnataka,Udupi,Child Vaccinations and Vitamin A Supplementation,44,Children age 12-23 months fully vaccinated based on information from either vaccination card or mother's recall6 (%),96.4,89.9,True,False
Karnataka,Udupi,Child Vaccinations and Vitamin A Supplementation,45,Children age 12-23 months fully vaccinated based on information from vaccination card only7 (%),96.4,87.8,True,False
Karnataka,Udupi,Child Vaccinations and Vitamin A Supplementation,46,Children age 12-23 months who have received any vaccine (%),100.0,100.0,True,False
Karnataka,Udupi,Child Vaccinations and Vitamin A Supplementation,47,Children age 12-23 months who have received BCG (%),100.0,100.0,True,False
Karnataka,Udupi,Child Vaccinations and Vitamin A Supplementation,48,Children age 12-23 months who have received 3 doses of polio vaccine8 (%),96.4,94.3,True,False
Karnataka,Udupi,Child Vaccinations and Vitamin A Supplementation,49,Children age 12-23 months who have received 3 doses of pentavalent vaccine (%),100.0,94.0,True,False
Karnataka,Udupi,Child Vaccinations and Vitamin A Supplementation,50,Children age 12-23 months who have received the first dose of measles-containing vaccine (MCV) (%),100.0,96.2,True,False
Karnataka,Udupi,Child Vaccinations and Vitamin A Supplementation,51,Children age 24-35 months who have received a second dose of measles-containing vaccine (MCV) (%),85.4,75.6,True,False
Karnataka,Udupi,Child Vaccinations and Vitamin A Supplementation,52,Children age 12-23 months who have received birth dose of hepatitis B vaccine (%),100.0,90.8,True,False
Karnataka,Udupi,Child Vaccinations and Vitamin A Supplementation,53,Children age 12-23 months who have received 3 doses of rotavirus vaccine (%),92.3,2.0,True,False
Karnataka,Udupi,Child Vaccinations and Vitamin A Supplementation,54,Children age 9-35 months who received a vitamin A dose in the last 6 months (%),98.9,88.1,False,False
Karnataka,Udupi,Child Vaccinations and Vitamin A Supplementation,55,Children age 12-23 months who received most of their vaccinations in a public health facility (%),92.5,90.5,True,False
Karnataka,Udupi,Child Vaccinations and Vitamin A Supplementation,56,Children age 12-23 months who received most of their vaccinations in a private health facility (%),7.5,7.6,True,False
Karnataka,Udupi,Treatment of Childhood Diseases (children under age 5 years),57,Prevalence of diarrhoea in the 2 weeks preceding the survey (%),2.3,3.5,False,False
Karnataka,Udupi,Treatment of Childhood Diseases (children under age 5 years),58,Prevalence of symptoms of acute respiratory infection (ARI) in the 2 weeks preceding the survey (%),2.9,1.9,False,False
Karnataka,Udupi,Treatment of Childhood Diseases (children under age 5 years),59,Children with fever or symptoms of ARI in the 2 weeks preceding the survey taken to a health facility or health provider (%),*,49.4,True,False
Karnataka,Udupi,Child Feeding Practices and Nutritional Status of Children,60,Children under age 3 years breastfed within one hour of birth9 (%),36.5,44.2,False,False
Karnataka,Udupi,Child Feeding Practices and Nutritional Status of Children,61,Children under age 6 months exclusively breastfed10 (%),*,74.5,True,False
Karnataka,Udupi,Child Feeding Practices and Nutritional Status of Children,62,Children under age 6 months currently breastfeeding10 (%),*,100.0,True,False
Karnataka,Udupi,Child Feeding Practices and Nutritional Status of Children,63,Children under age 6 months exclusively breastfed or breastfeeding and consuming plain water/other milk only10 (%),*,86.2,True,False
Karnataka,Udupi,Child Feeding Practices and Nutritional Status of Children,64,Children age 6-8 months receiving solid or semi-solid food and breastmilk10 (%),*,*,True,False
Karnataka,Udupi,Child Feeding Practices and Nutritional Status of Children,65,"Breastfeeding children age 6-23 months receiving an adequate diet10, 11 (%)",17.6,11.4,True,False
Karnataka,Udupi,Child Feeding Practices and Nutritional Status of Children,66,"Non-breastfeeding children age 6-23 months receiving an adequate diet10, 11 (%)",*,*,True,False
Karnataka,Udupi,Child Feeding Practices and Nutritional Status of Children,67,"Total children age 6-23 months receiving an adequate diet10, 11 (%)",24.9,10.3,False,False
Karnataka,Udupi,Child Feeding Practices and Nutritional Status of Children,68,Children under 5 years who are stunted (height-for-age)12 (%),18.3,23.1,False,False
Karnataka,Udupi,Child Feeding Practices and Nutritional Status of Children,69,Children under 5 years who are wasted (weight-for-height)12 (%),10.9,17.6,False,False
Karnataka,Udupi,Child Feeding Practices and Nutritional Status of Children,70,Children under 5 years who are severely wasted (weight-for-height)13 (%),3.2,6.0,False,False
Karnataka,Udupi,Child Feeding Practices and Nutritional Status of Children,71,Children under 5 years who are underweight (weight-for-age)12 (%),18.7,21.0,False,False
Karnataka,Udupi,Child Feeding Practices and Nutritional Status of Children,72,Children under 5 years who are overweight (weight-for-height)14 (%),1.7,3.2,False,False
Karnataka,Udupi,Nutritional Status of Adults (age 15-49 years),73,Women whose Body Mass Index (BMI) is below normal (BMI <18.5 kg/m2)15 (%),21.1,23.8,False,False
Karnataka,Udupi,Nutritional Status of Adults (age 15-49 years),74,Women who are overweight or obese (BMI ≥25.0 kg/m2)15 (%),33.8,22.9,False,False
Karnataka,Udupi,Women,75,Blood sugar level - high (141-160 mg/dl)16 (%),9.7,6.0,False,False
Karnataka,Udupi,Women,76,Blood sugar level - very high (>160 mg/dl)16 (%),12.2,9.1,False,False
Karnataka,Udupi,Women,77,Blood sugar level - high or very high (>140 mg/dl) or taking medicine to control blood sugar level16 (%),24.7,16.7,False,False
Karnataka,Udupi,Men,78,Blood sugar level - high (141-160 mg/dl)16 (%),10.7,6.0,False,False
Karnataka,Udupi,Men,79,Blood sugar level - very high (>160 mg/dl)16 (%),17.6,9.7,False,False
Karnataka,Udupi,Men,80,Blood sugar level - high or very high (>140 mg/dl) or taking medicine to control blood sugar level16 (%),30.7,17.7,False,False
Karnataka,Udupi,Women,81,Mildly elevated blood pressure (Systolic 140-159 mm of Hg and/or Diastolic 90-99 mm of Hg) (%),13.6,16.1,False,False
Karnataka,Udupi,Women,82,Moderately or severely elevated blood pressure (Systolic ≥160 mm of Hg and/or Diastolic ≥100 mm of Hg) (%),6.1,8.2,False,False
Karnataka,Udupi,Women,83,Elevated blood pressure (Systolic ≥140 mm of Hg and/or Diastolic ≥90 mm of Hg) or taking medicine to control blood pressure (%),32.7,31.2,False,False
Karnataka,Udupi,Men,84,Mildly elevated blood pressure (Systolic 140-159 mm of Hg and/or Diastolic 90-99 mm of Hg) (%),15.4,18.4,False,False
Karnataka,Udupi,Men,85,Moderately or severely elevated blood pressure (Systolic ≥160 mm of Hg and/or Diastolic ≥100 mm of Hg) (%),7.9,9.1,False,False
Karnataka,Udupi,Men,86,Elevated blood pressure (Systolic ≥140 mm of Hg and/or Diastolic ≥90 mm of Hg) or taking medicine to control blood pressure (%),36.2,32.5,False,False
Karnataka,Udupi,Men,87,Women having a bank or savings account that they themselves use (%),91.8,97.1,False,False
Karnataka,Udupi,Men,88,Women having a mobile phone that they themselves use (%),90.2,85.4,False,False
Karnataka,Udupi,Men,89,Women age 15-24 years who use hygienic methods of protection during their menstrual period17 (%),99.4,95.5,False,False
Karnataka,Udupi,Tobacco Use and Alcohol Consumption among Adults (age 15 years and above),90,Women age 15 years and above who use any kind of tobacco (%),5.0,7.0,False,False
Karnataka,Udupi,Tobacco Use and Alcohol Consumption among Adults (age 15 years and above),91,Men age 15 years and above who use any kind of tobacco (%),16.3,17.4,False,False
Karnataka,Udupi,Tobacco Use and Alcohol Consumption among Adults (age 15 years and above),92,Women age 15 years and above who consume alcohol (%),0.4,1.0,False,False
Karnataka,Udupi,Tobacco Use and Alcohol Consumption among Adults (age 15 years and above),93,Men age 15 years and above who consume alcohol (%),19.6,15.6,False,False
Karnataka,Uttara Kannada,Population and Household Profile,1,Population below age 5 years (%),5.5,5.9,False,False
Karnataka,Uttara Kannada,Population and Household Profile,2,Population below age 15 years (%),20.0,18.2,False,False
Karnataka,Uttara Kannada,Population and Household Profile,3,Population age 60 years and above (%),17.6,14.8,False,False
Karnataka,Uttara Kannada,Population and Household Profile,4,Population living in households with electricity (%),99.9,99.1,False,False
Karnataka,Uttara Kannada,Population and Household Profile,5,Population living in households with an improved drinking-water source1 (%),73.5,84.8,False,False
Karnataka,Uttara Kannada,Population and Household Profile,6,Households using iodized salt (%),97.7,94.3,False,False
Karnataka,Uttara Kannada,Population and Household Profile,7,Households with any usual member covered under a health insurance/financing scheme (%),67.2,34.7,False,False
Karnataka,Uttara Kannada,Population and Household Profile,8,Households with any usual member having a bank account/post office account (%),99.5,95.5,False,False
Karnataka,Uttara Kannada,Population and Household Profile,9,Female population age 6 years and above who ever attended school (%),84.1,81.1,False,False
Karnataka,Uttara Kannada,Population and Household Profile,10,Households with any usual female members owning a house and/or land (alone or jointly with others) (%),40.7,13.4,False,False
Karnataka,Uttara Kannada,Population and Household Profile,11,Children age 2-4 years who attended pre-school (%),62.6,35.7,False,False
Karnataka,Uttara Kannada,Characteristics of Adults (age 15-49 years),12,Women with 10 or more years of schooling (%),55.0,49.2,False,False
Karnataka,Uttara Kannada,Characteristics of Adults (age 15-49 years),13,Men with 10 or more years of schooling (%),60.9,47.4,False,False
Karnataka,Uttara Kannada,Characteristics of Adults (age 15-49 years),14,Women who have ever used the internet (%),63.6,39.4,False,False
Karnataka,Uttara Kannada,Characteristics of Adults (age 15-49 years),15,Men who have ever used the internet (%),84.7,59.1,False,False
Karnataka,Uttara Kannada,Marriage and Fertility,16,Women age 20-24 years married before age 18 years (%),4.6,11.6,False,False
Karnataka,Uttara Kannada,Marriage and Fertility,17,Men age 25-29 years married before age 21 years (%),*,*,True,False
Karnataka,Uttara Kannada,Marriage and Fertility,18,Three or more births in the 5 years preceding the survey (%),0.5,2.4,False,False
Karnataka,Uttara Kannada,Marriage and Fertility,19,Women age 15-19 years who were already mothers or pregnant at the time of the survey (%),0.0,1.3,False,False
Karnataka,Uttara Kannada,Marriage and Fertility,20,Any method2 (%),64.1,69.3,False,False
Karnataka,Uttara Kannada,Marriage and Fertility,21,Any modern method2 (%),62.0,69.3,False,False
Karnataka,Uttara Kannada,Marriage and Fertility,22,Any traditional method (%),2.1,0.0,False,False
Karnataka,Uttara Kannada,Marriage and Fertility,23,Female sterilization (%),54.8,56.7,False,False
Karnataka,Uttara Kannada,Marriage and Fertility,24,Male sterilization (%),0.2,0.0,False,False
Karnataka,Uttara Kannada,Marriage and Fertility,25,Total unmet need3 (%),5.3,7.4,False,False
Karnataka,Uttara Kannada,Marriage and Fertility,26,Unmet need for spacing3 (%),3.6,3.7,False,False
Karnataka,Uttara Kannada,Marriage and Fertility,27,Unmet need for limiting3 (%),1.7,3.7,False,False
Karnataka,Uttara Kannada,Antenatal Care (for last birth in the 5 years before the survey),28,Mothers who had an antenatal check-up in the first trimester (%),91.6,80.4,False,False
Karnataka,Uttara Kannada,Antenatal Care (for last birth in the 5 years before the survey),29,Mothers who had any antenatal care visits (%),100.0,98.5,False,False
Karnataka,Uttara Kannada,Antenatal Care (for last birth in the 5 years before the survey),30,Mothers who had at least 4 antenatal care visits (%),89.1,57.9,False,False
Karnataka,Uttara Kannada,Antenatal Care (for last birth in the 5 years before the survey),31,Mothers whose last birth was protected against neonatal tetanus4 (%),100.0,92.2,False,False
Karnataka,Uttara Kannada,Antenatal Care (for last birth in the 5 years before the survey),32,Mothers who consumed iron folic acid for 100 days or more when they were pregnant (%),94.7,35.6,False,False
Karnataka,Uttara Kannada,Antenatal Care (for last birth in the 5 years before the survey),33,Mothers who consumed iron folic acid for 180 days or more when they were pregnant (%),76.7,18.4,False,False
Karnataka,Uttara Kannada,Antenatal Care (for last birth in the 5 years before the survey),34,Registered pregnancies for which the mother received a Mother and Child Protection (MCP) card (%),100.0,97.9,False,False
Karnataka,Uttara Kannada,Delivery Care (for births in the 5 years before the survey),35,Institutional births (%),98.7,99.3,False,False
Karnataka,Uttara Kannada,Delivery Care (for births in the 5 years before the survey),36,Institutional births in public facility (%),59.8,69.5,False,False
Karnataka,Uttara Kannada,Delivery Care (for births in the 5 years before the survey),37,Births attended by skilled health personnel5 (%),100.0,99.2,False,False
Karnataka,Uttara Kannada,Delivery Care (for births in the 5 years before the survey),38,Births delivered by caesarean section (%),42.5,36.3,False,False
Karnataka,Uttara Kannada,Delivery Care (for births in the 5 years before the survey),39,Births in a private health facility that were delivered by caesarean section (%),53.3,46.2,False,False
Karnataka,Uttara Kannada,Delivery Care (for births in the 5 years before the survey),40,Births in a public health facility that were delivered by caesarean section (%),36.3,32.4,False,False
Karnataka,Uttara Kannada,Postnatal Care (for last birth in the 5 years before the survey),41,Mothers who received postnatal care from a doctor/nurse/LHV/ANM/midwife/other health personnel within 2 days of delivery+ (%),96.7,87.4,False,False
Karnataka,Uttara Kannada,Postnatal Care (for last birth in the 5 years before the survey),42,Children born at home who were taken to a health facility for a check-up within 24 hours of birth (%),*,*,True,False
Karnataka,Uttara Kannada,Postnatal Care (for last birth in the 5 years before the survey),43,Children who received postnatal care from a doctor/nurse/LHV/ANM/midwife/other health personnel within 2 days of delivery+ (%),97.9,87.8,False,False
Karnataka,Uttara Kannada,Child Vaccinations and Vitamin A Supplementation,44,Children age 12-23 months fully vaccinated based on information from either vaccination card or mother's recall6 (%),93.5,93.6,True,False
Karnataka,Uttara Kannada,Child Vaccinations and Vitamin A Supplementation,45,Children age 12-23 months fully vaccinated based on information from vaccination card only7 (%),96.5,96.8,True,False
Karnataka,Uttara Kannada,Child Vaccinations and Vitamin A Supplementation,46,Children age 12-23 months who have received any vaccine (%),96.9,98.2,True,False
Karnataka,Uttara Kannada,Child Vaccinations and Vitamin A Supplementation,47,Children age 12-23 months who have received BCG (%),96.9,98.2,True,False
Karnataka,Uttara Kannada,Child Vaccinations and Vitamin A Supplementation,48,Children age 12-23 months who have received 3 doses of polio vaccine8 (%),93.5,93.6,True,False
Karnataka,Uttara Kannada,Child Vaccinations and Vitamin A Supplementation,49,Children age 12-23 months who have received 3 doses of pentavalent vaccine (%),96.9,96.7,True,False
Karnataka,Uttara Kannada,Child Vaccinations and Vitamin A Supplementation,50,Children age 12-23 months who have received the first dose of measles-containing vaccine (MCV) (%),96.9,96.7,True,False
Karnataka,Uttara Kannada,Child Vaccinations and Vitamin A Supplementation,51,Children age 24-35 months who have received a second dose of measles-containing vaccine (MCV) (%),81.2,70.9,True,False
Karnataka,Uttara Kannada,Child Vaccinations and Vitamin A Supplementation,52,Children age 12-23 months who have received birth dose of hepatitis B vaccine (%),87.4,86.6,True,False
Karnataka,Uttara Kannada,Child Vaccinations and Vitamin A Supplementation,53,Children age 12-23 months who have received 3 doses of rotavirus vaccine (%),90.3,4.3,True,False
Karnataka,Uttara Kannada,Child Vaccinations and Vitamin A Supplementation,54,Children age 9-35 months who received a vitamin A dose in the last 6 months (%),92.3,89.7,False,False
Karnataka,Uttara Kannada,Child Vaccinations and Vitamin A Supplementation,55,Children age 12-23 months who received most of their vaccinations in a public health facility (%),93.0,84.3,True,False
Karnataka,Uttara Kannada,Child Vaccinations and Vitamin A Supplementation,56,Children age 12-23 months who received most of their vaccinations in a private health facility (%),7.0,15.7,True,False
Karnataka,Uttara Kannada,Treatment of Childhood Diseases (children under age 5 years),57,Prevalence of diarrhoea in the 2 weeks preceding the survey (%),3.1,5.9,False,False
Karnataka,Uttara Kannada,Treatment of Childhood Diseases (children under age 5 years),58,Prevalence of symptoms of acute respiratory infection (ARI) in the 2 weeks preceding the survey (%),0.0,3.0,False,False
Karnataka,Uttara Kannada,Treatment of Childhood Diseases (children under age 5 years),59,Children with fever or symptoms of ARI in the 2 weeks preceding the survey taken to a health facility or health provider (%),*,62.0,True,False
Karnataka,Uttara Kannada,Child Feeding Practices and Nutritional Status of Children,60,Children under age 3 years breastfed within one hour of birth9 (%),44.7,56.1,False,False
Karnataka,Uttara Kannada,Child Feeding Practices and Nutritional Status of Children,61,Children under age 6 months exclusively breastfed10 (%),*,*,True,False
Karnataka,Uttara Kannada,Child Feeding Practices and Nutritional Status of Children,62,Children under age 6 months currently breastfeeding10 (%),*,*,True,False
Karnataka,Uttara Kannada,Child Feeding Practices and Nutritional Status of Children,63,Children under age 6 months exclusively breastfed or breastfeeding and consuming plain water/other milk only10 (%),*,*,True,False
Karnataka,Uttara Kannada,Child Feeding Practices and Nutritional Status of Children,64,Children age 6-8 months receiving solid or semi-solid food and breastmilk10 (%),*,*,True,False
Karnataka,Uttara Kannada,Child Feeding Practices and Nutritional Status of Children,65,"Breastfeeding children age 6-23 months receiving an adequate diet10, 11 (%)",14.3,13.9,True,False
Karnataka,Uttara Kannada,Child Feeding Practices and Nutritional Status of Children,66,"Non-breastfeeding children age 6-23 months receiving an adequate diet10, 11 (%)",*,*,True,False
Karnataka,Uttara Kannada,Child Feeding Practices and Nutritional Status of Children,67,"Total children age 6-23 months receiving an adequate diet10, 11 (%)",12.9,14.7,True,False
Karnataka,Uttara Kannada,Child Feeding Practices and Nutritional Status of Children,68,Children under 5 years who are stunted (height-for-age)12 (%),26.2,29.6,False,False
Karnataka,Uttara Kannada,Child Feeding Practices and Nutritional Status of Children,69,Children under 5 years who are wasted (weight-for-height)12 (%),17.1,21.9,False,False
Karnataka,Uttara Kannada,Child Feeding Practices and Nutritional Status of Children,70,Children under 5 years who are severely wasted (weight-for-height)13 (%),6.9,13.1,False,False
Karnataka,Uttara Kannada,Child Feeding Practices and Nutritional Status of Children,71,Children under 5 years who are underweight (weight-for-age)12 (%),25.8,33.3,False,False
Karnataka,Uttara Kannada,Child Feeding Practices and Nutritional Status of Children,72,Children under 5 years who are overweight (weight-for-height)14 (%),0.0,3.3,False,False
Karnataka,Uttara Kannada,Nutritional Status of Adults (age 15-49 years),73,Women whose Body Mass Index (BMI) is below normal (BMI <18.5 kg/m2)15 (%),18.1,18.4,False,False
Karnataka,Uttara Kannada,Nutritional Status of Adults (age 15-49 years),74,Women who are overweight or obese (BMI ≥25.0 kg/m2)15 (%),31.2,22.6,False,False
Karnataka,Uttara Kannada,Women,75,Blood sugar level - high (141-160 mg/dl)16 (%),7.7,4.9,False,False
Karnataka,Uttara Kannada,Women,76,Blood sugar level - very high (>160 mg/dl)16 (%),8.8,6.6,False,False
Karnataka,Uttara Kannada,Women,77,Blood sugar level - high or very high (>140 mg/dl) or taking medicine to control blood sugar level16 (%),18.4,12.7,False,False
Karnataka,Uttara Kannada,Men,78,Blood sugar level - high (141-160 mg/dl)16 (%),7.9,6.2,False,False
Karnataka,Uttara Kannada,Men,79,Blood sugar level - very high (>160 mg/dl)16 (%),10.8,6.9,False,False
Karnataka,Uttara Kannada,Men,80,Blood sugar level - high or very high (>140 mg/dl) or taking medicine to control blood sugar level16 (%),19.8,13.8,False,False
Karnataka,Uttara Kannada,Women,81,Mildly elevated blood pressure (Systolic 140-159 mm of Hg and/or Diastolic 90-99 mm of Hg) (%),11.5,14.8,False,False
Karnataka,Uttara Kannada,Women,82,Moderately or severely elevated blood pressure (Systolic ≥160 mm of Hg and/or Diastolic ≥100 mm of Hg) (%),8.0,7.1,False,False
Karnataka,Uttara Kannada,Women,83,Elevated blood pressure (Systolic ≥140 mm of Hg and/or Diastolic ≥90 mm of Hg) or taking medicine to control blood pressure (%),25.9,26.9,False,False
Karnataka,Uttara Kannada,Men,84,Mildly elevated blood pressure (Systolic 140-159 mm of Hg and/or Diastolic 90-99 mm of Hg) (%),14.1,14.7,False,False
Karnataka,Uttara Kannada,Men,85,Moderately or severely elevated blood pressure (Systolic ≥160 mm of Hg and/or Diastolic ≥100 mm of Hg) (%),9.2,6.8,False,False
Karnataka,Uttara Kannada,Men,86,Elevated blood pressure (Systolic ≥140 mm of Hg and/or Diastolic ≥90 mm of Hg) or taking medicine to control blood pressure (%),28.1,25.1,False,False
Karnataka,Uttara Kannada,Men,87,Women having a bank or savings account that they themselves use (%),98.8,87.4,False,False
Karnataka,Uttara Kannada,Men,88,Women having a mobile phone that they themselves use (%),73.3,69.5,False,False
Karnataka,Uttara Kannada,Men,89,Women age 15-24 years who use hygienic methods of protection during their menstrual period17 (%),82.8,93.9,False,False
Karnataka,Uttara Kannada,Tobacco Use and Alcohol Consumption among Adults (age 15 years and above),90,Women age 15 years and above who use any kind of tobacco (%),6.2,10.5,False,False
Karnataka,Uttara Kannada,Tobacco Use and Alcohol Consumption among Adults (age 15 years and above),91,Men age 15 years and above who use any kind of tobacco (%),28.9,26.1,False,False
Karnataka,Uttara Kannada,Tobacco Use and Alcohol Consumption among Adults (age 15 years and above),92,Women age 15 years and above who consume alcohol (%),0.2,0.3,False,False
Karnataka,Uttara Kannada,Tobacco Use and Alcohol Consumption among Adults (age 15 years and above),93,Men age 15 years and above who consume alcohol (%),8.8,12.3,False,False
Karnataka,Vijayapura,Population and Household Profile,1,Population below age 5 years (%),8.0,8.9,False,False
Karnataka,Vijayapura,Population and Household Profile,2,Population below age 15 years (%),27.1,28.0,False,False
Karnataka,Vijayapura,Population and Household Profile,3,Population age 60 years and above (%),13.0,11.2,False,False
Karnataka,Vijayapura,Population and Household Profile,4,Population living in households with electricity (%),99.6,97.6,False,False
Karnataka,Vijayapura,Population and Household Profile,5,Population living in households with an improved drinking-water source1 (%),98.4,92.5,False,False
Karnataka,Vijayapura,Population and Household Profile,6,Households using iodized salt (%),95.4,92.3,False,False
Karnataka,Vijayapura,Population and Household Profile,7,Households with any usual member covered under a health insurance/financing scheme (%),62.5,24.0,False,False
Karnataka,Vijayapura,Population and Household Profile,8,Households with any usual member having a bank account/post office account (%),98.4,94.2,False,False
Karnataka,Vijayapura,Population and Household Profile,9,Female population age 6 years and above who ever attended school (%),71.1,66.1,False,False
Karnataka,Vijayapura,Population and Household Profile,10,Households with any usual female members owning a house and/or land (alone or jointly with others) (%),37.9,12.5,False,False
Karnataka,Vijayapura,Population and Household Profile,11,Children age 2-4 years who attended pre-school (%),42.3,43.1,False,False
Karnataka,Vijayapura,Characteristics of Adults (age 15-49 years),12,Women with 10 or more years of schooling (%),46.3,37.1,False,False
Karnataka,Vijayapura,Characteristics of Adults (age 15-49 years),13,Men with 10 or more years of schooling (%),53.4,59.6,False,False
Karnataka,Vijayapura,Characteristics of Adults (age 15-49 years),14,Women who have ever used the internet (%),46.4,23.6,False,False
Karnataka,Vijayapura,Characteristics of Adults (age 15-49 years),15,Men who have ever used the internet (%),76.6,63.2,False,False
Karnataka,Vijayapura,Marriage and Fertility,16,Women age 20-24 years married before age 18 years (%),29.8,39.2,False,False
Karnataka,Vijayapura,Marriage and Fertility,17,Men age 25-29 years married before age 21 years (%),*,*,True,False
Karnataka,Vijayapura,Marriage and Fertility,18,Three or more births in the 5 years preceding the survey (%),3.0,2.6,False,False
Karnataka,Vijayapura,Marriage and Fertility,19,Women age 15-19 years who were already mothers or pregnant at the time of the survey (%),12.6,11.8,False,False
Karnataka,Vijayapura,Marriage and Fertility,20,Any method2 (%),61.6,63.1,False,False
Karnataka,Vijayapura,Marriage and Fertility,21,Any modern method2 (%),61.4,62.7,False,False
Karnataka,Vijayapura,Marriage and Fertility,22,Any traditional method (%),0.2,0.4,False,False
Karnataka,Vijayapura,Marriage and Fertility,23,Female sterilization (%),59.3,55.5,False,False
Karnataka,Vijayapura,Marriage and Fertility,24,Male sterilization (%),0.0,0.0,False,False
Karnataka,Vijayapura,Marriage and Fertility,25,Total unmet need3 (%),11.5,7.0,False,False
Karnataka,Vijayapura,Marriage and Fertility,26,Unmet need for spacing3 (%),8.5,4.0,False,False
Karnataka,Vijayapura,Marriage and Fertility,27,Unmet need for limiting3 (%),3.0,3.0,False,False
Karnataka,Vijayapura,Antenatal Care (for last birth in the 5 years before the survey),28,Mothers who had an antenatal check-up in the first trimester (%),82.5,60.3,False,False
Karnataka,Vijayapura,Antenatal Care (for last birth in the 5 years before the survey),29,Mothers who had any antenatal care visits (%),100.0,96.8,False,False
Karnataka,Vijayapura,Antenatal Care (for last birth in the 5 years before the survey),30,Mothers who had at least 4 antenatal care visits (%),69.6,56.4,False,False
Karnataka,Vijayapura,Antenatal Care (for last birth in the 5 years before the survey),31,Mothers whose last birth was protected against neonatal tetanus4 (%),94.8,93.5,False,False
Karnataka,Vijayapura,Antenatal Care (for last birth in the 5 years before the survey),32,Mothers who consumed iron folic acid for 100 days or more when they were pregnant (%),58.8,36.6,False,False
Karnataka,Vijayapura,Antenatal Care (for last birth in the 5 years before the survey),33,Mothers who consumed iron folic acid for 180 days or more when they were pregnant (%),46.9,15.4,False,False
Karnataka,Vijayapura,Antenatal Care (for last birth in the 5 years before the survey),34,Registered pregnancies for which the mother received a Mother and Child Protection (MCP) card (%),96.6,91.1,False,False
Karnataka,Vijayapura,Delivery Care (for births in the 5 years before the survey),35,Institutional births (%),95.1,91.8,False,False
Karnataka,Vijayapura,Delivery Care (for births in the 5 years before the survey),36,Institutional births in public facility (%),54.5,59.6,False,False
Karnataka,Vijayapura,Delivery Care (for births in the 5 years before the survey),37,Births attended by skilled health personnel5 (%),94.3,90.0,False,False
Karnataka,Vijayapura,Delivery Care (for births in the 5 years before the survey),38,Births delivered by caesarean section (%),38.8,20.9,False,False
Karnataka,Vijayapura,Delivery Care (for births in the 5 years before the survey),39,Births in a private health facility that were delivered by caesarean section (%),68.0,46.6,False,False
Karnataka,Vijayapura,Delivery Care (for births in the 5 years before the survey),40,Births in a public health facility that were delivered by caesarean section (%),20.4,9.9,False,False
Karnataka,Vijayapura,Postnatal Care (for last birth in the 5 years before the survey),41,Mothers who received postnatal care from a doctor/nurse/LHV/ANM/midwife/other health personnel within 2 days of delivery+ (%),91.4,74.4,False,False
Karnataka,Vijayapura,Postnatal Care (for last birth in the 5 years before the survey),42,Children born at home who were taken to a health facility for a check-up within 24 hours of birth (%),*,*,True,False
Karnataka,Vijayapura,Postnatal Care (for last birth in the 5 years before the survey),43,Children who received postnatal care from a doctor/nurse/LHV/ANM/midwife/other health personnel within 2 days of delivery+ (%),91.4,74.8,False,False
Karnataka,Vijayapura,Child Vaccinations and Vitamin A Supplementation,44,Children age 12-23 months fully vaccinated based on information from either vaccination card or mother's recall6 (%),66.8,71.1,True,False
Karnataka,Vijayapura,Child Vaccinations and Vitamin A Supplementation,45,Children age 12-23 months fully vaccinated based on information from vaccination card only7 (%),80.2,73.2,True,False
Karnataka,Vijayapura,Child Vaccinations and Vitamin A Supplementation,46,Children age 12-23 months who have received any vaccine (%),89.8,95.5,True,False
Karnataka,Vijayapura,Child Vaccinations and Vitamin A Supplementation,47,Children age 12-23 months who have received BCG (%),83.8,95.5,True,False
Karnataka,Vijayapura,Child Vaccinations and Vitamin A Supplementation,48,Children age 12-23 months who have received 3 doses of polio vaccine8 (%),74.9,81.4,True,False
Karnataka,Vijayapura,Child Vaccinations and Vitamin A Supplementation,49,Children age 12-23 months who have received 3 doses of pentavalent vaccine (%),73.0,84.7,True,False
Karnataka,Vijayapura,Child Vaccinations and Vitamin A Supplementation,50,Children age 12-23 months who have received the first dose of measles-containing vaccine (MCV) (%),83.4,81.8,True,False
Karnataka,Vijayapura,Child Vaccinations and Vitamin A Supplementation,51,Children age 24-35 months who have received a second dose of measles-containing vaccine (MCV) (%),67.8,45.0,False,False
Karnataka,Vijayapura,Child Vaccinations and Vitamin A Supplementation,52,Children age 12-23 months who have received birth dose of hepatitis B vaccine (%),69.5,76.0,True,False
Karnataka,Vijayapura,Child Vaccinations and Vitamin A Supplementation,53,Children age 12-23 months who have received 3 doses of rotavirus vaccine (%),73.1,14.1,True,False
Karnataka,Vijayapura,Child Vaccinations and Vitamin A Supplementation,54,Children age 9-35 months who received a vitamin A dose in the last 6 months (%),90.8,83.4,False,False
Karnataka,Vijayapura,Child Vaccinations and Vitamin A Supplementation,55,Children age 12-23 months who received most of their vaccinations in a public health facility (%),95.7,92.8,True,False
Karnataka,Vijayapura,Child Vaccinations and Vitamin A Supplementation,56,Children age 12-23 months who received most of their vaccinations in a private health facility (%),4.3,6.0,True,False
Karnataka,Vijayapura,Treatment of Childhood Diseases (children under age 5 years),57,Prevalence of diarrhoea in the 2 weeks preceding the survey (%),11.5,8.2,False,False
Karnataka,Vijayapura,Treatment of Childhood Diseases (children under age 5 years),58,Prevalence of symptoms of acute respiratory infection (ARI) in the 2 weeks preceding the survey (%),0.0,1.6,False,False
Karnataka,Vijayapura,Treatment of Childhood Diseases (children under age 5 years),59,Children with fever or symptoms of ARI in the 2 weeks preceding the survey taken to a health facility or health provider (%),97.4,68.7,True,False
Karnataka,Vijayapura,Child Feeding Practices and Nutritional Status of Children,60,Children under age 3 years breastfed within one hour of birth9 (%),53.9,57.3,False,False
Karnataka,Vijayapura,Child Feeding Practices and Nutritional Status of Children,61,Children under age 6 months exclusively breastfed10 (%),43.7,63.5,True,False
Karnataka,Vijayapura,Child Feeding Practices and Nutritional Status of Children,62,Children under age 6 months currently breastfeeding10 (%),100.0,100.0,True,False
Karnataka,Vijayapura,Child Feeding Practices and Nutritional Status of Children,63,Children under age 6 months exclusively breastfed or breastfeeding and consuming plain water/other milk only10 (%),84.1,85.2,True,False
Karnataka,Vijayapura,Child Feeding Practices and Nutritional Status of Children,64,Children age 6-8 months receiving solid or semi-solid food and breastmilk10 (%),*,*,True,False
Karnataka,Vijayapura,Child Feeding Practices and Nutritional Status of Children,65,"Breastfeeding children age 6-23 months receiving an adequate diet10, 11 (%)",18.4,10.0,False,False
Karnataka,Vijayapura,Child Feeding Practices and Nutritional Status of Children,66,"Non-breastfeeding children age 6-23 months receiving an adequate diet10, 11 (%)",*,*,True,False
Karnataka,Vijayapura,Child Feeding Practices and Nutritional Status of Children,67,"Total children age 6-23 months receiving an adequate diet10, 11 (%)",19.2,14.6,False,False
Karnataka,Vijayapura,Child Feeding Practices and Nutritional Status of Children,68,Children under 5 years who are stunted (height-for-age)12 (%),41.5,45.9,False,False
Karnataka,Vijayapura,Child Feeding Practices and Nutritional Status of Children,69,Children under 5 years who are wasted (weight-for-height)12 (%),23.2,15.0,False,False
Karnataka,Vijayapura,Child Feeding Practices and Nutritional Status of Children,70,Children under 5 years who are severely wasted (weight-for-height)13 (%),5.2,4.3,False,False
Karnataka,Vijayapura,Child Feeding Practices and Nutritional Status of Children,71,Children under 5 years who are underweight (weight-for-age)12 (%),45.3,39.0,False,False
Karnataka,Vijayapura,Child Feeding Practices and Nutritional Status of Children,72,Children under 5 years who are overweight (weight-for-height)14 (%),0.4,2.7,False,False
Karnataka,Vijayapura,Nutritional Status of Adults (age 15-49 years),73,Women whose Body Mass Index (BMI) is below normal (BMI <18.5 kg/m2)15 (%),17.5,18.1,False,False
Karnataka,Vijayapura,Nutritional Status of Adults (age 15-49 years),74,Women who are overweight or obese (BMI ≥25.0 kg/m2)15 (%),33.9,27.4,False,False
Karnataka,Vijayapura,Women,75,Blood sugar level - high (141-160 mg/dl)16 (%),7.2,4.9,False,False
Karnataka,Vijayapura,Women,76,Blood sugar level - very high (>160 mg/dl)16 (%),8.6,5.7,False,False
Karnataka,Vijayapura,Women,77,Blood sugar level - high or very high (>140 mg/dl) or taking medicine to control blood sugar level16 (%),16.9,11.6,False,False
Karnataka,Vijayapura,Men,78,Blood sugar level - high (141-160 mg/dl)16 (%),8.0,5.4,False,False
Karnataka,Vijayapura,Men,79,Blood sugar level - very high (>160 mg/dl)16 (%),11.1,7.3,False,False
Karnataka,Vijayapura,Men,80,Blood sugar level - high or very high (>140 mg/dl) or taking medicine to control blood sugar level16 (%),20.7,14.3,False,False
Karnataka,Vijayapura,Women,81,Mildly elevated blood pressure (Systolic 140-159 mm of Hg and/or Diastolic 90-99 mm of Hg) (%),10.1,11.2,False,False
Karnataka,Vijayapura,Women,82,Moderately or severely elevated blood pressure (Systolic ≥160 mm of Hg and/or Diastolic ≥100 mm of Hg) (%),4.7,5.1,False,False
Karnataka,Vijayapura,Women,83,Elevated blood pressure (Systolic ≥140 mm of Hg and/or Diastolic ≥90 mm of Hg) or taking medicine to control blood pressure (%),18.7,20.2,False,False
Karnataka,Vijayapura,Men,84,Mildly elevated blood pressure (Systolic 140-159 mm of Hg and/or Diastolic 90-99 mm of Hg) (%),11.5,13.2,False,False
Karnataka,Vijayapura,Men,85,Moderately or severely elevated blood pressure (Systolic ≥160 mm of Hg and/or Diastolic ≥100 mm of Hg) (%),5.4,5.1,False,False
Karnataka,Vijayapura,Men,86,Elevated blood pressure (Systolic ≥140 mm of Hg and/or Diastolic ≥90 mm of Hg) or taking medicine to control blood pressure (%),20.1,21.0,False,False
Karnataka,Vijayapura,Men,87,Women having a bank or savings account that they themselves use (%),92.4,79.5,False,False
Karnataka,Vijayapura,Men,88,Women having a mobile phone that they themselves use (%),56.0,53.6,False,False
Karnataka,Vijayapura,Men,89,Women age 15-24 years who use hygienic methods of protection during their menstrual period17 (%),62.5,71.9,False,False
Karnataka,Vijayapura,Tobacco Use and Alcohol Consumption among Adults (age 15 years and above),90,Women age 15 years and above who use any kind of tobacco (%),10.5,10.8,False,False
Karnataka,Vijayapura,Tobacco Use and Alcohol Consumption among Adults (age 15 years and above),91,Men age 15 years and above who use any kind of tobacco (%),31.2,34.6,False,False
Karnataka,Vijayapura,Tobacco Use and Alcohol Consumption among Adults (age 15 years and above),92,Women age 15 years and above who consume alcohol (%),0.3,0.8,False,False
Karnataka,Vijayapura,Tobacco Use and Alcohol Consumption among Adults (age 15 years and above),93,Men age 15 years and above who consume alcohol (%),15.4,15.3,False,False
Karnataka,Yadgir,Population and Household Profile,1,Population below age 5 years (%),8.2,9.5,False,False
Karnataka,Yadgir,Population and Household Profile,2,Population below age 15 years (%),27.6,29.2,False,False
Karnataka,Yadgir,Population and Household Profile,3,Population age 60 years and above (%),12.8,11.2,False,False
Karnataka,Yadgir,Population and Household Profile,4,Population living in households with electricity (%),99.5,99.0,False,False
Karnataka,Yadgir,Population and Household Profile,5,Population living in households with an improved drinking-water source1 (%),96.8,95.2,False,False
Karnataka,Yadgir,Population and Household Profile,6,Households using iodized salt (%),94.4,76.3,False,False
Karnataka,Yadgir,Population and Household Profile,7,Households with any usual member covered under a health insurance/financing scheme (%),46.5,20.2,False,False
Karnataka,Yadgir,Population and Household Profile,8,Households with any usual member having a bank account/post office account (%),99.4,94.6,False,False
Karnataka,Yadgir,Population and Household Profile,9,Female population age 6 years and above who ever attended school (%),57.2,51.9,False,False
Karnataka,Yadgir,Population and Household Profile,10,Households with any usual female members owning a house and/or land (alone or jointly with others) (%),36.6,21.8,False,False
Karnataka,Yadgir,Population and Household Profile,11,Children age 2-4 years who attended pre-school (%),48.4,34.1,False,False
Karnataka,Yadgir,Characteristics of Adults (age 15-49 years),12,Women with 10 or more years of schooling (%),32.9,26.4,False,False
Karnataka,Yadgir,Characteristics of Adults (age 15-49 years),13,Men with 10 or more years of schooling (%),53.6,35.4,False,False
Karnataka,Yadgir,Characteristics of Adults (age 15-49 years),14,Women who have ever used the internet (%),33.2,17.3,False,False
Karnataka,Yadgir,Characteristics of Adults (age 15-49 years),15,Men who have ever used the internet (%),69.1,60.2,False,False
Karnataka,Yadgir,Marriage and Fertility,16,Women age 20-24 years married before age 18 years (%),32.3,33.2,False,False
Karnataka,Yadgir,Marriage and Fertility,17,Men age 25-29 years married before age 21 years (%),*,24.7,True,False
Karnataka,Yadgir,Marriage and Fertility,18,Three or more births in the 5 years preceding the survey (%),4.5,3.5,False,False
Karnataka,Yadgir,Marriage and Fertility,19,Women age 15-19 years who were already mothers or pregnant at the time of the survey (%),8.6,6.9,False,False
Karnataka,Yadgir,Marriage and Fertility,20,Any method2 (%),61.1,64.0,False,False
Karnataka,Yadgir,Marriage and Fertility,21,Any modern method2 (%),60.1,63.7,False,False
Karnataka,Yadgir,Marriage and Fertility,22,Any traditional method (%),1.0,0.3,False,False
Karnataka,Yadgir,Marriage and Fertility,23,Female sterilization (%),58.5,57.6,False,False
Karnataka,Yadgir,Marriage and Fertility,24,Male sterilization (%),0.0,0.1,False,False
Karnataka,Yadgir,Marriage and Fertility,25,Total unmet need3 (%),6.7,7.5,False,False
Karnataka,Yadgir,Marriage and Fertility,26,Unmet need for spacing3 (%),5.3,5.9,False,False
Karnataka,Yadgir,Marriage and Fertility,27,Unmet need for limiting3 (%),1.4,1.6,False,False
Karnataka,Yadgir,Antenatal Care (for last birth in the 5 years before the survey),28,Mothers who had an antenatal check-up in the first trimester (%),90.8,57.4,False,False
Karnataka,Yadgir,Antenatal Care (for last birth in the 5 years before the survey),29,Mothers who had any antenatal care visits (%),100.0,97.7,False,False
Karnataka,Yadgir,Antenatal Care (for last birth in the 5 years before the survey),30,Mothers who had at least 4 antenatal care visits (%),92.8,63.6,False,False
Karnataka,Yadgir,Antenatal Care (for last birth in the 5 years before the survey),31,Mothers whose last birth was protected against neonatal tetanus4 (%),98.0,79.4,False,False
Karnataka,Yadgir,Antenatal Care (for last birth in the 5 years before the survey),32,Mothers who consumed iron folic acid for 100 days or more when they were pregnant (%),88.7,29.6,False,False
Karnataka,Yadgir,Antenatal Care (for last birth in the 5 years before the survey),33,Mothers who consumed iron folic acid for 180 days or more when they were pregnant (%),74.7,10.8,False,False
Karnataka,Yadgir,Antenatal Care (for last birth in the 5 years before the survey),34,Registered pregnancies for which the mother received a Mother and Child Protection (MCP) card (%),99.7,97.9,False,False
Karnataka,Yadgir,Delivery Care (for births in the 5 years before the survey),35,Institutional births (%),97.9,93.3,False,False
Karnataka,Yadgir,Delivery Care (for births in the 5 years before the survey),36,Institutional births in public facility (%),76.0,73.4,False,False
Karnataka,Yadgir,Delivery Care (for births in the 5 years before the survey),37,Births attended by skilled health personnel5 (%),99.3,93.0,False,False
Karnataka,Yadgir,Delivery Care (for births in the 5 years before the survey),38,Births delivered by caesarean section (%),19.8,14.3,False,False
Karnataka,Yadgir,Delivery Care (for births in the 5 years before the survey),39,Births in a private health facility that were delivered by caesarean section (%),54.5,45.0,False,False
Karnataka,Yadgir,Delivery Care (for births in the 5 years before the survey),40,Births in a public health facility that were delivered by caesarean section (%),10.4,7.2,False,False
Karnataka,Yadgir,Postnatal Care (for last birth in the 5 years before the survey),41,Mothers who received postnatal care from a doctor/nurse/LHV/ANM/midwife/other health personnel within 2 days of delivery+ (%),95.5,73.3,False,False
Karnataka,Yadgir,Postnatal Care (for last birth in the 5 years before the survey),42,Children born at home who were taken to a health facility for a check-up within 24 hours of birth (%),*,*,True,False
Karnataka,Yadgir,Postnatal Care (for last birth in the 5 years before the survey),43,Children who received postnatal care from a doctor/nurse/LHV/ANM/midwife/other health personnel within 2 days of delivery+ (%),93.4,72.2,False,False
Karnataka,Yadgir,Child Vaccinations and Vitamin A Supplementation,44,Children age 12-23 months fully vaccinated based on information from either vaccination card or mother's recall6 (%),84.2,82.6,True,False
Karnataka,Yadgir,Child Vaccinations and Vitamin A Supplementation,45,Children age 12-23 months fully vaccinated based on information from vaccination card only7 (%),90.0,84.6,True,False
Karnataka,Yadgir,Child Vaccinations and Vitamin A Supplementation,46,Children age 12-23 months who have received any vaccine (%),92.4,97.2,True,False
Karnataka,Yadgir,Child Vaccinations and Vitamin A Supplementation,47,Children age 12-23 months who have received BCG (%),90.7,97.2,True,False
Karnataka,Yadgir,Child Vaccinations and Vitamin A Supplementation,48,Children age 12-23 months who have received 3 doses of polio vaccine8 (%),86.6,85.3,True,False
Karnataka,Yadgir,Child Vaccinations and Vitamin A Supplementation,49,Children age 12-23 months who have received 3 doses of pentavalent vaccine (%),85.9,91.0,True,False
Karnataka,Yadgir,Child Vaccinations and Vitamin A Supplementation,50,Children age 12-23 months who have received the first dose of measles-containing vaccine (MCV) (%),88.9,89.3,True,False
Karnataka,Yadgir,Child Vaccinations and Vitamin A Supplementation,51,Children age 24-35 months who have received a second dose of measles-containing vaccine (MCV) (%),65.4,48.9,False,False
Karnataka,Yadgir,Child Vaccinations and Vitamin A Supplementation,52,Children age 12-23 months who have received birth dose of hepatitis B vaccine (%),88.5,79.9,True,False
Karnataka,Yadgir,Child Vaccinations and Vitamin A Supplementation,53,Children age 12-23 months who have received 3 doses of rotavirus vaccine (%),72.8,1.6,True,False
Karnataka,Yadgir,Child Vaccinations and Vitamin A Supplementation,54,Children age 9-35 months who received a vitamin A dose in the last 6 months (%),93.3,77.7,False,False
Karnataka,Yadgir,Child Vaccinations and Vitamin A Supplementation,55,Children age 12-23 months who received most of their vaccinations in a public health facility (%),100.0,97.6,True,False
Karnataka,Yadgir,Child Vaccinations and Vitamin A Supplementation,56,Children age 12-23 months who received most of their vaccinations in a private health facility (%),0.0,2.4,True,False
Karnataka,Yadgir,Treatment of Childhood Diseases (children under age 5 years),57,Prevalence of diarrhoea in the 2 weeks preceding the survey (%),3.1,5.1,False,False
Karnataka,Yadgir,Treatment of Childhood Diseases (children under age 5 years),58,Prevalence of symptoms of acute respiratory infection (ARI) in the 2 weeks preceding the survey (%),0.0,0.6,False,False
Karnataka,Yadgir,Treatment of Childhood Diseases (children under age 5 years),59,Children with fever or symptoms of ARI in the 2 weeks preceding the survey taken to a health facility or health provider (%),*,80.8,True,False
Karnataka,Yadgir,Child Feeding Practices and Nutritional Status of Children,60,Children under age 3 years breastfed within one hour of birth9 (%),44.6,47.1,False,False
Karnataka,Yadgir,Child Feeding Practices and Nutritional Status of Children,61,Children under age 6 months exclusively breastfed10 (%),*,54.7,True,False
Karnataka,Yadgir,Child Feeding Practices and Nutritional Status of Children,62,Children under age 6 months currently breastfeeding10 (%),*,96.0,True,False
Karnataka,Yadgir,Child Feeding Practices and Nutritional Status of Children,63,Children under age 6 months exclusively breastfed or breastfeeding and consuming plain water/other milk only10 (%),*,72.0,True,False
Karnataka,Yadgir,Child Feeding Practices and Nutritional Status of Children,64,Children age 6-8 months receiving solid or semi-solid food and breastmilk10 (%),50.3,*,True,False
Karnataka,Yadgir,Child Feeding Practices and Nutritional Status of Children,65,"Breastfeeding children age 6-23 months receiving an adequate diet10, 11 (%)",12.2,12.4,False,False
Karnataka,Yadgir,Child Feeding Practices and Nutritional Status of Children,66,"Non-breastfeeding children age 6-23 months receiving an adequate diet10, 11 (%)",*,*,True,False
Karnataka,Yadgir,Child Feeding Practices and Nutritional Status of Children,67,"Total children age 6-23 months receiving an adequate diet10, 11 (%)",14.7,13.4,False,False
Karnataka,Yadgir,Child Feeding Practices and Nutritional Status of Children,68,Children under 5 years who are stunted (height-for-age)12 (%),44.7,57.6,False,False
Karnataka,Yadgir,Child Feeding Practices and Nutritional Status of Children,69,Children under 5 years who are wasted (weight-for-height)12 (%),20.4,17.7,False,False
Karnataka,Yadgir,Child Feeding Practices and Nutritional Status of Children,70,Children under 5 years who are severely wasted (weight-for-height)13 (%),4.5,7.2,False,False
Karnataka,Yadgir,Child Feeding Practices and Nutritional Status of Children,71,Children under 5 years who are underweight (weight-for-age)12 (%),43.1,45.2,False,False
Karnataka,Yadgir,Child Feeding Practices and Nutritional Status of Children,72,Children under 5 years who are overweight (weight-for-height)14 (%),2.8,2.3,False,False
Karnataka,Yadgir,Nutritional Status of Adults (age 15-49 years),73,Women whose Body Mass Index (BMI) is below normal (BMI <18.5 kg/m2)15 (%),21.5,26.0,False,False
Karnataka,Yadgir,Nutritional Status of Adults (age 15-49 years),74,Women who are overweight or obese (BMI ≥25.0 kg/m2)15 (%),23.8,18.8,False,False
Karnataka,Yadgir,Women,75,Blood sugar level - high (141-160 mg/dl)16 (%),7.9,3.6,False,False
Karnataka,Yadgir,Women,76,Blood sugar level - very high (>160 mg/dl)16 (%),5.9,3.6,False,False
Karnataka,Yadgir,Women,77,Blood sugar level - high or very high (>140 mg/dl) or taking medicine to control blood sugar level16 (%),14.7,7.7,False,False
Karnataka,Yadgir,Men,78,Blood sugar level - high (141-160 mg/dl)16 (%),7.2,6.5,False,False
Karnataka,Yadgir,Men,79,Blood sugar level - very high (>160 mg/dl)16 (%),7.2,5.9,False,False
Karnataka,Yadgir,Men,80,Blood sugar level - high or very high (>140 mg/dl) or taking medicine to control blood sugar level16 (%),15.6,13.1,False,False
Karnataka,Yadgir,Women,81,Mildly elevated blood pressure (Systolic 140-159 mm of Hg and/or Diastolic 90-99 mm of Hg) (%),8.4,10.5,False,False
Karnataka,Yadgir,Women,82,Moderately or severely elevated blood pressure (Systolic ≥160 mm of Hg and/or Diastolic ≥100 mm of Hg) (%),3.4,4.5,False,False
Karnataka,Yadgir,Women,83,Elevated blood pressure (Systolic ≥140 mm of Hg and/or Diastolic ≥90 mm of Hg) or taking medicine to control blood pressure (%),16.6,17.5,False,False
Karnataka,Yadgir,Men,84,Mildly elevated blood pressure (Systolic 140-159 mm of Hg and/or Diastolic 90-99 mm of Hg) (%),12.2,11.2,False,False
Karnataka,Yadgir,Men,85,Moderately or severely elevated blood pressure (Systolic ≥160 mm of Hg and/or Diastolic ≥100 mm of Hg) (%),5.9,4.5,False,False
Karnataka,Yadgir,Men,86,Elevated blood pressure (Systolic ≥140 mm of Hg and/or Diastolic ≥90 mm of Hg) or taking medicine to control blood pressure (%),20.9,18.0,False,False
Karnataka,Yadgir,Men,87,Women having a bank or savings account that they themselves use (%),92.2,80.9,False,False
Karnataka,Yadgir,Men,88,Women having a mobile phone that they themselves use (%),39.0,30.7,False,False
Karnataka,Yadgir,Men,89,Women age 15-24 years who use hygienic methods of protection during their menstrual period17 (%),61.4,67.9,False,False
Karnataka,Yadgir,Tobacco Use and Alcohol Consumption among Adults (age 15 years and above),90,Women age 15 years and above who use any kind of tobacco (%),12.3,14.6,False,False
Karnataka,Yadgir,Tobacco Use and Alcohol Consumption among Adults (age 15 years and above),91,Men age 15 years and above who use any kind of tobacco (%),24.4,31.8,False,False
Karnataka,Yadgir,Tobacco Use and Alcohol Consumption among Adults (age 15 years and above),92,Women age 15 years and above who consume alcohol (%),0.7,1.1,False,False
Karnataka,Yadgir,Tobacco Use and Alcohol Consumption among Adults (age 15 years and above),93,Men age 15 years and above who consume alcohol (%),16.7,19.4,False,False
