state,district,category,indicator_no,indicator,nfhs6_value,nfhs5_value,small_sample_flag,boundary_change_single_round
Nagaland,Dimapur,Population and Household Profile,1,Population below age 5 years (%),5.9,5.9,False,False
Nagaland,Dimapur,Population and Household Profile,2,Population below age 15 years (%),22.8,24.5,False,False
Nagaland,Dimapur,Population and Household Profile,3,Population age 60 years and above (%),8.4,7.3,False,False
Nagaland,Dimapur,Population and Household Profile,4,Population living in households with electricity (%),99.4,99.8,False,False
Nagaland,Dimapur,Population and Household Profile,5,Population living in households with an improved drinking-water source1 (%),93.4,92.4,False,False
Nagaland,Dimapur,Population and Household Profile,6,Households using iodized salt (%),99.6,98.7,False,False
Nagaland,Dimapur,Population and Household Profile,7,Households with any usual member covered under a health insurance/financing scheme (%),56.0,6.1,False,False
Nagaland,Dimapur,Population and Household Profile,8,Households with any usual member having a bank account/post office account (%),96.8,90.6,False,False
Nagaland,Dimapur,Population and Household Profile,9,Female population age 6 years and above who ever attended school (%),92.3,89.8,False,False
Nagaland,Dimapur,Population and Household Profile,10,Households with any usual female members owning a house and/or land (alone or jointly with others) (%),8.4,8.3,False,False
Nagaland,Dimapur,Population and Household Profile,11,Children age 2-4 years who attended pre-school (%),20.7,24.5,False,False
Nagaland,Dimapur,Characteristics of Adults (age 15-49 years),12,Women with 10 or more years of schooling (%),61.1,52.5,False,False
Nagaland,Dimapur,Characteristics of Adults (age 15-49 years),13,Men with 10 or more years of schooling (%),66.0,63.1,False,False
Nagaland,Dimapur,Characteristics of Adults (age 15-49 years),14,Women who have ever used the internet (%),79.5,58.8,False,False
Nagaland,Dimapur,Characteristics of Adults (age 15-49 years),15,Men who have ever used the internet (%),92.8,76.4,False,False
Nagaland,Dimapur,Marriage and Fertility,16,Women age 20-24 years married before age 18 years (%),12.8,4.4,False,False
Nagaland,Dimapur,Marriage and Fertility,17,Men age 25-29 years married before age 21 years (%),*,8.5,True,False
Nagaland,Dimapur,Marriage and Fertility,18,Three or more births in the 5 years preceding the survey (%),1.1,3.0,False,False
Nagaland,Dimapur,Marriage and Fertility,19,Women age 15-19 years who were already mothers or pregnant at the time of the survey (%),3.2,3.3,False,False
Nagaland,Dimapur,Marriage and Fertility,20,Any method2 (%),71.8,46.9,False,False
Nagaland,Dimapur,Marriage and Fertility,21,Any modern method2 (%),49.7,38.4,False,False
Nagaland,Dimapur,Marriage and Fertility,22,Any traditional method (%),22.1,8.5,False,False
Nagaland,Dimapur,Marriage and Fertility,23,Female sterilization (%),9.3,15.7,False,False
Nagaland,Dimapur,Marriage and Fertility,24,Male sterilization (%),0.1,0.0,False,False
Nagaland,Dimapur,Marriage and Fertility,25,Total unmet need3 (%),6.0,14.3,False,False
Nagaland,Dimapur,Marriage and Fertility,26,Unmet need for spacing3 (%),3.1,5.7,False,False
Nagaland,Dimapur,Marriage and Fertility,27,Unmet need for limiting3 (%),2.9,8.6,False,False
Nagaland,Dimapur,Antenatal Care (for last birth in the 5 years before the survey),28,Mothers who had an antenatal check-up in the first trimester (%),79.6,71.4,False,False
Nagaland,Dimapur,Antenatal Care (for last birth in the 5 years before the survey),29,Mothers who had any antenatal care visits (%),89.1,84.0,False,False
Nagaland,Dimapur,Antenatal Care (for last birth in the 5 years before the survey),30,Mothers who had at least 4 antenatal care visits (%),60.8,50.1,False,False
Nagaland,Dimapur,Antenatal Care (for last birth in the 5 years before the survey),31,Mothers whose last birth was protected against neonatal tetanus4 (%),80.4,86.4,False,False
Nagaland,Dimapur,Antenatal Care (for last birth in the 5 years before the survey),32,Mothers who consumed iron folic acid for 100 days or more when they were pregnant (%),32.7,14.9,False,False
Nagaland,Dimapur,Antenatal Care (for last birth in the 5 years before the survey),33,Mothers who consumed iron folic acid for 180 days or more when they were pregnant (%),24.6,9.3,False,False
Nagaland,Dimapur,Antenatal Care (for last birth in the 5 years before the survey),34,Registered pregnancies for which the mother received a Mother and Child Protection (MCP) card (%),84.4,82.3,False,False
Nagaland,Dimapur,Delivery Care (for births in the 5 years before the survey),35,Institutional births (%),81.4,73.7,False,False
Nagaland,Dimapur,Delivery Care (for births in the 5 years before the survey),36,Institutional births in public facility (%),23.4,43.2,False,False
Nagaland,Dimapur,Delivery Care (for births in the 5 years before the survey),37,Births attended by skilled health personnel5 (%),89.7,80.7,False,False
Nagaland,Dimapur,Delivery Care (for births in the 5 years before the survey),38,Births delivered by caesarean section (%),21.7,14.6,False,False
Nagaland,Dimapur,Delivery Care (for births in the 5 years before the survey),39,Births in a private health facility that were delivered by caesarean section (%),30.2,28.1,False,False
Nagaland,Dimapur,Delivery Care (for births in the 5 years before the survey),40,Births in a public health facility that were delivered by caesarean section (%),17.8,14.1,False,False
Nagaland,Dimapur,Postnatal Care (for last birth in the 5 years before the survey),41,Mothers who received postnatal care from a doctor/nurse/LHV/ANM/midwife/other health personnel within 2,73.1,68.7,False,False
Nagaland,Dimapur,Postnatal Care (for last birth in the 5 years before the survey),42,Children born at home who were taken to a health facility for a check-up within 24 hours of birth (%),2.2,0.0,True,False
Nagaland,Dimapur,Postnatal Care (for last birth in the 5 years before the survey),43,Children who received postnatal care from a doctor/nurse/LHV/ANM/midwife/other health personnel within 2,76.7,64.7,False,False
Nagaland,Dimapur,Child Vaccinations and Vitamin A Supplementation,44,Children age 12-23 months fully vaccinated based on information from either vaccination card or mother's,39.9,55.9,True,False
Nagaland,Dimapur,Child Vaccinations and Vitamin A Supplementation,45,Children age 12-23 months fully vaccinated based on information from vaccination card only7 (%),50.2,63.8,True,False
Nagaland,Dimapur,Child Vaccinations and Vitamin A Supplementation,46,Children age 12-23 months who have received any vaccine (%),91.9,94.2,True,False
Nagaland,Dimapur,Child Vaccinations and Vitamin A Supplementation,47,Children age 12-23 months who have received BCG (%),85.8,85.1,True,False
Nagaland,Dimapur,Child Vaccinations and Vitamin A Supplementation,48,Children age 12-23 months who have received 3 doses of polio vaccine8 (%),43.8,61.3,True,False
Nagaland,Dimapur,Child Vaccinations and Vitamin A Supplementation,49,Children age 12-23 months who have received 3 doses of pentavalent vaccine (%),55.7,73.2,True,False
Nagaland,Dimapur,Child Vaccinations and Vitamin A Supplementation,50,Children age 12-23 months who have received the first dose of measles-containing vaccine (MCV) (%),69.9,74.6,True,False
Nagaland,Dimapur,Child Vaccinations and Vitamin A Supplementation,51,Children age 24-35 months who have received a second dose of measles-containing vaccine (MCV) (%),65.6,24.7,True,False
Nagaland,Dimapur,Child Vaccinations and Vitamin A Supplementation,52,Children age 12-23 months who have received birth dose of hepatitis B vaccine (%),46.2,51.7,True,False
Nagaland,Dimapur,Child Vaccinations and Vitamin A Supplementation,53,Children age 12-23 months who have received 3 doses of rotavirus vaccine (%),42.3,7.2,True,False
Nagaland,Dimapur,Child Vaccinations and Vitamin A Supplementation,54,Children age 9-35 months who received a vitamin A dose in the last 6 months (%),47.1,49.4,False,False
Nagaland,Dimapur,Child Vaccinations and Vitamin A Supplementation,55,Children age 12-23 months who received most of their vaccinations in a public health facility (%),54.2,85.5,True,False
Nagaland,Dimapur,Child Vaccinations and Vitamin A Supplementation,56,Children age 12-23 months who received most of their vaccinations in a private health facility (%),45.8,14.5,True,False
Nagaland,Dimapur,Treatment of Childhood Diseases (children under age 5 years),57,Prevalence of diarrhoea in the 2 weeks preceding the survey (%),4.1,2.2,False,False
Nagaland,Dimapur,Treatment of Childhood Diseases (children under age 5 years),58,Prevalence of symptoms of acute respiratory infection (ARI) in the 2 weeks preceding the survey (%),0.2,0.6,False,False
Nagaland,Dimapur,Treatment of Childhood Diseases (children under age 5 years),59,Children with fever or symptoms of ARI in the 2 weeks preceding the survey taken to a health facility or,46.8,36.7,True,False
Nagaland,Dimapur,Child Feeding Practices and Nutritional Status of Children,60,Children under age 3 years breastfed within one hour of birth9 (%),38.3,53.1,False,False
Nagaland,Dimapur,Child Feeding Practices and Nutritional Status of Children,61,Children under age 6 months exclusively breastfed10 (%),*,*,True,False
Nagaland,Dimapur,Child Feeding Practices and Nutritional Status of Children,62,Children under age 6 months currently breastfeeding10 (%),*,*,True,False
Nagaland,Dimapur,Child Feeding Practices and Nutritional Status of Children,63,Children under age 6 months exclusively breastfed or breastfeeding and consuming plain water/other,*,*,True,False
Nagaland,Dimapur,Child Feeding Practices and Nutritional Status of Children,64,Children age 6-8 months receiving solid or semi-solid food and breastmilk10 (%),*,*,True,False
Nagaland,Dimapur,Child Feeding Practices and Nutritional Status of Children,65,"Breastfeeding children age 6-23 months receiving an adequate diet10, 11 (%)",19.7,11.2,True,False
Nagaland,Dimapur,Child Feeding Practices and Nutritional Status of Children,66,"Non-breastfeeding children age 6-23 months receiving an adequate diet10, 11 (%)",*,22.6,True,False
Nagaland,Dimapur,Child Feeding Practices and Nutritional Status of Children,67,"Total children age 6-23 months receiving an adequate diet10, 11 (%)",22.3,17.3,False,False
Nagaland,Dimapur,Child Feeding Practices and Nutritional Status of Children,68,Children under 5 years who are stunted (height-for-age)12 (%),25.6,28.3,False,False
Nagaland,Dimapur,Child Feeding Practices and Nutritional Status of Children,69,Children under 5 years who are wasted (weight-for-height)12 (%),9.7,25.0,False,False
Nagaland,Dimapur,Child Feeding Practices and Nutritional Status of Children,70,Children under 5 years who are severely wasted (weight-for-height)13 (%),6.2,12.0,False,False
Nagaland,Dimapur,Child Feeding Practices and Nutritional Status of Children,71,Children under 5 years who are underweight (weight-for-age)12 (%),14.1,29.8,False,False
Nagaland,Dimapur,Child Feeding Practices and Nutritional Status of Children,72,Children under 5 years who are overweight (weight-for-height)14 (%),9.3,3.8,False,False
Nagaland,Dimapur,Nutritional Status of Adults (age 15-49 years),73,Women whose Body Mass Index (BMI) is below normal (BMI <18.5 kg/m2)15 (%),8.7,9.6,False,False
Nagaland,Dimapur,Nutritional Status of Adults (age 15-49 years),74,Women who are overweight or obese (BMI ≥25.0 kg/m2)15 (%),22.0,21.1,False,False
Nagaland,Dimapur,Women,75,Blood sugar level - high (141-160 mg/dl)16 (%),5.4,6.8,False,False
Nagaland,Dimapur,Women,76,Blood sugar level - very high (>160 mg/dl)16 (%),7.3,4.7,False,False
Nagaland,Dimapur,Women,77,Blood sugar level - high or very high (>140 mg/dl) or taking medicine to control blood sugar level16 (%),13.2,12.0,False,False
Nagaland,Dimapur,Men,78,Blood sugar level - high (141-160 mg/dl)16 (%),7.6,5.6,False,False
Nagaland,Dimapur,Men,79,Blood sugar level - very high (>160 mg/dl)16 (%),7.2,7.4,False,False
Nagaland,Dimapur,Men,80,Blood sugar level - high or very high (>140 mg/dl) or taking medicine to control blood sugar level16 (%),15.4,14.1,False,False
Nagaland,Dimapur,Women,81,Mildly elevated blood pressure (Systolic 140-159 mm of Hg and/or Diastolic 90-99 mm of Hg) (%),10.0,11.0,False,False
Nagaland,Dimapur,Women,82,Moderately or severely elevated blood pressure (Systolic ≥160 mm of Hg and/or Diastolic ≥100 mm,5.5,5.2,False,False
Nagaland,Dimapur,Women,83,Elevated blood pressure (Systolic ≥140 mm of Hg and/or Diastolic ≥90 mm of Hg) or taking medicine to,17.7,18.6,False,False
Nagaland,Dimapur,Men,84,Mildly elevated blood pressure (Systolic 140-159 mm of Hg and/or Diastolic 90-99 mm of Hg) (%),14.3,12.0,False,False
Nagaland,Dimapur,Men,85,Moderately or severely elevated blood pressure (Systolic ≥160 mm of Hg and/or Diastolic ≥100 mm,4.0,6.9,False,False
Nagaland,Dimapur,Men,86,Elevated blood pressure (Systolic ≥140 mm of Hg and/or Diastolic ≥90 mm of Hg) or taking medicine to,19.8,20.8,False,False
Nagaland,Dimapur,Men,87,Women having a bank or savings account that they themselves use (%),86.3,66.5,False,False
Nagaland,Dimapur,Men,88,Women having a mobile phone that they themselves use (%),92.7,87.9,False,False
Nagaland,Dimapur,Men,89,Women age 15-24 years who use hygienic methods of protection during their menstrual period17 (%),96.9,84.9,False,False
Nagaland,Dimapur,Tobacco Use and Alcohol Consumption among Adults (age 15 years and above),90,Women age 15 years and above who use any kind of tobacco (%),23.9,16.4,False,False
Nagaland,Dimapur,Tobacco Use and Alcohol Consumption among Adults (age 15 years and above),91,Men age 15 years and above who use any kind of tobacco (%),49.7,44.0,False,False
Nagaland,Dimapur,Tobacco Use and Alcohol Consumption among Adults (age 15 years and above),92,Women age 15 years and above who consume alcohol (%),2.3,1.7,False,False
Nagaland,Dimapur,Tobacco Use and Alcohol Consumption among Adults (age 15 years and above),93,Men age 15 years and above who consume alcohol (%),25.8,25.7,False,False
Nagaland,Kiphire,Population and Household Profile,1,Population below age 5 years (%),10.4,10.4,False,False
Nagaland,Kiphire,Population and Household Profile,2,Population below age 15 years (%),33.8,32.4,False,False
Nagaland,Kiphire,Population and Household Profile,3,Population age 60 years and above (%),10.6,7.9,False,False
Nagaland,Kiphire,Population and Household Profile,4,Population living in households with electricity (%),99.2,97.9,False,False
Nagaland,Kiphire,Population and Household Profile,5,Population living in households with an improved drinking-water source1 (%),96.5,90.9,False,False
Nagaland,Kiphire,Population and Household Profile,6,Households using iodized salt (%),96.5,99.7,False,False
Nagaland,Kiphire,Population and Household Profile,7,Households with any usual member covered under a health insurance/financing scheme (%),71.2,10.7,False,False
Nagaland,Kiphire,Population and Household Profile,8,Households with any usual member having a bank account/post office account (%),97.5,87.5,False,False
Nagaland,Kiphire,Population and Household Profile,9,Female population age 6 years and above who ever attended school (%),81.3,77.4,False,False
Nagaland,Kiphire,Population and Household Profile,10,Households with any usual female members owning a house and/or land (alone or jointly with others) (%),9.6,12.9,False,False
Nagaland,Kiphire,Population and Household Profile,11,Children age 2-4 years who attended pre-school (%),9.0,15.1,False,False
Nagaland,Kiphire,Characteristics of Adults (age 15-49 years),12,Women with 10 or more years of schooling (%),22.8,22.0,False,False
Nagaland,Kiphire,Characteristics of Adults (age 15-49 years),13,Men with 10 or more years of schooling (%),26.3,25.8,False,False
Nagaland,Kiphire,Characteristics of Adults (age 15-49 years),14,Women who have ever used the internet (%),73.1,14.0,False,False
Nagaland,Kiphire,Characteristics of Adults (age 15-49 years),15,Men who have ever used the internet (%),85.2,46.5,False,False
Nagaland,Kiphire,Marriage and Fertility,16,Women age 20-24 years married before age 18 years (%),10.7,22.5,False,False
Nagaland,Kiphire,Marriage and Fertility,17,Men age 25-29 years married before age 21 years (%),*,*,True,False
Nagaland,Kiphire,Marriage and Fertility,18,Three or more births in the 5 years preceding the survey (%),3.7,2.4,False,False
Nagaland,Kiphire,Marriage and Fertility,19,Women age 15-19 years who were already mothers or pregnant at the time of the survey (%),6.5,9.0,False,False
Nagaland,Kiphire,Marriage and Fertility,20,Any method2 (%),74.1,42.5,False,False
Nagaland,Kiphire,Marriage and Fertility,21,Any modern method2 (%),40.7,32.7,False,False
Nagaland,Kiphire,Marriage and Fertility,22,Any traditional method (%),33.4,9.8,False,False
Nagaland,Kiphire,Marriage and Fertility,23,Female sterilization (%),7.8,5.8,False,False
Nagaland,Kiphire,Marriage and Fertility,24,Male sterilization (%),0.0,0.0,False,False
Nagaland,Kiphire,Marriage and Fertility,25,Total unmet need3 (%),8.1,17.3,False,False
Nagaland,Kiphire,Marriage and Fertility,26,Unmet need for spacing3 (%),5.8,10.1,False,False
Nagaland,Kiphire,Marriage and Fertility,27,Unmet need for limiting3 (%),2.3,7.2,False,False
Nagaland,Kiphire,Antenatal Care (for last birth in the 5 years before the survey),28,Mothers who had an antenatal check-up in the first trimester (%),56.8,27.2,False,False
Nagaland,Kiphire,Antenatal Care (for last birth in the 5 years before the survey),29,Mothers who had any antenatal care visits (%),77.9,40.8,False,False
Nagaland,Kiphire,Antenatal Care (for last birth in the 5 years before the survey),30,Mothers who had at least 4 antenatal care visits (%),19.6,5.8,False,False
Nagaland,Kiphire,Antenatal Care (for last birth in the 5 years before the survey),31,Mothers whose last birth was protected against neonatal tetanus4 (%),77.6,63.0,False,False
Nagaland,Kiphire,Antenatal Care (for last birth in the 5 years before the survey),32,Mothers who consumed iron folic acid for 100 days or more when they were pregnant (%),20.3,1.6,False,False
Nagaland,Kiphire,Antenatal Care (for last birth in the 5 years before the survey),33,Mothers who consumed iron folic acid for 180 days or more when they were pregnant (%),8.8,0.8,False,False
Nagaland,Kiphire,Antenatal Care (for last birth in the 5 years before the survey),34,Registered pregnancies for which the mother received a Mother and Child Protection (MCP) card (%),97.0,92.4,False,False
Nagaland,Kiphire,Delivery Care (for births in the 5 years before the survey),35,Institutional births (%),53.8,34.8,False,False
Nagaland,Kiphire,Delivery Care (for births in the 5 years before the survey),36,Institutional births in public facility (%),51.6,33.8,False,False
Nagaland,Kiphire,Delivery Care (for births in the 5 years before the survey),37,Births attended by skilled health personnel5 (%),63.6,46.7,False,False
Nagaland,Kiphire,Delivery Care (for births in the 5 years before the survey),38,Births delivered by caesarean section (%),1.6,2.1,False,False
Nagaland,Kiphire,Delivery Care (for births in the 5 years before the survey),39,Births in a private health facility that were delivered by caesarean section (%),*,*,True,False
Nagaland,Kiphire,Delivery Care (for births in the 5 years before the survey),40,Births in a public health facility that were delivered by caesarean section (%),1.8,5.1,False,False
Nagaland,Kiphire,Postnatal Care (for last birth in the 5 years before the survey),41,Mothers who received postnatal care from a doctor/nurse/LHV/ANM/midwife/other health personnel within 2 days of delivery+ (%),50.9,31.9,False,False
Nagaland,Kiphire,Postnatal Care (for last birth in the 5 years before the survey),42,Children born at home who were taken to a health facility for a check-up within 24 hours of birth (%),1.0,2.1,False,False
Nagaland,Kiphire,Postnatal Care (for last birth in the 5 years before the survey),43,Children who received postnatal care from a doctor/nurse/LHV/ANM/midwife/other health personnel within 2 days of delivery+ (%),51.7,33.5,False,False
Nagaland,Kiphire,Child Vaccinations and Vitamin A Supplementation,44,Children age 12-23 months fully vaccinated based on information from either vaccination card or mother's recall6 (%),67.3,42.8,False,False
Nagaland,Kiphire,Child Vaccinations and Vitamin A Supplementation,45,Children age 12-23 months fully vaccinated based on information from vaccination card only7 (%),90.3,73.5,True,False
Nagaland,Kiphire,Child Vaccinations and Vitamin A Supplementation,46,Children age 12-23 months who have received any vaccine (%),78.7,91.3,False,False
Nagaland,Kiphire,Child Vaccinations and Vitamin A Supplementation,47,Children age 12-23 months who have received BCG (%),77.6,82.1,False,False
Nagaland,Kiphire,Child Vaccinations and Vitamin A Supplementation,48,Children age 12-23 months who have received 3 doses of polio vaccine8 (%),69.6,53.1,False,False
Nagaland,Kiphire,Child Vaccinations and Vitamin A Supplementation,49,Children age 12-23 months who have received 3 doses of pentavalent vaccine (%),73.4,60.2,False,False
Nagaland,Kiphire,Child Vaccinations and Vitamin A Supplementation,50,Children age 12-23 months who have received the first dose of measles-containing vaccine (MCV) (%),75.7,66.2,False,False
Nagaland,Kiphire,Child Vaccinations and Vitamin A Supplementation,51,Children age 24-35 months who have received a second dose of measles-containing vaccine (MCV) (%),46.9,18.8,False,False
Nagaland,Kiphire,Child Vaccinations and Vitamin A Supplementation,52,Children age 12-23 months who have received birth dose of hepatitis B vaccine (%),43.7,35.2,False,False
Nagaland,Kiphire,Child Vaccinations and Vitamin A Supplementation,53,Children age 12-23 months who have received 3 doses of rotavirus vaccine (%),70.3,9.8,False,False
Nagaland,Kiphire,Child Vaccinations and Vitamin A Supplementation,54,Children age 9-35 months who received a vitamin A dose in the last 6 months (%),56.2,42.3,False,False
Nagaland,Kiphire,Child Vaccinations and Vitamin A Supplementation,55,Children age 12-23 months who received most of their vaccinations in a public health facility (%),97.6,91.3,False,False
Nagaland,Kiphire,Child Vaccinations and Vitamin A Supplementation,56,Children age 12-23 months who received most of their vaccinations in a private health facility (%),2.4,2.1,False,False
Nagaland,Kiphire,Treatment of Childhood Diseases (children under age 5 years),57,Prevalence of diarrhoea in the 2 weeks preceding the survey (%),2.1,7.9,False,False
Nagaland,Kiphire,Treatment of Childhood Diseases (children under age 5 years),58,Prevalence of symptoms of acute respiratory infection (ARI) in the 2 weeks preceding the survey (%),1.1,1.6,False,False
Nagaland,Kiphire,Treatment of Childhood Diseases (children under age 5 years),59,Children with fever or symptoms of ARI in the 2 weeks preceding the survey taken to a health facility or health provider (%),31.8,*,True,False
Nagaland,Kiphire,Child Feeding Practices and Nutritional Status of Children,60,Children under age 3 years breastfed within one hour of birth9 (%),56.7,55.8,False,False
Nagaland,Kiphire,Child Feeding Practices and Nutritional Status of Children,61,Children under age 6 months exclusively breastfed10 (%),50.2,46.8,True,False
Nagaland,Kiphire,Child Feeding Practices and Nutritional Status of Children,62,Children under age 6 months currently breastfeeding10 (%),100.0,96.8,True,False
Nagaland,Kiphire,Child Feeding Practices and Nutritional Status of Children,63,Children under age 6 months exclusively breastfed or breastfeeding and consuming plain water/other milk only10 (%),74.3,87.8,True,False
Nagaland,Kiphire,Child Feeding Practices and Nutritional Status of Children,64,Children age 6-8 months receiving solid or semi-solid food and breastmilk10 (%),*,*,True,False
Nagaland,Kiphire,Child Feeding Practices and Nutritional Status of Children,65,"Breastfeeding children age 6-23 months receiving an adequate diet10, 11 (%)",17.7,13.9,False,False
Nagaland,Kiphire,Child Feeding Practices and Nutritional Status of Children,66,"Non-breastfeeding children age 6-23 months receiving an adequate diet10, 11 (%)",20.4,7.5,True,False
Nagaland,Kiphire,Child Feeding Practices and Nutritional Status of Children,67,"Total children age 6-23 months receiving an adequate diet10, 11 (%)",18.6,12.0,False,False
Nagaland,Kiphire,Child Feeding Practices and Nutritional Status of Children,68,Children under 5 years who are stunted (height-for-age)12 (%),33.1,36.9,False,False
Nagaland,Kiphire,Child Feeding Practices and Nutritional Status of Children,69,Children under 5 years who are wasted (weight-for-height)12 (%),8.3,11.0,False,False
Nagaland,Kiphire,Child Feeding Practices and Nutritional Status of Children,70,Children under 5 years who are severely wasted (weight-for-height)13 (%),3.1,5.8,False,False
Nagaland,Kiphire,Child Feeding Practices and Nutritional Status of Children,71,Children under 5 years who are underweight (weight-for-age)12 (%),9.4,25.0,False,False
Nagaland,Kiphire,Child Feeding Practices and Nutritional Status of Children,72,Children under 5 years who are overweight (weight-for-height)14 (%),8.6,7.5,False,False
Nagaland,Kiphire,Nutritional Status of Adults (age 15-49 years),73,Women whose Body Mass Index (BMI) is below normal (BMI <18.5 kg/m2)15 (%),10.7,13.9,False,False
Nagaland,Kiphire,Nutritional Status of Adults (age 15-49 years),74,Women who are overweight or obese (BMI ≥25.0 kg/m2)15 (%),17.5,9.3,False,False
Nagaland,Kiphire,Women,75,Blood sugar level - high (141-160 mg/dl)16 (%),3.6,5.7,False,False
Nagaland,Kiphire,Women,76,Blood sugar level - very high (>160 mg/dl)16 (%),2.9,2.0,False,False
Nagaland,Kiphire,Women,77,Blood sugar level - high or very high (>140 mg/dl) or taking medicine to control blood sugar level16 (%),6.5,7.8,False,False
Nagaland,Kiphire,Men,78,Blood sugar level - high (141-160 mg/dl)16 (%),4.2,7.0,False,False
Nagaland,Kiphire,Men,79,Blood sugar level - very high (>160 mg/dl)16 (%),3.2,3.7,False,False
Nagaland,Kiphire,Men,80,Blood sugar level - high or very high (>140 mg/dl) or taking medicine to control blood sugar level16 (%),7.5,11.7,False,False
Nagaland,Kiphire,Women,81,Mildly elevated blood pressure (Systolic 140-159 mm of Hg and/or Diastolic 90-99 mm of Hg) (%),15.5,10.2,False,False
Nagaland,Kiphire,Women,82,Moderately or severely elevated blood pressure (Systolic ≥160 mm of Hg and/or Diastolic ≥100 mm of Hg) (%),9.3,4.1,False,False
Nagaland,Kiphire,Women,83,Elevated blood pressure (Systolic ≥140 mm of Hg and/or Diastolic ≥90 mm of Hg) or taking medicine to control blood pressure (%),25.0,15.3,False,False
Nagaland,Kiphire,Men,84,Mildly elevated blood pressure (Systolic 140-159 mm of Hg and/or Diastolic 90-99 mm of Hg) (%),19.0,15.3,False,False
Nagaland,Kiphire,Men,85,Moderately or severely elevated blood pressure (Systolic ≥160 mm of Hg and/or Diastolic ≥100 mm of Hg) (%),10.2,5.2,False,False
Nagaland,Kiphire,Men,86,Elevated blood pressure (Systolic ≥140 mm of Hg and/or Diastolic ≥90 mm of Hg) or taking medicine to control blood pressure (%),29.7,22.0,False,False
Nagaland,Kiphire,Men,87,Women having a bank or savings account that they themselves use (%),81.1,65.8,False,False
Nagaland,Kiphire,Men,88,Women having a mobile phone that they themselves use (%),82.7,74.2,False,False
Nagaland,Kiphire,Men,89,Women age 15-24 years who use hygienic methods of protection during their menstrual period17 (%),87.4,69.1,False,False
Nagaland,Kiphire,Tobacco Use and Alcohol Consumption among Adults (age 15 years and above),90,Women age 15 years and above who use any kind of tobacco (%),9.3,10.1,False,False
Nagaland,Kiphire,Tobacco Use and Alcohol Consumption among Adults (age 15 years and above),91,Men age 15 years and above who use any kind of tobacco (%),50.4,44.2,False,False
Nagaland,Kiphire,Tobacco Use and Alcohol Consumption among Adults (age 15 years and above),92,Women age 15 years and above who consume alcohol (%),1.7,1.0,False,False
Nagaland,Kiphire,Tobacco Use and Alcohol Consumption among Adults (age 15 years and above),93,Men age 15 years and above who consume alcohol (%),21.1,15.8,False,False
Nagaland,Kohima,Population and Household Profile,1,Population below age 5 years (%),5.4,5.7,False,False
Nagaland,Kohima,Population and Household Profile,2,Population below age 15 years (%),21.2,18.7,False,False
Nagaland,Kohima,Population and Household Profile,3,Population age 60 years and above (%),13.3,11.0,False,False
Nagaland,Kohima,Population and Household Profile,4,Population living in households with electricity (%),99.7,99.5,False,False
Nagaland,Kohima,Population and Household Profile,5,Population living in households with an improved drinking-water source1 (%),79.7,89.9,False,False
Nagaland,Kohima,Population and Household Profile,6,Households using iodized salt (%),99.3,99.7,False,False
Nagaland,Kohima,Population and Household Profile,7,Households with any usual member covered under a health insurance/financing scheme (%),66.8,28.7,False,False
Nagaland,Kohima,Population and Household Profile,8,Households with any usual member having a bank account/post office account (%),96.9,95.9,False,False
Nagaland,Kohima,Population and Household Profile,9,Female population age 6 years and above who ever attended school (%),86.2,90.4,False,False
Nagaland,Kohima,Population and Household Profile,10,Households with any usual female members owning a house and/or land (alone or jointly with others) (%),13.6,12.9,False,False
Nagaland,Kohima,Population and Household Profile,11,Children age 2-4 years who attended pre-school (%),21.2,20.2,False,False
Nagaland,Kohima,Characteristics of Adults (age 15-49 years),12,Women with 10 or more years of schooling (%),59.4,70.9,False,False
Nagaland,Kohima,Characteristics of Adults (age 15-49 years),13,Men with 10 or more years of schooling (%),71.1,85.4,False,False
Nagaland,Kohima,Characteristics of Adults (age 15-49 years),14,Women who have ever used the internet (%),84.0,70.6,False,False
Nagaland,Kohima,Characteristics of Adults (age 15-49 years),15,Men who have ever used the internet (%),97.6,83.8,False,False
Nagaland,Kohima,Marriage and Fertility,16,Women age 20-24 years married before age 18 years (%),1.7,1.0,False,False
Nagaland,Kohima,Marriage and Fertility,17,Men age 25-29 years married before age 21 years (%),*,1.4,True,False
Nagaland,Kohima,Marriage and Fertility,18,Three or more births in the 5 years preceding the survey (%),2.3,1.0,False,False
Nagaland,Kohima,Marriage and Fertility,19,Women age 15-19 years who were already mothers or pregnant at the time of the survey (%),1.0,1.3,False,False
Nagaland,Kohima,Marriage and Fertility,20,Any method2 (%),71.1,60.7,False,False
Nagaland,Kohima,Marriage and Fertility,21,Any modern method2 (%),44.7,46.7,False,False
Nagaland,Kohima,Marriage and Fertility,22,Any traditional method (%),26.4,14.0,False,False
Nagaland,Kohima,Marriage and Fertility,23,Female sterilization (%),14.4,18.6,False,False
Nagaland,Kohima,Marriage and Fertility,24,Male sterilization (%),0.1,0.0,False,False
Nagaland,Kohima,Marriage and Fertility,25,Total unmet need3 (%),6.3,9.1,False,False
Nagaland,Kohima,Marriage and Fertility,26,Unmet need for spacing3 (%),4.6,7.3,False,False
Nagaland,Kohima,Marriage and Fertility,27,Unmet need for limiting3 (%),1.7,1.8,False,False
Nagaland,Kohima,Antenatal Care (for last birth in the 5 years before the survey),28,Mothers who had an antenatal check-up in the first trimester (%),65.7,61.9,False,False
Nagaland,Kohima,Antenatal Care (for last birth in the 5 years before the survey),29,Mothers who had any antenatal care visits (%),86.7,93.4,False,False
Nagaland,Kohima,Antenatal Care (for last birth in the 5 years before the survey),30,Mothers who had at least 4 antenatal care visits (%),33.7,28.3,False,False
Nagaland,Kohima,Antenatal Care (for last birth in the 5 years before the survey),31,Mothers whose last birth was protected against neonatal tetanus4 (%),80.4,94.3,False,False
Nagaland,Kohima,Antenatal Care (for last birth in the 5 years before the survey),32,Mothers who consumed iron folic acid for 100 days or more when they were pregnant (%),32.6,17.2,False,False
Nagaland,Kohima,Antenatal Care (for last birth in the 5 years before the survey),33,Mothers who consumed iron folic acid for 180 days or more when they were pregnant (%),22.8,1.0,False,False
Nagaland,Kohima,Antenatal Care (for last birth in the 5 years before the survey),34,Registered pregnancies for which the mother received a Mother and Child Protection (MCP) card (%),100.0,95.2,False,False
Nagaland,Kohima,Delivery Care (for births in the 5 years before the survey),35,Institutional births (%),79.9,66.9,False,False
Nagaland,Kohima,Delivery Care (for births in the 5 years before the survey),36,Institutional births in public facility (%),64.8,44.7,False,False
Nagaland,Kohima,Delivery Care (for births in the 5 years before the survey),37,Births attended by skilled health personnel5 (%),86.7,78.9,False,False
Nagaland,Kohima,Delivery Care (for births in the 5 years before the survey),38,Births delivered by caesarean section (%),12.2,4.3,False,False
Nagaland,Kohima,Delivery Care (for births in the 5 years before the survey),39,Births in a private health facility that were delivered by caesarean section (%),*,8.9,True,False
Nagaland,Kohima,Delivery Care (for births in the 5 years before the survey),40,Births in a public health facility that were delivered by caesarean section (%),14.2,5.2,False,False
Nagaland,Kohima,Postnatal Care (for last birth in the 5 years before the survey),41,Mothers who received postnatal care from a doctor/nurse/LHV/ANM/midwife/other health personnel within 2 days of delivery+ (%),69.9,58.9,False,False
Nagaland,Kohima,Postnatal Care (for last birth in the 5 years before the survey),42,Children born at home who were taken to a health facility for a check-up within 24 hours of birth (%),*,0.0,True,False
Nagaland,Kohima,Postnatal Care (for last birth in the 5 years before the survey),43,Children who received postnatal care from a doctor/nurse/LHV/ANM/midwife/other health personnel within 2 days of delivery+ (%),72.7,55.6,False,False
Nagaland,Kohima,Child Vaccinations and Vitamin A Supplementation,44,Children age 12-23 months fully vaccinated based on information from either vaccination card or mother's recall6 (%),86.9,82.8,True,False
Nagaland,Kohima,Child Vaccinations and Vitamin A Supplementation,45,Children age 12-23 months fully vaccinated based on information from vaccination card only7 (%),93.1,90.2,True,False
Nagaland,Kohima,Child Vaccinations and Vitamin A Supplementation,46,Children age 12-23 months who have received any vaccine (%),96.2,100.0,True,False
Nagaland,Kohima,Child Vaccinations and Vitamin A Supplementation,47,Children age 12-23 months who have received BCG (%),96.2,100.0,True,False
Nagaland,Kohima,Child Vaccinations and Vitamin A Supplementation,48,Children age 12-23 months who have received 3 doses of polio vaccine8 (%),89.6,86.1,True,False
Nagaland,Kohima,Child Vaccinations and Vitamin A Supplementation,49,Children age 12-23 months who have received 3 doses of pentavalent vaccine (%),86.9,88.7,True,False
Nagaland,Kohima,Child Vaccinations and Vitamin A Supplementation,50,Children age 12-23 months who have received the first dose of measles-containing vaccine (MCV) (%),89.6,86.6,True,False
Nagaland,Kohima,Child Vaccinations and Vitamin A Supplementation,51,Children age 24-35 months who have received a second dose of measles-containing vaccine (MCV) (%),59.2,58.3,True,False
Nagaland,Kohima,Child Vaccinations and Vitamin A Supplementation,52,Children age 12-23 months who have received birth dose of hepatitis B vaccine (%),79.3,60.1,True,False
Nagaland,Kohima,Child Vaccinations and Vitamin A Supplementation,53,Children age 12-23 months who have received 3 doses of rotavirus vaccine (%),86.9,17.8,True,False
Nagaland,Kohima,Child Vaccinations and Vitamin A Supplementation,54,Children age 9-35 months who received a vitamin A dose in the last 6 months (%),70.7,76.8,False,False
Nagaland,Kohima,Child Vaccinations and Vitamin A Supplementation,55,Children age 12-23 months who received most of their vaccinations in a public health facility (%),89.0,89.2,True,False
Nagaland,Kohima,Child Vaccinations and Vitamin A Supplementation,56,Children age 12-23 months who received most of their vaccinations in a private health facility (%),11.0,0.0,True,False
Nagaland,Kohima,Treatment of Childhood Diseases (children under age 5 years),57,Prevalence of diarrhoea in the 2 weeks preceding the survey (%),2.1,0.5,False,False
Nagaland,Kohima,Treatment of Childhood Diseases (children under age 5 years),58,Prevalence of symptoms of acute respiratory infection (ARI) in the 2 weeks preceding the survey (%),0.5,0.9,False,False
Nagaland,Kohima,Treatment of Childhood Diseases (children under age 5 years),59,Children with fever or symptoms of ARI in the 2 weeks preceding the survey taken to a health facility or health provider (%),*,*,True,False
Nagaland,Kohima,Child Feeding Practices and Nutritional Status of Children,60,Children under age 3 years breastfed within one hour of birth9 (%),59.5,60.3,False,False
Nagaland,Kohima,Child Feeding Practices and Nutritional Status of Children,61,Children under age 6 months exclusively breastfed10 (%),*,*,True,False
Nagaland,Kohima,Child Feeding Practices and Nutritional Status of Children,62,Children under age 6 months currently breastfeeding10 (%),*,*,True,False
Nagaland,Kohima,Child Feeding Practices and Nutritional Status of Children,63,Children under age 6 months exclusively breastfed or breastfeeding and consuming plain water/other milk only10 (%),*,*,True,False
Nagaland,Kohima,Child Feeding Practices and Nutritional Status of Children,64,Children age 6-8 months receiving solid or semi-solid food and breastmilk10 (%),*,*,True,False
Nagaland,Kohima,Child Feeding Practices and Nutritional Status of Children,65,"Breastfeeding children age 6-23 months receiving an adequate diet10, 11 (%)",15.0,19.0,True,False
Nagaland,Kohima,Child Feeding Practices and Nutritional Status of Children,66,"Non-breastfeeding children age 6-23 months receiving an adequate diet10, 11 (%)",24.3,*,True,False
Nagaland,Kohima,Child Feeding Practices and Nutritional Status of Children,67,"Total children age 6-23 months receiving an adequate diet10, 11 (%)",18.6,18.0,True,False
Nagaland,Kohima,Child Feeding Practices and Nutritional Status of Children,68,Children under 5 years who are stunted (height-for-age)12 (%),20.7,28.3,False,False
Nagaland,Kohima,Child Feeding Practices and Nutritional Status of Children,69,Children under 5 years who are wasted (weight-for-height)12 (%),4.4,26.9,False,False
Nagaland,Kohima,Child Feeding Practices and Nutritional Status of Children,70,Children under 5 years who are severely wasted (weight-for-height)13 (%),1.2,11.4,False,False
Nagaland,Kohima,Child Feeding Practices and Nutritional Status of Children,71,Children under 5 years who are underweight (weight-for-age)12 (%),9.8,22.1,False,False
Nagaland,Kohima,Child Feeding Practices and Nutritional Status of Children,72,Children under 5 years who are overweight (weight-for-height)14 (%),11.4,6.6,False,False
Nagaland,Kohima,Nutritional Status of Adults (age 15-49 years),73,Women whose Body Mass Index (BMI) is below normal (BMI <18.5 kg/m2)15 (%),3.6,11.7,False,False
Nagaland,Kohima,Nutritional Status of Adults (age 15-49 years),74,Women who are overweight or obese (BMI ≥25.0 kg/m2)15 (%),18.5,11.6,False,False
Nagaland,Kohima,Women,75,Blood sugar level - high (141-160 mg/dl)16 (%),4.1,3.6,False,False
Nagaland,Kohima,Women,76,Blood sugar level - very high (>160 mg/dl)16 (%),3.1,2.8,False,False
Nagaland,Kohima,Women,77,Blood sugar level - high or very high (>140 mg/dl) or taking medicine to control blood sugar level16 (%),7.5,6.6,False,False
Nagaland,Kohima,Men,78,Blood sugar level - high (141-160 mg/dl)16 (%),4.7,6.0,False,False
Nagaland,Kohima,Men,79,Blood sugar level - very high (>160 mg/dl)16 (%),3.4,3.8,False,False
Nagaland,Kohima,Men,80,Blood sugar level - high or very high (>140 mg/dl) or taking medicine to control blood sugar level16 (%),8.3,9.9,False,False
Nagaland,Kohima,Women,81,Mildly elevated blood pressure (Systolic 140-159 mm of Hg and/or Diastolic 90-99 mm of Hg) (%),19.6,15.2,False,False
Nagaland,Kohima,Women,82,Moderately or severely elevated blood pressure (Systolic ≥160 mm of Hg and/or Diastolic ≥100 mm of Hg) (%),9.6,9.8,False,False
Nagaland,Kohima,Women,83,Elevated blood pressure (Systolic ≥140 mm of Hg and/or Diastolic ≥90 mm of Hg) or taking medicine to control blood pressure (%),30.1,25.7,False,False
Nagaland,Kohima,Men,84,Mildly elevated blood pressure (Systolic 140-159 mm of Hg and/or Diastolic 90-99 mm of Hg) (%),25.8,19.8,False,False
Nagaland,Kohima,Men,85,Moderately or severely elevated blood pressure (Systolic ≥160 mm of Hg and/or Diastolic ≥100 mm of Hg) (%),11.2,11.2,False,False
Nagaland,Kohima,Men,86,Elevated blood pressure (Systolic ≥140 mm of Hg and/or Diastolic ≥90 mm of Hg) or taking medicine to control blood pressure (%),37.4,31.1,False,False
Nagaland,Kohima,Men,87,Women having a bank or savings account that they themselves use (%),88.9,83.8,False,False
Nagaland,Kohima,Men,88,Women having a mobile phone that they themselves use (%),92.7,88.1,False,False
Nagaland,Kohima,Men,89,Women age 15-24 years who use hygienic methods of protection during their menstrual period17 (%),98.9,93.4,False,False
Nagaland,Kohima,Tobacco Use and Alcohol Consumption among Adults (age 15 years and above),90,Women age 15 years and above who use any kind of tobacco (%),13.0,14.4,False,False
Nagaland,Kohima,Tobacco Use and Alcohol Consumption among Adults (age 15 years and above),91,Men age 15 years and above who use any kind of tobacco (%),50.3,47.9,False,False
Nagaland,Kohima,Tobacco Use and Alcohol Consumption among Adults (age 15 years and above),92,Women age 15 years and above who consume alcohol (%),1.1,1.2,False,False
Nagaland,Kohima,Tobacco Use and Alcohol Consumption among Adults (age 15 years and above),93,Men age 15 years and above who consume alcohol (%),31.0,27.4,False,False
Nagaland,Longleng,Population and Household Profile,1,Population below age 5 years (%),7.5,10.7,False,False
Nagaland,Longleng,Population and Household Profile,2,Population below age 15 years (%),23.6,28.8,False,False
Nagaland,Longleng,Population and Household Profile,3,Population age 60 years and above (%),15.7,12.1,False,False
Nagaland,Longleng,Population and Household Profile,4,Population living in households with electricity (%),99.6,99.1,False,False
Nagaland,Longleng,Population and Household Profile,5,Population living in households with an improved drinking-water source1 (%),52.7,76.3,False,False
Nagaland,Longleng,Population and Household Profile,6,Households using iodized salt (%),95.2,98.6,False,False
Nagaland,Longleng,Population and Household Profile,7,Households with any usual member covered under a health insurance/financing scheme (%),78.3,40.0,False,False
Nagaland,Longleng,Population and Household Profile,8,Households with any usual member having a bank account/post office account (%),98.7,92.4,False,False
Nagaland,Longleng,Population and Household Profile,9,Female population age 6 years and above who ever attended school (%),85.3,81.2,False,False
Nagaland,Longleng,Population and Household Profile,10,Households with any usual female members owning a house and/or land (alone or jointly with others) (%),7.8,9.7,False,False
Nagaland,Longleng,Population and Household Profile,11,Children age 2-4 years who attended pre-school (%),12.4,16.6,False,False
Nagaland,Longleng,Characteristics of Adults (age 15-49 years),12,Women with 10 or more years of schooling (%),31.8,23.8,False,False
Nagaland,Longleng,Characteristics of Adults (age 15-49 years),13,Men with 10 or more years of schooling (%),34.2,34.6,False,False
Nagaland,Longleng,Characteristics of Adults (age 15-49 years),14,Women who have ever used the internet (%),68.6,34.6,False,False
Nagaland,Longleng,Characteristics of Adults (age 15-49 years),15,Men who have ever used the internet (%),85.3,34.9,False,False
Nagaland,Longleng,Marriage and Fertility,16,Women age 20-24 years married before age 18 years (%),11.6,11.0,False,False
Nagaland,Longleng,Marriage and Fertility,17,Men age 25-29 years married before age 21 years (%),*,*,True,False
Nagaland,Longleng,Marriage and Fertility,18,Three or more births in the 5 years preceding the survey (%),1.4,3.9,False,False
Nagaland,Longleng,Marriage and Fertility,19,Women age 15-19 years who were already mothers or pregnant at the time of the survey (%),3.0,6.5,False,False
Nagaland,Longleng,Marriage and Fertility,20,Any method2 (%),79.4,66.5,False,False
Nagaland,Longleng,Marriage and Fertility,21,Any modern method2 (%),50.1,56.3,False,False
Nagaland,Longleng,Marriage and Fertility,22,Any traditional method (%),29.3,10.2,False,False
Nagaland,Longleng,Marriage and Fertility,23,Female sterilization (%),17.6,16.4,False,False
Nagaland,Longleng,Marriage and Fertility,24,Male sterilization (%),0.0,0.0,False,False
Nagaland,Longleng,Marriage and Fertility,25,Total unmet need3 (%),5.7,4.3,False,False
Nagaland,Longleng,Marriage and Fertility,26,Unmet need for spacing3 (%),5.3,2.9,False,False
Nagaland,Longleng,Marriage and Fertility,27,Unmet need for limiting3 (%),0.4,1.4,False,False
Nagaland,Longleng,Antenatal Care (for last birth in the 5 years before the survey),28,Mothers who had an antenatal check-up in the first trimester (%),73.3,42.3,False,False
Nagaland,Longleng,Antenatal Care (for last birth in the 5 years before the survey),29,Mothers who had any antenatal care visits (%),96.9,68.3,False,False
Nagaland,Longleng,Antenatal Care (for last birth in the 5 years before the survey),30,Mothers who had at least 4 antenatal care visits (%),38.4,15.4,False,False
Nagaland,Longleng,Antenatal Care (for last birth in the 5 years before the survey),31,Mothers whose last birth was protected against neonatal tetanus4 (%),92.1,75.5,False,False
Nagaland,Longleng,Antenatal Care (for last birth in the 5 years before the survey),32,Mothers who consumed iron folic acid for 100 days or more when they were pregnant (%),28.1,2.6,False,False
Nagaland,Longleng,Antenatal Care (for last birth in the 5 years before the survey),33,Mothers who consumed iron folic acid for 180 days or more when they were pregnant (%),11.9,1.6,False,False
Nagaland,Longleng,Antenatal Care (for last birth in the 5 years before the survey),34,Registered pregnancies for which the mother received a Mother and Child Protection (MCP) card (%),92.4,91.6,False,False
Nagaland,Longleng,Delivery Care (for births in the 5 years before the survey),35,Institutional births (%),69.1,38.7,False,False
Nagaland,Longleng,Delivery Care (for births in the 5 years before the survey),36,Institutional births in public facility (%),62.7,37.8,False,False
Nagaland,Longleng,Delivery Care (for births in the 5 years before the survey),37,Births attended by skilled health personnel5 (%),85.8,44.6,False,False
Nagaland,Longleng,Delivery Care (for births in the 5 years before the survey),38,Births delivered by caesarean section (%),5.3,3.6,False,False
Nagaland,Longleng,Delivery Care (for births in the 5 years before the survey),39,Births in a private health facility that were delivered by caesarean section (%),*,*,True,False
Nagaland,Longleng,Delivery Care (for births in the 5 years before the survey),40,Births in a public health facility that were delivered by caesarean section (%),3.0,9.4,False,False
Nagaland,Longleng,Postnatal Care (for last birth in the 5 years before the survey),41,Mothers who received postnatal care from a doctor/nurse/LHV/ANM/midwife/other health personnel within 2 days of delivery+ (%),61.4,28.5,False,False
Nagaland,Longleng,Postnatal Care (for last birth in the 5 years before the survey),42,Children born at home who were taken to a health facility for a check-up within 24 hours of birth (%),2.0,0.0,False,False
Nagaland,Longleng,Postnatal Care (for last birth in the 5 years before the survey),43,Children who received postnatal care from a doctor/nurse/LHV/ANM/midwife/other health personnel within 2 days of delivery+ (%),63.5,28.5,False,False
Nagaland,Longleng,Child Vaccinations and Vitamin A Supplementation,44,Children age 12-23 months fully vaccinated based on information from either vaccination card or mother's recall6 (%),85.9,53.0,False,False
Nagaland,Longleng,Child Vaccinations and Vitamin A Supplementation,45,Children age 12-23 months fully vaccinated based on information from vaccination card only7 (%),85.9,64.8,True,False
Nagaland,Longleng,Child Vaccinations and Vitamin A Supplementation,46,Children age 12-23 months who have received any vaccine (%),100.0,91.2,False,False
Nagaland,Longleng,Child Vaccinations and Vitamin A Supplementation,47,Children age 12-23 months who have received BCG (%),99.0,88.3,False,False
Nagaland,Longleng,Child Vaccinations and Vitamin A Supplementation,48,Children age 12-23 months who have received 3 doses of polio vaccine8 (%),90.2,57.5,False,False
Nagaland,Longleng,Child Vaccinations and Vitamin A Supplementation,49,Children age 12-23 months who have received 3 doses of pentavalent vaccine (%),89.6,64.7,False,False
Nagaland,Longleng,Child Vaccinations and Vitamin A Supplementation,50,Children age 12-23 months who have received the first dose of measles-containing vaccine (MCV) (%),92.9,73.3,False,False
Nagaland,Longleng,Child Vaccinations and Vitamin A Supplementation,51,Children age 24-35 months who have received a second dose of measles-containing vaccine (MCV) (%),80.6,43.6,False,False
Nagaland,Longleng,Child Vaccinations and Vitamin A Supplementation,52,Children age 12-23 months who have received birth dose of hepatitis B vaccine (%),59.1,26.1,False,False
Nagaland,Longleng,Child Vaccinations and Vitamin A Supplementation,53,Children age 12-23 months who have received 3 doses of rotavirus vaccine (%),91.0,5.5,False,False
Nagaland,Longleng,Child Vaccinations and Vitamin A Supplementation,54,Children age 9-35 months who received a vitamin A dose in the last 6 months (%),67.9,46.8,False,False
Nagaland,Longleng,Child Vaccinations and Vitamin A Supplementation,55,Children age 12-23 months who received most of their vaccinations in a public health facility (%),98.8,97.3,False,False
Nagaland,Longleng,Child Vaccinations and Vitamin A Supplementation,56,Children age 12-23 months who received most of their vaccinations in a private health facility (%),1.2,2.7,False,False
Nagaland,Longleng,Treatment of Childhood Diseases (children under age 5 years),57,Prevalence of diarrhoea in the 2 weeks preceding the survey (%),4.1,6.1,False,False
Nagaland,Longleng,Treatment of Childhood Diseases (children under age 5 years),58,Prevalence of symptoms of acute respiratory infection (ARI) in the 2 weeks preceding the survey (%),0.0,1.2,False,False
Nagaland,Longleng,Treatment of Childhood Diseases (children under age 5 years),59,Children with fever or symptoms of ARI in the 2 weeks preceding the survey taken to a health facility or health provider (%),*,27.8,True,False
Nagaland,Longleng,Child Feeding Practices and Nutritional Status of Children,60,Children under age 3 years breastfed within one hour of birth9 (%),62.0,62.3,False,False
Nagaland,Longleng,Child Feeding Practices and Nutritional Status of Children,61,Children under age 6 months exclusively breastfed10 (%),50.6,*,True,False
Nagaland,Longleng,Child Feeding Practices and Nutritional Status of Children,62,Children under age 6 months currently breastfeeding10 (%),100.0,*,True,False
Nagaland,Longleng,Child Feeding Practices and Nutritional Status of Children,63,Children under age 6 months exclusively breastfed or breastfeeding and consuming plain water/other milk only10 (%),76.2,*,True,False
Nagaland,Longleng,Child Feeding Practices and Nutritional Status of Children,64,Children age 6-8 months receiving solid or semi-solid food and breastmilk10 (%),*,*,True,False
Nagaland,Longleng,Child Feeding Practices and Nutritional Status of Children,65,"Breastfeeding children age 6-23 months receiving an adequate diet10, 11 (%)",6.8,21.0,True,False
Nagaland,Longleng,Child Feeding Practices and Nutritional Status of Children,66,"Non-breastfeeding children age 6-23 months receiving an adequate diet10, 11 (%)",16.3,*,True,False
Nagaland,Longleng,Child Feeding Practices and Nutritional Status of Children,67,"Total children age 6-23 months receiving an adequate diet10, 11 (%)",11.3,20.1,False,False
Nagaland,Longleng,Child Feeding Practices and Nutritional Status of Children,68,Children under 5 years who are stunted (height-for-age)12 (%),27.3,34.1,False,False
Nagaland,Longleng,Child Feeding Practices and Nutritional Status of Children,69,Children under 5 years who are wasted (weight-for-height)12 (%),9.8,19.8,False,False
Nagaland,Longleng,Child Feeding Practices and Nutritional Status of Children,70,Children under 5 years who are severely wasted (weight-for-height)13 (%),3.5,9.6,False,False
Nagaland,Longleng,Child Feeding Practices and Nutritional Status of Children,71,Children under 5 years who are underweight (weight-for-age)12 (%),14.1,25.7,False,False
Nagaland,Longleng,Child Feeding Practices and Nutritional Status of Children,72,Children under 5 years who are overweight (weight-for-height)14 (%),3.5,6.8,False,False
Nagaland,Longleng,Nutritional Status of Adults (age 15-49 years),73,Women whose Body Mass Index (BMI) is below normal (BMI <18.5 kg/m2)15 (%),7.1,14.4,False,False
Nagaland,Longleng,Nutritional Status of Adults (age 15-49 years),74,Women who are overweight or obese (BMI ≥25.0 kg/m2)15 (%),11.2,7.0,False,False
Nagaland,Longleng,Women,75,Blood sugar level - high (141-160 mg/dl)16 (%),6.0,6.0,False,False
Nagaland,Longleng,Women,76,Blood sugar level - very high (>160 mg/dl)16 (%),2.8,3.8,False,False
Nagaland,Longleng,Women,77,Blood sugar level - high or very high (>140 mg/dl) or taking medicine to control blood sugar level16 (%),9.0,10.2,False,False
Nagaland,Longleng,Men,78,Blood sugar level - high (141-160 mg/dl)16 (%),7.4,9.6,False,False
Nagaland,Longleng,Men,79,Blood sugar level - very high (>160 mg/dl)16 (%),3.8,4.7,False,False
Nagaland,Longleng,Men,80,Blood sugar level - high or very high (>140 mg/dl) or taking medicine to control blood sugar level16 (%),11.3,14.5,False,False
Nagaland,Longleng,Women,81,Mildly elevated blood pressure (Systolic 140-159 mm of Hg and/or Diastolic 90-99 mm of Hg) (%),16.0,14.1,False,False
Nagaland,Longleng,Women,82,Moderately or severely elevated blood pressure (Systolic ≥160 mm of Hg and/or Diastolic ≥100 mm of Hg) (%),8.6,7.2,False,False
Nagaland,Longleng,Women,83,Elevated blood pressure (Systolic ≥140 mm of Hg and/or Diastolic ≥90 mm of Hg) or taking medicine to control blood pressure (%),25.5,22.6,False,False
Nagaland,Longleng,Men,84,Mildly elevated blood pressure (Systolic 140-159 mm of Hg and/or Diastolic 90-99 mm of Hg) (%),20.5,20.5,False,False
Nagaland,Longleng,Men,85,Moderately or severely elevated blood pressure (Systolic ≥160 mm of Hg and/or Diastolic ≥100 mm of Hg) (%),11.0,8.7,False,False
Nagaland,Longleng,Men,86,Elevated blood pressure (Systolic ≥140 mm of Hg and/or Diastolic ≥90 mm of Hg) or taking medicine to control blood pressure (%),32.0,30.0,False,False
Nagaland,Longleng,Men,87,Women having a bank or savings account that they themselves use (%),88.8,56.9,False,False
Nagaland,Longleng,Men,88,Women having a mobile phone that they themselves use (%),89.3,77.1,False,False
Nagaland,Longleng,Men,89,Women age 15-24 years who use hygienic methods of protection during their menstrual period17 (%),93.8,69.1,False,False
Nagaland,Longleng,Tobacco Use and Alcohol Consumption among Adults (age 15 years and above),90,Women age 15 years and above who use any kind of tobacco (%),14.1,7.9,False,False
Nagaland,Longleng,Tobacco Use and Alcohol Consumption among Adults (age 15 years and above),91,Men age 15 years and above who use any kind of tobacco (%),57.1,54.0,False,False
Nagaland,Longleng,Tobacco Use and Alcohol Consumption among Adults (age 15 years and above),92,Women age 15 years and above who consume alcohol (%),0.7,0.5,False,False
Nagaland,Longleng,Tobacco Use and Alcohol Consumption among Adults (age 15 years and above),93,Men age 15 years and above who consume alcohol (%),23.8,24.0,False,False
Nagaland,Mokokchung,Population and Household Profile,1,Population below age 5 years (%),6.8,6.2,False,False
Nagaland,Mokokchung,Population and Household Profile,2,Population below age 15 years (%),20.4,20.4,False,False
Nagaland,Mokokchung,Population and Household Profile,3,Population age 60 years and above (%),15.9,14.9,False,False
Nagaland,Mokokchung,Population and Household Profile,4,Population living in households with electricity (%),99.7,97.7,False,False
Nagaland,Mokokchung,Population and Household Profile,5,Population living in households with an improved drinking-water source1 (%),72.7,97.4,False,False
Nagaland,Mokokchung,Population and Household Profile,6,Households using iodized salt (%),95.6,98.7,False,False
Nagaland,Mokokchung,Population and Household Profile,7,Households with any usual member covered under a health insurance/financing scheme (%),73.6,24.2,False,False
Nagaland,Mokokchung,Population and Household Profile,8,Households with any usual member having a bank account/post office account (%),96.3,93.2,False,False
Nagaland,Mokokchung,Population and Household Profile,9,Female population age 6 years and above who ever attended school (%),92.7,88.0,False,False
Nagaland,Mokokchung,Population and Household Profile,10,Households with any usual female members owning a house and/or land (alone or jointly with others) (%),15.7,19.0,False,False
Nagaland,Mokokchung,Population and Household Profile,11,Children age 2-4 years who attended pre-school (%),23.9,20.0,False,False
Nagaland,Mokokchung,Characteristics of Adults (age 15-49 years),12,Women with 10 or more years of schooling (%),54.9,55.8,False,False
Nagaland,Mokokchung,Characteristics of Adults (age 15-49 years),13,Men with 10 or more years of schooling (%),55.7,53.6,False,False
Nagaland,Mokokchung,Characteristics of Adults (age 15-49 years),14,Women who have ever used the internet (%),85.4,51.4,False,False
Nagaland,Mokokchung,Characteristics of Adults (age 15-49 years),15,Men who have ever used the internet (%),92.5,62.4,False,False
Nagaland,Mokokchung,Marriage and Fertility,16,Women age 20-24 years married before age 18 years (%),6.4,6.0,False,False
Nagaland,Mokokchung,Marriage and Fertility,17,Men age 25-29 years married before age 21 years (%),*,*,True,False
Nagaland,Mokokchung,Marriage and Fertility,18,Three or more births in the 5 years preceding the survey (%),1.8,2.6,False,False
Nagaland,Mokokchung,Marriage and Fertility,19,Women age 15-19 years who were already mothers or pregnant at the time of the survey (%),1.3,0.7,False,False
Nagaland,Mokokchung,Marriage and Fertility,20,Any method2 (%),77.5,66.7,False,False
Nagaland,Mokokchung,Marriage and Fertility,21,Any modern method2 (%),52.1,52.5,False,False
Nagaland,Mokokchung,Marriage and Fertility,22,Any traditional method (%),25.4,14.2,False,False
Nagaland,Mokokchung,Marriage and Fertility,23,Female sterilization (%),14.8,16.0,False,False
Nagaland,Mokokchung,Marriage and Fertility,24,Male sterilization (%),0.0,0.0,False,False
Nagaland,Mokokchung,Marriage and Fertility,25,Total unmet need3 (%),3.8,6.4,False,False
Nagaland,Mokokchung,Marriage and Fertility,26,Unmet need for spacing3 (%),3.4,3.3,False,False
Nagaland,Mokokchung,Marriage and Fertility,27,Unmet need for limiting3 (%),0.4,3.1,False,False
Nagaland,Mokokchung,Antenatal Care (for last birth in the 5 years before the survey),28,Mothers who had an antenatal check-up in the first trimester (%),65.1,51.6,False,False
Nagaland,Mokokchung,Antenatal Care (for last birth in the 5 years before the survey),29,Mothers who had any antenatal care visits (%),86.8,70.5,False,False
Nagaland,Mokokchung,Antenatal Care (for last birth in the 5 years before the survey),30,Mothers who had at least 4 antenatal care visits (%),43.7,18.2,False,False
Nagaland,Mokokchung,Antenatal Care (for last birth in the 5 years before the survey),31,Mothers whose last birth was protected against neonatal tetanus4 (%),90.0,91.7,False,False
Nagaland,Mokokchung,Antenatal Care (for last birth in the 5 years before the survey),32,Mothers who consumed iron folic acid for 100 days or more when they were pregnant (%),37.3,12.5,False,False
Nagaland,Mokokchung,Antenatal Care (for last birth in the 5 years before the survey),33,Mothers who consumed iron folic acid for 180 days or more when they were pregnant (%),17.9,4.1,False,False
Nagaland,Mokokchung,Antenatal Care (for last birth in the 5 years before the survey),34,Registered pregnancies for which the mother received a Mother and Child Protection (MCP) card (%),98.0,96.6,False,False
Nagaland,Mokokchung,Delivery Care (for births in the 5 years before the survey),35,Institutional births (%),78.0,51.5,False,False
Nagaland,Mokokchung,Delivery Care (for births in the 5 years before the survey),36,Institutional births in public facility (%),62.3,47.3,False,False
Nagaland,Mokokchung,Delivery Care (for births in the 5 years before the survey),37,Births attended by skilled health personnel5 (%),90.4,61.7,False,False
Nagaland,Mokokchung,Delivery Care (for births in the 5 years before the survey),38,Births delivered by caesarean section (%),23.9,3.8,False,False
Nagaland,Mokokchung,Delivery Care (for births in the 5 years before the survey),39,Births in a private health facility that were delivered by caesarean section (%),71.0,*,True,False
Nagaland,Mokokchung,Delivery Care (for births in the 5 years before the survey),40,Births in a public health facility that were delivered by caesarean section (%),20.6,8.0,False,False
Nagaland,Mokokchung,Postnatal Care (for last birth in the 5 years before the survey),41,Mothers who received postnatal care from a doctor/nurse/LHV/ANM/midwife/other health personnel within 2 days of delivery+ (%),75.7,47.4,False,False
Nagaland,Mokokchung,Postnatal Care (for last birth in the 5 years before the survey),42,Children born at home who were taken to a health facility for a check-up within 24 hours of birth (%),0.0,1.7,True,False
Nagaland,Mokokchung,Postnatal Care (for last birth in the 5 years before the survey),43,Children who received postnatal care from a doctor/nurse/LHV/ANM/midwife/other health personnel within 2 days of delivery+ (%),75.5,47.3,False,False
Nagaland,Mokokchung,Child Vaccinations and Vitamin A Supplementation,44,Children age 12-23 months fully vaccinated based on information from either vaccination card or mother's recall6 (%),82.8,92.0,True,False
Nagaland,Mokokchung,Child Vaccinations and Vitamin A Supplementation,45,Children age 12-23 months fully vaccinated based on information from vaccination card only7 (%),80.4,95.6,True,False
Nagaland,Mokokchung,Child Vaccinations and Vitamin A Supplementation,46,Children age 12-23 months who have received any vaccine (%),100.0,100.0,True,False
Nagaland,Mokokchung,Child Vaccinations and Vitamin A Supplementation,47,Children age 12-23 months who have received BCG (%),93.9,96.8,True,False
Nagaland,Mokokchung,Child Vaccinations and Vitamin A Supplementation,48,Children age 12-23 months who have received 3 doses of polio vaccine8 (%),88.9,96.3,True,False
Nagaland,Mokokchung,Child Vaccinations and Vitamin A Supplementation,49,Children age 12-23 months who have received 3 doses of pentavalent vaccine (%),94.6,99.0,True,False
Nagaland,Mokokchung,Child Vaccinations and Vitamin A Supplementation,50,Children age 12-23 months who have received the first dose of measles-containing vaccine (MCV) (%),94.6,100.0,True,False
Nagaland,Mokokchung,Child Vaccinations and Vitamin A Supplementation,51,Children age 24-35 months who have received a second dose of measles-containing vaccine (MCV) (%),85.8,59.2,True,False
Nagaland,Mokokchung,Child Vaccinations and Vitamin A Supplementation,52,Children age 12-23 months who have received birth dose of hepatitis B vaccine (%),75.2,60.8,True,False
Nagaland,Mokokchung,Child Vaccinations and Vitamin A Supplementation,53,Children age 12-23 months who have received 3 doses of rotavirus vaccine (%),95.4,9.3,True,False
Nagaland,Mokokchung,Child Vaccinations and Vitamin A Supplementation,54,Children age 9-35 months who received a vitamin A dose in the last 6 months (%),71.6,51.3,False,False
Nagaland,Mokokchung,Child Vaccinations and Vitamin A Supplementation,55,Children age 12-23 months who received most of their vaccinations in a public health facility (%),86.3,100.0,True,False
Nagaland,Mokokchung,Child Vaccinations and Vitamin A Supplementation,56,Children age 12-23 months who received most of their vaccinations in a private health facility (%),11.4,0.0,True,False
Nagaland,Mokokchung,Treatment of Childhood Diseases (children under age 5 years),57,Prevalence of diarrhoea in the 2 weeks preceding the survey (%),4.2,2.4,False,False
Nagaland,Mokokchung,Treatment of Childhood Diseases (children under age 5 years),58,Prevalence of symptoms of acute respiratory infection (ARI) in the 2 weeks preceding the survey (%),0.4,0.9,False,False
Nagaland,Mokokchung,Treatment of Childhood Diseases (children under age 5 years),59,Children with fever or symptoms of ARI in the 2 weeks preceding the survey taken to a health facility or health provider (%),*,*,True,False
Nagaland,Mokokchung,Child Feeding Practices and Nutritional Status of Children,60,Children under age 3 years breastfed within one hour of birth9 (%),52.1,56.5,False,False
Nagaland,Mokokchung,Child Feeding Practices and Nutritional Status of Children,61,Children under age 6 months exclusively breastfed10 (%),*,*,True,False
Nagaland,Mokokchung,Child Feeding Practices and Nutritional Status of Children,62,Children under age 6 months currently breastfeeding10 (%),*,*,True,False
Nagaland,Mokokchung,Child Feeding Practices and Nutritional Status of Children,63,Children under age 6 months exclusively breastfed or breastfeeding and consuming plain water/other milk only10 (%),*,*,True,False
Nagaland,Mokokchung,Child Feeding Practices and Nutritional Status of Children,64,Children age 6-8 months receiving solid or semi-solid food and breastmilk10 (%),*,*,True,False
Nagaland,Mokokchung,Child Feeding Practices and Nutritional Status of Children,65,"Breastfeeding children age 6-23 months receiving an adequate diet10, 11 (%)",11.9,0.0,True,False
Nagaland,Mokokchung,Child Feeding Practices and Nutritional Status of Children,66,"Non-breastfeeding children age 6-23 months receiving an adequate diet10, 11 (%)",15.8,*,True,False
Nagaland,Mokokchung,Child Feeding Practices and Nutritional Status of Children,67,"Total children age 6-23 months receiving an adequate diet10, 11 (%)",14.3,6.9,False,False
Nagaland,Mokokchung,Child Feeding Practices and Nutritional Status of Children,68,Children under 5 years who are stunted (height-for-age)12 (%),21.3,31.4,False,False
Nagaland,Mokokchung,Child Feeding Practices and Nutritional Status of Children,69,Children under 5 years who are wasted (weight-for-height)12 (%),6.6,11.7,False,False
Nagaland,Mokokchung,Child Feeding Practices and Nutritional Status of Children,70,Children under 5 years who are severely wasted (weight-for-height)13 (%),1.6,3.5,False,False
Nagaland,Mokokchung,Child Feeding Practices and Nutritional Status of Children,71,Children under 5 years who are underweight (weight-for-age)12 (%),9.1,22.9,False,False
Nagaland,Mokokchung,Child Feeding Practices and Nutritional Status of Children,72,Children under 5 years who are overweight (weight-for-height)14 (%),7.6,5.9,False,False
Nagaland,Mokokchung,Nutritional Status of Adults (age 15-49 years),73,Women whose Body Mass Index (BMI) is below normal (BMI <18.5 kg/m2)15 (%),8.4,11.3,False,False
Nagaland,Mokokchung,Nutritional Status of Adults (age 15-49 years),74,Women who are overweight or obese (BMI ≥25.0 kg/m2)15 (%),20.7,15.2,False,False
Nagaland,Mokokchung,Women,75,Blood sugar level - high (141-160 mg/dl)16 (%),6.7,4.6,False,False
Nagaland,Mokokchung,Women,76,Blood sugar level - very high (>160 mg/dl)16 (%),6.5,3.8,False,False
Nagaland,Mokokchung,Women,77,Blood sugar level - high or very high (>140 mg/dl) or taking medicine to control blood sugar level16 (%),13.4,8.6,False,False
Nagaland,Mokokchung,Men,78,Blood sugar level - high (141-160 mg/dl)16 (%),6.0,4.5,False,False
Nagaland,Mokokchung,Men,79,Blood sugar level - very high (>160 mg/dl)16 (%),5.7,5.5,False,False
Nagaland,Mokokchung,Men,80,Blood sugar level - high or very high (>140 mg/dl) or taking medicine to control blood sugar level16 (%),12.7,10.1,False,False
Nagaland,Mokokchung,Women,81,Mildly elevated blood pressure (Systolic 140-159 mm of Hg and/or Diastolic 90-99 mm of Hg) (%),18.8,14.6,False,False
Nagaland,Mokokchung,Women,82,Moderately or severely elevated blood pressure (Systolic ≥160 mm of Hg and/or Diastolic ≥100 mm of Hg) (%),9.5,7.9,False,False
Nagaland,Mokokchung,Women,83,Elevated blood pressure (Systolic ≥140 mm of Hg and/or Diastolic ≥90 mm of Hg) or taking medicine to control blood pressure (%),30.5,23.2,False,False
Nagaland,Mokokchung,Men,84,Mildly elevated blood pressure (Systolic 140-159 mm of Hg and/or Diastolic 90-99 mm of Hg) (%),22.2,21.6,False,False
Nagaland,Mokokchung,Men,85,Moderately or severely elevated blood pressure (Systolic ≥160 mm of Hg and/or Diastolic ≥100 mm of Hg) (%),8.4,6.9,False,False
Nagaland,Mokokchung,Men,86,Elevated blood pressure (Systolic ≥140 mm of Hg and/or Diastolic ≥90 mm of Hg) or taking medicine to control blood pressure (%),31.8,28.9,False,False
Nagaland,Mokokchung,Men,87,Women having a bank or savings account that they themselves use (%),91.2,63.0,False,False
Nagaland,Mokokchung,Men,88,Women having a mobile phone that they themselves use (%),94.0,89.2,False,False
Nagaland,Mokokchung,Men,89,Women age 15-24 years who use hygienic methods of protection during their menstrual period17 (%),96.8,90.2,False,False
Nagaland,Mokokchung,Tobacco Use and Alcohol Consumption among Adults (age 15 years and above),90,Women age 15 years and above who use any kind of tobacco (%),29.2,22.2,False,False
Nagaland,Mokokchung,Tobacco Use and Alcohol Consumption among Adults (age 15 years and above),91,Men age 15 years and above who use any kind of tobacco (%),56.1,53.0,False,False
Nagaland,Mokokchung,Tobacco Use and Alcohol Consumption among Adults (age 15 years and above),92,Women age 15 years and above who consume alcohol (%),1.5,0.4,False,False
Nagaland,Mokokchung,Tobacco Use and Alcohol Consumption among Adults (age 15 years and above),93,Men age 15 years and above who consume alcohol (%),26.7,23.4,False,False
Nagaland,Mon,Population and Household Profile,1,Population below age 5 years (%),9.7,7.8,False,False
Nagaland,Mon,Population and Household Profile,2,Population below age 15 years (%),31.7,23.5,False,False
Nagaland,Mon,Population and Household Profile,3,Population age 60 years and above (%),13.3,13.1,False,False
Nagaland,Mon,Population and Household Profile,4,Population living in households with electricity (%),97.7,96.4,False,False
Nagaland,Mon,Population and Household Profile,5,Population living in households with an improved drinking-water source1 (%),91.5,86.7,False,False
Nagaland,Mon,Population and Household Profile,6,Households using iodized salt (%),99.6,99.5,False,False
Nagaland,Mon,Population and Household Profile,7,Households with any usual member covered under a health insurance/financing scheme (%),73.7,42.2,False,False
Nagaland,Mon,Population and Household Profile,8,Households with any usual member having a bank account/post office account (%),96.5,90.1,False,False
Nagaland,Mon,Population and Household Profile,9,Female population age 6 years and above who ever attended school (%),72.6,79.4,False,False
Nagaland,Mon,Population and Household Profile,10,Households with any usual female members owning a house and/or land (alone or jointly with others) (%),5.7,12.2,False,False
Nagaland,Mon,Population and Household Profile,11,Children age 2-4 years who attended pre-school (%),7.6,13.0,False,False
Nagaland,Mon,Characteristics of Adults (age 15-49 years),12,Women with 10 or more years of schooling (%),21.5,24.3,False,False
Nagaland,Mon,Characteristics of Adults (age 15-49 years),13,Men with 10 or more years of schooling (%),22.4,30.5,False,False
Nagaland,Mon,Characteristics of Adults (age 15-49 years),14,Women who have ever used the internet (%),61.3,35.4,False,False
Nagaland,Mon,Characteristics of Adults (age 15-49 years),15,Men who have ever used the internet (%),75.8,53.9,False,False
Nagaland,Mon,Marriage and Fertility,16,Women age 20-24 years married before age 18 years (%),12.0,3.0,False,False
Nagaland,Mon,Marriage and Fertility,17,Men age 25-29 years married before age 21 years (%),*,*,True,False
Nagaland,Mon,Marriage and Fertility,18,Three or more births in the 5 years preceding the survey (%),3.0,2.6,False,False
Nagaland,Mon,Marriage and Fertility,19,Women age 15-19 years who were already mothers or pregnant at the time of the survey (%),3.6,2.8,False,False
Nagaland,Mon,Marriage and Fertility,20,Any method2 (%),67.3,68.7,False,False
Nagaland,Mon,Marriage and Fertility,21,Any modern method2 (%),46.6,55.6,False,False
Nagaland,Mon,Marriage and Fertility,22,Any traditional method (%),20.7,13.1,False,False
Nagaland,Mon,Marriage and Fertility,23,Female sterilization (%),5.3,12.6,False,False
Nagaland,Mon,Marriage and Fertility,24,Male sterilization (%),0.2,0.0,False,False
Nagaland,Mon,Marriage and Fertility,25,Total unmet need3 (%),7.9,3.7,False,False
Nagaland,Mon,Marriage and Fertility,26,Unmet need for spacing3 (%),5.4,0.6,False,False
Nagaland,Mon,Marriage and Fertility,27,Unmet need for limiting3 (%),2.5,3.1,False,False
Nagaland,Mon,Antenatal Care (for last birth in the 5 years before the survey),28,Mothers who had an antenatal check-up in the first trimester (%),45.4,44.6,False,False
Nagaland,Mon,Antenatal Care (for last birth in the 5 years before the survey),29,Mothers who had any antenatal care visits (%),72.7,67.7,False,False
Nagaland,Mon,Antenatal Care (for last birth in the 5 years before the survey),30,Mothers who had at least 4 antenatal care visits (%),15.7,9.7,False,False
Nagaland,Mon,Antenatal Care (for last birth in the 5 years before the survey),31,Mothers whose last birth was protected against neonatal tetanus4 (%),71.0,78.0,False,False
Nagaland,Mon,Antenatal Care (for last birth in the 5 years before the survey),32,Mothers who consumed iron folic acid for 100 days or more when they were pregnant (%),15.3,10.6,False,False
Nagaland,Mon,Antenatal Care (for last birth in the 5 years before the survey),33,Mothers who consumed iron folic acid for 180 days or more when they were pregnant (%),11.7,6.4,False,False
Nagaland,Mon,Antenatal Care (for last birth in the 5 years before the survey),34,Registered pregnancies for which the mother received a Mother and Child Protection (MCP) card (%),88.2,95.8,False,False
Nagaland,Mon,Delivery Care (for births in the 5 years before the survey),35,Institutional births (%),42.9,21.4,False,False
Nagaland,Mon,Delivery Care (for births in the 5 years before the survey),36,Institutional births in public facility (%),40.0,20.2,False,False
Nagaland,Mon,Delivery Care (for births in the 5 years before the survey),37,Births attended by skilled health personnel5 (%),58.8,30.9,False,False
Nagaland,Mon,Delivery Care (for births in the 5 years before the survey),38,Births delivered by caesarean section (%),2.0,1.4,False,False
Nagaland,Mon,Delivery Care (for births in the 5 years before the survey),39,Births in a private health facility that were delivered by caesarean section (%),*,*,True,False
Nagaland,Mon,Delivery Care (for births in the 5 years before the survey),40,Births in a public health facility that were delivered by caesarean section (%),2.8,2.3,False,False
Nagaland,Mon,Postnatal Care (for last birth in the 5 years before the survey),41,Mothers who received postnatal care from a doctor/nurse/LHV/ANM/midwife/other health personnel within 2 days of delivery+ (%),39.2,25.6,False,False
Nagaland,Mon,Postnatal Care (for last birth in the 5 years before the survey),42,Children born at home who were taken to a health facility for a check-up within 24 hours of birth (%),2.8,0.5,False,False
Nagaland,Mon,Postnatal Care (for last birth in the 5 years before the survey),43,Children who received postnatal care from a doctor/nurse/LHV/ANM/midwife/other health personnel within 2 days of delivery+ (%),36.8,22.4,False,False
Nagaland,Mon,Child Vaccinations and Vitamin A Supplementation,44,Children age 12-23 months fully vaccinated based on information from either vaccination card or mother's recall6 (%),65.1,62.4,False,False
Nagaland,Mon,Child Vaccinations and Vitamin A Supplementation,45,Children age 12-23 months fully vaccinated based on information from vaccination card only7 (%),72.8,69.4,True,False
Nagaland,Mon,Child Vaccinations and Vitamin A Supplementation,46,Children age 12-23 months who have received any vaccine (%),91.5,96.7,False,False
Nagaland,Mon,Child Vaccinations and Vitamin A Supplementation,47,Children age 12-23 months who have received BCG (%),90.7,87.1,False,False
Nagaland,Mon,Child Vaccinations and Vitamin A Supplementation,48,Children age 12-23 months who have received 3 doses of polio vaccine8 (%),65.8,72.2,False,False
Nagaland,Mon,Child Vaccinations and Vitamin A Supplementation,49,Children age 12-23 months who have received 3 doses of pentavalent vaccine (%),71.2,79.1,False,False
Nagaland,Mon,Child Vaccinations and Vitamin A Supplementation,50,Children age 12-23 months who have received the first dose of measles-containing vaccine (MCV) (%),75.0,83.4,False,False
Nagaland,Mon,Child Vaccinations and Vitamin A Supplementation,51,Children age 24-35 months who have received a second dose of measles-containing vaccine (MCV) (%),53.5,51.0,False,False
Nagaland,Mon,Child Vaccinations and Vitamin A Supplementation,52,Children age 12-23 months who have received birth dose of hepatitis B vaccine (%),32.9,36.6,False,False
Nagaland,Mon,Child Vaccinations and Vitamin A Supplementation,53,Children age 12-23 months who have received 3 doses of rotavirus vaccine (%),69.4,2.8,False,False
Nagaland,Mon,Child Vaccinations and Vitamin A Supplementation,54,Children age 9-35 months who received a vitamin A dose in the last 6 months (%),49.6,46.9,False,False
Nagaland,Mon,Child Vaccinations and Vitamin A Supplementation,55,Children age 12-23 months who received most of their vaccinations in a public health facility (%),100.0,97.0,False,False
Nagaland,Mon,Child Vaccinations and Vitamin A Supplementation,56,Children age 12-23 months who received most of their vaccinations in a private health facility (%),0.0,0.0,False,False
Nagaland,Mon,Treatment of Childhood Diseases (children under age 5 years),57,Prevalence of diarrhoea in the 2 weeks preceding the survey (%),2.5,4.7,False,False
Nagaland,Mon,Treatment of Childhood Diseases (children under age 5 years),58,Prevalence of symptoms of acute respiratory infection (ARI) in the 2 weeks preceding the survey (%),0.1,1.6,False,False
Nagaland,Mon,Treatment of Childhood Diseases (children under age 5 years),59,Children with fever or symptoms of ARI in the 2 weeks preceding the survey taken to a health facility or health provider (%),*,*,True,False
Nagaland,Mon,Child Feeding Practices and Nutritional Status of Children,60,Children under age 3 years breastfed within one hour of birth9 (%),60.6,53.1,False,False
Nagaland,Mon,Child Feeding Practices and Nutritional Status of Children,61,Children under age 6 months exclusively breastfed10 (%),45.0,48.4,True,False
Nagaland,Mon,Child Feeding Practices and Nutritional Status of Children,62,Children under age 6 months currently breastfeeding10 (%),100.0,100.0,True,False
Nagaland,Mon,Child Feeding Practices and Nutritional Status of Children,63,Children under age 6 months exclusively breastfed or breastfeeding and consuming plain water/other milk only10 (%),74.7,71.3,True,False
Nagaland,Mon,Child Feeding Practices and Nutritional Status of Children,64,Children age 6-8 months receiving solid or semi-solid food and breastmilk10 (%),71.1,*,True,False
Nagaland,Mon,Child Feeding Practices and Nutritional Status of Children,65,"Breastfeeding children age 6-23 months receiving an adequate diet10, 11 (%)",23.0,1.7,False,False
Nagaland,Mon,Child Feeding Practices and Nutritional Status of Children,66,"Non-breastfeeding children age 6-23 months receiving an adequate diet10, 11 (%)",*,*,True,False
Nagaland,Mon,Child Feeding Practices and Nutritional Status of Children,67,"Total children age 6-23 months receiving an adequate diet10, 11 (%)",21.3,5.8,False,False
Nagaland,Mon,Child Feeding Practices and Nutritional Status of Children,68,Children under 5 years who are stunted (height-for-age)12 (%),29.0,35.5,False,False
Nagaland,Mon,Child Feeding Practices and Nutritional Status of Children,69,Children under 5 years who are wasted (weight-for-height)12 (%),7.2,7.8,False,False
Nagaland,Mon,Child Feeding Practices and Nutritional Status of Children,70,Children under 5 years who are severely wasted (weight-for-height)13 (%),2.2,0.5,False,False
Nagaland,Mon,Child Feeding Practices and Nutritional Status of Children,71,Children under 5 years who are underweight (weight-for-age)12 (%),13.7,23.3,False,False
Nagaland,Mon,Child Feeding Practices and Nutritional Status of Children,72,Children under 5 years who are overweight (weight-for-height)14 (%),7.0,3.2,False,False
Nagaland,Mon,Nutritional Status of Adults (age 15-49 years),73,Women whose Body Mass Index (BMI) is below normal (BMI <18.5 kg/m2)15 (%),8.6,8.7,False,False
Nagaland,Mon,Nutritional Status of Adults (age 15-49 years),74,Women who are overweight or obese (BMI ≥25.0 kg/m2)15 (%),10.0,9.4,False,False
Nagaland,Mon,Women,75,Blood sugar level - high (141-160 mg/dl)16 (%),5.3,5.2,False,False
Nagaland,Mon,Women,76,Blood sugar level - very high (>160 mg/dl)16 (%),2.6,3.7,False,False
Nagaland,Mon,Women,77,Blood sugar level - high or very high (>140 mg/dl) or taking medicine to control blood sugar level16 (%),7.9,9.0,False,False
Nagaland,Mon,Men,78,Blood sugar level - high (141-160 mg/dl)16 (%),4.8,7.4,False,False
Nagaland,Mon,Men,79,Blood sugar level - very high (>160 mg/dl)16 (%),2.2,5.5,False,False
Nagaland,Mon,Men,80,Blood sugar level - high or very high (>140 mg/dl) or taking medicine to control blood sugar level16 (%),7.1,13.0,False,False
Nagaland,Mon,Women,81,Mildly elevated blood pressure (Systolic 140-159 mm of Hg and/or Diastolic 90-99 mm of Hg) (%),15.2,13.1,False,False
Nagaland,Mon,Women,82,Moderately or severely elevated blood pressure (Systolic ≥160 mm of Hg and/or Diastolic ≥100 mm of Hg) (%),7.4,7.1,False,False
Nagaland,Mon,Women,83,Elevated blood pressure (Systolic ≥140 mm of Hg and/or Diastolic ≥90 mm of Hg) or taking medicine to control blood pressure (%),23.3,20.4,False,False
Nagaland,Mon,Men,84,Mildly elevated blood pressure (Systolic 140-159 mm of Hg and/or Diastolic 90-99 mm of Hg) (%),20.1,25.3,False,False
Nagaland,Mon,Men,85,Moderately or severely elevated blood pressure (Systolic ≥160 mm of Hg and/or Diastolic ≥100 mm of Hg) (%),8.4,10.0,False,False
Nagaland,Mon,Men,86,Elevated blood pressure (Systolic ≥140 mm of Hg and/or Diastolic ≥90 mm of Hg) or taking medicine to control blood pressure (%),28.7,35.7,False,False
Nagaland,Mon,Men,87,Women having a bank or savings account that they themselves use (%),77.3,55.5,False,False
Nagaland,Mon,Men,88,Women having a mobile phone that they themselves use (%),79.5,75.7,False,False
Nagaland,Mon,Men,89,Women age 15-24 years who use hygienic methods of protection during their menstrual period17 (%),76.3,66.5,False,False
Nagaland,Mon,Tobacco Use and Alcohol Consumption among Adults (age 15 years and above),90,Women age 15 years and above who use any kind of tobacco (%),10.1,6.9,False,False
Nagaland,Mon,Tobacco Use and Alcohol Consumption among Adults (age 15 years and above),91,Men age 15 years and above who use any kind of tobacco (%),47.4,52.4,False,False
Nagaland,Mon,Tobacco Use and Alcohol Consumption among Adults (age 15 years and above),92,Women age 15 years and above who consume alcohol (%),0.2,0.2,False,False
Nagaland,Mon,Tobacco Use and Alcohol Consumption among Adults (age 15 years and above),93,Men age 15 years and above who consume alcohol (%),23.6,23.7,False,False
Nagaland,Peren,Population and Household Profile,1,Population below age 5 years (%),10.2,10.1,False,False
Nagaland,Peren,Population and Household Profile,2,Population below age 15 years (%),30.6,28.5,False,False
Nagaland,Peren,Population and Household Profile,3,Population age 60 years and above (%),9.2,10.4,False,False
Nagaland,Peren,Population and Household Profile,4,Population living in households with electricity (%),98.9,98.2,False,False
Nagaland,Peren,Population and Household Profile,5,Population living in households with an improved drinking-water source1 (%),72.2,92.5,False,False
Nagaland,Peren,Population and Household Profile,6,Households using iodized salt (%),95.1,99.5,False,False
Nagaland,Peren,Population and Household Profile,7,Households with any usual member covered under a health insurance/financing scheme (%),61.6,6.3,False,False
Nagaland,Peren,Population and Household Profile,8,Households with any usual member having a bank account/post office account (%),96.1,92.5,False,False
Nagaland,Peren,Population and Household Profile,9,Female population age 6 years and above who ever attended school (%),84.7,81.1,False,False
Nagaland,Peren,Population and Household Profile,10,Households with any usual female members owning a house and/or land (alone or jointly with others) (%),14.8,13.3,False,False
Nagaland,Peren,Population and Household Profile,11,Children age 2-4 years who attended pre-school (%),24.4,22.5,False,False
Nagaland,Peren,Characteristics of Adults (age 15-49 years),12,Women with 10 or more years of schooling (%),34.4,35.5,False,False
Nagaland,Peren,Characteristics of Adults (age 15-49 years),13,Men with 10 or more years of schooling (%),39.8,31.5,False,False
Nagaland,Peren,Characteristics of Adults (age 15-49 years),14,Women who have ever used the internet (%),74.3,42.3,False,False
Nagaland,Peren,Characteristics of Adults (age 15-49 years),15,Men who have ever used the internet (%),86.5,57.9,False,False
Nagaland,Peren,Marriage and Fertility,16,Women age 20-24 years married before age 18 years (%),9.7,9.1,False,False
Nagaland,Peren,Marriage and Fertility,17,Men age 25-29 years married before age 21 years (%),10.2,10.2,True,False
Nagaland,Peren,Marriage and Fertility,18,Three or more births in the 5 years preceding the survey (%),2.9,5.0,False,False
Nagaland,Peren,Marriage and Fertility,19,Women age 15-19 years who were already mothers or pregnant at the time of the survey (%),4.5,4.4,False,False
Nagaland,Peren,Marriage and Fertility,20,Any method2 (%),66.2,58.6,False,False
Nagaland,Peren,Marriage and Fertility,21,Any modern method2 (%),46.8,42.0,False,False
Nagaland,Peren,Marriage and Fertility,22,Any traditional method (%),19.4,16.6,False,False
Nagaland,Peren,Marriage and Fertility,23,Female sterilization (%),9.3,9.9,False,False
Nagaland,Peren,Marriage and Fertility,24,Male sterilization (%),0.0,0.0,False,False
Nagaland,Peren,Marriage and Fertility,25,Total unmet need3 (%),7.4,6.2,False,False
Nagaland,Peren,Marriage and Fertility,26,Unmet need for spacing3 (%),5.1,4.6,False,False
Nagaland,Peren,Marriage and Fertility,27,Unmet need for limiting3 (%),2.3,1.6,False,False
Nagaland,Peren,Antenatal Care (for last birth in the 5 years before the survey),28,Mothers who had an antenatal check-up in the first trimester (%),52.8,45.1,False,False
Nagaland,Peren,Antenatal Care (for last birth in the 5 years before the survey),29,Mothers who had any antenatal care visits (%),78.8,62.6,False,False
Nagaland,Peren,Antenatal Care (for last birth in the 5 years before the survey),30,Mothers who had at least 4 antenatal care visits (%),17.3,14.5,False,False
Nagaland,Peren,Antenatal Care (for last birth in the 5 years before the survey),31,Mothers whose last birth was protected against neonatal tetanus4 (%),76.6,85.1,False,False
Nagaland,Peren,Antenatal Care (for last birth in the 5 years before the survey),32,Mothers who consumed iron folic acid for 100 days or more when they were pregnant (%),24.1,6.1,False,False
Nagaland,Peren,Antenatal Care (for last birth in the 5 years before the survey),33,Mothers who consumed iron folic acid for 180 days or more when they were pregnant (%),10.5,2.1,False,False
Nagaland,Peren,Antenatal Care (for last birth in the 5 years before the survey),34,Registered pregnancies for which the mother received a Mother and Child Protection (MCP) card (%),97.2,97.3,False,False
Nagaland,Peren,Delivery Care (for births in the 5 years before the survey),35,Institutional births (%),52.0,43.5,False,False
Nagaland,Peren,Delivery Care (for births in the 5 years before the survey),36,Institutional births in public facility (%),41.6,38.7,False,False
Nagaland,Peren,Delivery Care (for births in the 5 years before the survey),37,Births attended by skilled health personnel5 (%),63.3,52.5,False,False
Nagaland,Peren,Delivery Care (for births in the 5 years before the survey),38,Births delivered by caesarean section (%),7.9,2.4,False,False
Nagaland,Peren,Delivery Care (for births in the 5 years before the survey),39,Births in a private health facility that were delivered by caesarean section (%),40.4,*,True,False
Nagaland,Peren,Delivery Care (for births in the 5 years before the survey),40,Births in a public health facility that were delivered by caesarean section (%),8.9,4.3,False,False
Nagaland,Peren,Postnatal Care (for last birth in the 5 years before the survey),41,Mothers who received postnatal care from a doctor/nurse/LHV/ANM/midwife/other health personnel within 2 days of delivery+ (%),51.6,46.9,False,False
Nagaland,Peren,Postnatal Care (for last birth in the 5 years before the survey),42,Children born at home who were taken to a health facility for a check-up within 24 hours of birth (%),0.0,0.0,False,False
Nagaland,Peren,Postnatal Care (for last birth in the 5 years before the survey),43,Children who received postnatal care from a doctor/nurse/LHV/ANM/midwife/other health personnel within 2 days of delivery+ (%),47.7,45.1,False,False
Nagaland,Peren,Child Vaccinations and Vitamin A Supplementation,44,Children age 12-23 months fully vaccinated based on information from either vaccination card or mother's recall6 (%),63.9,63.3,False,False
Nagaland,Peren,Child Vaccinations and Vitamin A Supplementation,45,Children age 12-23 months fully vaccinated based on information from vaccination card only7 (%),73.6,76.4,False,False
Nagaland,Peren,Child Vaccinations and Vitamin A Supplementation,46,Children age 12-23 months who have received any vaccine (%),94.2,89.6,False,False
Nagaland,Peren,Child Vaccinations and Vitamin A Supplementation,47,Children age 12-23 months who have received BCG (%),86.3,86.8,False,False
Nagaland,Peren,Child Vaccinations and Vitamin A Supplementation,48,Children age 12-23 months who have received 3 doses of polio vaccine8 (%),70.7,71.9,False,False
Nagaland,Peren,Child Vaccinations and Vitamin A Supplementation,49,Children age 12-23 months who have received 3 doses of pentavalent vaccine (%),77.3,71.2,False,False
Nagaland,Peren,Child Vaccinations and Vitamin A Supplementation,50,Children age 12-23 months who have received the first dose of measles-containing vaccine (MCV) (%),81.0,74.2,False,False
Nagaland,Peren,Child Vaccinations and Vitamin A Supplementation,51,Children age 24-35 months who have received a second dose of measles-containing vaccine (MCV) (%),36.6,28.8,False,False
Nagaland,Peren,Child Vaccinations and Vitamin A Supplementation,52,Children age 12-23 months who have received birth dose of hepatitis B vaccine (%),44.0,43.1,False,False
Nagaland,Peren,Child Vaccinations and Vitamin A Supplementation,53,Children age 12-23 months who have received 3 doses of rotavirus vaccine (%),70.8,0.4,False,False
Nagaland,Peren,Child Vaccinations and Vitamin A Supplementation,54,Children age 9-35 months who received a vitamin A dose in the last 6 months (%),59.1,44.2,False,False
Nagaland,Peren,Child Vaccinations and Vitamin A Supplementation,55,Children age 12-23 months who received most of their vaccinations in a public health facility (%),79.1,94.7,False,False
Nagaland,Peren,Child Vaccinations and Vitamin A Supplementation,56,Children age 12-23 months who received most of their vaccinations in a private health facility (%),2.1,0.0,False,False
Nagaland,Peren,Treatment of Childhood Diseases (children under age 5 years),57,Prevalence of diarrhoea in the 2 weeks preceding the survey (%),4.3,3.4,False,False
Nagaland,Peren,Treatment of Childhood Diseases (children under age 5 years),58,Prevalence of symptoms of acute respiratory infection (ARI) in the 2 weeks preceding the survey (%),0.5,0.5,False,False
Nagaland,Peren,Treatment of Childhood Diseases (children under age 5 years),59,Children with fever or symptoms of ARI in the 2 weeks preceding the survey taken to a health facility or health provider (%),32.1,32.4,True,False
Nagaland,Peren,Child Feeding Practices and Nutritional Status of Children,60,Children under age 3 years breastfed within one hour of birth9 (%),42.0,58.5,False,False
Nagaland,Peren,Child Feeding Practices and Nutritional Status of Children,61,Children under age 6 months exclusively breastfed10 (%),32.7,38.3,True,False
Nagaland,Peren,Child Feeding Practices and Nutritional Status of Children,62,Children under age 6 months currently breastfeeding10 (%),97.1,100.0,True,False
Nagaland,Peren,Child Feeding Practices and Nutritional Status of Children,63,Children under age 6 months exclusively breastfed or breastfeeding and consuming plain water/other milk only10 (%),67.9,78.6,True,False
Nagaland,Peren,Child Feeding Practices and Nutritional Status of Children,64,Children age 6-8 months receiving solid or semi-solid food and breastmilk10 (%),*,*,True,False
Nagaland,Peren,Child Feeding Practices and Nutritional Status of Children,65,"Breastfeeding children age 6-23 months receiving an adequate diet10, 11 (%)",14.8,9.0,False,False
Nagaland,Peren,Child Feeding Practices and Nutritional Status of Children,66,"Non-breastfeeding children age 6-23 months receiving an adequate diet10, 11 (%)",2.3,14.6,True,False
Nagaland,Peren,Child Feeding Practices and Nutritional Status of Children,67,"Total children age 6-23 months receiving an adequate diet10, 11 (%)",8.9,11.0,False,False
Nagaland,Peren,Child Feeding Practices and Nutritional Status of Children,68,Children under 5 years who are stunted (height-for-age)12 (%),26.9,34.9,False,False
Nagaland,Peren,Child Feeding Practices and Nutritional Status of Children,69,Children under 5 years who are wasted (weight-for-height)12 (%),10.6,9.1,False,False
Nagaland,Peren,Child Feeding Practices and Nutritional Status of Children,70,Children under 5 years who are severely wasted (weight-for-height)13 (%),3.7,1.7,False,False
Nagaland,Peren,Child Feeding Practices and Nutritional Status of Children,71,Children under 5 years who are underweight (weight-for-age)12 (%),15.4,20.7,False,False
Nagaland,Peren,Child Feeding Practices and Nutritional Status of Children,72,Children under 5 years who are overweight (weight-for-height)14 (%),3.6,4.1,False,False
Nagaland,Peren,Nutritional Status of Adults (age 15-49 years),73,Women whose Body Mass Index (BMI) is below normal (BMI <18.5 kg/m2)15 (%),8.2,6.6,False,False
Nagaland,Peren,Nutritional Status of Adults (age 15-49 years),74,Women who are overweight or obese (BMI ≥25.0 kg/m2)15 (%),18.4,16.4,False,False
Nagaland,Peren,Women,75,Blood sugar level - high (141-160 mg/dl)16 (%),3.5,4.1,False,False
Nagaland,Peren,Women,76,Blood sugar level - very high (>160 mg/dl)16 (%),3.4,3.7,False,False
Nagaland,Peren,Women,77,Blood sugar level - high or very high (>140 mg/dl) or taking medicine to control blood sugar level16 (%),7.1,8.0,False,False
Nagaland,Peren,Men,78,Blood sugar level - high (141-160 mg/dl)16 (%),5.1,7.5,False,False
Nagaland,Peren,Men,79,Blood sugar level - very high (>160 mg/dl)16 (%),3.8,7.0,False,False
Nagaland,Peren,Men,80,Blood sugar level - high or very high (>140 mg/dl) or taking medicine to control blood sugar level16 (%),9.3,14.6,False,False
Nagaland,Peren,Women,81,Mildly elevated blood pressure (Systolic 140-159 mm of Hg and/or Diastolic 90-99 mm of Hg) (%),12.5,13.0,False,False
Nagaland,Peren,Women,82,Moderately or severely elevated blood pressure (Systolic ≥160 mm of Hg and/or Diastolic ≥100 mm of Hg) (%),4.8,5.1,False,False
Nagaland,Peren,Women,83,Elevated blood pressure (Systolic ≥140 mm of Hg and/or Diastolic ≥90 mm of Hg) or taking medicine to control blood pressure (%),17.8,19.8,False,False
Nagaland,Peren,Men,84,Mildly elevated blood pressure (Systolic 140-159 mm of Hg and/or Diastolic 90-99 mm of Hg) (%),17.6,19.7,False,False
Nagaland,Peren,Men,85,Moderately or severely elevated blood pressure (Systolic ≥160 mm of Hg and/or Diastolic ≥100 mm of Hg) (%),6.8,7.2,False,False
Nagaland,Peren,Men,86,Elevated blood pressure (Systolic ≥140 mm of Hg and/or Diastolic ≥90 mm of Hg) or taking medicine to control blood pressure (%),24.9,27.7,False,False
Nagaland,Peren,Men,87,Women having a bank or savings account that they themselves use (%),82.1,63.4,False,False
Nagaland,Peren,Men,88,Women having a mobile phone that they themselves use (%),81.7,76.1,False,False
Nagaland,Peren,Men,89,Women age 15-24 years who use hygienic methods of protection during their menstrual period17 (%),85.1,68.2,False,False
Nagaland,Peren,Tobacco Use and Alcohol Consumption among Adults (age 15 years and above),90,Women age 15 years and above who use any kind of tobacco (%),21.6,13.4,False,False
Nagaland,Peren,Tobacco Use and Alcohol Consumption among Adults (age 15 years and above),91,Men age 15 years and above who use any kind of tobacco (%),57.8,49.2,False,False
Nagaland,Peren,Tobacco Use and Alcohol Consumption among Adults (age 15 years and above),92,Women age 15 years and above who consume alcohol (%),4.2,1.4,False,False
Nagaland,Peren,Tobacco Use and Alcohol Consumption among Adults (age 15 years and above),93,Men age 15 years and above who consume alcohol (%),35.2,26.1,False,False
Nagaland,Phek,Population and Household Profile,1,Population below age 5 years (%),8.7,8.8,False,False
Nagaland,Phek,Population and Household Profile,2,Population below age 15 years (%),27.9,24.3,False,False
Nagaland,Phek,Population and Household Profile,3,Population age 60 years and above (%),13.8,10.7,False,False
Nagaland,Phek,Population and Household Profile,4,Population living in households with electricity (%),99.7,99.4,False,False
Nagaland,Phek,Population and Household Profile,5,Population living in households with an improved drinking-water source1 (%),71.3,98.1,False,False
Nagaland,Phek,Population and Household Profile,6,Households using iodized salt (%),99.9,98.3,False,False
Nagaland,Phek,Population and Household Profile,7,Households with any usual member covered under a health insurance/financing scheme (%),69.1,26.4,False,False
Nagaland,Phek,Population and Household Profile,8,Households with any usual member having a bank account/post office account (%),96.3,91.6,False,False
Nagaland,Phek,Population and Household Profile,9,Female population age 6 years and above who ever attended school (%),79.1,80.5,False,False
Nagaland,Phek,Population and Household Profile,10,Households with any usual female members owning a house and/or land (alone or jointly with others) (%),15.7,19.4,False,False
Nagaland,Phek,Population and Household Profile,11,Children age 2-4 years who attended pre-school (%),12.4,9.6,False,False
Nagaland,Phek,Characteristics of Adults (age 15-49 years),12,Women with 10 or more years of schooling (%),38.4,39.4,False,False
Nagaland,Phek,Characteristics of Adults (age 15-49 years),13,Men with 10 or more years of schooling (%),42.2,48.1,False,False
Nagaland,Phek,Characteristics of Adults (age 15-49 years),14,Women who have ever used the internet (%),69.8,46.7,False,False
Nagaland,Phek,Characteristics of Adults (age 15-49 years),15,Men who have ever used the internet (%),91.7,58.1,False,False
Nagaland,Phek,Marriage and Fertility,16,Women age 20-24 years married before age 18 years (%),12.5,6.5,False,False
Nagaland,Phek,Marriage and Fertility,17,Men age 25-29 years married before age 21 years (%),*,*,True,False
Nagaland,Phek,Marriage and Fertility,18,Three or more births in the 5 years preceding the survey (%),5.5,5.8,False,False
Nagaland,Phek,Marriage and Fertility,19,Women age 15-19 years who were already mothers or pregnant at the time of the survey (%),6.0,4.3,False,False
Nagaland,Phek,Marriage and Fertility,20,Any method2 (%),70.4,56.3,False,False
Nagaland,Phek,Marriage and Fertility,21,Any modern method2 (%),41.6,47.1,False,False
Nagaland,Phek,Marriage and Fertility,22,Any traditional method (%),28.8,9.2,False,False
Nagaland,Phek,Marriage and Fertility,23,Female sterilization (%),12.2,15.1,False,False
Nagaland,Phek,Marriage and Fertility,24,Male sterilization (%),0.0,0.0,False,False
Nagaland,Phek,Marriage and Fertility,25,Total unmet need3 (%),7.6,6.5,False,False
Nagaland,Phek,Marriage and Fertility,26,Unmet need for spacing3 (%),5.4,3.5,False,False
Nagaland,Phek,Marriage and Fertility,27,Unmet need for limiting3 (%),2.2,3.0,False,False
Nagaland,Phek,Antenatal Care (for last birth in the 5 years before the survey),28,Mothers who had an antenatal check-up in the first trimester (%),60.7,50.1,False,False
Nagaland,Phek,Antenatal Care (for last birth in the 5 years before the survey),29,Mothers who had any antenatal care visits (%),90.2,70.2,False,False
Nagaland,Phek,Antenatal Care (for last birth in the 5 years before the survey),30,Mothers who had at least 4 antenatal care visits (%),19.8,9.5,False,False
Nagaland,Phek,Antenatal Care (for last birth in the 5 years before the survey),31,Mothers whose last birth was protected against neonatal tetanus4 (%),79.8,83.8,False,False
Nagaland,Phek,Antenatal Care (for last birth in the 5 years before the survey),32,Mothers who consumed iron folic acid for 100 days or more when they were pregnant (%),27.7,13.5,False,False
Nagaland,Phek,Antenatal Care (for last birth in the 5 years before the survey),33,Mothers who consumed iron folic acid for 180 days or more when they were pregnant (%),20.6,5.6,False,False
Nagaland,Phek,Antenatal Care (for last birth in the 5 years before the survey),34,Registered pregnancies for which the mother received a Mother and Child Protection (MCP) card (%),94.1,97.6,False,False
Nagaland,Phek,Delivery Care (for births in the 5 years before the survey),35,Institutional births (%),49.5,32.2,False,False
Nagaland,Phek,Delivery Care (for births in the 5 years before the survey),36,Institutional births in public facility (%),47.9,29.2,False,False
Nagaland,Phek,Delivery Care (for births in the 5 years before the survey),37,Births attended by skilled health personnel5 (%),67.0,50.7,False,False
Nagaland,Phek,Delivery Care (for births in the 5 years before the survey),38,Births delivered by caesarean section (%),5.2,1.7,False,False
Nagaland,Phek,Delivery Care (for births in the 5 years before the survey),39,Births in a private health facility that were delivered by caesarean section (%),*,*,True,False
Nagaland,Phek,Delivery Care (for births in the 5 years before the survey),40,Births in a public health facility that were delivered by caesarean section (%),10.1,3.7,False,False
Nagaland,Phek,Postnatal Care (for last birth in the 5 years before the survey),41,Mothers who received postnatal care from a doctor/nurse/LHV/ANM/midwife/other health personnel within 2 days of delivery+ (%),43.9,39.6,False,False
Nagaland,Phek,Postnatal Care (for last birth in the 5 years before the survey),42,Children born at home who were taken to a health facility for a check-up within 24 hours of birth (%),0.0,0.8,False,False
Nagaland,Phek,Postnatal Care (for last birth in the 5 years before the survey),43,Children who received postnatal care from a doctor/nurse/LHV/ANM/midwife/other health personnel within 2 days of delivery+ (%),43.5,34.9,False,False
Nagaland,Phek,Child Vaccinations and Vitamin A Supplementation,44,Children age 12-23 months fully vaccinated based on information from either vaccination card or mother's recall6 (%),73.0,54.6,False,False
Nagaland,Phek,Child Vaccinations and Vitamin A Supplementation,45,Children age 12-23 months fully vaccinated based on information from vaccination card only7 (%),82.3,71.2,True,False
Nagaland,Phek,Child Vaccinations and Vitamin A Supplementation,46,Children age 12-23 months who have received any vaccine (%),88.7,95.5,False,False
Nagaland,Phek,Child Vaccinations and Vitamin A Supplementation,47,Children age 12-23 months who have received BCG (%),88.7,87.6,False,False
Nagaland,Phek,Child Vaccinations and Vitamin A Supplementation,48,Children age 12-23 months who have received 3 doses of polio vaccine8 (%),73.0,68.4,False,False
Nagaland,Phek,Child Vaccinations and Vitamin A Supplementation,49,Children age 12-23 months who have received 3 doses of pentavalent vaccine (%),73.0,65.3,False,False
Nagaland,Phek,Child Vaccinations and Vitamin A Supplementation,50,Children age 12-23 months who have received the first dose of measles-containing vaccine (MCV) (%),73.0,71.8,False,False
Nagaland,Phek,Child Vaccinations and Vitamin A Supplementation,51,Children age 24-35 months who have received a second dose of measles-containing vaccine (MCV) (%),69.7,49.5,False,False
Nagaland,Phek,Child Vaccinations and Vitamin A Supplementation,52,Children age 12-23 months who have received birth dose of hepatitis B vaccine (%),41.4,28.7,False,False
Nagaland,Phek,Child Vaccinations and Vitamin A Supplementation,53,Children age 12-23 months who have received 3 doses of rotavirus vaccine (%),73.0,2.1,False,False
Nagaland,Phek,Child Vaccinations and Vitamin A Supplementation,54,Children age 9-35 months who received a vitamin A dose in the last 6 months (%),49.5,42.2,False,False
Nagaland,Phek,Child Vaccinations and Vitamin A Supplementation,55,Children age 12-23 months who received most of their vaccinations in a public health facility (%),100.0,100.0,True,False
Nagaland,Phek,Child Vaccinations and Vitamin A Supplementation,56,Children age 12-23 months who received most of their vaccinations in a private health facility (%),0.0,0.0,True,False
Nagaland,Phek,Treatment of Childhood Diseases (children under age 5 years),57,Prevalence of diarrhoea in the 2 weeks preceding the survey (%),3.4,1.9,False,False
Nagaland,Phek,Treatment of Childhood Diseases (children under age 5 years),58,Prevalence of symptoms of acute respiratory infection (ARI) in the 2 weeks preceding the survey (%),0.4,1.1,False,False
Nagaland,Phek,Treatment of Childhood Diseases (children under age 5 years),59,Children with fever or symptoms of ARI in the 2 weeks preceding the survey taken to a health facility or health provider (%),*,*,True,False
Nagaland,Phek,Child Feeding Practices and Nutritional Status of Children,60,Children under age 3 years breastfed within one hour of birth9 (%),50.5,64.8,False,False
Nagaland,Phek,Child Feeding Practices and Nutritional Status of Children,61,Children under age 6 months exclusively breastfed10 (%),62.8,47.6,True,False
Nagaland,Phek,Child Feeding Practices and Nutritional Status of Children,62,Children under age 6 months currently breastfeeding10 (%),95.1,91.7,True,False
Nagaland,Phek,Child Feeding Practices and Nutritional Status of Children,63,Children under age 6 months exclusively breastfed or breastfeeding and consuming plain water/other milk only10 (%),78.7,72.6,True,False
Nagaland,Phek,Child Feeding Practices and Nutritional Status of Children,64,Children age 6-8 months receiving solid or semi-solid food and breastmilk10 (%),*,*,True,False
Nagaland,Phek,Child Feeding Practices and Nutritional Status of Children,65,"Breastfeeding children age 6-23 months receiving an adequate diet10, 11 (%)",10.3,15.9,False,False
Nagaland,Phek,Child Feeding Practices and Nutritional Status of Children,66,"Non-breastfeeding children age 6-23 months receiving an adequate diet10, 11 (%)",2.0,11.7,True,False
Nagaland,Phek,Child Feeding Practices and Nutritional Status of Children,67,"Total children age 6-23 months receiving an adequate diet10, 11 (%)",8.2,14.5,False,False
Nagaland,Phek,Child Feeding Practices and Nutritional Status of Children,68,Children under 5 years who are stunted (height-for-age)12 (%),21.2,28.0,False,False
Nagaland,Phek,Child Feeding Practices and Nutritional Status of Children,69,Children under 5 years who are wasted (weight-for-height)12 (%),6.1,12.9,False,False
Nagaland,Phek,Child Feeding Practices and Nutritional Status of Children,70,Children under 5 years who are severely wasted (weight-for-height)13 (%),2.9,6.3,False,False
Nagaland,Phek,Child Feeding Practices and Nutritional Status of Children,71,Children under 5 years who are underweight (weight-for-age)12 (%),5.7,15.6,False,False
Nagaland,Phek,Child Feeding Practices and Nutritional Status of Children,72,Children under 5 years who are overweight (weight-for-height)14 (%),4.0,6.8,False,False
Nagaland,Phek,Nutritional Status of Adults (age 15-49 years),73,Women whose Body Mass Index (BMI) is below normal (BMI <18.5 kg/m2)15 (%),5.5,14.8,False,False
Nagaland,Phek,Nutritional Status of Adults (age 15-49 years),74,Women who are overweight or obese (BMI ≥25.0 kg/m2)15 (%),20.0,14.1,False,False
Nagaland,Phek,Women,75,Blood sugar level - high (141-160 mg/dl)16 (%),5.3,5.1,False,False
Nagaland,Phek,Women,76,Blood sugar level - very high (>160 mg/dl)16 (%),3.8,3.9,False,False
Nagaland,Phek,Women,77,Blood sugar level - high or very high (>140 mg/dl) or taking medicine to control blood sugar level16 (%),9.2,9.0,False,False
Nagaland,Phek,Men,78,Blood sugar level - high (141-160 mg/dl)16 (%),6.1,7.5,False,False
Nagaland,Phek,Men,79,Blood sugar level - very high (>160 mg/dl)16 (%),4.1,5.8,False,False
Nagaland,Phek,Men,80,Blood sugar level - high or very high (>140 mg/dl) or taking medicine to control blood sugar level16 (%),10.7,13.4,False,False
Nagaland,Phek,Women,81,Mildly elevated blood pressure (Systolic 140-159 mm of Hg and/or Diastolic 90-99 mm of Hg) (%),19.2,14.7,False,False
Nagaland,Phek,Women,82,Moderately or severely elevated blood pressure (Systolic ≥160 mm of Hg and/or Diastolic ≥100 mm of Hg) (%),13.0,10.3,False,False
Nagaland,Phek,Women,83,Elevated blood pressure (Systolic ≥140 mm of Hg and/or Diastolic ≥90 mm of Hg) or taking medicine to control blood pressure (%),32.8,25.9,False,False
Nagaland,Phek,Men,84,Mildly elevated blood pressure (Systolic 140-159 mm of Hg and/or Diastolic 90-99 mm of Hg) (%),31.0,21.1,False,False
Nagaland,Phek,Men,85,Moderately or severely elevated blood pressure (Systolic ≥160 mm of Hg and/or Diastolic ≥100 mm of Hg) (%),14.8,12.2,False,False
Nagaland,Phek,Men,86,Elevated blood pressure (Systolic ≥140 mm of Hg and/or Diastolic ≥90 mm of Hg) or taking medicine to control blood pressure (%),47.0,33.8,False,False
Nagaland,Phek,Men,87,Women having a bank or savings account that they themselves use (%),87.9,66.3,False,False
Nagaland,Phek,Men,88,Women having a mobile phone that they themselves use (%),83.7,79.1,False,False
Nagaland,Phek,Men,89,Women age 15-24 years who use hygienic methods of protection during their menstrual period17 (%),89.7,71.4,False,False
Nagaland,Phek,Tobacco Use and Alcohol Consumption among Adults (age 15 years and above),90,Women age 15 years and above who use any kind of tobacco (%),9.1,9.9,False,False
Nagaland,Phek,Tobacco Use and Alcohol Consumption among Adults (age 15 years and above),91,Men age 15 years and above who use any kind of tobacco (%),49.2,45.5,False,False
Nagaland,Phek,Tobacco Use and Alcohol Consumption among Adults (age 15 years and above),92,Women age 15 years and above who consume alcohol (%),1.6,0.9,False,False
Nagaland,Phek,Tobacco Use and Alcohol Consumption among Adults (age 15 years and above),93,Men age 15 years and above who consume alcohol (%),29.4,24.1,False,False
Nagaland,Tuensang,Population and Household Profile,1,Population below age 5 years (%),10.5,9.4,False,False
Nagaland,Tuensang,Population and Household Profile,2,Population below age 15 years (%),31.3,32.8,False,False
Nagaland,Tuensang,Population and Household Profile,3,Population age 60 years and above (%),10.9,9.0,False,False
Nagaland,Tuensang,Population and Household Profile,4,Population living in households with electricity (%),99.5,96.6,False,False
Nagaland,Tuensang,Population and Household Profile,5,Population living in households with an improved drinking-water source1 (%),76.9,90.4,False,False
Nagaland,Tuensang,Population and Household Profile,6,Households using iodized salt (%),97.1,98.2,False,False
Nagaland,Tuensang,Population and Household Profile,7,Households with any usual member covered under a health insurance/financing scheme (%),68.3,23.4,False,False
Nagaland,Tuensang,Population and Household Profile,8,Households with any usual member having a bank account/post office account (%),96.6,91.6,False,False
Nagaland,Tuensang,Population and Household Profile,9,Female population age 6 years and above who ever attended school (%),80.4,80.5,False,False
Nagaland,Tuensang,Population and Household Profile,10,Households with any usual female members owning a house and/or land (alone or jointly with others) (%),12.6,12.7,False,False
Nagaland,Tuensang,Population and Household Profile,11,Children age 2-4 years who attended pre-school (%),9.1,9.9,False,False
Nagaland,Tuensang,Characteristics of Adults (age 15-49 years),12,Women with 10 or more years of schooling (%),25.6,27.0,False,False
Nagaland,Tuensang,Characteristics of Adults (age 15-49 years),13,Men with 10 or more years of schooling (%),35.5,38.7,False,False
Nagaland,Tuensang,Characteristics of Adults (age 15-49 years),14,Women who have ever used the internet (%),66.5,31.1,False,False
Nagaland,Tuensang,Characteristics of Adults (age 15-49 years),15,Men who have ever used the internet (%),93.6,48.3,False,False
Nagaland,Tuensang,Marriage and Fertility,16,Women age 20-24 years married before age 18 years (%),14.7,10.4,False,False
Nagaland,Tuensang,Marriage and Fertility,17,Men age 25-29 years married before age 21 years (%),8.7,*,True,False
Nagaland,Tuensang,Marriage and Fertility,18,Three or more births in the 5 years preceding the survey (%),4.5,3.8,False,False
Nagaland,Tuensang,Marriage and Fertility,19,Women age 15-19 years who were already mothers or pregnant at the time of the survey (%),2.5,6.7,False,False
Nagaland,Tuensang,Marriage and Fertility,20,Any method2 (%),80.7,52.6,False,False
Nagaland,Tuensang,Marriage and Fertility,21,Any modern method2 (%),39.7,37.4,False,False
Nagaland,Tuensang,Marriage and Fertility,22,Any traditional method (%),41.0,15.2,False,False
Nagaland,Tuensang,Marriage and Fertility,23,Female sterilization (%),8.0,9.9,False,False
Nagaland,Tuensang,Marriage and Fertility,24,Male sterilization (%),0.0,0.0,False,False
Nagaland,Tuensang,Marriage and Fertility,25,Total unmet need3 (%),4.1,12.9,False,False
Nagaland,Tuensang,Marriage and Fertility,26,Unmet need for spacing3 (%),3.7,5.9,False,False
Nagaland,Tuensang,Marriage and Fertility,27,Unmet need for limiting3 (%),0.4,7.0,False,False
Nagaland,Tuensang,Antenatal Care (for last birth in the 5 years before the survey),28,Mothers who had an antenatal check-up in the first trimester (%),37.3,27.1,False,False
Nagaland,Tuensang,Antenatal Care (for last birth in the 5 years before the survey),29,Mothers who had any antenatal care visits (%),71.3,51.9,False,False
Nagaland,Tuensang,Antenatal Care (for last birth in the 5 years before the survey),30,Mothers who had at least 4 antenatal care visits (%),9.1,4.4,False,False
Nagaland,Tuensang,Antenatal Care (for last birth in the 5 years before the survey),31,Mothers whose last birth was protected against neonatal tetanus4 (%),66.8,69.0,False,False
Nagaland,Tuensang,Antenatal Care (for last birth in the 5 years before the survey),32,Mothers who consumed iron folic acid for 100 days or more when they were pregnant (%),12.5,3.3,False,False
Nagaland,Tuensang,Antenatal Care (for last birth in the 5 years before the survey),33,Mothers who consumed iron folic acid for 180 days or more when they were pregnant (%),4.3,0.9,False,False
Nagaland,Tuensang,Antenatal Care (for last birth in the 5 years before the survey),34,Registered pregnancies for which the mother received a Mother and Child Protection (MCP) card (%),98.2,90.9,False,False
Nagaland,Tuensang,Delivery Care (for births in the 5 years before the survey),35,Institutional births (%),41.4,34.8,False,False
Nagaland,Tuensang,Delivery Care (for births in the 5 years before the survey),36,Institutional births in public facility (%),38.2,34.1,False,False
Nagaland,Tuensang,Delivery Care (for births in the 5 years before the survey),37,Births attended by skilled health personnel5 (%),58.8,39.2,False,False
Nagaland,Tuensang,Delivery Care (for births in the 5 years before the survey),38,Births delivered by caesarean section (%),1.4,1.5,False,False
Nagaland,Tuensang,Delivery Care (for births in the 5 years before the survey),39,Births in a private health facility that were delivered by caesarean section (%),*,*,True,False
Nagaland,Tuensang,Delivery Care (for births in the 5 years before the survey),40,Births in a public health facility that were delivered by caesarean section (%),2.1,4.3,False,False
Nagaland,Tuensang,Postnatal Care (for last birth in the 5 years before the survey),41,Mothers who received postnatal care from a doctor/nurse/LHV/ANM/midwife/other health personnel within 2 days of delivery+ (%),39.7,29.5,False,False
Nagaland,Tuensang,Postnatal Care (for last birth in the 5 years before the survey),42,Children born at home who were taken to a health facility for a check-up within 24 hours of birth (%),0.0,0.3,False,False
Nagaland,Tuensang,Postnatal Care (for last birth in the 5 years before the survey),43,Children who received postnatal care from a doctor/nurse/LHV/ANM/midwife/other health personnel within 2 days of delivery+ (%),41.3,30.2,False,False
Nagaland,Tuensang,Child Vaccinations and Vitamin A Supplementation,44,Children age 12-23 months fully vaccinated based on information from either vaccination card or mother's recall6 (%),59.9,39.9,False,False
Nagaland,Tuensang,Child Vaccinations and Vitamin A Supplementation,45,Children age 12-23 months fully vaccinated based on information from vaccination card only7 (%),74.0,58.8,True,False
Nagaland,Tuensang,Child Vaccinations and Vitamin A Supplementation,46,Children age 12-23 months who have received any vaccine (%),81.4,88.1,False,False
Nagaland,Tuensang,Child Vaccinations and Vitamin A Supplementation,47,Children age 12-23 months who have received BCG (%),70.4,75.6,False,False
Nagaland,Tuensang,Child Vaccinations and Vitamin A Supplementation,48,Children age 12-23 months who have received 3 doses of polio vaccine8 (%),66.6,47.6,False,False
Nagaland,Tuensang,Child Vaccinations and Vitamin A Supplementation,49,Children age 12-23 months who have received 3 doses of pentavalent vaccine (%),67.8,56.5,False,False
Nagaland,Tuensang,Child Vaccinations and Vitamin A Supplementation,50,Children age 12-23 months who have received the first dose of measles-containing vaccine (MCV) (%),74.9,53.3,False,False
Nagaland,Tuensang,Child Vaccinations and Vitamin A Supplementation,51,Children age 24-35 months who have received a second dose of measles-containing vaccine (MCV) (%),62.3,33.2,False,False
Nagaland,Tuensang,Child Vaccinations and Vitamin A Supplementation,52,Children age 12-23 months who have received birth dose of hepatitis B vaccine (%),28.3,29.2,False,False
Nagaland,Tuensang,Child Vaccinations and Vitamin A Supplementation,53,Children age 12-23 months who have received 3 doses of rotavirus vaccine (%),66.8,1.9,False,False
Nagaland,Tuensang,Child Vaccinations and Vitamin A Supplementation,54,Children age 9-35 months who received a vitamin A dose in the last 6 months (%),56.2,27.5,False,False
Nagaland,Tuensang,Child Vaccinations and Vitamin A Supplementation,55,Children age 12-23 months who received most of their vaccinations in a public health facility (%),94.6,94.6,False,False
Nagaland,Tuensang,Child Vaccinations and Vitamin A Supplementation,56,Children age 12-23 months who received most of their vaccinations in a private health facility (%),1.6,2.1,False,False
Nagaland,Tuensang,Treatment of Childhood Diseases (children under age 5 years),57,Prevalence of diarrhoea in the 2 weeks preceding the survey (%),2.5,5.5,False,False
Nagaland,Tuensang,Treatment of Childhood Diseases (children under age 5 years),58,Prevalence of symptoms of acute respiratory infection (ARI) in the 2 weeks preceding the survey (%),0.0,1.8,False,False
Nagaland,Tuensang,Treatment of Childhood Diseases (children under age 5 years),59,Children with fever or symptoms of ARI in the 2 weeks preceding the survey taken to a health facility or health provider (%),*,13.8,True,False
Nagaland,Tuensang,Child Feeding Practices and Nutritional Status of Children,60,Children under age 3 years breastfed within one hour of birth9 (%),68.6,69.4,False,False
Nagaland,Tuensang,Child Feeding Practices and Nutritional Status of Children,61,Children under age 6 months exclusively breastfed10 (%),47.8,27.1,True,False
Nagaland,Tuensang,Child Feeding Practices and Nutritional Status of Children,62,Children under age 6 months currently breastfeeding10 (%),100.0,95.9,True,False
Nagaland,Tuensang,Child Feeding Practices and Nutritional Status of Children,63,Children under age 6 months exclusively breastfed or breastfeeding and consuming plain water/other milk only10 (%),74.6,49.2,True,False
Nagaland,Tuensang,Child Feeding Practices and Nutritional Status of Children,64,Children age 6-8 months receiving solid or semi-solid food and breastmilk10 (%),*,71.4,True,False
Nagaland,Tuensang,Child Feeding Practices and Nutritional Status of Children,65,"Breastfeeding children age 6-23 months receiving an adequate diet10, 11 (%)",16.4,14.8,False,False
Nagaland,Tuensang,Child Feeding Practices and Nutritional Status of Children,66,"Non-breastfeeding children age 6-23 months receiving an adequate diet10, 11 (%)",9.6,8.4,True,False
Nagaland,Tuensang,Child Feeding Practices and Nutritional Status of Children,67,"Total children age 6-23 months receiving an adequate diet10, 11 (%)",14.4,13.0,False,False
Nagaland,Tuensang,Child Feeding Practices and Nutritional Status of Children,68,Children under 5 years who are stunted (height-for-age)12 (%),24.0,37.1,False,False
Nagaland,Tuensang,Child Feeding Practices and Nutritional Status of Children,69,Children under 5 years who are wasted (weight-for-height)12 (%),10.4,24.6,False,False
Nagaland,Tuensang,Child Feeding Practices and Nutritional Status of Children,70,Children under 5 years who are severely wasted (weight-for-height)13 (%),4.7,10.3,False,False
Nagaland,Tuensang,Child Feeding Practices and Nutritional Status of Children,71,Children under 5 years who are underweight (weight-for-age)12 (%),13.5,34.2,False,False
Nagaland,Tuensang,Child Feeding Practices and Nutritional Status of Children,72,Children under 5 years who are overweight (weight-for-height)14 (%),1.6,5.5,False,False
Nagaland,Tuensang,Nutritional Status of Adults (age 15-49 years),73,Women whose Body Mass Index (BMI) is below normal (BMI <18.5 kg/m2)15 (%),11.9,15.9,False,False
Nagaland,Tuensang,Nutritional Status of Adults (age 15-49 years),74,Women who are overweight or obese (BMI ≥25.0 kg/m2)15 (%),9.7,10.8,False,False
Nagaland,Tuensang,Women,75,Blood sugar level - high (141-160 mg/dl)16 (%),3.7,4.3,False,False
Nagaland,Tuensang,Women,76,Blood sugar level - very high (>160 mg/dl)16 (%),2.8,1.9,False,False
Nagaland,Tuensang,Women,77,Blood sugar level - high or very high (>140 mg/dl) or taking medicine to control blood sugar level16 (%),6.6,6.4,False,False
Nagaland,Tuensang,Men,78,Blood sugar level - high (141-160 mg/dl)16 (%),5.7,7.0,False,False
Nagaland,Tuensang,Men,79,Blood sugar level - very high (>160 mg/dl)16 (%),2.0,3.4,False,False
Nagaland,Tuensang,Men,80,Blood sugar level - high or very high (>140 mg/dl) or taking medicine to control blood sugar level16 (%),7.9,10.5,False,False
Nagaland,Tuensang,Women,81,Mildly elevated blood pressure (Systolic 140-159 mm of Hg and/or Diastolic 90-99 mm of Hg) (%),13.2,12.2,False,False
Nagaland,Tuensang,Women,82,Moderately or severely elevated blood pressure (Systolic ≥160 mm of Hg and/or Diastolic ≥100 mm of Hg) (%),8.5,7.8,False,False
Nagaland,Tuensang,Women,83,Elevated blood pressure (Systolic ≥140 mm of Hg and/or Diastolic ≥90 mm of Hg) or taking medicine to control blood pressure (%),22.1,20.4,False,False
Nagaland,Tuensang,Men,84,Mildly elevated blood pressure (Systolic 140-159 mm of Hg and/or Diastolic 90-99 mm of Hg) (%),19.9,17.1,False,False
Nagaland,Tuensang,Men,85,Moderately or severely elevated blood pressure (Systolic ≥160 mm of Hg and/or Diastolic ≥100 mm of Hg) (%),7.4,6.8,False,False
Nagaland,Tuensang,Men,86,Elevated blood pressure (Systolic ≥140 mm of Hg and/or Diastolic ≥90 mm of Hg) or taking medicine to control blood pressure (%),28.1,24.3,False,False
Nagaland,Tuensang,Men,87,Women having a bank or savings account that they themselves use (%),81.8,33.0,False,False
Nagaland,Tuensang,Men,88,Women having a mobile phone that they themselves use (%),82.5,63.6,False,False
Nagaland,Tuensang,Men,89,Women age 15-24 years who use hygienic methods of protection during their menstrual period17 (%),80.5,72.8,False,False
Nagaland,Tuensang,Tobacco Use and Alcohol Consumption among Adults (age 15 years and above),90,Women age 15 years and above who use any kind of tobacco (%),13.3,14.9,False,False
Nagaland,Tuensang,Tobacco Use and Alcohol Consumption among Adults (age 15 years and above),91,Men age 15 years and above who use any kind of tobacco (%),50.2,50.2,False,False
Nagaland,Tuensang,Tobacco Use and Alcohol Consumption among Adults (age 15 years and above),92,Women age 15 years and above who consume alcohol (%),0.8,0.6,False,False
Nagaland,Tuensang,Tobacco Use and Alcohol Consumption among Adults (age 15 years and above),93,Men age 15 years and above who consume alcohol (%),22.1,18.5,False,False
Nagaland,Wokha,Population and Household Profile,1,Population below age 5 years (%),6.8,6.5,False,False
Nagaland,Wokha,Population and Household Profile,2,Population below age 15 years (%),20.0,21.4,False,False
Nagaland,Wokha,Population and Household Profile,3,Population age 60 years and above (%),17.0,13.4,False,False
Nagaland,Wokha,Population and Household Profile,4,Population living in households with electricity (%),98.9,99.7,False,False
Nagaland,Wokha,Population and Household Profile,5,Population living in households with an improved drinking-water source1 (%),78.7,83.4,False,False
Nagaland,Wokha,Population and Household Profile,6,Households using iodized salt (%),100.0,98.9,False,False
Nagaland,Wokha,Population and Household Profile,7,Households with any usual member covered under a health insurance/financing scheme (%),68.4,22.6,False,False
Nagaland,Wokha,Population and Household Profile,8,Households with any usual member having a bank account/post office account (%),98.6,92.3,False,False
Nagaland,Wokha,Population and Household Profile,9,Female population age 6 years and above who ever attended school (%),88.2,85.8,False,False
Nagaland,Wokha,Population and Household Profile,10,Households with any usual female members owning a house and/or land (alone or jointly with others) (%),14.0,19.4,False,False
Nagaland,Wokha,Population and Household Profile,11,Children age 2-4 years who attended pre-school (%),16.7,13.9,False,False
Nagaland,Wokha,Characteristics of Adults (age 15-49 years),12,Women with 10 or more years of schooling (%),56.4,45.3,False,False
Nagaland,Wokha,Characteristics of Adults (age 15-49 years),13,Men with 10 or more years of schooling (%),54.6,56.1,False,False
Nagaland,Wokha,Characteristics of Adults (age 15-49 years),14,Women who have ever used the internet (%),87.1,61.6,False,False
Nagaland,Wokha,Characteristics of Adults (age 15-49 years),15,Men who have ever used the internet (%),93.3,70.0,False,False
Nagaland,Wokha,Marriage and Fertility,16,Women age 20-24 years married before age 18 years (%),8.9,3.2,False,False
Nagaland,Wokha,Marriage and Fertility,17,Men age 25-29 years married before age 21 years (%),*,*,True,False
Nagaland,Wokha,Marriage and Fertility,18,Three or more births in the 5 years preceding the survey (%),1.1,1.7,False,False
Nagaland,Wokha,Marriage and Fertility,19,Women age 15-19 years who were already mothers or pregnant at the time of the survey (%),1.8,5.2,False,False
Nagaland,Wokha,Marriage and Fertility,20,Any method2 (%),77.1,64.6,False,False
Nagaland,Wokha,Marriage and Fertility,21,Any modern method2 (%),50.8,50.1,False,False
Nagaland,Wokha,Marriage and Fertility,22,Any traditional method (%),26.3,14.5,False,False
Nagaland,Wokha,Marriage and Fertility,23,Female sterilization (%),17.9,15.7,False,False
Nagaland,Wokha,Marriage and Fertility,24,Male sterilization (%),0.2,0.0,False,False
Nagaland,Wokha,Marriage and Fertility,25,Total unmet need3 (%),1.7,3.2,False,False
Nagaland,Wokha,Marriage and Fertility,26,Unmet need for spacing3 (%),1.7,1.5,False,False
Nagaland,Wokha,Marriage and Fertility,27,Unmet need for limiting3 (%),0.0,1.7,False,False
Nagaland,Wokha,Antenatal Care (for last birth in the 5 years before the survey),28,Mothers who had an antenatal check-up in the first trimester (%),77.2,57.8,False,False
Nagaland,Wokha,Antenatal Care (for last birth in the 5 years before the survey),29,Mothers who had any antenatal care visits (%),95.5,81.6,False,False
Nagaland,Wokha,Antenatal Care (for last birth in the 5 years before the survey),30,Mothers who had at least 4 antenatal care visits (%),49.2,34.7,False,False
Nagaland,Wokha,Antenatal Care (for last birth in the 5 years before the survey),31,Mothers whose last birth was protected against neonatal tetanus4 (%),85.9,77.6,False,False
Nagaland,Wokha,Antenatal Care (for last birth in the 5 years before the survey),32,Mothers who consumed iron folic acid for 100 days or more when they were pregnant (%),26.4,12.9,False,False
Nagaland,Wokha,Antenatal Care (for last birth in the 5 years before the survey),33,Mothers who consumed iron folic acid for 180 days or more when they were pregnant (%),14.0,4.4,False,False
Nagaland,Wokha,Antenatal Care (for last birth in the 5 years before the survey),34,Registered pregnancies for which the mother received a Mother and Child Protection (MCP) card (%),95.9,96.8,False,False
Nagaland,Wokha,Delivery Care (for births in the 5 years before the survey),35,Institutional births (%),71.8,43.6,False,False
Nagaland,Wokha,Delivery Care (for births in the 5 years before the survey),36,Institutional births in public facility (%),51.0,24.2,False,False
Nagaland,Wokha,Delivery Care (for births in the 5 years before the survey),37,Births attended by skilled health personnel5 (%),89.4,63.5,False,False
Nagaland,Wokha,Delivery Care (for births in the 5 years before the survey),38,Births delivered by caesarean section (%),3.3,10.1,False,False
Nagaland,Wokha,Delivery Care (for births in the 5 years before the survey),39,Births in a private health facility that were delivered by caesarean section (%),8.9,38.4,True,False
Nagaland,Wokha,Delivery Care (for births in the 5 years before the survey),40,Births in a public health facility that were delivered by caesarean section (%),2.9,11.0,False,False
Nagaland,Wokha,Postnatal Care (for last birth in the 5 years before the survey),41,Mothers who received postnatal care from a doctor/nurse/LHV/ANM/midwife/other health personnel within 2 days of delivery+ (%),80.5,50.7,False,False
Nagaland,Wokha,Postnatal Care (for last birth in the 5 years before the survey),42,Children born at home who were taken to a health facility for a check-up within 24 hours of birth (%),4.7,0.7,False,False
Nagaland,Wokha,Postnatal Care (for last birth in the 5 years before the survey),43,Children who received postnatal care from a doctor/nurse/LHV/ANM/midwife/other health personnel within 2 days of delivery+ (%),81.5,45.4,False,False
Nagaland,Wokha,Child Vaccinations and Vitamin A Supplementation,44,Children age 12-23 months fully vaccinated based on information from either vaccination card or mother's recall6 (%),87.5,42.8,True,False
Nagaland,Wokha,Child Vaccinations and Vitamin A Supplementation,45,Children age 12-23 months fully vaccinated based on information from vaccination card only7 (%),87.5,57.1,True,False
Nagaland,Wokha,Child Vaccinations and Vitamin A Supplementation,46,Children age 12-23 months who have received any vaccine (%),100.0,77.2,True,False
Nagaland,Wokha,Child Vaccinations and Vitamin A Supplementation,47,Children age 12-23 months who have received BCG (%),91.1,73.3,True,False
Nagaland,Wokha,Child Vaccinations and Vitamin A Supplementation,48,Children age 12-23 months who have received 3 doses of polio vaccine8 (%),93.5,52.3,True,False
Nagaland,Wokha,Child Vaccinations and Vitamin A Supplementation,49,Children age 12-23 months who have received 3 doses of pentavalent vaccine (%),93.5,61.3,True,False
Nagaland,Wokha,Child Vaccinations and Vitamin A Supplementation,50,Children age 12-23 months who have received the first dose of measles-containing vaccine (MCV) (%),98.8,66.4,True,False
Nagaland,Wokha,Child Vaccinations and Vitamin A Supplementation,51,Children age 24-35 months who have received a second dose of measles-containing vaccine (MCV) (%),74.2,45.0,True,False
Nagaland,Wokha,Child Vaccinations and Vitamin A Supplementation,52,Children age 12-23 months who have received birth dose of hepatitis B vaccine (%),29.9,36.2,True,False
Nagaland,Wokha,Child Vaccinations and Vitamin A Supplementation,53,Children age 12-23 months who have received 3 doses of rotavirus vaccine (%),90.4,9.8,True,False
Nagaland,Wokha,Child Vaccinations and Vitamin A Supplementation,54,Children age 9-35 months who received a vitamin A dose in the last 6 months (%),79.2,44.9,False,False
Nagaland,Wokha,Child Vaccinations and Vitamin A Supplementation,55,Children age 12-23 months who received most of their vaccinations in a public health facility (%),95.9,88.0,True,False
Nagaland,Wokha,Child Vaccinations and Vitamin A Supplementation,56,Children age 12-23 months who received most of their vaccinations in a private health facility (%),0.0,12.0,True,False
Nagaland,Wokha,Treatment of Childhood Diseases (children under age 5 years),57,Prevalence of diarrhoea in the 2 weeks preceding the survey (%),2.1,3.6,False,False
Nagaland,Wokha,Treatment of Childhood Diseases (children under age 5 years),58,Prevalence of symptoms of acute respiratory infection (ARI) in the 2 weeks preceding the survey (%),0.0,1.6,False,False
Nagaland,Wokha,Treatment of Childhood Diseases (children under age 5 years),59,Children with fever or symptoms of ARI in the 2 weeks preceding the survey taken to a health facility or health provider (%),*,*,True,False
Nagaland,Wokha,Child Feeding Practices and Nutritional Status of Children,60,Children under age 3 years breastfed within one hour of birth9 (%),54.0,48.5,False,False
Nagaland,Wokha,Child Feeding Practices and Nutritional Status of Children,61,Children under age 6 months exclusively breastfed10 (%),*,*,True,False
Nagaland,Wokha,Child Feeding Practices and Nutritional Status of Children,62,Children under age 6 months currently breastfeeding10 (%),*,*,True,False
Nagaland,Wokha,Child Feeding Practices and Nutritional Status of Children,63,Children under age 6 months exclusively breastfed or breastfeeding and consuming plain water/other milk only10 (%),*,*,True,False
Nagaland,Wokha,Child Feeding Practices and Nutritional Status of Children,64,Children age 6-8 months receiving solid or semi-solid food and breastmilk10 (%),*,*,True,False
Nagaland,Wokha,Child Feeding Practices and Nutritional Status of Children,65,"Breastfeeding children age 6-23 months receiving an adequate diet10, 11 (%)",24.4,27.7,True,False
Nagaland,Wokha,Child Feeding Practices and Nutritional Status of Children,66,"Non-breastfeeding children age 6-23 months receiving an adequate diet10, 11 (%)",*,*,True,False
Nagaland,Wokha,Child Feeding Practices and Nutritional Status of Children,67,"Total children age 6-23 months receiving an adequate diet10, 11 (%)",21.3,28.8,True,False
Nagaland,Wokha,Child Feeding Practices and Nutritional Status of Children,68,Children under 5 years who are stunted (height-for-age)12 (%),21.0,26.3,False,False
Nagaland,Wokha,Child Feeding Practices and Nutritional Status of Children,69,Children under 5 years who are wasted (weight-for-height)12 (%),19.5,23.5,False,False
Nagaland,Wokha,Child Feeding Practices and Nutritional Status of Children,70,Children under 5 years who are severely wasted (weight-for-height)13 (%),13.9,10.6,False,False
Nagaland,Wokha,Child Feeding Practices and Nutritional Status of Children,71,Children under 5 years who are underweight (weight-for-age)12 (%),22.0,28.0,False,False
Nagaland,Wokha,Child Feeding Practices and Nutritional Status of Children,72,Children under 5 years who are overweight (weight-for-height)14 (%),3.4,1.1,False,False
Nagaland,Wokha,Nutritional Status of Adults (age 15-49 years),73,Women whose Body Mass Index (BMI) is below normal (BMI <18.5 kg/m2)15 (%),12.7,8.8,False,False
Nagaland,Wokha,Nutritional Status of Adults (age 15-49 years),74,Women who are overweight or obese (BMI ≥25.0 kg/m2)15 (%),8.0,18.3,False,False
Nagaland,Wokha,Women,75,Blood sugar level - high (141-160 mg/dl)16 (%),5.3,6.2,False,False
Nagaland,Wokha,Women,76,Blood sugar level - very high (>160 mg/dl)16 (%),3.7,5.8,False,False
Nagaland,Wokha,Women,77,Blood sugar level - high or very high (>140 mg/dl) or taking medicine to control blood sugar level16 (%),9.0,12.2,False,False
Nagaland,Wokha,Men,78,Blood sugar level - high (141-160 mg/dl)16 (%),6.4,10.4,False,False
Nagaland,Wokha,Men,79,Blood sugar level - very high (>160 mg/dl)16 (%),4.8,8.2,False,False
Nagaland,Wokha,Men,80,Blood sugar level - high or very high (>140 mg/dl) or taking medicine to control blood sugar level16 (%),11.5,18.8,False,False
Nagaland,Wokha,Women,81,Mildly elevated blood pressure (Systolic 140-159 mm of Hg and/or Diastolic 90-99 mm of Hg) (%),13.7,16.0,False,False
Nagaland,Wokha,Women,82,Moderately or severely elevated blood pressure (Systolic ≥160 mm of Hg and/or Diastolic ≥100 mm of Hg) (%),6.0,7.6,False,False
Nagaland,Wokha,Women,83,Elevated blood pressure (Systolic ≥140 mm of Hg and/or Diastolic ≥90 mm of Hg) or taking medicine to control blood pressure (%),21.0,24.3,False,False
Nagaland,Wokha,Men,84,Mildly elevated blood pressure (Systolic 140-159 mm of Hg and/or Diastolic 90-99 mm of Hg) (%),16.5,23.2,False,False
Nagaland,Wokha,Men,85,Moderately or severely elevated blood pressure (Systolic ≥160 mm of Hg and/or Diastolic ≥100 mm of Hg) (%),6.7,12.0,False,False
Nagaland,Wokha,Men,86,Elevated blood pressure (Systolic ≥140 mm of Hg and/or Diastolic ≥90 mm of Hg) or taking medicine to control blood pressure (%),24.1,35.7,False,False
Nagaland,Wokha,Men,87,Women having a bank or savings account that they themselves use (%),93.6,79.5,False,False
Nagaland,Wokha,Men,88,Women having a mobile phone that they themselves use (%),93.1,92.1,False,False
Nagaland,Wokha,Men,89,Women age 15-24 years who use hygienic methods of protection during their menstrual period17 (%),92.5,90.6,False,False
Nagaland,Wokha,Tobacco Use and Alcohol Consumption among Adults (age 15 years and above),90,Women age 15 years and above who use any kind of tobacco (%),17.6,12.9,False,False
Nagaland,Wokha,Tobacco Use and Alcohol Consumption among Adults (age 15 years and above),91,Men age 15 years and above who use any kind of tobacco (%),53.1,50.4,False,False
Nagaland,Wokha,Tobacco Use and Alcohol Consumption among Adults (age 15 years and above),92,Women age 15 years and above who consume alcohol (%),2.9,1.1,False,False
Nagaland,Wokha,Tobacco Use and Alcohol Consumption among Adults (age 15 years and above),93,Men age 15 years and above who consume alcohol (%),34.6,27.2,False,False
Nagaland,Zunheboto,Population and Household Profile,1,Population below age 5 years (%),9.0,8.3,False,False
Nagaland,Zunheboto,Population and Household Profile,2,Population below age 15 years (%),20.9,22.2,False,False
Nagaland,Zunheboto,Population and Household Profile,3,Population age 60 years and above (%),19.3,15.7,False,False
Nagaland,Zunheboto,Population and Household Profile,4,Population living in households with electricity (%),99.9,99.4,False,False
Nagaland,Zunheboto,Population and Household Profile,5,Population living in households with an improved drinking-water source1 (%),80.8,91.0,False,False
Nagaland,Zunheboto,Population and Household Profile,6,Households using iodized salt (%),99.9,99.1,False,False
Nagaland,Zunheboto,Population and Household Profile,7,Households with any usual member covered under a health insurance/financing scheme (%),67.3,20.1,False,False
Nagaland,Zunheboto,Population and Household Profile,8,Households with any usual member having a bank account/post office account (%),96.4,87.6,False,False
Nagaland,Zunheboto,Population and Household Profile,9,Female population age 6 years and above who ever attended school (%),84.1,87.4,False,False
Nagaland,Zunheboto,Population and Household Profile,10,Households with any usual female members owning a house and/or land (alone or jointly with others) (%),16.2,19.3,False,False
Nagaland,Zunheboto,Population and Household Profile,11,Children age 2-4 years who attended pre-school (%),10.7,15.1,False,False
Nagaland,Zunheboto,Characteristics of Adults (age 15-49 years),12,Women with 10 or more years of schooling (%),42.4,40.2,False,False
Nagaland,Zunheboto,Characteristics of Adults (age 15-49 years),13,Men with 10 or more years of schooling (%),41.3,51.0,False,False
Nagaland,Zunheboto,Characteristics of Adults (age 15-49 years),14,Women who have ever used the internet (%),81.3,46.5,False,False
Nagaland,Zunheboto,Characteristics of Adults (age 15-49 years),15,Men who have ever used the internet (%),92.8,65.8,False,False
Nagaland,Zunheboto,Marriage and Fertility,16,Women age 20-24 years married before age 18 years (%),5.6,4.0,False,False
Nagaland,Zunheboto,Marriage and Fertility,17,Men age 25-29 years married before age 21 years (%),*,*,True,False
Nagaland,Zunheboto,Marriage and Fertility,18,Three or more births in the 5 years preceding the survey (%),4.8,5.3,False,False
Nagaland,Zunheboto,Marriage and Fertility,19,Women age 15-19 years who were already mothers or pregnant at the time of the survey (%),3.3,3.5,False,False
Nagaland,Zunheboto,Marriage and Fertility,20,Any method2 (%),80.8,68.8,False,False
Nagaland,Zunheboto,Marriage and Fertility,21,Any modern method2 (%),57.2,56.5,False,False
Nagaland,Zunheboto,Marriage and Fertility,22,Any traditional method (%),23.6,12.3,False,False
Nagaland,Zunheboto,Marriage and Fertility,23,Female sterilization (%),16.3,19.3,False,False
Nagaland,Zunheboto,Marriage and Fertility,24,Male sterilization (%),0.0,0.0,False,False
Nagaland,Zunheboto,Marriage and Fertility,25,Total unmet need3 (%),3.3,2.8,False,False
Nagaland,Zunheboto,Marriage and Fertility,26,Unmet need for spacing3 (%),2.6,0.7,False,False
Nagaland,Zunheboto,Marriage and Fertility,27,Unmet need for limiting3 (%),0.7,2.1,False,False
Nagaland,Zunheboto,Antenatal Care (for last birth in the 5 years before the survey),28,Mothers who had an antenatal check-up in the first trimester (%),70.3,46.5,False,False
Nagaland,Zunheboto,Antenatal Care (for last birth in the 5 years before the survey),29,Mothers who had any antenatal care visits (%),85.2,79.8,False,False
Nagaland,Zunheboto,Antenatal Care (for last birth in the 5 years before the survey),30,Mothers who had at least 4 antenatal care visits (%),24.1,11.2,False,False
Nagaland,Zunheboto,Antenatal Care (for last birth in the 5 years before the survey),31,Mothers whose last birth was protected against neonatal tetanus4 (%),74.5,81.3,False,False
Nagaland,Zunheboto,Antenatal Care (for last birth in the 5 years before the survey),32,Mothers who consumed iron folic acid for 100 days or more when they were pregnant (%),16.3,5.5,False,False
Nagaland,Zunheboto,Antenatal Care (for last birth in the 5 years before the survey),33,Mothers who consumed iron folic acid for 180 days or more when they were pregnant (%),6.8,2.3,False,False
Nagaland,Zunheboto,Antenatal Care (for last birth in the 5 years before the survey),34,Registered pregnancies for which the mother received a Mother and Child Protection (MCP) card (%),94.4,90.7,False,False
Nagaland,Zunheboto,Delivery Care (for births in the 5 years before the survey),35,Institutional births (%),71.5,35.0,False,False
Nagaland,Zunheboto,Delivery Care (for births in the 5 years before the survey),36,Institutional births in public facility (%),63.9,32.2,False,False
Nagaland,Zunheboto,Delivery Care (for births in the 5 years before the survey),37,Births attended by skilled health personnel5 (%),75.6,40.5,False,False
Nagaland,Zunheboto,Delivery Care (for births in the 5 years before the survey),38,Births delivered by caesarean section (%),8.9,7.6,False,False
Nagaland,Zunheboto,Delivery Care (for births in the 5 years before the survey),39,Births in a private health facility that were delivered by caesarean section (%),*,*,True,False
Nagaland,Zunheboto,Delivery Care (for births in the 5 years before the survey),40,Births in a public health facility that were delivered by caesarean section (%),9.6,19.4,False,False
Nagaland,Zunheboto,Postnatal Care (for last birth in the 5 years before the survey),41,Mothers who received postnatal care from a doctor/nurse/LHV/ANM/midwife/other health personnel within 2 days of delivery+ (%),68.6,24.9,False,False
Nagaland,Zunheboto,Postnatal Care (for last birth in the 5 years before the survey),42,Children born at home who were taken to a health facility for a check-up within 24 hours of birth (%),0.0,0.0,False,False
Nagaland,Zunheboto,Postnatal Care (for last birth in the 5 years before the survey),43,Children who received postnatal care from a doctor/nurse/LHV/ANM/midwife/other health personnel within 2 days of delivery+ (%),73.3,24.7,False,False
Nagaland,Zunheboto,Child Vaccinations and Vitamin A Supplementation,44,Children age 12-23 months fully vaccinated based on information from either vaccination card or mother's recall6 (%),70.0,60.7,True,False
Nagaland,Zunheboto,Child Vaccinations and Vitamin A Supplementation,45,Children age 12-23 months fully vaccinated based on information from vaccination card only7 (%),79.5,75.1,True,False
Nagaland,Zunheboto,Child Vaccinations and Vitamin A Supplementation,46,Children age 12-23 months who have received any vaccine (%),91.8,86.8,True,False
Nagaland,Zunheboto,Child Vaccinations and Vitamin A Supplementation,47,Children age 12-23 months who have received BCG (%),85.0,82.2,True,False
Nagaland,Zunheboto,Child Vaccinations and Vitamin A Supplementation,48,Children age 12-23 months who have received 3 doses of polio vaccine8 (%),76.9,67.1,True,False
Nagaland,Zunheboto,Child Vaccinations and Vitamin A Supplementation,49,Children age 12-23 months who have received 3 doses of pentavalent vaccine (%),82.6,72.1,True,False
Nagaland,Zunheboto,Child Vaccinations and Vitamin A Supplementation,50,Children age 12-23 months who have received the first dose of measles-containing vaccine (MCV) (%),86.7,76.4,True,False
Nagaland,Zunheboto,Child Vaccinations and Vitamin A Supplementation,51,Children age 24-35 months who have received a second dose of measles-containing vaccine (MCV) (%),65.1,51.6,True,False
Nagaland,Zunheboto,Child Vaccinations and Vitamin A Supplementation,52,Children age 12-23 months who have received birth dose of hepatitis B vaccine (%),48.4,29.8,True,False
Nagaland,Zunheboto,Child Vaccinations and Vitamin A Supplementation,53,Children age 12-23 months who have received 3 doses of rotavirus vaccine (%),72.2,11.1,True,False
Nagaland,Zunheboto,Child Vaccinations and Vitamin A Supplementation,54,Children age 9-35 months who received a vitamin A dose in the last 6 months (%),58.2,33.5,False,False
Nagaland,Zunheboto,Child Vaccinations and Vitamin A Supplementation,55,Children age 12-23 months who received most of their vaccinations in a public health facility (%),86.8,98.5,True,False
Nagaland,Zunheboto,Child Vaccinations and Vitamin A Supplementation,56,Children age 12-23 months who received most of their vaccinations in a private health facility (%),0.0,1.5,True,False
Nagaland,Zunheboto,Treatment of Childhood Diseases (children under age 5 years),57,Prevalence of diarrhoea in the 2 weeks preceding the survey (%),1.1,1.8,False,False
Nagaland,Zunheboto,Treatment of Childhood Diseases (children under age 5 years),58,Prevalence of symptoms of acute respiratory infection (ARI) in the 2 weeks preceding the survey (%),0.3,0.0,False,False
Nagaland,Zunheboto,Treatment of Childhood Diseases (children under age 5 years),59,Children with fever or symptoms of ARI in the 2 weeks preceding the survey taken to a health facility or health provider (%),*,*,True,False
Nagaland,Zunheboto,Child Feeding Practices and Nutritional Status of Children,60,Children under age 3 years breastfed within one hour of birth9 (%),49.1,38.4,False,False
Nagaland,Zunheboto,Child Feeding Practices and Nutritional Status of Children,61,Children under age 6 months exclusively breastfed10 (%),18.1,*,True,False
Nagaland,Zunheboto,Child Feeding Practices and Nutritional Status of Children,62,Children under age 6 months currently breastfeeding10 (%),100.0,*,True,False
Nagaland,Zunheboto,Child Feeding Practices and Nutritional Status of Children,63,Children under age 6 months exclusively breastfed or breastfeeding and consuming plain water/other milk only10 (%),73.3,*,True,False
Nagaland,Zunheboto,Child Feeding Practices and Nutritional Status of Children,64,Children age 6-8 months receiving solid or semi-solid food and breastmilk10 (%),*,*,True,False
Nagaland,Zunheboto,Child Feeding Practices and Nutritional Status of Children,65,"Breastfeeding children age 6-23 months receiving an adequate diet10, 11 (%)",27.3,15.5,True,False
Nagaland,Zunheboto,Child Feeding Practices and Nutritional Status of Children,66,"Non-breastfeeding children age 6-23 months receiving an adequate diet10, 11 (%)",20.1,28.3,True,False
Nagaland,Zunheboto,Child Feeding Practices and Nutritional Status of Children,67,"Total children age 6-23 months receiving an adequate diet10, 11 (%)",23.9,20.8,False,False
Nagaland,Zunheboto,Child Feeding Practices and Nutritional Status of Children,68,Children under 5 years who are stunted (height-for-age)12 (%),24.1,44.0,False,False
Nagaland,Zunheboto,Child Feeding Practices and Nutritional Status of Children,69,Children under 5 years who are wasted (weight-for-height)12 (%),9.5,26.9,False,False
Nagaland,Zunheboto,Child Feeding Practices and Nutritional Status of Children,70,Children under 5 years who are severely wasted (weight-for-height)13 (%),4.4,10.3,False,False
Nagaland,Zunheboto,Child Feeding Practices and Nutritional Status of Children,71,Children under 5 years who are underweight (weight-for-age)12 (%),8.9,44.5,False,False
Nagaland,Zunheboto,Child Feeding Practices and Nutritional Status of Children,72,Children under 5 years who are overweight (weight-for-height)14 (%),4.6,1.5,False,False
Nagaland,Zunheboto,Nutritional Status of Adults (age 15-49 years),73,Women whose Body Mass Index (BMI) is below normal (BMI <18.5 kg/m2)15 (%),13.4,5.6,False,False
Nagaland,Zunheboto,Nutritional Status of Adults (age 15-49 years),74,Women who are overweight or obese (BMI ≥25.0 kg/m2)15 (%),15.5,8.9,False,False
Nagaland,Zunheboto,Women,75,Blood sugar level - high (141-160 mg/dl)16 (%),6.2,5.7,False,False
Nagaland,Zunheboto,Women,76,Blood sugar level - very high (>160 mg/dl)16 (%),5.3,5.3,False,False
Nagaland,Zunheboto,Women,77,Blood sugar level - high or very high (>140 mg/dl) or taking medicine to control blood sugar level16 (%),11.5,11.1,False,False
Nagaland,Zunheboto,Men,78,Blood sugar level - high (141-160 mg/dl)16 (%),4.7,5.2,False,False
Nagaland,Zunheboto,Men,79,Blood sugar level - very high (>160 mg/dl)16 (%),4.1,4.6,False,False
Nagaland,Zunheboto,Men,80,Blood sugar level - high or very high (>140 mg/dl) or taking medicine to control blood sugar level16 (%),9.0,9.9,False,False
Nagaland,Zunheboto,Women,81,Mildly elevated blood pressure (Systolic 140-159 mm of Hg and/or Diastolic 90-99 mm of Hg) (%),13.7,22.5,False,False
Nagaland,Zunheboto,Women,82,Moderately or severely elevated blood pressure (Systolic ≥160 mm of Hg and/or Diastolic ≥100 mm of Hg) (%),10.1,10.5,False,False
Nagaland,Zunheboto,Women,83,Elevated blood pressure (Systolic ≥140 mm of Hg and/or Diastolic ≥90 mm of Hg) or taking medicine to control blood pressure (%),24.4,33.2,False,False
Nagaland,Zunheboto,Men,84,Mildly elevated blood pressure (Systolic 140-159 mm of Hg and/or Diastolic 90-99 mm of Hg) (%),18.0,29.2,False,False
Nagaland,Zunheboto,Men,85,Moderately or severely elevated blood pressure (Systolic ≥160 mm of Hg and/or Diastolic ≥100 mm of Hg) (%),10.8,11.8,False,False
Nagaland,Zunheboto,Men,86,Elevated blood pressure (Systolic ≥140 mm of Hg and/or Diastolic ≥90 mm of Hg) or taking medicine to control blood pressure (%),29.5,41.2,False,False
Nagaland,Zunheboto,Men,87,Women having a bank or savings account that they themselves use (%),83.6,57.8,False,False
Nagaland,Zunheboto,Men,88,Women having a mobile phone that they themselves use (%),86.0,89.8,False,False
Nagaland,Zunheboto,Men,89,Women age 15-24 years who use hygienic methods of protection during their menstrual period17 (%),73.9,87.5,False,False
Nagaland,Zunheboto,Tobacco Use and Alcohol Consumption among Adults (age 15 years and above),90,Women age 15 years and above who use any kind of tobacco (%),6.9,8.0,False,False
Nagaland,Zunheboto,Tobacco Use and Alcohol Consumption among Adults (age 15 years and above),91,Men age 15 years and above who use any kind of tobacco (%),52.3,48.9,False,False
Nagaland,Zunheboto,Tobacco Use and Alcohol Consumption among Adults (age 15 years and above),92,Women age 15 years and above who consume alcohol (%),0.6,0.2,False,False
Nagaland,Zunheboto,Tobacco Use and Alcohol Consumption among Adults (age 15 years and above),93,Men age 15 years and above who consume alcohol (%),30.1,21.3,False,False
