state,district,category,indicator_no,indicator,nfhs6_value,nfhs5_value,small_sample_flag,boundary_change_single_round
Tamil Nadu,Ariyalur,Population and Household Profile,1,Population below age 5 years (%),7.7,7.4,False,False
Tamil Nadu,Ariyalur,Population and Household Profile,2,Population below age 15 years (%),21.8,22.4,False,False
Tamil Nadu,Ariyalur,Population and Household Profile,3,Population age 60 years and above (%),15.9,16.2,False,False
Tamil Nadu,Ariyalur,Population and Household Profile,4,Population living in households with electricity (%),98.4,98.2,False,False
Tamil Nadu,Ariyalur,Population and Household Profile,5,Population living in households with an improved drinking-water source1 (%),92.5,93.2,False,False
Tamil Nadu,Ariyalur,Population and Household Profile,6,Households using iodized salt (%),95.7,81.6,False,False
Tamil Nadu,Ariyalur,Population and Household Profile,7,Households with any usual member covered under a health insurance/financing scheme (%),64.6,71.1,False,False
Tamil Nadu,Ariyalur,Population and Household Profile,8,Households with any usual member having a bank account/post office account (%),99.0,97.9,False,False
Tamil Nadu,Ariyalur,Population and Household Profile,9,Female population age 6 years and above who ever attended school (%),71.3,73.5,False,False
Tamil Nadu,Ariyalur,Population and Household Profile,10,Households with any usual female members owning a house and/or land (alone or jointly with others) (%),20.6,15.7,False,False
Tamil Nadu,Ariyalur,Population and Household Profile,11,Children age 2-4 years who attended pre-school (%),78.1,55.9,False,False
Tamil Nadu,Ariyalur,Characteristics of Adults (age 15-49 years),12,Women with 10 or more years of schooling (%),59.3,50.7,False,False
Tamil Nadu,Ariyalur,Characteristics of Adults (age 15-49 years),13,Men with 10 or more years of schooling (%),71.2,72.5,False,False
Tamil Nadu,Ariyalur,Characteristics of Adults (age 15-49 years),14,Women who have ever used the internet (%),52.3,49.2,False,False
Tamil Nadu,Ariyalur,Characteristics of Adults (age 15-49 years),15,Men who have ever used the internet (%),80.5,66.4,False,False
Tamil Nadu,Ariyalur,Marriage and Fertility,16,Women age 20-24 years married before age 18 years (%),14.2,12.4,False,False
Tamil Nadu,Ariyalur,Marriage and Fertility,17,Men age 25-29 years married before age 21 years (%),*,*,True,False
Tamil Nadu,Ariyalur,Marriage and Fertility,18,Three or more births in the 5 years preceding the survey (%),0.8,0.5,False,False
Tamil Nadu,Ariyalur,Marriage and Fertility,19,Women age 15-19 years who were already mothers or pregnant at the time of the survey (%),6.2,11.5,False,False
Tamil Nadu,Ariyalur,Marriage and Fertility,20,Any method2 (%),62.9,61.4,False,False
Tamil Nadu,Ariyalur,Marriage and Fertility,21,Any modern method2 (%),59.4,60.2,False,False
Tamil Nadu,Ariyalur,Marriage and Fertility,22,Any traditional method (%),3.5,1.2,False,False
Tamil Nadu,Ariyalur,Marriage and Fertility,23,Female sterilization (%),45.3,49.6,False,False
Tamil Nadu,Ariyalur,Marriage and Fertility,24,Male sterilization (%),0.2,0.0,False,False
Tamil Nadu,Ariyalur,Marriage and Fertility,25,Total unmet need3 (%),8.3,7.0,False,False
Tamil Nadu,Ariyalur,Marriage and Fertility,26,Unmet need for spacing3 (%),4.3,3.1,False,False
Tamil Nadu,Ariyalur,Marriage and Fertility,27,Unmet need for limiting3 (%),4.0,3.9,False,False
Tamil Nadu,Ariyalur,Antenatal Care (for last birth in the 5 years before the survey),28,Mothers who had an antenatal check-up in the first trimester (%),67.0,65.0,False,False
Tamil Nadu,Ariyalur,Antenatal Care (for last birth in the 5 years before the survey),29,Mothers who had any antenatal care visits (%),86.7,97.8,False,False
Tamil Nadu,Ariyalur,Antenatal Care (for last birth in the 5 years before the survey),30,Mothers who had at least 4 antenatal care visits (%),85.8,91.4,False,False
Tamil Nadu,Ariyalur,Antenatal Care (for last birth in the 5 years before the survey),31,Mothers whose last birth was protected against neonatal tetanus4 (%),93.0,88.4,False,False
Tamil Nadu,Ariyalur,Antenatal Care (for last birth in the 5 years before the survey),32,Mothers who consumed iron folic acid for 100 days or more when they were pregnant (%),88.3,84.7,False,False
Tamil Nadu,Ariyalur,Antenatal Care (for last birth in the 5 years before the survey),33,Mothers who consumed iron folic acid for 180 days or more when they were pregnant (%),71.3,70.8,False,False
Tamil Nadu,Ariyalur,Antenatal Care (for last birth in the 5 years before the survey),34,Registered pregnancies for which the mother received a Mother and Child Protection (MCP) card (%),99.1,100.0,False,False
Tamil Nadu,Ariyalur,Delivery Care (for births in the 5 years before the survey),35,Institutional births (%),100.0,100.0,False,False
Tamil Nadu,Ariyalur,Delivery Care (for births in the 5 years before the survey),36,Institutional births in public facility (%),73.7,72.1,False,False
Tamil Nadu,Ariyalur,Delivery Care (for births in the 5 years before the survey),37,Births attended by skilled health personnel5 (%),100.0,100.0,False,False
Tamil Nadu,Ariyalur,Delivery Care (for births in the 5 years before the survey),38,Births delivered by caesarean section (%),62.5,57.3,False,False
Tamil Nadu,Ariyalur,Delivery Care (for births in the 5 years before the survey),39,Births in a private health facility that were delivered by caesarean section (%),78.6,78.3,False,False
Tamil Nadu,Ariyalur,Delivery Care (for births in the 5 years before the survey),40,Births in a public health facility that were delivered by caesarean section (%),56.7,49.1,False,False
Tamil Nadu,Ariyalur,Postnatal Care (for last birth in the 5 years before the survey),41,Mothers who received postnatal care from a doctor/nurse/LHV/ANM/midwife/other health personnel within 2,95.7,95.7,False,False
Tamil Nadu,Ariyalur,Postnatal Care (for last birth in the 5 years before the survey),42,Children born at home who were taken to a health facility for a check-up within 24 hours of birth (%),*,*,True,False
Tamil Nadu,Ariyalur,Postnatal Care (for last birth in the 5 years before the survey),43,Children who received postnatal care from a doctor/nurse/LHV/ANM/midwife/other health personnel within 2,95.7,96.2,False,False
Tamil Nadu,Ariyalur,Child Vaccinations and Vitamin A Supplementation,44,Children age 12-23 months fully vaccinated based on information from either vaccination card or mother's,100.0,90.8,True,False
Tamil Nadu,Ariyalur,Child Vaccinations and Vitamin A Supplementation,45,Children age 12-23 months fully vaccinated based on information from vaccination card only7 (%),92.4,90.8,True,False
Tamil Nadu,Ariyalur,Child Vaccinations and Vitamin A Supplementation,46,Children age 12-23 months who have received any vaccine (%),100.0,100.0,True,False
Tamil Nadu,Ariyalur,Child Vaccinations and Vitamin A Supplementation,47,Children age 12-23 months who have received BCG (%),100.0,100.0,True,False
Tamil Nadu,Ariyalur,Child Vaccinations and Vitamin A Supplementation,48,Children age 12-23 months who have received 3 doses of polio vaccine8 (%),100.0,90.8,True,False
Tamil Nadu,Ariyalur,Child Vaccinations and Vitamin A Supplementation,49,Children age 12-23 months who have received 3 doses of pentavalent vaccine (%),100.0,93.6,True,False
Tamil Nadu,Ariyalur,Child Vaccinations and Vitamin A Supplementation,50,Children age 12-23 months who have received the first dose of measles-containing vaccine (MCV) (%),100.0,100.0,True,False
Tamil Nadu,Ariyalur,Child Vaccinations and Vitamin A Supplementation,51,Children age 24-35 months who have received a second dose of measles-containing vaccine (MCV) (%),75.7,90.5,True,False
Tamil Nadu,Ariyalur,Child Vaccinations and Vitamin A Supplementation,52,Children age 12-23 months who have received birth dose of hepatitis B vaccine (%),96.8,86.3,True,False
Tamil Nadu,Ariyalur,Child Vaccinations and Vitamin A Supplementation,53,Children age 12-23 months who have received 3 doses of rotavirus vaccine (%),92.1,80.3,True,False
Tamil Nadu,Ariyalur,Child Vaccinations and Vitamin A Supplementation,54,Children age 9-35 months who received a vitamin A dose in the last 6 months (%),58.2,61.7,False,False
Tamil Nadu,Ariyalur,Child Vaccinations and Vitamin A Supplementation,55,Children age 12-23 months who received most of their vaccinations in a public health facility (%),100.0,95.9,True,False
Tamil Nadu,Ariyalur,Child Vaccinations and Vitamin A Supplementation,56,Children age 12-23 months who received most of their vaccinations in a private health facility (%),0.0,4.1,True,False
Tamil Nadu,Ariyalur,Treatment of Childhood Diseases (children under age 5 years),57,Prevalence of diarrhoea in the 2 weeks preceding the survey (%),2.9,5.6,False,False
Tamil Nadu,Ariyalur,Treatment of Childhood Diseases (children under age 5 years),58,Prevalence of symptoms of acute respiratory infection (ARI) in the 2 weeks preceding the survey (%),0.7,0.0,False,False
Tamil Nadu,Ariyalur,Treatment of Childhood Diseases (children under age 5 years),59,Children with fever or symptoms of ARI in the 2 weeks preceding the survey taken to a health facility or,74.5,*,True,False
Tamil Nadu,Ariyalur,Child Feeding Practices and Nutritional Status of Children,60,Children under age 3 years breastfed within one hour of birth9 (%),46.6,68.4,False,False
Tamil Nadu,Ariyalur,Child Feeding Practices and Nutritional Status of Children,61,Children under age 6 months exclusively breastfed10 (%),*,*,True,False
Tamil Nadu,Ariyalur,Child Feeding Practices and Nutritional Status of Children,62,Children under age 6 months currently breastfeeding10 (%),*,*,True,False
Tamil Nadu,Ariyalur,Child Feeding Practices and Nutritional Status of Children,63,Children under age 6 months exclusively breastfed or breastfeeding and consuming plain water/other,*,*,True,False
Tamil Nadu,Ariyalur,Child Feeding Practices and Nutritional Status of Children,64,Children age 6-8 months receiving solid or semi-solid food and breastmilk10 (%),*,*,True,False
Tamil Nadu,Ariyalur,Child Feeding Practices and Nutritional Status of Children,65,"Breastfeeding children age 6-23 months receiving an adequate diet10, 11 (%)",18.6,7.6,True,False
Tamil Nadu,Ariyalur,Child Feeding Practices and Nutritional Status of Children,66,"Non-breastfeeding children age 6-23 months receiving an adequate diet10, 11 (%)",8.7,*,True,False
Tamil Nadu,Ariyalur,Child Feeding Practices and Nutritional Status of Children,67,"Total children age 6-23 months receiving an adequate diet10, 11 (%)",14.8,11.7,False,False
Tamil Nadu,Ariyalur,Child Feeding Practices and Nutritional Status of Children,68,Children under 5 years who are stunted (height-for-age)12 (%),29.3,25.3,False,False
Tamil Nadu,Ariyalur,Child Feeding Practices and Nutritional Status of Children,69,Children under 5 years who are wasted (weight-for-height)12 (%),15.5,15.1,False,False
Tamil Nadu,Ariyalur,Child Feeding Practices and Nutritional Status of Children,70,Children under 5 years who are severely wasted (weight-for-height)13 (%),5.7,4.4,False,False
Tamil Nadu,Ariyalur,Child Feeding Practices and Nutritional Status of Children,71,Children under 5 years who are underweight (weight-for-age)12 (%),26.3,20.1,False,False
Tamil Nadu,Ariyalur,Child Feeding Practices and Nutritional Status of Children,72,Children under 5 years who are overweight (weight-for-height)14 (%),0.2,1.6,False,False
Tamil Nadu,Ariyalur,Nutritional Status of Adults (age 15-49 years),73,Women whose Body Mass Index (BMI) is below normal (BMI <18.5 kg/m2)15 (%),13.1,15.6,False,False
Tamil Nadu,Ariyalur,Nutritional Status of Adults (age 15-49 years),74,Women who are overweight or obese (BMI ≥25.0 kg/m2)15 (%),39.7,33.3,False,False
Tamil Nadu,Ariyalur,Women,75,Blood sugar level - high (141-160 mg/dl)16 (%),8.7,8.7,False,False
Tamil Nadu,Ariyalur,Women,76,Blood sugar level - very high (>160 mg/dl)16 (%),14.5,11.7,False,False
Tamil Nadu,Ariyalur,Women,77,Blood sugar level - high or very high (>140 mg/dl) or taking medicine to control blood sugar level16 (%),25.1,22.0,False,False
Tamil Nadu,Ariyalur,Men,78,Blood sugar level - high (141-160 mg/dl)16 (%),9.3,8.7,False,False
Tamil Nadu,Ariyalur,Men,79,Blood sugar level - very high (>160 mg/dl)16 (%),16.6,13.9,False,False
Tamil Nadu,Ariyalur,Men,80,Blood sugar level - high or very high (>140 mg/dl) or taking medicine to control blood sugar level16 (%),28.2,24.7,False,False
Tamil Nadu,Ariyalur,Women,81,Mildly elevated blood pressure (Systolic 140-159 mm of Hg and/or Diastolic 90-99 mm of Hg) (%),8.4,12.4,False,False
Tamil Nadu,Ariyalur,Women,82,Moderately or severely elevated blood pressure (Systolic ≥160 mm of Hg and/or Diastolic ≥100 mm,3.9,4.5,False,False
Tamil Nadu,Ariyalur,Women,83,Elevated blood pressure (Systolic ≥140 mm of Hg and/or Diastolic ≥90 mm of Hg) or taking medicine to,17.6,20.6,False,False
Tamil Nadu,Ariyalur,Men,84,Mildly elevated blood pressure (Systolic 140-159 mm of Hg and/or Diastolic 90-99 mm of Hg) (%),11.2,18.5,False,False
Tamil Nadu,Ariyalur,Men,85,Moderately or severely elevated blood pressure (Systolic ≥160 mm of Hg and/or Diastolic ≥100 mm,5.1,6.3,False,False
Tamil Nadu,Ariyalur,Men,86,Elevated blood pressure (Systolic ≥140 mm of Hg and/or Diastolic ≥90 mm of Hg) or taking medicine to,21.1,27.5,False,False
Tamil Nadu,Ariyalur,Men,87,Women having a bank or savings account that they themselves use (%),91.4,95.0,False,False
Tamil Nadu,Ariyalur,Men,88,Women having a mobile phone that they themselves use (%),70.6,71.7,False,False
Tamil Nadu,Ariyalur,Men,89,Women age 15-24 years who use hygienic methods of protection during their menstrual period17 (%),98.1,98.0,False,False
Tamil Nadu,Ariyalur,Tobacco Use and Alcohol Consumption among Adults (age 15 years and above),90,Women age 15 years and above who use any kind of tobacco (%),12.2,8.7,False,False
Tamil Nadu,Ariyalur,Tobacco Use and Alcohol Consumption among Adults (age 15 years and above),91,Men age 15 years and above who use any kind of tobacco (%),26.3,20.7,False,False
Tamil Nadu,Ariyalur,Tobacco Use and Alcohol Consumption among Adults (age 15 years and above),92,Women age 15 years and above who consume alcohol (%),0.4,0.1,False,False
Tamil Nadu,Ariyalur,Tobacco Use and Alcohol Consumption among Adults (age 15 years and above),93,Men age 15 years and above who consume alcohol (%),26.6,28.1,False,False
Tamil Nadu,Chengalpattu,Population and Household Profile,1,Population below age 5 years (%),6.8,,False,True
Tamil Nadu,Chengalpattu,Population and Household Profile,2,Population below age 15 years (%),21.6,,False,True
Tamil Nadu,Chengalpattu,Population and Household Profile,3,Population age 60 years and above (%),12.2,,False,True
Tamil Nadu,Chengalpattu,Population and Household Profile,4,Population living in households with electricity (%),99.7,,False,True
Tamil Nadu,Chengalpattu,Population and Household Profile,5,Population living in households with an improved drinking-water source1 (%),99.0,,False,True
Tamil Nadu,Chengalpattu,Population and Household Profile,6,Households using iodized salt (%),89.1,,False,True
Tamil Nadu,Chengalpattu,Population and Household Profile,7,Households with any usual member covered under a health insurance/financing scheme (%),53.5,,False,True
Tamil Nadu,Chengalpattu,Population and Household Profile,8,Households with any usual member having a bank account/post office account (%),92.3,,False,True
Tamil Nadu,Chengalpattu,Population and Household Profile,9,Female population age 6 years and above who ever attended school (%),88.7,,False,True
Tamil Nadu,Chengalpattu,Population and Household Profile,10,Households with any usual female members owning a house and/or land (alone or jointly with others) (%),9.1,,False,True
Tamil Nadu,Chengalpattu,Population and Household Profile,11,Children age 2-4 years who attended pre-school (%),57.5,,False,True
Tamil Nadu,Chengalpattu,Characteristics of Adults (age 15-49 years),12,Women with 10 or more years of schooling (%),73.4,,False,True
Tamil Nadu,Chengalpattu,Characteristics of Adults (age 15-49 years),13,Men with 10 or more years of schooling (%),83.5,,False,True
Tamil Nadu,Chengalpattu,Characteristics of Adults (age 15-49 years),14,Women who have ever used the internet (%),61.3,,False,True
Tamil Nadu,Chengalpattu,Characteristics of Adults (age 15-49 years),15,Men who have ever used the internet (%),82.4,,False,True
Tamil Nadu,Chengalpattu,Marriage and Fertility,16,Women age 20-24 years married before age 18 years (%),3.4,,False,True
Tamil Nadu,Chengalpattu,Marriage and Fertility,17,Men age 25-29 years married before age 21 years (%),*,,True,True
Tamil Nadu,Chengalpattu,Marriage and Fertility,18,Three or more births in the 5 years preceding the survey (%),2.5,,False,True
Tamil Nadu,Chengalpattu,Marriage and Fertility,19,Women age 15-19 years who were already mothers or pregnant at the time of the survey (%),2.2,,False,True
Tamil Nadu,Chengalpattu,Marriage and Fertility,20,Any method2 (%),74.0,,False,True
Tamil Nadu,Chengalpattu,Marriage and Fertility,21,Any modern method2 (%),68.6,,False,True
Tamil Nadu,Chengalpattu,Marriage and Fertility,22,Any traditional method (%),5.4,,False,True
Tamil Nadu,Chengalpattu,Marriage and Fertility,23,Female sterilization (%),57.3,,False,True
Tamil Nadu,Chengalpattu,Marriage and Fertility,24,Male sterilization (%),0.0,,False,True
Tamil Nadu,Chengalpattu,Marriage and Fertility,25,Total unmet need3 (%),4.0,,False,True
Tamil Nadu,Chengalpattu,Marriage and Fertility,26,Unmet need for spacing3 (%),3.3,,False,True
Tamil Nadu,Chengalpattu,Marriage and Fertility,27,Unmet need for limiting3 (%),0.7,,False,True
Tamil Nadu,Chengalpattu,Antenatal Care (for last birth in the 5 years before the survey),28,Mothers who had an antenatal check-up in the first trimester (%),77.7,,False,True
Tamil Nadu,Chengalpattu,Antenatal Care (for last birth in the 5 years before the survey),29,Mothers who had any antenatal care visits (%),95.3,,False,True
Tamil Nadu,Chengalpattu,Antenatal Care (for last birth in the 5 years before the survey),30,Mothers who had at least 4 antenatal care visits (%),84.4,,False,True
Tamil Nadu,Chengalpattu,Antenatal Care (for last birth in the 5 years before the survey),31,Mothers whose last birth was protected against neonatal tetanus4 (%),92.1,,False,True
Tamil Nadu,Chengalpattu,Antenatal Care (for last birth in the 5 years before the survey),32,Mothers who consumed iron folic acid for 100 days or more when they were pregnant (%),78.8,,False,True
Tamil Nadu,Chengalpattu,Antenatal Care (for last birth in the 5 years before the survey),33,Mothers who consumed iron folic acid for 180 days or more when they were pregnant (%),53.7,,False,True
Tamil Nadu,Chengalpattu,Antenatal Care (for last birth in the 5 years before the survey),34,Registered pregnancies for which the mother received a Mother and Child Protection (MCP) card (%),98.7,,False,True
Tamil Nadu,Chengalpattu,Delivery Care (for births in the 5 years before the survey),35,Institutional births (%),98.9,,False,True
Tamil Nadu,Chengalpattu,Delivery Care (for births in the 5 years before the survey),36,Institutional births in public facility (%),63.0,,False,True
Tamil Nadu,Chengalpattu,Delivery Care (for births in the 5 years before the survey),37,Births attended by skilled health personnel5 (%),99.2,,False,True
Tamil Nadu,Chengalpattu,Delivery Care (for births in the 5 years before the survey),38,Births delivered by caesarean section (%),52.0,,False,True
Tamil Nadu,Chengalpattu,Delivery Care (for births in the 5 years before the survey),39,Births in a private health facility that were delivered by caesarean section (%),66.1,,False,True
Tamil Nadu,Chengalpattu,Delivery Care (for births in the 5 years before the survey),40,Births in a public health facility that were delivered by caesarean section (%),44.9,,False,True
Tamil Nadu,Chengalpattu,Postnatal Care (for last birth in the 5 years before the survey),41,Mothers who received postnatal care from a doctor/nurse/LHV/ANM/midwife/other health personnel within 2,79.1,,False,True
Tamil Nadu,Chengalpattu,Postnatal Care (for last birth in the 5 years before the survey),42,Children born at home who were taken to a health facility for a check-up within 24 hours of birth (%),*,,True,True
Tamil Nadu,Chengalpattu,Postnatal Care (for last birth in the 5 years before the survey),43,Children who received postnatal care from a doctor/nurse/LHV/ANM/midwife/other health personnel within 2,85.9,,False,True
Tamil Nadu,Chengalpattu,Child Vaccinations and Vitamin A Supplementation,44,Children age 12-23 months fully vaccinated based on information from either vaccination card or mother's,86.3,,True,True
Tamil Nadu,Chengalpattu,Child Vaccinations and Vitamin A Supplementation,45,Children age 12-23 months fully vaccinated based on information from vaccination card only7 (%),70.7,,True,True
Tamil Nadu,Chengalpattu,Child Vaccinations and Vitamin A Supplementation,46,Children age 12-23 months who have received any vaccine (%),100.0,,True,True
Tamil Nadu,Chengalpattu,Child Vaccinations and Vitamin A Supplementation,47,Children age 12-23 months who have received BCG (%),100.0,,True,True
Tamil Nadu,Chengalpattu,Child Vaccinations and Vitamin A Supplementation,48,Children age 12-23 months who have received 3 doses of polio vaccine8 (%),86.9,,True,True
Tamil Nadu,Chengalpattu,Child Vaccinations and Vitamin A Supplementation,49,Children age 12-23 months who have received 3 doses of pentavalent vaccine (%),90.7,,True,True
Tamil Nadu,Chengalpattu,Child Vaccinations and Vitamin A Supplementation,50,Children age 12-23 months who have received the first dose of measles-containing vaccine (MCV) (%),92.9,,True,True
Tamil Nadu,Chengalpattu,Child Vaccinations and Vitamin A Supplementation,51,Children age 24-35 months who have received a second dose of measles-containing vaccine (MCV) (%),86.4,,True,True
Tamil Nadu,Chengalpattu,Child Vaccinations and Vitamin A Supplementation,52,Children age 12-23 months who have received birth dose of hepatitis B vaccine (%),90.6,,True,True
Tamil Nadu,Chengalpattu,Child Vaccinations and Vitamin A Supplementation,53,Children age 12-23 months who have received 3 doses of rotavirus vaccine (%),85.3,,True,True
Tamil Nadu,Chengalpattu,Child Vaccinations and Vitamin A Supplementation,54,Children age 9-35 months who received a vitamin A dose in the last 6 months (%),81.3,,False,True
Tamil Nadu,Chengalpattu,Child Vaccinations and Vitamin A Supplementation,55,Children age 12-23 months who received most of their vaccinations in a public health facility (%),83.3,,True,True
Tamil Nadu,Chengalpattu,Child Vaccinations and Vitamin A Supplementation,56,Children age 12-23 months who received most of their vaccinations in a private health facility (%),14.5,,True,True
Tamil Nadu,Chengalpattu,Treatment of Childhood Diseases (children under age 5 years),57,Prevalence of diarrhoea in the 2 weeks preceding the survey (%),6.9,,False,True
Tamil Nadu,Chengalpattu,Treatment of Childhood Diseases (children under age 5 years),58,Prevalence of symptoms of acute respiratory infection (ARI) in the 2 weeks preceding the survey (%),0.9,,False,True
Tamil Nadu,Chengalpattu,Treatment of Childhood Diseases (children under age 5 years),59,Children with fever or symptoms of ARI in the 2 weeks preceding the survey taken to a health facility or,*,,True,True
Tamil Nadu,Chengalpattu,Child Feeding Practices and Nutritional Status of Children,60,Children under age 3 years breastfed within one hour of birth9 (%),58.8,,False,True
Tamil Nadu,Chengalpattu,Child Feeding Practices and Nutritional Status of Children,61,Children under age 6 months exclusively breastfed10 (%),*,,True,True
Tamil Nadu,Chengalpattu,Child Feeding Practices and Nutritional Status of Children,62,Children under age 6 months currently breastfeeding10 (%),*,,True,True
Tamil Nadu,Chengalpattu,Child Feeding Practices and Nutritional Status of Children,63,Children under age 6 months exclusively breastfed or breastfeeding and consuming plain water/other,*,,True,True
Tamil Nadu,Chengalpattu,Child Feeding Practices and Nutritional Status of Children,64,Children age 6-8 months receiving solid or semi-solid food and breastmilk10 (%),*,,True,True
Tamil Nadu,Chengalpattu,Child Feeding Practices and Nutritional Status of Children,65,"Breastfeeding children age 6-23 months receiving an adequate diet10, 11 (%)",26.1,,True,True
Tamil Nadu,Chengalpattu,Child Feeding Practices and Nutritional Status of Children,66,"Non-breastfeeding children age 6-23 months receiving an adequate diet10, 11 (%)",*,,True,True
Tamil Nadu,Chengalpattu,Child Feeding Practices and Nutritional Status of Children,67,"Total children age 6-23 months receiving an adequate diet10, 11 (%)",25.1,,False,True
Tamil Nadu,Chengalpattu,Child Feeding Practices and Nutritional Status of Children,68,Children under 5 years who are stunted (height-for-age)12 (%),20.1,,False,True
Tamil Nadu,Chengalpattu,Child Feeding Practices and Nutritional Status of Children,69,Children under 5 years who are wasted (weight-for-height)12 (%),16.3,,False,True
Tamil Nadu,Chengalpattu,Child Feeding Practices and Nutritional Status of Children,70,Children under 5 years who are severely wasted (weight-for-height)13 (%),4.9,,False,True
Tamil Nadu,Chengalpattu,Child Feeding Practices and Nutritional Status of Children,71,Children under 5 years who are underweight (weight-for-age)12 (%),17.9,,False,True
Tamil Nadu,Chengalpattu,Child Feeding Practices and Nutritional Status of Children,72,Children under 5 years who are overweight (weight-for-height)14 (%),6.1,,False,True
Tamil Nadu,Chengalpattu,Nutritional Status of Adults (age 15-49 years),73,Women whose Body Mass Index (BMI) is below normal (BMI <18.5 kg/m2)15 (%),12.5,,False,True
Tamil Nadu,Chengalpattu,Nutritional Status of Adults (age 15-49 years),74,Women who are overweight or obese (BMI ≥25.0 kg/m2)15 (%),45.3,,False,True
Tamil Nadu,Chengalpattu,Women,75,Blood sugar level - high (141-160 mg/dl)16 (%),7.8,,False,True
Tamil Nadu,Chengalpattu,Women,76,Blood sugar level - very high (>160 mg/dl)16 (%),14.6,,False,True
Tamil Nadu,Chengalpattu,Women,77,Blood sugar level - high or very high (>140 mg/dl) or taking medicine to control blood sugar level16 (%),24.1,,False,True
Tamil Nadu,Chengalpattu,Men,78,Blood sugar level - high (141-160 mg/dl)16 (%),8.2,,False,True
Tamil Nadu,Chengalpattu,Men,79,Blood sugar level - very high (>160 mg/dl)16 (%),13.4,,False,True
Tamil Nadu,Chengalpattu,Men,80,Blood sugar level - high or very high (>140 mg/dl) or taking medicine to control blood sugar level16 (%),23.6,,False,True
Tamil Nadu,Chengalpattu,Women,81,Mildly elevated blood pressure (Systolic 140-159 mm of Hg and/or Diastolic 90-99 mm of Hg) (%),10.8,,False,True
Tamil Nadu,Chengalpattu,Women,82,Moderately or severely elevated blood pressure (Systolic ≥160 mm of Hg and/or Diastolic ≥100 mm,3.2,,False,True
Tamil Nadu,Chengalpattu,Women,83,Elevated blood pressure (Systolic ≥140 mm of Hg and/or Diastolic ≥90 mm of Hg) or taking medicine to,18.3,,False,True
Tamil Nadu,Chengalpattu,Men,84,Mildly elevated blood pressure (Systolic 140-159 mm of Hg and/or Diastolic 90-99 mm of Hg) (%),18.0,,False,True
Tamil Nadu,Chengalpattu,Men,85,Moderately or severely elevated blood pressure (Systolic ≥160 mm of Hg and/or Diastolic ≥100 mm,4.4,,False,True
Tamil Nadu,Chengalpattu,Men,86,Elevated blood pressure (Systolic ≥140 mm of Hg and/or Diastolic ≥90 mm of Hg) or taking medicine to,25.4,,False,True
Tamil Nadu,Chengalpattu,Men,87,Women having a bank or savings account that they themselves use (%),86.2,,False,True
Tamil Nadu,Chengalpattu,Men,88,Women having a mobile phone that they themselves use (%),81.8,,False,True
Tamil Nadu,Chengalpattu,Men,89,Women age 15-24 years who use hygienic methods of protection during their menstrual period17 (%),100.0,,False,True
Tamil Nadu,Chengalpattu,Tobacco Use and Alcohol Consumption among Adults (age 15 years and above),90,Women age 15 years and above who use any kind of tobacco (%),2.7,,False,True
Tamil Nadu,Chengalpattu,Tobacco Use and Alcohol Consumption among Adults (age 15 years and above),91,Men age 15 years and above who use any kind of tobacco (%),11.3,,False,True
Tamil Nadu,Chengalpattu,Tobacco Use and Alcohol Consumption among Adults (age 15 years and above),92,Women age 15 years and above who consume alcohol (%),0.4,,False,True
Tamil Nadu,Chengalpattu,Tobacco Use and Alcohol Consumption among Adults (age 15 years and above),93,Men age 15 years and above who consume alcohol (%),24.2,,False,True
Tamil Nadu,Chennai,Population and Household Profile,1,Population below age 5 years (%),4.8,4.9,False,False
Tamil Nadu,Chennai,Population and Household Profile,2,Population below age 15 years (%),15.8,18.0,False,False
Tamil Nadu,Chennai,Population and Household Profile,3,Population age 60 years and above (%),16.9,15.0,False,False
Tamil Nadu,Chennai,Population and Household Profile,4,Population living in households with electricity (%),99.8,99.9,False,False
Tamil Nadu,Chennai,Population and Household Profile,5,Population living in households with an improved drinking-water source1 (%),99.8,98.7,False,False
Tamil Nadu,Chennai,Population and Household Profile,6,Households using iodized salt (%),98.5,97.0,False,False
Tamil Nadu,Chennai,Population and Household Profile,7,Households with any usual member covered under a health insurance/financing scheme (%),64.8,58.2,False,False
Tamil Nadu,Chennai,Population and Household Profile,8,Households with any usual member having a bank account/post office account (%),97.2,97.7,False,False
Tamil Nadu,Chennai,Population and Household Profile,9,Female population age 6 years and above who ever attended school (%),90.4,92.7,False,False
Tamil Nadu,Chennai,Population and Household Profile,10,Households with any usual female members owning a house and/or land (alone or jointly with others) (%),9.3,9.8,False,False
Tamil Nadu,Chennai,Population and Household Profile,11,Children age 2-4 years who attended pre-school (%),62.9,37.8,False,False
Tamil Nadu,Chennai,Characteristics of Adults (age 15-49 years),12,Women with 10 or more years of schooling (%),76.5,76.7,False,False
Tamil Nadu,Chennai,Characteristics of Adults (age 15-49 years),13,Men with 10 or more years of schooling (%),76.7,54.4,False,False
Tamil Nadu,Chennai,Characteristics of Adults (age 15-49 years),14,Women who have ever used the internet (%),79.3,71.4,False,False
Tamil Nadu,Chennai,Characteristics of Adults (age 15-49 years),15,Men who have ever used the internet (%),94.3,90.1,False,False
Tamil Nadu,Chennai,Marriage and Fertility,16,Women age 20-24 years married before age 18 years (%),7.0,1.9,False,False
Tamil Nadu,Chennai,Marriage and Fertility,17,Men age 25-29 years married before age 21 years (%),*,*,True,False
Tamil Nadu,Chennai,Marriage and Fertility,18,Three or more births in the 5 years preceding the survey (%),1.9,1.0,False,False
Tamil Nadu,Chennai,Marriage and Fertility,19,Women age 15-19 years who were already mothers or pregnant at the time of the survey (%),1.5,3.0,False,False
Tamil Nadu,Chennai,Marriage and Fertility,20,Any method2 (%),67.8,65.8,False,False
Tamil Nadu,Chennai,Marriage and Fertility,21,Any modern method2 (%),63.4,63.6,False,False
Tamil Nadu,Chennai,Marriage and Fertility,22,Any traditional method (%),4.4,2.2,False,False
Tamil Nadu,Chennai,Marriage and Fertility,23,Female sterilization (%),55.8,55.7,False,False
Tamil Nadu,Chennai,Marriage and Fertility,24,Male sterilization (%),0.0,0.4,False,False
Tamil Nadu,Chennai,Marriage and Fertility,25,Total unmet need3 (%),4.3,6.9,False,False
Tamil Nadu,Chennai,Marriage and Fertility,26,Unmet need for spacing3 (%),2.5,2.5,False,False
Tamil Nadu,Chennai,Marriage and Fertility,27,Unmet need for limiting3 (%),1.8,4.4,False,False
Tamil Nadu,Chennai,Antenatal Care (for last birth in the 5 years before the survey),28,Mothers who had an antenatal check-up in the first trimester (%),92.1,81.4,False,False
Tamil Nadu,Chennai,Antenatal Care (for last birth in the 5 years before the survey),29,Mothers who had any antenatal care visits (%),100.0,100.0,False,False
Tamil Nadu,Chennai,Antenatal Care (for last birth in the 5 years before the survey),30,Mothers who had at least 4 antenatal care visits (%),98.3,89.9,False,False
Tamil Nadu,Chennai,Antenatal Care (for last birth in the 5 years before the survey),31,Mothers whose last birth was protected against neonatal tetanus4 (%),97.9,96.1,False,False
Tamil Nadu,Chennai,Antenatal Care (for last birth in the 5 years before the survey),32,Mothers who consumed iron folic acid for 100 days or more when they were pregnant (%),91.7,86.3,False,False
Tamil Nadu,Chennai,Antenatal Care (for last birth in the 5 years before the survey),33,Mothers who consumed iron folic acid for 180 days or more when they were pregnant (%),65.4,75.5,False,False
Tamil Nadu,Chennai,Antenatal Care (for last birth in the 5 years before the survey),34,Registered pregnancies for which the mother received a Mother and Child Protection (MCP) card (%),100.0,96.8,False,False
Tamil Nadu,Chennai,Delivery Care (for births in the 5 years before the survey),35,Institutional births (%),100.0,100.0,False,False
Tamil Nadu,Chennai,Delivery Care (for births in the 5 years before the survey),36,Institutional births in public facility (%),53.3,60.1,False,False
Tamil Nadu,Chennai,Delivery Care (for births in the 5 years before the survey),37,Births attended by skilled health personnel5 (%),100.0,100.0,False,False
Tamil Nadu,Chennai,Delivery Care (for births in the 5 years before the survey),38,Births delivered by caesarean section (%),49.0,50.5,False,False
Tamil Nadu,Chennai,Delivery Care (for births in the 5 years before the survey),39,Births in a private health facility that were delivered by caesarean section (%),62.6,62.5,False,False
Tamil Nadu,Chennai,Delivery Care (for births in the 5 years before the survey),40,Births in a public health facility that were delivered by caesarean section (%),37.1,42.5,False,False
Tamil Nadu,Chennai,Postnatal Care (for last birth in the 5 years before the survey),41,Mothers who received postnatal care from a doctor/nurse/LHV/ANM/midwife/other health personnel within 2,92.3,95.0,False,False
Tamil Nadu,Chennai,Postnatal Care (for last birth in the 5 years before the survey),42,Children born at home who were taken to a health facility for a check-up within 24 hours of birth (%),*,*,True,False
Tamil Nadu,Chennai,Postnatal Care (for last birth in the 5 years before the survey),43,Children who received postnatal care from a doctor/nurse/LHV/ANM/midwife/other health personnel within 2,92.4,96.7,False,False
Tamil Nadu,Chennai,Child Vaccinations and Vitamin A Supplementation,44,Children age 12-23 months fully vaccinated based on information from either vaccination card or mother's,97.1,96.6,True,False
Tamil Nadu,Chennai,Child Vaccinations and Vitamin A Supplementation,45,Children age 12-23 months fully vaccinated based on information from vaccination card only7 (%),94.8,100.0,True,False
Tamil Nadu,Chennai,Child Vaccinations and Vitamin A Supplementation,46,Children age 12-23 months who have received any vaccine (%),100.0,100.0,True,False
Tamil Nadu,Chennai,Child Vaccinations and Vitamin A Supplementation,47,Children age 12-23 months who have received BCG (%),100.0,100.0,True,False
Tamil Nadu,Chennai,Child Vaccinations and Vitamin A Supplementation,48,Children age 12-23 months who have received 3 doses of polio vaccine8 (%),98.8,96.6,True,False
Tamil Nadu,Chennai,Child Vaccinations and Vitamin A Supplementation,49,Children age 12-23 months who have received 3 doses of pentavalent vaccine (%),97.1,100.0,True,False
Tamil Nadu,Chennai,Child Vaccinations and Vitamin A Supplementation,50,Children age 12-23 months who have received the first dose of measles-containing vaccine (MCV) (%),98.3,96.6,True,False
Tamil Nadu,Chennai,Child Vaccinations and Vitamin A Supplementation,51,Children age 24-35 months who have received a second dose of measles-containing vaccine (MCV) (%),*,*,True,False
Tamil Nadu,Chennai,Child Vaccinations and Vitamin A Supplementation,52,Children age 12-23 months who have received birth dose of hepatitis B vaccine (%),98.0,73.5,True,False
Tamil Nadu,Chennai,Child Vaccinations and Vitamin A Supplementation,53,Children age 12-23 months who have received 3 doses of rotavirus vaccine (%),98.8,45.7,True,False
Tamil Nadu,Chennai,Child Vaccinations and Vitamin A Supplementation,54,Children age 9-35 months who received a vitamin A dose in the last 6 months (%),74.5,56.4,False,False
Tamil Nadu,Chennai,Child Vaccinations and Vitamin A Supplementation,55,Children age 12-23 months who received most of their vaccinations in a public health facility (%),86.1,74.8,True,False
Tamil Nadu,Chennai,Child Vaccinations and Vitamin A Supplementation,56,Children age 12-23 months who received most of their vaccinations in a private health facility (%),13.9,25.2,True,False
Tamil Nadu,Chennai,Treatment of Childhood Diseases (children under age 5 years),57,Prevalence of diarrhoea in the 2 weeks preceding the survey (%),1.0,4.1,False,False
Tamil Nadu,Chennai,Treatment of Childhood Diseases (children under age 5 years),58,Prevalence of symptoms of acute respiratory infection (ARI) in the 2 weeks preceding the survey (%),0.0,1.0,False,False
Tamil Nadu,Chennai,Treatment of Childhood Diseases (children under age 5 years),59,Children with fever or symptoms of ARI in the 2 weeks preceding the survey taken to a health facility or,*,*,True,False
Tamil Nadu,Chennai,Child Feeding Practices and Nutritional Status of Children,60,Children under age 3 years breastfed within one hour of birth9 (%),57.4,75.0,False,False
Tamil Nadu,Chennai,Child Feeding Practices and Nutritional Status of Children,61,Children under age 6 months exclusively breastfed10 (%),*,*,True,False
Tamil Nadu,Chennai,Child Feeding Practices and Nutritional Status of Children,62,Children under age 6 months currently breastfeeding10 (%),*,*,True,False
Tamil Nadu,Chennai,Child Feeding Practices and Nutritional Status of Children,63,Children under age 6 months exclusively breastfed or breastfeeding and consuming plain water/other,*,*,True,False
Tamil Nadu,Chennai,Child Feeding Practices and Nutritional Status of Children,64,Children age 6-8 months receiving solid or semi-solid food and breastmilk10 (%),*,*,True,False
Tamil Nadu,Chennai,Child Feeding Practices and Nutritional Status of Children,65,"Breastfeeding children age 6-23 months receiving an adequate diet10, 11 (%)",18.8,13.1,True,False
Tamil Nadu,Chennai,Child Feeding Practices and Nutritional Status of Children,66,"Non-breastfeeding children age 6-23 months receiving an adequate diet10, 11 (%)",*,*,True,False
Tamil Nadu,Chennai,Child Feeding Practices and Nutritional Status of Children,67,"Total children age 6-23 months receiving an adequate diet10, 11 (%)",16.4,15.1,True,False
Tamil Nadu,Chennai,Child Feeding Practices and Nutritional Status of Children,68,Children under 5 years who are stunted (height-for-age)12 (%),17.5,20.4,False,False
Tamil Nadu,Chennai,Child Feeding Practices and Nutritional Status of Children,69,Children under 5 years who are wasted (weight-for-height)12 (%),16.5,18.3,False,False
Tamil Nadu,Chennai,Child Feeding Practices and Nutritional Status of Children,70,Children under 5 years who are severely wasted (weight-for-height)13 (%),4.9,7.6,False,False
Tamil Nadu,Chennai,Child Feeding Practices and Nutritional Status of Children,71,Children under 5 years who are underweight (weight-for-age)12 (%),20.8,21.9,False,False
Tamil Nadu,Chennai,Child Feeding Practices and Nutritional Status of Children,72,Children under 5 years who are overweight (weight-for-height)14 (%),3.9,9.4,False,False
Tamil Nadu,Chennai,Nutritional Status of Adults (age 15-49 years),73,Women whose Body Mass Index (BMI) is below normal (BMI <18.5 kg/m2)15 (%),6.9,7.4,False,False
Tamil Nadu,Chennai,Nutritional Status of Adults (age 15-49 years),74,Women who are overweight or obese (BMI ≥25.0 kg/m2)15 (%),42.9,41.9,False,False
Tamil Nadu,Chennai,Women,75,Blood sugar level - high (141-160 mg/dl)16 (%),11.1,10.6,False,False
Tamil Nadu,Chennai,Women,76,Blood sugar level - very high (>160 mg/dl)16 (%),14.5,14.2,False,False
Tamil Nadu,Chennai,Women,77,Blood sugar level - high or very high (>140 mg/dl) or taking medicine to control blood sugar level16 (%),29.0,27.2,False,False
Tamil Nadu,Chennai,Men,78,Blood sugar level - high (141-160 mg/dl)16 (%),10.6,10.7,False,False
Tamil Nadu,Chennai,Men,79,Blood sugar level - very high (>160 mg/dl)16 (%),16.6,8.4,False,False
Tamil Nadu,Chennai,Men,80,Blood sugar level - high or very high (>140 mg/dl) or taking medicine to control blood sugar level16 (%),28.9,22.1,False,False
Tamil Nadu,Chennai,Women,81,Mildly elevated blood pressure (Systolic 140-159 mm of Hg and/or Diastolic 90-99 mm of Hg) (%),12.2,16.0,False,False
Tamil Nadu,Chennai,Women,82,Moderately or severely elevated blood pressure (Systolic ≥160 mm of Hg and/or Diastolic ≥100 mm,4.1,7.0,False,False
Tamil Nadu,Chennai,Women,83,Elevated blood pressure (Systolic ≥140 mm of Hg and/or Diastolic ≥90 mm of Hg) or taking medicine to,27.1,28.8,False,False
Tamil Nadu,Chennai,Men,84,Mildly elevated blood pressure (Systolic 140-159 mm of Hg and/or Diastolic 90-99 mm of Hg) (%),17.1,21.1,False,False
Tamil Nadu,Chennai,Men,85,Moderately or severely elevated blood pressure (Systolic ≥160 mm of Hg and/or Diastolic ≥100 mm,4.0,7.6,False,False
Tamil Nadu,Chennai,Men,86,Elevated blood pressure (Systolic ≥140 mm of Hg and/or Diastolic ≥90 mm of Hg) or taking medicine to,26.6,33.2,False,False
Tamil Nadu,Chennai,Men,87,Women having a bank or savings account that they themselves use (%),96.1,97.1,False,False
Tamil Nadu,Chennai,Men,88,Women having a mobile phone that they themselves use (%),91.4,83.8,False,False
Tamil Nadu,Chennai,Men,89,Women age 15-24 years who use hygienic methods of protection during their menstrual period17 (%),98.5,100.0,False,False
Tamil Nadu,Chennai,Tobacco Use and Alcohol Consumption among Adults (age 15 years and above),90,Women age 15 years and above who use any kind of tobacco (%),0.9,0.7,False,False
Tamil Nadu,Chennai,Tobacco Use and Alcohol Consumption among Adults (age 15 years and above),91,Men age 15 years and above who use any kind of tobacco (%),7.7,8.9,False,False
Tamil Nadu,Chennai,Tobacco Use and Alcohol Consumption among Adults (age 15 years and above),92,Women age 15 years and above who consume alcohol (%),0.5,0.1,False,False
Tamil Nadu,Chennai,Tobacco Use and Alcohol Consumption among Adults (age 15 years and above),93,Men age 15 years and above who consume alcohol (%),16.0,16.1,False,False
Tamil Nadu,Coimbatore,Population and Household Profile,1,Population below age 5 years (%),5.3,5.6,False,False
Tamil Nadu,Coimbatore,Population and Household Profile,2,Population below age 15 years (%),16.2,19.3,False,False
Tamil Nadu,Coimbatore,Population and Household Profile,3,Population age 60 years and above (%),19.3,16.1,False,False
Tamil Nadu,Coimbatore,Population and Household Profile,4,Population living in households with electricity (%),99.6,99.4,False,False
Tamil Nadu,Coimbatore,Population and Household Profile,5,Population living in households with an improved drinking-water source1 (%),99.7,99.9,False,False
Tamil Nadu,Coimbatore,Population and Household Profile,6,Households using iodized salt (%),93.3,98.8,False,False
Tamil Nadu,Coimbatore,Population and Household Profile,7,Households with any usual member covered under a health insurance/financing scheme (%),51.5,61.0,False,False
Tamil Nadu,Coimbatore,Population and Household Profile,8,Households with any usual member having a bank account/post office account (%),95.9,96.2,False,False
Tamil Nadu,Coimbatore,Population and Household Profile,9,Female population age 6 years and above who ever attended school (%),80.1,84.2,False,False
Tamil Nadu,Coimbatore,Population and Household Profile,10,Households with any usual female members owning a house and/or land (alone or jointly with others) (%),15.9,14.9,False,False
Tamil Nadu,Coimbatore,Population and Household Profile,11,Children age 2-4 years who attended pre-school (%),65.4,27.7,False,False
Tamil Nadu,Coimbatore,Characteristics of Adults (age 15-49 years),12,Women with 10 or more years of schooling (%),68.4,62.8,False,False
Tamil Nadu,Coimbatore,Characteristics of Adults (age 15-49 years),13,Men with 10 or more years of schooling (%),71.9,65.8,False,False
Tamil Nadu,Coimbatore,Characteristics of Adults (age 15-49 years),14,Women who have ever used the internet (%),65.2,67.2,False,False
Tamil Nadu,Coimbatore,Characteristics of Adults (age 15-49 years),15,Men who have ever used the internet (%),81.3,85.8,False,False
Tamil Nadu,Coimbatore,Marriage and Fertility,16,Women age 20-24 years married before age 18 years (%),8.7,19.8,False,False
Tamil Nadu,Coimbatore,Marriage and Fertility,17,Men age 25-29 years married before age 21 years (%),*,*,True,False
Tamil Nadu,Coimbatore,Marriage and Fertility,18,Three or more births in the 5 years preceding the survey (%),0.0,1.3,False,False
Tamil Nadu,Coimbatore,Marriage and Fertility,19,Women age 15-19 years who were already mothers or pregnant at the time of the survey (%),2.2,10.3,False,False
Tamil Nadu,Coimbatore,Marriage and Fertility,20,Any method2 (%),65.2,66.5,False,False
Tamil Nadu,Coimbatore,Marriage and Fertility,21,Any modern method2 (%),62.9,62.0,False,False
Tamil Nadu,Coimbatore,Marriage and Fertility,22,Any traditional method (%),2.3,4.5,False,False
Tamil Nadu,Coimbatore,Marriage and Fertility,23,Female sterilization (%),53.8,53.1,False,False
Tamil Nadu,Coimbatore,Marriage and Fertility,24,Male sterilization (%),0.0,0.0,False,False
Tamil Nadu,Coimbatore,Marriage and Fertility,25,Total unmet need3 (%),9.1,9.1,False,False
Tamil Nadu,Coimbatore,Marriage and Fertility,26,Unmet need for spacing3 (%),3.6,2.0,False,False
Tamil Nadu,Coimbatore,Marriage and Fertility,27,Unmet need for limiting3 (%),5.5,7.1,False,False
Tamil Nadu,Coimbatore,Antenatal Care (for last birth in the 5 years before the survey),28,Mothers who had an antenatal check-up in the first trimester (%),57.1,72.6,False,False
Tamil Nadu,Coimbatore,Antenatal Care (for last birth in the 5 years before the survey),29,Mothers who had any antenatal care visits (%),88.8,94.3,False,False
Tamil Nadu,Coimbatore,Antenatal Care (for last birth in the 5 years before the survey),30,Mothers who had at least 4 antenatal care visits (%),70.8,90.0,False,False
Tamil Nadu,Coimbatore,Antenatal Care (for last birth in the 5 years before the survey),31,Mothers whose last birth was protected against neonatal tetanus4 (%),71.6,91.8,False,False
Tamil Nadu,Coimbatore,Antenatal Care (for last birth in the 5 years before the survey),32,Mothers who consumed iron folic acid for 100 days or more when they were pregnant (%),83.0,91.5,False,False
Tamil Nadu,Coimbatore,Antenatal Care (for last birth in the 5 years before the survey),33,Mothers who consumed iron folic acid for 180 days or more when they were pregnant (%),76.2,76.0,False,False
Tamil Nadu,Coimbatore,Antenatal Care (for last birth in the 5 years before the survey),34,Registered pregnancies for which the mother received a Mother and Child Protection (MCP) card (%),99.2,100.0,False,False
Tamil Nadu,Coimbatore,Delivery Care (for births in the 5 years before the survey),35,Institutional births (%),99.3,100.0,False,False
Tamil Nadu,Coimbatore,Delivery Care (for births in the 5 years before the survey),36,Institutional births in public facility (%),43.2,60.1,False,False
Tamil Nadu,Coimbatore,Delivery Care (for births in the 5 years before the survey),37,Births attended by skilled health personnel5 (%),99.3,100.0,False,False
Tamil Nadu,Coimbatore,Delivery Care (for births in the 5 years before the survey),38,Births delivered by caesarean section (%),53.6,50.9,False,False
Tamil Nadu,Coimbatore,Delivery Care (for births in the 5 years before the survey),39,Births in a private health facility that were delivered by caesarean section (%),53.2,73.3,False,False
Tamil Nadu,Coimbatore,Delivery Care (for births in the 5 years before the survey),40,Births in a public health facility that were delivered by caesarean section (%),55.0,35.9,False,False
Tamil Nadu,Coimbatore,Postnatal Care (for last birth in the 5 years before the survey),41,Mothers who received postnatal care from a doctor/nurse/LHV/ANM/midwife/other health personnel within 2,88.0,95.4,False,False
Tamil Nadu,Coimbatore,Postnatal Care (for last birth in the 5 years before the survey),42,Children born at home who were taken to a health facility for a check-up within 24 hours of birth (%),*,*,True,False
Tamil Nadu,Coimbatore,Postnatal Care (for last birth in the 5 years before the survey),43,Children who received postnatal care from a doctor/nurse/LHV/ANM/midwife/other health personnel within 2,95.4,98.6,False,False
Tamil Nadu,Coimbatore,Child Vaccinations and Vitamin A Supplementation,44,Children age 12-23 months fully vaccinated based on information from either vaccination card or mother's,91.0,94.5,True,False
Tamil Nadu,Coimbatore,Child Vaccinations and Vitamin A Supplementation,45,Children age 12-23 months fully vaccinated based on information from vaccination card only7 (%),87.5,94.5,True,False
Tamil Nadu,Coimbatore,Child Vaccinations and Vitamin A Supplementation,46,Children age 12-23 months who have received any vaccine (%),100.0,100.0,True,False
Tamil Nadu,Coimbatore,Child Vaccinations and Vitamin A Supplementation,47,Children age 12-23 months who have received BCG (%),100.0,100.0,True,False
Tamil Nadu,Coimbatore,Child Vaccinations and Vitamin A Supplementation,48,Children age 12-23 months who have received 3 doses of polio vaccine8 (%),94.0,98.3,True,False
Tamil Nadu,Coimbatore,Child Vaccinations and Vitamin A Supplementation,49,Children age 12-23 months who have received 3 doses of pentavalent vaccine (%),94.5,94.5,True,False
Tamil Nadu,Coimbatore,Child Vaccinations and Vitamin A Supplementation,50,Children age 12-23 months who have received the first dose of measles-containing vaccine (MCV) (%),97.5,98.3,True,False
Tamil Nadu,Coimbatore,Child Vaccinations and Vitamin A Supplementation,51,Children age 24-35 months who have received a second dose of measles-containing vaccine (MCV) (%),75.3,82.3,True,False
Tamil Nadu,Coimbatore,Child Vaccinations and Vitamin A Supplementation,52,Children age 12-23 months who have received birth dose of hepatitis B vaccine (%),96.5,95.2,True,False
Tamil Nadu,Coimbatore,Child Vaccinations and Vitamin A Supplementation,53,Children age 12-23 months who have received 3 doses of rotavirus vaccine (%),79.2,86.9,True,False
Tamil Nadu,Coimbatore,Child Vaccinations and Vitamin A Supplementation,54,Children age 9-35 months who received a vitamin A dose in the last 6 months (%),50.3,75.2,False,False
Tamil Nadu,Coimbatore,Child Vaccinations and Vitamin A Supplementation,55,Children age 12-23 months who received most of their vaccinations in a public health facility (%),84.2,78.0,True,False
Tamil Nadu,Coimbatore,Child Vaccinations and Vitamin A Supplementation,56,Children age 12-23 months who received most of their vaccinations in a private health facility (%),15.8,22.0,True,False
Tamil Nadu,Coimbatore,Treatment of Childhood Diseases (children under age 5 years),57,Prevalence of diarrhoea in the 2 weeks preceding the survey (%),3.3,2.9,False,False
Tamil Nadu,Coimbatore,Treatment of Childhood Diseases (children under age 5 years),58,Prevalence of symptoms of acute respiratory infection (ARI) in the 2 weeks preceding the survey (%),0.8,1.2,False,False
Tamil Nadu,Coimbatore,Treatment of Childhood Diseases (children under age 5 years),59,Children with fever or symptoms of ARI in the 2 weeks preceding the survey taken to a health facility or,*,*,True,False
Tamil Nadu,Coimbatore,Child Feeding Practices and Nutritional Status of Children,60,Children under age 3 years breastfed within one hour of birth9 (%),74.4,65.0,False,False
Tamil Nadu,Coimbatore,Child Feeding Practices and Nutritional Status of Children,61,Children under age 6 months exclusively breastfed10 (%),*,*,True,False
Tamil Nadu,Coimbatore,Child Feeding Practices and Nutritional Status of Children,62,Children under age 6 months currently breastfeeding10 (%),*,*,True,False
Tamil Nadu,Coimbatore,Child Feeding Practices and Nutritional Status of Children,63,Children under age 6 months exclusively breastfed or breastfeeding and consuming plain water/other,*,*,True,False
Tamil Nadu,Coimbatore,Child Feeding Practices and Nutritional Status of Children,64,Children age 6-8 months receiving solid or semi-solid food and breastmilk10 (%),*,*,True,False
Tamil Nadu,Coimbatore,Child Feeding Practices and Nutritional Status of Children,65,"Breastfeeding children age 6-23 months receiving an adequate diet10, 11 (%)",40.2,9.4,True,False
Tamil Nadu,Coimbatore,Child Feeding Practices and Nutritional Status of Children,66,"Non-breastfeeding children age 6-23 months receiving an adequate diet10, 11 (%)",*,*,True,False
Tamil Nadu,Coimbatore,Child Feeding Practices and Nutritional Status of Children,67,"Total children age 6-23 months receiving an adequate diet10, 11 (%)",34.7,11.6,True,False
Tamil Nadu,Coimbatore,Child Feeding Practices and Nutritional Status of Children,68,Children under 5 years who are stunted (height-for-age)12 (%),28.0,23.0,False,False
Tamil Nadu,Coimbatore,Child Feeding Practices and Nutritional Status of Children,69,Children under 5 years who are wasted (weight-for-height)12 (%),18.1,7.0,False,False
Tamil Nadu,Coimbatore,Child Feeding Practices and Nutritional Status of Children,70,Children under 5 years who are severely wasted (weight-for-height)13 (%),4.9,2.7,False,False
Tamil Nadu,Coimbatore,Child Feeding Practices and Nutritional Status of Children,71,Children under 5 years who are underweight (weight-for-age)12 (%),25.0,18.5,False,False
Tamil Nadu,Coimbatore,Child Feeding Practices and Nutritional Status of Children,72,Children under 5 years who are overweight (weight-for-height)14 (%),5.5,4.2,False,False
Tamil Nadu,Coimbatore,Nutritional Status of Adults (age 15-49 years),73,Women whose Body Mass Index (BMI) is below normal (BMI <18.5 kg/m2)15 (%),12.9,10.1,False,False
Tamil Nadu,Coimbatore,Nutritional Status of Adults (age 15-49 years),74,Women who are overweight or obese (BMI ≥25.0 kg/m2)15 (%),45.1,50.0,False,False
Tamil Nadu,Coimbatore,Women,75,Blood sugar level - high (141-160 mg/dl)16 (%),9.3,6.8,False,False
Tamil Nadu,Coimbatore,Women,76,Blood sugar level - very high (>160 mg/dl)16 (%),13.1,10.3,False,False
Tamil Nadu,Coimbatore,Women,77,Blood sugar level - high or very high (>140 mg/dl) or taking medicine to control blood sugar level16 (%),25.6,19.1,False,False
Tamil Nadu,Coimbatore,Men,78,Blood sugar level - high (141-160 mg/dl)16 (%),8.9,7.7,False,False
Tamil Nadu,Coimbatore,Men,79,Blood sugar level - very high (>160 mg/dl)16 (%),16.3,9.0,False,False
Tamil Nadu,Coimbatore,Men,80,Blood sugar level - high or very high (>140 mg/dl) or taking medicine to control blood sugar level16 (%),27.5,18.3,False,False
Tamil Nadu,Coimbatore,Women,81,Mildly elevated blood pressure (Systolic 140-159 mm of Hg and/or Diastolic 90-99 mm of Hg) (%),17.4,17.0,False,False
Tamil Nadu,Coimbatore,Women,82,Moderately or severely elevated blood pressure (Systolic ≥160 mm of Hg and/or Diastolic ≥100 mm,7.2,7.9,False,False
Tamil Nadu,Coimbatore,Women,83,Elevated blood pressure (Systolic ≥140 mm of Hg and/or Diastolic ≥90 mm of Hg) or taking medicine to,31.9,29.2,False,False
Tamil Nadu,Coimbatore,Men,84,Mildly elevated blood pressure (Systolic 140-159 mm of Hg and/or Diastolic 90-99 mm of Hg) (%),19.4,23.3,False,False
Tamil Nadu,Coimbatore,Men,85,Moderately or severely elevated blood pressure (Systolic ≥160 mm of Hg and/or Diastolic ≥100 mm,9.8,7.6,False,False
Tamil Nadu,Coimbatore,Men,86,Elevated blood pressure (Systolic ≥140 mm of Hg and/or Diastolic ≥90 mm of Hg) or taking medicine to,34.0,33.3,False,False
Tamil Nadu,Coimbatore,Men,87,Women having a bank or savings account that they themselves use (%),85.6,94.0,False,False
Tamil Nadu,Coimbatore,Men,88,Women having a mobile phone that they themselves use (%),83.6,85.5,False,False
Tamil Nadu,Coimbatore,Men,89,Women age 15-24 years who use hygienic methods of protection during their menstrual period17 (%),97.4,99.7,False,False
Tamil Nadu,Coimbatore,Tobacco Use and Alcohol Consumption among Adults (age 15 years and above),90,Women age 15 years and above who use any kind of tobacco (%),7.0,5.5,False,False
Tamil Nadu,Coimbatore,Tobacco Use and Alcohol Consumption among Adults (age 15 years and above),91,Men age 15 years and above who use any kind of tobacco (%),18.8,21.4,False,False
Tamil Nadu,Coimbatore,Tobacco Use and Alcohol Consumption among Adults (age 15 years and above),92,Women age 15 years and above who consume alcohol (%),0.3,0.5,False,False
Tamil Nadu,Coimbatore,Tobacco Use and Alcohol Consumption among Adults (age 15 years and above),93,Men age 15 years and above who consume alcohol (%),20.2,22.9,False,False
Tamil Nadu,Cuddalore,Population and Household Profile,1,Population below age 5 years (%),7.4,7.3,False,False
Tamil Nadu,Cuddalore,Population and Household Profile,2,Population below age 15 years (%),22.8,22.9,False,False
Tamil Nadu,Cuddalore,Population and Household Profile,3,Population age 60 years and above (%),15.1,15.0,False,False
Tamil Nadu,Cuddalore,Population and Household Profile,4,Population living in households with electricity (%),98.6,99.2,False,False
Tamil Nadu,Cuddalore,Population and Household Profile,5,Population living in households with an improved drinking-water source1 (%),99.0,99.5,False,False
Tamil Nadu,Cuddalore,Population and Household Profile,6,Households using iodized salt (%),91.3,88.1,False,False
Tamil Nadu,Cuddalore,Population and Household Profile,7,Households with any usual member covered under a health insurance/financing scheme (%),62.0,64.4,False,False
Tamil Nadu,Cuddalore,Population and Household Profile,8,Households with any usual member having a bank account/post office account (%),98.7,95.6,False,False
Tamil Nadu,Cuddalore,Population and Household Profile,9,Female population age 6 years and above who ever attended school (%),79.5,76.8,False,False
Tamil Nadu,Cuddalore,Population and Household Profile,10,Households with any usual female members owning a house and/or land (alone or jointly with others) (%),20.6,14.7,False,False
Tamil Nadu,Cuddalore,Population and Household Profile,11,Children age 2-4 years who attended pre-school (%),67.5,63.7,False,False
Tamil Nadu,Cuddalore,Characteristics of Adults (age 15-49 years),12,Women with 10 or more years of schooling (%),58.7,50.1,False,False
Tamil Nadu,Cuddalore,Characteristics of Adults (age 15-49 years),13,Men with 10 or more years of schooling (%),62.5,69.3,False,False
Tamil Nadu,Cuddalore,Characteristics of Adults (age 15-49 years),14,Women who have ever used the internet (%),56.1,39.7,False,False
Tamil Nadu,Cuddalore,Characteristics of Adults (age 15-49 years),15,Men who have ever used the internet (%),78.7,57.2,False,False
Tamil Nadu,Cuddalore,Marriage and Fertility,16,Women age 20-24 years married before age 18 years (%),12.9,12.6,False,False
Tamil Nadu,Cuddalore,Marriage and Fertility,17,Men age 25-29 years married before age 21 years (%),*,*,True,False
Tamil Nadu,Cuddalore,Marriage and Fertility,18,Three or more births in the 5 years preceding the survey (%),2.0,0.8,False,False
Tamil Nadu,Cuddalore,Marriage and Fertility,19,Women age 15-19 years who were already mothers or pregnant at the time of the survey (%),4.7,4.9,False,False
Tamil Nadu,Cuddalore,Marriage and Fertility,20,Any method2 (%),71.3,65.3,False,False
Tamil Nadu,Cuddalore,Marriage and Fertility,21,Any modern method2 (%),63.9,63.5,False,False
Tamil Nadu,Cuddalore,Marriage and Fertility,22,Any traditional method (%),7.4,1.8,False,False
Tamil Nadu,Cuddalore,Marriage and Fertility,23,Female sterilization (%),56.2,58.1,False,False
Tamil Nadu,Cuddalore,Marriage and Fertility,24,Male sterilization (%),0.0,0.0,False,False
Tamil Nadu,Cuddalore,Marriage and Fertility,25,Total unmet need3 (%),4.5,9.2,False,False
Tamil Nadu,Cuddalore,Marriage and Fertility,26,Unmet need for spacing3 (%),2.6,3.6,False,False
Tamil Nadu,Cuddalore,Marriage and Fertility,27,Unmet need for limiting3 (%),1.9,5.6,False,False
Tamil Nadu,Cuddalore,Antenatal Care (for last birth in the 5 years before the survey),28,Mothers who had an antenatal check-up in the first trimester (%),75.7,75.5,False,False
Tamil Nadu,Cuddalore,Antenatal Care (for last birth in the 5 years before the survey),29,Mothers who had any antenatal care visits (%),92.2,88.6,False,False
Tamil Nadu,Cuddalore,Antenatal Care (for last birth in the 5 years before the survey),30,Mothers who had at least 4 antenatal care visits (%),87.8,82.2,False,False
Tamil Nadu,Cuddalore,Antenatal Care (for last birth in the 5 years before the survey),31,Mothers whose last birth was protected against neonatal tetanus4 (%),95.1,88.1,False,False
Tamil Nadu,Cuddalore,Antenatal Care (for last birth in the 5 years before the survey),32,Mothers who consumed iron folic acid for 100 days or more when they were pregnant (%),80.0,68.5,False,False
Tamil Nadu,Cuddalore,Antenatal Care (for last birth in the 5 years before the survey),33,Mothers who consumed iron folic acid for 180 days or more when they were pregnant (%),63.8,52.6,False,False
Tamil Nadu,Cuddalore,Antenatal Care (for last birth in the 5 years before the survey),34,Registered pregnancies for which the mother received a Mother and Child Protection (MCP) card (%),100.0,98.3,False,False
Tamil Nadu,Cuddalore,Delivery Care (for births in the 5 years before the survey),35,Institutional births (%),100.0,99.2,False,False
Tamil Nadu,Cuddalore,Delivery Care (for births in the 5 years before the survey),36,Institutional births in public facility (%),76.2,72.5,False,False
Tamil Nadu,Cuddalore,Delivery Care (for births in the 5 years before the survey),37,Births attended by skilled health personnel5 (%),100.0,99.1,False,False
Tamil Nadu,Cuddalore,Delivery Care (for births in the 5 years before the survey),38,Births delivered by caesarean section (%),52.2,51.4,False,False
Tamil Nadu,Cuddalore,Delivery Care (for births in the 5 years before the survey),39,Births in a private health facility that were delivered by caesarean section (%),73.1,64.5,False,False
Tamil Nadu,Cuddalore,Delivery Care (for births in the 5 years before the survey),40,Births in a public health facility that were delivered by caesarean section (%),45.6,47.1,False,False
Tamil Nadu,Cuddalore,Postnatal Care (for last birth in the 5 years before the survey),41,Mothers who received postnatal care from a doctor/nurse/LHV/ANM/midwife/other health personnel within 2,94.4,87.7,False,False
Tamil Nadu,Cuddalore,Postnatal Care (for last birth in the 5 years before the survey),42,Children born at home who were taken to a health facility for a check-up within 24 hours of birth (%),*,*,True,False
Tamil Nadu,Cuddalore,Postnatal Care (for last birth in the 5 years before the survey),43,Children who received postnatal care from a doctor/nurse/LHV/ANM/midwife/other health personnel within 2,95.3,93.9,False,False
Tamil Nadu,Cuddalore,Child Vaccinations and Vitamin A Supplementation,44,Children age 12-23 months fully vaccinated based on information from either vaccination card or mother's,92.1,79.0,True,False
Tamil Nadu,Cuddalore,Child Vaccinations and Vitamin A Supplementation,45,Children age 12-23 months fully vaccinated based on information from vaccination card only7 (%),97.2,77.3,True,False
Tamil Nadu,Cuddalore,Child Vaccinations and Vitamin A Supplementation,46,Children age 12-23 months who have received any vaccine (%),92.1,97.3,True,False
Tamil Nadu,Cuddalore,Child Vaccinations and Vitamin A Supplementation,47,Children age 12-23 months who have received BCG (%),92.1,88.6,True,False
Tamil Nadu,Cuddalore,Child Vaccinations and Vitamin A Supplementation,48,Children age 12-23 months who have received 3 doses of polio vaccine8 (%),92.1,84.8,True,False
Tamil Nadu,Cuddalore,Child Vaccinations and Vitamin A Supplementation,49,Children age 12-23 months who have received 3 doses of pentavalent vaccine (%),92.1,91.5,True,False
Tamil Nadu,Cuddalore,Child Vaccinations and Vitamin A Supplementation,50,Children age 12-23 months who have received the first dose of measles-containing vaccine (MCV) (%),92.1,97.3,True,False
Tamil Nadu,Cuddalore,Child Vaccinations and Vitamin A Supplementation,51,Children age 24-35 months who have received a second dose of measles-containing vaccine (MCV) (%),71.0,74.0,True,False
Tamil Nadu,Cuddalore,Child Vaccinations and Vitamin A Supplementation,52,Children age 12-23 months who have received birth dose of hepatitis B vaccine (%),89.4,76.4,True,False
Tamil Nadu,Cuddalore,Child Vaccinations and Vitamin A Supplementation,53,Children age 12-23 months who have received 3 doses of rotavirus vaccine (%),87.8,68.0,True,False
Tamil Nadu,Cuddalore,Child Vaccinations and Vitamin A Supplementation,54,Children age 9-35 months who received a vitamin A dose in the last 6 months (%),81.2,72.7,False,False
Tamil Nadu,Cuddalore,Child Vaccinations and Vitamin A Supplementation,55,Children age 12-23 months who received most of their vaccinations in a public health facility (%),94.7,97.2,True,False
Tamil Nadu,Cuddalore,Child Vaccinations and Vitamin A Supplementation,56,Children age 12-23 months who received most of their vaccinations in a private health facility (%),5.3,2.8,True,False
Tamil Nadu,Cuddalore,Treatment of Childhood Diseases (children under age 5 years),57,Prevalence of diarrhoea in the 2 weeks preceding the survey (%),4.7,3.4,False,False
Tamil Nadu,Cuddalore,Treatment of Childhood Diseases (children under age 5 years),58,Prevalence of symptoms of acute respiratory infection (ARI) in the 2 weeks preceding the survey (%),2.8,1.6,False,False
Tamil Nadu,Cuddalore,Treatment of Childhood Diseases (children under age 5 years),59,Children with fever or symptoms of ARI in the 2 weeks preceding the survey taken to a health facility or,88.1,82.6,True,False
Tamil Nadu,Cuddalore,Child Feeding Practices and Nutritional Status of Children,60,Children under age 3 years breastfed within one hour of birth9 (%),48.6,61.7,False,False
Tamil Nadu,Cuddalore,Child Feeding Practices and Nutritional Status of Children,61,Children under age 6 months exclusively breastfed10 (%),71.3,*,True,False
Tamil Nadu,Cuddalore,Child Feeding Practices and Nutritional Status of Children,62,Children under age 6 months currently breastfeeding10 (%),100.0,*,True,False
Tamil Nadu,Cuddalore,Child Feeding Practices and Nutritional Status of Children,63,Children under age 6 months exclusively breastfed or breastfeeding and consuming plain water/other,80.2,*,True,False
Tamil Nadu,Cuddalore,Child Feeding Practices and Nutritional Status of Children,64,Children age 6-8 months receiving solid or semi-solid food and breastmilk10 (%),*,*,True,False
Tamil Nadu,Cuddalore,Child Feeding Practices and Nutritional Status of Children,65,"Breastfeeding children age 6-23 months receiving an adequate diet10, 11 (%)",25.8,12.3,True,False
Tamil Nadu,Cuddalore,Child Feeding Practices and Nutritional Status of Children,66,"Non-breastfeeding children age 6-23 months receiving an adequate diet10, 11 (%)",*,*,True,False
Tamil Nadu,Cuddalore,Child Feeding Practices and Nutritional Status of Children,67,"Total children age 6-23 months receiving an adequate diet10, 11 (%)",26.4,23.2,False,False
Tamil Nadu,Cuddalore,Child Feeding Practices and Nutritional Status of Children,68,Children under 5 years who are stunted (height-for-age)12 (%),16.9,20.2,False,False
Tamil Nadu,Cuddalore,Child Feeding Practices and Nutritional Status of Children,69,Children under 5 years who are wasted (weight-for-height)12 (%),18.7,13.9,False,False
Tamil Nadu,Cuddalore,Child Feeding Practices and Nutritional Status of Children,70,Children under 5 years who are severely wasted (weight-for-height)13 (%),5.1,4.0,False,False
Tamil Nadu,Cuddalore,Child Feeding Practices and Nutritional Status of Children,71,Children under 5 years who are underweight (weight-for-age)12 (%),25.5,18.0,False,False
Tamil Nadu,Cuddalore,Child Feeding Practices and Nutritional Status of Children,72,Children under 5 years who are overweight (weight-for-height)14 (%),1.2,1.6,False,False
Tamil Nadu,Cuddalore,Nutritional Status of Adults (age 15-49 years),73,Women whose Body Mass Index (BMI) is below normal (BMI <18.5 kg/m2)15 (%),11.1,14.8,False,False
Tamil Nadu,Cuddalore,Nutritional Status of Adults (age 15-49 years),74,Women who are overweight or obese (BMI ≥25.0 kg/m2)15 (%),43.3,35.1,False,False
Tamil Nadu,Cuddalore,Women,75,Blood sugar level - high (141-160 mg/dl)16 (%),9.0,8.3,False,False
Tamil Nadu,Cuddalore,Women,76,Blood sugar level - very high (>160 mg/dl)16 (%),14.2,11.0,False,False
Tamil Nadu,Cuddalore,Women,77,Blood sugar level - high or very high (>140 mg/dl) or taking medicine to control blood sugar level16 (%),25.6,20.5,False,False
Tamil Nadu,Cuddalore,Men,78,Blood sugar level - high (141-160 mg/dl)16 (%),9.6,7.4,False,False
Tamil Nadu,Cuddalore,Men,79,Blood sugar level - very high (>160 mg/dl)16 (%),15.3,11.5,False,False
Tamil Nadu,Cuddalore,Men,80,Blood sugar level - high or very high (>140 mg/dl) or taking medicine to control blood sugar level16 (%),26.6,20.7,False,False
Tamil Nadu,Cuddalore,Women,81,Mildly elevated blood pressure (Systolic 140-159 mm of Hg and/or Diastolic 90-99 mm of Hg) (%),11.1,11.8,False,False
Tamil Nadu,Cuddalore,Women,82,Moderately or severely elevated blood pressure (Systolic ≥160 mm of Hg and/or Diastolic ≥100 mm,3.0,4.5,False,False
Tamil Nadu,Cuddalore,Women,83,Elevated blood pressure (Systolic ≥140 mm of Hg and/or Diastolic ≥90 mm of Hg) or taking medicine to,21.1,20.1,False,False
Tamil Nadu,Cuddalore,Men,84,Mildly elevated blood pressure (Systolic 140-159 mm of Hg and/or Diastolic 90-99 mm of Hg) (%),16.5,16.9,False,False
Tamil Nadu,Cuddalore,Men,85,Moderately or severely elevated blood pressure (Systolic ≥160 mm of Hg and/or Diastolic ≥100 mm,3.7,8.3,False,False
Tamil Nadu,Cuddalore,Men,86,Elevated blood pressure (Systolic ≥140 mm of Hg and/or Diastolic ≥90 mm of Hg) or taking medicine to,24.6,27.0,False,False
Tamil Nadu,Cuddalore,Men,87,Women having a bank or savings account that they themselves use (%),94.6,89.3,False,False
Tamil Nadu,Cuddalore,Men,88,Women having a mobile phone that they themselves use (%),70.9,76.8,False,False
Tamil Nadu,Cuddalore,Men,89,Women age 15-24 years who use hygienic methods of protection during their menstrual period17 (%),97.9,99.1,False,False
Tamil Nadu,Cuddalore,Tobacco Use and Alcohol Consumption among Adults (age 15 years and above),90,Women age 15 years and above who use any kind of tobacco (%),6.7,7.5,False,False
Tamil Nadu,Cuddalore,Tobacco Use and Alcohol Consumption among Adults (age 15 years and above),91,Men age 15 years and above who use any kind of tobacco (%),20.0,24.4,False,False
Tamil Nadu,Cuddalore,Tobacco Use and Alcohol Consumption among Adults (age 15 years and above),92,Women age 15 years and above who consume alcohol (%),0.3,0.6,False,False
Tamil Nadu,Cuddalore,Tobacco Use and Alcohol Consumption among Adults (age 15 years and above),93,Men age 15 years and above who consume alcohol (%),29.1,32.6,False,False
Tamil Nadu,Dharmapuri,Population and Household Profile,1,Population below age 5 years (%),5.5,7.9,False,False
Tamil Nadu,Dharmapuri,Population and Household Profile,2,Population below age 15 years (%),19.2,23.8,False,False
Tamil Nadu,Dharmapuri,Population and Household Profile,3,Population age 60 years and above (%),15.1,14.3,False,False
Tamil Nadu,Dharmapuri,Population and Household Profile,4,Population living in households with electricity (%),99.8,99.4,False,False
Tamil Nadu,Dharmapuri,Population and Household Profile,5,Population living in households with an improved drinking-water source1 (%),99.2,98.7,False,False
Tamil Nadu,Dharmapuri,Population and Household Profile,6,Households using iodized salt (%),99.0,93.4,False,False
Tamil Nadu,Dharmapuri,Population and Household Profile,7,Households with any usual member covered under a health insurance/financing scheme (%),75.4,75.5,False,False
Tamil Nadu,Dharmapuri,Population and Household Profile,8,Households with any usual member having a bank account/post office account (%),97.2,96.0,False,False
Tamil Nadu,Dharmapuri,Population and Household Profile,9,Female population age 6 years and above who ever attended school (%),72.2,72.6,False,False
Tamil Nadu,Dharmapuri,Population and Household Profile,10,Households with any usual female members owning a house and/or land (alone or jointly with others) (%),13.7,21.4,False,False
Tamil Nadu,Dharmapuri,Population and Household Profile,11,Children age 2-4 years who attended pre-school (%),66.4,34.3,False,False
Tamil Nadu,Dharmapuri,Characteristics of Adults (age 15-49 years),12,Women with 10 or more years of schooling (%),66.5,54.4,False,False
Tamil Nadu,Dharmapuri,Characteristics of Adults (age 15-49 years),13,Men with 10 or more years of schooling (%),72.2,50.9,False,False
Tamil Nadu,Dharmapuri,Characteristics of Adults (age 15-49 years),14,Women who have ever used the internet (%),46.6,36.1,False,False
Tamil Nadu,Dharmapuri,Characteristics of Adults (age 15-49 years),15,Men who have ever used the internet (%),89.5,55.3,False,False
Tamil Nadu,Dharmapuri,Marriage and Fertility,16,Women age 20-24 years married before age 18 years (%),11.0,16.7,False,False
Tamil Nadu,Dharmapuri,Marriage and Fertility,17,Men age 25-29 years married before age 21 years (%),*,*,True,False
Tamil Nadu,Dharmapuri,Marriage and Fertility,18,Three or more births in the 5 years preceding the survey (%),0.4,0.6,False,False
Tamil Nadu,Dharmapuri,Marriage and Fertility,19,Women age 15-19 years who were already mothers or pregnant at the time of the survey (%),8.1,6.4,False,False
Tamil Nadu,Dharmapuri,Marriage and Fertility,20,Any method2 (%),73.0,70.0,False,False
Tamil Nadu,Dharmapuri,Marriage and Fertility,21,Any modern method2 (%),67.7,68.0,False,False
Tamil Nadu,Dharmapuri,Marriage and Fertility,22,Any traditional method (%),5.3,2.0,False,False
Tamil Nadu,Dharmapuri,Marriage and Fertility,23,Female sterilization (%),58.2,61.1,False,False
Tamil Nadu,Dharmapuri,Marriage and Fertility,24,Male sterilization (%),0.0,0.0,False,False
Tamil Nadu,Dharmapuri,Marriage and Fertility,25,Total unmet need3 (%),1.9,8.5,False,False
Tamil Nadu,Dharmapuri,Marriage and Fertility,26,Unmet need for spacing3 (%),1.2,3.5,False,False
Tamil Nadu,Dharmapuri,Marriage and Fertility,27,Unmet need for limiting3 (%),0.7,5.0,False,False
Tamil Nadu,Dharmapuri,Antenatal Care (for last birth in the 5 years before the survey),28,Mothers who had an antenatal check-up in the first trimester (%),79.8,78.4,False,False
Tamil Nadu,Dharmapuri,Antenatal Care (for last birth in the 5 years before the survey),29,Mothers who had any antenatal care visits (%),99.1,96.4,False,False
Tamil Nadu,Dharmapuri,Antenatal Care (for last birth in the 5 years before the survey),30,Mothers who had at least 4 antenatal care visits (%),96.9,94.5,False,False
Tamil Nadu,Dharmapuri,Antenatal Care (for last birth in the 5 years before the survey),31,Mothers whose last birth was protected against neonatal tetanus4 (%),98.2,95.9,False,False
Tamil Nadu,Dharmapuri,Antenatal Care (for last birth in the 5 years before the survey),32,Mothers who consumed iron folic acid for 100 days or more when they were pregnant (%),83.9,92.7,False,False
Tamil Nadu,Dharmapuri,Antenatal Care (for last birth in the 5 years before the survey),33,Mothers who consumed iron folic acid for 180 days or more when they were pregnant (%),64.1,73.5,False,False
Tamil Nadu,Dharmapuri,Antenatal Care (for last birth in the 5 years before the survey),34,Registered pregnancies for which the mother received a Mother and Child Protection (MCP) card (%),99.8,100.0,False,False
Tamil Nadu,Dharmapuri,Delivery Care (for births in the 5 years before the survey),35,Institutional births (%),99.6,99.6,False,False
Tamil Nadu,Dharmapuri,Delivery Care (for births in the 5 years before the survey),36,Institutional births in public facility (%),61.5,73.0,False,False
Tamil Nadu,Dharmapuri,Delivery Care (for births in the 5 years before the survey),37,Births attended by skilled health personnel5 (%),99.6,99.6,False,False
Tamil Nadu,Dharmapuri,Delivery Care (for births in the 5 years before the survey),38,Births delivered by caesarean section (%),58.0,29.1,False,False
Tamil Nadu,Dharmapuri,Delivery Care (for births in the 5 years before the survey),39,Births in a private health facility that were delivered by caesarean section (%),68.3,61.0,False,False
Tamil Nadu,Dharmapuri,Delivery Care (for births in the 5 years before the survey),40,Births in a public health facility that were delivered by caesarean section (%),51.9,17.6,False,False
Tamil Nadu,Dharmapuri,Postnatal Care (for last birth in the 5 years before the survey),41,Mothers who received postnatal care from a doctor/nurse/LHV/ANM/midwife/other health personnel within 2,93.5,98.0,False,False
Tamil Nadu,Dharmapuri,Postnatal Care (for last birth in the 5 years before the survey),42,Children born at home who were taken to a health facility for a check-up within 24 hours of birth (%),*,*,True,False
Tamil Nadu,Dharmapuri,Postnatal Care (for last birth in the 5 years before the survey),43,Children who received postnatal care from a doctor/nurse/LHV/ANM/midwife/other health personnel within 2,93.1,95.9,False,False
Tamil Nadu,Dharmapuri,Child Vaccinations and Vitamin A Supplementation,44,Children age 12-23 months fully vaccinated based on information from either vaccination card or mother's,97.3,90.6,True,False
Tamil Nadu,Dharmapuri,Child Vaccinations and Vitamin A Supplementation,45,Children age 12-23 months fully vaccinated based on information from vaccination card only7 (%),92.5,96.1,True,False
Tamil Nadu,Dharmapuri,Child Vaccinations and Vitamin A Supplementation,46,Children age 12-23 months who have received any vaccine (%),97.3,98.0,True,False
Tamil Nadu,Dharmapuri,Child Vaccinations and Vitamin A Supplementation,47,Children age 12-23 months who have received BCG (%),97.3,98.0,True,False
Tamil Nadu,Dharmapuri,Child Vaccinations and Vitamin A Supplementation,48,Children age 12-23 months who have received 3 doses of polio vaccine8 (%),97.3,90.6,True,False
Tamil Nadu,Dharmapuri,Child Vaccinations and Vitamin A Supplementation,49,Children age 12-23 months who have received 3 doses of pentavalent vaccine (%),97.3,96.4,True,False
Tamil Nadu,Dharmapuri,Child Vaccinations and Vitamin A Supplementation,50,Children age 12-23 months who have received the first dose of measles-containing vaccine (MCV) (%),97.3,96.4,True,False
Tamil Nadu,Dharmapuri,Child Vaccinations and Vitamin A Supplementation,51,Children age 24-35 months who have received a second dose of measles-containing vaccine (MCV) (%),73.0,75.7,True,False
Tamil Nadu,Dharmapuri,Child Vaccinations and Vitamin A Supplementation,52,Children age 12-23 months who have received birth dose of hepatitis B vaccine (%),96.4,83.2,True,False
Tamil Nadu,Dharmapuri,Child Vaccinations and Vitamin A Supplementation,53,Children age 12-23 months who have received 3 doses of rotavirus vaccine (%),94.0,69.6,True,False
Tamil Nadu,Dharmapuri,Child Vaccinations and Vitamin A Supplementation,54,Children age 9-35 months who received a vitamin A dose in the last 6 months (%),83.3,66.2,False,False
Tamil Nadu,Dharmapuri,Child Vaccinations and Vitamin A Supplementation,55,Children age 12-23 months who received most of their vaccinations in a public health facility (%),98.5,97.8,True,False
Tamil Nadu,Dharmapuri,Child Vaccinations and Vitamin A Supplementation,56,Children age 12-23 months who received most of their vaccinations in a private health facility (%),0.0,2.2,True,False
Tamil Nadu,Dharmapuri,Treatment of Childhood Diseases (children under age 5 years),57,Prevalence of diarrhoea in the 2 weeks preceding the survey (%),6.4,3.2,False,False
Tamil Nadu,Dharmapuri,Treatment of Childhood Diseases (children under age 5 years),58,Prevalence of symptoms of acute respiratory infection (ARI) in the 2 weeks preceding the survey (%),1.5,0.0,False,False
Tamil Nadu,Dharmapuri,Treatment of Childhood Diseases (children under age 5 years),59,Children with fever or symptoms of ARI in the 2 weeks preceding the survey taken to a health facility or,94.1,*,True,False
Tamil Nadu,Dharmapuri,Child Feeding Practices and Nutritional Status of Children,60,Children under age 3 years breastfed within one hour of birth9 (%),44.0,74.4,False,False
Tamil Nadu,Dharmapuri,Child Feeding Practices and Nutritional Status of Children,61,Children under age 6 months exclusively breastfed10 (%),*,*,True,False
Tamil Nadu,Dharmapuri,Child Feeding Practices and Nutritional Status of Children,62,Children under age 6 months currently breastfeeding10 (%),*,*,True,False
Tamil Nadu,Dharmapuri,Child Feeding Practices and Nutritional Status of Children,63,Children under age 6 months exclusively breastfed or breastfeeding and consuming plain water/other,*,*,True,False
Tamil Nadu,Dharmapuri,Child Feeding Practices and Nutritional Status of Children,64,Children age 6-8 months receiving solid or semi-solid food and breastmilk10 (%),*,*,True,False
Tamil Nadu,Dharmapuri,Child Feeding Practices and Nutritional Status of Children,65,"Breastfeeding children age 6-23 months receiving an adequate diet10, 11 (%)",10.9,3.6,True,False
Tamil Nadu,Dharmapuri,Child Feeding Practices and Nutritional Status of Children,66,"Non-breastfeeding children age 6-23 months receiving an adequate diet10, 11 (%)",65.4,*,True,False
Tamil Nadu,Dharmapuri,Child Feeding Practices and Nutritional Status of Children,67,"Total children age 6-23 months receiving an adequate diet10, 11 (%)",40.9,8.1,False,False
Tamil Nadu,Dharmapuri,Child Feeding Practices and Nutritional Status of Children,68,Children under 5 years who are stunted (height-for-age)12 (%),17.4,28.7,False,False
Tamil Nadu,Dharmapuri,Child Feeding Practices and Nutritional Status of Children,69,Children under 5 years who are wasted (weight-for-height)12 (%),14.4,16.9,False,False
Tamil Nadu,Dharmapuri,Child Feeding Practices and Nutritional Status of Children,70,Children under 5 years who are severely wasted (weight-for-height)13 (%),4.1,6.5,False,False
Tamil Nadu,Dharmapuri,Child Feeding Practices and Nutritional Status of Children,71,Children under 5 years who are underweight (weight-for-age)12 (%),19.8,23.2,False,False
Tamil Nadu,Dharmapuri,Child Feeding Practices and Nutritional Status of Children,72,Children under 5 years who are overweight (weight-for-height)14 (%),2.3,8.9,False,False
Tamil Nadu,Dharmapuri,Nutritional Status of Adults (age 15-49 years),73,Women whose Body Mass Index (BMI) is below normal (BMI <18.5 kg/m2)15 (%),15.2,12.9,False,False
Tamil Nadu,Dharmapuri,Nutritional Status of Adults (age 15-49 years),74,Women who are overweight or obese (BMI ≥25.0 kg/m2)15 (%),33.8,33.4,False,False
Tamil Nadu,Dharmapuri,Women,75,Blood sugar level - high (141-160 mg/dl)16 (%),8.8,5.7,False,False
Tamil Nadu,Dharmapuri,Women,76,Blood sugar level - very high (>160 mg/dl)16 (%),8.9,8.4,False,False
Tamil Nadu,Dharmapuri,Women,77,Blood sugar level - high or very high (>140 mg/dl) or taking medicine to control blood sugar level16 (%),20.1,15.4,False,False
Tamil Nadu,Dharmapuri,Men,78,Blood sugar level - high (141-160 mg/dl)16 (%),11.0,8.0,False,False
Tamil Nadu,Dharmapuri,Men,79,Blood sugar level - very high (>160 mg/dl)16 (%),10.7,7.6,False,False
Tamil Nadu,Dharmapuri,Men,80,Blood sugar level - high or very high (>140 mg/dl) or taking medicine to control blood sugar level16 (%),24.5,18.1,False,False
Tamil Nadu,Dharmapuri,Women,81,Mildly elevated blood pressure (Systolic 140-159 mm of Hg and/or Diastolic 90-99 mm of Hg) (%),9.6,14.7,False,False
Tamil Nadu,Dharmapuri,Women,82,Moderately or severely elevated blood pressure (Systolic ≥160 mm of Hg and/or Diastolic ≥100 mm,2.3,8.1,False,False
Tamil Nadu,Dharmapuri,Women,83,Elevated blood pressure (Systolic ≥140 mm of Hg and/or Diastolic ≥90 mm of Hg) or taking medicine to,18.7,25.8,False,False
Tamil Nadu,Dharmapuri,Men,84,Mildly elevated blood pressure (Systolic 140-159 mm of Hg and/or Diastolic 90-99 mm of Hg) (%),22.1,20.6,False,False
Tamil Nadu,Dharmapuri,Men,85,Moderately or severely elevated blood pressure (Systolic ≥160 mm of Hg and/or Diastolic ≥100 mm,3.3,8.3,False,False
Tamil Nadu,Dharmapuri,Men,86,Elevated blood pressure (Systolic ≥140 mm of Hg and/or Diastolic ≥90 mm of Hg) or taking medicine to,31.3,30.8,False,False
Tamil Nadu,Dharmapuri,Men,87,Women having a bank or savings account that they themselves use (%),95.8,97.6,False,False
Tamil Nadu,Dharmapuri,Men,88,Women having a mobile phone that they themselves use (%),65.2,65.5,False,False
Tamil Nadu,Dharmapuri,Men,89,Women age 15-24 years who use hygienic methods of protection during their menstrual period17 (%),100.0,97.5,False,False
Tamil Nadu,Dharmapuri,Tobacco Use and Alcohol Consumption among Adults (age 15 years and above),90,Women age 15 years and above who use any kind of tobacco (%),4.5,7.9,False,False
Tamil Nadu,Dharmapuri,Tobacco Use and Alcohol Consumption among Adults (age 15 years and above),91,Men age 15 years and above who use any kind of tobacco (%),18.7,24.6,False,False
Tamil Nadu,Dharmapuri,Tobacco Use and Alcohol Consumption among Adults (age 15 years and above),92,Women age 15 years and above who consume alcohol (%),1.7,0.7,False,False
Tamil Nadu,Dharmapuri,Tobacco Use and Alcohol Consumption among Adults (age 15 years and above),93,Men age 15 years and above who consume alcohol (%),30.9,26.8,False,False
Tamil Nadu,Dindigul,Population and Household Profile,1,Population below age 5 years (%),6.8,7.9,False,False
Tamil Nadu,Dindigul,Population and Household Profile,2,Population below age 15 years (%),21.4,24.4,False,False
Tamil Nadu,Dindigul,Population and Household Profile,3,Population age 60 years and above (%),15.5,12.2,False,False
Tamil Nadu,Dindigul,Population and Household Profile,4,Population living in households with electricity (%),98.2,98.8,False,False
Tamil Nadu,Dindigul,Population and Household Profile,5,Population living in households with an improved drinking-water source1 (%),97.5,99.5,False,False
Tamil Nadu,Dindigul,Population and Household Profile,6,Households using iodized salt (%),90.9,81.6,False,False
Tamil Nadu,Dindigul,Population and Household Profile,7,Households with any usual member covered under a health insurance/financing scheme (%),58.4,71.9,False,False
Tamil Nadu,Dindigul,Population and Household Profile,8,Households with any usual member having a bank account/post office account (%),97.3,95.2,False,False
Tamil Nadu,Dindigul,Population and Household Profile,9,Female population age 6 years and above who ever attended school (%),75.1,77.8,False,False
Tamil Nadu,Dindigul,Population and Household Profile,10,Households with any usual female members owning a house and/or land (alone or jointly with others) (%),25.6,23.8,False,False
Tamil Nadu,Dindigul,Population and Household Profile,11,Children age 2-4 years who attended pre-school (%),71.5,61.6,False,False
Tamil Nadu,Dindigul,Characteristics of Adults (age 15-49 years),12,Women with 10 or more years of schooling (%),58.2,50.1,False,False
Tamil Nadu,Dindigul,Characteristics of Adults (age 15-49 years),13,Men with 10 or more years of schooling (%),56.1,57.0,False,False
Tamil Nadu,Dindigul,Characteristics of Adults (age 15-49 years),14,Women who have ever used the internet (%),51.3,43.2,False,False
Tamil Nadu,Dindigul,Characteristics of Adults (age 15-49 years),15,Men who have ever used the internet (%),82.2,73.7,False,False
Tamil Nadu,Dindigul,Marriage and Fertility,16,Women age 20-24 years married before age 18 years (%),15.9,20.5,False,False
Tamil Nadu,Dindigul,Marriage and Fertility,17,Men age 25-29 years married before age 21 years (%),*,*,True,False
Tamil Nadu,Dindigul,Marriage and Fertility,18,Three or more births in the 5 years preceding the survey (%),0.6,0.8,False,False
Tamil Nadu,Dindigul,Marriage and Fertility,19,Women age 15-19 years who were already mothers or pregnant at the time of the survey (%),11.2,8.6,False,False
Tamil Nadu,Dindigul,Marriage and Fertility,20,Any method2 (%),68.7,74.2,False,False
Tamil Nadu,Dindigul,Marriage and Fertility,21,Any modern method2 (%),67.1,71.4,False,False
Tamil Nadu,Dindigul,Marriage and Fertility,22,Any traditional method (%),1.6,2.8,False,False
Tamil Nadu,Dindigul,Marriage and Fertility,23,Female sterilization (%),52.4,62.2,False,False
Tamil Nadu,Dindigul,Marriage and Fertility,24,Male sterilization (%),0.0,0.0,False,False
Tamil Nadu,Dindigul,Marriage and Fertility,25,Total unmet need3 (%),7.2,6.3,False,False
Tamil Nadu,Dindigul,Marriage and Fertility,26,Unmet need for spacing3 (%),3.3,2.8,False,False
Tamil Nadu,Dindigul,Marriage and Fertility,27,Unmet need for limiting3 (%),3.9,3.5,False,False
Tamil Nadu,Dindigul,Antenatal Care (for last birth in the 5 years before the survey),28,Mothers who had an antenatal check-up in the first trimester (%),58.7,71.9,False,False
Tamil Nadu,Dindigul,Antenatal Care (for last birth in the 5 years before the survey),29,Mothers who had any antenatal care visits (%),81.7,98.3,False,False
Tamil Nadu,Dindigul,Antenatal Care (for last birth in the 5 years before the survey),30,Mothers who had at least 4 antenatal care visits (%),77.2,96.2,False,False
Tamil Nadu,Dindigul,Antenatal Care (for last birth in the 5 years before the survey),31,Mothers whose last birth was protected against neonatal tetanus4 (%),65.3,87.4,False,False
Tamil Nadu,Dindigul,Antenatal Care (for last birth in the 5 years before the survey),32,Mothers who consumed iron folic acid for 100 days or more when they were pregnant (%),78.1,85.7,False,False
Tamil Nadu,Dindigul,Antenatal Care (for last birth in the 5 years before the survey),33,Mothers who consumed iron folic acid for 180 days or more when they were pregnant (%),57.4,63.6,False,False
Tamil Nadu,Dindigul,Antenatal Care (for last birth in the 5 years before the survey),34,Registered pregnancies for which the mother received a Mother and Child Protection (MCP) card (%),100.0,99.1,False,False
Tamil Nadu,Dindigul,Delivery Care (for births in the 5 years before the survey),35,Institutional births (%),99.5,97.0,False,False
Tamil Nadu,Dindigul,Delivery Care (for births in the 5 years before the survey),36,Institutional births in public facility (%),72.8,74.6,False,False
Tamil Nadu,Dindigul,Delivery Care (for births in the 5 years before the survey),37,Births attended by skilled health personnel5 (%),99.0,98.6,False,False
Tamil Nadu,Dindigul,Delivery Care (for births in the 5 years before the survey),38,Births delivered by caesarean section (%),36.9,33.3,False,False
Tamil Nadu,Dindigul,Delivery Care (for births in the 5 years before the survey),39,Births in a private health facility that were delivered by caesarean section (%),54.3,55.0,False,False
Tamil Nadu,Dindigul,Delivery Care (for births in the 5 years before the survey),40,Births in a public health facility that were delivered by caesarean section (%),30.8,28.1,False,False
Tamil Nadu,Dindigul,Postnatal Care (for last birth in the 5 years before the survey),41,Mothers who received postnatal care from a doctor/nurse/LHV/ANM/midwife/other health personnel within 2,81.7,95.3,False,False
Tamil Nadu,Dindigul,Postnatal Care (for last birth in the 5 years before the survey),42,Children born at home who were taken to a health facility for a check-up within 24 hours of birth (%),*,*,True,False
Tamil Nadu,Dindigul,Postnatal Care (for last birth in the 5 years before the survey),43,Children who received postnatal care from a doctor/nurse/LHV/ANM/midwife/other health personnel within 2,90.3,96.2,False,False
Tamil Nadu,Dindigul,Child Vaccinations and Vitamin A Supplementation,44,Children age 12-23 months fully vaccinated based on information from either vaccination card or mother's,88.6,92.6,True,False
Tamil Nadu,Dindigul,Child Vaccinations and Vitamin A Supplementation,45,Children age 12-23 months fully vaccinated based on information from vaccination card only7 (%),*,96.4,True,False
Tamil Nadu,Dindigul,Child Vaccinations and Vitamin A Supplementation,46,Children age 12-23 months who have received any vaccine (%),91.8,97.6,True,False
Tamil Nadu,Dindigul,Child Vaccinations and Vitamin A Supplementation,47,Children age 12-23 months who have received BCG (%),91.8,97.6,True,False
Tamil Nadu,Dindigul,Child Vaccinations and Vitamin A Supplementation,48,Children age 12-23 months who have received 3 doses of polio vaccine8 (%),91.8,92.6,True,False
Tamil Nadu,Dindigul,Child Vaccinations and Vitamin A Supplementation,49,Children age 12-23 months who have received 3 doses of pentavalent vaccine (%),88.6,95.6,True,False
Tamil Nadu,Dindigul,Child Vaccinations and Vitamin A Supplementation,50,Children age 12-23 months who have received the first dose of measles-containing vaccine (MCV) (%),91.8,96.0,True,False
Tamil Nadu,Dindigul,Child Vaccinations and Vitamin A Supplementation,51,Children age 24-35 months who have received a second dose of measles-containing vaccine (MCV) (%),64.9,87.1,True,False
Tamil Nadu,Dindigul,Child Vaccinations and Vitamin A Supplementation,52,Children age 12-23 months who have received birth dose of hepatitis B vaccine (%),89.1,88.7,True,False
Tamil Nadu,Dindigul,Child Vaccinations and Vitamin A Supplementation,53,Children age 12-23 months who have received 3 doses of rotavirus vaccine (%),84.9,72.5,True,False
Tamil Nadu,Dindigul,Child Vaccinations and Vitamin A Supplementation,54,Children age 9-35 months who received a vitamin A dose in the last 6 months (%),62.1,84.0,False,False
Tamil Nadu,Dindigul,Child Vaccinations and Vitamin A Supplementation,55,Children age 12-23 months who received most of their vaccinations in a public health facility (%),100.0,98.5,True,False
Tamil Nadu,Dindigul,Child Vaccinations and Vitamin A Supplementation,56,Children age 12-23 months who received most of their vaccinations in a private health facility (%),0.0,1.5,True,False
Tamil Nadu,Dindigul,Treatment of Childhood Diseases (children under age 5 years),57,Prevalence of diarrhoea in the 2 weeks preceding the survey (%),5.6,2.3,False,False
Tamil Nadu,Dindigul,Treatment of Childhood Diseases (children under age 5 years),58,Prevalence of symptoms of acute respiratory infection (ARI) in the 2 weeks preceding the survey (%),0.0,0.4,False,False
Tamil Nadu,Dindigul,Treatment of Childhood Diseases (children under age 5 years),59,Children with fever or symptoms of ARI in the 2 weeks preceding the survey taken to a health facility or,*,*,True,False
Tamil Nadu,Dindigul,Child Feeding Practices and Nutritional Status of Children,60,Children under age 3 years breastfed within one hour of birth9 (%),46.7,55.2,False,False
Tamil Nadu,Dindigul,Child Feeding Practices and Nutritional Status of Children,61,Children under age 6 months exclusively breastfed10 (%),*,36.4,True,False
Tamil Nadu,Dindigul,Child Feeding Practices and Nutritional Status of Children,62,Children under age 6 months currently breastfeeding10 (%),*,97.3,True,False
Tamil Nadu,Dindigul,Child Feeding Practices and Nutritional Status of Children,63,Children under age 6 months exclusively breastfed or breastfeeding and consuming plain water/other,*,76.7,True,False
Tamil Nadu,Dindigul,Child Feeding Practices and Nutritional Status of Children,64,Children age 6-8 months receiving solid or semi-solid food and breastmilk10 (%),*,*,True,False
Tamil Nadu,Dindigul,Child Feeding Practices and Nutritional Status of Children,65,"Breastfeeding children age 6-23 months receiving an adequate diet10, 11 (%)",11.4,20.1,True,False
Tamil Nadu,Dindigul,Child Feeding Practices and Nutritional Status of Children,66,"Non-breastfeeding children age 6-23 months receiving an adequate diet10, 11 (%)",*,21.7,True,False
Tamil Nadu,Dindigul,Child Feeding Practices and Nutritional Status of Children,67,"Total children age 6-23 months receiving an adequate diet10, 11 (%)",18.5,20.7,True,False
Tamil Nadu,Dindigul,Child Feeding Practices and Nutritional Status of Children,68,Children under 5 years who are stunted (height-for-age)12 (%),19.6,27.1,False,False
Tamil Nadu,Dindigul,Child Feeding Practices and Nutritional Status of Children,69,Children under 5 years who are wasted (weight-for-height)12 (%),18.5,21.1,False,False
Tamil Nadu,Dindigul,Child Feeding Practices and Nutritional Status of Children,70,Children under 5 years who are severely wasted (weight-for-height)13 (%),4.1,8.2,False,False
Tamil Nadu,Dindigul,Child Feeding Practices and Nutritional Status of Children,71,Children under 5 years who are underweight (weight-for-age)12 (%),27.8,28.4,False,False
Tamil Nadu,Dindigul,Child Feeding Practices and Nutritional Status of Children,72,Children under 5 years who are overweight (weight-for-height)14 (%),0.3,2.2,False,False
Tamil Nadu,Dindigul,Nutritional Status of Adults (age 15-49 years),73,Women whose Body Mass Index (BMI) is below normal (BMI <18.5 kg/m2)15 (%),14.3,12.9,False,False
Tamil Nadu,Dindigul,Nutritional Status of Adults (age 15-49 years),74,Women who are overweight or obese (BMI ≥25.0 kg/m2)15 (%),46.6,38.5,False,False
Tamil Nadu,Dindigul,Women,75,Blood sugar level - high (141-160 mg/dl)16 (%),8.3,8.2,False,False
Tamil Nadu,Dindigul,Women,76,Blood sugar level - very high (>160 mg/dl)16 (%),13.9,12.1,False,False
Tamil Nadu,Dindigul,Women,77,Blood sugar level - high or very high (>140 mg/dl) or taking medicine to control blood sugar level16 (%),24.1,22.1,False,False
Tamil Nadu,Dindigul,Men,78,Blood sugar level - high (141-160 mg/dl)16 (%),9.8,11.9,False,False
Tamil Nadu,Dindigul,Men,79,Blood sugar level - very high (>160 mg/dl)16 (%),15.0,12.0,False,False
Tamil Nadu,Dindigul,Men,80,Blood sugar level - high or very high (>140 mg/dl) or taking medicine to control blood sugar level16 (%),27.2,25.1,False,False
Tamil Nadu,Dindigul,Women,81,Mildly elevated blood pressure (Systolic 140-159 mm of Hg and/or Diastolic 90-99 mm of Hg) (%),14.1,16.5,False,False
Tamil Nadu,Dindigul,Women,82,Moderately or severely elevated blood pressure (Systolic ≥160 mm of Hg and/or Diastolic ≥100 mm,6.2,5.7,False,False
Tamil Nadu,Dindigul,Women,83,Elevated blood pressure (Systolic ≥140 mm of Hg and/or Diastolic ≥90 mm of Hg) or taking medicine to,27.4,25.7,False,False
Tamil Nadu,Dindigul,Men,84,Mildly elevated blood pressure (Systolic 140-159 mm of Hg and/or Diastolic 90-99 mm of Hg) (%),16.7,24.3,False,False
Tamil Nadu,Dindigul,Men,85,Moderately or severely elevated blood pressure (Systolic ≥160 mm of Hg and/or Diastolic ≥100 mm,9.2,6.8,False,False
Tamil Nadu,Dindigul,Men,86,Elevated blood pressure (Systolic ≥140 mm of Hg and/or Diastolic ≥90 mm of Hg) or taking medicine to,31.1,34.2,False,False
Tamil Nadu,Dindigul,Men,87,Women having a bank or savings account that they themselves use (%),87.8,95.1,False,False
Tamil Nadu,Dindigul,Men,88,Women having a mobile phone that they themselves use (%),72.8,71.4,False,False
Tamil Nadu,Dindigul,Men,89,Women age 15-24 years who use hygienic methods of protection during their menstrual period17 (%),97.6,98.9,False,False
Tamil Nadu,Dindigul,Tobacco Use and Alcohol Consumption among Adults (age 15 years and above),90,Women age 15 years and above who use any kind of tobacco (%),5.8,6.5,False,False
Tamil Nadu,Dindigul,Tobacco Use and Alcohol Consumption among Adults (age 15 years and above),91,Men age 15 years and above who use any kind of tobacco (%),26.9,27.7,False,False
Tamil Nadu,Dindigul,Tobacco Use and Alcohol Consumption among Adults (age 15 years and above),92,Women age 15 years and above who consume alcohol (%),0.1,0.1,False,False
Tamil Nadu,Dindigul,Tobacco Use and Alcohol Consumption among Adults (age 15 years and above),93,Men age 15 years and above who consume alcohol (%),23.9,26.0,False,False
Tamil Nadu,Erode,Population and Household Profile,1,Population below age 5 years (%),5.4,7.0,False,False
Tamil Nadu,Erode,Population and Household Profile,2,Population below age 15 years (%),16.9,18.2,False,False
Tamil Nadu,Erode,Population and Household Profile,3,Population age 60 years and above (%),19.9,15.8,False,False
Tamil Nadu,Erode,Population and Household Profile,4,Population living in households with electricity (%),98.7,99.6,False,False
Tamil Nadu,Erode,Population and Household Profile,5,Population living in households with an improved drinking-water source1 (%),100.0,98.9,False,False
Tamil Nadu,Erode,Population and Household Profile,6,Households using iodized salt (%),98.3,97.6,False,False
Tamil Nadu,Erode,Population and Household Profile,7,Households with any usual member covered under a health insurance/financing scheme (%),70.6,77.7,False,False
Tamil Nadu,Erode,Population and Household Profile,8,Households with any usual member having a bank account/post office account (%),97.8,97.9,False,False
Tamil Nadu,Erode,Population and Household Profile,9,Female population age 6 years and above who ever attended school (%),69.8,73.1,False,False
Tamil Nadu,Erode,Population and Household Profile,10,Households with any usual female members owning a house and/or land (alone or jointly with others) (%),18.7,25.4,False,False
Tamil Nadu,Erode,Population and Household Profile,11,Children age 2-4 years who attended pre-school (%),61.3,27.2,False,False
Tamil Nadu,Erode,Characteristics of Adults (age 15-49 years),12,Women with 10 or more years of schooling (%),58.8,57.8,False,False
Tamil Nadu,Erode,Characteristics of Adults (age 15-49 years),13,Men with 10 or more years of schooling (%),72.8,66.1,False,False
Tamil Nadu,Erode,Characteristics of Adults (age 15-49 years),14,Women who have ever used the internet (%),64.5,49.6,False,False
Tamil Nadu,Erode,Characteristics of Adults (age 15-49 years),15,Men who have ever used the internet (%),82.4,73.5,False,False
Tamil Nadu,Erode,Marriage and Fertility,16,Women age 20-24 years married before age 18 years (%),13.1,13.7,False,False
Tamil Nadu,Erode,Marriage and Fertility,17,Men age 25-29 years married before age 21 years (%),*,*,True,False
Tamil Nadu,Erode,Marriage and Fertility,18,Three or more births in the 5 years preceding the survey (%),0.0,0.3,False,False
Tamil Nadu,Erode,Marriage and Fertility,19,Women age 15-19 years who were already mothers or pregnant at the time of the survey (%),3.8,14.8,False,False
Tamil Nadu,Erode,Marriage and Fertility,20,Any method2 (%),66.0,70.6,False,False
Tamil Nadu,Erode,Marriage and Fertility,21,Any modern method2 (%),62.1,67.4,False,False
Tamil Nadu,Erode,Marriage and Fertility,22,Any traditional method (%),3.9,3.2,False,False
Tamil Nadu,Erode,Marriage and Fertility,23,Female sterilization (%),59.2,61.3,False,False
Tamil Nadu,Erode,Marriage and Fertility,24,Male sterilization (%),0.0,0.0,False,False
Tamil Nadu,Erode,Marriage and Fertility,25,Total unmet need3 (%),5.2,4.9,False,False
Tamil Nadu,Erode,Marriage and Fertility,26,Unmet need for spacing3 (%),3.9,2.0,False,False
Tamil Nadu,Erode,Marriage and Fertility,27,Unmet need for limiting3 (%),1.3,2.9,False,False
Tamil Nadu,Erode,Antenatal Care (for last birth in the 5 years before the survey),28,Mothers who had an antenatal check-up in the first trimester (%),79.4,87.8,False,False
Tamil Nadu,Erode,Antenatal Care (for last birth in the 5 years before the survey),29,Mothers who had any antenatal care visits (%),100.0,97.9,False,False
Tamil Nadu,Erode,Antenatal Care (for last birth in the 5 years before the survey),30,Mothers who had at least 4 antenatal care visits (%),96.3,93.9,False,False
Tamil Nadu,Erode,Antenatal Care (for last birth in the 5 years before the survey),31,Mothers whose last birth was protected against neonatal tetanus4 (%),93.7,97.5,False,False
Tamil Nadu,Erode,Antenatal Care (for last birth in the 5 years before the survey),32,Mothers who consumed iron folic acid for 100 days or more when they were pregnant (%),89.8,82.2,False,False
Tamil Nadu,Erode,Antenatal Care (for last birth in the 5 years before the survey),33,Mothers who consumed iron folic acid for 180 days or more when they were pregnant (%),66.1,51.3,False,False
Tamil Nadu,Erode,Antenatal Care (for last birth in the 5 years before the survey),34,Registered pregnancies for which the mother received a Mother and Child Protection (MCP) card (%),100.0,100.0,False,False
Tamil Nadu,Erode,Delivery Care (for births in the 5 years before the survey),35,Institutional births (%),99.6,100.0,False,False
Tamil Nadu,Erode,Delivery Care (for births in the 5 years before the survey),36,Institutional births in public facility (%),44.2,51.4,False,False
Tamil Nadu,Erode,Delivery Care (for births in the 5 years before the survey),37,Births attended by skilled health personnel5 (%),99.6,100.0,False,False
Tamil Nadu,Erode,Delivery Care (for births in the 5 years before the survey),38,Births delivered by caesarean section (%),57.4,48.5,False,False
Tamil Nadu,Erode,Delivery Care (for births in the 5 years before the survey),39,Births in a private health facility that were delivered by caesarean section (%),79.7,68.5,False,False
Tamil Nadu,Erode,Delivery Care (for births in the 5 years before the survey),40,Births in a public health facility that were delivered by caesarean section (%),29.9,29.6,False,False
Tamil Nadu,Erode,Postnatal Care (for last birth in the 5 years before the survey),41,Mothers who received postnatal care from a doctor/nurse/LHV/ANM/midwife/other health personnel within 2,92.7,96.5,False,False
Tamil Nadu,Erode,Postnatal Care (for last birth in the 5 years before the survey),42,Children born at home who were taken to a health facility for a check-up within 24 hours of birth (%),*,*,True,False
Tamil Nadu,Erode,Postnatal Care (for last birth in the 5 years before the survey),43,Children who received postnatal care from a doctor/nurse/LHV/ANM/midwife/other health personnel within 2,88.8,98.4,False,False
Tamil Nadu,Erode,Child Vaccinations and Vitamin A Supplementation,44,Children age 12-23 months fully vaccinated based on information from either vaccination card or mother's,95.1,95.9,True,False
Tamil Nadu,Erode,Child Vaccinations and Vitamin A Supplementation,45,Children age 12-23 months fully vaccinated based on information from vaccination card only7 (%),92.5,97.2,True,False
Tamil Nadu,Erode,Child Vaccinations and Vitamin A Supplementation,46,Children age 12-23 months who have received any vaccine (%),97.9,100.0,True,False
Tamil Nadu,Erode,Child Vaccinations and Vitamin A Supplementation,47,Children age 12-23 months who have received BCG (%),97.9,100.0,True,False
Tamil Nadu,Erode,Child Vaccinations and Vitamin A Supplementation,48,Children age 12-23 months who have received 3 doses of polio vaccine8 (%),97.9,95.9,True,False
Tamil Nadu,Erode,Child Vaccinations and Vitamin A Supplementation,49,Children age 12-23 months who have received 3 doses of pentavalent vaccine (%),95.1,100.0,True,False
Tamil Nadu,Erode,Child Vaccinations and Vitamin A Supplementation,50,Children age 12-23 months who have received the first dose of measles-containing vaccine (MCV) (%),97.9,100.0,True,False
Tamil Nadu,Erode,Child Vaccinations and Vitamin A Supplementation,51,Children age 24-35 months who have received a second dose of measles-containing vaccine (MCV) (%),*,83.5,True,False
Tamil Nadu,Erode,Child Vaccinations and Vitamin A Supplementation,52,Children age 12-23 months who have received birth dose of hepatitis B vaccine (%),97.5,96.2,True,False
Tamil Nadu,Erode,Child Vaccinations and Vitamin A Supplementation,53,Children age 12-23 months who have received 3 doses of rotavirus vaccine (%),92.1,53.8,True,False
Tamil Nadu,Erode,Child Vaccinations and Vitamin A Supplementation,54,Children age 9-35 months who received a vitamin A dose in the last 6 months (%),81.6,64.2,False,False
Tamil Nadu,Erode,Child Vaccinations and Vitamin A Supplementation,55,Children age 12-23 months who received most of their vaccinations in a public health facility (%),81.1,92.3,True,False
Tamil Nadu,Erode,Child Vaccinations and Vitamin A Supplementation,56,Children age 12-23 months who received most of their vaccinations in a private health facility (%),19.0,7.8,True,False
Tamil Nadu,Erode,Treatment of Childhood Diseases (children under age 5 years),57,Prevalence of diarrhoea in the 2 weeks preceding the survey (%),6.0,1.5,False,False
Tamil Nadu,Erode,Treatment of Childhood Diseases (children under age 5 years),58,Prevalence of symptoms of acute respiratory infection (ARI) in the 2 weeks preceding the survey (%),0.0,0.0,False,False
Tamil Nadu,Erode,Treatment of Childhood Diseases (children under age 5 years),59,Children with fever or symptoms of ARI in the 2 weeks preceding the survey taken to a health facility or,*,*,True,False
Tamil Nadu,Erode,Child Feeding Practices and Nutritional Status of Children,60,Children under age 3 years breastfed within one hour of birth9 (%),54.3,69.9,False,False
Tamil Nadu,Erode,Child Feeding Practices and Nutritional Status of Children,61,Children under age 6 months exclusively breastfed10 (%),*,*,True,False
Tamil Nadu,Erode,Child Feeding Practices and Nutritional Status of Children,62,Children under age 6 months currently breastfeeding10 (%),*,*,True,False
Tamil Nadu,Erode,Child Feeding Practices and Nutritional Status of Children,63,Children under age 6 months exclusively breastfed or breastfeeding and consuming plain water/other,*,*,True,False
Tamil Nadu,Erode,Child Feeding Practices and Nutritional Status of Children,64,Children age 6-8 months receiving solid or semi-solid food and breastmilk10 (%),*,*,True,False
Tamil Nadu,Erode,Child Feeding Practices and Nutritional Status of Children,65,"Breastfeeding children age 6-23 months receiving an adequate diet10, 11 (%)",20.3,14.8,True,False
Tamil Nadu,Erode,Child Feeding Practices and Nutritional Status of Children,66,"Non-breastfeeding children age 6-23 months receiving an adequate diet10, 11 (%)",*,*,True,False
Tamil Nadu,Erode,Child Feeding Practices and Nutritional Status of Children,67,"Total children age 6-23 months receiving an adequate diet10, 11 (%)",26.1,19.1,True,False
Tamil Nadu,Erode,Child Feeding Practices and Nutritional Status of Children,68,Children under 5 years who are stunted (height-for-age)12 (%),24.3,19.4,False,False
Tamil Nadu,Erode,Child Feeding Practices and Nutritional Status of Children,69,Children under 5 years who are wasted (weight-for-height)12 (%),19.4,20.9,False,False
Tamil Nadu,Erode,Child Feeding Practices and Nutritional Status of Children,70,Children under 5 years who are severely wasted (weight-for-height)13 (%),9.6,11.2,False,False
Tamil Nadu,Erode,Child Feeding Practices and Nutritional Status of Children,71,Children under 5 years who are underweight (weight-for-age)12 (%),27.4,26.9,False,False
Tamil Nadu,Erode,Child Feeding Practices and Nutritional Status of Children,72,Children under 5 years who are overweight (weight-for-height)14 (%),1.0,2.8,False,False
Tamil Nadu,Erode,Nutritional Status of Adults (age 15-49 years),73,Women whose Body Mass Index (BMI) is below normal (BMI <18.5 kg/m2)15 (%),12.4,11.4,False,False
Tamil Nadu,Erode,Nutritional Status of Adults (age 15-49 years),74,Women who are overweight or obese (BMI ≥25.0 kg/m2)15 (%),41.7,37.1,False,False
Tamil Nadu,Erode,Women,75,Blood sugar level - high (141-160 mg/dl)16 (%),7.8,6.4,False,False
Tamil Nadu,Erode,Women,76,Blood sugar level - very high (>160 mg/dl)16 (%),11.7,8.3,False,False
Tamil Nadu,Erode,Women,77,Blood sugar level - high or very high (>140 mg/dl) or taking medicine to control blood sugar level16 (%),22.4,16.6,False,False
Tamil Nadu,Erode,Men,78,Blood sugar level - high (141-160 mg/dl)16 (%),9.2,6.2,False,False
Tamil Nadu,Erode,Men,79,Blood sugar level - very high (>160 mg/dl)16 (%),11.9,6.9,False,False
Tamil Nadu,Erode,Men,80,Blood sugar level - high or very high (>140 mg/dl) or taking medicine to control blood sugar level16 (%),23.7,16.1,False,False
Tamil Nadu,Erode,Women,81,Mildly elevated blood pressure (Systolic 140-159 mm of Hg and/or Diastolic 90-99 mm of Hg) (%),12.1,17.0,False,False
Tamil Nadu,Erode,Women,82,Moderately or severely elevated blood pressure (Systolic ≥160 mm of Hg and/or Diastolic ≥100 mm,6.3,9.0,False,False
Tamil Nadu,Erode,Women,83,Elevated blood pressure (Systolic ≥140 mm of Hg and/or Diastolic ≥90 mm of Hg) or taking medicine to,25.4,29.5,False,False
Tamil Nadu,Erode,Men,84,Mildly elevated blood pressure (Systolic 140-159 mm of Hg and/or Diastolic 90-99 mm of Hg) (%),15.6,25.7,False,False
Tamil Nadu,Erode,Men,85,Moderately or severely elevated blood pressure (Systolic ≥160 mm of Hg and/or Diastolic ≥100 mm,4.8,6.7,False,False
Tamil Nadu,Erode,Men,86,Elevated blood pressure (Systolic ≥140 mm of Hg and/or Diastolic ≥90 mm of Hg) or taking medicine to,27.5,36.1,False,False
Tamil Nadu,Erode,Men,87,Women having a bank or savings account that they themselves use (%),92.6,90.0,False,False
Tamil Nadu,Erode,Men,88,Women having a mobile phone that they themselves use (%),81.6,72.6,False,False
Tamil Nadu,Erode,Men,89,Women age 15-24 years who use hygienic methods of protection during their menstrual period17 (%),97.1,98.7,False,False
Tamil Nadu,Erode,Tobacco Use and Alcohol Consumption among Adults (age 15 years and above),90,Women age 15 years and above who use any kind of tobacco (%),12.4,11.1,False,False
Tamil Nadu,Erode,Tobacco Use and Alcohol Consumption among Adults (age 15 years and above),91,Men age 15 years and above who use any kind of tobacco (%),19.3,26.2,False,False
Tamil Nadu,Erode,Tobacco Use and Alcohol Consumption among Adults (age 15 years and above),92,Women age 15 years and above who consume alcohol (%),0.3,0.1,False,False
Tamil Nadu,Erode,Tobacco Use and Alcohol Consumption among Adults (age 15 years and above),93,Men age 15 years and above who consume alcohol (%),26.5,23.5,False,False
Tamil Nadu,Kallakurichi,Population and Household Profile,1,Population below age 5 years (%),7.8,,False,True
Tamil Nadu,Kallakurichi,Population and Household Profile,2,Population below age 15 years (%),24.6,,False,True
Tamil Nadu,Kallakurichi,Population and Household Profile,3,Population age 60 years and above (%),15.8,,False,True
Tamil Nadu,Kallakurichi,Population and Household Profile,4,Population living in households with electricity (%),99.0,,False,True
Tamil Nadu,Kallakurichi,Population and Household Profile,5,Population living in households with an improved drinking-water source1 (%),98.9,,False,True
Tamil Nadu,Kallakurichi,Population and Household Profile,6,Households using iodized salt (%),94.2,,False,True
Tamil Nadu,Kallakurichi,Population and Household Profile,7,Households with any usual member covered under a health insurance/financing scheme (%),73.5,,False,True
Tamil Nadu,Kallakurichi,Population and Household Profile,8,Households with any usual member having a bank account/post office account (%),99.3,,False,True
Tamil Nadu,Kallakurichi,Population and Household Profile,9,Female population age 6 years and above who ever attended school (%),76.3,,False,True
Tamil Nadu,Kallakurichi,Population and Household Profile,10,Households with any usual female members owning a house and/or land (alone or jointly with others) (%),15.0,,False,True
Tamil Nadu,Kallakurichi,Population and Household Profile,11,Children age 2-4 years who attended pre-school (%),65.0,,False,True
Tamil Nadu,Kallakurichi,Characteristics of Adults (age 15-49 years),12,Women with 10 or more years of schooling (%),56.5,,False,True
Tamil Nadu,Kallakurichi,Characteristics of Adults (age 15-49 years),13,Men with 10 or more years of schooling (%),65.9,,False,True
Tamil Nadu,Kallakurichi,Characteristics of Adults (age 15-49 years),14,Women who have ever used the internet (%),46.9,,False,True
Tamil Nadu,Kallakurichi,Characteristics of Adults (age 15-49 years),15,Men who have ever used the internet (%),77.0,,False,True
Tamil Nadu,Kallakurichi,Marriage and Fertility,16,Women age 20-24 years married before age 18 years (%),11.5,,False,True
Tamil Nadu,Kallakurichi,Marriage and Fertility,17,Men age 25-29 years married before age 21 years (%),*,,True,True
Tamil Nadu,Kallakurichi,Marriage and Fertility,18,Three or more births in the 5 years preceding the survey (%),1.9,,False,True
Tamil Nadu,Kallakurichi,Marriage and Fertility,19,Women age 15-19 years who were already mothers or pregnant at the time of the survey (%),6.3,,False,True
Tamil Nadu,Kallakurichi,Marriage and Fertility,20,Any method2 (%),69.4,,False,True
Tamil Nadu,Kallakurichi,Marriage and Fertility,21,Any modern method2 (%),63.2,,False,True
Tamil Nadu,Kallakurichi,Marriage and Fertility,22,Any traditional method (%),6.2,,False,True
Tamil Nadu,Kallakurichi,Marriage and Fertility,23,Female sterilization (%),55.4,,False,True
Tamil Nadu,Kallakurichi,Marriage and Fertility,24,Male sterilization (%),0.0,,False,True
Tamil Nadu,Kallakurichi,Marriage and Fertility,25,Total unmet need3 (%),5.3,,False,True
Tamil Nadu,Kallakurichi,Marriage and Fertility,26,Unmet need for spacing3 (%),2.6,,False,True
Tamil Nadu,Kallakurichi,Marriage and Fertility,27,Unmet need for limiting3 (%),2.7,,False,True
Tamil Nadu,Kallakurichi,Antenatal Care (for last birth in the 5 years before the survey),28,Mothers who had an antenatal check-up in the first trimester (%),81.6,,False,True
Tamil Nadu,Kallakurichi,Antenatal Care (for last birth in the 5 years before the survey),29,Mothers who had any antenatal care visits (%),99.4,,False,True
Tamil Nadu,Kallakurichi,Antenatal Care (for last birth in the 5 years before the survey),30,Mothers who had at least 4 antenatal care visits (%),96.9,,False,True
Tamil Nadu,Kallakurichi,Antenatal Care (for last birth in the 5 years before the survey),31,Mothers whose last birth was protected against neonatal tetanus4 (%),98.1,,False,True
Tamil Nadu,Kallakurichi,Antenatal Care (for last birth in the 5 years before the survey),32,Mothers who consumed iron folic acid for 100 days or more when they were pregnant (%),74.5,,False,True
Tamil Nadu,Kallakurichi,Antenatal Care (for last birth in the 5 years before the survey),33,Mothers who consumed iron folic acid for 180 days or more when they were pregnant (%),48.7,,False,True
Tamil Nadu,Kallakurichi,Antenatal Care (for last birth in the 5 years before the survey),34,Registered pregnancies for which the mother received a Mother and Child Protection (MCP) card (%),100.0,,False,True
Tamil Nadu,Kallakurichi,Delivery Care (for births in the 5 years before the survey),35,Institutional births (%),100.0,,False,True
Tamil Nadu,Kallakurichi,Delivery Care (for births in the 5 years before the survey),36,Institutional births in public facility (%),85.8,,False,True
Tamil Nadu,Kallakurichi,Delivery Care (for births in the 5 years before the survey),37,Births attended by skilled health personnel5 (%),100.0,,False,True
Tamil Nadu,Kallakurichi,Delivery Care (for births in the 5 years before the survey),38,Births delivered by caesarean section (%),35.0,,False,True
Tamil Nadu,Kallakurichi,Delivery Care (for births in the 5 years before the survey),39,Births in a private health facility that were delivered by caesarean section (%),65.7,,True,True
Tamil Nadu,Kallakurichi,Delivery Care (for births in the 5 years before the survey),40,Births in a public health facility that were delivered by caesarean section (%),30.0,,False,True
Tamil Nadu,Kallakurichi,Postnatal Care (for last birth in the 5 years before the survey),41,Mothers who received postnatal care from a doctor/nurse/LHV/ANM/midwife/other health personnel within 2,89.6,,False,True
Tamil Nadu,Kallakurichi,Postnatal Care (for last birth in the 5 years before the survey),42,Children born at home who were taken to a health facility for a check-up within 24 hours of birth (%),*,,True,True
Tamil Nadu,Kallakurichi,Postnatal Care (for last birth in the 5 years before the survey),43,Children who received postnatal care from a doctor/nurse/LHV/ANM/midwife/other health personnel within 2,89.9,,False,True
Tamil Nadu,Kallakurichi,Child Vaccinations and Vitamin A Supplementation,44,Children age 12-23 months fully vaccinated based on information from either vaccination card or mother's,94.4,,True,True
Tamil Nadu,Kallakurichi,Child Vaccinations and Vitamin A Supplementation,45,Children age 12-23 months fully vaccinated based on information from vaccination card only7 (%),94.6,,True,True
Tamil Nadu,Kallakurichi,Child Vaccinations and Vitamin A Supplementation,46,Children age 12-23 months who have received any vaccine (%),95.3,,True,True
Tamil Nadu,Kallakurichi,Child Vaccinations and Vitamin A Supplementation,47,Children age 12-23 months who have received BCG (%),95.3,,True,True
Tamil Nadu,Kallakurichi,Child Vaccinations and Vitamin A Supplementation,48,Children age 12-23 months who have received 3 doses of polio vaccine8 (%),94.4,,True,True
Tamil Nadu,Kallakurichi,Child Vaccinations and Vitamin A Supplementation,49,Children age 12-23 months who have received 3 doses of pentavalent vaccine (%),94.4,,True,True
Tamil Nadu,Kallakurichi,Child Vaccinations and Vitamin A Supplementation,50,Children age 12-23 months who have received the first dose of measles-containing vaccine (MCV) (%),94.4,,True,True
Tamil Nadu,Kallakurichi,Child Vaccinations and Vitamin A Supplementation,51,Children age 24-35 months who have received a second dose of measles-containing vaccine (MCV) (%),77.9,,False,True
Tamil Nadu,Kallakurichi,Child Vaccinations and Vitamin A Supplementation,52,Children age 12-23 months who have received birth dose of hepatitis B vaccine (%),95.3,,True,True
Tamil Nadu,Kallakurichi,Child Vaccinations and Vitamin A Supplementation,53,Children age 12-23 months who have received 3 doses of rotavirus vaccine (%),83.5,,True,True
Tamil Nadu,Kallakurichi,Child Vaccinations and Vitamin A Supplementation,54,Children age 9-35 months who received a vitamin A dose in the last 6 months (%),82.8,,False,True
Tamil Nadu,Kallakurichi,Child Vaccinations and Vitamin A Supplementation,55,Children age 12-23 months who received most of their vaccinations in a public health facility (%),98.9,,True,True
Tamil Nadu,Kallakurichi,Child Vaccinations and Vitamin A Supplementation,56,Children age 12-23 months who received most of their vaccinations in a private health facility (%),1.1,,True,True
Tamil Nadu,Kallakurichi,Treatment of Childhood Diseases (children under age 5 years),57,Prevalence of diarrhoea in the 2 weeks preceding the survey (%),6.1,,False,True
Tamil Nadu,Kallakurichi,Treatment of Childhood Diseases (children under age 5 years),58,Prevalence of symptoms of acute respiratory infection (ARI) in the 2 weeks preceding the survey (%),1.4,,False,True
Tamil Nadu,Kallakurichi,Treatment of Childhood Diseases (children under age 5 years),59,Children with fever or symptoms of ARI in the 2 weeks preceding the survey taken to a health facility or,67.5,,True,True
Tamil Nadu,Kallakurichi,Child Feeding Practices and Nutritional Status of Children,60,Children under age 3 years breastfed within one hour of birth9 (%),57.2,,False,True
Tamil Nadu,Kallakurichi,Child Feeding Practices and Nutritional Status of Children,61,Children under age 6 months exclusively breastfed10 (%),65.1,,True,True
Tamil Nadu,Kallakurichi,Child Feeding Practices and Nutritional Status of Children,62,Children under age 6 months currently breastfeeding10 (%),100.0,,True,True
Tamil Nadu,Kallakurichi,Child Feeding Practices and Nutritional Status of Children,63,Children under age 6 months exclusively breastfed or breastfeeding and consuming plain water/other,89.7,,True,True
Tamil Nadu,Kallakurichi,Child Feeding Practices and Nutritional Status of Children,64,Children age 6-8 months receiving solid or semi-solid food and breastmilk10 (%),*,,True,True
Tamil Nadu,Kallakurichi,Child Feeding Practices and Nutritional Status of Children,65,"Breastfeeding children age 6-23 months receiving an adequate diet10, 11 (%)",2.1,,True,True
Tamil Nadu,Kallakurichi,Child Feeding Practices and Nutritional Status of Children,66,"Non-breastfeeding children age 6-23 months receiving an adequate diet10, 11 (%)",41.4,,True,True
Tamil Nadu,Kallakurichi,Child Feeding Practices and Nutritional Status of Children,67,"Total children age 6-23 months receiving an adequate diet10, 11 (%)",21.2,,False,True
Tamil Nadu,Kallakurichi,Child Feeding Practices and Nutritional Status of Children,68,Children under 5 years who are stunted (height-for-age)12 (%),30.1,,False,True
Tamil Nadu,Kallakurichi,Child Feeding Practices and Nutritional Status of Children,69,Children under 5 years who are wasted (weight-for-height)12 (%),19.7,,False,True
Tamil Nadu,Kallakurichi,Child Feeding Practices and Nutritional Status of Children,70,Children under 5 years who are severely wasted (weight-for-height)13 (%),2.6,,False,True
Tamil Nadu,Kallakurichi,Child Feeding Practices and Nutritional Status of Children,71,Children under 5 years who are underweight (weight-for-age)12 (%),31.1,,False,True
Tamil Nadu,Kallakurichi,Child Feeding Practices and Nutritional Status of Children,72,Children under 5 years who are overweight (weight-for-height)14 (%),0.4,,False,True
Tamil Nadu,Kallakurichi,Nutritional Status of Adults (age 15-49 years),73,Women whose Body Mass Index (BMI) is below normal (BMI <18.5 kg/m2)15 (%),13.7,,False,True
Tamil Nadu,Kallakurichi,Nutritional Status of Adults (age 15-49 years),74,Women who are overweight or obese (BMI ≥25.0 kg/m2)15 (%),39.3,,False,True
Tamil Nadu,Kallakurichi,Women,75,Blood sugar level - high (141-160 mg/dl)16 (%),8.3,,False,True
Tamil Nadu,Kallakurichi,Women,76,Blood sugar level - very high (>160 mg/dl)16 (%),12.9,,False,True
Tamil Nadu,Kallakurichi,Women,77,Blood sugar level - high or very high (>140 mg/dl) or taking medicine to control blood sugar level16 (%),23.1,,False,True
Tamil Nadu,Kallakurichi,Men,78,Blood sugar level - high (141-160 mg/dl)16 (%),7.9,,False,True
Tamil Nadu,Kallakurichi,Men,79,Blood sugar level - very high (>160 mg/dl)16 (%),15.9,,False,True
Tamil Nadu,Kallakurichi,Men,80,Blood sugar level - high or very high (>140 mg/dl) or taking medicine to control blood sugar level16 (%),25.1,,False,True
Tamil Nadu,Kallakurichi,Women,81,Mildly elevated blood pressure (Systolic 140-159 mm of Hg and/or Diastolic 90-99 mm of Hg) (%),9.6,,False,True
Tamil Nadu,Kallakurichi,Women,82,Moderately or severely elevated blood pressure (Systolic ≥160 mm of Hg and/or Diastolic ≥100 mm,3.0,,False,True
Tamil Nadu,Kallakurichi,Women,83,Elevated blood pressure (Systolic ≥140 mm of Hg and/or Diastolic ≥90 mm of Hg) or taking medicine to,18.0,,False,True
Tamil Nadu,Kallakurichi,Men,84,Mildly elevated blood pressure (Systolic 140-159 mm of Hg and/or Diastolic 90-99 mm of Hg) (%),14.4,,False,True
Tamil Nadu,Kallakurichi,Men,85,Moderately or severely elevated blood pressure (Systolic ≥160 mm of Hg and/or Diastolic ≥100 mm,5.2,,False,True
Tamil Nadu,Kallakurichi,Men,86,Elevated blood pressure (Systolic ≥140 mm of Hg and/or Diastolic ≥90 mm of Hg) or taking medicine to,24.0,,False,True
Tamil Nadu,Kallakurichi,Men,87,Women having a bank or savings account that they themselves use (%),94.7,,False,True
Tamil Nadu,Kallakurichi,Men,88,Women having a mobile phone that they themselves use (%),65.1,,False,True
Tamil Nadu,Kallakurichi,Men,89,Women age 15-24 years who use hygienic methods of protection during their menstrual period17 (%),99.3,,False,True
Tamil Nadu,Kallakurichi,Tobacco Use and Alcohol Consumption among Adults (age 15 years and above),90,Women age 15 years and above who use any kind of tobacco (%),5.5,,False,True
Tamil Nadu,Kallakurichi,Tobacco Use and Alcohol Consumption among Adults (age 15 years and above),91,Men age 15 years and above who use any kind of tobacco (%),19.9,,False,True
Tamil Nadu,Kallakurichi,Tobacco Use and Alcohol Consumption among Adults (age 15 years and above),92,Women age 15 years and above who consume alcohol (%),0.5,,False,True
Tamil Nadu,Kallakurichi,Tobacco Use and Alcohol Consumption among Adults (age 15 years and above),93,Men age 15 years and above who consume alcohol (%),28.9,,False,True
Tamil Nadu,Kanchipuram,Population and Household Profile,1,Population below age 5 years (%),6.1,,False,True
Tamil Nadu,Kanchipuram,Population and Household Profile,2,Population below age 15 years (%),21.9,,False,True
Tamil Nadu,Kanchipuram,Population and Household Profile,3,Population age 60 years and above (%),11.8,,False,True
Tamil Nadu,Kanchipuram,Population and Household Profile,4,Population living in households with electricity (%),99.5,,False,True
Tamil Nadu,Kanchipuram,Population and Household Profile,5,Population living in households with an improved drinking-water source1 (%),99.3,,False,True
Tamil Nadu,Kanchipuram,Population and Household Profile,6,Households using iodized salt (%),95.1,,False,True
Tamil Nadu,Kanchipuram,Population and Household Profile,7,Households with any usual member covered under a health insurance/financing scheme (%),50.0,,False,True
Tamil Nadu,Kanchipuram,Population and Household Profile,8,Households with any usual member having a bank account/post office account (%),98.0,,False,True
Tamil Nadu,Kanchipuram,Population and Household Profile,9,Female population age 6 years and above who ever attended school (%),85.7,,False,True
Tamil Nadu,Kanchipuram,Population and Household Profile,10,Households with any usual female members owning a house and/or land (alone or jointly with others) (%),17.1,,False,True
Tamil Nadu,Kanchipuram,Population and Household Profile,11,Children age 2-4 years who attended pre-school (%),55.5,,False,True
Tamil Nadu,Kanchipuram,Characteristics of Adults (age 15-49 years),12,Women with 10 or more years of schooling (%),69.9,,False,True
Tamil Nadu,Kanchipuram,Characteristics of Adults (age 15-49 years),13,Men with 10 or more years of schooling (%),70.6,,False,True
Tamil Nadu,Kanchipuram,Characteristics of Adults (age 15-49 years),14,Women who have ever used the internet (%),68.4,,False,True
Tamil Nadu,Kanchipuram,Characteristics of Adults (age 15-49 years),15,Men who have ever used the internet (%),83.6,,False,True
Tamil Nadu,Kanchipuram,Marriage and Fertility,16,Women age 20-24 years married before age 18 years (%),4.7,,False,True
Tamil Nadu,Kanchipuram,Marriage and Fertility,17,Men age 25-29 years married before age 21 years (%),*,,True,True
Tamil Nadu,Kanchipuram,Marriage and Fertility,18,Three or more births in the 5 years preceding the survey (%),0.0,,False,True
Tamil Nadu,Kanchipuram,Marriage and Fertility,19,Women age 15-19 years who were already mothers or pregnant at the time of the survey (%),4.3,,False,True
Tamil Nadu,Kanchipuram,Marriage and Fertility,20,Any method2 (%),74.5,,False,True
Tamil Nadu,Kanchipuram,Marriage and Fertility,21,Any modern method2 (%),71.3,,False,True
Tamil Nadu,Kanchipuram,Marriage and Fertility,22,Any traditional method (%),3.2,,False,True
Tamil Nadu,Kanchipuram,Marriage and Fertility,23,Female sterilization (%),61.7,,False,True
Tamil Nadu,Kanchipuram,Marriage and Fertility,24,Male sterilization (%),0.0,,False,True
Tamil Nadu,Kanchipuram,Marriage and Fertility,25,Total unmet need3 (%),3.5,,False,True
Tamil Nadu,Kanchipuram,Marriage and Fertility,26,Unmet need for spacing3 (%),1.6,,False,True
Tamil Nadu,Kanchipuram,Marriage and Fertility,27,Unmet need for limiting3 (%),1.9,,False,True
Tamil Nadu,Kanchipuram,Antenatal Care (for last birth in the 5 years before the survey),28,Mothers who had an antenatal check-up in the first trimester (%),64.5,,False,True
Tamil Nadu,Kanchipuram,Antenatal Care (for last birth in the 5 years before the survey),29,Mothers who had any antenatal care visits (%),89.1,,False,True
Tamil Nadu,Kanchipuram,Antenatal Care (for last birth in the 5 years before the survey),30,Mothers who had at least 4 antenatal care visits (%),80.9,,False,True
Tamil Nadu,Kanchipuram,Antenatal Care (for last birth in the 5 years before the survey),31,Mothers whose last birth was protected against neonatal tetanus4 (%),89.9,,False,True
Tamil Nadu,Kanchipuram,Antenatal Care (for last birth in the 5 years before the survey),32,Mothers who consumed iron folic acid for 100 days or more when they were pregnant (%),82.3,,False,True
Tamil Nadu,Kanchipuram,Antenatal Care (for last birth in the 5 years before the survey),33,Mothers who consumed iron folic acid for 180 days or more when they were pregnant (%),58.0,,False,True
Tamil Nadu,Kanchipuram,Antenatal Care (for last birth in the 5 years before the survey),34,Registered pregnancies for which the mother received a Mother and Child Protection (MCP) card (%),99.2,,False,True
Tamil Nadu,Kanchipuram,Delivery Care (for births in the 5 years before the survey),35,Institutional births (%),100.0,,False,True
Tamil Nadu,Kanchipuram,Delivery Care (for births in the 5 years before the survey),36,Institutional births in public facility (%),57.4,,False,True
Tamil Nadu,Kanchipuram,Delivery Care (for births in the 5 years before the survey),37,Births attended by skilled health personnel5 (%),98.2,,False,True
Tamil Nadu,Kanchipuram,Delivery Care (for births in the 5 years before the survey),38,Births delivered by caesarean section (%),47.9,,False,True
Tamil Nadu,Kanchipuram,Delivery Care (for births in the 5 years before the survey),39,Births in a private health facility that were delivered by caesarean section (%),70.9,,False,True
Tamil Nadu,Kanchipuram,Delivery Care (for births in the 5 years before the survey),40,Births in a public health facility that were delivered by caesarean section (%),30.8,,False,True
Tamil Nadu,Kanchipuram,Postnatal Care (for last birth in the 5 years before the survey),41,Mothers who received postnatal care from a doctor/nurse/LHV/ANM/midwife/other health personnel within 2,89.8,,False,True
Tamil Nadu,Kanchipuram,Postnatal Care (for last birth in the 5 years before the survey),42,Children born at home who were taken to a health facility for a check-up within 24 hours of birth (%),*,,True,True
Tamil Nadu,Kanchipuram,Postnatal Care (for last birth in the 5 years before the survey),43,Children who received postnatal care from a doctor/nurse/LHV/ANM/midwife/other health personnel within 2,95.8,,False,True
Tamil Nadu,Kanchipuram,Child Vaccinations and Vitamin A Supplementation,44,Children age 12-23 months fully vaccinated based on information from either vaccination card or mother's,85.0,,True,True
Tamil Nadu,Kanchipuram,Child Vaccinations and Vitamin A Supplementation,45,Children age 12-23 months fully vaccinated based on information from vaccination card only7 (%),86.7,,True,True
Tamil Nadu,Kanchipuram,Child Vaccinations and Vitamin A Supplementation,46,Children age 12-23 months who have received any vaccine (%),98.5,,True,True
Tamil Nadu,Kanchipuram,Child Vaccinations and Vitamin A Supplementation,47,Children age 12-23 months who have received BCG (%),98.5,,True,True
Tamil Nadu,Kanchipuram,Child Vaccinations and Vitamin A Supplementation,48,Children age 12-23 months who have received 3 doses of polio vaccine8 (%),94.3,,True,True
Tamil Nadu,Kanchipuram,Child Vaccinations and Vitamin A Supplementation,49,Children age 12-23 months who have received 3 doses of pentavalent vaccine (%),88.1,,True,True
Tamil Nadu,Kanchipuram,Child Vaccinations and Vitamin A Supplementation,50,Children age 12-23 months who have received the first dose of measles-containing vaccine (MCV) (%),94.0,,True,True
Tamil Nadu,Kanchipuram,Child Vaccinations and Vitamin A Supplementation,51,Children age 24-35 months who have received a second dose of measles-containing vaccine (MCV) (%),82.9,,True,True
Tamil Nadu,Kanchipuram,Child Vaccinations and Vitamin A Supplementation,52,Children age 12-23 months who have received birth dose of hepatitis B vaccine (%),91.5,,True,True
Tamil Nadu,Kanchipuram,Child Vaccinations and Vitamin A Supplementation,53,Children age 12-23 months who have received 3 doses of rotavirus vaccine (%),91.0,,True,True
Tamil Nadu,Kanchipuram,Child Vaccinations and Vitamin A Supplementation,54,Children age 9-35 months who received a vitamin A dose in the last 6 months (%),74.5,,False,True
Tamil Nadu,Kanchipuram,Child Vaccinations and Vitamin A Supplementation,55,Children age 12-23 months who received most of their vaccinations in a public health facility (%),76.9,,True,True
Tamil Nadu,Kanchipuram,Child Vaccinations and Vitamin A Supplementation,56,Children age 12-23 months who received most of their vaccinations in a private health facility (%),23.1,,True,True
Tamil Nadu,Kanchipuram,Treatment of Childhood Diseases (children under age 5 years),57,Prevalence of diarrhoea in the 2 weeks preceding the survey (%),11.1,,False,True
Tamil Nadu,Kanchipuram,Treatment of Childhood Diseases (children under age 5 years),58,Prevalence of symptoms of acute respiratory infection (ARI) in the 2 weeks preceding the survey (%),0.7,,False,True
Tamil Nadu,Kanchipuram,Treatment of Childhood Diseases (children under age 5 years),59,Children with fever or symptoms of ARI in the 2 weeks preceding the survey taken to a health facility or,*,,True,True
Tamil Nadu,Kanchipuram,Child Feeding Practices and Nutritional Status of Children,60,Children under age 3 years breastfed within one hour of birth9 (%),57.2,,False,True
Tamil Nadu,Kanchipuram,Child Feeding Practices and Nutritional Status of Children,61,Children under age 6 months exclusively breastfed10 (%),*,,True,True
Tamil Nadu,Kanchipuram,Child Feeding Practices and Nutritional Status of Children,62,Children under age 6 months currently breastfeeding10 (%),*,,True,True
Tamil Nadu,Kanchipuram,Child Feeding Practices and Nutritional Status of Children,63,Children under age 6 months exclusively breastfed or breastfeeding and consuming plain water/other,*,,True,True
Tamil Nadu,Kanchipuram,Child Feeding Practices and Nutritional Status of Children,64,Children age 6-8 months receiving solid or semi-solid food and breastmilk10 (%),*,,True,True
Tamil Nadu,Kanchipuram,Child Feeding Practices and Nutritional Status of Children,65,"Breastfeeding children age 6-23 months receiving an adequate diet10, 11 (%)",22.1,,False,True
Tamil Nadu,Kanchipuram,Child Feeding Practices and Nutritional Status of Children,66,"Non-breastfeeding children age 6-23 months receiving an adequate diet10, 11 (%)",*,,True,True
Tamil Nadu,Kanchipuram,Child Feeding Practices and Nutritional Status of Children,67,"Total children age 6-23 months receiving an adequate diet10, 11 (%)",29.2,,False,True
Tamil Nadu,Kanchipuram,Child Feeding Practices and Nutritional Status of Children,68,Children under 5 years who are stunted (height-for-age)12 (%),26.8,,False,True
Tamil Nadu,Kanchipuram,Child Feeding Practices and Nutritional Status of Children,69,Children under 5 years who are wasted (weight-for-height)12 (%),18.9,,False,True
Tamil Nadu,Kanchipuram,Child Feeding Practices and Nutritional Status of Children,70,Children under 5 years who are severely wasted (weight-for-height)13 (%),3.2,,False,True
Tamil Nadu,Kanchipuram,Child Feeding Practices and Nutritional Status of Children,71,Children under 5 years who are underweight (weight-for-age)12 (%),19.8,,False,True
Tamil Nadu,Kanchipuram,Child Feeding Practices and Nutritional Status of Children,72,Children under 5 years who are overweight (weight-for-height)14 (%),11.4,,False,True
Tamil Nadu,Kanchipuram,Nutritional Status of Adults (age 15-49 years),73,Women whose Body Mass Index (BMI) is below normal (BMI <18.5 kg/m2)15 (%),10.1,,False,True
Tamil Nadu,Kanchipuram,Nutritional Status of Adults (age 15-49 years),74,Women who are overweight or obese (BMI ≥25.0 kg/m2)15 (%),52.9,,False,True
Tamil Nadu,Kanchipuram,Women,75,Blood sugar level - high (141-160 mg/dl)16 (%),8.2,,False,True
Tamil Nadu,Kanchipuram,Women,76,Blood sugar level - very high (>160 mg/dl)16 (%),15.1,,False,True
Tamil Nadu,Kanchipuram,Women,77,Blood sugar level - high or very high (>140 mg/dl) or taking medicine to control blood sugar level16 (%),25.6,,False,True
Tamil Nadu,Kanchipuram,Men,78,Blood sugar level - high (141-160 mg/dl)16 (%),9.9,,False,True
Tamil Nadu,Kanchipuram,Men,79,Blood sugar level - very high (>160 mg/dl)16 (%),17.4,,False,True
Tamil Nadu,Kanchipuram,Men,80,Blood sugar level - high or very high (>140 mg/dl) or taking medicine to control blood sugar level16 (%),29.8,,False,True
Tamil Nadu,Kanchipuram,Women,81,Mildly elevated blood pressure (Systolic 140-159 mm of Hg and/or Diastolic 90-99 mm of Hg) (%),13.7,,False,True
Tamil Nadu,Kanchipuram,Women,82,Moderately or severely elevated blood pressure (Systolic ≥160 mm of Hg and/or Diastolic ≥100 mm,3.6,,False,True
Tamil Nadu,Kanchipuram,Women,83,Elevated blood pressure (Systolic ≥140 mm of Hg and/or Diastolic ≥90 mm of Hg) or taking medicine to,23.3,,False,True
Tamil Nadu,Kanchipuram,Men,84,Mildly elevated blood pressure (Systolic 140-159 mm of Hg and/or Diastolic 90-99 mm of Hg) (%),18.0,,False,True
Tamil Nadu,Kanchipuram,Men,85,Moderately or severely elevated blood pressure (Systolic ≥160 mm of Hg and/or Diastolic ≥100 mm,5.4,,False,True
Tamil Nadu,Kanchipuram,Men,86,Elevated blood pressure (Systolic ≥140 mm of Hg and/or Diastolic ≥90 mm of Hg) or taking medicine to,27.5,,False,True
Tamil Nadu,Kanchipuram,Men,87,Women having a bank or savings account that they themselves use (%),94.6,,False,True
Tamil Nadu,Kanchipuram,Men,88,Women having a mobile phone that they themselves use (%),80.2,,False,True
Tamil Nadu,Kanchipuram,Men,89,Women age 15-24 years who use hygienic methods of protection during their menstrual period17 (%),99.3,,False,True
Tamil Nadu,Kanchipuram,Tobacco Use and Alcohol Consumption among Adults (age 15 years and above),90,Women age 15 years and above who use any kind of tobacco (%),2.3,,False,True
Tamil Nadu,Kanchipuram,Tobacco Use and Alcohol Consumption among Adults (age 15 years and above),91,Men age 15 years and above who use any kind of tobacco (%),14.4,,False,True
Tamil Nadu,Kanchipuram,Tobacco Use and Alcohol Consumption among Adults (age 15 years and above),92,Women age 15 years and above who consume alcohol (%),0.1,,False,True
Tamil Nadu,Kanchipuram,Tobacco Use and Alcohol Consumption among Adults (age 15 years and above),93,Men age 15 years and above who consume alcohol (%),28.5,,False,True
Tamil Nadu,Kanniyakumari,Population and Household Profile,1,Population below age 5 years (%),4.7,6.9,False,False
Tamil Nadu,Kanniyakumari,Population and Household Profile,2,Population below age 15 years (%),20.6,20.8,False,False
Tamil Nadu,Kanniyakumari,Population and Household Profile,3,Population age 60 years and above (%),21.6,19.7,False,False
Tamil Nadu,Kanniyakumari,Population and Household Profile,4,Population living in households with electricity (%),99.7,99.8,False,False
Tamil Nadu,Kanniyakumari,Population and Household Profile,5,Population living in households with an improved drinking-water source1 (%),98.2,98.2,False,False
Tamil Nadu,Kanniyakumari,Population and Household Profile,6,Households using iodized salt (%),94.9,97.2,False,False
Tamil Nadu,Kanniyakumari,Population and Household Profile,7,Households with any usual member covered under a health insurance/financing scheme (%),68.5,64.1,False,False
Tamil Nadu,Kanniyakumari,Population and Household Profile,8,Households with any usual member having a bank account/post office account (%),99.0,97.1,False,False
Tamil Nadu,Kanniyakumari,Population and Household Profile,9,Female population age 6 years and above who ever attended school (%),94.2,92.9,False,False
Tamil Nadu,Kanniyakumari,Population and Household Profile,10,Households with any usual female members owning a house and/or land (alone or jointly with others) (%),17.3,16.6,False,False
Tamil Nadu,Kanniyakumari,Population and Household Profile,11,Children age 2-4 years who attended pre-school (%),67.0,30.4,False,False
Tamil Nadu,Kanniyakumari,Characteristics of Adults (age 15-49 years),12,Women with 10 or more years of schooling (%),79.4,77.1,False,False
Tamil Nadu,Kanniyakumari,Characteristics of Adults (age 15-49 years),13,Men with 10 or more years of schooling (%),73.3,76.1,False,False
Tamil Nadu,Kanniyakumari,Characteristics of Adults (age 15-49 years),14,Women who have ever used the internet (%),77.1,65.1,False,False
Tamil Nadu,Kanniyakumari,Characteristics of Adults (age 15-49 years),15,Men who have ever used the internet (%),84.8,71.1,False,False
Tamil Nadu,Kanniyakumari,Marriage and Fertility,16,Women age 20-24 years married before age 18 years (%),0.0,4.3,False,False
Tamil Nadu,Kanniyakumari,Marriage and Fertility,17,Men age 25-29 years married before age 21 years (%),*,*,True,False
Tamil Nadu,Kanniyakumari,Marriage and Fertility,18,Three or more births in the 5 years preceding the survey (%),0.6,0.0,False,False
Tamil Nadu,Kanniyakumari,Marriage and Fertility,19,Women age 15-19 years who were already mothers or pregnant at the time of the survey (%),1.1,4.0,False,False
Tamil Nadu,Kanniyakumari,Marriage and Fertility,20,Any method2 (%),67.9,70.3,False,False
Tamil Nadu,Kanniyakumari,Marriage and Fertility,21,Any modern method2 (%),67.3,66.6,False,False
Tamil Nadu,Kanniyakumari,Marriage and Fertility,22,Any traditional method (%),0.6,3.7,False,False
Tamil Nadu,Kanniyakumari,Marriage and Fertility,23,Female sterilization (%),63.2,60.8,False,False
Tamil Nadu,Kanniyakumari,Marriage and Fertility,24,Male sterilization (%),0.0,0.0,False,False
Tamil Nadu,Kanniyakumari,Marriage and Fertility,25,Total unmet need3 (%),9.1,4.9,False,False
Tamil Nadu,Kanniyakumari,Marriage and Fertility,26,Unmet need for spacing3 (%),6.8,3.4,False,False
Tamil Nadu,Kanniyakumari,Marriage and Fertility,27,Unmet need for limiting3 (%),2.3,1.5,False,False
Tamil Nadu,Kanniyakumari,Antenatal Care (for last birth in the 5 years before the survey),28,Mothers who had an antenatal check-up in the first trimester (%),77.3,65.6,False,False
Tamil Nadu,Kanniyakumari,Antenatal Care (for last birth in the 5 years before the survey),29,Mothers who had any antenatal care visits (%),98.5,90.6,False,False
Tamil Nadu,Kanniyakumari,Antenatal Care (for last birth in the 5 years before the survey),30,Mothers who had at least 4 antenatal care visits (%),98.5,84.2,False,False
Tamil Nadu,Kanniyakumari,Antenatal Care (for last birth in the 5 years before the survey),31,Mothers whose last birth was protected against neonatal tetanus4 (%),92.2,87.1,False,False
Tamil Nadu,Kanniyakumari,Antenatal Care (for last birth in the 5 years before the survey),32,Mothers who consumed iron folic acid for 100 days or more when they were pregnant (%),95.1,90.3,False,False
Tamil Nadu,Kanniyakumari,Antenatal Care (for last birth in the 5 years before the survey),33,Mothers who consumed iron folic acid for 180 days or more when they were pregnant (%),71.8,74.0,False,False
Tamil Nadu,Kanniyakumari,Antenatal Care (for last birth in the 5 years before the survey),34,Registered pregnancies for which the mother received a Mother and Child Protection (MCP) card (%),96.9,97.3,False,False
Tamil Nadu,Kanniyakumari,Delivery Care (for births in the 5 years before the survey),35,Institutional births (%),99.3,100.0,False,False
Tamil Nadu,Kanniyakumari,Delivery Care (for births in the 5 years before the survey),36,Institutional births in public facility (%),31.7,39.4,False,False
Tamil Nadu,Kanniyakumari,Delivery Care (for births in the 5 years before the survey),37,Births attended by skilled health personnel5 (%),100.0,100.0,False,False
Tamil Nadu,Kanniyakumari,Delivery Care (for births in the 5 years before the survey),38,Births delivered by caesarean section (%),62.5,68.3,False,False
Tamil Nadu,Kanniyakumari,Delivery Care (for births in the 5 years before the survey),39,Births in a private health facility that were delivered by caesarean section (%),74.0,78.0,False,False
Tamil Nadu,Kanniyakumari,Delivery Care (for births in the 5 years before the survey),40,Births in a public health facility that were delivered by caesarean section (%),39.4,53.3,True,False
Tamil Nadu,Kanniyakumari,Postnatal Care (for last birth in the 5 years before the survey),41,Mothers who received postnatal care from a doctor/nurse/LHV/ANM/midwife/other health personnel within 2,98.7,86.0,False,False
Tamil Nadu,Kanniyakumari,Postnatal Care (for last birth in the 5 years before the survey),42,Children born at home who were taken to a health facility for a check-up within 24 hours of birth (%),*,*,True,False
Tamil Nadu,Kanniyakumari,Postnatal Care (for last birth in the 5 years before the survey),43,Children who received postnatal care from a doctor/nurse/LHV/ANM/midwife/other health personnel within 2,96.2,88.2,False,False
Tamil Nadu,Kanniyakumari,Child Vaccinations and Vitamin A Supplementation,44,Children age 12-23 months fully vaccinated based on information from either vaccination card or mother's,92.1,96.0,True,False
Tamil Nadu,Kanniyakumari,Child Vaccinations and Vitamin A Supplementation,45,Children age 12-23 months fully vaccinated based on information from vaccination card only7 (%),86.2,96.0,True,False
Tamil Nadu,Kanniyakumari,Child Vaccinations and Vitamin A Supplementation,46,Children age 12-23 months who have received any vaccine (%),100.0,100.0,True,False
Tamil Nadu,Kanniyakumari,Child Vaccinations and Vitamin A Supplementation,47,Children age 12-23 months who have received BCG (%),100.0,100.0,True,False
Tamil Nadu,Kanniyakumari,Child Vaccinations and Vitamin A Supplementation,48,Children age 12-23 months who have received 3 doses of polio vaccine8 (%),92.1,96.0,True,False
Tamil Nadu,Kanniyakumari,Child Vaccinations and Vitamin A Supplementation,49,Children age 12-23 months who have received 3 doses of pentavalent vaccine (%),95.1,100.0,True,False
Tamil Nadu,Kanniyakumari,Child Vaccinations and Vitamin A Supplementation,50,Children age 12-23 months who have received the first dose of measles-containing vaccine (MCV) (%),100.0,100.0,True,False
Tamil Nadu,Kanniyakumari,Child Vaccinations and Vitamin A Supplementation,51,Children age 24-35 months who have received a second dose of measles-containing vaccine (MCV) (%),*,79.8,True,False
Tamil Nadu,Kanniyakumari,Child Vaccinations and Vitamin A Supplementation,52,Children age 12-23 months who have received birth dose of hepatitis B vaccine (%),100.0,94.0,True,False
Tamil Nadu,Kanniyakumari,Child Vaccinations and Vitamin A Supplementation,53,Children age 12-23 months who have received 3 doses of rotavirus vaccine (%),80.9,66.7,True,False
Tamil Nadu,Kanniyakumari,Child Vaccinations and Vitamin A Supplementation,54,Children age 9-35 months who received a vitamin A dose in the last 6 months (%),83.5,78.4,False,False
Tamil Nadu,Kanniyakumari,Child Vaccinations and Vitamin A Supplementation,55,Children age 12-23 months who received most of their vaccinations in a public health facility (%),90.7,81.9,True,False
Tamil Nadu,Kanniyakumari,Child Vaccinations and Vitamin A Supplementation,56,Children age 12-23 months who received most of their vaccinations in a private health facility (%),9.3,18.1,True,False
Tamil Nadu,Kanniyakumari,Treatment of Childhood Diseases (children under age 5 years),57,Prevalence of diarrhoea in the 2 weeks preceding the survey (%),3.1,0.9,False,False
Tamil Nadu,Kanniyakumari,Treatment of Childhood Diseases (children under age 5 years),58,Prevalence of symptoms of acute respiratory infection (ARI) in the 2 weeks preceding the survey (%),0.6,0.0,False,False
Tamil Nadu,Kanniyakumari,Treatment of Childhood Diseases (children under age 5 years),59,Children with fever or symptoms of ARI in the 2 weeks preceding the survey taken to a health facility or,*,*,True,False
Tamil Nadu,Kanniyakumari,Child Feeding Practices and Nutritional Status of Children,60,Children under age 3 years breastfed within one hour of birth9 (%),64.8,46.9,False,False
Tamil Nadu,Kanniyakumari,Child Feeding Practices and Nutritional Status of Children,61,Children under age 6 months exclusively breastfed10 (%),*,*,True,False
Tamil Nadu,Kanniyakumari,Child Feeding Practices and Nutritional Status of Children,62,Children under age 6 months currently breastfeeding10 (%),*,*,True,False
Tamil Nadu,Kanniyakumari,Child Feeding Practices and Nutritional Status of Children,63,Children under age 6 months exclusively breastfed or breastfeeding and consuming plain water/other,*,*,True,False
Tamil Nadu,Kanniyakumari,Child Feeding Practices and Nutritional Status of Children,64,Children age 6-8 months receiving solid or semi-solid food and breastmilk10 (%),*,*,True,False
Tamil Nadu,Kanniyakumari,Child Feeding Practices and Nutritional Status of Children,65,"Breastfeeding children age 6-23 months receiving an adequate diet10, 11 (%)",14.7,21.3,True,False
Tamil Nadu,Kanniyakumari,Child Feeding Practices and Nutritional Status of Children,66,"Non-breastfeeding children age 6-23 months receiving an adequate diet10, 11 (%)",*,*,True,False
Tamil Nadu,Kanniyakumari,Child Feeding Practices and Nutritional Status of Children,67,"Total children age 6-23 months receiving an adequate diet10, 11 (%)",22.2,22.1,False,False
Tamil Nadu,Kanniyakumari,Child Feeding Practices and Nutritional Status of Children,68,Children under 5 years who are stunted (height-for-age)12 (%),28.6,17.3,False,False
Tamil Nadu,Kanniyakumari,Child Feeding Practices and Nutritional Status of Children,69,Children under 5 years who are wasted (weight-for-height)12 (%),12.7,11.4,False,False
Tamil Nadu,Kanniyakumari,Child Feeding Practices and Nutritional Status of Children,70,Children under 5 years who are severely wasted (weight-for-height)13 (%),4.8,2.7,False,False
Tamil Nadu,Kanniyakumari,Child Feeding Practices and Nutritional Status of Children,71,Children under 5 years who are underweight (weight-for-age)12 (%),16.7,14.5,False,False
Tamil Nadu,Kanniyakumari,Child Feeding Practices and Nutritional Status of Children,72,Children under 5 years who are overweight (weight-for-height)14 (%),1.9,2.8,False,False
Tamil Nadu,Kanniyakumari,Nutritional Status of Adults (age 15-49 years),73,Women whose Body Mass Index (BMI) is below normal (BMI <18.5 kg/m2)15 (%),10.3,5.9,False,False
Tamil Nadu,Kanniyakumari,Nutritional Status of Adults (age 15-49 years),74,Women who are overweight or obese (BMI ≥25.0 kg/m2)15 (%),49.8,53.0,False,False
Tamil Nadu,Kanniyakumari,Women,75,Blood sugar level - high (141-160 mg/dl)16 (%),6.9,9.3,False,False
Tamil Nadu,Kanniyakumari,Women,76,Blood sugar level - very high (>160 mg/dl)16 (%),20.0,18.0,False,False
Tamil Nadu,Kanniyakumari,Women,77,Blood sugar level - high or very high (>140 mg/dl) or taking medicine to control blood sugar level16 (%),30.3,29.0,False,False
Tamil Nadu,Kanniyakumari,Men,78,Blood sugar level - high (141-160 mg/dl)16 (%),9.1,8.4,False,False
Tamil Nadu,Kanniyakumari,Men,79,Blood sugar level - very high (>160 mg/dl)16 (%),22.1,14.9,False,False
Tamil Nadu,Kanniyakumari,Men,80,Blood sugar level - high or very high (>140 mg/dl) or taking medicine to control blood sugar level16 (%),34.3,25.2,False,False
Tamil Nadu,Kanniyakumari,Women,81,Mildly elevated blood pressure (Systolic 140-159 mm of Hg and/or Diastolic 90-99 mm of Hg) (%),11.5,13.5,False,False
Tamil Nadu,Kanniyakumari,Women,82,Moderately or severely elevated blood pressure (Systolic ≥160 mm of Hg and/or Diastolic ≥100 mm,5.3,6.3,False,False
Tamil Nadu,Kanniyakumari,Women,83,Elevated blood pressure (Systolic ≥140 mm of Hg and/or Diastolic ≥90 mm of Hg) or taking medicine to,28.0,24.4,False,False
Tamil Nadu,Kanniyakumari,Men,84,Mildly elevated blood pressure (Systolic 140-159 mm of Hg and/or Diastolic 90-99 mm of Hg) (%),17.6,19.5,False,False
Tamil Nadu,Kanniyakumari,Men,85,Moderately or severely elevated blood pressure (Systolic ≥160 mm of Hg and/or Diastolic ≥100 mm,7.1,6.1,False,False
Tamil Nadu,Kanniyakumari,Men,86,Elevated blood pressure (Systolic ≥140 mm of Hg and/or Diastolic ≥90 mm of Hg) or taking medicine to,33.4,30.2,False,False
Tamil Nadu,Kanniyakumari,Men,87,Women having a bank or savings account that they themselves use (%),90.7,94.9,False,False
Tamil Nadu,Kanniyakumari,Men,88,Women having a mobile phone that they themselves use (%),87.2,89.4,False,False
Tamil Nadu,Kanniyakumari,Men,89,Women age 15-24 years who use hygienic methods of protection during their menstrual period17 (%),88.9,98.6,False,False
Tamil Nadu,Kanniyakumari,Tobacco Use and Alcohol Consumption among Adults (age 15 years and above),90,Women age 15 years and above who use any kind of tobacco (%),1.7,1.0,False,False
Tamil Nadu,Kanniyakumari,Tobacco Use and Alcohol Consumption among Adults (age 15 years and above),91,Men age 15 years and above who use any kind of tobacco (%),14.5,11.0,False,False
Tamil Nadu,Kanniyakumari,Tobacco Use and Alcohol Consumption among Adults (age 15 years and above),92,Women age 15 years and above who consume alcohol (%),0.3,0.2,False,False
Tamil Nadu,Kanniyakumari,Tobacco Use and Alcohol Consumption among Adults (age 15 years and above),93,Men age 15 years and above who consume alcohol (%),16.4,14.8,False,False
Tamil Nadu,Karur,Population and Household Profile,1,Population below age 5 years (%),6.6,5.7,False,False
Tamil Nadu,Karur,Population and Household Profile,2,Population below age 15 years (%),20.0,19.1,False,False
Tamil Nadu,Karur,Population and Household Profile,3,Population age 60 years and above (%),16.7,17.6,False,False
Tamil Nadu,Karur,Population and Household Profile,4,Population living in households with electricity (%),99.2,98.7,False,False
Tamil Nadu,Karur,Population and Household Profile,5,Population living in households with an improved drinking-water source1 (%),99.7,99.4,False,False
Tamil Nadu,Karur,Population and Household Profile,6,Households using iodized salt (%),91.3,94.2,False,False
Tamil Nadu,Karur,Population and Household Profile,7,Households with any usual member covered under a health insurance/financing scheme (%),57.1,74.6,False,False
Tamil Nadu,Karur,Population and Household Profile,8,Households with any usual member having a bank account/post office account (%),96.9,96.3,False,False
Tamil Nadu,Karur,Population and Household Profile,9,Female population age 6 years and above who ever attended school (%),76.4,73.2,False,False
Tamil Nadu,Karur,Population and Household Profile,10,Households with any usual female members owning a house and/or land (alone or jointly with others) (%),18.4,18.5,False,False
Tamil Nadu,Karur,Population and Household Profile,11,Children age 2-4 years who attended pre-school (%),69.3,56.8,False,False
Tamil Nadu,Karur,Characteristics of Adults (age 15-49 years),12,Women with 10 or more years of schooling (%),57.7,51.2,False,False
Tamil Nadu,Karur,Characteristics of Adults (age 15-49 years),13,Men with 10 or more years of schooling (%),68.1,51.5,False,False
Tamil Nadu,Karur,Characteristics of Adults (age 15-49 years),14,Women who have ever used the internet (%),45.9,33.6,False,False
Tamil Nadu,Karur,Characteristics of Adults (age 15-49 years),15,Men who have ever used the internet (%),77.2,66.0,False,False
Tamil Nadu,Karur,Marriage and Fertility,16,Women age 20-24 years married before age 18 years (%),13.8,13.3,False,False
Tamil Nadu,Karur,Marriage and Fertility,17,Men age 25-29 years married before age 21 years (%),*,*,True,False
Tamil Nadu,Karur,Marriage and Fertility,18,Three or more births in the 5 years preceding the survey (%),0.4,0.8,False,False
Tamil Nadu,Karur,Marriage and Fertility,19,Women age 15-19 years who were already mothers or pregnant at the time of the survey (%),7.8,3.3,False,False
Tamil Nadu,Karur,Marriage and Fertility,20,Any method2 (%),61.1,65.8,False,False
Tamil Nadu,Karur,Marriage and Fertility,21,Any modern method2 (%),61.0,63.5,False,False
Tamil Nadu,Karur,Marriage and Fertility,22,Any traditional method (%),0.1,2.3,False,False
Tamil Nadu,Karur,Marriage and Fertility,23,Female sterilization (%),51.8,58.3,False,False
Tamil Nadu,Karur,Marriage and Fertility,24,Male sterilization (%),0.0,0.0,False,False
Tamil Nadu,Karur,Marriage and Fertility,25,Total unmet need3 (%),7.7,7.5,False,False
Tamil Nadu,Karur,Marriage and Fertility,26,Unmet need for spacing3 (%),4.3,2.3,False,False
Tamil Nadu,Karur,Marriage and Fertility,27,Unmet need for limiting3 (%),3.4,5.2,False,False
Tamil Nadu,Karur,Antenatal Care (for last birth in the 5 years before the survey),28,Mothers who had an antenatal check-up in the first trimester (%),66.3,83.3,False,False
Tamil Nadu,Karur,Antenatal Care (for last birth in the 5 years before the survey),29,Mothers who had any antenatal care visits (%),87.4,98.2,False,False
Tamil Nadu,Karur,Antenatal Care (for last birth in the 5 years before the survey),30,Mothers who had at least 4 antenatal care visits (%),81.3,95.7,False,False
Tamil Nadu,Karur,Antenatal Care (for last birth in the 5 years before the survey),31,Mothers whose last birth was protected against neonatal tetanus4 (%),81.0,82.7,False,False
Tamil Nadu,Karur,Antenatal Care (for last birth in the 5 years before the survey),32,Mothers who consumed iron folic acid for 100 days or more when they were pregnant (%),78.5,68.7,False,False
Tamil Nadu,Karur,Antenatal Care (for last birth in the 5 years before the survey),33,Mothers who consumed iron folic acid for 180 days or more when they were pregnant (%),67.7,46.4,False,False
Tamil Nadu,Karur,Antenatal Care (for last birth in the 5 years before the survey),34,Registered pregnancies for which the mother received a Mother and Child Protection (MCP) card (%),100.0,97.3,False,False
Tamil Nadu,Karur,Delivery Care (for births in the 5 years before the survey),35,Institutional births (%),100.0,100.0,False,False
Tamil Nadu,Karur,Delivery Care (for births in the 5 years before the survey),36,Institutional births in public facility (%),64.2,56.8,False,False
Tamil Nadu,Karur,Delivery Care (for births in the 5 years before the survey),37,Births attended by skilled health personnel5 (%),100.0,99.2,False,False
Tamil Nadu,Karur,Delivery Care (for births in the 5 years before the survey),38,Births delivered by caesarean section (%),44.2,47.8,False,False
Tamil Nadu,Karur,Delivery Care (for births in the 5 years before the survey),39,Births in a private health facility that were delivered by caesarean section (%),54.8,64.1,False,False
Tamil Nadu,Karur,Delivery Care (for births in the 5 years before the survey),40,Births in a public health facility that were delivered by caesarean section (%),38.2,35.4,False,False
Tamil Nadu,Karur,Postnatal Care (for last birth in the 5 years before the survey),41,Mothers who received postnatal care from a doctor/nurse/LHV/ANM/midwife/other health personnel within 2,94.3,96.4,False,False
Tamil Nadu,Karur,Postnatal Care (for last birth in the 5 years before the survey),42,Children born at home who were taken to a health facility for a check-up within 24 hours of birth (%),*,*,True,False
Tamil Nadu,Karur,Postnatal Care (for last birth in the 5 years before the survey),43,Children who received postnatal care from a doctor/nurse/LHV/ANM/midwife/other health personnel within 2,97.0,91.9,False,False
Tamil Nadu,Karur,Child Vaccinations and Vitamin A Supplementation,44,Children age 12-23 months fully vaccinated based on information from either vaccination card or mother's,96.2,82.5,True,False
Tamil Nadu,Karur,Child Vaccinations and Vitamin A Supplementation,45,Children age 12-23 months fully vaccinated based on information from vaccination card only7 (%),96.1,84.0,True,False
Tamil Nadu,Karur,Child Vaccinations and Vitamin A Supplementation,46,Children age 12-23 months who have received any vaccine (%),100.0,97.2,True,False
Tamil Nadu,Karur,Child Vaccinations and Vitamin A Supplementation,47,Children age 12-23 months who have received BCG (%),96.2,94.5,True,False
Tamil Nadu,Karur,Child Vaccinations and Vitamin A Supplementation,48,Children age 12-23 months who have received 3 doses of polio vaccine8 (%),100.0,89.1,True,False
Tamil Nadu,Karur,Child Vaccinations and Vitamin A Supplementation,49,Children age 12-23 months who have received 3 doses of pentavalent vaccine (%),100.0,84.7,True,False
Tamil Nadu,Karur,Child Vaccinations and Vitamin A Supplementation,50,Children age 12-23 months who have received the first dose of measles-containing vaccine (MCV) (%),100.0,93.9,True,False
Tamil Nadu,Karur,Child Vaccinations and Vitamin A Supplementation,51,Children age 24-35 months who have received a second dose of measles-containing vaccine (MCV) (%),86.2,57.0,True,False
Tamil Nadu,Karur,Child Vaccinations and Vitamin A Supplementation,52,Children age 12-23 months who have received birth dose of hepatitis B vaccine (%),93.7,89.3,True,False
Tamil Nadu,Karur,Child Vaccinations and Vitamin A Supplementation,53,Children age 12-23 months who have received 3 doses of rotavirus vaccine (%),100.0,43.1,True,False
Tamil Nadu,Karur,Child Vaccinations and Vitamin A Supplementation,54,Children age 9-35 months who received a vitamin A dose in the last 6 months (%),83.5,48.5,False,False
Tamil Nadu,Karur,Child Vaccinations and Vitamin A Supplementation,55,Children age 12-23 months who received most of their vaccinations in a public health facility (%),94.2,97.7,True,False
Tamil Nadu,Karur,Child Vaccinations and Vitamin A Supplementation,56,Children age 12-23 months who received most of their vaccinations in a private health facility (%),5.8,2.3,True,False
Tamil Nadu,Karur,Treatment of Childhood Diseases (children under age 5 years),57,Prevalence of diarrhoea in the 2 weeks preceding the survey (%),5.2,5.6,False,False
Tamil Nadu,Karur,Treatment of Childhood Diseases (children under age 5 years),58,Prevalence of symptoms of acute respiratory infection (ARI) in the 2 weeks preceding the survey (%),1.4,0.7,False,False
Tamil Nadu,Karur,Treatment of Childhood Diseases (children under age 5 years),59,Children with fever or symptoms of ARI in the 2 weeks preceding the survey taken to a health facility or,*,*,True,False
Tamil Nadu,Karur,Child Feeding Practices and Nutritional Status of Children,60,Children under age 3 years breastfed within one hour of birth9 (%),56.3,42.2,False,False
Tamil Nadu,Karur,Child Feeding Practices and Nutritional Status of Children,61,Children under age 6 months exclusively breastfed10 (%),*,*,True,False
Tamil Nadu,Karur,Child Feeding Practices and Nutritional Status of Children,62,Children under age 6 months currently breastfeeding10 (%),*,*,True,False
Tamil Nadu,Karur,Child Feeding Practices and Nutritional Status of Children,63,Children under age 6 months exclusively breastfed or breastfeeding and consuming plain water/other,*,*,True,False
Tamil Nadu,Karur,Child Feeding Practices and Nutritional Status of Children,64,Children age 6-8 months receiving solid or semi-solid food and breastmilk10 (%),*,*,True,False
Tamil Nadu,Karur,Child Feeding Practices and Nutritional Status of Children,65,"Breastfeeding children age 6-23 months receiving an adequate diet10, 11 (%)",6.6,5.5,True,False
Tamil Nadu,Karur,Child Feeding Practices and Nutritional Status of Children,66,"Non-breastfeeding children age 6-23 months receiving an adequate diet10, 11 (%)",*,*,True,False
Tamil Nadu,Karur,Child Feeding Practices and Nutritional Status of Children,67,"Total children age 6-23 months receiving an adequate diet10, 11 (%)",12.5,13.3,False,False
Tamil Nadu,Karur,Child Feeding Practices and Nutritional Status of Children,68,Children under 5 years who are stunted (height-for-age)12 (%),25.0,33.6,False,False
Tamil Nadu,Karur,Child Feeding Practices and Nutritional Status of Children,69,Children under 5 years who are wasted (weight-for-height)12 (%),25.4,18.4,False,False
Tamil Nadu,Karur,Child Feeding Practices and Nutritional Status of Children,70,Children under 5 years who are severely wasted (weight-for-height)13 (%),4.5,8.7,False,False
Tamil Nadu,Karur,Child Feeding Practices and Nutritional Status of Children,71,Children under 5 years who are underweight (weight-for-age)12 (%),23.7,36.3,False,False
Tamil Nadu,Karur,Child Feeding Practices and Nutritional Status of Children,72,Children under 5 years who are overweight (weight-for-height)14 (%),2.5,2.4,False,False
Tamil Nadu,Karur,Nutritional Status of Adults (age 15-49 years),73,Women whose Body Mass Index (BMI) is below normal (BMI <18.5 kg/m2)15 (%),12.2,17.9,False,False
Tamil Nadu,Karur,Nutritional Status of Adults (age 15-49 years),74,Women who are overweight or obese (BMI ≥25.0 kg/m2)15 (%),42.2,34.7,False,False
Tamil Nadu,Karur,Women,75,Blood sugar level - high (141-160 mg/dl)16 (%),9.5,9.4,False,False
Tamil Nadu,Karur,Women,76,Blood sugar level - very high (>160 mg/dl)16 (%),14.4,12.7,False,False
Tamil Nadu,Karur,Women,77,Blood sugar level - high or very high (>140 mg/dl) or taking medicine to control blood sugar level16 (%),26.5,23.4,False,False
Tamil Nadu,Karur,Men,78,Blood sugar level - high (141-160 mg/dl)16 (%),9.1,10.8,False,False
Tamil Nadu,Karur,Men,79,Blood sugar level - very high (>160 mg/dl)16 (%),17.2,16.2,False,False
Tamil Nadu,Karur,Men,80,Blood sugar level - high or very high (>140 mg/dl) or taking medicine to control blood sugar level16 (%),29.0,28.9,False,False
Tamil Nadu,Karur,Women,81,Mildly elevated blood pressure (Systolic 140-159 mm of Hg and/or Diastolic 90-99 mm of Hg) (%),10.9,12.9,False,False
Tamil Nadu,Karur,Women,82,Moderately or severely elevated blood pressure (Systolic ≥160 mm of Hg and/or Diastolic ≥100 mm,3.8,7.1,False,False
Tamil Nadu,Karur,Women,83,Elevated blood pressure (Systolic ≥140 mm of Hg and/or Diastolic ≥90 mm of Hg) or taking medicine to,23.7,24.1,False,False
Tamil Nadu,Karur,Men,84,Mildly elevated blood pressure (Systolic 140-159 mm of Hg and/or Diastolic 90-99 mm of Hg) (%),15.8,18.9,False,False
Tamil Nadu,Karur,Men,85,Moderately or severely elevated blood pressure (Systolic ≥160 mm of Hg and/or Diastolic ≥100 mm,6.2,6.1,False,False
Tamil Nadu,Karur,Men,86,Elevated blood pressure (Systolic ≥140 mm of Hg and/or Diastolic ≥90 mm of Hg) or taking medicine to,30.1,29.1,False,False
Tamil Nadu,Karur,Men,87,Women having a bank or savings account that they themselves use (%),88.7,94.4,False,False
Tamil Nadu,Karur,Men,88,Women having a mobile phone that they themselves use (%),75.2,70.0,False,False
Tamil Nadu,Karur,Men,89,Women age 15-24 years who use hygienic methods of protection during their menstrual period17 (%),93.3,97.9,False,False
Tamil Nadu,Karur,Tobacco Use and Alcohol Consumption among Adults (age 15 years and above),90,Women age 15 years and above who use any kind of tobacco (%),3.0,5.9,False,False
Tamil Nadu,Karur,Tobacco Use and Alcohol Consumption among Adults (age 15 years and above),91,Men age 15 years and above who use any kind of tobacco (%),20.2,25.5,False,False
Tamil Nadu,Karur,Tobacco Use and Alcohol Consumption among Adults (age 15 years and above),92,Women age 15 years and above who consume alcohol (%),0.2,0.4,False,False
Tamil Nadu,Karur,Tobacco Use and Alcohol Consumption among Adults (age 15 years and above),93,Men age 15 years and above who consume alcohol (%),24.3,29.0,False,False
Tamil Nadu,Krishnagiri,Population and Household Profile,1,Population below age 5 years (%),7.5,7.9,False,False
Tamil Nadu,Krishnagiri,Population and Household Profile,2,Population below age 15 years (%),23.3,24.2,False,False
Tamil Nadu,Krishnagiri,Population and Household Profile,3,Population age 60 years and above (%),12.5,12.6,False,False
Tamil Nadu,Krishnagiri,Population and Household Profile,4,Population living in households with electricity (%),99.6,99.2,False,False
Tamil Nadu,Krishnagiri,Population and Household Profile,5,Population living in households with an improved drinking-water source1 (%),99.2,99.8,False,False
Tamil Nadu,Krishnagiri,Population and Household Profile,6,Households using iodized salt (%),94.8,95.2,False,False
Tamil Nadu,Krishnagiri,Population and Household Profile,7,Households with any usual member covered under a health insurance/financing scheme (%),70.8,73.6,False,False
Tamil Nadu,Krishnagiri,Population and Household Profile,8,Households with any usual member having a bank account/post office account (%),97.8,96.2,False,False
Tamil Nadu,Krishnagiri,Population and Household Profile,9,Female population age 6 years and above who ever attended school (%),74.1,72.6,False,False
Tamil Nadu,Krishnagiri,Population and Household Profile,10,Households with any usual female members owning a house and/or land (alone or jointly with others) (%),20.1,15.7,False,False
Tamil Nadu,Krishnagiri,Population and Household Profile,11,Children age 2-4 years who attended pre-school (%),64.5,33.9,False,False
Tamil Nadu,Krishnagiri,Characteristics of Adults (age 15-49 years),12,Women with 10 or more years of schooling (%),61.2,53.9,False,False
Tamil Nadu,Krishnagiri,Characteristics of Adults (age 15-49 years),13,Men with 10 or more years of schooling (%),68.9,50.1,False,False
Tamil Nadu,Krishnagiri,Characteristics of Adults (age 15-49 years),14,Women who have ever used the internet (%),64.2,37.0,False,False
Tamil Nadu,Krishnagiri,Characteristics of Adults (age 15-49 years),15,Men who have ever used the internet (%),85.9,66.1,False,False
Tamil Nadu,Krishnagiri,Marriage and Fertility,16,Women age 20-24 years married before age 18 years (%),20.4,20.3,False,False
Tamil Nadu,Krishnagiri,Marriage and Fertility,17,Men age 25-29 years married before age 21 years (%),*,*,True,False
Tamil Nadu,Krishnagiri,Marriage and Fertility,18,Three or more births in the 5 years preceding the survey (%),1.3,1.4,False,False
Tamil Nadu,Krishnagiri,Marriage and Fertility,19,Women age 15-19 years who were already mothers or pregnant at the time of the survey (%),10.8,9.5,False,False
Tamil Nadu,Krishnagiri,Marriage and Fertility,20,Any method2 (%),70.8,70.0,False,False
Tamil Nadu,Krishnagiri,Marriage and Fertility,21,Any modern method2 (%),68.3,67.7,False,False
Tamil Nadu,Krishnagiri,Marriage and Fertility,22,Any traditional method (%),2.5,2.3,False,False
Tamil Nadu,Krishnagiri,Marriage and Fertility,23,Female sterilization (%),63.0,60.7,False,False
Tamil Nadu,Krishnagiri,Marriage and Fertility,24,Male sterilization (%),0.0,0.2,False,False
Tamil Nadu,Krishnagiri,Marriage and Fertility,25,Total unmet need3 (%),6.5,4.9,False,False
Tamil Nadu,Krishnagiri,Marriage and Fertility,26,Unmet need for spacing3 (%),3.9,1.9,False,False
Tamil Nadu,Krishnagiri,Marriage and Fertility,27,Unmet need for limiting3 (%),2.6,3.0,False,False
Tamil Nadu,Krishnagiri,Antenatal Care (for last birth in the 5 years before the survey),28,Mothers who had an antenatal check-up in the first trimester (%),81.8,84.5,False,False
Tamil Nadu,Krishnagiri,Antenatal Care (for last birth in the 5 years before the survey),29,Mothers who had any antenatal care visits (%),99.5,96.6,False,False
Tamil Nadu,Krishnagiri,Antenatal Care (for last birth in the 5 years before the survey),30,Mothers who had at least 4 antenatal care visits (%),97.1,93.1,False,False
Tamil Nadu,Krishnagiri,Antenatal Care (for last birth in the 5 years before the survey),31,Mothers whose last birth was protected against neonatal tetanus4 (%),99.5,93.7,False,False
Tamil Nadu,Krishnagiri,Antenatal Care (for last birth in the 5 years before the survey),32,Mothers who consumed iron folic acid for 100 days or more when they were pregnant (%),88.0,93.7,False,False
Tamil Nadu,Krishnagiri,Antenatal Care (for last birth in the 5 years before the survey),33,Mothers who consumed iron folic acid for 180 days or more when they were pregnant (%),65.3,74.3,False,False
Tamil Nadu,Krishnagiri,Antenatal Care (for last birth in the 5 years before the survey),34,Registered pregnancies for which the mother received a Mother and Child Protection (MCP) card (%),99.6,99.5,False,False
Tamil Nadu,Krishnagiri,Delivery Care (for births in the 5 years before the survey),35,Institutional births (%),99.0,99.6,False,False
Tamil Nadu,Krishnagiri,Delivery Care (for births in the 5 years before the survey),36,Institutional births in public facility (%),70.0,75.9,False,False
Tamil Nadu,Krishnagiri,Delivery Care (for births in the 5 years before the survey),37,Births attended by skilled health personnel5 (%),100.0,100.0,False,False
Tamil Nadu,Krishnagiri,Delivery Care (for births in the 5 years before the survey),38,Births delivered by caesarean section (%),39.6,31.9,False,False
Tamil Nadu,Krishnagiri,Delivery Care (for births in the 5 years before the survey),39,Births in a private health facility that were delivered by caesarean section (%),55.1,59.7,False,False
Tamil Nadu,Krishnagiri,Delivery Care (for births in the 5 years before the survey),40,Births in a public health facility that were delivered by caesarean section (%),33.7,23.4,False,False
Tamil Nadu,Krishnagiri,Postnatal Care (for last birth in the 5 years before the survey),41,Mothers who received postnatal care from a doctor/nurse/LHV/ANM/midwife/other health personnel within 2 days of delivery+ (%),91.1,95.5,False,False
Tamil Nadu,Krishnagiri,Postnatal Care (for last birth in the 5 years before the survey),42,Children born at home who were taken to a health facility for a check-up within 24 hours of birth (%),*,*,True,False
Tamil Nadu,Krishnagiri,Postnatal Care (for last birth in the 5 years before the survey),43,Children who received postnatal care from a doctor/nurse/LHV/ANM/midwife/other health personnel within 2 days of delivery+ (%),91.7,94.0,False,False
Tamil Nadu,Krishnagiri,Child Vaccinations and Vitamin A Supplementation,44,Children age 12-23 months fully vaccinated based on information from either vaccination card or mother's recall6 (%),90.0,87.3,False,False
Tamil Nadu,Krishnagiri,Child Vaccinations and Vitamin A Supplementation,45,Children age 12-23 months fully vaccinated based on information from vaccination card only7 (%),92.2,90.3,False,False
Tamil Nadu,Krishnagiri,Child Vaccinations and Vitamin A Supplementation,46,Children age 12-23 months who have received any vaccine (%),93.7,96.7,False,False
Tamil Nadu,Krishnagiri,Child Vaccinations and Vitamin A Supplementation,47,Children age 12-23 months who have received BCG (%),93.7,96.7,False,False
Tamil Nadu,Krishnagiri,Child Vaccinations and Vitamin A Supplementation,48,Children age 12-23 months who have received 3 doses of polio vaccine8 (%),92.2,87.3,False,False
Tamil Nadu,Krishnagiri,Child Vaccinations and Vitamin A Supplementation,49,Children age 12-23 months who have received 3 doses of pentavalent vaccine (%),91.5,91.1,False,False
Tamil Nadu,Krishnagiri,Child Vaccinations and Vitamin A Supplementation,50,Children age 12-23 months who have received the first dose of measles-containing vaccine (MCV) (%),93.7,91.1,False,False
Tamil Nadu,Krishnagiri,Child Vaccinations and Vitamin A Supplementation,51,Children age 24-35 months who have received a second dose of measles-containing vaccine (MCV) (%),77.9,69.7,True,False
Tamil Nadu,Krishnagiri,Child Vaccinations and Vitamin A Supplementation,52,Children age 12-23 months who have received birth dose of hepatitis B vaccine (%),88.2,86.2,False,False
Tamil Nadu,Krishnagiri,Child Vaccinations and Vitamin A Supplementation,53,Children age 12-23 months who have received 3 doses of rotavirus vaccine (%),84.6,60.2,False,False
Tamil Nadu,Krishnagiri,Child Vaccinations and Vitamin A Supplementation,54,Children age 9-35 months who received a vitamin A dose in the last 6 months (%),72.4,68.5,False,False
Tamil Nadu,Krishnagiri,Child Vaccinations and Vitamin A Supplementation,55,Children age 12-23 months who received most of their vaccinations in a public health facility (%),98.2,98.5,False,False
Tamil Nadu,Krishnagiri,Child Vaccinations and Vitamin A Supplementation,56,Children age 12-23 months who received most of their vaccinations in a private health facility (%),1.8,1.6,False,False
Tamil Nadu,Krishnagiri,Treatment of Childhood Diseases (children under age 5 years),57,Prevalence of diarrhoea in the 2 weeks preceding the survey (%),4.3,1.1,False,False
Tamil Nadu,Krishnagiri,Treatment of Childhood Diseases (children under age 5 years),58,Prevalence of symptoms of acute respiratory infection (ARI) in the 2 weeks preceding the survey (%),0.8,0.4,False,False
Tamil Nadu,Krishnagiri,Treatment of Childhood Diseases (children under age 5 years),59,Children with fever or symptoms of ARI in the 2 weeks preceding the survey taken to a health facility or health provider (%),*,*,True,False
Tamil Nadu,Krishnagiri,Child Feeding Practices and Nutritional Status of Children,60,Children under age 3 years breastfed within one hour of birth9 (%),42.3,76.5,False,False
Tamil Nadu,Krishnagiri,Child Feeding Practices and Nutritional Status of Children,61,Children under age 6 months exclusively breastfed10 (%),*,*,True,False
Tamil Nadu,Krishnagiri,Child Feeding Practices and Nutritional Status of Children,62,Children under age 6 months currently breastfeeding10 (%),*,*,True,False
Tamil Nadu,Krishnagiri,Child Feeding Practices and Nutritional Status of Children,63,Children under age 6 months exclusively breastfed or breastfeeding and consuming plain water/other milk only10 (%),*,*,True,False
Tamil Nadu,Krishnagiri,Child Feeding Practices and Nutritional Status of Children,64,Children age 6-8 months receiving solid or semi-solid food and breastmilk10 (%),*,*,True,False
Tamil Nadu,Krishnagiri,Child Feeding Practices and Nutritional Status of Children,65,"Breastfeeding children age 6-23 months receiving an adequate diet10, 11 (%)",7.8,6.1,True,False
Tamil Nadu,Krishnagiri,Child Feeding Practices and Nutritional Status of Children,66,"Non-breastfeeding children age 6-23 months receiving an adequate diet10, 11 (%)",22.3,8.8,True,False
Tamil Nadu,Krishnagiri,Child Feeding Practices and Nutritional Status of Children,67,"Total children age 6-23 months receiving an adequate diet10, 11 (%)",12.4,7.1,False,False
Tamil Nadu,Krishnagiri,Child Feeding Practices and Nutritional Status of Children,68,Children under 5 years who are stunted (height-for-age)12 (%),25.1,29.0,False,False
Tamil Nadu,Krishnagiri,Child Feeding Practices and Nutritional Status of Children,69,Children under 5 years who are wasted (weight-for-height)12 (%),11.3,10.4,False,False
Tamil Nadu,Krishnagiri,Child Feeding Practices and Nutritional Status of Children,70,Children under 5 years who are severely wasted (weight-for-height)13 (%),1.8,4.7,False,False
Tamil Nadu,Krishnagiri,Child Feeding Practices and Nutritional Status of Children,71,Children under 5 years who are underweight (weight-for-age)12 (%),20.2,19.3,False,False
Tamil Nadu,Krishnagiri,Child Feeding Practices and Nutritional Status of Children,72,Children under 5 years who are overweight (weight-for-height)14 (%),1.9,10.1,False,False
Tamil Nadu,Krishnagiri,Nutritional Status of Adults (age 15-49 years),73,Women whose Body Mass Index (BMI) is below normal (BMI <18.5 kg/m2)15 (%),14.3,11.7,False,False
Tamil Nadu,Krishnagiri,Nutritional Status of Adults (age 15-49 years),74,Women who are overweight or obese (BMI ≥25.0 kg/m2)15 (%),38.9,34.5,False,False
Tamil Nadu,Krishnagiri,Women,75,Blood sugar level - high (141-160 mg/dl)16 (%),7.9,4.9,False,False
Tamil Nadu,Krishnagiri,Women,76,Blood sugar level - very high (>160 mg/dl)16 (%),9.7,7.8,False,False
Tamil Nadu,Krishnagiri,Women,77,Blood sugar level - high or very high (>140 mg/dl) or taking medicine to control blood sugar level16 (%),19.5,14.0,False,False
Tamil Nadu,Krishnagiri,Men,78,Blood sugar level - high (141-160 mg/dl)16 (%),9.4,6.7,False,False
Tamil Nadu,Krishnagiri,Men,79,Blood sugar level - very high (>160 mg/dl)16 (%),9.4,7.4,False,False
Tamil Nadu,Krishnagiri,Men,80,Blood sugar level - high or very high (>140 mg/dl) or taking medicine to control blood sugar level16 (%),20.5,15.0,False,False
Tamil Nadu,Krishnagiri,Women,81,Mildly elevated blood pressure (Systolic 140-159 mm of Hg and/or Diastolic 90-99 mm of Hg) (%),10.4,14.9,False,False
Tamil Nadu,Krishnagiri,Women,82,Moderately or severely elevated blood pressure (Systolic ≥160 mm of Hg and/or Diastolic ≥100 mm of Hg) (%),4.9,6.2,False,False
Tamil Nadu,Krishnagiri,Women,83,Elevated blood pressure (Systolic ≥140 mm of Hg and/or Diastolic ≥90 mm of Hg) or taking medicine to control blood pressure (%),20.6,23.5,False,False
Tamil Nadu,Krishnagiri,Men,84,Mildly elevated blood pressure (Systolic 140-159 mm of Hg and/or Diastolic 90-99 mm of Hg) (%),16.4,16.4,False,False
Tamil Nadu,Krishnagiri,Men,85,Moderately or severely elevated blood pressure (Systolic ≥160 mm of Hg and/or Diastolic ≥100 mm of Hg) (%),6.3,7.3,False,False
Tamil Nadu,Krishnagiri,Men,86,Elevated blood pressure (Systolic ≥140 mm of Hg and/or Diastolic ≥90 mm of Hg) or taking medicine to control blood pressure (%),25.7,25.3,False,False
Tamil Nadu,Krishnagiri,Men,87,Women having a bank or savings account that they themselves use (%),91.0,91.3,False,False
Tamil Nadu,Krishnagiri,Men,88,Women having a mobile phone that they themselves use (%),73.5,70.0,False,False
Tamil Nadu,Krishnagiri,Men,89,Women age 15-24 years who use hygienic methods of protection during their menstrual period17 (%),100.0,98.1,False,False
Tamil Nadu,Krishnagiri,Tobacco Use and Alcohol Consumption among Adults (age 15 years and above),90,Women age 15 years and above who use any kind of tobacco (%),8.7,8.2,False,False
Tamil Nadu,Krishnagiri,Tobacco Use and Alcohol Consumption among Adults (age 15 years and above),91,Men age 15 years and above who use any kind of tobacco (%),15.1,20.3,False,False
Tamil Nadu,Krishnagiri,Tobacco Use and Alcohol Consumption among Adults (age 15 years and above),92,Women age 15 years and above who consume alcohol (%),0.2,0.2,False,False
Tamil Nadu,Krishnagiri,Tobacco Use and Alcohol Consumption among Adults (age 15 years and above),93,Men age 15 years and above who consume alcohol (%),22.2,22.7,False,False
Tamil Nadu,Madurai,Population and Household Profile,1,Population below age 5 years (%),6.1,7.0,False,False
Tamil Nadu,Madurai,Population and Household Profile,2,Population below age 15 years (%),19.8,19.9,False,False
Tamil Nadu,Madurai,Population and Household Profile,3,Population age 60 years and above (%),15.7,13.9,False,False
Tamil Nadu,Madurai,Population and Household Profile,4,Population living in households with electricity (%),99.0,98.9,False,False
Tamil Nadu,Madurai,Population and Household Profile,5,Population living in households with an improved drinking-water source1 (%),99.3,98.7,False,False
Tamil Nadu,Madurai,Population and Household Profile,6,Households using iodized salt (%),79.6,88.4,False,False
Tamil Nadu,Madurai,Population and Household Profile,7,Households with any usual member covered under a health insurance/financing scheme (%),45.1,66.3,False,False
Tamil Nadu,Madurai,Population and Household Profile,8,Households with any usual member having a bank account/post office account (%),94.3,95.5,False,False
Tamil Nadu,Madurai,Population and Household Profile,9,Female population age 6 years and above who ever attended school (%),80.4,83.9,False,False
Tamil Nadu,Madurai,Population and Household Profile,10,Households with any usual female members owning a house and/or land (alone or jointly with others) (%),18.6,13.0,False,False
Tamil Nadu,Madurai,Population and Household Profile,11,Children age 2-4 years who attended pre-school (%),66.7,36.4,False,False
Tamil Nadu,Madurai,Characteristics of Adults (age 15-49 years),12,Women with 10 or more years of schooling (%),63.6,58.6,False,False
Tamil Nadu,Madurai,Characteristics of Adults (age 15-49 years),13,Men with 10 or more years of schooling (%),65.7,63.7,False,False
Tamil Nadu,Madurai,Characteristics of Adults (age 15-49 years),14,Women who have ever used the internet (%),54.5,46.9,False,False
Tamil Nadu,Madurai,Characteristics of Adults (age 15-49 years),15,Men who have ever used the internet (%),77.8,77.9,False,False
Tamil Nadu,Madurai,Marriage and Fertility,16,Women age 20-24 years married before age 18 years (%),11.4,11.5,False,False
Tamil Nadu,Madurai,Marriage and Fertility,17,Men age 25-29 years married before age 21 years (%),*,*,True,False
Tamil Nadu,Madurai,Marriage and Fertility,18,Three or more births in the 5 years preceding the survey (%),4.5,0.5,False,False
Tamil Nadu,Madurai,Marriage and Fertility,19,Women age 15-19 years who were already mothers or pregnant at the time of the survey (%),5.3,4.0,False,False
Tamil Nadu,Madurai,Marriage and Fertility,20,Any method2 (%),65.7,69.7,False,False
Tamil Nadu,Madurai,Marriage and Fertility,21,Any modern method2 (%),65.3,68.4,False,False
Tamil Nadu,Madurai,Marriage and Fertility,22,Any traditional method (%),0.4,1.3,False,False
Tamil Nadu,Madurai,Marriage and Fertility,23,Female sterilization (%),59.1,58.3,False,False
Tamil Nadu,Madurai,Marriage and Fertility,24,Male sterilization (%),0.0,0.0,False,False
Tamil Nadu,Madurai,Marriage and Fertility,25,Total unmet need3 (%),9.5,8.7,False,False
Tamil Nadu,Madurai,Marriage and Fertility,26,Unmet need for spacing3 (%),5.6,4.1,False,False
Tamil Nadu,Madurai,Marriage and Fertility,27,Unmet need for limiting3 (%),3.9,4.6,False,False
Tamil Nadu,Madurai,Antenatal Care (for last birth in the 5 years before the survey),28,Mothers who had an antenatal check-up in the first trimester (%),37.7,70.0,False,False
Tamil Nadu,Madurai,Antenatal Care (for last birth in the 5 years before the survey),29,Mothers who had any antenatal care visits (%),56.6,93.4,False,False
Tamil Nadu,Madurai,Antenatal Care (for last birth in the 5 years before the survey),30,Mothers who had at least 4 antenatal care visits (%),51.1,89.5,False,False
Tamil Nadu,Madurai,Antenatal Care (for last birth in the 5 years before the survey),31,Mothers whose last birth was protected against neonatal tetanus4 (%),60.7,85.6,False,False
Tamil Nadu,Madurai,Antenatal Care (for last birth in the 5 years before the survey),32,Mothers who consumed iron folic acid for 100 days or more when they were pregnant (%),70.1,71.0,False,False
Tamil Nadu,Madurai,Antenatal Care (for last birth in the 5 years before the survey),33,Mothers who consumed iron folic acid for 180 days or more when they were pregnant (%),63.9,59.7,False,False
Tamil Nadu,Madurai,Antenatal Care (for last birth in the 5 years before the survey),34,Registered pregnancies for which the mother received a Mother and Child Protection (MCP) card (%),93.4,100.0,False,False
Tamil Nadu,Madurai,Delivery Care (for births in the 5 years before the survey),35,Institutional births (%),99.4,100.0,False,False
Tamil Nadu,Madurai,Delivery Care (for births in the 5 years before the survey),36,Institutional births in public facility (%),63.6,70.0,False,False
Tamil Nadu,Madurai,Delivery Care (for births in the 5 years before the survey),37,Births attended by skilled health personnel5 (%),99.4,100.0,False,False
Tamil Nadu,Madurai,Delivery Care (for births in the 5 years before the survey),38,Births delivered by caesarean section (%),41.4,43.8,False,False
Tamil Nadu,Madurai,Delivery Care (for births in the 5 years before the survey),39,Births in a private health facility that were delivered by caesarean section (%),47.6,66.1,False,False
Tamil Nadu,Madurai,Delivery Care (for births in the 5 years before the survey),40,Births in a public health facility that were delivered by caesarean section (%),38.3,34.3,False,False
Tamil Nadu,Madurai,Postnatal Care (for last birth in the 5 years before the survey),41,Mothers who received postnatal care from a doctor/nurse/LHV/ANM/midwife/other health personnel within 2 days of delivery+ (%),79.9,91.4,False,False
Tamil Nadu,Madurai,Postnatal Care (for last birth in the 5 years before the survey),42,Children born at home who were taken to a health facility for a check-up within 24 hours of birth (%),*,*,True,False
Tamil Nadu,Madurai,Postnatal Care (for last birth in the 5 years before the survey),43,Children who received postnatal care from a doctor/nurse/LHV/ANM/midwife/other health personnel within 2 days of delivery+ (%),89.5,94.5,False,False
Tamil Nadu,Madurai,Child Vaccinations and Vitamin A Supplementation,44,Children age 12-23 months fully vaccinated based on information from either vaccination card or mother's recall6 (%),74.2,88.8,True,False
Tamil Nadu,Madurai,Child Vaccinations and Vitamin A Supplementation,45,Children age 12-23 months fully vaccinated based on information from vaccination card only7 (%),78.1,92.9,True,False
Tamil Nadu,Madurai,Child Vaccinations and Vitamin A Supplementation,46,Children age 12-23 months who have received any vaccine (%),89.3,95.5,True,False
Tamil Nadu,Madurai,Child Vaccinations and Vitamin A Supplementation,47,Children age 12-23 months who have received BCG (%),80.4,95.5,True,False
Tamil Nadu,Madurai,Child Vaccinations and Vitamin A Supplementation,48,Children age 12-23 months who have received 3 doses of polio vaccine8 (%),74.2,90.8,True,False
Tamil Nadu,Madurai,Child Vaccinations and Vitamin A Supplementation,49,Children age 12-23 months who have received 3 doses of pentavalent vaccine (%),85.1,93.6,True,False
Tamil Nadu,Madurai,Child Vaccinations and Vitamin A Supplementation,50,Children age 12-23 months who have received the first dose of measles-containing vaccine (MCV) (%),89.3,95.5,True,False
Tamil Nadu,Madurai,Child Vaccinations and Vitamin A Supplementation,51,Children age 24-35 months who have received a second dose of measles-containing vaccine (MCV) (%),43.0,71.4,True,False
Tamil Nadu,Madurai,Child Vaccinations and Vitamin A Supplementation,52,Children age 12-23 months who have received birth dose of hepatitis B vaccine (%),64.7,79.4,True,False
Tamil Nadu,Madurai,Child Vaccinations and Vitamin A Supplementation,53,Children age 12-23 months who have received 3 doses of rotavirus vaccine (%),76.2,69.9,True,False
Tamil Nadu,Madurai,Child Vaccinations and Vitamin A Supplementation,54,Children age 9-35 months who received a vitamin A dose in the last 6 months (%),60.8,66.6,False,False
Tamil Nadu,Madurai,Child Vaccinations and Vitamin A Supplementation,55,Children age 12-23 months who received most of their vaccinations in a public health facility (%),91.5,92.8,True,False
Tamil Nadu,Madurai,Child Vaccinations and Vitamin A Supplementation,56,Children age 12-23 months who received most of their vaccinations in a private health facility (%),8.5,7.2,True,False
Tamil Nadu,Madurai,Treatment of Childhood Diseases (children under age 5 years),57,Prevalence of diarrhoea in the 2 weeks preceding the survey (%),6.9,4.3,False,False
Tamil Nadu,Madurai,Treatment of Childhood Diseases (children under age 5 years),58,Prevalence of symptoms of acute respiratory infection (ARI) in the 2 weeks preceding the survey (%),0.0,0.6,False,False
Tamil Nadu,Madurai,Treatment of Childhood Diseases (children under age 5 years),59,Children with fever or symptoms of ARI in the 2 weeks preceding the survey taken to a health facility or health provider (%),*,*,True,False
Tamil Nadu,Madurai,Child Feeding Practices and Nutritional Status of Children,60,Children under age 3 years breastfed within one hour of birth9 (%),36.5,55.0,False,False
Tamil Nadu,Madurai,Child Feeding Practices and Nutritional Status of Children,61,Children under age 6 months exclusively breastfed10 (%),*,*,True,False
Tamil Nadu,Madurai,Child Feeding Practices and Nutritional Status of Children,62,Children under age 6 months currently breastfeeding10 (%),*,*,True,False
Tamil Nadu,Madurai,Child Feeding Practices and Nutritional Status of Children,63,Children under age 6 months exclusively breastfed or breastfeeding and consuming plain water/other milk only10 (%),*,*,True,False
Tamil Nadu,Madurai,Child Feeding Practices and Nutritional Status of Children,64,Children age 6-8 months receiving solid or semi-solid food and breastmilk10 (%),*,*,True,False
Tamil Nadu,Madurai,Child Feeding Practices and Nutritional Status of Children,65,"Breastfeeding children age 6-23 months receiving an adequate diet10, 11 (%)",15.6,17.1,True,False
Tamil Nadu,Madurai,Child Feeding Practices and Nutritional Status of Children,66,"Non-breastfeeding children age 6-23 months receiving an adequate diet10, 11 (%)",21.6,*,True,False
Tamil Nadu,Madurai,Child Feeding Practices and Nutritional Status of Children,67,"Total children age 6-23 months receiving an adequate diet10, 11 (%)",18.9,25.0,False,False
Tamil Nadu,Madurai,Child Feeding Practices and Nutritional Status of Children,68,Children under 5 years who are stunted (height-for-age)12 (%),18.0,32.4,False,False
Tamil Nadu,Madurai,Child Feeding Practices and Nutritional Status of Children,69,Children under 5 years who are wasted (weight-for-height)12 (%),22.4,9.5,False,False
Tamil Nadu,Madurai,Child Feeding Practices and Nutritional Status of Children,70,Children under 5 years who are severely wasted (weight-for-height)13 (%),10.1,3.9,False,False
Tamil Nadu,Madurai,Child Feeding Practices and Nutritional Status of Children,71,Children under 5 years who are underweight (weight-for-age)12 (%),30.8,21.5,False,False
Tamil Nadu,Madurai,Child Feeding Practices and Nutritional Status of Children,72,Children under 5 years who are overweight (weight-for-height)14 (%),2.9,4.7,False,False
Tamil Nadu,Madurai,Nutritional Status of Adults (age 15-49 years),73,Women whose Body Mass Index (BMI) is below normal (BMI <18.5 kg/m2)15 (%),8.2,12.2,False,False
Tamil Nadu,Madurai,Nutritional Status of Adults (age 15-49 years),74,Women who are overweight or obese (BMI ≥25.0 kg/m2)15 (%),48.6,40.8,False,False
Tamil Nadu,Madurai,Women,75,Blood sugar level - high (141-160 mg/dl)16 (%),8.4,7.9,False,False
Tamil Nadu,Madurai,Women,76,Blood sugar level - very high (>160 mg/dl)16 (%),15.5,11.0,False,False
Tamil Nadu,Madurai,Women,77,Blood sugar level - high or very high (>140 mg/dl) or taking medicine to control blood sugar level16 (%),26.5,21.2,False,False
Tamil Nadu,Madurai,Men,78,Blood sugar level - high (141-160 mg/dl)16 (%),9.4,9.5,False,False
Tamil Nadu,Madurai,Men,79,Blood sugar level - very high (>160 mg/dl)16 (%),15.9,11.3,False,False
Tamil Nadu,Madurai,Men,80,Blood sugar level - high or very high (>140 mg/dl) or taking medicine to control blood sugar level16 (%),27.2,22.7,False,False
Tamil Nadu,Madurai,Women,81,Mildly elevated blood pressure (Systolic 140-159 mm of Hg and/or Diastolic 90-99 mm of Hg) (%),11.8,15.9,False,False
Tamil Nadu,Madurai,Women,82,Moderately or severely elevated blood pressure (Systolic ≥160 mm of Hg and/or Diastolic ≥100 mm of Hg) (%),5.3,5.4,False,False
Tamil Nadu,Madurai,Women,83,Elevated blood pressure (Systolic ≥140 mm of Hg and/or Diastolic ≥90 mm of Hg) or taking medicine to control blood pressure (%),24.6,25.6,False,False
Tamil Nadu,Madurai,Men,84,Mildly elevated blood pressure (Systolic 140-159 mm of Hg and/or Diastolic 90-99 mm of Hg) (%),15.6,22.4,False,False
Tamil Nadu,Madurai,Men,85,Moderately or severely elevated blood pressure (Systolic ≥160 mm of Hg and/or Diastolic ≥100 mm of Hg) (%),6.3,6.0,False,False
Tamil Nadu,Madurai,Men,86,Elevated blood pressure (Systolic ≥140 mm of Hg and/or Diastolic ≥90 mm of Hg) or taking medicine to control blood pressure (%),26.4,31.8,False,False
Tamil Nadu,Madurai,Men,87,Women having a bank or savings account that they themselves use (%),80.8,89.8,False,False
Tamil Nadu,Madurai,Men,88,Women having a mobile phone that they themselves use (%),76.2,83.2,False,False
Tamil Nadu,Madurai,Men,89,Women age 15-24 years who use hygienic methods of protection during their menstrual period17 (%),94.6,98.2,False,False
Tamil Nadu,Madurai,Tobacco Use and Alcohol Consumption among Adults (age 15 years and above),90,Women age 15 years and above who use any kind of tobacco (%),0.9,0.8,False,False
Tamil Nadu,Madurai,Tobacco Use and Alcohol Consumption among Adults (age 15 years and above),91,Men age 15 years and above who use any kind of tobacco (%),21.4,20.3,False,False
Tamil Nadu,Madurai,Tobacco Use and Alcohol Consumption among Adults (age 15 years and above),92,Women age 15 years and above who consume alcohol (%),0.4,0.4,False,False
Tamil Nadu,Madurai,Tobacco Use and Alcohol Consumption among Adults (age 15 years and above),93,Men age 15 years and above who consume alcohol (%),22.3,24.5,False,False
Tamil Nadu,Mayiladuthurai,Population and Household Profile,1,Population below age 5 years (%),5.2,,False,True
Tamil Nadu,Mayiladuthurai,Population and Household Profile,2,Population below age 15 years (%),19.9,,False,True
Tamil Nadu,Mayiladuthurai,Population and Household Profile,3,Population age 60 years and above (%),17.6,,False,True
Tamil Nadu,Mayiladuthurai,Population and Household Profile,4,Population living in households with electricity (%),99.1,,False,True
Tamil Nadu,Mayiladuthurai,Population and Household Profile,5,Population living in households with an improved drinking-water source1 (%),99.8,,False,True
Tamil Nadu,Mayiladuthurai,Population and Household Profile,6,Households using iodized salt (%),93.9,,False,True
Tamil Nadu,Mayiladuthurai,Population and Household Profile,7,Households with any usual member covered under a health insurance/financing scheme (%),62.2,,False,True
Tamil Nadu,Mayiladuthurai,Population and Household Profile,8,Households with any usual member having a bank account/post office account (%),99.3,,False,True
Tamil Nadu,Mayiladuthurai,Population and Household Profile,9,Female population age 6 years and above who ever attended school (%),85.4,,False,True
Tamil Nadu,Mayiladuthurai,Population and Household Profile,10,Households with any usual female members owning a house and/or land (alone or jointly with others) (%),20.6,,False,True
Tamil Nadu,Mayiladuthurai,Population and Household Profile,11,Children age 2-4 years who attended pre-school (%),67.6,,False,True
Tamil Nadu,Mayiladuthurai,Characteristics of Adults (age 15-49 years),12,Women with 10 or more years of schooling (%),59.5,,False,True
Tamil Nadu,Mayiladuthurai,Characteristics of Adults (age 15-49 years),13,Men with 10 or more years of schooling (%),60.5,,False,True
Tamil Nadu,Mayiladuthurai,Characteristics of Adults (age 15-49 years),14,Women who have ever used the internet (%),59.9,,False,True
Tamil Nadu,Mayiladuthurai,Characteristics of Adults (age 15-49 years),15,Men who have ever used the internet (%),75.3,,False,True
Tamil Nadu,Mayiladuthurai,Marriage and Fertility,16,Women age 20-24 years married before age 18 years (%),10.7,,False,True
Tamil Nadu,Mayiladuthurai,Marriage and Fertility,17,Men age 25-29 years married before age 21 years (%),*,,True,True
Tamil Nadu,Mayiladuthurai,Marriage and Fertility,18,Three or more births in the 5 years preceding the survey (%),0.0,,False,True
Tamil Nadu,Mayiladuthurai,Marriage and Fertility,19,Women age 15-19 years who were already mothers or pregnant at the time of the survey (%),4.0,,False,True
Tamil Nadu,Mayiladuthurai,Marriage and Fertility,20,Any method2 (%),66.9,,False,True
Tamil Nadu,Mayiladuthurai,Marriage and Fertility,21,Any modern method2 (%),65.4,,False,True
Tamil Nadu,Mayiladuthurai,Marriage and Fertility,22,Any traditional method (%),1.5,,False,True
Tamil Nadu,Mayiladuthurai,Marriage and Fertility,23,Female sterilization (%),58.1,,False,True
Tamil Nadu,Mayiladuthurai,Marriage and Fertility,24,Male sterilization (%),0.2,,False,True
Tamil Nadu,Mayiladuthurai,Marriage and Fertility,25,Total unmet need3 (%),6.8,,False,True
Tamil Nadu,Mayiladuthurai,Marriage and Fertility,26,Unmet need for spacing3 (%),2.7,,False,True
Tamil Nadu,Mayiladuthurai,Marriage and Fertility,27,Unmet need for limiting3 (%),4.1,,False,True
Tamil Nadu,Mayiladuthurai,Antenatal Care (for last birth in the 5 years before the survey),28,Mothers who had an antenatal check-up in the first trimester (%),65.0,,False,True
Tamil Nadu,Mayiladuthurai,Antenatal Care (for last birth in the 5 years before the survey),29,Mothers who had any antenatal care visits (%),95.7,,False,True
Tamil Nadu,Mayiladuthurai,Antenatal Care (for last birth in the 5 years before the survey),30,Mothers who had at least 4 antenatal care visits (%),94.6,,False,True
Tamil Nadu,Mayiladuthurai,Antenatal Care (for last birth in the 5 years before the survey),31,Mothers whose last birth was protected against neonatal tetanus4 (%),73.7,,False,True
Tamil Nadu,Mayiladuthurai,Antenatal Care (for last birth in the 5 years before the survey),32,Mothers who consumed iron folic acid for 100 days or more when they were pregnant (%),88.5,,False,True
Tamil Nadu,Mayiladuthurai,Antenatal Care (for last birth in the 5 years before the survey),33,Mothers who consumed iron folic acid for 180 days or more when they were pregnant (%),73.8,,False,True
Tamil Nadu,Mayiladuthurai,Antenatal Care (for last birth in the 5 years before the survey),34,Registered pregnancies for which the mother received a Mother and Child Protection (MCP) card (%),98.8,,False,True
Tamil Nadu,Mayiladuthurai,Delivery Care (for births in the 5 years before the survey),35,Institutional births (%),100.0,,False,True
Tamil Nadu,Mayiladuthurai,Delivery Care (for births in the 5 years before the survey),36,Institutional births in public facility (%),70.6,,False,True
Tamil Nadu,Mayiladuthurai,Delivery Care (for births in the 5 years before the survey),37,Births attended by skilled health personnel5 (%),100.0,,False,True
Tamil Nadu,Mayiladuthurai,Delivery Care (for births in the 5 years before the survey),38,Births delivered by caesarean section (%),62.3,,False,True
Tamil Nadu,Mayiladuthurai,Delivery Care (for births in the 5 years before the survey),39,Births in a private health facility that were delivered by caesarean section (%),78.2,,False,True
Tamil Nadu,Mayiladuthurai,Delivery Care (for births in the 5 years before the survey),40,Births in a public health facility that were delivered by caesarean section (%),55.7,,False,True
Tamil Nadu,Mayiladuthurai,Postnatal Care (for last birth in the 5 years before the survey),41,Mothers who received postnatal care from a doctor/nurse/LHV/ANM/midwife/other health personnel within 2,94.1,,False,True
Tamil Nadu,Mayiladuthurai,Postnatal Care (for last birth in the 5 years before the survey),42,Children born at home who were taken to a health facility for a check-up within 24 hours of birth (%),*,,True,True
Tamil Nadu,Mayiladuthurai,Postnatal Care (for last birth in the 5 years before the survey),43,Children who received postnatal care from a doctor/nurse/LHV/ANM/midwife/other health personnel within 2,96.1,,False,True
Tamil Nadu,Mayiladuthurai,Child Vaccinations and Vitamin A Supplementation,44,Children age 12-23 months fully vaccinated based on information from either vaccination card or mother's,91.7,,True,True
Tamil Nadu,Mayiladuthurai,Child Vaccinations and Vitamin A Supplementation,45,Children age 12-23 months fully vaccinated based on information from vaccination card only7 (%),88.6,,True,True
Tamil Nadu,Mayiladuthurai,Child Vaccinations and Vitamin A Supplementation,46,Children age 12-23 months who have received any vaccine (%),100.0,,True,True
Tamil Nadu,Mayiladuthurai,Child Vaccinations and Vitamin A Supplementation,47,Children age 12-23 months who have received BCG (%),100.0,,True,True
Tamil Nadu,Mayiladuthurai,Child Vaccinations and Vitamin A Supplementation,48,Children age 12-23 months who have received 3 doses of polio vaccine8 (%),100.0,,True,True
Tamil Nadu,Mayiladuthurai,Child Vaccinations and Vitamin A Supplementation,49,Children age 12-23 months who have received 3 doses of pentavalent vaccine (%),91.7,,True,True
Tamil Nadu,Mayiladuthurai,Child Vaccinations and Vitamin A Supplementation,50,Children age 12-23 months who have received the first dose of measles-containing vaccine (MCV) (%),100.0,,True,True
Tamil Nadu,Mayiladuthurai,Child Vaccinations and Vitamin A Supplementation,51,Children age 24-35 months who have received a second dose of measles-containing vaccine (MCV) (%),83.2,,True,True
Tamil Nadu,Mayiladuthurai,Child Vaccinations and Vitamin A Supplementation,52,Children age 12-23 months who have received birth dose of hepatitis B vaccine (%),100.0,,True,True
Tamil Nadu,Mayiladuthurai,Child Vaccinations and Vitamin A Supplementation,53,Children age 12-23 months who have received 3 doses of rotavirus vaccine (%),96.5,,True,True
Tamil Nadu,Mayiladuthurai,Child Vaccinations and Vitamin A Supplementation,54,Children age 9-35 months who received a vitamin A dose in the last 6 months (%),55.4,,False,True
Tamil Nadu,Mayiladuthurai,Child Vaccinations and Vitamin A Supplementation,55,Children age 12-23 months who received most of their vaccinations in a public health facility (%),79.8,,True,True
Tamil Nadu,Mayiladuthurai,Child Vaccinations and Vitamin A Supplementation,56,Children age 12-23 months who received most of their vaccinations in a private health facility (%),20.2,,True,True
Tamil Nadu,Mayiladuthurai,Treatment of Childhood Diseases (children under age 5 years),57,Prevalence of diarrhoea in the 2 weeks preceding the survey (%),4.7,,False,True
Tamil Nadu,Mayiladuthurai,Treatment of Childhood Diseases (children under age 5 years),58,Prevalence of symptoms of acute respiratory infection (ARI) in the 2 weeks preceding the survey (%),1.1,,False,True
Tamil Nadu,Mayiladuthurai,Treatment of Childhood Diseases (children under age 5 years),59,Children with fever or symptoms of ARI in the 2 weeks preceding the survey taken to a health facility or,*,,True,True
Tamil Nadu,Mayiladuthurai,Child Feeding Practices and Nutritional Status of Children,60,Children under age 3 years breastfed within one hour of birth9 (%),61.4,,False,True
Tamil Nadu,Mayiladuthurai,Child Feeding Practices and Nutritional Status of Children,61,Children under age 6 months exclusively breastfed10 (%),*,,True,True
Tamil Nadu,Mayiladuthurai,Child Feeding Practices and Nutritional Status of Children,62,Children under age 6 months currently breastfeeding10 (%),*,,True,True
Tamil Nadu,Mayiladuthurai,Child Feeding Practices and Nutritional Status of Children,63,Children under age 6 months exclusively breastfed or breastfeeding and consuming plain water/other,*,,True,True
Tamil Nadu,Mayiladuthurai,Child Feeding Practices and Nutritional Status of Children,64,Children age 6-8 months receiving solid or semi-solid food and breastmilk10 (%),*,,True,True
Tamil Nadu,Mayiladuthurai,Child Feeding Practices and Nutritional Status of Children,65,"Breastfeeding children age 6-23 months receiving an adequate diet10, 11 (%)",21.1,,True,True
Tamil Nadu,Mayiladuthurai,Child Feeding Practices and Nutritional Status of Children,66,"Non-breastfeeding children age 6-23 months receiving an adequate diet10, 11 (%)",*,,True,True
Tamil Nadu,Mayiladuthurai,Child Feeding Practices and Nutritional Status of Children,67,"Total children age 6-23 months receiving an adequate diet10, 11 (%)",22.5,,True,True
Tamil Nadu,Mayiladuthurai,Child Feeding Practices and Nutritional Status of Children,68,Children under 5 years who are stunted (height-for-age)12 (%),26.6,,False,True
Tamil Nadu,Mayiladuthurai,Child Feeding Practices and Nutritional Status of Children,69,Children under 5 years who are wasted (weight-for-height)12 (%),21.2,,False,True
Tamil Nadu,Mayiladuthurai,Child Feeding Practices and Nutritional Status of Children,70,Children under 5 years who are severely wasted (weight-for-height)13 (%),5.4,,False,True
Tamil Nadu,Mayiladuthurai,Child Feeding Practices and Nutritional Status of Children,71,Children under 5 years who are underweight (weight-for-age)12 (%),28.2,,False,True
Tamil Nadu,Mayiladuthurai,Child Feeding Practices and Nutritional Status of Children,72,Children under 5 years who are overweight (weight-for-height)14 (%),2.7,,False,True
Tamil Nadu,Mayiladuthurai,Nutritional Status of Adults (age 15-49 years),73,Women whose Body Mass Index (BMI) is below normal (BMI <18.5 kg/m2)15 (%),13.6,,False,True
Tamil Nadu,Mayiladuthurai,Nutritional Status of Adults (age 15-49 years),74,Women who are overweight or obese (BMI ≥25.0 kg/m2)15 (%),43.9,,False,True
Tamil Nadu,Mayiladuthurai,Women,75,Blood sugar level - high (141-160 mg/dl)16 (%),8.9,,False,True
Tamil Nadu,Mayiladuthurai,Women,76,Blood sugar level - very high (>160 mg/dl)16 (%),16.8,,False,True
Tamil Nadu,Mayiladuthurai,Women,77,Blood sugar level - high or very high (>140 mg/dl) or taking medicine to control blood sugar level16 (%),27.4,,False,True
Tamil Nadu,Mayiladuthurai,Men,78,Blood sugar level - high (141-160 mg/dl)16 (%),8.8,,False,True
Tamil Nadu,Mayiladuthurai,Men,79,Blood sugar level - very high (>160 mg/dl)16 (%),18.0,,False,True
Tamil Nadu,Mayiladuthurai,Men,80,Blood sugar level - high or very high (>140 mg/dl) or taking medicine to control blood sugar level16 (%),29.2,,False,True
Tamil Nadu,Mayiladuthurai,Women,81,Mildly elevated blood pressure (Systolic 140-159 mm of Hg and/or Diastolic 90-99 mm of Hg) (%),14.1,,False,True
Tamil Nadu,Mayiladuthurai,Women,82,Moderately or severely elevated blood pressure (Systolic ≥160 mm of Hg and/or Diastolic ≥100 mm,5.6,,False,True
Tamil Nadu,Mayiladuthurai,Women,83,Elevated blood pressure (Systolic ≥140 mm of Hg and/or Diastolic ≥90 mm of Hg) or taking medicine to,28.2,,False,True
Tamil Nadu,Mayiladuthurai,Men,84,Mildly elevated blood pressure (Systolic 140-159 mm of Hg and/or Diastolic 90-99 mm of Hg) (%),19.2,,False,True
Tamil Nadu,Mayiladuthurai,Men,85,Moderately or severely elevated blood pressure (Systolic ≥160 mm of Hg and/or Diastolic ≥100 mm,7.5,,False,True
Tamil Nadu,Mayiladuthurai,Men,86,Elevated blood pressure (Systolic ≥140 mm of Hg and/or Diastolic ≥90 mm of Hg) or taking medicine to,34.0,,False,True
Tamil Nadu,Mayiladuthurai,Men,87,Women having a bank or savings account that they themselves use (%),90.4,,False,True
Tamil Nadu,Mayiladuthurai,Men,88,Women having a mobile phone that they themselves use (%),76.2,,False,True
Tamil Nadu,Mayiladuthurai,Men,89,Women age 15-24 years who use hygienic methods of protection during their menstrual period17 (%),98.5,,False,True
Tamil Nadu,Mayiladuthurai,Tobacco Use and Alcohol Consumption among Adults (age 15 years and above),90,Women age 15 years and above who use any kind of tobacco (%),11.7,,False,True
Tamil Nadu,Mayiladuthurai,Tobacco Use and Alcohol Consumption among Adults (age 15 years and above),91,Men age 15 years and above who use any kind of tobacco (%),21.2,,False,True
Tamil Nadu,Mayiladuthurai,Tobacco Use and Alcohol Consumption among Adults (age 15 years and above),92,Women age 15 years and above who consume alcohol (%),0.8,,False,True
Tamil Nadu,Mayiladuthurai,Tobacco Use and Alcohol Consumption among Adults (age 15 years and above),93,Men age 15 years and above who consume alcohol (%),30.8,,False,True
Tamil Nadu,Nagapattinam,Population and Household Profile,1,Population below age 5 years (%),6.2,,False,True
Tamil Nadu,Nagapattinam,Population and Household Profile,2,Population below age 15 years (%),20.9,,False,True
Tamil Nadu,Nagapattinam,Population and Household Profile,3,Population age 60 years and above (%),15.4,,False,True
Tamil Nadu,Nagapattinam,Population and Household Profile,4,Population living in households with electricity (%),98.9,,False,True
Tamil Nadu,Nagapattinam,Population and Household Profile,5,Population living in households with an improved drinking-water source1 (%),99.9,,False,True
Tamil Nadu,Nagapattinam,Population and Household Profile,6,Households using iodized salt (%),89.2,,False,True
Tamil Nadu,Nagapattinam,Population and Household Profile,7,Households with any usual member covered under a health insurance/financing scheme (%),63.5,,False,True
Tamil Nadu,Nagapattinam,Population and Household Profile,8,Households with any usual member having a bank account/post office account (%),98.6,,False,True
Tamil Nadu,Nagapattinam,Population and Household Profile,9,Female population age 6 years and above who ever attended school (%),85.4,,False,True
Tamil Nadu,Nagapattinam,Population and Household Profile,10,Households with any usual female members owning a house and/or land (alone or jointly with others) (%),26.1,,False,True
Tamil Nadu,Nagapattinam,Population and Household Profile,11,Children age 2-4 years who attended pre-school (%),70.2,,False,True
Tamil Nadu,Nagapattinam,Characteristics of Adults (age 15-49 years),12,Women with 10 or more years of schooling (%),64.0,,False,True
Tamil Nadu,Nagapattinam,Characteristics of Adults (age 15-49 years),13,Men with 10 or more years of schooling (%),69.9,,False,True
Tamil Nadu,Nagapattinam,Characteristics of Adults (age 15-49 years),14,Women who have ever used the internet (%),60.6,,False,True
Tamil Nadu,Nagapattinam,Characteristics of Adults (age 15-49 years),15,Men who have ever used the internet (%),75.5,,False,True
Tamil Nadu,Nagapattinam,Marriage and Fertility,16,Women age 20-24 years married before age 18 years (%),7.2,,False,True
Tamil Nadu,Nagapattinam,Marriage and Fertility,17,Men age 25-29 years married before age 21 years (%),*,,True,True
Tamil Nadu,Nagapattinam,Marriage and Fertility,18,Three or more births in the 5 years preceding the survey (%),0.0,,False,True
Tamil Nadu,Nagapattinam,Marriage and Fertility,19,Women age 15-19 years who were already mothers or pregnant at the time of the survey (%),1.5,,False,True
Tamil Nadu,Nagapattinam,Marriage and Fertility,20,Any method2 (%),73.1,,False,True
Tamil Nadu,Nagapattinam,Marriage and Fertility,21,Any modern method2 (%),66.7,,False,True
Tamil Nadu,Nagapattinam,Marriage and Fertility,22,Any traditional method (%),6.4,,False,True
Tamil Nadu,Nagapattinam,Marriage and Fertility,23,Female sterilization (%),57.4,,False,True
Tamil Nadu,Nagapattinam,Marriage and Fertility,24,Male sterilization (%),0.0,,False,True
Tamil Nadu,Nagapattinam,Marriage and Fertility,25,Total unmet need3 (%),4.2,,False,True
Tamil Nadu,Nagapattinam,Marriage and Fertility,26,Unmet need for spacing3 (%),2.2,,False,True
Tamil Nadu,Nagapattinam,Marriage and Fertility,27,Unmet need for limiting3 (%),2.0,,False,True
Tamil Nadu,Nagapattinam,Antenatal Care (for last birth in the 5 years before the survey),28,Mothers who had an antenatal check-up in the first trimester (%),84.5,,False,True
Tamil Nadu,Nagapattinam,Antenatal Care (for last birth in the 5 years before the survey),29,Mothers who had any antenatal care visits (%),99.5,,False,True
Tamil Nadu,Nagapattinam,Antenatal Care (for last birth in the 5 years before the survey),30,Mothers who had at least 4 antenatal care visits (%),97.4,,False,True
Tamil Nadu,Nagapattinam,Antenatal Care (for last birth in the 5 years before the survey),31,Mothers whose last birth was protected against neonatal tetanus4 (%),100.0,,False,True
Tamil Nadu,Nagapattinam,Antenatal Care (for last birth in the 5 years before the survey),32,Mothers who consumed iron folic acid for 100 days or more when they were pregnant (%),90.0,,False,True
Tamil Nadu,Nagapattinam,Antenatal Care (for last birth in the 5 years before the survey),33,Mothers who consumed iron folic acid for 180 days or more when they were pregnant (%),67.8,,False,True
Tamil Nadu,Nagapattinam,Antenatal Care (for last birth in the 5 years before the survey),34,Registered pregnancies for which the mother received a Mother and Child Protection (MCP) card (%),99.4,,False,True
Tamil Nadu,Nagapattinam,Delivery Care (for births in the 5 years before the survey),35,Institutional births (%),100.0,,False,True
Tamil Nadu,Nagapattinam,Delivery Care (for births in the 5 years before the survey),36,Institutional births in public facility (%),76.1,,False,True
Tamil Nadu,Nagapattinam,Delivery Care (for births in the 5 years before the survey),37,Births attended by skilled health personnel5 (%),100.0,,False,True
Tamil Nadu,Nagapattinam,Delivery Care (for births in the 5 years before the survey),38,Births delivered by caesarean section (%),61.3,,False,True
Tamil Nadu,Nagapattinam,Delivery Care (for births in the 5 years before the survey),39,Births in a private health facility that were delivered by caesarean section (%),69.7,,True,True
Tamil Nadu,Nagapattinam,Delivery Care (for births in the 5 years before the survey),40,Births in a public health facility that were delivered by caesarean section (%),58.6,,False,True
Tamil Nadu,Nagapattinam,Postnatal Care (for last birth in the 5 years before the survey),41,Mothers who received postnatal care from a doctor/nurse/LHV/ANM/midwife/other health personnel within 2,96.1,,False,True
Tamil Nadu,Nagapattinam,Postnatal Care (for last birth in the 5 years before the survey),42,Children born at home who were taken to a health facility for a check-up within 24 hours of birth (%),*,,True,True
Tamil Nadu,Nagapattinam,Postnatal Care (for last birth in the 5 years before the survey),43,Children who received postnatal care from a doctor/nurse/LHV/ANM/midwife/other health personnel within 2,96.7,,False,True
Tamil Nadu,Nagapattinam,Child Vaccinations and Vitamin A Supplementation,44,Children age 12-23 months fully vaccinated based on information from either vaccination card or mother's,96.7,,True,True
Tamil Nadu,Nagapattinam,Child Vaccinations and Vitamin A Supplementation,45,Children age 12-23 months fully vaccinated based on information from vaccination card only7 (%),96.6,,True,True
Tamil Nadu,Nagapattinam,Child Vaccinations and Vitamin A Supplementation,46,Children age 12-23 months who have received any vaccine (%),100.0,,True,True
Tamil Nadu,Nagapattinam,Child Vaccinations and Vitamin A Supplementation,47,Children age 12-23 months who have received BCG (%),96.7,,True,True
Tamil Nadu,Nagapattinam,Child Vaccinations and Vitamin A Supplementation,48,Children age 12-23 months who have received 3 doses of polio vaccine8 (%),100.0,,True,True
Tamil Nadu,Nagapattinam,Child Vaccinations and Vitamin A Supplementation,49,Children age 12-23 months who have received 3 doses of pentavalent vaccine (%),100.0,,True,True
Tamil Nadu,Nagapattinam,Child Vaccinations and Vitamin A Supplementation,50,Children age 12-23 months who have received the first dose of measles-containing vaccine (MCV) (%),100.0,,True,True
Tamil Nadu,Nagapattinam,Child Vaccinations and Vitamin A Supplementation,51,Children age 24-35 months who have received a second dose of measles-containing vaccine (MCV) (%),81.4,,True,True
Tamil Nadu,Nagapattinam,Child Vaccinations and Vitamin A Supplementation,52,Children age 12-23 months who have received birth dose of hepatitis B vaccine (%),96.7,,True,True
Tamil Nadu,Nagapattinam,Child Vaccinations and Vitamin A Supplementation,53,Children age 12-23 months who have received 3 doses of rotavirus vaccine (%),88.7,,True,True
Tamil Nadu,Nagapattinam,Child Vaccinations and Vitamin A Supplementation,54,Children age 9-35 months who received a vitamin A dose in the last 6 months (%),80.8,,False,True
Tamil Nadu,Nagapattinam,Child Vaccinations and Vitamin A Supplementation,55,Children age 12-23 months who received most of their vaccinations in a public health facility (%),92.9,,True,True
Tamil Nadu,Nagapattinam,Child Vaccinations and Vitamin A Supplementation,56,Children age 12-23 months who received most of their vaccinations in a private health facility (%),7.1,,True,True
Tamil Nadu,Nagapattinam,Treatment of Childhood Diseases (children under age 5 years),57,Prevalence of diarrhoea in the 2 weeks preceding the survey (%),3.5,,False,True
Tamil Nadu,Nagapattinam,Treatment of Childhood Diseases (children under age 5 years),58,Prevalence of symptoms of acute respiratory infection (ARI) in the 2 weeks preceding the survey (%),0.6,,False,True
Tamil Nadu,Nagapattinam,Treatment of Childhood Diseases (children under age 5 years),59,Children with fever or symptoms of ARI in the 2 weeks preceding the survey taken to a health facility or,*,,True,True
Tamil Nadu,Nagapattinam,Child Feeding Practices and Nutritional Status of Children,60,Children under age 3 years breastfed within one hour of birth9 (%),65.5,,False,True
Tamil Nadu,Nagapattinam,Child Feeding Practices and Nutritional Status of Children,61,Children under age 6 months exclusively breastfed10 (%),*,,True,True
Tamil Nadu,Nagapattinam,Child Feeding Practices and Nutritional Status of Children,62,Children under age 6 months currently breastfeeding10 (%),*,,True,True
Tamil Nadu,Nagapattinam,Child Feeding Practices and Nutritional Status of Children,63,Children under age 6 months exclusively breastfed or breastfeeding and consuming plain water/other,*,,True,True
Tamil Nadu,Nagapattinam,Child Feeding Practices and Nutritional Status of Children,64,Children age 6-8 months receiving solid or semi-solid food and breastmilk10 (%),*,,True,True
Tamil Nadu,Nagapattinam,Child Feeding Practices and Nutritional Status of Children,65,"Breastfeeding children age 6-23 months receiving an adequate diet10, 11 (%)",8.9,,True,True
Tamil Nadu,Nagapattinam,Child Feeding Practices and Nutritional Status of Children,66,"Non-breastfeeding children age 6-23 months receiving an adequate diet10, 11 (%)",*,,True,True
Tamil Nadu,Nagapattinam,Child Feeding Practices and Nutritional Status of Children,67,"Total children age 6-23 months receiving an adequate diet10, 11 (%)",9.2,,True,True
Tamil Nadu,Nagapattinam,Child Feeding Practices and Nutritional Status of Children,68,Children under 5 years who are stunted (height-for-age)12 (%),17.0,,False,True
Tamil Nadu,Nagapattinam,Child Feeding Practices and Nutritional Status of Children,69,Children under 5 years who are wasted (weight-for-height)12 (%),19.5,,False,True
Tamil Nadu,Nagapattinam,Child Feeding Practices and Nutritional Status of Children,70,Children under 5 years who are severely wasted (weight-for-height)13 (%),4.0,,False,True
Tamil Nadu,Nagapattinam,Child Feeding Practices and Nutritional Status of Children,71,Children under 5 years who are underweight (weight-for-age)12 (%),29.4,,False,True
Tamil Nadu,Nagapattinam,Child Feeding Practices and Nutritional Status of Children,72,Children under 5 years who are overweight (weight-for-height)14 (%),1.0,,False,True
Tamil Nadu,Nagapattinam,Nutritional Status of Adults (age 15-49 years),73,Women whose Body Mass Index (BMI) is below normal (BMI <18.5 kg/m2)15 (%),14.6,,False,True
Tamil Nadu,Nagapattinam,Nutritional Status of Adults (age 15-49 years),74,Women who are overweight or obese (BMI ≥25.0 kg/m2)15 (%),37.3,,False,True
Tamil Nadu,Nagapattinam,Women,75,Blood sugar level - high (141-160 mg/dl)16 (%),10.6,,False,True
Tamil Nadu,Nagapattinam,Women,76,Blood sugar level - very high (>160 mg/dl)16 (%),16.1,,False,True
Tamil Nadu,Nagapattinam,Women,77,Blood sugar level - high or very high (>140 mg/dl) or taking medicine to control blood sugar level16 (%),28.2,,False,True
Tamil Nadu,Nagapattinam,Men,78,Blood sugar level - high (141-160 mg/dl)16 (%),10.7,,False,True
Tamil Nadu,Nagapattinam,Men,79,Blood sugar level - very high (>160 mg/dl)16 (%),15.7,,False,True
Tamil Nadu,Nagapattinam,Men,80,Blood sugar level - high or very high (>140 mg/dl) or taking medicine to control blood sugar level16 (%),27.9,,False,True
Tamil Nadu,Nagapattinam,Women,81,Mildly elevated blood pressure (Systolic 140-159 mm of Hg and/or Diastolic 90-99 mm of Hg) (%),12.2,,False,True
Tamil Nadu,Nagapattinam,Women,82,Moderately or severely elevated blood pressure (Systolic ≥160 mm of Hg and/or Diastolic ≥100 mm,5.1,,False,True
Tamil Nadu,Nagapattinam,Women,83,Elevated blood pressure (Systolic ≥140 mm of Hg and/or Diastolic ≥90 mm of Hg) or taking medicine to,22.3,,False,True
Tamil Nadu,Nagapattinam,Men,84,Mildly elevated blood pressure (Systolic 140-159 mm of Hg and/or Diastolic 90-99 mm of Hg) (%),16.3,,False,True
Tamil Nadu,Nagapattinam,Men,85,Moderately or severely elevated blood pressure (Systolic ≥160 mm of Hg and/or Diastolic ≥100 mm,6.3,,False,True
Tamil Nadu,Nagapattinam,Men,86,Elevated blood pressure (Systolic ≥140 mm of Hg and/or Diastolic ≥90 mm of Hg) or taking medicine to,29.0,,False,True
Tamil Nadu,Nagapattinam,Men,87,Women having a bank or savings account that they themselves use (%),96.3,,False,True
Tamil Nadu,Nagapattinam,Men,88,Women having a mobile phone that they themselves use (%),75.2,,False,True
Tamil Nadu,Nagapattinam,Men,89,Women age 15-24 years who use hygienic methods of protection during their menstrual period17 (%),98.0,,False,True
Tamil Nadu,Nagapattinam,Tobacco Use and Alcohol Consumption among Adults (age 15 years and above),90,Women age 15 years and above who use any kind of tobacco (%),13.3,,False,True
Tamil Nadu,Nagapattinam,Tobacco Use and Alcohol Consumption among Adults (age 15 years and above),91,Men age 15 years and above who use any kind of tobacco (%),24.1,,False,True
Tamil Nadu,Nagapattinam,Tobacco Use and Alcohol Consumption among Adults (age 15 years and above),92,Women age 15 years and above who consume alcohol (%),0.1,,False,True
Tamil Nadu,Nagapattinam,Tobacco Use and Alcohol Consumption among Adults (age 15 years and above),93,Men age 15 years and above who consume alcohol (%),29.2,,False,True
Tamil Nadu,Namakkal,Population and Household Profile,1,Population below age 5 years (%),5.0,6.5,False,False
Tamil Nadu,Namakkal,Population and Household Profile,2,Population below age 15 years (%),18.4,17.3,False,False
Tamil Nadu,Namakkal,Population and Household Profile,3,Population age 60 years and above (%),20.1,18.7,False,False
Tamil Nadu,Namakkal,Population and Household Profile,4,Population living in households with electricity (%),99.5,99.2,False,False
Tamil Nadu,Namakkal,Population and Household Profile,5,Population living in households with an improved drinking-water source1 (%),99.0,99.5,False,False
Tamil Nadu,Namakkal,Population and Household Profile,6,Households using iodized salt (%),97.9,95.7,False,False
Tamil Nadu,Namakkal,Population and Household Profile,7,Households with any usual member covered under a health insurance/financing scheme (%),67.3,68.8,False,False
Tamil Nadu,Namakkal,Population and Household Profile,8,Households with any usual member having a bank account/post office account (%),99.1,96.6,False,False
Tamil Nadu,Namakkal,Population and Household Profile,9,Female population age 6 years and above who ever attended school (%),75.0,73.5,False,False
Tamil Nadu,Namakkal,Population and Household Profile,10,Households with any usual female members owning a house and/or land (alone or jointly with others) (%),19.8,18.8,False,False
Tamil Nadu,Namakkal,Population and Household Profile,11,Children age 2-4 years who attended pre-school (%),47.8,45.1,False,False
Tamil Nadu,Namakkal,Characteristics of Adults (age 15-49 years),12,Women with 10 or more years of schooling (%),59.4,55.7,False,False
Tamil Nadu,Namakkal,Characteristics of Adults (age 15-49 years),13,Men with 10 or more years of schooling (%),63.5,55.6,False,False
Tamil Nadu,Namakkal,Characteristics of Adults (age 15-49 years),14,Women who have ever used the internet (%),59.2,42.1,False,False
Tamil Nadu,Namakkal,Characteristics of Adults (age 15-49 years),15,Men who have ever used the internet (%),77.3,70.8,False,False
Tamil Nadu,Namakkal,Marriage and Fertility,16,Women age 20-24 years married before age 18 years (%),16.6,14.2,False,False
Tamil Nadu,Namakkal,Marriage and Fertility,17,Men age 25-29 years married before age 21 years (%),*,*,True,False
Tamil Nadu,Namakkal,Marriage and Fertility,18,Three or more births in the 5 years preceding the survey (%),0.0,0.6,False,False
Tamil Nadu,Namakkal,Marriage and Fertility,19,Women age 15-19 years who were already mothers or pregnant at the time of the survey (%),1.0,6.5,False,False
Tamil Nadu,Namakkal,Marriage and Fertility,20,Any method2 (%),71.2,65.2,False,False
Tamil Nadu,Namakkal,Marriage and Fertility,21,Any modern method2 (%),65.3,62.3,False,False
Tamil Nadu,Namakkal,Marriage and Fertility,22,Any traditional method (%),5.9,2.9,False,False
Tamil Nadu,Namakkal,Marriage and Fertility,23,Female sterilization (%),58.5,55.3,False,False
Tamil Nadu,Namakkal,Marriage and Fertility,24,Male sterilization (%),0.0,0.0,False,False
Tamil Nadu,Namakkal,Marriage and Fertility,25,Total unmet need3 (%),3.8,6.5,False,False
Tamil Nadu,Namakkal,Marriage and Fertility,26,Unmet need for spacing3 (%),2.6,2.3,False,False
Tamil Nadu,Namakkal,Marriage and Fertility,27,Unmet need for limiting3 (%),1.2,4.2,False,False
Tamil Nadu,Namakkal,Antenatal Care (for last birth in the 5 years before the survey),28,Mothers who had an antenatal check-up in the first trimester (%),86.8,76.2,False,False
Tamil Nadu,Namakkal,Antenatal Care (for last birth in the 5 years before the survey),29,Mothers who had any antenatal care visits (%),96.0,99.1,False,False
Tamil Nadu,Namakkal,Antenatal Care (for last birth in the 5 years before the survey),30,Mothers who had at least 4 antenatal care visits (%),94.4,97.8,False,False
Tamil Nadu,Namakkal,Antenatal Care (for last birth in the 5 years before the survey),31,Mothers whose last birth was protected against neonatal tetanus4 (%),96.6,96.3,False,False
Tamil Nadu,Namakkal,Antenatal Care (for last birth in the 5 years before the survey),32,Mothers who consumed iron folic acid for 100 days or more when they were pregnant (%),96.8,87.5,False,False
Tamil Nadu,Namakkal,Antenatal Care (for last birth in the 5 years before the survey),33,Mothers who consumed iron folic acid for 180 days or more when they were pregnant (%),59.4,71.0,False,False
Tamil Nadu,Namakkal,Antenatal Care (for last birth in the 5 years before the survey),34,Registered pregnancies for which the mother received a Mother and Child Protection (MCP) card (%),100.0,100.0,False,False
Tamil Nadu,Namakkal,Delivery Care (for births in the 5 years before the survey),35,Institutional births (%),100.0,100.0,False,False
Tamil Nadu,Namakkal,Delivery Care (for births in the 5 years before the survey),36,Institutional births in public facility (%),50.3,59.8,False,False
Tamil Nadu,Namakkal,Delivery Care (for births in the 5 years before the survey),37,Births attended by skilled health personnel5 (%),100.0,100.0,False,False
Tamil Nadu,Namakkal,Delivery Care (for births in the 5 years before the survey),38,Births delivered by caesarean section (%),50.3,53.7,False,False
Tamil Nadu,Namakkal,Delivery Care (for births in the 5 years before the survey),39,Births in a private health facility that were delivered by caesarean section (%),66.9,66.5,False,False
Tamil Nadu,Namakkal,Delivery Care (for births in the 5 years before the survey),40,Births in a public health facility that were delivered by caesarean section (%),33.9,45.1,False,False
Tamil Nadu,Namakkal,Postnatal Care (for last birth in the 5 years before the survey),41,Mothers who received postnatal care from a doctor/nurse/LHV/ANM/midwife/other health personnel within 2,94.9,94.8,False,False
Tamil Nadu,Namakkal,Postnatal Care (for last birth in the 5 years before the survey),42,Children born at home who were taken to a health facility for a check-up within 24 hours of birth (%),*,*,True,False
Tamil Nadu,Namakkal,Postnatal Care (for last birth in the 5 years before the survey),43,Children who received postnatal care from a doctor/nurse/LHV/ANM/midwife/other health personnel within 2,95.8,89.9,False,False
Tamil Nadu,Namakkal,Child Vaccinations and Vitamin A Supplementation,44,Children age 12-23 months fully vaccinated based on information from either vaccination card or mother's,*,83.9,True,False
Tamil Nadu,Namakkal,Child Vaccinations and Vitamin A Supplementation,45,Children age 12-23 months fully vaccinated based on information from vaccination card only7 (%),*,84.4,True,False
Tamil Nadu,Namakkal,Child Vaccinations and Vitamin A Supplementation,46,Children age 12-23 months who have received any vaccine (%),*,96.2,True,False
Tamil Nadu,Namakkal,Child Vaccinations and Vitamin A Supplementation,47,Children age 12-23 months who have received BCG (%),*,92.5,True,False
Tamil Nadu,Namakkal,Child Vaccinations and Vitamin A Supplementation,48,Children age 12-23 months who have received 3 doses of polio vaccine8 (%),*,87.6,True,False
Tamil Nadu,Namakkal,Child Vaccinations and Vitamin A Supplementation,49,Children age 12-23 months who have received 3 doses of pentavalent vaccine (%),*,96.2,True,False
Tamil Nadu,Namakkal,Child Vaccinations and Vitamin A Supplementation,50,Children age 12-23 months who have received the first dose of measles-containing vaccine (MCV) (%),*,96.2,True,False
Tamil Nadu,Namakkal,Child Vaccinations and Vitamin A Supplementation,51,Children age 24-35 months who have received a second dose of measles-containing vaccine (MCV) (%),61.8,77.1,True,False
Tamil Nadu,Namakkal,Child Vaccinations and Vitamin A Supplementation,52,Children age 12-23 months who have received birth dose of hepatitis B vaccine (%),*,71.8,True,False
Tamil Nadu,Namakkal,Child Vaccinations and Vitamin A Supplementation,53,Children age 12-23 months who have received 3 doses of rotavirus vaccine (%),*,73.8,True,False
Tamil Nadu,Namakkal,Child Vaccinations and Vitamin A Supplementation,54,Children age 9-35 months who received a vitamin A dose in the last 6 months (%),74.0,66.2,False,False
Tamil Nadu,Namakkal,Child Vaccinations and Vitamin A Supplementation,55,Children age 12-23 months who received most of their vaccinations in a public health facility (%),*,91.0,True,False
Tamil Nadu,Namakkal,Child Vaccinations and Vitamin A Supplementation,56,Children age 12-23 months who received most of their vaccinations in a private health facility (%),*,9.0,True,False
Tamil Nadu,Namakkal,Treatment of Childhood Diseases (children under age 5 years),57,Prevalence of diarrhoea in the 2 weeks preceding the survey (%),4.5,4.0,False,False
Tamil Nadu,Namakkal,Treatment of Childhood Diseases (children under age 5 years),58,Prevalence of symptoms of acute respiratory infection (ARI) in the 2 weeks preceding the survey (%),0.0,0.0,False,False
Tamil Nadu,Namakkal,Treatment of Childhood Diseases (children under age 5 years),59,Children with fever or symptoms of ARI in the 2 weeks preceding the survey taken to a health facility or,*,*,True,False
Tamil Nadu,Namakkal,Child Feeding Practices and Nutritional Status of Children,60,Children under age 3 years breastfed within one hour of birth9 (%),64.5,53.9,False,False
Tamil Nadu,Namakkal,Child Feeding Practices and Nutritional Status of Children,61,Children under age 6 months exclusively breastfed10 (%),*,*,True,False
Tamil Nadu,Namakkal,Child Feeding Practices and Nutritional Status of Children,62,Children under age 6 months currently breastfeeding10 (%),*,*,True,False
Tamil Nadu,Namakkal,Child Feeding Practices and Nutritional Status of Children,63,Children under age 6 months exclusively breastfed or breastfeeding and consuming plain water/other,*,*,True,False
Tamil Nadu,Namakkal,Child Feeding Practices and Nutritional Status of Children,64,Children age 6-8 months receiving solid or semi-solid food and breastmilk10 (%),*,*,True,False
Tamil Nadu,Namakkal,Child Feeding Practices and Nutritional Status of Children,65,"Breastfeeding children age 6-23 months receiving an adequate diet10, 11 (%)",24.6,7.1,True,False
Tamil Nadu,Namakkal,Child Feeding Practices and Nutritional Status of Children,66,"Non-breastfeeding children age 6-23 months receiving an adequate diet10, 11 (%)",*,*,True,False
Tamil Nadu,Namakkal,Child Feeding Practices and Nutritional Status of Children,67,"Total children age 6-23 months receiving an adequate diet10, 11 (%)",16.4,12.9,True,False
Tamil Nadu,Namakkal,Child Feeding Practices and Nutritional Status of Children,68,Children under 5 years who are stunted (height-for-age)12 (%),16.5,25.2,False,False
Tamil Nadu,Namakkal,Child Feeding Practices and Nutritional Status of Children,69,Children under 5 years who are wasted (weight-for-height)12 (%),17.4,10.3,False,False
Tamil Nadu,Namakkal,Child Feeding Practices and Nutritional Status of Children,70,Children under 5 years who are severely wasted (weight-for-height)13 (%),5.0,4.3,False,False
Tamil Nadu,Namakkal,Child Feeding Practices and Nutritional Status of Children,71,Children under 5 years who are underweight (weight-for-age)12 (%),15.6,15.7,False,False
Tamil Nadu,Namakkal,Child Feeding Practices and Nutritional Status of Children,72,Children under 5 years who are overweight (weight-for-height)14 (%),2.4,6.3,False,False
Tamil Nadu,Namakkal,Nutritional Status of Adults (age 15-49 years),73,Women whose Body Mass Index (BMI) is below normal (BMI <18.5 kg/m2)15 (%),12.7,9.4,False,False
Tamil Nadu,Namakkal,Nutritional Status of Adults (age 15-49 years),74,Women who are overweight or obese (BMI ≥25.0 kg/m2)15 (%),41.7,43.2,False,False
Tamil Nadu,Namakkal,Women,75,Blood sugar level - high (141-160 mg/dl)16 (%),8.6,8.0,False,False
Tamil Nadu,Namakkal,Women,76,Blood sugar level - very high (>160 mg/dl)16 (%),12.1,9.9,False,False
Tamil Nadu,Namakkal,Women,77,Blood sugar level - high or very high (>140 mg/dl) or taking medicine to control blood sugar level16 (%),23.6,19.7,False,False
Tamil Nadu,Namakkal,Men,78,Blood sugar level - high (141-160 mg/dl)16 (%),11.6,9.5,False,False
Tamil Nadu,Namakkal,Men,79,Blood sugar level - very high (>160 mg/dl)16 (%),15.5,12.4,False,False
Tamil Nadu,Namakkal,Men,80,Blood sugar level - high or very high (>140 mg/dl) or taking medicine to control blood sugar level16 (%),30.8,24.0,False,False
Tamil Nadu,Namakkal,Women,81,Mildly elevated blood pressure (Systolic 140-159 mm of Hg and/or Diastolic 90-99 mm of Hg) (%),12.4,14.1,False,False
Tamil Nadu,Namakkal,Women,82,Moderately or severely elevated blood pressure (Systolic ≥160 mm of Hg and/or Diastolic ≥100 mm,3.4,7.3,False,False
Tamil Nadu,Namakkal,Women,83,Elevated blood pressure (Systolic ≥140 mm of Hg and/or Diastolic ≥90 mm of Hg) or taking medicine to,23.7,25.6,False,False
Tamil Nadu,Namakkal,Men,84,Mildly elevated blood pressure (Systolic 140-159 mm of Hg and/or Diastolic 90-99 mm of Hg) (%),16.5,20.8,False,False
Tamil Nadu,Namakkal,Men,85,Moderately or severely elevated blood pressure (Systolic ≥160 mm of Hg and/or Diastolic ≥100 mm,4.3,8.0,False,False
Tamil Nadu,Namakkal,Men,86,Elevated blood pressure (Systolic ≥140 mm of Hg and/or Diastolic ≥90 mm of Hg) or taking medicine to,27.3,31.5,False,False
Tamil Nadu,Namakkal,Men,87,Women having a bank or savings account that they themselves use (%),95.2,93.3,False,False
Tamil Nadu,Namakkal,Men,88,Women having a mobile phone that they themselves use (%),83.5,77.2,False,False
Tamil Nadu,Namakkal,Men,89,Women age 15-24 years who use hygienic methods of protection during their menstrual period17 (%),98.8,97.8,False,False
Tamil Nadu,Namakkal,Tobacco Use and Alcohol Consumption among Adults (age 15 years and above),90,Women age 15 years and above who use any kind of tobacco (%),7.4,6.6,False,False
Tamil Nadu,Namakkal,Tobacco Use and Alcohol Consumption among Adults (age 15 years and above),91,Men age 15 years and above who use any kind of tobacco (%),16.7,19.8,False,False
Tamil Nadu,Namakkal,Tobacco Use and Alcohol Consumption among Adults (age 15 years and above),92,Women age 15 years and above who consume alcohol (%),0.2,0.1,False,False
Tamil Nadu,Namakkal,Tobacco Use and Alcohol Consumption among Adults (age 15 years and above),93,Men age 15 years and above who consume alcohol (%),27.2,27.1,False,False
Tamil Nadu,Perambalur,Population and Household Profile,1,Population below age 5 years (%),7.1,6.1,False,False
Tamil Nadu,Perambalur,Population and Household Profile,2,Population below age 15 years (%),22.2,22.6,False,False
Tamil Nadu,Perambalur,Population and Household Profile,3,Population age 60 years and above (%),17.8,17.2,False,False
Tamil Nadu,Perambalur,Population and Household Profile,4,Population living in households with electricity (%),99.8,99.1,False,False
Tamil Nadu,Perambalur,Population and Household Profile,5,Population living in households with an improved drinking-water source1 (%),99.4,100.0,False,False
Tamil Nadu,Perambalur,Population and Household Profile,6,Households using iodized salt (%),95.8,92.7,False,False
Tamil Nadu,Perambalur,Population and Household Profile,7,Households with any usual member covered under a health insurance/financing scheme (%),74.1,75.5,False,False
Tamil Nadu,Perambalur,Population and Household Profile,8,Households with any usual member having a bank account/post office account (%),98.4,96.0,False,False
Tamil Nadu,Perambalur,Population and Household Profile,9,Female population age 6 years and above who ever attended school (%),76.8,73.1,False,False
Tamil Nadu,Perambalur,Population and Household Profile,10,Households with any usual female members owning a house and/or land (alone or jointly with others) (%),24.4,18.1,False,False
Tamil Nadu,Perambalur,Population and Household Profile,11,Children age 2-4 years who attended pre-school (%),79.0,61.9,False,False
Tamil Nadu,Perambalur,Characteristics of Adults (age 15-49 years),12,Women with 10 or more years of schooling (%),62.8,49.0,False,False
Tamil Nadu,Perambalur,Characteristics of Adults (age 15-49 years),13,Men with 10 or more years of schooling (%),70.0,48.5,False,False
Tamil Nadu,Perambalur,Characteristics of Adults (age 15-49 years),14,Women who have ever used the internet (%),62.4,30.4,False,False
Tamil Nadu,Perambalur,Characteristics of Adults (age 15-49 years),15,Men who have ever used the internet (%),81.6,63.7,False,False
Tamil Nadu,Perambalur,Marriage and Fertility,16,Women age 20-24 years married before age 18 years (%),14.2,21.4,False,False
Tamil Nadu,Perambalur,Marriage and Fertility,17,Men age 25-29 years married before age 21 years (%),*,*,True,False
Tamil Nadu,Perambalur,Marriage and Fertility,18,Three or more births in the 5 years preceding the survey (%),1.8,1.3,False,False
Tamil Nadu,Perambalur,Marriage and Fertility,19,Women age 15-19 years who were already mothers or pregnant at the time of the survey (%),4.4,7.7,False,False
Tamil Nadu,Perambalur,Marriage and Fertility,20,Any method2 (%),65.3,63.1,False,False
Tamil Nadu,Perambalur,Marriage and Fertility,21,Any modern method2 (%),60.0,58.9,False,False
Tamil Nadu,Perambalur,Marriage and Fertility,22,Any traditional method (%),5.3,4.2,False,False
Tamil Nadu,Perambalur,Marriage and Fertility,23,Female sterilization (%),48.4,48.7,False,False
Tamil Nadu,Perambalur,Marriage and Fertility,24,Male sterilization (%),0.0,0.0,False,False
Tamil Nadu,Perambalur,Marriage and Fertility,25,Total unmet need3 (%),6.9,11.4,False,False
Tamil Nadu,Perambalur,Marriage and Fertility,26,Unmet need for spacing3 (%),4.6,3.1,False,False
Tamil Nadu,Perambalur,Marriage and Fertility,27,Unmet need for limiting3 (%),2.3,8.3,False,False
Tamil Nadu,Perambalur,Antenatal Care (for last birth in the 5 years before the survey),28,Mothers who had an antenatal check-up in the first trimester (%),90.7,85.8,False,False
Tamil Nadu,Perambalur,Antenatal Care (for last birth in the 5 years before the survey),29,Mothers who had any antenatal care visits (%),100.0,97.9,False,False
Tamil Nadu,Perambalur,Antenatal Care (for last birth in the 5 years before the survey),30,Mothers who had at least 4 antenatal care visits (%),98.9,92.2,False,False
Tamil Nadu,Perambalur,Antenatal Care (for last birth in the 5 years before the survey),31,Mothers whose last birth was protected against neonatal tetanus4 (%),98.9,94.1,False,False
Tamil Nadu,Perambalur,Antenatal Care (for last birth in the 5 years before the survey),32,Mothers who consumed iron folic acid for 100 days or more when they were pregnant (%),94.7,78.7,False,False
Tamil Nadu,Perambalur,Antenatal Care (for last birth in the 5 years before the survey),33,Mothers who consumed iron folic acid for 180 days or more when they were pregnant (%),77.5,57.3,False,False
Tamil Nadu,Perambalur,Antenatal Care (for last birth in the 5 years before the survey),34,Registered pregnancies for which the mother received a Mother and Child Protection (MCP) card (%),100.0,99.4,False,False
Tamil Nadu,Perambalur,Delivery Care (for births in the 5 years before the survey),35,Institutional births (%),100.0,100.0,False,False
Tamil Nadu,Perambalur,Delivery Care (for births in the 5 years before the survey),36,Institutional births in public facility (%),60.3,69.5,False,False
Tamil Nadu,Perambalur,Delivery Care (for births in the 5 years before the survey),37,Births attended by skilled health personnel5 (%),100.0,100.0,False,False
Tamil Nadu,Perambalur,Delivery Care (for births in the 5 years before the survey),38,Births delivered by caesarean section (%),44.2,50.3,False,False
Tamil Nadu,Perambalur,Delivery Care (for births in the 5 years before the survey),39,Births in a private health facility that were delivered by caesarean section (%),61.8,75.4,False,False
Tamil Nadu,Perambalur,Delivery Care (for births in the 5 years before the survey),40,Births in a public health facility that were delivered by caesarean section (%),32.6,39.3,False,False
Tamil Nadu,Perambalur,Postnatal Care (for last birth in the 5 years before the survey),41,Mothers who received postnatal care from a doctor/nurse/LHV/ANM/midwife/other health personnel within 2,100.0,90.1,False,False
Tamil Nadu,Perambalur,Postnatal Care (for last birth in the 5 years before the survey),42,Children born at home who were taken to a health facility for a check-up within 24 hours of birth (%),*,*,True,False
Tamil Nadu,Perambalur,Postnatal Care (for last birth in the 5 years before the survey),43,Children who received postnatal care from a doctor/nurse/LHV/ANM/midwife/other health personnel within 2,100.0,92.6,False,False
Tamil Nadu,Perambalur,Child Vaccinations and Vitamin A Supplementation,44,Children age 12-23 months fully vaccinated based on information from either vaccination card or mother's,93.1,92.5,True,False
Tamil Nadu,Perambalur,Child Vaccinations and Vitamin A Supplementation,45,Children age 12-23 months fully vaccinated based on information from vaccination card only7 (%),93.1,94.0,True,False
Tamil Nadu,Perambalur,Child Vaccinations and Vitamin A Supplementation,46,Children age 12-23 months who have received any vaccine (%),97.6,94.9,True,False
Tamil Nadu,Perambalur,Child Vaccinations and Vitamin A Supplementation,47,Children age 12-23 months who have received BCG (%),97.3,94.9,True,False
Tamil Nadu,Perambalur,Child Vaccinations and Vitamin A Supplementation,48,Children age 12-23 months who have received 3 doses of polio vaccine8 (%),93.4,92.5,True,False
Tamil Nadu,Perambalur,Child Vaccinations and Vitamin A Supplementation,49,Children age 12-23 months who have received 3 doses of pentavalent vaccine (%),93.4,92.5,True,False
Tamil Nadu,Perambalur,Child Vaccinations and Vitamin A Supplementation,50,Children age 12-23 months who have received the first dose of measles-containing vaccine (MCV) (%),93.4,94.9,True,False
Tamil Nadu,Perambalur,Child Vaccinations and Vitamin A Supplementation,51,Children age 24-35 months who have received a second dose of measles-containing vaccine (MCV) (%),71.3,72.2,True,False
Tamil Nadu,Perambalur,Child Vaccinations and Vitamin A Supplementation,52,Children age 12-23 months who have received birth dose of hepatitis B vaccine (%),90.6,90.1,True,False
Tamil Nadu,Perambalur,Child Vaccinations and Vitamin A Supplementation,53,Children age 12-23 months who have received 3 doses of rotavirus vaccine (%),89.2,49.7,True,False
Tamil Nadu,Perambalur,Child Vaccinations and Vitamin A Supplementation,54,Children age 9-35 months who received a vitamin A dose in the last 6 months (%),78.7,64.1,False,False
Tamil Nadu,Perambalur,Child Vaccinations and Vitamin A Supplementation,55,Children age 12-23 months who received most of their vaccinations in a public health facility (%),96.9,100.0,True,False
Tamil Nadu,Perambalur,Child Vaccinations and Vitamin A Supplementation,56,Children age 12-23 months who received most of their vaccinations in a private health facility (%),3.1,0.0,True,False
Tamil Nadu,Perambalur,Treatment of Childhood Diseases (children under age 5 years),57,Prevalence of diarrhoea in the 2 weeks preceding the survey (%),3.0,4.3,False,False
Tamil Nadu,Perambalur,Treatment of Childhood Diseases (children under age 5 years),58,Prevalence of symptoms of acute respiratory infection (ARI) in the 2 weeks preceding the survey (%),0.7,0.0,False,False
Tamil Nadu,Perambalur,Treatment of Childhood Diseases (children under age 5 years),59,Children with fever or symptoms of ARI in the 2 weeks preceding the survey taken to a health facility or,*,*,True,False
Tamil Nadu,Perambalur,Child Feeding Practices and Nutritional Status of Children,60,Children under age 3 years breastfed within one hour of birth9 (%),59.6,51.9,False,False
Tamil Nadu,Perambalur,Child Feeding Practices and Nutritional Status of Children,61,Children under age 6 months exclusively breastfed10 (%),*,*,True,False
Tamil Nadu,Perambalur,Child Feeding Practices and Nutritional Status of Children,62,Children under age 6 months currently breastfeeding10 (%),*,*,True,False
Tamil Nadu,Perambalur,Child Feeding Practices and Nutritional Status of Children,63,Children under age 6 months exclusively breastfed or breastfeeding and consuming plain water/other,*,*,True,False
Tamil Nadu,Perambalur,Child Feeding Practices and Nutritional Status of Children,64,Children age 6-8 months receiving solid or semi-solid food and breastmilk10 (%),*,*,True,False
Tamil Nadu,Perambalur,Child Feeding Practices and Nutritional Status of Children,65,"Breastfeeding children age 6-23 months receiving an adequate diet10, 11 (%)",23.0,11.4,True,False
Tamil Nadu,Perambalur,Child Feeding Practices and Nutritional Status of Children,66,"Non-breastfeeding children age 6-23 months receiving an adequate diet10, 11 (%)",*,*,True,False
Tamil Nadu,Perambalur,Child Feeding Practices and Nutritional Status of Children,67,"Total children age 6-23 months receiving an adequate diet10, 11 (%)",23.2,12.6,False,False
Tamil Nadu,Perambalur,Child Feeding Practices and Nutritional Status of Children,68,Children under 5 years who are stunted (height-for-age)12 (%),16.4,29.1,False,False
Tamil Nadu,Perambalur,Child Feeding Practices and Nutritional Status of Children,69,Children under 5 years who are wasted (weight-for-height)12 (%),18.0,15.9,False,False
Tamil Nadu,Perambalur,Child Feeding Practices and Nutritional Status of Children,70,Children under 5 years who are severely wasted (weight-for-height)13 (%),7.4,4.2,False,False
Tamil Nadu,Perambalur,Child Feeding Practices and Nutritional Status of Children,71,Children under 5 years who are underweight (weight-for-age)12 (%),25.1,22.3,False,False
Tamil Nadu,Perambalur,Child Feeding Practices and Nutritional Status of Children,72,Children under 5 years who are overweight (weight-for-height)14 (%),1.0,2.9,False,False
Tamil Nadu,Perambalur,Nutritional Status of Adults (age 15-49 years),73,Women whose Body Mass Index (BMI) is below normal (BMI <18.5 kg/m2)15 (%),13.9,18.0,False,False
Tamil Nadu,Perambalur,Nutritional Status of Adults (age 15-49 years),74,Women who are overweight or obese (BMI ≥25.0 kg/m2)15 (%),43.0,32.9,False,False
Tamil Nadu,Perambalur,Women,75,Blood sugar level - high (141-160 mg/dl)16 (%),9.8,8.4,False,False
Tamil Nadu,Perambalur,Women,76,Blood sugar level - very high (>160 mg/dl)16 (%),16.2,10.3,False,False
Tamil Nadu,Perambalur,Women,77,Blood sugar level - high or very high (>140 mg/dl) or taking medicine to control blood sugar level16 (%),28.8,21.0,False,False
Tamil Nadu,Perambalur,Men,78,Blood sugar level - high (141-160 mg/dl)16 (%),9.6,7.0,False,False
Tamil Nadu,Perambalur,Men,79,Blood sugar level - very high (>160 mg/dl)16 (%),19.5,13.7,False,False
Tamil Nadu,Perambalur,Men,80,Blood sugar level - high or very high (>140 mg/dl) or taking medicine to control blood sugar level16 (%),32.8,23.2,False,False
Tamil Nadu,Perambalur,Women,81,Mildly elevated blood pressure (Systolic 140-159 mm of Hg and/or Diastolic 90-99 mm of Hg) (%),10.3,11.4,False,False
Tamil Nadu,Perambalur,Women,82,Moderately or severely elevated blood pressure (Systolic ≥160 mm of Hg and/or Diastolic ≥100 mm,4.0,3.8,False,False
Tamil Nadu,Perambalur,Women,83,Elevated blood pressure (Systolic ≥140 mm of Hg and/or Diastolic ≥90 mm of Hg) or taking medicine to,21.2,19.8,False,False
Tamil Nadu,Perambalur,Men,84,Mildly elevated blood pressure (Systolic 140-159 mm of Hg and/or Diastolic 90-99 mm of Hg) (%),16.3,16.7,False,False
Tamil Nadu,Perambalur,Men,85,Moderately or severely elevated blood pressure (Systolic ≥160 mm of Hg and/or Diastolic ≥100 mm,5.2,5.6,False,False
Tamil Nadu,Perambalur,Men,86,Elevated blood pressure (Systolic ≥140 mm of Hg and/or Diastolic ≥90 mm of Hg) or taking medicine to,27.9,26.1,False,False
Tamil Nadu,Perambalur,Men,87,Women having a bank or savings account that they themselves use (%),95.3,93.2,False,False
Tamil Nadu,Perambalur,Men,88,Women having a mobile phone that they themselves use (%),77.1,69.9,False,False
Tamil Nadu,Perambalur,Men,89,Women age 15-24 years who use hygienic methods of protection during their menstrual period17 (%),100.0,97.8,False,False
Tamil Nadu,Perambalur,Tobacco Use and Alcohol Consumption among Adults (age 15 years and above),90,Women age 15 years and above who use any kind of tobacco (%),6.9,5.5,False,False
Tamil Nadu,Perambalur,Tobacco Use and Alcohol Consumption among Adults (age 15 years and above),91,Men age 15 years and above who use any kind of tobacco (%),19.1,20.3,False,False
Tamil Nadu,Perambalur,Tobacco Use and Alcohol Consumption among Adults (age 15 years and above),92,Women age 15 years and above who consume alcohol (%),0.2,0.2,False,False
Tamil Nadu,Perambalur,Tobacco Use and Alcohol Consumption among Adults (age 15 years and above),93,Men age 15 years and above who consume alcohol (%),23.5,29.1,False,False
Tamil Nadu,Pudukkottai,Population and Household Profile,1,Population below age 5 years (%),6.9,7.2,False,False
Tamil Nadu,Pudukkottai,Population and Household Profile,2,Population below age 15 years (%),22.1,23.7,False,False
Tamil Nadu,Pudukkottai,Population and Household Profile,3,Population age 60 years and above (%),16.0,15.2,False,False
Tamil Nadu,Pudukkottai,Population and Household Profile,4,Population living in households with electricity (%),98.9,98.9,False,False
Tamil Nadu,Pudukkottai,Population and Household Profile,5,Population living in households with an improved drinking-water source1 (%),94.1,95.7,False,False
Tamil Nadu,Pudukkottai,Population and Household Profile,6,Households using iodized salt (%),87.3,90.6,False,False
Tamil Nadu,Pudukkottai,Population and Household Profile,7,Households with any usual member covered under a health insurance/financing scheme (%),73.3,72.9,False,False
Tamil Nadu,Pudukkottai,Population and Household Profile,8,Households with any usual member having a bank account/post office account (%),99.0,97.8,False,False
Tamil Nadu,Pudukkottai,Population and Household Profile,9,Female population age 6 years and above who ever attended school (%),78.3,74.7,False,False
Tamil Nadu,Pudukkottai,Population and Household Profile,10,Households with any usual female members owning a house and/or land (alone or jointly with others) (%),20.5,17.8,False,False
Tamil Nadu,Pudukkottai,Population and Household Profile,11,Children age 2-4 years who attended pre-school (%),71.0,51.9,False,False
Tamil Nadu,Pudukkottai,Characteristics of Adults (age 15-49 years),12,Women with 10 or more years of schooling (%),62.0,52.2,False,False
Tamil Nadu,Pudukkottai,Characteristics of Adults (age 15-49 years),13,Men with 10 or more years of schooling (%),58.1,53.7,False,False
Tamil Nadu,Pudukkottai,Characteristics of Adults (age 15-49 years),14,Women who have ever used the internet (%),55.1,36.8,False,False
Tamil Nadu,Pudukkottai,Characteristics of Adults (age 15-49 years),15,Men who have ever used the internet (%),66.1,57.8,False,False
Tamil Nadu,Pudukkottai,Marriage and Fertility,16,Women age 20-24 years married before age 18 years (%),9.8,11.6,False,False
Tamil Nadu,Pudukkottai,Marriage and Fertility,17,Men age 25-29 years married before age 21 years (%),*,*,True,False
Tamil Nadu,Pudukkottai,Marriage and Fertility,18,Three or more births in the 5 years preceding the survey (%),1.1,0.4,False,False
Tamil Nadu,Pudukkottai,Marriage and Fertility,19,Women age 15-19 years who were already mothers or pregnant at the time of the survey (%),3.8,11.3,False,False
Tamil Nadu,Pudukkottai,Marriage and Fertility,20,Any method2 (%),61.2,68.0,False,False
Tamil Nadu,Pudukkottai,Marriage and Fertility,21,Any modern method2 (%),60.1,64.3,False,False
Tamil Nadu,Pudukkottai,Marriage and Fertility,22,Any traditional method (%),1.1,3.7,False,False
Tamil Nadu,Pudukkottai,Marriage and Fertility,23,Female sterilization (%),50.7,55.8,False,False
Tamil Nadu,Pudukkottai,Marriage and Fertility,24,Male sterilization (%),0.2,0.0,False,False
Tamil Nadu,Pudukkottai,Marriage and Fertility,25,Total unmet need3 (%),9.8,12.2,False,False
Tamil Nadu,Pudukkottai,Marriage and Fertility,26,Unmet need for spacing3 (%),5.6,5.7,False,False
Tamil Nadu,Pudukkottai,Marriage and Fertility,27,Unmet need for limiting3 (%),4.2,6.5,False,False
Tamil Nadu,Pudukkottai,Antenatal Care (for last birth in the 5 years before the survey),28,Mothers who had an antenatal check-up in the first trimester (%),69.8,77.9,False,False
Tamil Nadu,Pudukkottai,Antenatal Care (for last birth in the 5 years before the survey),29,Mothers who had any antenatal care visits (%),97.3,94.6,False,False
Tamil Nadu,Pudukkottai,Antenatal Care (for last birth in the 5 years before the survey),30,Mothers who had at least 4 antenatal care visits (%),92.5,91.6,False,False
Tamil Nadu,Pudukkottai,Antenatal Care (for last birth in the 5 years before the survey),31,Mothers whose last birth was protected against neonatal tetanus4 (%),94.4,89.9,False,False
Tamil Nadu,Pudukkottai,Antenatal Care (for last birth in the 5 years before the survey),32,Mothers who consumed iron folic acid for 100 days or more when they were pregnant (%),83.8,73.7,False,False
Tamil Nadu,Pudukkottai,Antenatal Care (for last birth in the 5 years before the survey),33,Mothers who consumed iron folic acid for 180 days or more when they were pregnant (%),67.4,53.3,False,False
Tamil Nadu,Pudukkottai,Antenatal Care (for last birth in the 5 years before the survey),34,Registered pregnancies for which the mother received a Mother and Child Protection (MCP) card (%),99.0,99.2,False,False
Tamil Nadu,Pudukkottai,Delivery Care (for births in the 5 years before the survey),35,Institutional births (%),99.8,100.0,False,False
Tamil Nadu,Pudukkottai,Delivery Care (for births in the 5 years before the survey),36,Institutional births in public facility (%),67.4,68.6,False,False
Tamil Nadu,Pudukkottai,Delivery Care (for births in the 5 years before the survey),37,Births attended by skilled health personnel5 (%),100.0,100.0,False,False
Tamil Nadu,Pudukkottai,Delivery Care (for births in the 5 years before the survey),38,Births delivered by caesarean section (%),46.2,41.2,False,False
Tamil Nadu,Pudukkottai,Delivery Care (for births in the 5 years before the survey),39,Births in a private health facility that were delivered by caesarean section (%),68.3,65.2,False,False
Tamil Nadu,Pudukkottai,Delivery Care (for births in the 5 years before the survey),40,Births in a public health facility that were delivered by caesarean section (%),35.7,30.1,False,False
Tamil Nadu,Pudukkottai,Postnatal Care (for last birth in the 5 years before the survey),41,Mothers who received postnatal care from a doctor/nurse/LHV/ANM/midwife/other health personnel within 2,96.8,95.4,False,False
Tamil Nadu,Pudukkottai,Postnatal Care (for last birth in the 5 years before the survey),42,Children born at home who were taken to a health facility for a check-up within 24 hours of birth (%),*,*,True,False
Tamil Nadu,Pudukkottai,Postnatal Care (for last birth in the 5 years before the survey),43,Children who received postnatal care from a doctor/nurse/LHV/ANM/midwife/other health personnel within 2,96.6,94.5,False,False
Tamil Nadu,Pudukkottai,Child Vaccinations and Vitamin A Supplementation,44,Children age 12-23 months fully vaccinated based on information from either vaccination card or mother's,97.7,83.3,True,False
Tamil Nadu,Pudukkottai,Child Vaccinations and Vitamin A Supplementation,45,Children age 12-23 months fully vaccinated based on information from vaccination card only7 (%),91.8,75.9,True,False
Tamil Nadu,Pudukkottai,Child Vaccinations and Vitamin A Supplementation,46,Children age 12-23 months who have received any vaccine (%),100.0,97.1,True,False
Tamil Nadu,Pudukkottai,Child Vaccinations and Vitamin A Supplementation,47,Children age 12-23 months who have received BCG (%),100.0,92.1,True,False
Tamil Nadu,Pudukkottai,Child Vaccinations and Vitamin A Supplementation,48,Children age 12-23 months who have received 3 doses of polio vaccine8 (%),100.0,90.7,True,False
Tamil Nadu,Pudukkottai,Child Vaccinations and Vitamin A Supplementation,49,Children age 12-23 months who have received 3 doses of pentavalent vaccine (%),97.7,97.1,True,False
Tamil Nadu,Pudukkottai,Child Vaccinations and Vitamin A Supplementation,50,Children age 12-23 months who have received the first dose of measles-containing vaccine (MCV) (%),100.0,94.6,True,False
Tamil Nadu,Pudukkottai,Child Vaccinations and Vitamin A Supplementation,51,Children age 24-35 months who have received a second dose of measles-containing vaccine (MCV) (%),94.7,74.5,True,False
Tamil Nadu,Pudukkottai,Child Vaccinations and Vitamin A Supplementation,52,Children age 12-23 months who have received birth dose of hepatitis B vaccine (%),98.9,77.1,True,False
Tamil Nadu,Pudukkottai,Child Vaccinations and Vitamin A Supplementation,53,Children age 12-23 months who have received 3 doses of rotavirus vaccine (%),97.9,47.0,True,False
Tamil Nadu,Pudukkottai,Child Vaccinations and Vitamin A Supplementation,54,Children age 9-35 months who received a vitamin A dose in the last 6 months (%),89.1,69.0,False,False
Tamil Nadu,Pudukkottai,Child Vaccinations and Vitamin A Supplementation,55,Children age 12-23 months who received most of their vaccinations in a public health facility (%),100.0,93.6,True,False
Tamil Nadu,Pudukkottai,Child Vaccinations and Vitamin A Supplementation,56,Children age 12-23 months who received most of their vaccinations in a private health facility (%),0.0,6.5,True,False
Tamil Nadu,Pudukkottai,Treatment of Childhood Diseases (children under age 5 years),57,Prevalence of diarrhoea in the 2 weeks preceding the survey (%),8.0,5.1,False,False
Tamil Nadu,Pudukkottai,Treatment of Childhood Diseases (children under age 5 years),58,Prevalence of symptoms of acute respiratory infection (ARI) in the 2 weeks preceding the survey (%),0.8,3.3,False,False
Tamil Nadu,Pudukkottai,Treatment of Childhood Diseases (children under age 5 years),59,Children with fever or symptoms of ARI in the 2 weeks preceding the survey taken to a health facility or,85.1,63.8,True,False
Tamil Nadu,Pudukkottai,Child Feeding Practices and Nutritional Status of Children,60,Children under age 3 years breastfed within one hour of birth9 (%),58.6,46.5,False,False
Tamil Nadu,Pudukkottai,Child Feeding Practices and Nutritional Status of Children,61,Children under age 6 months exclusively breastfed10 (%),*,*,True,False
Tamil Nadu,Pudukkottai,Child Feeding Practices and Nutritional Status of Children,62,Children under age 6 months currently breastfeeding10 (%),*,*,True,False
Tamil Nadu,Pudukkottai,Child Feeding Practices and Nutritional Status of Children,63,Children under age 6 months exclusively breastfed or breastfeeding and consuming plain water/other,*,*,True,False
Tamil Nadu,Pudukkottai,Child Feeding Practices and Nutritional Status of Children,64,Children age 6-8 months receiving solid or semi-solid food and breastmilk10 (%),*,*,True,False
Tamil Nadu,Pudukkottai,Child Feeding Practices and Nutritional Status of Children,65,"Breastfeeding children age 6-23 months receiving an adequate diet10, 11 (%)",0.0,25.2,True,False
Tamil Nadu,Pudukkottai,Child Feeding Practices and Nutritional Status of Children,66,"Non-breastfeeding children age 6-23 months receiving an adequate diet10, 11 (%)",*,17.7,True,False
Tamil Nadu,Pudukkottai,Child Feeding Practices and Nutritional Status of Children,67,"Total children age 6-23 months receiving an adequate diet10, 11 (%)",6.0,22.3,False,False
Tamil Nadu,Pudukkottai,Child Feeding Practices and Nutritional Status of Children,68,Children under 5 years who are stunted (height-for-age)12 (%),19.0,32.2,False,False
Tamil Nadu,Pudukkottai,Child Feeding Practices and Nutritional Status of Children,69,Children under 5 years who are wasted (weight-for-height)12 (%),22.8,9.5,False,False
Tamil Nadu,Pudukkottai,Child Feeding Practices and Nutritional Status of Children,70,Children under 5 years who are severely wasted (weight-for-height)13 (%),3.6,1.6,False,False
Tamil Nadu,Pudukkottai,Child Feeding Practices and Nutritional Status of Children,71,Children under 5 years who are underweight (weight-for-age)12 (%),25.3,21.6,False,False
Tamil Nadu,Pudukkottai,Child Feeding Practices and Nutritional Status of Children,72,Children under 5 years who are overweight (weight-for-height)14 (%),0.9,2.8,False,False
Tamil Nadu,Pudukkottai,Nutritional Status of Adults (age 15-49 years),73,Women whose Body Mass Index (BMI) is below normal (BMI <18.5 kg/m2)15 (%),18.6,20.3,False,False
Tamil Nadu,Pudukkottai,Nutritional Status of Adults (age 15-49 years),74,Women who are overweight or obese (BMI ≥25.0 kg/m2)15 (%),37.2,32.0,False,False
Tamil Nadu,Pudukkottai,Women,75,Blood sugar level - high (141-160 mg/dl)16 (%),7.4,6.5,False,False
Tamil Nadu,Pudukkottai,Women,76,Blood sugar level - very high (>160 mg/dl)16 (%),14.4,9.4,False,False
Tamil Nadu,Pudukkottai,Women,77,Blood sugar level - high or very high (>140 mg/dl) or taking medicine to control blood sugar level16 (%),24.0,18.5,False,False
Tamil Nadu,Pudukkottai,Men,78,Blood sugar level - high (141-160 mg/dl)16 (%),9.3,6.6,False,False
Tamil Nadu,Pudukkottai,Men,79,Blood sugar level - very high (>160 mg/dl)16 (%),16.5,13.8,False,False
Tamil Nadu,Pudukkottai,Men,80,Blood sugar level - high or very high (>140 mg/dl) or taking medicine to control blood sugar level16 (%),28.1,23.0,False,False
Tamil Nadu,Pudukkottai,Women,81,Mildly elevated blood pressure (Systolic 140-159 mm of Hg and/or Diastolic 90-99 mm of Hg) (%),11.1,11.7,False,False
Tamil Nadu,Pudukkottai,Women,82,Moderately or severely elevated blood pressure (Systolic ≥160 mm of Hg and/or Diastolic ≥100 mm,4.3,5.3,False,False
Tamil Nadu,Pudukkottai,Women,83,Elevated blood pressure (Systolic ≥140 mm of Hg and/or Diastolic ≥90 mm of Hg) or taking medicine to,22.4,23.0,False,False
Tamil Nadu,Pudukkottai,Men,84,Mildly elevated blood pressure (Systolic 140-159 mm of Hg and/or Diastolic 90-99 mm of Hg) (%),17.6,17.3,False,False
Tamil Nadu,Pudukkottai,Men,85,Moderately or severely elevated blood pressure (Systolic ≥160 mm of Hg and/or Diastolic ≥100 mm,9.8,7.5,False,False
Tamil Nadu,Pudukkottai,Men,86,Elevated blood pressure (Systolic ≥140 mm of Hg and/or Diastolic ≥90 mm of Hg) or taking medicine to,33.0,30.2,False,False
Tamil Nadu,Pudukkottai,Men,87,Women having a bank or savings account that they themselves use (%),88.8,95.9,False,False
Tamil Nadu,Pudukkottai,Men,88,Women having a mobile phone that they themselves use (%),73.6,68.6,False,False
Tamil Nadu,Pudukkottai,Men,89,Women age 15-24 years who use hygienic methods of protection during their menstrual period17 (%),95.3,95.1,False,False
Tamil Nadu,Pudukkottai,Tobacco Use and Alcohol Consumption among Adults (age 15 years and above),90,Women age 15 years and above who use any kind of tobacco (%),8.9,7.6,False,False
Tamil Nadu,Pudukkottai,Tobacco Use and Alcohol Consumption among Adults (age 15 years and above),91,Men age 15 years and above who use any kind of tobacco (%),23.9,28.3,False,False
Tamil Nadu,Pudukkottai,Tobacco Use and Alcohol Consumption among Adults (age 15 years and above),92,Women age 15 years and above who consume alcohol (%),0.3,0.8,False,False
Tamil Nadu,Pudukkottai,Tobacco Use and Alcohol Consumption among Adults (age 15 years and above),93,Men age 15 years and above who consume alcohol (%),26.3,31.7,False,False
Tamil Nadu,Ramanathapuram,Population and Household Profile,1,Population below age 5 years (%),7.4,8.4,False,False
Tamil Nadu,Ramanathapuram,Population and Household Profile,2,Population below age 15 years (%),23.1,24.4,False,False
Tamil Nadu,Ramanathapuram,Population and Household Profile,3,Population age 60 years and above (%),16.9,13.6,False,False
Tamil Nadu,Ramanathapuram,Population and Household Profile,4,Population living in households with electricity (%),98.7,99.3,False,False
Tamil Nadu,Ramanathapuram,Population and Household Profile,5,Population living in households with an improved drinking-water source1 (%),94.6,93.9,False,False
Tamil Nadu,Ramanathapuram,Population and Household Profile,6,Households using iodized salt (%),89.0,90.6,False,False
Tamil Nadu,Ramanathapuram,Population and Household Profile,7,Households with any usual member covered under a health insurance/financing scheme (%),70.1,69.7,False,False
Tamil Nadu,Ramanathapuram,Population and Household Profile,8,Households with any usual member having a bank account/post office account (%),98.6,96.6,False,False
Tamil Nadu,Ramanathapuram,Population and Household Profile,9,Female population age 6 years and above who ever attended school (%),80.1,80.3,False,False
Tamil Nadu,Ramanathapuram,Population and Household Profile,10,Households with any usual female members owning a house and/or land (alone or jointly with others) (%),18.5,16.8,False,False
Tamil Nadu,Ramanathapuram,Population and Household Profile,11,Children age 2-4 years who attended pre-school (%),68.3,46.5,False,False
Tamil Nadu,Ramanathapuram,Characteristics of Adults (age 15-49 years),12,Women with 10 or more years of schooling (%),61.6,53.7,False,False
Tamil Nadu,Ramanathapuram,Characteristics of Adults (age 15-49 years),13,Men with 10 or more years of schooling (%),73.5,57.8,False,False
Tamil Nadu,Ramanathapuram,Characteristics of Adults (age 15-49 years),14,Women who have ever used the internet (%),67.6,41.2,False,False
Tamil Nadu,Ramanathapuram,Characteristics of Adults (age 15-49 years),15,Men who have ever used the internet (%),84.9,74.9,False,False
Tamil Nadu,Ramanathapuram,Marriage and Fertility,16,Women age 20-24 years married before age 18 years (%),6.4,14.7,False,False
Tamil Nadu,Ramanathapuram,Marriage and Fertility,17,Men age 25-29 years married before age 21 years (%),*,*,True,False
Tamil Nadu,Ramanathapuram,Marriage and Fertility,18,Three or more births in the 5 years preceding the survey (%),0.0,1.1,False,False
Tamil Nadu,Ramanathapuram,Marriage and Fertility,19,Women age 15-19 years who were already mothers or pregnant at the time of the survey (%),5.1,6.0,False,False
Tamil Nadu,Ramanathapuram,Marriage and Fertility,20,Any method2 (%),62.3,72.2,False,False
Tamil Nadu,Ramanathapuram,Marriage and Fertility,21,Any modern method2 (%),60.8,68.1,False,False
Tamil Nadu,Ramanathapuram,Marriage and Fertility,22,Any traditional method (%),1.5,4.1,False,False
Tamil Nadu,Ramanathapuram,Marriage and Fertility,23,Female sterilization (%),52.8,56.6,False,False
Tamil Nadu,Ramanathapuram,Marriage and Fertility,24,Male sterilization (%),0.4,0.0,False,False
Tamil Nadu,Ramanathapuram,Marriage and Fertility,25,Total unmet need3 (%),7.9,7.9,False,False
Tamil Nadu,Ramanathapuram,Marriage and Fertility,26,Unmet need for spacing3 (%),4.1,3.9,False,False
Tamil Nadu,Ramanathapuram,Marriage and Fertility,27,Unmet need for limiting3 (%),3.8,4.0,False,False
Tamil Nadu,Ramanathapuram,Antenatal Care (for last birth in the 5 years before the survey),28,Mothers who had an antenatal check-up in the first trimester (%),59.6,82.9,False,False
Tamil Nadu,Ramanathapuram,Antenatal Care (for last birth in the 5 years before the survey),29,Mothers who had any antenatal care visits (%),92.0,96.1,False,False
Tamil Nadu,Ramanathapuram,Antenatal Care (for last birth in the 5 years before the survey),30,Mothers who had at least 4 antenatal care visits (%),91.2,88.2,False,False
Tamil Nadu,Ramanathapuram,Antenatal Care (for last birth in the 5 years before the survey),31,Mothers whose last birth was protected against neonatal tetanus4 (%),93.2,89.1,False,False
Tamil Nadu,Ramanathapuram,Antenatal Care (for last birth in the 5 years before the survey),32,Mothers who consumed iron folic acid for 100 days or more when they were pregnant (%),88.2,77.1,False,False
Tamil Nadu,Ramanathapuram,Antenatal Care (for last birth in the 5 years before the survey),33,Mothers who consumed iron folic acid for 180 days or more when they were pregnant (%),72.2,56.0,False,False
Tamil Nadu,Ramanathapuram,Antenatal Care (for last birth in the 5 years before the survey),34,Registered pregnancies for which the mother received a Mother and Child Protection (MCP) card (%),100.0,100.0,False,False
Tamil Nadu,Ramanathapuram,Delivery Care (for births in the 5 years before the survey),35,Institutional births (%),99.6,99.6,False,False
Tamil Nadu,Ramanathapuram,Delivery Care (for births in the 5 years before the survey),36,Institutional births in public facility (%),55.0,72.5,False,False
Tamil Nadu,Ramanathapuram,Delivery Care (for births in the 5 years before the survey),37,Births attended by skilled health personnel5 (%),100.0,99.3,False,False
Tamil Nadu,Ramanathapuram,Delivery Care (for births in the 5 years before the survey),38,Births delivered by caesarean section (%),49.2,47.5,False,False
Tamil Nadu,Ramanathapuram,Delivery Care (for births in the 5 years before the survey),39,Births in a private health facility that were delivered by caesarean section (%),50.7,62.5,False,False
Tamil Nadu,Ramanathapuram,Delivery Care (for births in the 5 years before the survey),40,Births in a public health facility that were delivered by caesarean section (%),48.4,42.1,False,False
Tamil Nadu,Ramanathapuram,Postnatal Care (for last birth in the 5 years before the survey),41,Mothers who received postnatal care from a doctor/nurse/LHV/ANM/midwife/other health personnel within 2,97.6,94.9,False,False
Tamil Nadu,Ramanathapuram,Postnatal Care (for last birth in the 5 years before the survey),42,Children born at home who were taken to a health facility for a check-up within 24 hours of birth (%),*,*,True,False
Tamil Nadu,Ramanathapuram,Postnatal Care (for last birth in the 5 years before the survey),43,Children who received postnatal care from a doctor/nurse/LHV/ANM/midwife/other health personnel within 2,97.0,95.8,False,False
Tamil Nadu,Ramanathapuram,Child Vaccinations and Vitamin A Supplementation,44,Children age 12-23 months fully vaccinated based on information from either vaccination card or mother's,100.0,90.4,True,False
Tamil Nadu,Ramanathapuram,Child Vaccinations and Vitamin A Supplementation,45,Children age 12-23 months fully vaccinated based on information from vaccination card only7 (%),95.9,91.1,True,False
Tamil Nadu,Ramanathapuram,Child Vaccinations and Vitamin A Supplementation,46,Children age 12-23 months who have received any vaccine (%),100.0,96.5,True,False
Tamil Nadu,Ramanathapuram,Child Vaccinations and Vitamin A Supplementation,47,Children age 12-23 months who have received BCG (%),100.0,96.5,True,False
Tamil Nadu,Ramanathapuram,Child Vaccinations and Vitamin A Supplementation,48,Children age 12-23 months who have received 3 doses of polio vaccine8 (%),100.0,96.5,True,False
Tamil Nadu,Ramanathapuram,Child Vaccinations and Vitamin A Supplementation,49,Children age 12-23 months who have received 3 doses of pentavalent vaccine (%),100.0,90.4,True,False
Tamil Nadu,Ramanathapuram,Child Vaccinations and Vitamin A Supplementation,50,Children age 12-23 months who have received the first dose of measles-containing vaccine (MCV) (%),100.0,96.5,True,False
Tamil Nadu,Ramanathapuram,Child Vaccinations and Vitamin A Supplementation,51,Children age 24-35 months who have received a second dose of measles-containing vaccine (MCV) (%),71.3,81.9,True,False
Tamil Nadu,Ramanathapuram,Child Vaccinations and Vitamin A Supplementation,52,Children age 12-23 months who have received birth dose of hepatitis B vaccine (%),100.0,81.2,True,False
Tamil Nadu,Ramanathapuram,Child Vaccinations and Vitamin A Supplementation,53,Children age 12-23 months who have received 3 doses of rotavirus vaccine (%),87.3,62.1,True,False
Tamil Nadu,Ramanathapuram,Child Vaccinations and Vitamin A Supplementation,54,Children age 9-35 months who received a vitamin A dose in the last 6 months (%),63.7,75.0,False,False
Tamil Nadu,Ramanathapuram,Child Vaccinations and Vitamin A Supplementation,55,Children age 12-23 months who received most of their vaccinations in a public health facility (%),100.0,93.3,True,False
Tamil Nadu,Ramanathapuram,Child Vaccinations and Vitamin A Supplementation,56,Children age 12-23 months who received most of their vaccinations in a private health facility (%),0.0,6.7,True,False
Tamil Nadu,Ramanathapuram,Treatment of Childhood Diseases (children under age 5 years),57,Prevalence of diarrhoea in the 2 weeks preceding the survey (%),4.6,3.3,False,False
Tamil Nadu,Ramanathapuram,Treatment of Childhood Diseases (children under age 5 years),58,Prevalence of symptoms of acute respiratory infection (ARI) in the 2 weeks preceding the survey (%),0.5,0.0,False,False
Tamil Nadu,Ramanathapuram,Treatment of Childhood Diseases (children under age 5 years),59,Children with fever or symptoms of ARI in the 2 weeks preceding the survey taken to a health facility or,*,*,True,False
Tamil Nadu,Ramanathapuram,Child Feeding Practices and Nutritional Status of Children,60,Children under age 3 years breastfed within one hour of birth9 (%),69.6,58.4,False,False
Tamil Nadu,Ramanathapuram,Child Feeding Practices and Nutritional Status of Children,61,Children under age 6 months exclusively breastfed10 (%),64.8,*,True,False
Tamil Nadu,Ramanathapuram,Child Feeding Practices and Nutritional Status of Children,62,Children under age 6 months currently breastfeeding10 (%),93.6,*,True,False
Tamil Nadu,Ramanathapuram,Child Feeding Practices and Nutritional Status of Children,63,Children under age 6 months exclusively breastfed or breastfeeding and consuming plain water/other,96.6,*,True,False
Tamil Nadu,Ramanathapuram,Child Feeding Practices and Nutritional Status of Children,64,Children age 6-8 months receiving solid or semi-solid food and breastmilk10 (%),*,*,True,False
Tamil Nadu,Ramanathapuram,Child Feeding Practices and Nutritional Status of Children,65,"Breastfeeding children age 6-23 months receiving an adequate diet10, 11 (%)",17.7,13.8,True,False
Tamil Nadu,Ramanathapuram,Child Feeding Practices and Nutritional Status of Children,66,"Non-breastfeeding children age 6-23 months receiving an adequate diet10, 11 (%)",*,*,True,False
Tamil Nadu,Ramanathapuram,Child Feeding Practices and Nutritional Status of Children,67,"Total children age 6-23 months receiving an adequate diet10, 11 (%)",17.8,19.9,False,False
Tamil Nadu,Ramanathapuram,Child Feeding Practices and Nutritional Status of Children,68,Children under 5 years who are stunted (height-for-age)12 (%),16.7,26.4,False,False
Tamil Nadu,Ramanathapuram,Child Feeding Practices and Nutritional Status of Children,69,Children under 5 years who are wasted (weight-for-height)12 (%),20.9,17.7,False,False
Tamil Nadu,Ramanathapuram,Child Feeding Practices and Nutritional Status of Children,70,Children under 5 years who are severely wasted (weight-for-height)13 (%),5.5,6.0,False,False
Tamil Nadu,Ramanathapuram,Child Feeding Practices and Nutritional Status of Children,71,Children under 5 years who are underweight (weight-for-age)12 (%),18.5,21.6,False,False
Tamil Nadu,Ramanathapuram,Child Feeding Practices and Nutritional Status of Children,72,Children under 5 years who are overweight (weight-for-height)14 (%),1.7,6.3,False,False
Tamil Nadu,Ramanathapuram,Nutritional Status of Adults (age 15-49 years),73,Women whose Body Mass Index (BMI) is below normal (BMI <18.5 kg/m2)15 (%),11.5,15.7,False,False
Tamil Nadu,Ramanathapuram,Nutritional Status of Adults (age 15-49 years),74,Women who are overweight or obese (BMI ≥25.0 kg/m2)15 (%),44.5,34.1,False,False
Tamil Nadu,Ramanathapuram,Women,75,Blood sugar level - high (141-160 mg/dl)16 (%),8.5,8.0,False,False
Tamil Nadu,Ramanathapuram,Women,76,Blood sugar level - very high (>160 mg/dl)16 (%),12.8,7.7,False,False
Tamil Nadu,Ramanathapuram,Women,77,Blood sugar level - high or very high (>140 mg/dl) or taking medicine to control blood sugar level16 (%),23.4,17.2,False,False
Tamil Nadu,Ramanathapuram,Men,78,Blood sugar level - high (141-160 mg/dl)16 (%),8.6,7.9,False,False
Tamil Nadu,Ramanathapuram,Men,79,Blood sugar level - very high (>160 mg/dl)16 (%),14.9,10.7,False,False
Tamil Nadu,Ramanathapuram,Men,80,Blood sugar level - high or very high (>140 mg/dl) or taking medicine to control blood sugar level16 (%),25.7,20.2,False,False
Tamil Nadu,Ramanathapuram,Women,81,Mildly elevated blood pressure (Systolic 140-159 mm of Hg and/or Diastolic 90-99 mm of Hg) (%),12.0,14.1,False,False
Tamil Nadu,Ramanathapuram,Women,82,Moderately or severely elevated blood pressure (Systolic ≥160 mm of Hg and/or Diastolic ≥100 mm,6.2,6.0,False,False
Tamil Nadu,Ramanathapuram,Women,83,Elevated blood pressure (Systolic ≥140 mm of Hg and/or Diastolic ≥90 mm of Hg) or taking medicine to,23.9,23.3,False,False
Tamil Nadu,Ramanathapuram,Men,84,Mildly elevated blood pressure (Systolic 140-159 mm of Hg and/or Diastolic 90-99 mm of Hg) (%),16.9,18.4,False,False
Tamil Nadu,Ramanathapuram,Men,85,Moderately or severely elevated blood pressure (Systolic ≥160 mm of Hg and/or Diastolic ≥100 mm,7.3,7.4,False,False
Tamil Nadu,Ramanathapuram,Men,86,Elevated blood pressure (Systolic ≥140 mm of Hg and/or Diastolic ≥90 mm of Hg) or taking medicine to,29.8,28.2,False,False
Tamil Nadu,Ramanathapuram,Men,87,Women having a bank or savings account that they themselves use (%),90.2,92.5,False,False
Tamil Nadu,Ramanathapuram,Men,88,Women having a mobile phone that they themselves use (%),80.1,74.3,False,False
Tamil Nadu,Ramanathapuram,Men,89,Women age 15-24 years who use hygienic methods of protection during their menstrual period17 (%),97.1,98.3,False,False
Tamil Nadu,Ramanathapuram,Tobacco Use and Alcohol Consumption among Adults (age 15 years and above),90,Women age 15 years and above who use any kind of tobacco (%),2.6,1.1,False,False
Tamil Nadu,Ramanathapuram,Tobacco Use and Alcohol Consumption among Adults (age 15 years and above),91,Men age 15 years and above who use any kind of tobacco (%),18.1,22.8,False,False
Tamil Nadu,Ramanathapuram,Tobacco Use and Alcohol Consumption among Adults (age 15 years and above),92,Women age 15 years and above who consume alcohol (%),0.3,0.6,False,False
Tamil Nadu,Ramanathapuram,Tobacco Use and Alcohol Consumption among Adults (age 15 years and above),93,Men age 15 years and above who consume alcohol (%),25.9,29.9,False,False
Tamil Nadu,Ranipet,Population and Household Profile,1,Population below age 5 years (%),7.1,,False,True
Tamil Nadu,Ranipet,Population and Household Profile,2,Population below age 15 years (%),21.9,,False,True
Tamil Nadu,Ranipet,Population and Household Profile,3,Population age 60 years and above (%),14.2,,False,True
Tamil Nadu,Ranipet,Population and Household Profile,4,Population living in households with electricity (%),99.6,,False,True
Tamil Nadu,Ranipet,Population and Household Profile,5,Population living in households with an improved drinking-water source1 (%),99.2,,False,True
Tamil Nadu,Ranipet,Population and Household Profile,6,Households using iodized salt (%),97.7,,False,True
Tamil Nadu,Ranipet,Population and Household Profile,7,Households with any usual member covered under a health insurance/financing scheme (%),65.9,,False,True
Tamil Nadu,Ranipet,Population and Household Profile,8,Households with any usual member having a bank account/post office account (%),98.7,,False,True
Tamil Nadu,Ranipet,Population and Household Profile,9,Female population age 6 years and above who ever attended school (%),82.2,,False,True
Tamil Nadu,Ranipet,Population and Household Profile,10,Households with any usual female members owning a house and/or land (alone or jointly with others) (%),13.9,,False,True
Tamil Nadu,Ranipet,Population and Household Profile,11,Children age 2-4 years who attended pre-school (%),60.0,,False,True
Tamil Nadu,Ranipet,Characteristics of Adults (age 15-49 years),12,Women with 10 or more years of schooling (%),62.4,,False,True
Tamil Nadu,Ranipet,Characteristics of Adults (age 15-49 years),13,Men with 10 or more years of schooling (%),69.8,,False,True
Tamil Nadu,Ranipet,Characteristics of Adults (age 15-49 years),14,Women who have ever used the internet (%),55.6,,False,True
Tamil Nadu,Ranipet,Characteristics of Adults (age 15-49 years),15,Men who have ever used the internet (%),82.3,,False,True
Tamil Nadu,Ranipet,Marriage and Fertility,16,Women age 20-24 years married before age 18 years (%),12.8,,False,True
Tamil Nadu,Ranipet,Marriage and Fertility,17,Men age 25-29 years married before age 21 years (%),*,,True,True
Tamil Nadu,Ranipet,Marriage and Fertility,18,Three or more births in the 5 years preceding the survey (%),0.9,,False,True
Tamil Nadu,Ranipet,Marriage and Fertility,19,Women age 15-19 years who were already mothers or pregnant at the time of the survey (%),4.1,,False,True
Tamil Nadu,Ranipet,Marriage and Fertility,20,Any method2 (%),73.2,,False,True
Tamil Nadu,Ranipet,Marriage and Fertility,21,Any modern method2 (%),70.0,,False,True
Tamil Nadu,Ranipet,Marriage and Fertility,22,Any traditional method (%),3.2,,False,True
Tamil Nadu,Ranipet,Marriage and Fertility,23,Female sterilization (%),63.1,,False,True
Tamil Nadu,Ranipet,Marriage and Fertility,24,Male sterilization (%),0.0,,False,True
Tamil Nadu,Ranipet,Marriage and Fertility,25,Total unmet need3 (%),4.3,,False,True
Tamil Nadu,Ranipet,Marriage and Fertility,26,Unmet need for spacing3 (%),2.1,,False,True
Tamil Nadu,Ranipet,Marriage and Fertility,27,Unmet need for limiting3 (%),2.2,,False,True
Tamil Nadu,Ranipet,Antenatal Care (for last birth in the 5 years before the survey),28,Mothers who had an antenatal check-up in the first trimester (%),89.7,,False,True
Tamil Nadu,Ranipet,Antenatal Care (for last birth in the 5 years before the survey),29,Mothers who had any antenatal care visits (%),100.0,,False,True
Tamil Nadu,Ranipet,Antenatal Care (for last birth in the 5 years before the survey),30,Mothers who had at least 4 antenatal care visits (%),98.5,,False,True
Tamil Nadu,Ranipet,Antenatal Care (for last birth in the 5 years before the survey),31,Mothers whose last birth was protected against neonatal tetanus4 (%),98.2,,False,True
Tamil Nadu,Ranipet,Antenatal Care (for last birth in the 5 years before the survey),32,Mothers who consumed iron folic acid for 100 days or more when they were pregnant (%),90.8,,False,True
Tamil Nadu,Ranipet,Antenatal Care (for last birth in the 5 years before the survey),33,Mothers who consumed iron folic acid for 180 days or more when they were pregnant (%),73.7,,False,True
Tamil Nadu,Ranipet,Antenatal Care (for last birth in the 5 years before the survey),34,Registered pregnancies for which the mother received a Mother and Child Protection (MCP) card (%),99.4,,False,True
Tamil Nadu,Ranipet,Delivery Care (for births in the 5 years before the survey),35,Institutional births (%),100.0,,False,True
Tamil Nadu,Ranipet,Delivery Care (for births in the 5 years before the survey),36,Institutional births in public facility (%),71.7,,False,True
Tamil Nadu,Ranipet,Delivery Care (for births in the 5 years before the survey),37,Births attended by skilled health personnel5 (%),100.0,,False,True
Tamil Nadu,Ranipet,Delivery Care (for births in the 5 years before the survey),38,Births delivered by caesarean section (%),36.6,,False,True
Tamil Nadu,Ranipet,Delivery Care (for births in the 5 years before the survey),39,Births in a private health facility that were delivered by caesarean section (%),30.9,,False,True
Tamil Nadu,Ranipet,Delivery Care (for births in the 5 years before the survey),40,Births in a public health facility that were delivered by caesarean section (%),38.9,,False,True
Tamil Nadu,Ranipet,Postnatal Care (for last birth in the 5 years before the survey),41,Mothers who received postnatal care from a doctor/nurse/LHV/ANM/midwife/other health personnel within 2,93.1,,False,True
Tamil Nadu,Ranipet,Postnatal Care (for last birth in the 5 years before the survey),42,Children born at home who were taken to a health facility for a check-up within 24 hours of birth (%),*,,True,True
Tamil Nadu,Ranipet,Postnatal Care (for last birth in the 5 years before the survey),43,Children who received postnatal care from a doctor/nurse/LHV/ANM/midwife/other health personnel within 2,91.2,,False,True
Tamil Nadu,Ranipet,Child Vaccinations and Vitamin A Supplementation,44,Children age 12-23 months fully vaccinated based on information from either vaccination card or mother's,87.0,,True,True
Tamil Nadu,Ranipet,Child Vaccinations and Vitamin A Supplementation,45,Children age 12-23 months fully vaccinated based on information from vaccination card only7 (%),85.7,,True,True
Tamil Nadu,Ranipet,Child Vaccinations and Vitamin A Supplementation,46,Children age 12-23 months who have received any vaccine (%),93.6,,True,True
Tamil Nadu,Ranipet,Child Vaccinations and Vitamin A Supplementation,47,Children age 12-23 months who have received BCG (%),91.0,,True,True
Tamil Nadu,Ranipet,Child Vaccinations and Vitamin A Supplementation,48,Children age 12-23 months who have received 3 doses of polio vaccine8 (%),93.6,,True,True
Tamil Nadu,Ranipet,Child Vaccinations and Vitamin A Supplementation,49,Children age 12-23 months who have received 3 doses of pentavalent vaccine (%),89.6,,True,True
Tamil Nadu,Ranipet,Child Vaccinations and Vitamin A Supplementation,50,Children age 12-23 months who have received the first dose of measles-containing vaccine (MCV) (%),92.3,,True,True
Tamil Nadu,Ranipet,Child Vaccinations and Vitamin A Supplementation,51,Children age 24-35 months who have received a second dose of measles-containing vaccine (MCV) (%),77.5,,False,True
Tamil Nadu,Ranipet,Child Vaccinations and Vitamin A Supplementation,52,Children age 12-23 months who have received birth dose of hepatitis B vaccine (%),88.3,,True,True
Tamil Nadu,Ranipet,Child Vaccinations and Vitamin A Supplementation,53,Children age 12-23 months who have received 3 doses of rotavirus vaccine (%),84.6,,True,True
Tamil Nadu,Ranipet,Child Vaccinations and Vitamin A Supplementation,54,Children age 9-35 months who received a vitamin A dose in the last 6 months (%),80.7,,False,True
Tamil Nadu,Ranipet,Child Vaccinations and Vitamin A Supplementation,55,Children age 12-23 months who received most of their vaccinations in a public health facility (%),88.9,,True,True
Tamil Nadu,Ranipet,Child Vaccinations and Vitamin A Supplementation,56,Children age 12-23 months who received most of their vaccinations in a private health facility (%),11.1,,True,True
Tamil Nadu,Ranipet,Treatment of Childhood Diseases (children under age 5 years),57,Prevalence of diarrhoea in the 2 weeks preceding the survey (%),0.4,,False,True
Tamil Nadu,Ranipet,Treatment of Childhood Diseases (children under age 5 years),58,Prevalence of symptoms of acute respiratory infection (ARI) in the 2 weeks preceding the survey (%),1.3,,False,True
Tamil Nadu,Ranipet,Treatment of Childhood Diseases (children under age 5 years),59,Children with fever or symptoms of ARI in the 2 weeks preceding the survey taken to a health facility or,*,,True,True
Tamil Nadu,Ranipet,Child Feeding Practices and Nutritional Status of Children,60,Children under age 3 years breastfed within one hour of birth9 (%),66.5,,False,True
Tamil Nadu,Ranipet,Child Feeding Practices and Nutritional Status of Children,61,Children under age 6 months exclusively breastfed10 (%),*,,True,True
Tamil Nadu,Ranipet,Child Feeding Practices and Nutritional Status of Children,62,Children under age 6 months currently breastfeeding10 (%),*,,True,True
Tamil Nadu,Ranipet,Child Feeding Practices and Nutritional Status of Children,63,Children under age 6 months exclusively breastfed or breastfeeding and consuming plain water/other,*,,True,True
Tamil Nadu,Ranipet,Child Feeding Practices and Nutritional Status of Children,64,Children age 6-8 months receiving solid or semi-solid food and breastmilk10 (%),*,,True,True
Tamil Nadu,Ranipet,Child Feeding Practices and Nutritional Status of Children,65,"Breastfeeding children age 6-23 months receiving an adequate diet10, 11 (%)",16.6,,False,True
Tamil Nadu,Ranipet,Child Feeding Practices and Nutritional Status of Children,66,"Non-breastfeeding children age 6-23 months receiving an adequate diet10, 11 (%)",*,,True,True
Tamil Nadu,Ranipet,Child Feeding Practices and Nutritional Status of Children,67,"Total children age 6-23 months receiving an adequate diet10, 11 (%)",16.2,,False,True
Tamil Nadu,Ranipet,Child Feeding Practices and Nutritional Status of Children,68,Children under 5 years who are stunted (height-for-age)12 (%),17.9,,False,True
Tamil Nadu,Ranipet,Child Feeding Practices and Nutritional Status of Children,69,Children under 5 years who are wasted (weight-for-height)12 (%),15.2,,False,True
Tamil Nadu,Ranipet,Child Feeding Practices and Nutritional Status of Children,70,Children under 5 years who are severely wasted (weight-for-height)13 (%),4.2,,False,True
Tamil Nadu,Ranipet,Child Feeding Practices and Nutritional Status of Children,71,Children under 5 years who are underweight (weight-for-age)12 (%),20.4,,False,True
Tamil Nadu,Ranipet,Child Feeding Practices and Nutritional Status of Children,72,Children under 5 years who are overweight (weight-for-height)14 (%),2.3,,False,True
Tamil Nadu,Ranipet,Nutritional Status of Adults (age 15-49 years),73,Women whose Body Mass Index (BMI) is below normal (BMI <18.5 kg/m2)15 (%),11.5,,False,True
Tamil Nadu,Ranipet,Nutritional Status of Adults (age 15-49 years),74,Women who are overweight or obese (BMI ≥25.0 kg/m2)15 (%),44.4,,False,True
Tamil Nadu,Ranipet,Women,75,Blood sugar level - high (141-160 mg/dl)16 (%),9.0,,False,True
Tamil Nadu,Ranipet,Women,76,Blood sugar level - very high (>160 mg/dl)16 (%),16.4,,False,True
Tamil Nadu,Ranipet,Women,77,Blood sugar level - high or very high (>140 mg/dl) or taking medicine to control blood sugar level16 (%),29.0,,False,True
Tamil Nadu,Ranipet,Men,78,Blood sugar level - high (141-160 mg/dl)16 (%),10.7,,False,True
Tamil Nadu,Ranipet,Men,79,Blood sugar level - very high (>160 mg/dl)16 (%),15.0,,False,True
Tamil Nadu,Ranipet,Men,80,Blood sugar level - high or very high (>140 mg/dl) or taking medicine to control blood sugar level16 (%),27.5,,False,True
Tamil Nadu,Ranipet,Women,81,Mildly elevated blood pressure (Systolic 140-159 mm of Hg and/or Diastolic 90-99 mm of Hg) (%),11.0,,False,True
Tamil Nadu,Ranipet,Women,82,Moderately or severely elevated blood pressure (Systolic ≥160 mm of Hg and/or Diastolic ≥100 mm,4.5,,False,True
Tamil Nadu,Ranipet,Women,83,Elevated blood pressure (Systolic ≥140 mm of Hg and/or Diastolic ≥90 mm of Hg) or taking medicine to,23.2,,False,True
Tamil Nadu,Ranipet,Men,84,Mildly elevated blood pressure (Systolic 140-159 mm of Hg and/or Diastolic 90-99 mm of Hg) (%),15.1,,False,True
Tamil Nadu,Ranipet,Men,85,Moderately or severely elevated blood pressure (Systolic ≥160 mm of Hg and/or Diastolic ≥100 mm,5.8,,False,True
Tamil Nadu,Ranipet,Men,86,Elevated blood pressure (Systolic ≥140 mm of Hg and/or Diastolic ≥90 mm of Hg) or taking medicine to,25.5,,False,True
Tamil Nadu,Ranipet,Men,87,Women having a bank or savings account that they themselves use (%),93.2,,False,True
Tamil Nadu,Ranipet,Men,88,Women having a mobile phone that they themselves use (%),71.6,,False,True
Tamil Nadu,Ranipet,Men,89,Women age 15-24 years who use hygienic methods of protection during their menstrual period17 (%),100.0,,False,True
Tamil Nadu,Ranipet,Tobacco Use and Alcohol Consumption among Adults (age 15 years and above),90,Women age 15 years and above who use any kind of tobacco (%),2.6,,False,True
Tamil Nadu,Ranipet,Tobacco Use and Alcohol Consumption among Adults (age 15 years and above),91,Men age 15 years and above who use any kind of tobacco (%),12.5,,False,True
Tamil Nadu,Ranipet,Tobacco Use and Alcohol Consumption among Adults (age 15 years and above),92,Women age 15 years and above who consume alcohol (%),0.1,,False,True
Tamil Nadu,Ranipet,Tobacco Use and Alcohol Consumption among Adults (age 15 years and above),93,Men age 15 years and above who consume alcohol (%),19.3,,False,True
Tamil Nadu,Salem,Population and Household Profile,1,Population below age 5 years (%),6.3,5.3,False,False
Tamil Nadu,Salem,Population and Household Profile,2,Population below age 15 years (%),19.8,20.1,False,False
Tamil Nadu,Salem,Population and Household Profile,3,Population age 60 years and above (%),14.8,16.6,False,False
Tamil Nadu,Salem,Population and Household Profile,4,Population living in households with electricity (%),99.5,99.5,False,False
Tamil Nadu,Salem,Population and Household Profile,5,Population living in households with an improved drinking-water source1 (%),99.1,97.6,False,False
Tamil Nadu,Salem,Population and Household Profile,6,Households using iodized salt (%),97.6,95.7,False,False
Tamil Nadu,Salem,Population and Household Profile,7,Households with any usual member covered under a health insurance/financing scheme (%),63.1,67.5,False,False
Tamil Nadu,Salem,Population and Household Profile,8,Households with any usual member having a bank account/post office account (%),97.0,95.7,False,False
Tamil Nadu,Salem,Population and Household Profile,9,Female population age 6 years and above who ever attended school (%),77.8,74.4,False,False
Tamil Nadu,Salem,Population and Household Profile,10,Households with any usual female members owning a house and/or land (alone or jointly with others) (%),19.2,19.0,False,False
Tamil Nadu,Salem,Population and Household Profile,11,Children age 2-4 years who attended pre-school (%),72.8,39.3,False,False
Tamil Nadu,Salem,Characteristics of Adults (age 15-49 years),12,Women with 10 or more years of schooling (%),59.4,51.3,False,False
Tamil Nadu,Salem,Characteristics of Adults (age 15-49 years),13,Men with 10 or more years of schooling (%),67.7,58.4,False,False
Tamil Nadu,Salem,Characteristics of Adults (age 15-49 years),14,Women who have ever used the internet (%),60.2,48.1,False,False
Tamil Nadu,Salem,Characteristics of Adults (age 15-49 years),15,Men who have ever used the internet (%),82.4,64.2,False,False
Tamil Nadu,Salem,Marriage and Fertility,16,Women age 20-24 years married before age 18 years (%),16.4,23.7,False,False
Tamil Nadu,Salem,Marriage and Fertility,17,Men age 25-29 years married before age 21 years (%),0.0,*,True,False
Tamil Nadu,Salem,Marriage and Fertility,18,Three or more births in the 5 years preceding the survey (%),1.7,1.0,False,False
Tamil Nadu,Salem,Marriage and Fertility,19,Women age 15-19 years who were already mothers or pregnant at the time of the survey (%),2.4,8.9,False,False
Tamil Nadu,Salem,Marriage and Fertility,20,Any method2 (%),69.1,69.0,False,False
Tamil Nadu,Salem,Marriage and Fertility,21,Any modern method2 (%),64.1,64.1,False,False
Tamil Nadu,Salem,Marriage and Fertility,22,Any traditional method (%),5.0,4.9,False,False
Tamil Nadu,Salem,Marriage and Fertility,23,Female sterilization (%),54.9,56.0,False,False
Tamil Nadu,Salem,Marriage and Fertility,24,Male sterilization (%),0.0,0.0,False,False
Tamil Nadu,Salem,Marriage and Fertility,25,Total unmet need3 (%),6.4,5.6,False,False
Tamil Nadu,Salem,Marriage and Fertility,26,Unmet need for spacing3 (%),2.2,1.4,False,False
Tamil Nadu,Salem,Marriage and Fertility,27,Unmet need for limiting3 (%),4.2,4.2,False,False
Tamil Nadu,Salem,Antenatal Care (for last birth in the 5 years before the survey),28,Mothers who had an antenatal check-up in the first trimester (%),83.1,74.7,False,False
Tamil Nadu,Salem,Antenatal Care (for last birth in the 5 years before the survey),29,Mothers who had any antenatal care visits (%),99.0,93.7,False,False
Tamil Nadu,Salem,Antenatal Care (for last birth in the 5 years before the survey),30,Mothers who had at least 4 antenatal care visits (%),98.4,85.0,False,False
Tamil Nadu,Salem,Antenatal Care (for last birth in the 5 years before the survey),31,Mothers whose last birth was protected against neonatal tetanus4 (%),96.5,89.3,False,False
Tamil Nadu,Salem,Antenatal Care (for last birth in the 5 years before the survey),32,Mothers who consumed iron folic acid for 100 days or more when they were pregnant (%),77.2,82.2,False,False
Tamil Nadu,Salem,Antenatal Care (for last birth in the 5 years before the survey),33,Mothers who consumed iron folic acid for 180 days or more when they were pregnant (%),59.1,50.8,False,False
Tamil Nadu,Salem,Antenatal Care (for last birth in the 5 years before the survey),34,Registered pregnancies for which the mother received a Mother and Child Protection (MCP) card (%),100.0,100.0,False,False
Tamil Nadu,Salem,Delivery Care (for births in the 5 years before the survey),35,Institutional births (%),100.0,100.0,False,False
Tamil Nadu,Salem,Delivery Care (for births in the 5 years before the survey),36,Institutional births in public facility (%),52.0,63.7,False,False
Tamil Nadu,Salem,Delivery Care (for births in the 5 years before the survey),37,Births attended by skilled health personnel5 (%),100.0,100.0,False,False
Tamil Nadu,Salem,Delivery Care (for births in the 5 years before the survey),38,Births delivered by caesarean section (%),35.3,43.0,False,False
Tamil Nadu,Salem,Delivery Care (for births in the 5 years before the survey),39,Births in a private health facility that were delivered by caesarean section (%),41.7,49.5,False,False
Tamil Nadu,Salem,Delivery Care (for births in the 5 years before the survey),40,Births in a public health facility that were delivered by caesarean section (%),29.4,39.4,False,False
Tamil Nadu,Salem,Postnatal Care (for last birth in the 5 years before the survey),41,Mothers who received postnatal care from a doctor/nurse/LHV/ANM/midwife/other health personnel within 2,90.0,92.9,False,False
Tamil Nadu,Salem,Postnatal Care (for last birth in the 5 years before the survey),42,Children born at home who were taken to a health facility for a check-up within 24 hours of birth (%),*,*,True,False
Tamil Nadu,Salem,Postnatal Care (for last birth in the 5 years before the survey),43,Children who received postnatal care from a doctor/nurse/LHV/ANM/midwife/other health personnel within 2,90.1,96.0,False,False
Tamil Nadu,Salem,Child Vaccinations and Vitamin A Supplementation,44,Children age 12-23 months fully vaccinated based on information from either vaccination card or mother's,97.4,77.0,True,False
Tamil Nadu,Salem,Child Vaccinations and Vitamin A Supplementation,45,Children age 12-23 months fully vaccinated based on information from vaccination card only7 (%),100.0,81.8,True,False
Tamil Nadu,Salem,Child Vaccinations and Vitamin A Supplementation,46,Children age 12-23 months who have received any vaccine (%),97.4,100.0,True,False
Tamil Nadu,Salem,Child Vaccinations and Vitamin A Supplementation,47,Children age 12-23 months who have received BCG (%),97.4,95.8,True,False
Tamil Nadu,Salem,Child Vaccinations and Vitamin A Supplementation,48,Children age 12-23 months who have received 3 doses of polio vaccine8 (%),97.4,84.4,True,False
Tamil Nadu,Salem,Child Vaccinations and Vitamin A Supplementation,49,Children age 12-23 months who have received 3 doses of pentavalent vaccine (%),97.4,87.9,True,False
Tamil Nadu,Salem,Child Vaccinations and Vitamin A Supplementation,50,Children age 12-23 months who have received the first dose of measles-containing vaccine (MCV) (%),97.4,84.3,True,False
Tamil Nadu,Salem,Child Vaccinations and Vitamin A Supplementation,51,Children age 24-35 months who have received a second dose of measles-containing vaccine (MCV) (%),74.6,55.4,True,False
Tamil Nadu,Salem,Child Vaccinations and Vitamin A Supplementation,52,Children age 12-23 months who have received birth dose of hepatitis B vaccine (%),89.0,77.6,True,False
Tamil Nadu,Salem,Child Vaccinations and Vitamin A Supplementation,53,Children age 12-23 months who have received 3 doses of rotavirus vaccine (%),93.9,69.1,True,False
Tamil Nadu,Salem,Child Vaccinations and Vitamin A Supplementation,54,Children age 9-35 months who received a vitamin A dose in the last 6 months (%),61.0,67.8,False,False
Tamil Nadu,Salem,Child Vaccinations and Vitamin A Supplementation,55,Children age 12-23 months who received most of their vaccinations in a public health facility (%),87.5,84.5,True,False
Tamil Nadu,Salem,Child Vaccinations and Vitamin A Supplementation,56,Children age 12-23 months who received most of their vaccinations in a private health facility (%),12.6,15.5,True,False
Tamil Nadu,Salem,Treatment of Childhood Diseases (children under age 5 years),57,Prevalence of diarrhoea in the 2 weeks preceding the survey (%),3.4,0.7,False,False
Tamil Nadu,Salem,Treatment of Childhood Diseases (children under age 5 years),58,Prevalence of symptoms of acute respiratory infection (ARI) in the 2 weeks preceding the survey (%),0.0,1.6,False,False
Tamil Nadu,Salem,Treatment of Childhood Diseases (children under age 5 years),59,Children with fever or symptoms of ARI in the 2 weeks preceding the survey taken to a health facility or,*,*,True,False
Tamil Nadu,Salem,Child Feeding Practices and Nutritional Status of Children,60,Children under age 3 years breastfed within one hour of birth9 (%),48.8,72.0,False,False
Tamil Nadu,Salem,Child Feeding Practices and Nutritional Status of Children,61,Children under age 6 months exclusively breastfed10 (%),*,*,True,False
Tamil Nadu,Salem,Child Feeding Practices and Nutritional Status of Children,62,Children under age 6 months currently breastfeeding10 (%),*,*,True,False
Tamil Nadu,Salem,Child Feeding Practices and Nutritional Status of Children,63,Children under age 6 months exclusively breastfed or breastfeeding and consuming plain water/other,*,*,True,False
Tamil Nadu,Salem,Child Feeding Practices and Nutritional Status of Children,64,Children age 6-8 months receiving solid or semi-solid food and breastmilk10 (%),*,*,True,False
Tamil Nadu,Salem,Child Feeding Practices and Nutritional Status of Children,65,"Breastfeeding children age 6-23 months receiving an adequate diet10, 11 (%)",20.5,*,True,False
Tamil Nadu,Salem,Child Feeding Practices and Nutritional Status of Children,66,"Non-breastfeeding children age 6-23 months receiving an adequate diet10, 11 (%)",*,*,True,False
Tamil Nadu,Salem,Child Feeding Practices and Nutritional Status of Children,67,"Total children age 6-23 months receiving an adequate diet10, 11 (%)",19.0,6.7,True,False
Tamil Nadu,Salem,Child Feeding Practices and Nutritional Status of Children,68,Children under 5 years who are stunted (height-for-age)12 (%),16.3,23.6,False,False
Tamil Nadu,Salem,Child Feeding Practices and Nutritional Status of Children,69,Children under 5 years who are wasted (weight-for-height)12 (%),20.4,10.1,False,False
Tamil Nadu,Salem,Child Feeding Practices and Nutritional Status of Children,70,Children under 5 years who are severely wasted (weight-for-height)13 (%),4.5,4.3,False,False
Tamil Nadu,Salem,Child Feeding Practices and Nutritional Status of Children,71,Children under 5 years who are underweight (weight-for-age)12 (%),27.6,20.8,False,False
Tamil Nadu,Salem,Child Feeding Practices and Nutritional Status of Children,72,Children under 5 years who are overweight (weight-for-height)14 (%),1.0,6.3,False,False
Tamil Nadu,Salem,Nutritional Status of Adults (age 15-49 years),73,Women whose Body Mass Index (BMI) is below normal (BMI <18.5 kg/m2)15 (%),12.6,10.1,False,False
Tamil Nadu,Salem,Nutritional Status of Adults (age 15-49 years),74,Women who are overweight or obese (BMI ≥25.0 kg/m2)15 (%),45.1,40.3,False,False
Tamil Nadu,Salem,Women,75,Blood sugar level - high (141-160 mg/dl)16 (%),6.5,7.7,False,False
Tamil Nadu,Salem,Women,76,Blood sugar level - very high (>160 mg/dl)16 (%),14.9,8.3,False,False
Tamil Nadu,Salem,Women,77,Blood sugar level - high or very high (>140 mg/dl) or taking medicine to control blood sugar level16 (%),24.4,18.0,False,False
Tamil Nadu,Salem,Men,78,Blood sugar level - high (141-160 mg/dl)16 (%),8.0,8.7,False,False
Tamil Nadu,Salem,Men,79,Blood sugar level - very high (>160 mg/dl)16 (%),10.4,11.2,False,False
Tamil Nadu,Salem,Men,80,Blood sugar level - high or very high (>140 mg/dl) or taking medicine to control blood sugar level16 (%),21.1,22.7,False,False
Tamil Nadu,Salem,Women,81,Mildly elevated blood pressure (Systolic 140-159 mm of Hg and/or Diastolic 90-99 mm of Hg) (%),15.4,16.0,False,False
Tamil Nadu,Salem,Women,82,Moderately or severely elevated blood pressure (Systolic ≥160 mm of Hg and/or Diastolic ≥100 mm,5.4,6.5,False,False
Tamil Nadu,Salem,Women,83,Elevated blood pressure (Systolic ≥140 mm of Hg and/or Diastolic ≥90 mm of Hg) or taking medicine to,28.2,26.6,False,False
Tamil Nadu,Salem,Men,84,Mildly elevated blood pressure (Systolic 140-159 mm of Hg and/or Diastolic 90-99 mm of Hg) (%),15.0,24.2,False,False
Tamil Nadu,Salem,Men,85,Moderately or severely elevated blood pressure (Systolic ≥160 mm of Hg and/or Diastolic ≥100 mm,6.4,7.8,False,False
Tamil Nadu,Salem,Men,86,Elevated blood pressure (Systolic ≥140 mm of Hg and/or Diastolic ≥90 mm of Hg) or taking medicine to,25.6,34.0,False,False
Tamil Nadu,Salem,Men,87,Women having a bank or savings account that they themselves use (%),91.8,84.1,False,False
Tamil Nadu,Salem,Men,88,Women having a mobile phone that they themselves use (%),72.8,61.4,False,False
Tamil Nadu,Salem,Men,89,Women age 15-24 years who use hygienic methods of protection during their menstrual period17 (%),100.0,98.6,False,False
Tamil Nadu,Salem,Tobacco Use and Alcohol Consumption among Adults (age 15 years and above),90,Women age 15 years and above who use any kind of tobacco (%),6.2,6.5,False,False
Tamil Nadu,Salem,Tobacco Use and Alcohol Consumption among Adults (age 15 years and above),91,Men age 15 years and above who use any kind of tobacco (%),14.2,23.5,False,False
Tamil Nadu,Salem,Tobacco Use and Alcohol Consumption among Adults (age 15 years and above),92,Women age 15 years and above who consume alcohol (%),0.2,0.2,False,False
Tamil Nadu,Salem,Tobacco Use and Alcohol Consumption among Adults (age 15 years and above),93,Men age 15 years and above who consume alcohol (%),21.4,24.1,False,False
Tamil Nadu,Sivaganga,Population and Household Profile,1,Population below age 5 years (%),5.4,7.5,False,False
Tamil Nadu,Sivaganga,Population and Household Profile,2,Population below age 15 years (%),19.1,21.8,False,False
Tamil Nadu,Sivaganga,Population and Household Profile,3,Population age 60 years and above (%),20.9,16.2,False,False
Tamil Nadu,Sivaganga,Population and Household Profile,4,Population living in households with electricity (%),99.5,99.4,False,False
Tamil Nadu,Sivaganga,Population and Household Profile,5,Population living in households with an improved drinking-water source1 (%),95.1,96.5,False,False
Tamil Nadu,Sivaganga,Population and Household Profile,6,Households using iodized salt (%),92.3,93.2,False,False
Tamil Nadu,Sivaganga,Population and Household Profile,7,Households with any usual member covered under a health insurance/financing scheme (%),58.6,67.7,False,False
Tamil Nadu,Sivaganga,Population and Household Profile,8,Households with any usual member having a bank account/post office account (%),98.3,97.5,False,False
Tamil Nadu,Sivaganga,Population and Household Profile,9,Female population age 6 years and above who ever attended school (%),74.0,78.8,False,False
Tamil Nadu,Sivaganga,Population and Household Profile,10,Households with any usual female members owning a house and/or land (alone or jointly with others) (%),20.8,13.8,False,False
Tamil Nadu,Sivaganga,Population and Household Profile,11,Children age 2-4 years who attended pre-school (%),76.7,42.7,False,False
Tamil Nadu,Sivaganga,Characteristics of Adults (age 15-49 years),12,Women with 10 or more years of schooling (%),63.3,59.9,False,False
Tamil Nadu,Sivaganga,Characteristics of Adults (age 15-49 years),13,Men with 10 or more years of schooling (%),71.4,72.7,False,False
Tamil Nadu,Sivaganga,Characteristics of Adults (age 15-49 years),14,Women who have ever used the internet (%),52.5,62.0,False,False
Tamil Nadu,Sivaganga,Characteristics of Adults (age 15-49 years),15,Men who have ever used the internet (%),94.4,79.3,False,False
Tamil Nadu,Sivaganga,Marriage and Fertility,16,Women age 20-24 years married before age 18 years (%),10.5,4.5,False,False
Tamil Nadu,Sivaganga,Marriage and Fertility,17,Men age 25-29 years married before age 21 years (%),*,*,True,False
Tamil Nadu,Sivaganga,Marriage and Fertility,18,Three or more births in the 5 years preceding the survey (%),0.0,2.1,False,False
Tamil Nadu,Sivaganga,Marriage and Fertility,19,Women age 15-19 years who were already mothers or pregnant at the time of the survey (%),11.0,9.6,False,False
Tamil Nadu,Sivaganga,Marriage and Fertility,20,Any method2 (%),59.4,67.3,False,False
Tamil Nadu,Sivaganga,Marriage and Fertility,21,Any modern method2 (%),58.5,66.1,False,False
Tamil Nadu,Sivaganga,Marriage and Fertility,22,Any traditional method (%),0.9,1.2,False,False
Tamil Nadu,Sivaganga,Marriage and Fertility,23,Female sterilization (%),50.0,59.7,False,False
Tamil Nadu,Sivaganga,Marriage and Fertility,24,Male sterilization (%),0.0,0.0,False,False
Tamil Nadu,Sivaganga,Marriage and Fertility,25,Total unmet need3 (%),10.1,7.0,False,False
Tamil Nadu,Sivaganga,Marriage and Fertility,26,Unmet need for spacing3 (%),6.1,2.3,False,False
Tamil Nadu,Sivaganga,Marriage and Fertility,27,Unmet need for limiting3 (%),4.0,4.7,False,False
Tamil Nadu,Sivaganga,Antenatal Care (for last birth in the 5 years before the survey),28,Mothers who had an antenatal check-up in the first trimester (%),58.6,72.6,False,False
Tamil Nadu,Sivaganga,Antenatal Care (for last birth in the 5 years before the survey),29,Mothers who had any antenatal care visits (%),77.2,96.3,False,False
Tamil Nadu,Sivaganga,Antenatal Care (for last birth in the 5 years before the survey),30,Mothers who had at least 4 antenatal care visits (%),66.6,90.9,False,False
Tamil Nadu,Sivaganga,Antenatal Care (for last birth in the 5 years before the survey),31,Mothers whose last birth was protected against neonatal tetanus4 (%),64.6,76.1,False,False
Tamil Nadu,Sivaganga,Antenatal Care (for last birth in the 5 years before the survey),32,Mothers who consumed iron folic acid for 100 days or more when they were pregnant (%),84.3,81.1,False,False
Tamil Nadu,Sivaganga,Antenatal Care (for last birth in the 5 years before the survey),33,Mothers who consumed iron folic acid for 180 days or more when they were pregnant (%),81.1,64.7,False,False
Tamil Nadu,Sivaganga,Antenatal Care (for last birth in the 5 years before the survey),34,Registered pregnancies for which the mother received a Mother and Child Protection (MCP) card (%),98.9,99.3,False,False
Tamil Nadu,Sivaganga,Delivery Care (for births in the 5 years before the survey),35,Institutional births (%),99.4,100.0,False,False
Tamil Nadu,Sivaganga,Delivery Care (for births in the 5 years before the survey),36,Institutional births in public facility (%),69.9,73.3,False,False
Tamil Nadu,Sivaganga,Delivery Care (for births in the 5 years before the survey),37,Births attended by skilled health personnel5 (%),99.4,100.0,False,False
Tamil Nadu,Sivaganga,Delivery Care (for births in the 5 years before the survey),38,Births delivered by caesarean section (%),43.8,43.2,False,False
Tamil Nadu,Sivaganga,Delivery Care (for births in the 5 years before the survey),39,Births in a private health facility that were delivered by caesarean section (%),61.2,42.6,True,False
Tamil Nadu,Sivaganga,Delivery Care (for births in the 5 years before the survey),40,Births in a public health facility that were delivered by caesarean section (%),36.8,43.4,False,False
Tamil Nadu,Sivaganga,Postnatal Care (for last birth in the 5 years before the survey),41,Mothers who received postnatal care from a doctor/nurse/LHV/ANM/midwife/other health personnel within 2 days of delivery+ (%),93.9,89.1,False,False
Tamil Nadu,Sivaganga,Postnatal Care (for last birth in the 5 years before the survey),42,Children born at home who were taken to a health facility for a check-up within 24 hours of birth (%),*,*,True,False
Tamil Nadu,Sivaganga,Postnatal Care (for last birth in the 5 years before the survey),43,Children who received postnatal care from a doctor/nurse/LHV/ANM/midwife/other health personnel within 2 days of delivery+ (%),92.5,92.5,False,False
Tamil Nadu,Sivaganga,Child Vaccinations and Vitamin A Supplementation,44,Children age 12-23 months fully vaccinated based on information from either vaccination card or mother's recall6 (%),90.9,89.4,True,False
Tamil Nadu,Sivaganga,Child Vaccinations and Vitamin A Supplementation,45,Children age 12-23 months fully vaccinated based on information from vaccination card only7 (%),81.5,81.5,True,False
Tamil Nadu,Sivaganga,Child Vaccinations and Vitamin A Supplementation,46,Children age 12-23 months who have received any vaccine (%),93.8,98.0,True,False
Tamil Nadu,Sivaganga,Child Vaccinations and Vitamin A Supplementation,47,Children age 12-23 months who have received BCG (%),90.9,96.2,True,False
Tamil Nadu,Sivaganga,Child Vaccinations and Vitamin A Supplementation,48,Children age 12-23 months who have received 3 doses of polio vaccine8 (%),90.9,91.3,True,False
Tamil Nadu,Sivaganga,Child Vaccinations and Vitamin A Supplementation,49,Children age 12-23 months who have received 3 doses of pentavalent vaccine (%),93.8,95.8,True,False
Tamil Nadu,Sivaganga,Child Vaccinations and Vitamin A Supplementation,50,Children age 12-23 months who have received the first dose of measles-containing vaccine (MCV) (%),93.8,95.8,True,False
Tamil Nadu,Sivaganga,Child Vaccinations and Vitamin A Supplementation,51,Children age 24-35 months who have received a second dose of measles-containing vaccine (MCV) (%),77.8,75.7,True,False
Tamil Nadu,Sivaganga,Child Vaccinations and Vitamin A Supplementation,52,Children age 12-23 months who have received birth dose of hepatitis B vaccine (%),82.9,87.1,True,False
Tamil Nadu,Sivaganga,Child Vaccinations and Vitamin A Supplementation,53,Children age 12-23 months who have received 3 doses of rotavirus vaccine (%),79.4,70.6,True,False
Tamil Nadu,Sivaganga,Child Vaccinations and Vitamin A Supplementation,54,Children age 9-35 months who received a vitamin A dose in the last 6 months (%),62.1,73.2,False,False
Tamil Nadu,Sivaganga,Child Vaccinations and Vitamin A Supplementation,55,Children age 12-23 months who received most of their vaccinations in a public health facility (%),84.0,100.0,True,False
Tamil Nadu,Sivaganga,Child Vaccinations and Vitamin A Supplementation,56,Children age 12-23 months who received most of their vaccinations in a private health facility (%),16.0,0.0,True,False
Tamil Nadu,Sivaganga,Treatment of Childhood Diseases (children under age 5 years),57,Prevalence of diarrhoea in the 2 weeks preceding the survey (%),6.8,2.6,False,False
Tamil Nadu,Sivaganga,Treatment of Childhood Diseases (children under age 5 years),58,Prevalence of symptoms of acute respiratory infection (ARI) in the 2 weeks preceding the survey (%),0.0,0.0,False,False
Tamil Nadu,Sivaganga,Treatment of Childhood Diseases (children under age 5 years),59,Children with fever or symptoms of ARI in the 2 weeks preceding the survey taken to a health facility or health provider (%),*,*,True,False
Tamil Nadu,Sivaganga,Child Feeding Practices and Nutritional Status of Children,60,Children under age 3 years breastfed within one hour of birth9 (%),42.9,55.6,False,False
Tamil Nadu,Sivaganga,Child Feeding Practices and Nutritional Status of Children,61,Children under age 6 months exclusively breastfed10 (%),*,*,True,False
Tamil Nadu,Sivaganga,Child Feeding Practices and Nutritional Status of Children,62,Children under age 6 months currently breastfeeding10 (%),*,*,True,False
Tamil Nadu,Sivaganga,Child Feeding Practices and Nutritional Status of Children,63,Children under age 6 months exclusively breastfed or breastfeeding and consuming plain water/other milk only10 (%),*,*,True,False
Tamil Nadu,Sivaganga,Child Feeding Practices and Nutritional Status of Children,64,Children age 6-8 months receiving solid or semi-solid food and breastmilk10 (%),*,*,True,False
Tamil Nadu,Sivaganga,Child Feeding Practices and Nutritional Status of Children,65,"Breastfeeding children age 6-23 months receiving an adequate diet10, 11 (%)",26.5,12.4,True,False
Tamil Nadu,Sivaganga,Child Feeding Practices and Nutritional Status of Children,66,"Non-breastfeeding children age 6-23 months receiving an adequate diet10, 11 (%)",*,21.2,True,False
Tamil Nadu,Sivaganga,Child Feeding Practices and Nutritional Status of Children,67,"Total children age 6-23 months receiving an adequate diet10, 11 (%)",24.4,16.0,False,False
Tamil Nadu,Sivaganga,Child Feeding Practices and Nutritional Status of Children,68,Children under 5 years who are stunted (height-for-age)12 (%),25.2,27.6,False,False
Tamil Nadu,Sivaganga,Child Feeding Practices and Nutritional Status of Children,69,Children under 5 years who are wasted (weight-for-height)12 (%),21.7,22.8,False,False
Tamil Nadu,Sivaganga,Child Feeding Practices and Nutritional Status of Children,70,Children under 5 years who are severely wasted (weight-for-height)13 (%),5.6,11.6,False,False
Tamil Nadu,Sivaganga,Child Feeding Practices and Nutritional Status of Children,71,Children under 5 years who are underweight (weight-for-age)12 (%),26.4,28.4,False,False
Tamil Nadu,Sivaganga,Child Feeding Practices and Nutritional Status of Children,72,Children under 5 years who are overweight (weight-for-height)14 (%),0.4,9.1,False,False
Tamil Nadu,Sivaganga,Nutritional Status of Adults (age 15-49 years),73,Women whose Body Mass Index (BMI) is below normal (BMI <18.5 kg/m2)15 (%),11.1,12.7,False,False
Tamil Nadu,Sivaganga,Nutritional Status of Adults (age 15-49 years),74,Women who are overweight or obese (BMI ≥25.0 kg/m2)15 (%),41.5,33.4,False,False
Tamil Nadu,Sivaganga,Women,75,Blood sugar level - high (141-160 mg/dl)16 (%),8.2,8.5,False,False
Tamil Nadu,Sivaganga,Women,76,Blood sugar level - very high (>160 mg/dl)16 (%),16.2,11.6,False,False
Tamil Nadu,Sivaganga,Women,77,Blood sugar level - high or very high (>140 mg/dl) or taking medicine to control blood sugar level16 (%),28.8,22.7,False,False
Tamil Nadu,Sivaganga,Men,78,Blood sugar level - high (141-160 mg/dl)16 (%),11.0,9.3,False,False
Tamil Nadu,Sivaganga,Men,79,Blood sugar level - very high (>160 mg/dl)16 (%),19.2,15.2,False,False
Tamil Nadu,Sivaganga,Men,80,Blood sugar level - high or very high (>140 mg/dl) or taking medicine to control blood sugar level16 (%),32.1,26.2,False,False
Tamil Nadu,Sivaganga,Women,81,Mildly elevated blood pressure (Systolic 140-159 mm of Hg and/or Diastolic 90-99 mm of Hg) (%),10.5,13.0,False,False
Tamil Nadu,Sivaganga,Women,82,Moderately or severely elevated blood pressure (Systolic ≥160 mm of Hg and/or Diastolic ≥100 mm of Hg) (%),4.3,3.9,False,False
Tamil Nadu,Sivaganga,Women,83,Elevated blood pressure (Systolic ≥140 mm of Hg and/or Diastolic ≥90 mm of Hg) or taking medicine to control blood pressure (%),29.1,22.0,False,False
Tamil Nadu,Sivaganga,Men,84,Mildly elevated blood pressure (Systolic 140-159 mm of Hg and/or Diastolic 90-99 mm of Hg) (%),17.9,14.9,False,False
Tamil Nadu,Sivaganga,Men,85,Moderately or severely elevated blood pressure (Systolic ≥160 mm of Hg and/or Diastolic ≥100 mm of Hg) (%),7.8,6.8,False,False
Tamil Nadu,Sivaganga,Men,86,Elevated blood pressure (Systolic ≥140 mm of Hg and/or Diastolic ≥90 mm of Hg) or taking medicine to control blood pressure (%),37.5,26.0,False,False
Tamil Nadu,Sivaganga,Men,87,Women having a bank or savings account that they themselves use (%),86.4,98.4,False,False
Tamil Nadu,Sivaganga,Men,88,Women having a mobile phone that they themselves use (%),81.9,83.2,False,False
Tamil Nadu,Sivaganga,Men,89,Women age 15-24 years who use hygienic methods of protection during their menstrual period17 (%),98.3,99.9,False,False
Tamil Nadu,Sivaganga,Tobacco Use and Alcohol Consumption among Adults (age 15 years and above),90,Women age 15 years and above who use any kind of tobacco (%),2.3,2.4,False,False
Tamil Nadu,Sivaganga,Tobacco Use and Alcohol Consumption among Adults (age 15 years and above),91,Men age 15 years and above who use any kind of tobacco (%),20.8,17.5,False,False
Tamil Nadu,Sivaganga,Tobacco Use and Alcohol Consumption among Adults (age 15 years and above),92,Women age 15 years and above who consume alcohol (%),0.1,0.4,False,False
Tamil Nadu,Sivaganga,Tobacco Use and Alcohol Consumption among Adults (age 15 years and above),93,Men age 15 years and above who consume alcohol (%),22.9,23.0,False,False
Tamil Nadu,Tenkasi,Population and Household Profile,1,Population below age 5 years (%),6.5,,False,True
Tamil Nadu,Tenkasi,Population and Household Profile,2,Population below age 15 years (%),20.6,,False,True
Tamil Nadu,Tenkasi,Population and Household Profile,3,Population age 60 years and above (%),19.3,,False,True
Tamil Nadu,Tenkasi,Population and Household Profile,4,Population living in households with electricity (%),99.4,,False,True
Tamil Nadu,Tenkasi,Population and Household Profile,5,Population living in households with an improved drinking-water source1 (%),99.9,,False,True
Tamil Nadu,Tenkasi,Population and Household Profile,6,Households using iodized salt (%),84.3,,False,True
Tamil Nadu,Tenkasi,Population and Household Profile,7,Households with any usual member covered under a health insurance/financing scheme (%),64.8,,False,True
Tamil Nadu,Tenkasi,Population and Household Profile,8,Households with any usual member having a bank account/post office account (%),99.0,,False,True
Tamil Nadu,Tenkasi,Population and Household Profile,9,Female population age 6 years and above who ever attended school (%),74.3,,False,True
Tamil Nadu,Tenkasi,Population and Household Profile,10,Households with any usual female members owning a house and/or land (alone or jointly with others) (%),13.9,,False,True
Tamil Nadu,Tenkasi,Population and Household Profile,11,Children age 2-4 years who attended pre-school (%),69.2,,False,True
Tamil Nadu,Tenkasi,Characteristics of Adults (age 15-49 years),12,Women with 10 or more years of schooling (%),54.6,,False,True
Tamil Nadu,Tenkasi,Characteristics of Adults (age 15-49 years),13,Men with 10 or more years of schooling (%),60.0,,False,True
Tamil Nadu,Tenkasi,Characteristics of Adults (age 15-49 years),14,Women who have ever used the internet (%),59.6,,False,True
Tamil Nadu,Tenkasi,Characteristics of Adults (age 15-49 years),15,Men who have ever used the internet (%),70.8,,False,True
Tamil Nadu,Tenkasi,Marriage and Fertility,16,Women age 20-24 years married before age 18 years (%),8.5,,False,True
Tamil Nadu,Tenkasi,Marriage and Fertility,17,Men age 25-29 years married before age 21 years (%),*,,True,True
Tamil Nadu,Tenkasi,Marriage and Fertility,18,Three or more births in the 5 years preceding the survey (%),1.2,,False,True
Tamil Nadu,Tenkasi,Marriage and Fertility,19,Women age 15-19 years who were already mothers or pregnant at the time of the survey (%),2.2,,False,True
Tamil Nadu,Tenkasi,Marriage and Fertility,20,Any method2 (%),62.2,,False,True
Tamil Nadu,Tenkasi,Marriage and Fertility,21,Any modern method2 (%),61.1,,False,True
Tamil Nadu,Tenkasi,Marriage and Fertility,22,Any traditional method (%),1.1,,False,True
Tamil Nadu,Tenkasi,Marriage and Fertility,23,Female sterilization (%),55.3,,False,True
Tamil Nadu,Tenkasi,Marriage and Fertility,24,Male sterilization (%),0.0,,False,True
Tamil Nadu,Tenkasi,Marriage and Fertility,25,Total unmet need3 (%),8.9,,False,True
Tamil Nadu,Tenkasi,Marriage and Fertility,26,Unmet need for spacing3 (%),4.2,,False,True
Tamil Nadu,Tenkasi,Marriage and Fertility,27,Unmet need for limiting3 (%),4.7,,False,True
Tamil Nadu,Tenkasi,Antenatal Care (for last birth in the 5 years before the survey),28,Mothers who had an antenatal check-up in the first trimester (%),79.9,,False,True
Tamil Nadu,Tenkasi,Antenatal Care (for last birth in the 5 years before the survey),29,Mothers who had any antenatal care visits (%),99.4,,False,True
Tamil Nadu,Tenkasi,Antenatal Care (for last birth in the 5 years before the survey),30,Mothers who had at least 4 antenatal care visits (%),98.9,,False,True
Tamil Nadu,Tenkasi,Antenatal Care (for last birth in the 5 years before the survey),31,Mothers whose last birth was protected against neonatal tetanus4 (%),99.4,,False,True
Tamil Nadu,Tenkasi,Antenatal Care (for last birth in the 5 years before the survey),32,Mothers who consumed iron folic acid for 100 days or more when they were pregnant (%),82.2,,False,True
Tamil Nadu,Tenkasi,Antenatal Care (for last birth in the 5 years before the survey),33,Mothers who consumed iron folic acid for 180 days or more when they were pregnant (%),67.2,,False,True
Tamil Nadu,Tenkasi,Antenatal Care (for last birth in the 5 years before the survey),34,Registered pregnancies for which the mother received a Mother and Child Protection (MCP) card (%),98.9,,False,True
Tamil Nadu,Tenkasi,Delivery Care (for births in the 5 years before the survey),35,Institutional births (%),100.0,,False,True
Tamil Nadu,Tenkasi,Delivery Care (for births in the 5 years before the survey),36,Institutional births in public facility (%),51.9,,False,True
Tamil Nadu,Tenkasi,Delivery Care (for births in the 5 years before the survey),37,Births attended by skilled health personnel5 (%),100.0,,False,True
Tamil Nadu,Tenkasi,Delivery Care (for births in the 5 years before the survey),38,Births delivered by caesarean section (%),55.5,,False,True
Tamil Nadu,Tenkasi,Delivery Care (for births in the 5 years before the survey),39,Births in a private health facility that were delivered by caesarean section (%),53.9,,False,True
Tamil Nadu,Tenkasi,Delivery Care (for births in the 5 years before the survey),40,Births in a public health facility that were delivered by caesarean section (%),56.9,,False,True
Tamil Nadu,Tenkasi,Postnatal Care (for last birth in the 5 years before the survey),41,Mothers who received postnatal care from a doctor/nurse/LHV/ANM/midwife/other health personnel within 2,98.7,,False,True
Tamil Nadu,Tenkasi,Postnatal Care (for last birth in the 5 years before the survey),42,Children born at home who were taken to a health facility for a check-up within 24 hours of birth (%),*,,True,True
Tamil Nadu,Tenkasi,Postnatal Care (for last birth in the 5 years before the survey),43,Children who received postnatal care from a doctor/nurse/LHV/ANM/midwife/other health personnel within 2,98.2,,False,True
Tamil Nadu,Tenkasi,Child Vaccinations and Vitamin A Supplementation,44,Children age 12-23 months fully vaccinated based on information from either vaccination card or mother's,95.4,,True,True
Tamil Nadu,Tenkasi,Child Vaccinations and Vitamin A Supplementation,45,Children age 12-23 months fully vaccinated based on information from vaccination card only7 (%),95.2,,True,True
Tamil Nadu,Tenkasi,Child Vaccinations and Vitamin A Supplementation,46,Children age 12-23 months who have received any vaccine (%),97.8,,True,True
Tamil Nadu,Tenkasi,Child Vaccinations and Vitamin A Supplementation,47,Children age 12-23 months who have received BCG (%),95.4,,True,True
Tamil Nadu,Tenkasi,Child Vaccinations and Vitamin A Supplementation,48,Children age 12-23 months who have received 3 doses of polio vaccine8 (%),97.8,,True,True
Tamil Nadu,Tenkasi,Child Vaccinations and Vitamin A Supplementation,49,Children age 12-23 months who have received 3 doses of pentavalent vaccine (%),97.8,,True,True
Tamil Nadu,Tenkasi,Child Vaccinations and Vitamin A Supplementation,50,Children age 12-23 months who have received the first dose of measles-containing vaccine (MCV) (%),97.8,,True,True
Tamil Nadu,Tenkasi,Child Vaccinations and Vitamin A Supplementation,51,Children age 24-35 months who have received a second dose of measles-containing vaccine (MCV) (%),82.5,,True,True
Tamil Nadu,Tenkasi,Child Vaccinations and Vitamin A Supplementation,52,Children age 12-23 months who have received birth dose of hepatitis B vaccine (%),92.3,,True,True
Tamil Nadu,Tenkasi,Child Vaccinations and Vitamin A Supplementation,53,Children age 12-23 months who have received 3 doses of rotavirus vaccine (%),87.8,,True,True
Tamil Nadu,Tenkasi,Child Vaccinations and Vitamin A Supplementation,54,Children age 9-35 months who received a vitamin A dose in the last 6 months (%),88.5,,False,True
Tamil Nadu,Tenkasi,Child Vaccinations and Vitamin A Supplementation,55,Children age 12-23 months who received most of their vaccinations in a public health facility (%),97.5,,True,True
Tamil Nadu,Tenkasi,Child Vaccinations and Vitamin A Supplementation,56,Children age 12-23 months who received most of their vaccinations in a private health facility (%),2.5,,True,True
Tamil Nadu,Tenkasi,Treatment of Childhood Diseases (children under age 5 years),57,Prevalence of diarrhoea in the 2 weeks preceding the survey (%),5.9,,False,True
Tamil Nadu,Tenkasi,Treatment of Childhood Diseases (children under age 5 years),58,Prevalence of symptoms of acute respiratory infection (ARI) in the 2 weeks preceding the survey (%),0.0,,False,True
Tamil Nadu,Tenkasi,Treatment of Childhood Diseases (children under age 5 years),59,Children with fever or symptoms of ARI in the 2 weeks preceding the survey taken to a health facility or,*,,True,True
Tamil Nadu,Tenkasi,Child Feeding Practices and Nutritional Status of Children,60,Children under age 3 years breastfed within one hour of birth9 (%),71.4,,False,True
Tamil Nadu,Tenkasi,Child Feeding Practices and Nutritional Status of Children,61,Children under age 6 months exclusively breastfed10 (%),*,,True,True
Tamil Nadu,Tenkasi,Child Feeding Practices and Nutritional Status of Children,62,Children under age 6 months currently breastfeeding10 (%),*,,True,True
Tamil Nadu,Tenkasi,Child Feeding Practices and Nutritional Status of Children,63,Children under age 6 months exclusively breastfed or breastfeeding and consuming plain water/other,*,,True,True
Tamil Nadu,Tenkasi,Child Feeding Practices and Nutritional Status of Children,64,Children age 6-8 months receiving solid or semi-solid food and breastmilk10 (%),*,,True,True
Tamil Nadu,Tenkasi,Child Feeding Practices and Nutritional Status of Children,65,"Breastfeeding children age 6-23 months receiving an adequate diet10, 11 (%)",14.3,,True,True
Tamil Nadu,Tenkasi,Child Feeding Practices and Nutritional Status of Children,66,"Non-breastfeeding children age 6-23 months receiving an adequate diet10, 11 (%)",*,,True,True
Tamil Nadu,Tenkasi,Child Feeding Practices and Nutritional Status of Children,67,"Total children age 6-23 months receiving an adequate diet10, 11 (%)",15.3,,False,True
Tamil Nadu,Tenkasi,Child Feeding Practices and Nutritional Status of Children,68,Children under 5 years who are stunted (height-for-age)12 (%),22.4,,False,True
Tamil Nadu,Tenkasi,Child Feeding Practices and Nutritional Status of Children,69,Children under 5 years who are wasted (weight-for-height)12 (%),12.6,,False,True
Tamil Nadu,Tenkasi,Child Feeding Practices and Nutritional Status of Children,70,Children under 5 years who are severely wasted (weight-for-height)13 (%),0.9,,False,True
Tamil Nadu,Tenkasi,Child Feeding Practices and Nutritional Status of Children,71,Children under 5 years who are underweight (weight-for-age)12 (%),22.1,,False,True
Tamil Nadu,Tenkasi,Child Feeding Practices and Nutritional Status of Children,72,Children under 5 years who are overweight (weight-for-height)14 (%),1.6,,False,True
Tamil Nadu,Tenkasi,Nutritional Status of Adults (age 15-49 years),73,Women whose Body Mass Index (BMI) is below normal (BMI <18.5 kg/m2)15 (%),13.5,,False,True
Tamil Nadu,Tenkasi,Nutritional Status of Adults (age 15-49 years),74,Women who are overweight or obese (BMI ≥25.0 kg/m2)15 (%),43.3,,False,True
Tamil Nadu,Tenkasi,Women,75,Blood sugar level - high (141-160 mg/dl)16 (%),8.6,,False,True
Tamil Nadu,Tenkasi,Women,76,Blood sugar level - very high (>160 mg/dl)16 (%),12.8,,False,True
Tamil Nadu,Tenkasi,Women,77,Blood sugar level - high or very high (>140 mg/dl) or taking medicine to control blood sugar level16 (%),23.5,,False,True
Tamil Nadu,Tenkasi,Men,78,Blood sugar level - high (141-160 mg/dl)16 (%),9.9,,False,True
Tamil Nadu,Tenkasi,Men,79,Blood sugar level - very high (>160 mg/dl)16 (%),17.0,,False,True
Tamil Nadu,Tenkasi,Men,80,Blood sugar level - high or very high (>140 mg/dl) or taking medicine to control blood sugar level16 (%),28.2,,False,True
Tamil Nadu,Tenkasi,Women,81,Mildly elevated blood pressure (Systolic 140-159 mm of Hg and/or Diastolic 90-99 mm of Hg) (%),12.4,,False,True
Tamil Nadu,Tenkasi,Women,82,Moderately or severely elevated blood pressure (Systolic ≥160 mm of Hg and/or Diastolic ≥100 mm,5.7,,False,True
Tamil Nadu,Tenkasi,Women,83,Elevated blood pressure (Systolic ≥140 mm of Hg and/or Diastolic ≥90 mm of Hg) or taking medicine to,23.2,,False,True
Tamil Nadu,Tenkasi,Men,84,Mildly elevated blood pressure (Systolic 140-159 mm of Hg and/or Diastolic 90-99 mm of Hg) (%),16.7,,False,True
Tamil Nadu,Tenkasi,Men,85,Moderately or severely elevated blood pressure (Systolic ≥160 mm of Hg and/or Diastolic ≥100 mm,8.2,,False,True
Tamil Nadu,Tenkasi,Men,86,Elevated blood pressure (Systolic ≥140 mm of Hg and/or Diastolic ≥90 mm of Hg) or taking medicine to,30.0,,False,True
Tamil Nadu,Tenkasi,Men,87,Women having a bank or savings account that they themselves use (%),88.3,,False,True
Tamil Nadu,Tenkasi,Men,88,Women having a mobile phone that they themselves use (%),74.9,,False,True
Tamil Nadu,Tenkasi,Men,89,Women age 15-24 years who use hygienic methods of protection during their menstrual period17 (%),92.6,,False,True
Tamil Nadu,Tenkasi,Tobacco Use and Alcohol Consumption among Adults (age 15 years and above),90,Women age 15 years and above who use any kind of tobacco (%),2.4,,False,True
Tamil Nadu,Tenkasi,Tobacco Use and Alcohol Consumption among Adults (age 15 years and above),91,Men age 15 years and above who use any kind of tobacco (%),17.9,,False,True
Tamil Nadu,Tenkasi,Tobacco Use and Alcohol Consumption among Adults (age 15 years and above),92,Women age 15 years and above who consume alcohol (%),0.4,,False,True
Tamil Nadu,Tenkasi,Tobacco Use and Alcohol Consumption among Adults (age 15 years and above),93,Men age 15 years and above who consume alcohol (%),19.8,,False,True
Tamil Nadu,Thanjavur,Population and Household Profile,1,Population below age 5 years (%),5.6,6.3,False,False
Tamil Nadu,Thanjavur,Population and Household Profile,2,Population below age 15 years (%),20.3,19.6,False,False
Tamil Nadu,Thanjavur,Population and Household Profile,3,Population age 60 years and above (%),17.3,16.9,False,False
Tamil Nadu,Thanjavur,Population and Household Profile,4,Population living in households with electricity (%),98.2,98.8,False,False
Tamil Nadu,Thanjavur,Population and Household Profile,5,Population living in households with an improved drinking-water source1 (%),99.1,99.7,False,False
Tamil Nadu,Thanjavur,Population and Household Profile,6,Households using iodized salt (%),96.7,95.3,False,False
Tamil Nadu,Thanjavur,Population and Household Profile,7,Households with any usual member covered under a health insurance/financing scheme (%),60.6,70.6,False,False
Tamil Nadu,Thanjavur,Population and Household Profile,8,Households with any usual member having a bank account/post office account (%),98.4,96.0,False,False
Tamil Nadu,Thanjavur,Population and Household Profile,9,Female population age 6 years and above who ever attended school (%),84.2,80.6,False,False
Tamil Nadu,Thanjavur,Population and Household Profile,10,Households with any usual female members owning a house and/or land (alone or jointly with others) (%),20.4,19.1,False,False
Tamil Nadu,Thanjavur,Population and Household Profile,11,Children age 2-4 years who attended pre-school (%),64.6,46.4,False,False
Tamil Nadu,Thanjavur,Characteristics of Adults (age 15-49 years),12,Women with 10 or more years of schooling (%),67.9,54.3,False,False
Tamil Nadu,Thanjavur,Characteristics of Adults (age 15-49 years),13,Men with 10 or more years of schooling (%),57.7,48.0,False,False
Tamil Nadu,Thanjavur,Characteristics of Adults (age 15-49 years),14,Women who have ever used the internet (%),68.2,44.8,False,False
Tamil Nadu,Thanjavur,Characteristics of Adults (age 15-49 years),15,Men who have ever used the internet (%),78.9,55.9,False,False
Tamil Nadu,Thanjavur,Marriage and Fertility,16,Women age 20-24 years married before age 18 years (%),8.3,4.1,False,False
Tamil Nadu,Thanjavur,Marriage and Fertility,17,Men age 25-29 years married before age 21 years (%),*,*,True,False
Tamil Nadu,Thanjavur,Marriage and Fertility,18,Three or more births in the 5 years preceding the survey (%),0.5,2.1,False,False
Tamil Nadu,Thanjavur,Marriage and Fertility,19,Women age 15-19 years who were already mothers or pregnant at the time of the survey (%),3.2,8.4,False,False
Tamil Nadu,Thanjavur,Marriage and Fertility,20,Any method2 (%),65.4,64.8,False,False
Tamil Nadu,Thanjavur,Marriage and Fertility,21,Any modern method2 (%),60.5,60.6,False,False
Tamil Nadu,Thanjavur,Marriage and Fertility,22,Any traditional method (%),4.9,4.2,False,False
Tamil Nadu,Thanjavur,Marriage and Fertility,23,Female sterilization (%),50.5,51.7,False,False
Tamil Nadu,Thanjavur,Marriage and Fertility,24,Male sterilization (%),0.0,0.0,False,False
Tamil Nadu,Thanjavur,Marriage and Fertility,25,Total unmet need3 (%),7.4,9.5,False,False
Tamil Nadu,Thanjavur,Marriage and Fertility,26,Unmet need for spacing3 (%),3.6,2.7,False,False
Tamil Nadu,Thanjavur,Marriage and Fertility,27,Unmet need for limiting3 (%),3.8,6.8,False,False
Tamil Nadu,Thanjavur,Antenatal Care (for last birth in the 5 years before the survey),28,Mothers who had an antenatal check-up in the first trimester (%),67.2,86.1,False,False
Tamil Nadu,Thanjavur,Antenatal Care (for last birth in the 5 years before the survey),29,Mothers who had any antenatal care visits (%),90.3,97.6,False,False
Tamil Nadu,Thanjavur,Antenatal Care (for last birth in the 5 years before the survey),30,Mothers who had at least 4 antenatal care visits (%),87.9,93.7,False,False
Tamil Nadu,Thanjavur,Antenatal Care (for last birth in the 5 years before the survey),31,Mothers whose last birth was protected against neonatal tetanus4 (%),89.9,89.5,False,False
Tamil Nadu,Thanjavur,Antenatal Care (for last birth in the 5 years before the survey),32,Mothers who consumed iron folic acid for 100 days or more when they were pregnant (%),88.8,79.3,False,False
Tamil Nadu,Thanjavur,Antenatal Care (for last birth in the 5 years before the survey),33,Mothers who consumed iron folic acid for 180 days or more when they were pregnant (%),68.1,67.2,False,False
Tamil Nadu,Thanjavur,Antenatal Care (for last birth in the 5 years before the survey),34,Registered pregnancies for which the mother received a Mother and Child Protection (MCP) card (%),98.7,99.0,False,False
Tamil Nadu,Thanjavur,Delivery Care (for births in the 5 years before the survey),35,Institutional births (%),100.0,100.0,False,False
Tamil Nadu,Thanjavur,Delivery Care (for births in the 5 years before the survey),36,Institutional births in public facility (%),64.2,59.5,False,False
Tamil Nadu,Thanjavur,Delivery Care (for births in the 5 years before the survey),37,Births attended by skilled health personnel5 (%),100.0,100.0,False,False
Tamil Nadu,Thanjavur,Delivery Care (for births in the 5 years before the survey),38,Births delivered by caesarean section (%),50.1,51.4,False,False
Tamil Nadu,Thanjavur,Delivery Care (for births in the 5 years before the survey),39,Births in a private health facility that were delivered by caesarean section (%),76.7,77.1,False,False
Tamil Nadu,Thanjavur,Delivery Care (for births in the 5 years before the survey),40,Births in a public health facility that were delivered by caesarean section (%),35.3,33.8,False,False
Tamil Nadu,Thanjavur,Postnatal Care (for last birth in the 5 years before the survey),41,Mothers who received postnatal care from a doctor/nurse/LHV/ANM/midwife/other health personnel within 2,95.8,93.8,False,False
Tamil Nadu,Thanjavur,Postnatal Care (for last birth in the 5 years before the survey),42,Children born at home who were taken to a health facility for a check-up within 24 hours of birth (%),*,*,True,False
Tamil Nadu,Thanjavur,Postnatal Care (for last birth in the 5 years before the survey),43,Children who received postnatal care from a doctor/nurse/LHV/ANM/midwife/other health personnel within 2,96.7,97.1,False,False
Tamil Nadu,Thanjavur,Child Vaccinations and Vitamin A Supplementation,44,Children age 12-23 months fully vaccinated based on information from either vaccination card or mother's,88.7,78.5,True,False
Tamil Nadu,Thanjavur,Child Vaccinations and Vitamin A Supplementation,45,Children age 12-23 months fully vaccinated based on information from vaccination card only7 (%),93.6,66.7,True,False
Tamil Nadu,Thanjavur,Child Vaccinations and Vitamin A Supplementation,46,Children age 12-23 months who have received any vaccine (%),91.5,100.0,True,False
Tamil Nadu,Thanjavur,Child Vaccinations and Vitamin A Supplementation,47,Children age 12-23 months who have received BCG (%),91.5,100.0,True,False
Tamil Nadu,Thanjavur,Child Vaccinations and Vitamin A Supplementation,48,Children age 12-23 months who have received 3 doses of polio vaccine8 (%),88.7,78.5,True,False
Tamil Nadu,Thanjavur,Child Vaccinations and Vitamin A Supplementation,49,Children age 12-23 months who have received 3 doses of pentavalent vaccine (%),88.7,86.2,True,False
Tamil Nadu,Thanjavur,Child Vaccinations and Vitamin A Supplementation,50,Children age 12-23 months who have received the first dose of measles-containing vaccine (MCV) (%),88.7,89.4,True,False
Tamil Nadu,Thanjavur,Child Vaccinations and Vitamin A Supplementation,51,Children age 24-35 months who have received a second dose of measles-containing vaccine (MCV) (%),54.8,81.9,True,False
Tamil Nadu,Thanjavur,Child Vaccinations and Vitamin A Supplementation,52,Children age 12-23 months who have received birth dose of hepatitis B vaccine (%),86.0,57.0,True,False
Tamil Nadu,Thanjavur,Child Vaccinations and Vitamin A Supplementation,53,Children age 12-23 months who have received 3 doses of rotavirus vaccine (%),88.7,33.2,True,False
Tamil Nadu,Thanjavur,Child Vaccinations and Vitamin A Supplementation,54,Children age 9-35 months who received a vitamin A dose in the last 6 months (%),58.9,49.8,False,False
Tamil Nadu,Thanjavur,Child Vaccinations and Vitamin A Supplementation,55,Children age 12-23 months who received most of their vaccinations in a public health facility (%),91.4,89.8,True,False
Tamil Nadu,Thanjavur,Child Vaccinations and Vitamin A Supplementation,56,Children age 12-23 months who received most of their vaccinations in a private health facility (%),8.6,10.2,True,False
Tamil Nadu,Thanjavur,Treatment of Childhood Diseases (children under age 5 years),57,Prevalence of diarrhoea in the 2 weeks preceding the survey (%),2.6,4.8,False,False
Tamil Nadu,Thanjavur,Treatment of Childhood Diseases (children under age 5 years),58,Prevalence of symptoms of acute respiratory infection (ARI) in the 2 weeks preceding the survey (%),1.3,2.6,False,False
Tamil Nadu,Thanjavur,Treatment of Childhood Diseases (children under age 5 years),59,Children with fever or symptoms of ARI in the 2 weeks preceding the survey taken to a health facility or,*,69.4,True,False
Tamil Nadu,Thanjavur,Child Feeding Practices and Nutritional Status of Children,60,Children under age 3 years breastfed within one hour of birth9 (%),43.3,62.9,False,False
Tamil Nadu,Thanjavur,Child Feeding Practices and Nutritional Status of Children,61,Children under age 6 months exclusively breastfed10 (%),*,*,True,False
Tamil Nadu,Thanjavur,Child Feeding Practices and Nutritional Status of Children,62,Children under age 6 months currently breastfeeding10 (%),*,*,True,False
Tamil Nadu,Thanjavur,Child Feeding Practices and Nutritional Status of Children,63,Children under age 6 months exclusively breastfed or breastfeeding and consuming plain water/other,*,*,True,False
Tamil Nadu,Thanjavur,Child Feeding Practices and Nutritional Status of Children,64,Children age 6-8 months receiving solid or semi-solid food and breastmilk10 (%),*,*,True,False
Tamil Nadu,Thanjavur,Child Feeding Practices and Nutritional Status of Children,65,"Breastfeeding children age 6-23 months receiving an adequate diet10, 11 (%)",4.4,10.5,True,False
Tamil Nadu,Thanjavur,Child Feeding Practices and Nutritional Status of Children,66,"Non-breastfeeding children age 6-23 months receiving an adequate diet10, 11 (%)",*,*,True,False
Tamil Nadu,Thanjavur,Child Feeding Practices and Nutritional Status of Children,67,"Total children age 6-23 months receiving an adequate diet10, 11 (%)",5.1,18.2,False,False
Tamil Nadu,Thanjavur,Child Feeding Practices and Nutritional Status of Children,68,Children under 5 years who are stunted (height-for-age)12 (%),20.3,19.6,False,False
Tamil Nadu,Thanjavur,Child Feeding Practices and Nutritional Status of Children,69,Children under 5 years who are wasted (weight-for-height)12 (%),15.6,8.3,False,False
Tamil Nadu,Thanjavur,Child Feeding Practices and Nutritional Status of Children,70,Children under 5 years who are severely wasted (weight-for-height)13 (%),2.9,3.7,False,False
Tamil Nadu,Thanjavur,Child Feeding Practices and Nutritional Status of Children,71,Children under 5 years who are underweight (weight-for-age)12 (%),21.1,21.9,False,False
Tamil Nadu,Thanjavur,Child Feeding Practices and Nutritional Status of Children,72,Children under 5 years who are overweight (weight-for-height)14 (%),1.5,4.9,False,False
Tamil Nadu,Thanjavur,Nutritional Status of Adults (age 15-49 years),73,Women whose Body Mass Index (BMI) is below normal (BMI <18.5 kg/m2)15 (%),16.1,12.7,False,False
Tamil Nadu,Thanjavur,Nutritional Status of Adults (age 15-49 years),74,Women who are overweight or obese (BMI ≥25.0 kg/m2)15 (%),44.7,42.8,False,False
Tamil Nadu,Thanjavur,Women,75,Blood sugar level - high (141-160 mg/dl)16 (%),9.4,7.8,False,False
Tamil Nadu,Thanjavur,Women,76,Blood sugar level - very high (>160 mg/dl)16 (%),15.4,12.9,False,False
Tamil Nadu,Thanjavur,Women,77,Blood sugar level - high or very high (>140 mg/dl) or taking medicine to control blood sugar level16 (%),27.0,23.3,False,False
Tamil Nadu,Thanjavur,Men,78,Blood sugar level - high (141-160 mg/dl)16 (%),8.3,7.6,False,False
Tamil Nadu,Thanjavur,Men,79,Blood sugar level - very high (>160 mg/dl)16 (%),19.1,18.4,False,False
Tamil Nadu,Thanjavur,Men,80,Blood sugar level - high or very high (>140 mg/dl) or taking medicine to control blood sugar level16 (%),30.5,29.0,False,False
Tamil Nadu,Thanjavur,Women,81,Mildly elevated blood pressure (Systolic 140-159 mm of Hg and/or Diastolic 90-99 mm of Hg) (%),10.2,16.6,False,False
Tamil Nadu,Thanjavur,Women,82,Moderately or severely elevated blood pressure (Systolic ≥160 mm of Hg and/or Diastolic ≥100 mm,3.4,7.0,False,False
Tamil Nadu,Thanjavur,Women,83,Elevated blood pressure (Systolic ≥140 mm of Hg and/or Diastolic ≥90 mm of Hg) or taking medicine to,23.4,28.8,False,False
Tamil Nadu,Thanjavur,Men,84,Mildly elevated blood pressure (Systolic 140-159 mm of Hg and/or Diastolic 90-99 mm of Hg) (%),15.0,19.7,False,False
Tamil Nadu,Thanjavur,Men,85,Moderately or severely elevated blood pressure (Systolic ≥160 mm of Hg and/or Diastolic ≥100 mm,6.6,10.0,False,False
Tamil Nadu,Thanjavur,Men,86,Elevated blood pressure (Systolic ≥140 mm of Hg and/or Diastolic ≥90 mm of Hg) or taking medicine to,29.3,34.6,False,False
Tamil Nadu,Thanjavur,Men,87,Women having a bank or savings account that they themselves use (%),93.5,90.4,False,False
Tamil Nadu,Thanjavur,Men,88,Women having a mobile phone that they themselves use (%),78.1,77.0,False,False
Tamil Nadu,Thanjavur,Men,89,Women age 15-24 years who use hygienic methods of protection during their menstrual period17 (%),99.1,98.2,False,False
Tamil Nadu,Thanjavur,Tobacco Use and Alcohol Consumption among Adults (age 15 years and above),90,Women age 15 years and above who use any kind of tobacco (%),8.4,7.6,False,False
Tamil Nadu,Thanjavur,Tobacco Use and Alcohol Consumption among Adults (age 15 years and above),91,Men age 15 years and above who use any kind of tobacco (%),21.5,22.4,False,False
Tamil Nadu,Thanjavur,Tobacco Use and Alcohol Consumption among Adults (age 15 years and above),92,Women age 15 years and above who consume alcohol (%),0.3,0.5,False,False
Tamil Nadu,Thanjavur,Tobacco Use and Alcohol Consumption among Adults (age 15 years and above),93,Men age 15 years and above who consume alcohol (%),23.7,30.0,False,False
Tamil Nadu,The Nilgiris,Population and Household Profile,1,Population below age 5 years (%),4.8,5.2,False,False
Tamil Nadu,The Nilgiris,Population and Household Profile,2,Population below age 15 years (%),19.5,19.7,False,False
Tamil Nadu,The Nilgiris,Population and Household Profile,3,Population age 60 years and above (%),16.6,13.8,False,False
Tamil Nadu,The Nilgiris,Population and Household Profile,4,Population living in households with electricity (%),97.0,98.6,False,False
Tamil Nadu,The Nilgiris,Population and Household Profile,5,Population living in households with an improved drinking-water source1 (%),96.9,96.4,False,False
Tamil Nadu,The Nilgiris,Population and Household Profile,6,Households using iodized salt (%),98.5,98.4,False,False
Tamil Nadu,The Nilgiris,Population and Household Profile,7,Households with any usual member covered under a health insurance/financing scheme (%),70.3,74.5,False,False
Tamil Nadu,The Nilgiris,Population and Household Profile,8,Households with any usual member having a bank account/post office account (%),98.4,97.8,False,False
Tamil Nadu,The Nilgiris,Population and Household Profile,9,Female population age 6 years and above who ever attended school (%),85.1,85.2,False,False
Tamil Nadu,The Nilgiris,Population and Household Profile,10,Households with any usual female members owning a house and/or land (alone or jointly with others) (%),19.8,19.9,False,False
Tamil Nadu,The Nilgiris,Population and Household Profile,11,Children age 2-4 years who attended pre-school (%),69.0,19.0,False,False
Tamil Nadu,The Nilgiris,Characteristics of Adults (age 15-49 years),12,Women with 10 or more years of schooling (%),72.5,63.4,False,False
Tamil Nadu,The Nilgiris,Characteristics of Adults (age 15-49 years),13,Men with 10 or more years of schooling (%),69.1,69.4,False,False
Tamil Nadu,The Nilgiris,Characteristics of Adults (age 15-49 years),14,Women who have ever used the internet (%),62.1,61.6,False,False
Tamil Nadu,The Nilgiris,Characteristics of Adults (age 15-49 years),15,Men who have ever used the internet (%),85.2,79.2,False,False
Tamil Nadu,The Nilgiris,Marriage and Fertility,16,Women age 20-24 years married before age 18 years (%),11.5,11.1,False,False
Tamil Nadu,The Nilgiris,Marriage and Fertility,17,Men age 25-29 years married before age 21 years (%),*,*,True,False
Tamil Nadu,The Nilgiris,Marriage and Fertility,18,Three or more births in the 5 years preceding the survey (%),0.0,0.0,False,False
Tamil Nadu,The Nilgiris,Marriage and Fertility,19,Women age 15-19 years who were already mothers or pregnant at the time of the survey (%),0.0,4.5,False,False
Tamil Nadu,The Nilgiris,Marriage and Fertility,20,Any method2 (%),75.5,77.9,False,False
Tamil Nadu,The Nilgiris,Marriage and Fertility,21,Any modern method2 (%),70.8,74.7,False,False
Tamil Nadu,The Nilgiris,Marriage and Fertility,22,Any traditional method (%),4.7,3.2,False,False
Tamil Nadu,The Nilgiris,Marriage and Fertility,23,Female sterilization (%),64.3,68.9,False,False
Tamil Nadu,The Nilgiris,Marriage and Fertility,24,Male sterilization (%),0.2,0.0,False,False
Tamil Nadu,The Nilgiris,Marriage and Fertility,25,Total unmet need3 (%),3.2,6.0,False,False
Tamil Nadu,The Nilgiris,Marriage and Fertility,26,Unmet need for spacing3 (%),1.9,1.6,False,False
Tamil Nadu,The Nilgiris,Marriage and Fertility,27,Unmet need for limiting3 (%),1.3,4.4,False,False
Tamil Nadu,The Nilgiris,Antenatal Care (for last birth in the 5 years before the survey),28,Mothers who had an antenatal check-up in the first trimester (%),86.7,80.0,False,False
Tamil Nadu,The Nilgiris,Antenatal Care (for last birth in the 5 years before the survey),29,Mothers who had any antenatal care visits (%),100.0,96.7,False,False
Tamil Nadu,The Nilgiris,Antenatal Care (for last birth in the 5 years before the survey),30,Mothers who had at least 4 antenatal care visits (%),96.7,92.5,False,False
Tamil Nadu,The Nilgiris,Antenatal Care (for last birth in the 5 years before the survey),31,Mothers whose last birth was protected against neonatal tetanus4 (%),98.0,94.1,False,False
Tamil Nadu,The Nilgiris,Antenatal Care (for last birth in the 5 years before the survey),32,Mothers who consumed iron folic acid for 100 days or more when they were pregnant (%),92.6,93.8,False,False
Tamil Nadu,The Nilgiris,Antenatal Care (for last birth in the 5 years before the survey),33,Mothers who consumed iron folic acid for 180 days or more when they were pregnant (%),61.8,76.4,False,False
Tamil Nadu,The Nilgiris,Antenatal Care (for last birth in the 5 years before the survey),34,Registered pregnancies for which the mother received a Mother and Child Protection (MCP) card (%),99.3,99.4,False,False
Tamil Nadu,The Nilgiris,Delivery Care (for births in the 5 years before the survey),35,Institutional births (%),100.0,100.0,False,False
Tamil Nadu,The Nilgiris,Delivery Care (for births in the 5 years before the survey),36,Institutional births in public facility (%),69.8,62.2,False,False
Tamil Nadu,The Nilgiris,Delivery Care (for births in the 5 years before the survey),37,Births attended by skilled health personnel5 (%),100.0,100.0,False,False
Tamil Nadu,The Nilgiris,Delivery Care (for births in the 5 years before the survey),38,Births delivered by caesarean section (%),42.6,42.3,False,False
Tamil Nadu,The Nilgiris,Delivery Care (for births in the 5 years before the survey),39,Births in a private health facility that were delivered by caesarean section (%),50.7,56.6,True,False
Tamil Nadu,The Nilgiris,Delivery Care (for births in the 5 years before the survey),40,Births in a public health facility that were delivered by caesarean section (%),39.1,33.6,False,False
Tamil Nadu,The Nilgiris,Postnatal Care (for last birth in the 5 years before the survey),41,Mothers who received postnatal care from a doctor/nurse/LHV/ANM/midwife/other health personnel within 2,95.7,91.5,False,False
Tamil Nadu,The Nilgiris,Postnatal Care (for last birth in the 5 years before the survey),42,Children born at home who were taken to a health facility for a check-up within 24 hours of birth (%),*,*,True,False
Tamil Nadu,The Nilgiris,Postnatal Care (for last birth in the 5 years before the survey),43,Children who received postnatal care from a doctor/nurse/LHV/ANM/midwife/other health personnel within 2,97.1,90.9,False,False
Tamil Nadu,The Nilgiris,Child Vaccinations and Vitamin A Supplementation,44,Children age 12-23 months fully vaccinated based on information from either vaccination card or mother's,93.3,90.1,True,False
Tamil Nadu,The Nilgiris,Child Vaccinations and Vitamin A Supplementation,45,Children age 12-23 months fully vaccinated based on information from vaccination card only7 (%),93.3,98.0,True,False
Tamil Nadu,The Nilgiris,Child Vaccinations and Vitamin A Supplementation,46,Children age 12-23 months who have received any vaccine (%),96.2,100.0,True,False
Tamil Nadu,The Nilgiris,Child Vaccinations and Vitamin A Supplementation,47,Children age 12-23 months who have received BCG (%),96.2,100.0,True,False
Tamil Nadu,The Nilgiris,Child Vaccinations and Vitamin A Supplementation,48,Children age 12-23 months who have received 3 doses of polio vaccine8 (%),93.3,91.9,True,False
Tamil Nadu,The Nilgiris,Child Vaccinations and Vitamin A Supplementation,49,Children age 12-23 months who have received 3 doses of pentavalent vaccine (%),96.2,100.0,True,False
Tamil Nadu,The Nilgiris,Child Vaccinations and Vitamin A Supplementation,50,Children age 12-23 months who have received the first dose of measles-containing vaccine (MCV) (%),96.2,96.2,True,False
Tamil Nadu,The Nilgiris,Child Vaccinations and Vitamin A Supplementation,51,Children age 24-35 months who have received a second dose of measles-containing vaccine (MCV) (%),*,60.5,True,False
Tamil Nadu,The Nilgiris,Child Vaccinations and Vitamin A Supplementation,52,Children age 12-23 months who have received birth dose of hepatitis B vaccine (%),78.3,81.7,True,False
Tamil Nadu,The Nilgiris,Child Vaccinations and Vitamin A Supplementation,53,Children age 12-23 months who have received 3 doses of rotavirus vaccine (%),81.8,81.9,True,False
Tamil Nadu,The Nilgiris,Child Vaccinations and Vitamin A Supplementation,54,Children age 9-35 months who received a vitamin A dose in the last 6 months (%),78.1,69.4,False,False
Tamil Nadu,The Nilgiris,Child Vaccinations and Vitamin A Supplementation,55,Children age 12-23 months who received most of their vaccinations in a public health facility (%),96.6,92.1,True,False
Tamil Nadu,The Nilgiris,Child Vaccinations and Vitamin A Supplementation,56,Children age 12-23 months who received most of their vaccinations in a private health facility (%),3.4,7.9,True,False
Tamil Nadu,The Nilgiris,Treatment of Childhood Diseases (children under age 5 years),57,Prevalence of diarrhoea in the 2 weeks preceding the survey (%),6.6,1.3,False,False
Tamil Nadu,The Nilgiris,Treatment of Childhood Diseases (children under age 5 years),58,Prevalence of symptoms of acute respiratory infection (ARI) in the 2 weeks preceding the survey (%),0.9,0.0,False,False
Tamil Nadu,The Nilgiris,Treatment of Childhood Diseases (children under age 5 years),59,Children with fever or symptoms of ARI in the 2 weeks preceding the survey taken to a health facility or,*,*,True,False
Tamil Nadu,The Nilgiris,Child Feeding Practices and Nutritional Status of Children,60,Children under age 3 years breastfed within one hour of birth9 (%),55.0,66.1,False,False
Tamil Nadu,The Nilgiris,Child Feeding Practices and Nutritional Status of Children,61,Children under age 6 months exclusively breastfed10 (%),*,*,True,False
Tamil Nadu,The Nilgiris,Child Feeding Practices and Nutritional Status of Children,62,Children under age 6 months currently breastfeeding10 (%),*,*,True,False
Tamil Nadu,The Nilgiris,Child Feeding Practices and Nutritional Status of Children,63,Children under age 6 months exclusively breastfed or breastfeeding and consuming plain water/other,*,*,True,False
Tamil Nadu,The Nilgiris,Child Feeding Practices and Nutritional Status of Children,64,Children age 6-8 months receiving solid or semi-solid food and breastmilk10 (%),*,*,True,False
Tamil Nadu,The Nilgiris,Child Feeding Practices and Nutritional Status of Children,65,"Breastfeeding children age 6-23 months receiving an adequate diet10, 11 (%)",31.9,20.8,True,False
Tamil Nadu,The Nilgiris,Child Feeding Practices and Nutritional Status of Children,66,"Non-breastfeeding children age 6-23 months receiving an adequate diet10, 11 (%)",*,*,True,False
Tamil Nadu,The Nilgiris,Child Feeding Practices and Nutritional Status of Children,67,"Total children age 6-23 months receiving an adequate diet10, 11 (%)",29.8,18.8,True,False
Tamil Nadu,The Nilgiris,Child Feeding Practices and Nutritional Status of Children,68,Children under 5 years who are stunted (height-for-age)12 (%),27.6,26.7,False,False
Tamil Nadu,The Nilgiris,Child Feeding Practices and Nutritional Status of Children,69,Children under 5 years who are wasted (weight-for-height)12 (%),14.0,17.3,False,False
Tamil Nadu,The Nilgiris,Child Feeding Practices and Nutritional Status of Children,70,Children under 5 years who are severely wasted (weight-for-height)13 (%),2.4,7.7,False,False
Tamil Nadu,The Nilgiris,Child Feeding Practices and Nutritional Status of Children,71,Children under 5 years who are underweight (weight-for-age)12 (%),24.8,23.2,False,False
Tamil Nadu,The Nilgiris,Child Feeding Practices and Nutritional Status of Children,72,Children under 5 years who are overweight (weight-for-height)14 (%),3.1,8.5,False,False
Tamil Nadu,The Nilgiris,Nutritional Status of Adults (age 15-49 years),73,Women whose Body Mass Index (BMI) is below normal (BMI <18.5 kg/m2)15 (%),7.2,10.8,False,False
Tamil Nadu,The Nilgiris,Nutritional Status of Adults (age 15-49 years),74,Women who are overweight or obese (BMI ≥25.0 kg/m2)15 (%),47.3,39.5,False,False
Tamil Nadu,The Nilgiris,Women,75,Blood sugar level - high (141-160 mg/dl)16 (%),9.7,5.4,False,False
Tamil Nadu,The Nilgiris,Women,76,Blood sugar level - very high (>160 mg/dl)16 (%),12.1,6.5,False,False
Tamil Nadu,The Nilgiris,Women,77,Blood sugar level - high or very high (>140 mg/dl) or taking medicine to control blood sugar level16 (%),23.7,13.6,False,False
Tamil Nadu,The Nilgiris,Men,78,Blood sugar level - high (141-160 mg/dl)16 (%),8.9,8.2,False,False
Tamil Nadu,The Nilgiris,Men,79,Blood sugar level - very high (>160 mg/dl)16 (%),12.2,5.9,False,False
Tamil Nadu,The Nilgiris,Men,80,Blood sugar level - high or very high (>140 mg/dl) or taking medicine to control blood sugar level16 (%),23.7,15.0,False,False
Tamil Nadu,The Nilgiris,Women,81,Mildly elevated blood pressure (Systolic 140-159 mm of Hg and/or Diastolic 90-99 mm of Hg) (%),18.0,19.6,False,False
Tamil Nadu,The Nilgiris,Women,82,Moderately or severely elevated blood pressure (Systolic ≥160 mm of Hg and/or Diastolic ≥100 mm,7.6,10.9,False,False
Tamil Nadu,The Nilgiris,Women,83,Elevated blood pressure (Systolic ≥140 mm of Hg and/or Diastolic ≥90 mm of Hg) or taking medicine to,32.2,34.2,False,False
Tamil Nadu,The Nilgiris,Men,84,Mildly elevated blood pressure (Systolic 140-159 mm of Hg and/or Diastolic 90-99 mm of Hg) (%),18.9,21.9,False,False
Tamil Nadu,The Nilgiris,Men,85,Moderately or severely elevated blood pressure (Systolic ≥160 mm of Hg and/or Diastolic ≥100 mm,8.4,9.8,False,False
Tamil Nadu,The Nilgiris,Men,86,Elevated blood pressure (Systolic ≥140 mm of Hg and/or Diastolic ≥90 mm of Hg) or taking medicine to,32.9,32.9,False,False
Tamil Nadu,The Nilgiris,Men,87,Women having a bank or savings account that they themselves use (%),92.3,94.6,False,False
Tamil Nadu,The Nilgiris,Men,88,Women having a mobile phone that they themselves use (%),81.2,87.0,False,False
Tamil Nadu,The Nilgiris,Men,89,Women age 15-24 years who use hygienic methods of protection during their menstrual period17 (%),95.9,96.7,False,False
Tamil Nadu,The Nilgiris,Tobacco Use and Alcohol Consumption among Adults (age 15 years and above),90,Women age 15 years and above who use any kind of tobacco (%),8.9,6.8,False,False
Tamil Nadu,The Nilgiris,Tobacco Use and Alcohol Consumption among Adults (age 15 years and above),91,Men age 15 years and above who use any kind of tobacco (%),20.9,21.5,False,False
Tamil Nadu,The Nilgiris,Tobacco Use and Alcohol Consumption among Adults (age 15 years and above),92,Women age 15 years and above who consume alcohol (%),0.1,1.1,False,False
Tamil Nadu,The Nilgiris,Tobacco Use and Alcohol Consumption among Adults (age 15 years and above),93,Men age 15 years and above who consume alcohol (%),29.4,25.9,False,False
Tamil Nadu,Theni,Population and Household Profile,1,Population below age 5 years (%),6.5,9.1,False,False
Tamil Nadu,Theni,Population and Household Profile,2,Population below age 15 years (%),21.0,23.8,False,False
Tamil Nadu,Theni,Population and Household Profile,3,Population age 60 years and above (%),15.2,12.9,False,False
Tamil Nadu,Theni,Population and Household Profile,4,Population living in households with electricity (%),99.5,99.4,False,False
Tamil Nadu,Theni,Population and Household Profile,5,Population living in households with an improved drinking-water source1 (%),99.8,99.9,False,False
Tamil Nadu,Theni,Population and Household Profile,6,Households using iodized salt (%),83.4,76.8,False,False
Tamil Nadu,Theni,Population and Household Profile,7,Households with any usual member covered under a health insurance/financing scheme (%),55.3,67.4,False,False
Tamil Nadu,Theni,Population and Household Profile,8,Households with any usual member having a bank account/post office account (%),92.5,97.3,False,False
Tamil Nadu,Theni,Population and Household Profile,9,Female population age 6 years and above who ever attended school (%),75.3,80.9,False,False
Tamil Nadu,Theni,Population and Household Profile,10,Households with any usual female members owning a house and/or land (alone or jointly with others) (%),14.8,15.8,False,False
Tamil Nadu,Theni,Population and Household Profile,11,Children age 2-4 years who attended pre-school (%),69.6,57.3,False,False
Tamil Nadu,Theni,Characteristics of Adults (age 15-49 years),12,Women with 10 or more years of schooling (%),56.2,56.9,False,False
Tamil Nadu,Theni,Characteristics of Adults (age 15-49 years),13,Men with 10 or more years of schooling (%),69.4,66.6,False,False
Tamil Nadu,Theni,Characteristics of Adults (age 15-49 years),14,Women who have ever used the internet (%),41.2,36.9,False,False
Tamil Nadu,Theni,Characteristics of Adults (age 15-49 years),15,Men who have ever used the internet (%),70.4,68.7,False,False
Tamil Nadu,Theni,Marriage and Fertility,16,Women age 20-24 years married before age 18 years (%),15.6,16.0,False,False
Tamil Nadu,Theni,Marriage and Fertility,17,Men age 25-29 years married before age 21 years (%),*,*,True,False
Tamil Nadu,Theni,Marriage and Fertility,18,Three or more births in the 5 years preceding the survey (%),0.5,0.9,False,False
Tamil Nadu,Theni,Marriage and Fertility,19,Women age 15-19 years who were already mothers or pregnant at the time of the survey (%),10.8,13.5,False,False
Tamil Nadu,Theni,Marriage and Fertility,20,Any method2 (%),72.0,70.6,False,False
Tamil Nadu,Theni,Marriage and Fertility,21,Any modern method2 (%),70.0,67.1,False,False
Tamil Nadu,Theni,Marriage and Fertility,22,Any traditional method (%),2.0,3.5,False,False
Tamil Nadu,Theni,Marriage and Fertility,23,Female sterilization (%),62.2,56.1,False,False
Tamil Nadu,Theni,Marriage and Fertility,24,Male sterilization (%),0.0,0.0,False,False
Tamil Nadu,Theni,Marriage and Fertility,25,Total unmet need3 (%),8.8,7.3,False,False
Tamil Nadu,Theni,Marriage and Fertility,26,Unmet need for spacing3 (%),4.8,3.4,False,False
Tamil Nadu,Theni,Marriage and Fertility,27,Unmet need for limiting3 (%),4.0,3.9,False,False
Tamil Nadu,Theni,Antenatal Care (for last birth in the 5 years before the survey),28,Mothers who had an antenatal check-up in the first trimester (%),60.9,88.8,False,False
Tamil Nadu,Theni,Antenatal Care (for last birth in the 5 years before the survey),29,Mothers who had any antenatal care visits (%),68.2,99.1,False,False
Tamil Nadu,Theni,Antenatal Care (for last birth in the 5 years before the survey),30,Mothers who had at least 4 antenatal care visits (%),57.1,98.7,False,False
Tamil Nadu,Theni,Antenatal Care (for last birth in the 5 years before the survey),31,Mothers whose last birth was protected against neonatal tetanus4 (%),53.7,90.0,False,False
Tamil Nadu,Theni,Antenatal Care (for last birth in the 5 years before the survey),32,Mothers who consumed iron folic acid for 100 days or more when they were pregnant (%),73.1,85.6,False,False
Tamil Nadu,Theni,Antenatal Care (for last birth in the 5 years before the survey),33,Mothers who consumed iron folic acid for 180 days or more when they were pregnant (%),58.9,60.3,False,False
Tamil Nadu,Theni,Antenatal Care (for last birth in the 5 years before the survey),34,Registered pregnancies for which the mother received a Mother and Child Protection (MCP) card (%),96.6,100.0,False,False
Tamil Nadu,Theni,Delivery Care (for births in the 5 years before the survey),35,Institutional births (%),97.6,100.0,False,False
Tamil Nadu,Theni,Delivery Care (for births in the 5 years before the survey),36,Institutional births in public facility (%),83.9,81.7,False,False
Tamil Nadu,Theni,Delivery Care (for births in the 5 years before the survey),37,Births attended by skilled health personnel5 (%),100.0,100.0,False,False
Tamil Nadu,Theni,Delivery Care (for births in the 5 years before the survey),38,Births delivered by caesarean section (%),50.0,43.7,False,False
Tamil Nadu,Theni,Delivery Care (for births in the 5 years before the survey),39,Births in a private health facility that were delivered by caesarean section (%),64.3,59.5,True,False
Tamil Nadu,Theni,Delivery Care (for births in the 5 years before the survey),40,Births in a public health facility that were delivered by caesarean section (%),49.1,40.1,False,False
Tamil Nadu,Theni,Postnatal Care (for last birth in the 5 years before the survey),41,Mothers who received postnatal care from a doctor/nurse/LHV/ANM/midwife/other health personnel within 2,79.3,97.1,False,False
Tamil Nadu,Theni,Postnatal Care (for last birth in the 5 years before the survey),42,Children born at home who were taken to a health facility for a check-up within 24 hours of birth (%),*,*,True,False
Tamil Nadu,Theni,Postnatal Care (for last birth in the 5 years before the survey),43,Children who received postnatal care from a doctor/nurse/LHV/ANM/midwife/other health personnel within 2,80.5,97.8,False,False
Tamil Nadu,Theni,Child Vaccinations and Vitamin A Supplementation,44,Children age 12-23 months fully vaccinated based on information from either vaccination card or mother's,76.1,95.2,True,False
Tamil Nadu,Theni,Child Vaccinations and Vitamin A Supplementation,45,Children age 12-23 months fully vaccinated based on information from vaccination card only7 (%),91.0,95.2,True,False
Tamil Nadu,Theni,Child Vaccinations and Vitamin A Supplementation,46,Children age 12-23 months who have received any vaccine (%),84.4,98.5,True,False
Tamil Nadu,Theni,Child Vaccinations and Vitamin A Supplementation,47,Children age 12-23 months who have received BCG (%),84.4,98.5,True,False
Tamil Nadu,Theni,Child Vaccinations and Vitamin A Supplementation,48,Children age 12-23 months who have received 3 doses of polio vaccine8 (%),81.3,95.9,True,False
Tamil Nadu,Theni,Child Vaccinations and Vitamin A Supplementation,49,Children age 12-23 months who have received 3 doses of pentavalent vaccine (%),79.1,96.6,True,False
Tamil Nadu,Theni,Child Vaccinations and Vitamin A Supplementation,50,Children age 12-23 months who have received the first dose of measles-containing vaccine (MCV) (%),84.4,97.3,True,False
Tamil Nadu,Theni,Child Vaccinations and Vitamin A Supplementation,51,Children age 24-35 months who have received a second dose of measles-containing vaccine (MCV) (%),*,91.4,True,False
Tamil Nadu,Theni,Child Vaccinations and Vitamin A Supplementation,52,Children age 12-23 months who have received birth dose of hepatitis B vaccine (%),69.8,98.5,True,False
Tamil Nadu,Theni,Child Vaccinations and Vitamin A Supplementation,53,Children age 12-23 months who have received 3 doses of rotavirus vaccine (%),67.6,80.9,True,False
Tamil Nadu,Theni,Child Vaccinations and Vitamin A Supplementation,54,Children age 9-35 months who received a vitamin A dose in the last 6 months (%),63.3,74.0,False,False
Tamil Nadu,Theni,Child Vaccinations and Vitamin A Supplementation,55,Children age 12-23 months who received most of their vaccinations in a public health facility (%),94.0,94.7,True,False
Tamil Nadu,Theni,Child Vaccinations and Vitamin A Supplementation,56,Children age 12-23 months who received most of their vaccinations in a private health facility (%),6.1,3.9,True,False
Tamil Nadu,Theni,Treatment of Childhood Diseases (children under age 5 years),57,Prevalence of diarrhoea in the 2 weeks preceding the survey (%),4.6,3.8,False,False
Tamil Nadu,Theni,Treatment of Childhood Diseases (children under age 5 years),58,Prevalence of symptoms of acute respiratory infection (ARI) in the 2 weeks preceding the survey (%),0.8,0.2,False,False
Tamil Nadu,Theni,Treatment of Childhood Diseases (children under age 5 years),59,Children with fever or symptoms of ARI in the 2 weeks preceding the survey taken to a health facility or,*,*,True,False
Tamil Nadu,Theni,Child Feeding Practices and Nutritional Status of Children,60,Children under age 3 years breastfed within one hour of birth9 (%),50.4,63.1,False,False
Tamil Nadu,Theni,Child Feeding Practices and Nutritional Status of Children,61,Children under age 6 months exclusively breastfed10 (%),47.0,53.9,True,False
Tamil Nadu,Theni,Child Feeding Practices and Nutritional Status of Children,62,Children under age 6 months currently breastfeeding10 (%),93.0,100.0,True,False
Tamil Nadu,Theni,Child Feeding Practices and Nutritional Status of Children,63,Children under age 6 months exclusively breastfed or breastfeeding and consuming plain water/other,79.0,87.6,True,False
Tamil Nadu,Theni,Child Feeding Practices and Nutritional Status of Children,64,Children age 6-8 months receiving solid or semi-solid food and breastmilk10 (%),*,*,True,False
Tamil Nadu,Theni,Child Feeding Practices and Nutritional Status of Children,65,"Breastfeeding children age 6-23 months receiving an adequate diet10, 11 (%)",37.3,14.4,True,False
Tamil Nadu,Theni,Child Feeding Practices and Nutritional Status of Children,66,"Non-breastfeeding children age 6-23 months receiving an adequate diet10, 11 (%)",*,22.5,True,False
Tamil Nadu,Theni,Child Feeding Practices and Nutritional Status of Children,67,"Total children age 6-23 months receiving an adequate diet10, 11 (%)",37.7,17.3,True,False
Tamil Nadu,Theni,Child Feeding Practices and Nutritional Status of Children,68,Children under 5 years who are stunted (height-for-age)12 (%),21.0,20.2,False,False
Tamil Nadu,Theni,Child Feeding Practices and Nutritional Status of Children,69,Children under 5 years who are wasted (weight-for-height)12 (%),20.7,15.5,False,False
Tamil Nadu,Theni,Child Feeding Practices and Nutritional Status of Children,70,Children under 5 years who are severely wasted (weight-for-height)13 (%),7.5,6.6,False,False
Tamil Nadu,Theni,Child Feeding Practices and Nutritional Status of Children,71,Children under 5 years who are underweight (weight-for-age)12 (%),25.1,18.8,False,False
Tamil Nadu,Theni,Child Feeding Practices and Nutritional Status of Children,72,Children under 5 years who are overweight (weight-for-height)14 (%),0.6,4.2,False,False
Tamil Nadu,Theni,Nutritional Status of Adults (age 15-49 years),73,Women whose Body Mass Index (BMI) is below normal (BMI <18.5 kg/m2)15 (%),10.1,10.3,False,False
Tamil Nadu,Theni,Nutritional Status of Adults (age 15-49 years),74,Women who are overweight or obese (BMI ≥25.0 kg/m2)15 (%),48.6,45.2,False,False
Tamil Nadu,Theni,Women,75,Blood sugar level - high (141-160 mg/dl)16 (%),6.8,8.8,False,False
Tamil Nadu,Theni,Women,76,Blood sugar level - very high (>160 mg/dl)16 (%),17.2,12.6,False,False
Tamil Nadu,Theni,Women,77,Blood sugar level - high or very high (>140 mg/dl) or taking medicine to control blood sugar level16 (%),26.4,22.9,False,False
Tamil Nadu,Theni,Men,78,Blood sugar level - high (141-160 mg/dl)16 (%),9.4,9.0,False,False
Tamil Nadu,Theni,Men,79,Blood sugar level - very high (>160 mg/dl)16 (%),19.6,12.5,False,False
Tamil Nadu,Theni,Men,80,Blood sugar level - high or very high (>140 mg/dl) or taking medicine to control blood sugar level16 (%),30.8,23.1,False,False
Tamil Nadu,Theni,Women,81,Mildly elevated blood pressure (Systolic 140-159 mm of Hg and/or Diastolic 90-99 mm of Hg) (%),14.7,19.9,False,False
Tamil Nadu,Theni,Women,82,Moderately or severely elevated blood pressure (Systolic ≥160 mm of Hg and/or Diastolic ≥100 mm,6.9,6.1,False,False
Tamil Nadu,Theni,Women,83,Elevated blood pressure (Systolic ≥140 mm of Hg and/or Diastolic ≥90 mm of Hg) or taking medicine to,27.6,28.7,False,False
Tamil Nadu,Theni,Men,84,Mildly elevated blood pressure (Systolic 140-159 mm of Hg and/or Diastolic 90-99 mm of Hg) (%),19.6,25.4,False,False
Tamil Nadu,Theni,Men,85,Moderately or severely elevated blood pressure (Systolic ≥160 mm of Hg and/or Diastolic ≥100 mm,6.4,7.9,False,False
Tamil Nadu,Theni,Men,86,Elevated blood pressure (Systolic ≥140 mm of Hg and/or Diastolic ≥90 mm of Hg) or taking medicine to,31.3,35.6,False,False
Tamil Nadu,Theni,Men,87,Women having a bank or savings account that they themselves use (%),82.0,96.8,False,False
Tamil Nadu,Theni,Men,88,Women having a mobile phone that they themselves use (%),70.5,65.0,False,False
Tamil Nadu,Theni,Men,89,Women age 15-24 years who use hygienic methods of protection during their menstrual period17 (%),94.9,99.7,False,False
Tamil Nadu,Theni,Tobacco Use and Alcohol Consumption among Adults (age 15 years and above),90,Women age 15 years and above who use any kind of tobacco (%),4.0,4.3,False,False
Tamil Nadu,Theni,Tobacco Use and Alcohol Consumption among Adults (age 15 years and above),91,Men age 15 years and above who use any kind of tobacco (%),22.2,21.3,False,False
Tamil Nadu,Theni,Tobacco Use and Alcohol Consumption among Adults (age 15 years and above),92,Women age 15 years and above who consume alcohol (%),0.3,0.3,False,False
Tamil Nadu,Theni,Tobacco Use and Alcohol Consumption among Adults (age 15 years and above),93,Men age 15 years and above who consume alcohol (%),22.7,23.0,False,False
Tamil Nadu,Thiruvallur,Population and Household Profile,1,Population below age 5 years (%),5.4,7.7,False,False
Tamil Nadu,Thiruvallur,Population and Household Profile,2,Population below age 15 years (%),19.5,21.6,False,False
Tamil Nadu,Thiruvallur,Population and Household Profile,3,Population age 60 years and above (%),13.1,10.8,False,False
Tamil Nadu,Thiruvallur,Population and Household Profile,4,Population living in households with electricity (%),99.9,99.8,False,False
Tamil Nadu,Thiruvallur,Population and Household Profile,5,Population living in households with an improved drinking-water source1 (%),97.7,100.0,False,False
Tamil Nadu,Thiruvallur,Population and Household Profile,6,Households using iodized salt (%),92.6,83.8,False,False
Tamil Nadu,Thiruvallur,Population and Household Profile,7,Households with any usual member covered under a health insurance/financing scheme (%),50.7,57.4,False,False
Tamil Nadu,Thiruvallur,Population and Household Profile,8,Households with any usual member having a bank account/post office account (%),94.1,96.6,False,False
Tamil Nadu,Thiruvallur,Population and Household Profile,9,Female population age 6 years and above who ever attended school (%),84.5,83.5,False,False
Tamil Nadu,Thiruvallur,Population and Household Profile,10,Households with any usual female members owning a house and/or land (alone or jointly with others) (%),11.6,17.2,False,False
Tamil Nadu,Thiruvallur,Population and Household Profile,11,Children age 2-4 years who attended pre-school (%),56.9,60.6,False,False
Tamil Nadu,Thiruvallur,Characteristics of Adults (age 15-49 years),12,Women with 10 or more years of schooling (%),71.1,57.2,False,False
Tamil Nadu,Thiruvallur,Characteristics of Adults (age 15-49 years),13,Men with 10 or more years of schooling (%),68.7,61.0,False,False
Tamil Nadu,Thiruvallur,Characteristics of Adults (age 15-49 years),14,Women who have ever used the internet (%),53.3,48.5,False,False
Tamil Nadu,Thiruvallur,Characteristics of Adults (age 15-49 years),15,Men who have ever used the internet (%),78.4,77.2,False,False
Tamil Nadu,Thiruvallur,Marriage and Fertility,16,Women age 20-24 years married before age 18 years (%),10.1,13.4,False,False
Tamil Nadu,Thiruvallur,Marriage and Fertility,17,Men age 25-29 years married before age 21 years (%),*,*,True,False
Tamil Nadu,Thiruvallur,Marriage and Fertility,18,Three or more births in the 5 years preceding the survey (%),1.7,1.1,False,False
Tamil Nadu,Thiruvallur,Marriage and Fertility,19,Women age 15-19 years who were already mothers or pregnant at the time of the survey (%),1.9,5.8,False,False
Tamil Nadu,Thiruvallur,Marriage and Fertility,20,Any method2 (%),75.3,67.9,False,False
Tamil Nadu,Thiruvallur,Marriage and Fertility,21,Any modern method2 (%),71.4,66.0,False,False
Tamil Nadu,Thiruvallur,Marriage and Fertility,22,Any traditional method (%),3.9,1.9,False,False
Tamil Nadu,Thiruvallur,Marriage and Fertility,23,Female sterilization (%),63.0,59.1,False,False
Tamil Nadu,Thiruvallur,Marriage and Fertility,24,Male sterilization (%),0.1,0.0,False,False
Tamil Nadu,Thiruvallur,Marriage and Fertility,25,Total unmet need3 (%),6.1,9.3,False,False
Tamil Nadu,Thiruvallur,Marriage and Fertility,26,Unmet need for spacing3 (%),3.6,3.4,False,False
Tamil Nadu,Thiruvallur,Marriage and Fertility,27,Unmet need for limiting3 (%),2.5,5.9,False,False
Tamil Nadu,Thiruvallur,Antenatal Care (for last birth in the 5 years before the survey),28,Mothers who had an antenatal check-up in the first trimester (%),56.0,77.6,False,False
Tamil Nadu,Thiruvallur,Antenatal Care (for last birth in the 5 years before the survey),29,Mothers who had any antenatal care visits (%),96.4,87.1,False,False
Tamil Nadu,Thiruvallur,Antenatal Care (for last birth in the 5 years before the survey),30,Mothers who had at least 4 antenatal care visits (%),92.1,85.4,False,False
Tamil Nadu,Thiruvallur,Antenatal Care (for last birth in the 5 years before the survey),31,Mothers whose last birth was protected against neonatal tetanus4 (%),87.6,76.8,False,False
Tamil Nadu,Thiruvallur,Antenatal Care (for last birth in the 5 years before the survey),32,Mothers who consumed iron folic acid for 100 days or more when they were pregnant (%),66.1,75.0,False,False
Tamil Nadu,Thiruvallur,Antenatal Care (for last birth in the 5 years before the survey),33,Mothers who consumed iron folic acid for 180 days or more when they were pregnant (%),50.5,53.5,False,False
Tamil Nadu,Thiruvallur,Antenatal Care (for last birth in the 5 years before the survey),34,Registered pregnancies for which the mother received a Mother and Child Protection (MCP) card (%),99.2,95.6,False,False
Tamil Nadu,Thiruvallur,Delivery Care (for births in the 5 years before the survey),35,Institutional births (%),100.0,100.0,False,False
Tamil Nadu,Thiruvallur,Delivery Care (for births in the 5 years before the survey),36,Institutional births in public facility (%),73.2,72.3,False,False
Tamil Nadu,Thiruvallur,Delivery Care (for births in the 5 years before the survey),37,Births attended by skilled health personnel5 (%),100.0,100.0,False,False
Tamil Nadu,Thiruvallur,Delivery Care (for births in the 5 years before the survey),38,Births delivered by caesarean section (%),44.0,46.4,False,False
Tamil Nadu,Thiruvallur,Delivery Care (for births in the 5 years before the survey),39,Births in a private health facility that were delivered by caesarean section (%),57.1,63.0,True,False
Tamil Nadu,Thiruvallur,Delivery Care (for births in the 5 years before the survey),40,Births in a public health facility that were delivered by caesarean section (%),39.2,40.1,False,False
Tamil Nadu,Thiruvallur,Postnatal Care (for last birth in the 5 years before the survey),41,Mothers who received postnatal care from a doctor/nurse/LHV/ANM/midwife/other health personnel within 2,77.0,90.3,False,False
Tamil Nadu,Thiruvallur,Postnatal Care (for last birth in the 5 years before the survey),42,Children born at home who were taken to a health facility for a check-up within 24 hours of birth (%),*,*,True,False
Tamil Nadu,Thiruvallur,Postnatal Care (for last birth in the 5 years before the survey),43,Children who received postnatal care from a doctor/nurse/LHV/ANM/midwife/other health personnel within 2,83.4,95.2,False,False
Tamil Nadu,Thiruvallur,Child Vaccinations and Vitamin A Supplementation,44,Children age 12-23 months fully vaccinated based on information from either vaccination card or mother's,65.0,88.6,True,False
Tamil Nadu,Thiruvallur,Child Vaccinations and Vitamin A Supplementation,45,Children age 12-23 months fully vaccinated based on information from vaccination card only7 (%),75.5,88.6,True,False
Tamil Nadu,Thiruvallur,Child Vaccinations and Vitamin A Supplementation,46,Children age 12-23 months who have received any vaccine (%),85.7,98.0,True,False
Tamil Nadu,Thiruvallur,Child Vaccinations and Vitamin A Supplementation,47,Children age 12-23 months who have received BCG (%),79.5,98.0,True,False
Tamil Nadu,Thiruvallur,Child Vaccinations and Vitamin A Supplementation,48,Children age 12-23 months who have received 3 doses of polio vaccine8 (%),73.7,95.7,True,False
Tamil Nadu,Thiruvallur,Child Vaccinations and Vitamin A Supplementation,49,Children age 12-23 months who have received 3 doses of pentavalent vaccine (%),82.0,90.9,True,False
Tamil Nadu,Thiruvallur,Child Vaccinations and Vitamin A Supplementation,50,Children age 12-23 months who have received the first dose of measles-containing vaccine (MCV) (%),79.5,98.0,True,False
Tamil Nadu,Thiruvallur,Child Vaccinations and Vitamin A Supplementation,51,Children age 24-35 months who have received a second dose of measles-containing vaccine (MCV) (%),81.4,79.2,True,False
Tamil Nadu,Thiruvallur,Child Vaccinations and Vitamin A Supplementation,52,Children age 12-23 months who have received birth dose of hepatitis B vaccine (%),79.5,86.3,True,False
Tamil Nadu,Thiruvallur,Child Vaccinations and Vitamin A Supplementation,53,Children age 12-23 months who have received 3 doses of rotavirus vaccine (%),79.7,59.2,True,False
Tamil Nadu,Thiruvallur,Child Vaccinations and Vitamin A Supplementation,54,Children age 9-35 months who received a vitamin A dose in the last 6 months (%),77.7,62.9,False,False
Tamil Nadu,Thiruvallur,Child Vaccinations and Vitamin A Supplementation,55,Children age 12-23 months who received most of their vaccinations in a public health facility (%),100.0,80.0,True,False
Tamil Nadu,Thiruvallur,Child Vaccinations and Vitamin A Supplementation,56,Children age 12-23 months who received most of their vaccinations in a private health facility (%),0.0,20.0,True,False
Tamil Nadu,Thiruvallur,Treatment of Childhood Diseases (children under age 5 years),57,Prevalence of diarrhoea in the 2 weeks preceding the survey (%),7.0,5.2,False,False
Tamil Nadu,Thiruvallur,Treatment of Childhood Diseases (children under age 5 years),58,Prevalence of symptoms of acute respiratory infection (ARI) in the 2 weeks preceding the survey (%),0.4,3.9,False,False
Tamil Nadu,Thiruvallur,Treatment of Childhood Diseases (children under age 5 years),59,Children with fever or symptoms of ARI in the 2 weeks preceding the survey taken to a health facility or,*,57.4,True,False
Tamil Nadu,Thiruvallur,Child Feeding Practices and Nutritional Status of Children,60,Children under age 3 years breastfed within one hour of birth9 (%),48.8,56.2,False,False
Tamil Nadu,Thiruvallur,Child Feeding Practices and Nutritional Status of Children,61,Children under age 6 months exclusively breastfed10 (%),*,*,True,False
Tamil Nadu,Thiruvallur,Child Feeding Practices and Nutritional Status of Children,62,Children under age 6 months currently breastfeeding10 (%),*,*,True,False
Tamil Nadu,Thiruvallur,Child Feeding Practices and Nutritional Status of Children,63,Children under age 6 months exclusively breastfed or breastfeeding and consuming plain water/other,*,*,True,False
Tamil Nadu,Thiruvallur,Child Feeding Practices and Nutritional Status of Children,64,Children age 6-8 months receiving solid or semi-solid food and breastmilk10 (%),*,*,True,False
Tamil Nadu,Thiruvallur,Child Feeding Practices and Nutritional Status of Children,65,"Breastfeeding children age 6-23 months receiving an adequate diet10, 11 (%)",16.2,23.4,True,False
Tamil Nadu,Thiruvallur,Child Feeding Practices and Nutritional Status of Children,66,"Non-breastfeeding children age 6-23 months receiving an adequate diet10, 11 (%)",*,*,True,False
Tamil Nadu,Thiruvallur,Child Feeding Practices and Nutritional Status of Children,67,"Total children age 6-23 months receiving an adequate diet10, 11 (%)",20.9,26.3,False,False
Tamil Nadu,Thiruvallur,Child Feeding Practices and Nutritional Status of Children,68,Children under 5 years who are stunted (height-for-age)12 (%),15.3,18.1,False,False
Tamil Nadu,Thiruvallur,Child Feeding Practices and Nutritional Status of Children,69,Children under 5 years who are wasted (weight-for-height)12 (%),14.1,17.0,False,False
Tamil Nadu,Thiruvallur,Child Feeding Practices and Nutritional Status of Children,70,Children under 5 years who are severely wasted (weight-for-height)13 (%),5.8,3.6,False,False
Tamil Nadu,Thiruvallur,Child Feeding Practices and Nutritional Status of Children,71,Children under 5 years who are underweight (weight-for-age)12 (%),19.4,20.6,False,False
Tamil Nadu,Thiruvallur,Child Feeding Practices and Nutritional Status of Children,72,Children under 5 years who are overweight (weight-for-height)14 (%),1.3,2.1,False,False
Tamil Nadu,Thiruvallur,Nutritional Status of Adults (age 15-49 years),73,Women whose Body Mass Index (BMI) is below normal (BMI <18.5 kg/m2)15 (%),10.1,10.5,False,False
Tamil Nadu,Thiruvallur,Nutritional Status of Adults (age 15-49 years),74,Women who are overweight or obese (BMI ≥25.0 kg/m2)15 (%),47.0,48.6,False,False
Tamil Nadu,Thiruvallur,Women,75,Blood sugar level - high (141-160 mg/dl)16 (%),8.1,6.3,False,False
Tamil Nadu,Thiruvallur,Women,76,Blood sugar level - very high (>160 mg/dl)16 (%),14.5,12.1,False,False
Tamil Nadu,Thiruvallur,Women,77,Blood sugar level - high or very high (>140 mg/dl) or taking medicine to control blood sugar level16 (%),25.4,22.5,False,False
Tamil Nadu,Thiruvallur,Men,78,Blood sugar level - high (141-160 mg/dl)16 (%),7.8,6.4,False,False
Tamil Nadu,Thiruvallur,Men,79,Blood sugar level - very high (>160 mg/dl)16 (%),15.6,14.1,False,False
Tamil Nadu,Thiruvallur,Men,80,Blood sugar level - high or very high (>140 mg/dl) or taking medicine to control blood sugar level16 (%),25.6,23.4,False,False
Tamil Nadu,Thiruvallur,Women,81,Mildly elevated blood pressure (Systolic 140-159 mm of Hg and/or Diastolic 90-99 mm of Hg) (%),10.6,13.2,False,False
Tamil Nadu,Thiruvallur,Women,82,Moderately or severely elevated blood pressure (Systolic ≥160 mm of Hg and/or Diastolic ≥100 mm,4.4,6.3,False,False
Tamil Nadu,Thiruvallur,Women,83,Elevated blood pressure (Systolic ≥140 mm of Hg and/or Diastolic ≥90 mm of Hg) or taking medicine to,22.1,26.4,False,False
Tamil Nadu,Thiruvallur,Men,84,Mildly elevated blood pressure (Systolic 140-159 mm of Hg and/or Diastolic 90-99 mm of Hg) (%),15.2,19.6,False,False
Tamil Nadu,Thiruvallur,Men,85,Moderately or severely elevated blood pressure (Systolic ≥160 mm of Hg and/or Diastolic ≥100 mm,5.2,9.3,False,False
Tamil Nadu,Thiruvallur,Men,86,Elevated blood pressure (Systolic ≥140 mm of Hg and/or Diastolic ≥90 mm of Hg) or taking medicine to,25.2,32.4,False,False
Tamil Nadu,Thiruvallur,Men,87,Women having a bank or savings account that they themselves use (%),87.1,90.1,False,False
Tamil Nadu,Thiruvallur,Men,88,Women having a mobile phone that they themselves use (%),77.8,82.6,False,False
Tamil Nadu,Thiruvallur,Men,89,Women age 15-24 years who use hygienic methods of protection during their menstrual period17 (%),98.6,98.8,False,False
Tamil Nadu,Thiruvallur,Tobacco Use and Alcohol Consumption among Adults (age 15 years and above),90,Women age 15 years and above who use any kind of tobacco (%),1.4,1.7,False,False
Tamil Nadu,Thiruvallur,Tobacco Use and Alcohol Consumption among Adults (age 15 years and above),91,Men age 15 years and above who use any kind of tobacco (%),14.0,18.3,False,False
Tamil Nadu,Thiruvallur,Tobacco Use and Alcohol Consumption among Adults (age 15 years and above),92,Women age 15 years and above who consume alcohol (%),0.3,0.1,False,False
Tamil Nadu,Thiruvallur,Tobacco Use and Alcohol Consumption among Adults (age 15 years and above),93,Men age 15 years and above who consume alcohol (%),21.2,26.7,False,False
Tamil Nadu,Thiruvarur,Population and Household Profile,1,Population below age 5 years (%),8.2,5.7,False,False
Tamil Nadu,Thiruvarur,Population and Household Profile,2,Population below age 15 years (%),21.3,19.6,False,False
Tamil Nadu,Thiruvarur,Population and Household Profile,3,Population age 60 years and above (%),17.9,18.0,False,False
Tamil Nadu,Thiruvarur,Population and Household Profile,4,Population living in households with electricity (%),98.7,98.6,False,False
Tamil Nadu,Thiruvarur,Population and Household Profile,5,Population living in households with an improved drinking-water source1 (%),98.8,100.0,False,False
Tamil Nadu,Thiruvarur,Population and Household Profile,6,Households using iodized salt (%),84.8,94.6,False,False
Tamil Nadu,Thiruvarur,Population and Household Profile,7,Households with any usual member covered under a health insurance/financing scheme (%),70.5,75.2,False,False
Tamil Nadu,Thiruvarur,Population and Household Profile,8,Households with any usual member having a bank account/post office account (%),98.5,97.4,False,False
Tamil Nadu,Thiruvarur,Population and Household Profile,9,Female population age 6 years and above who ever attended school (%),82.3,84.9,False,False
Tamil Nadu,Thiruvarur,Population and Household Profile,10,Households with any usual female members owning a house and/or land (alone or jointly with others) (%),19.9,19.7,False,False
Tamil Nadu,Thiruvarur,Population and Household Profile,11,Children age 2-4 years who attended pre-school (%),66.3,34.5,False,False
Tamil Nadu,Thiruvarur,Characteristics of Adults (age 15-49 years),12,Women with 10 or more years of schooling (%),65.6,57.5,False,False
Tamil Nadu,Thiruvarur,Characteristics of Adults (age 15-49 years),13,Men with 10 or more years of schooling (%),78.0,58.4,False,False
Tamil Nadu,Thiruvarur,Characteristics of Adults (age 15-49 years),14,Women who have ever used the internet (%),50.5,46.2,False,False
Tamil Nadu,Thiruvarur,Characteristics of Adults (age 15-49 years),15,Men who have ever used the internet (%),82.8,64.6,False,False
Tamil Nadu,Thiruvarur,Marriage and Fertility,16,Women age 20-24 years married before age 18 years (%),4.8,9.1,False,False
Tamil Nadu,Thiruvarur,Marriage and Fertility,17,Men age 25-29 years married before age 21 years (%),*,*,True,False
Tamil Nadu,Thiruvarur,Marriage and Fertility,18,Three or more births in the 5 years preceding the survey (%),0.7,0.6,False,False
Tamil Nadu,Thiruvarur,Marriage and Fertility,19,Women age 15-19 years who were already mothers or pregnant at the time of the survey (%),1.1,2.7,False,False
Tamil Nadu,Thiruvarur,Marriage and Fertility,20,Any method2 (%),62.5,70.2,False,False
Tamil Nadu,Thiruvarur,Marriage and Fertility,21,Any modern method2 (%),62.3,66.7,False,False
Tamil Nadu,Thiruvarur,Marriage and Fertility,22,Any traditional method (%),0.2,3.5,False,False
Tamil Nadu,Thiruvarur,Marriage and Fertility,23,Female sterilization (%),52.2,59.0,False,False
Tamil Nadu,Thiruvarur,Marriage and Fertility,24,Male sterilization (%),0.6,0.2,False,False
Tamil Nadu,Thiruvarur,Marriage and Fertility,25,Total unmet need3 (%),9.5,9.6,False,False
Tamil Nadu,Thiruvarur,Marriage and Fertility,26,Unmet need for spacing3 (%),5.5,4.7,False,False
Tamil Nadu,Thiruvarur,Marriage and Fertility,27,Unmet need for limiting3 (%),4.0,4.9,False,False
Tamil Nadu,Thiruvarur,Antenatal Care (for last birth in the 5 years before the survey),28,Mothers who had an antenatal check-up in the first trimester (%),62.4,80.5,False,False
Tamil Nadu,Thiruvarur,Antenatal Care (for last birth in the 5 years before the survey),29,Mothers who had any antenatal care visits (%),90.8,97.4,False,False
Tamil Nadu,Thiruvarur,Antenatal Care (for last birth in the 5 years before the survey),30,Mothers who had at least 4 antenatal care visits (%),86.9,92.3,False,False
Tamil Nadu,Thiruvarur,Antenatal Care (for last birth in the 5 years before the survey),31,Mothers whose last birth was protected against neonatal tetanus4 (%),93.4,86.8,False,False
Tamil Nadu,Thiruvarur,Antenatal Care (for last birth in the 5 years before the survey),32,Mothers who consumed iron folic acid for 100 days or more when they were pregnant (%),85.5,86.3,False,False
Tamil Nadu,Thiruvarur,Antenatal Care (for last birth in the 5 years before the survey),33,Mothers who consumed iron folic acid for 180 days or more when they were pregnant (%),69.4,65.5,False,False
Tamil Nadu,Thiruvarur,Antenatal Care (for last birth in the 5 years before the survey),34,Registered pregnancies for which the mother received a Mother and Child Protection (MCP) card (%),99.5,97.2,False,False
Tamil Nadu,Thiruvarur,Delivery Care (for births in the 5 years before the survey),35,Institutional births (%),100.0,100.0,False,False
Tamil Nadu,Thiruvarur,Delivery Care (for births in the 5 years before the survey),36,Institutional births in public facility (%),72.9,62.7,False,False
Tamil Nadu,Thiruvarur,Delivery Care (for births in the 5 years before the survey),37,Births attended by skilled health personnel5 (%),99.6,100.0,False,False
Tamil Nadu,Thiruvarur,Delivery Care (for births in the 5 years before the survey),38,Births delivered by caesarean section (%),63.5,60.6,False,False
Tamil Nadu,Thiruvarur,Delivery Care (for births in the 5 years before the survey),39,Births in a private health facility that were delivered by caesarean section (%),82.0,80.5,False,False
Tamil Nadu,Thiruvarur,Delivery Care (for births in the 5 years before the survey),40,Births in a public health facility that were delivered by caesarean section (%),56.6,48.8,False,False
Tamil Nadu,Thiruvarur,Postnatal Care (for last birth in the 5 years before the survey),41,Mothers who received postnatal care from a doctor/nurse/LHV/ANM/midwife/other health personnel within 2,97.8,89.5,False,False
Tamil Nadu,Thiruvarur,Postnatal Care (for last birth in the 5 years before the survey),42,Children born at home who were taken to a health facility for a check-up within 24 hours of birth (%),*,*,True,False
Tamil Nadu,Thiruvarur,Postnatal Care (for last birth in the 5 years before the survey),43,Children who received postnatal care from a doctor/nurse/LHV/ANM/midwife/other health personnel within 2,99.2,92.2,False,False
Tamil Nadu,Thiruvarur,Child Vaccinations and Vitamin A Supplementation,44,Children age 12-23 months fully vaccinated based on information from either vaccination card or mother's,98.5,97.1,True,False
Tamil Nadu,Thiruvarur,Child Vaccinations and Vitamin A Supplementation,45,Children age 12-23 months fully vaccinated based on information from vaccination card only7 (%),98.5,97.1,True,False
Tamil Nadu,Thiruvarur,Child Vaccinations and Vitamin A Supplementation,46,Children age 12-23 months who have received any vaccine (%),100.0,100.0,True,False
Tamil Nadu,Thiruvarur,Child Vaccinations and Vitamin A Supplementation,47,Children age 12-23 months who have received BCG (%),100.0,100.0,True,False
Tamil Nadu,Thiruvarur,Child Vaccinations and Vitamin A Supplementation,48,Children age 12-23 months who have received 3 doses of polio vaccine8 (%),98.5,100.0,True,False
Tamil Nadu,Thiruvarur,Child Vaccinations and Vitamin A Supplementation,49,Children age 12-23 months who have received 3 doses of pentavalent vaccine (%),100.0,97.1,True,False
Tamil Nadu,Thiruvarur,Child Vaccinations and Vitamin A Supplementation,50,Children age 12-23 months who have received the first dose of measles-containing vaccine (MCV) (%),100.0,100.0,True,False
Tamil Nadu,Thiruvarur,Child Vaccinations and Vitamin A Supplementation,51,Children age 24-35 months who have received a second dose of measles-containing vaccine (MCV) (%),88.9,69.7,True,False
Tamil Nadu,Thiruvarur,Child Vaccinations and Vitamin A Supplementation,52,Children age 12-23 months who have received birth dose of hepatitis B vaccine (%),98.5,100.0,True,False
Tamil Nadu,Thiruvarur,Child Vaccinations and Vitamin A Supplementation,53,Children age 12-23 months who have received 3 doses of rotavirus vaccine (%),98.4,78.7,True,False
Tamil Nadu,Thiruvarur,Child Vaccinations and Vitamin A Supplementation,54,Children age 9-35 months who received a vitamin A dose in the last 6 months (%),94.5,70.9,False,False
Tamil Nadu,Thiruvarur,Child Vaccinations and Vitamin A Supplementation,55,Children age 12-23 months who received most of their vaccinations in a public health facility (%),97.2,91.9,True,False
Tamil Nadu,Thiruvarur,Child Vaccinations and Vitamin A Supplementation,56,Children age 12-23 months who received most of their vaccinations in a private health facility (%),2.9,8.1,True,False
Tamil Nadu,Thiruvarur,Treatment of Childhood Diseases (children under age 5 years),57,Prevalence of diarrhoea in the 2 weeks preceding the survey (%),4.3,4.3,False,False
Tamil Nadu,Thiruvarur,Treatment of Childhood Diseases (children under age 5 years),58,Prevalence of symptoms of acute respiratory infection (ARI) in the 2 weeks preceding the survey (%),1.3,0.7,False,False
Tamil Nadu,Thiruvarur,Treatment of Childhood Diseases (children under age 5 years),59,Children with fever or symptoms of ARI in the 2 weeks preceding the survey taken to a health facility or,*,*,True,False
Tamil Nadu,Thiruvarur,Child Feeding Practices and Nutritional Status of Children,60,Children under age 3 years breastfed within one hour of birth9 (%),59.8,45.0,False,False
Tamil Nadu,Thiruvarur,Child Feeding Practices and Nutritional Status of Children,61,Children under age 6 months exclusively breastfed10 (%),54.8,*,True,False
Tamil Nadu,Thiruvarur,Child Feeding Practices and Nutritional Status of Children,62,Children under age 6 months currently breastfeeding10 (%),100.0,*,True,False
Tamil Nadu,Thiruvarur,Child Feeding Practices and Nutritional Status of Children,63,Children under age 6 months exclusively breastfed or breastfeeding and consuming plain water/other,81.6,*,True,False
Tamil Nadu,Thiruvarur,Child Feeding Practices and Nutritional Status of Children,64,Children age 6-8 months receiving solid or semi-solid food and breastmilk10 (%),*,*,True,False
Tamil Nadu,Thiruvarur,Child Feeding Practices and Nutritional Status of Children,65,"Breastfeeding children age 6-23 months receiving an adequate diet10, 11 (%)",8.5,19.1,True,False
Tamil Nadu,Thiruvarur,Child Feeding Practices and Nutritional Status of Children,66,"Non-breastfeeding children age 6-23 months receiving an adequate diet10, 11 (%)",*,*,True,False
Tamil Nadu,Thiruvarur,Child Feeding Practices and Nutritional Status of Children,67,"Total children age 6-23 months receiving an adequate diet10, 11 (%)",12.7,18.7,True,False
Tamil Nadu,Thiruvarur,Child Feeding Practices and Nutritional Status of Children,68,Children under 5 years who are stunted (height-for-age)12 (%),18.2,19.8,False,False
Tamil Nadu,Thiruvarur,Child Feeding Practices and Nutritional Status of Children,69,Children under 5 years who are wasted (weight-for-height)12 (%),21.5,18.4,False,False
Tamil Nadu,Thiruvarur,Child Feeding Practices and Nutritional Status of Children,70,Children under 5 years who are severely wasted (weight-for-height)13 (%),4.4,6.8,False,False
Tamil Nadu,Thiruvarur,Child Feeding Practices and Nutritional Status of Children,71,Children under 5 years who are underweight (weight-for-age)12 (%),25.3,21.5,False,False
Tamil Nadu,Thiruvarur,Child Feeding Practices and Nutritional Status of Children,72,Children under 5 years who are overweight (weight-for-height)14 (%),1.1,3.0,False,False
Tamil Nadu,Thiruvarur,Nutritional Status of Adults (age 15-49 years),73,Women whose Body Mass Index (BMI) is below normal (BMI <18.5 kg/m2)15 (%),12.5,15.4,False,False
Tamil Nadu,Thiruvarur,Nutritional Status of Adults (age 15-49 years),74,Women who are overweight or obese (BMI ≥25.0 kg/m2)15 (%),41.0,37.2,False,False
Tamil Nadu,Thiruvarur,Women,75,Blood sugar level - high (141-160 mg/dl)16 (%),7.4,10.6,False,False
Tamil Nadu,Thiruvarur,Women,76,Blood sugar level - very high (>160 mg/dl)16 (%),15.9,14.4,False,False
Tamil Nadu,Thiruvarur,Women,77,Blood sugar level - high or very high (>140 mg/dl) or taking medicine to control blood sugar level16 (%),25.5,26.5,False,False
Tamil Nadu,Thiruvarur,Men,78,Blood sugar level - high (141-160 mg/dl)16 (%),9.0,8.7,False,False
Tamil Nadu,Thiruvarur,Men,79,Blood sugar level - very high (>160 mg/dl)16 (%),19.0,15.4,False,False
Tamil Nadu,Thiruvarur,Men,80,Blood sugar level - high or very high (>140 mg/dl) or taking medicine to control blood sugar level16 (%),29.3,25.9,False,False
Tamil Nadu,Thiruvarur,Women,81,Mildly elevated blood pressure (Systolic 140-159 mm of Hg and/or Diastolic 90-99 mm of Hg) (%),12.6,14.1,False,False
Tamil Nadu,Thiruvarur,Women,82,Moderately or severely elevated blood pressure (Systolic ≥160 mm of Hg and/or Diastolic ≥100 mm,5.2,5.1,False,False
Tamil Nadu,Thiruvarur,Women,83,Elevated blood pressure (Systolic ≥140 mm of Hg and/or Diastolic ≥90 mm of Hg) or taking medicine to,26.7,23.8,False,False
Tamil Nadu,Thiruvarur,Men,84,Mildly elevated blood pressure (Systolic 140-159 mm of Hg and/or Diastolic 90-99 mm of Hg) (%),16.4,18.0,False,False
Tamil Nadu,Thiruvarur,Men,85,Moderately or severely elevated blood pressure (Systolic ≥160 mm of Hg and/or Diastolic ≥100 mm,6.8,7.8,False,False
Tamil Nadu,Thiruvarur,Men,86,Elevated blood pressure (Systolic ≥140 mm of Hg and/or Diastolic ≥90 mm of Hg) or taking medicine to,29.5,31.0,False,False
Tamil Nadu,Thiruvarur,Men,87,Women having a bank or savings account that they themselves use (%),89.7,96.8,False,False
Tamil Nadu,Thiruvarur,Men,88,Women having a mobile phone that they themselves use (%),75.4,69.2,False,False
Tamil Nadu,Thiruvarur,Men,89,Women age 15-24 years who use hygienic methods of protection during their menstrual period17 (%),92.9,98.4,False,False
Tamil Nadu,Thiruvarur,Tobacco Use and Alcohol Consumption among Adults (age 15 years and above),90,Women age 15 years and above who use any kind of tobacco (%),8.9,11.5,False,False
Tamil Nadu,Thiruvarur,Tobacco Use and Alcohol Consumption among Adults (age 15 years and above),91,Men age 15 years and above who use any kind of tobacco (%),24.2,24.3,False,False
Tamil Nadu,Thiruvarur,Tobacco Use and Alcohol Consumption among Adults (age 15 years and above),92,Women age 15 years and above who consume alcohol (%),0.4,0.4,False,False
Tamil Nadu,Thiruvarur,Tobacco Use and Alcohol Consumption among Adults (age 15 years and above),93,Men age 15 years and above who consume alcohol (%),32.5,32.2,False,False
Tamil Nadu,Tiruchirappalli,Population and Household Profile,1,Population below age 5 years (%),6.5,6.8,False,False
Tamil Nadu,Tiruchirappalli,Population and Household Profile,2,Population below age 15 years (%),21.4,21.5,False,False
Tamil Nadu,Tiruchirappalli,Population and Household Profile,3,Population age 60 years and above (%),16.0,16.1,False,False
Tamil Nadu,Tiruchirappalli,Population and Household Profile,4,Population living in households with electricity (%),99.6,99.0,False,False
Tamil Nadu,Tiruchirappalli,Population and Household Profile,5,Population living in households with an improved drinking-water source1 (%),99.5,98.1,False,False
Tamil Nadu,Tiruchirappalli,Population and Household Profile,6,Households using iodized salt (%),94.3,94.2,False,False
Tamil Nadu,Tiruchirappalli,Population and Household Profile,7,Households with any usual member covered under a health insurance/financing scheme (%),61.1,67.8,False,False
Tamil Nadu,Tiruchirappalli,Population and Household Profile,8,Households with any usual member having a bank account/post office account (%),97.0,96.8,False,False
Tamil Nadu,Tiruchirappalli,Population and Household Profile,9,Female population age 6 years and above who ever attended school (%),83.5,80.7,False,False
Tamil Nadu,Tiruchirappalli,Population and Household Profile,10,Households with any usual female members owning a house and/or land (alone or jointly with others) (%),17.4,17.3,False,False
Tamil Nadu,Tiruchirappalli,Population and Household Profile,11,Children age 2-4 years who attended pre-school (%),63.3,62.3,False,False
Tamil Nadu,Tiruchirappalli,Characteristics of Adults (age 15-49 years),12,Women with 10 or more years of schooling (%),68.4,57.1,False,False
Tamil Nadu,Tiruchirappalli,Characteristics of Adults (age 15-49 years),13,Men with 10 or more years of schooling (%),81.9,61.4,False,False
Tamil Nadu,Tiruchirappalli,Characteristics of Adults (age 15-49 years),14,Women who have ever used the internet (%),64.6,34.2,False,False
Tamil Nadu,Tiruchirappalli,Characteristics of Adults (age 15-49 years),15,Men who have ever used the internet (%),81.4,61.8,False,False
Tamil Nadu,Tiruchirappalli,Marriage and Fertility,16,Women age 20-24 years married before age 18 years (%),10.9,13.5,False,False
Tamil Nadu,Tiruchirappalli,Marriage and Fertility,17,Men age 25-29 years married before age 21 years (%),*,*,True,False
Tamil Nadu,Tiruchirappalli,Marriage and Fertility,18,Three or more births in the 5 years preceding the survey (%),1.2,1.0,False,False
Tamil Nadu,Tiruchirappalli,Marriage and Fertility,19,Women age 15-19 years who were already mothers or pregnant at the time of the survey (%),1.0,4.5,False,False
Tamil Nadu,Tiruchirappalli,Marriage and Fertility,20,Any method2 (%),64.2,68.1,False,False
Tamil Nadu,Tiruchirappalli,Marriage and Fertility,21,Any modern method2 (%),62.0,61.5,False,False
Tamil Nadu,Tiruchirappalli,Marriage and Fertility,22,Any traditional method (%),2.2,6.6,False,False
Tamil Nadu,Tiruchirappalli,Marriage and Fertility,23,Female sterilization (%),50.2,49.6,False,False
Tamil Nadu,Tiruchirappalli,Marriage and Fertility,24,Male sterilization (%),0.2,0.0,False,False
Tamil Nadu,Tiruchirappalli,Marriage and Fertility,25,Total unmet need3 (%),7.5,11.1,False,False
Tamil Nadu,Tiruchirappalli,Marriage and Fertility,26,Unmet need for spacing3 (%),3.4,4.4,False,False
Tamil Nadu,Tiruchirappalli,Marriage and Fertility,27,Unmet need for limiting3 (%),4.1,6.7,False,False
Tamil Nadu,Tiruchirappalli,Antenatal Care (for last birth in the 5 years before the survey),28,Mothers who had an antenatal check-up in the first trimester (%),57.4,86.1,False,False
Tamil Nadu,Tiruchirappalli,Antenatal Care (for last birth in the 5 years before the survey),29,Mothers who had any antenatal care visits (%),87.4,94.2,False,False
Tamil Nadu,Tiruchirappalli,Antenatal Care (for last birth in the 5 years before the survey),30,Mothers who had at least 4 antenatal care visits (%),79.5,90.5,False,False
Tamil Nadu,Tiruchirappalli,Antenatal Care (for last birth in the 5 years before the survey),31,Mothers whose last birth was protected against neonatal tetanus4 (%),78.7,92.2,False,False
Tamil Nadu,Tiruchirappalli,Antenatal Care (for last birth in the 5 years before the survey),32,Mothers who consumed iron folic acid for 100 days or more when they were pregnant (%),85.2,86.1,False,False
Tamil Nadu,Tiruchirappalli,Antenatal Care (for last birth in the 5 years before the survey),33,Mothers who consumed iron folic acid for 180 days or more when they were pregnant (%),72.6,66.2,False,False
Tamil Nadu,Tiruchirappalli,Antenatal Care (for last birth in the 5 years before the survey),34,Registered pregnancies for which the mother received a Mother and Child Protection (MCP) card (%),100.0,98.8,False,False
Tamil Nadu,Tiruchirappalli,Delivery Care (for births in the 5 years before the survey),35,Institutional births (%),100.0,98.6,False,False
Tamil Nadu,Tiruchirappalli,Delivery Care (for births in the 5 years before the survey),36,Institutional births in public facility (%),61.2,65.3,False,False
Tamil Nadu,Tiruchirappalli,Delivery Care (for births in the 5 years before the survey),37,Births attended by skilled health personnel5 (%),100.0,99.0,False,False
Tamil Nadu,Tiruchirappalli,Delivery Care (for births in the 5 years before the survey),38,Births delivered by caesarean section (%),50.1,41.0,False,False
Tamil Nadu,Tiruchirappalli,Delivery Care (for births in the 5 years before the survey),39,Births in a private health facility that were delivered by caesarean section (%),65.7,66.4,False,False
Tamil Nadu,Tiruchirappalli,Delivery Care (for births in the 5 years before the survey),40,Births in a public health facility that were delivered by caesarean section (%),40.2,29.0,False,False
Tamil Nadu,Tiruchirappalli,Postnatal Care (for last birth in the 5 years before the survey),41,Mothers who received postnatal care from a doctor/nurse/LHV/ANM/midwife/other health personnel within 2,91.8,97.6,False,False
Tamil Nadu,Tiruchirappalli,Postnatal Care (for last birth in the 5 years before the survey),42,Children born at home who were taken to a health facility for a check-up within 24 hours of birth (%),*,*,True,False
Tamil Nadu,Tiruchirappalli,Postnatal Care (for last birth in the 5 years before the survey),43,Children who received postnatal care from a doctor/nurse/LHV/ANM/midwife/other health personnel within 2,95.3,94.6,False,False
Tamil Nadu,Tiruchirappalli,Child Vaccinations and Vitamin A Supplementation,44,Children age 12-23 months fully vaccinated based on information from either vaccination card or mother's,89.4,97.1,True,False
Tamil Nadu,Tiruchirappalli,Child Vaccinations and Vitamin A Supplementation,45,Children age 12-23 months fully vaccinated based on information from vaccination card only7 (%),92.2,89.4,True,False
Tamil Nadu,Tiruchirappalli,Child Vaccinations and Vitamin A Supplementation,46,Children age 12-23 months who have received any vaccine (%),97.8,100.0,True,False
Tamil Nadu,Tiruchirappalli,Child Vaccinations and Vitamin A Supplementation,47,Children age 12-23 months who have received BCG (%),93.5,100.0,True,False
Tamil Nadu,Tiruchirappalli,Child Vaccinations and Vitamin A Supplementation,48,Children age 12-23 months who have received 3 doses of polio vaccine8 (%),95.4,97.1,True,False
Tamil Nadu,Tiruchirappalli,Child Vaccinations and Vitamin A Supplementation,49,Children age 12-23 months who have received 3 doses of pentavalent vaccine (%),97.8,97.1,True,False
Tamil Nadu,Tiruchirappalli,Child Vaccinations and Vitamin A Supplementation,50,Children age 12-23 months who have received the first dose of measles-containing vaccine (MCV) (%),96.2,97.1,True,False
Tamil Nadu,Tiruchirappalli,Child Vaccinations and Vitamin A Supplementation,51,Children age 24-35 months who have received a second dose of measles-containing vaccine (MCV) (%),68.8,61.9,True,False
Tamil Nadu,Tiruchirappalli,Child Vaccinations and Vitamin A Supplementation,52,Children age 12-23 months who have received birth dose of hepatitis B vaccine (%),91.8,92.2,True,False
Tamil Nadu,Tiruchirappalli,Child Vaccinations and Vitamin A Supplementation,53,Children age 12-23 months who have received 3 doses of rotavirus vaccine (%),87.1,67.3,True,False
Tamil Nadu,Tiruchirappalli,Child Vaccinations and Vitamin A Supplementation,54,Children age 9-35 months who received a vitamin A dose in the last 6 months (%),54.6,63.8,False,False
Tamil Nadu,Tiruchirappalli,Child Vaccinations and Vitamin A Supplementation,55,Children age 12-23 months who received most of their vaccinations in a public health facility (%),94.4,100.0,True,False
Tamil Nadu,Tiruchirappalli,Child Vaccinations and Vitamin A Supplementation,56,Children age 12-23 months who received most of their vaccinations in a private health facility (%),5.6,0.0,True,False
Tamil Nadu,Tiruchirappalli,Treatment of Childhood Diseases (children under age 5 years),57,Prevalence of diarrhoea in the 2 weeks preceding the survey (%),1.9,5.2,False,False
Tamil Nadu,Tiruchirappalli,Treatment of Childhood Diseases (children under age 5 years),58,Prevalence of symptoms of acute respiratory infection (ARI) in the 2 weeks preceding the survey (%),0.0,1.4,False,False
Tamil Nadu,Tiruchirappalli,Treatment of Childhood Diseases (children under age 5 years),59,Children with fever or symptoms of ARI in the 2 weeks preceding the survey taken to a health facility or,*,62.5,True,False
Tamil Nadu,Tiruchirappalli,Child Feeding Practices and Nutritional Status of Children,60,Children under age 3 years breastfed within one hour of birth9 (%),62.1,50.9,False,False
Tamil Nadu,Tiruchirappalli,Child Feeding Practices and Nutritional Status of Children,61,Children under age 6 months exclusively breastfed10 (%),*,*,True,False
Tamil Nadu,Tiruchirappalli,Child Feeding Practices and Nutritional Status of Children,62,Children under age 6 months currently breastfeeding10 (%),*,*,True,False
Tamil Nadu,Tiruchirappalli,Child Feeding Practices and Nutritional Status of Children,63,Children under age 6 months exclusively breastfed or breastfeeding and consuming plain water/other,*,*,True,False
Tamil Nadu,Tiruchirappalli,Child Feeding Practices and Nutritional Status of Children,64,Children age 6-8 months receiving solid or semi-solid food and breastmilk10 (%),*,*,True,False
Tamil Nadu,Tiruchirappalli,Child Feeding Practices and Nutritional Status of Children,65,"Breastfeeding children age 6-23 months receiving an adequate diet10, 11 (%)",22.0,8.1,True,False
Tamil Nadu,Tiruchirappalli,Child Feeding Practices and Nutritional Status of Children,66,"Non-breastfeeding children age 6-23 months receiving an adequate diet10, 11 (%)",41.1,*,True,False
Tamil Nadu,Tiruchirappalli,Child Feeding Practices and Nutritional Status of Children,67,"Total children age 6-23 months receiving an adequate diet10, 11 (%)",31.1,12.4,False,False
Tamil Nadu,Tiruchirappalli,Child Feeding Practices and Nutritional Status of Children,68,Children under 5 years who are stunted (height-for-age)12 (%),20.7,27.6,False,False
Tamil Nadu,Tiruchirappalli,Child Feeding Practices and Nutritional Status of Children,69,Children under 5 years who are wasted (weight-for-height)12 (%),16.5,20.9,False,False
Tamil Nadu,Tiruchirappalli,Child Feeding Practices and Nutritional Status of Children,70,Children under 5 years who are severely wasted (weight-for-height)13 (%),1.9,8.6,False,False
Tamil Nadu,Tiruchirappalli,Child Feeding Practices and Nutritional Status of Children,71,Children under 5 years who are underweight (weight-for-age)12 (%),22.8,27.4,False,False
Tamil Nadu,Tiruchirappalli,Child Feeding Practices and Nutritional Status of Children,72,Children under 5 years who are overweight (weight-for-height)14 (%),2.9,3.1,False,False
Tamil Nadu,Tiruchirappalli,Nutritional Status of Adults (age 15-49 years),73,Women whose Body Mass Index (BMI) is below normal (BMI <18.5 kg/m2)15 (%),13.3,16.7,False,False
Tamil Nadu,Tiruchirappalli,Nutritional Status of Adults (age 15-49 years),74,Women who are overweight or obese (BMI ≥25.0 kg/m2)15 (%),46.2,33.5,False,False
Tamil Nadu,Tiruchirappalli,Women,75,Blood sugar level - high (141-160 mg/dl)16 (%),8.6,8.6,False,False
Tamil Nadu,Tiruchirappalli,Women,76,Blood sugar level - very high (>160 mg/dl)16 (%),15.1,12.6,False,False
Tamil Nadu,Tiruchirappalli,Women,77,Blood sugar level - high or very high (>140 mg/dl) or taking medicine to control blood sugar level16 (%),26.2,22.7,False,False
Tamil Nadu,Tiruchirappalli,Men,78,Blood sugar level - high (141-160 mg/dl)16 (%),8.7,10.4,False,False
Tamil Nadu,Tiruchirappalli,Men,79,Blood sugar level - very high (>160 mg/dl)16 (%),15.8,14.9,False,False
Tamil Nadu,Tiruchirappalli,Men,80,Blood sugar level - high or very high (>140 mg/dl) or taking medicine to control blood sugar level16 (%),26.8,26.5,False,False
Tamil Nadu,Tiruchirappalli,Women,81,Mildly elevated blood pressure (Systolic 140-159 mm of Hg and/or Diastolic 90-99 mm of Hg) (%),11.2,12.0,False,False
Tamil Nadu,Tiruchirappalli,Women,82,Moderately or severely elevated blood pressure (Systolic ≥160 mm of Hg and/or Diastolic ≥100 mm,5.2,5.4,False,False
Tamil Nadu,Tiruchirappalli,Women,83,Elevated blood pressure (Systolic ≥140 mm of Hg and/or Diastolic ≥90 mm of Hg) or taking medicine to,24.1,21.4,False,False
Tamil Nadu,Tiruchirappalli,Men,84,Mildly elevated blood pressure (Systolic 140-159 mm of Hg and/or Diastolic 90-99 mm of Hg) (%),14.0,18.4,False,False
Tamil Nadu,Tiruchirappalli,Men,85,Moderately or severely elevated blood pressure (Systolic ≥160 mm of Hg and/or Diastolic ≥100 mm,5.8,6.0,False,False
Tamil Nadu,Tiruchirappalli,Men,86,Elevated blood pressure (Systolic ≥140 mm of Hg and/or Diastolic ≥90 mm of Hg) or taking medicine to,26.4,28.9,False,False
Tamil Nadu,Tiruchirappalli,Men,87,Women having a bank or savings account that they themselves use (%),85.3,94.7,False,False
Tamil Nadu,Tiruchirappalli,Men,88,Women having a mobile phone that they themselves use (%),79.7,67.7,False,False
Tamil Nadu,Tiruchirappalli,Men,89,Women age 15-24 years who use hygienic methods of protection during their menstrual period17 (%),98.5,96.5,False,False
Tamil Nadu,Tiruchirappalli,Tobacco Use and Alcohol Consumption among Adults (age 15 years and above),90,Women age 15 years and above who use any kind of tobacco (%),3.4,3.5,False,False
Tamil Nadu,Tiruchirappalli,Tobacco Use and Alcohol Consumption among Adults (age 15 years and above),91,Men age 15 years and above who use any kind of tobacco (%),16.2,19.8,False,False
Tamil Nadu,Tiruchirappalli,Tobacco Use and Alcohol Consumption among Adults (age 15 years and above),92,Women age 15 years and above who consume alcohol (%),0.1,0.4,False,False
Tamil Nadu,Tiruchirappalli,Tobacco Use and Alcohol Consumption among Adults (age 15 years and above),93,Men age 15 years and above who consume alcohol (%),19.4,25.7,False,False
Tamil Nadu,Tirunelveli,Population and Household Profile,1,Population below age 5 years (%),5.9,,False,True
Tamil Nadu,Tirunelveli,Population and Household Profile,2,Population below age 15 years (%),18.5,,False,True
Tamil Nadu,Tirunelveli,Population and Household Profile,3,Population age 60 years and above (%),21.4,,False,True
Tamil Nadu,Tirunelveli,Population and Household Profile,4,Population living in households with electricity (%),99.7,,False,True
Tamil Nadu,Tirunelveli,Population and Household Profile,5,Population living in households with an improved drinking-water source1 (%),100.0,,False,True
Tamil Nadu,Tirunelveli,Population and Household Profile,6,Households using iodized salt (%),95.8,,False,True
Tamil Nadu,Tirunelveli,Population and Household Profile,7,Households with any usual member covered under a health insurance/financing scheme (%),53.0,,False,True
Tamil Nadu,Tirunelveli,Population and Household Profile,8,Households with any usual member having a bank account/post office account (%),98.0,,False,True
Tamil Nadu,Tirunelveli,Population and Household Profile,9,Female population age 6 years and above who ever attended school (%),85.9,,False,True
Tamil Nadu,Tirunelveli,Population and Household Profile,10,Households with any usual female members owning a house and/or land (alone or jointly with others) (%),18.6,,False,True
Tamil Nadu,Tirunelveli,Population and Household Profile,11,Children age 2-4 years who attended pre-school (%),71.5,,False,True
Tamil Nadu,Tirunelveli,Characteristics of Adults (age 15-49 years),12,Women with 10 or more years of schooling (%),66.2,,False,True
Tamil Nadu,Tirunelveli,Characteristics of Adults (age 15-49 years),13,Men with 10 or more years of schooling (%),67.5,,False,True
Tamil Nadu,Tirunelveli,Characteristics of Adults (age 15-49 years),14,Women who have ever used the internet (%),73.7,,False,True
Tamil Nadu,Tirunelveli,Characteristics of Adults (age 15-49 years),15,Men who have ever used the internet (%),88.8,,False,True
Tamil Nadu,Tirunelveli,Marriage and Fertility,16,Women age 20-24 years married before age 18 years (%),5.8,,False,True
Tamil Nadu,Tirunelveli,Marriage and Fertility,17,Men age 25-29 years married before age 21 years (%),*,,True,True
Tamil Nadu,Tirunelveli,Marriage and Fertility,18,Three or more births in the 5 years preceding the survey (%),0.6,,False,True
Tamil Nadu,Tirunelveli,Marriage and Fertility,19,Women age 15-19 years who were already mothers or pregnant at the time of the survey (%),3.5,,False,True
Tamil Nadu,Tirunelveli,Marriage and Fertility,20,Any method2 (%),59.6,,False,True
Tamil Nadu,Tirunelveli,Marriage and Fertility,21,Any modern method2 (%),57.0,,False,True
Tamil Nadu,Tirunelveli,Marriage and Fertility,22,Any traditional method (%),2.6,,False,True
Tamil Nadu,Tirunelveli,Marriage and Fertility,23,Female sterilization (%),50.8,,False,True
Tamil Nadu,Tirunelveli,Marriage and Fertility,24,Male sterilization (%),0.0,,False,True
Tamil Nadu,Tirunelveli,Marriage and Fertility,25,Total unmet need3 (%),9.9,,False,True
Tamil Nadu,Tirunelveli,Marriage and Fertility,26,Unmet need for spacing3 (%),5.0,,False,True
Tamil Nadu,Tirunelveli,Marriage and Fertility,27,Unmet need for limiting3 (%),4.9,,False,True
Tamil Nadu,Tirunelveli,Antenatal Care (for last birth in the 5 years before the survey),28,Mothers who had an antenatal check-up in the first trimester (%),87.6,,False,True
Tamil Nadu,Tirunelveli,Antenatal Care (for last birth in the 5 years before the survey),29,Mothers who had any antenatal care visits (%),98.0,,False,True
Tamil Nadu,Tirunelveli,Antenatal Care (for last birth in the 5 years before the survey),30,Mothers who had at least 4 antenatal care visits (%),98.0,,False,True
Tamil Nadu,Tirunelveli,Antenatal Care (for last birth in the 5 years before the survey),31,Mothers whose last birth was protected against neonatal tetanus4 (%),90.1,,False,True
Tamil Nadu,Tirunelveli,Antenatal Care (for last birth in the 5 years before the survey),32,Mothers who consumed iron folic acid for 100 days or more when they were pregnant (%),80.8,,False,True
Tamil Nadu,Tirunelveli,Antenatal Care (for last birth in the 5 years before the survey),33,Mothers who consumed iron folic acid for 180 days or more when they were pregnant (%),64.5,,False,True
Tamil Nadu,Tirunelveli,Antenatal Care (for last birth in the 5 years before the survey),34,Registered pregnancies for which the mother received a Mother and Child Protection (MCP) card (%),100.0,,False,True
Tamil Nadu,Tirunelveli,Delivery Care (for births in the 5 years before the survey),35,Institutional births (%),98.4,,False,True
Tamil Nadu,Tirunelveli,Delivery Care (for births in the 5 years before the survey),36,Institutional births in public facility (%),43.5,,False,True
Tamil Nadu,Tirunelveli,Delivery Care (for births in the 5 years before the survey),37,Births attended by skilled health personnel5 (%),99.4,,False,True
Tamil Nadu,Tirunelveli,Delivery Care (for births in the 5 years before the survey),38,Births delivered by caesarean section (%),52.3,,False,True
Tamil Nadu,Tirunelveli,Delivery Care (for births in the 5 years before the survey),39,Births in a private health facility that were delivered by caesarean section (%),65.3,,False,True
Tamil Nadu,Tirunelveli,Delivery Care (for births in the 5 years before the survey),40,Births in a public health facility that were delivered by caesarean section (%),37.9,,False,True
Tamil Nadu,Tirunelveli,Postnatal Care (for last birth in the 5 years before the survey),41,Mothers who received postnatal care from a doctor/nurse/LHV/ANM/midwife/other health personnel within 2,97.2,,False,True
Tamil Nadu,Tirunelveli,Postnatal Care (for last birth in the 5 years before the survey),42,Children born at home who were taken to a health facility for a check-up within 24 hours of birth (%),*,,True,True
Tamil Nadu,Tirunelveli,Postnatal Care (for last birth in the 5 years before the survey),43,Children who received postnatal care from a doctor/nurse/LHV/ANM/midwife/other health personnel within 2,97.9,,False,True
Tamil Nadu,Tirunelveli,Child Vaccinations and Vitamin A Supplementation,44,Children age 12-23 months fully vaccinated based on information from either vaccination card or mother's,95.3,,True,True
Tamil Nadu,Tirunelveli,Child Vaccinations and Vitamin A Supplementation,45,Children age 12-23 months fully vaccinated based on information from vaccination card only7 (%),88.4,,True,True
Tamil Nadu,Tirunelveli,Child Vaccinations and Vitamin A Supplementation,46,Children age 12-23 months who have received any vaccine (%),100.0,,True,True
Tamil Nadu,Tirunelveli,Child Vaccinations and Vitamin A Supplementation,47,Children age 12-23 months who have received BCG (%),100.0,,True,True
Tamil Nadu,Tirunelveli,Child Vaccinations and Vitamin A Supplementation,48,Children age 12-23 months who have received 3 doses of polio vaccine8 (%),97.4,,True,True
Tamil Nadu,Tirunelveli,Child Vaccinations and Vitamin A Supplementation,49,Children age 12-23 months who have received 3 doses of pentavalent vaccine (%),95.3,,True,True
Tamil Nadu,Tirunelveli,Child Vaccinations and Vitamin A Supplementation,50,Children age 12-23 months who have received the first dose of measles-containing vaccine (MCV) (%),97.4,,True,True
Tamil Nadu,Tirunelveli,Child Vaccinations and Vitamin A Supplementation,51,Children age 24-35 months who have received a second dose of measles-containing vaccine (MCV) (%),80.1,,True,True
Tamil Nadu,Tirunelveli,Child Vaccinations and Vitamin A Supplementation,52,Children age 12-23 months who have received birth dose of hepatitis B vaccine (%),97.4,,True,True
Tamil Nadu,Tirunelveli,Child Vaccinations and Vitamin A Supplementation,53,Children age 12-23 months who have received 3 doses of rotavirus vaccine (%),82.2,,True,True
Tamil Nadu,Tirunelveli,Child Vaccinations and Vitamin A Supplementation,54,Children age 9-35 months who received a vitamin A dose in the last 6 months (%),62.0,,False,True
Tamil Nadu,Tirunelveli,Child Vaccinations and Vitamin A Supplementation,55,Children age 12-23 months who received most of their vaccinations in a public health facility (%),94.7,,True,True
Tamil Nadu,Tirunelveli,Child Vaccinations and Vitamin A Supplementation,56,Children age 12-23 months who received most of their vaccinations in a private health facility (%),5.3,,True,True
Tamil Nadu,Tirunelveli,Treatment of Childhood Diseases (children under age 5 years),57,Prevalence of diarrhoea in the 2 weeks preceding the survey (%),10.4,,False,True
Tamil Nadu,Tirunelveli,Treatment of Childhood Diseases (children under age 5 years),58,Prevalence of symptoms of acute respiratory infection (ARI) in the 2 weeks preceding the survey (%),0.6,,False,True
Tamil Nadu,Tirunelveli,Treatment of Childhood Diseases (children under age 5 years),59,Children with fever or symptoms of ARI in the 2 weeks preceding the survey taken to a health facility or,80.2,,True,True
Tamil Nadu,Tirunelveli,Child Feeding Practices and Nutritional Status of Children,60,Children under age 3 years breastfed within one hour of birth9 (%),48.8,,False,True
Tamil Nadu,Tirunelveli,Child Feeding Practices and Nutritional Status of Children,61,Children under age 6 months exclusively breastfed10 (%),*,,True,True
Tamil Nadu,Tirunelveli,Child Feeding Practices and Nutritional Status of Children,62,Children under age 6 months currently breastfeeding10 (%),*,,True,True
Tamil Nadu,Tirunelveli,Child Feeding Practices and Nutritional Status of Children,63,Children under age 6 months exclusively breastfed or breastfeeding and consuming plain water/other,*,,True,True
Tamil Nadu,Tirunelveli,Child Feeding Practices and Nutritional Status of Children,64,Children age 6-8 months receiving solid or semi-solid food and breastmilk10 (%),*,,True,True
Tamil Nadu,Tirunelveli,Child Feeding Practices and Nutritional Status of Children,65,"Breastfeeding children age 6-23 months receiving an adequate diet10, 11 (%)",5.5,,True,True
Tamil Nadu,Tirunelveli,Child Feeding Practices and Nutritional Status of Children,66,"Non-breastfeeding children age 6-23 months receiving an adequate diet10, 11 (%)",*,,True,True
Tamil Nadu,Tirunelveli,Child Feeding Practices and Nutritional Status of Children,67,"Total children age 6-23 months receiving an adequate diet10, 11 (%)",13.5,,True,True
Tamil Nadu,Tirunelveli,Child Feeding Practices and Nutritional Status of Children,68,Children under 5 years who are stunted (height-for-age)12 (%),21.3,,False,True
Tamil Nadu,Tirunelveli,Child Feeding Practices and Nutritional Status of Children,69,Children under 5 years who are wasted (weight-for-height)12 (%),15.2,,False,True
Tamil Nadu,Tirunelveli,Child Feeding Practices and Nutritional Status of Children,70,Children under 5 years who are severely wasted (weight-for-height)13 (%),5.6,,False,True
Tamil Nadu,Tirunelveli,Child Feeding Practices and Nutritional Status of Children,71,Children under 5 years who are underweight (weight-for-age)12 (%),22.8,,False,True
Tamil Nadu,Tirunelveli,Child Feeding Practices and Nutritional Status of Children,72,Children under 5 years who are overweight (weight-for-height)14 (%),1.2,,False,True
Tamil Nadu,Tirunelveli,Nutritional Status of Adults (age 15-49 years),73,Women whose Body Mass Index (BMI) is below normal (BMI <18.5 kg/m2)15 (%),12.5,,False,True
Tamil Nadu,Tirunelveli,Nutritional Status of Adults (age 15-49 years),74,Women who are overweight or obese (BMI ≥25.0 kg/m2)15 (%),46.7,,False,True
Tamil Nadu,Tirunelveli,Women,75,Blood sugar level - high (141-160 mg/dl)16 (%),7.8,,False,True
Tamil Nadu,Tirunelveli,Women,76,Blood sugar level - very high (>160 mg/dl)16 (%),17.3,,False,True
Tamil Nadu,Tirunelveli,Women,77,Blood sugar level - high or very high (>140 mg/dl) or taking medicine to control blood sugar level16 (%),27.9,,False,True
Tamil Nadu,Tirunelveli,Men,78,Blood sugar level - high (141-160 mg/dl)16 (%),8.3,,False,True
Tamil Nadu,Tirunelveli,Men,79,Blood sugar level - very high (>160 mg/dl)16 (%),17.2,,False,True
Tamil Nadu,Tirunelveli,Men,80,Blood sugar level - high or very high (>140 mg/dl) or taking medicine to control blood sugar level16 (%),29.2,,False,True
Tamil Nadu,Tirunelveli,Women,81,Mildly elevated blood pressure (Systolic 140-159 mm of Hg and/or Diastolic 90-99 mm of Hg) (%),14.9,,False,True
Tamil Nadu,Tirunelveli,Women,82,Moderately or severely elevated blood pressure (Systolic ≥160 mm of Hg and/or Diastolic ≥100 mm,4.3,,False,True
Tamil Nadu,Tirunelveli,Women,83,Elevated blood pressure (Systolic ≥140 mm of Hg and/or Diastolic ≥90 mm of Hg) or taking medicine to,28.0,,False,True
Tamil Nadu,Tirunelveli,Men,84,Mildly elevated blood pressure (Systolic 140-159 mm of Hg and/or Diastolic 90-99 mm of Hg) (%),17.9,,False,True
Tamil Nadu,Tirunelveli,Men,85,Moderately or severely elevated blood pressure (Systolic ≥160 mm of Hg and/or Diastolic ≥100 mm,6.0,,False,True
Tamil Nadu,Tirunelveli,Men,86,Elevated blood pressure (Systolic ≥140 mm of Hg and/or Diastolic ≥90 mm of Hg) or taking medicine to,30.6,,False,True
Tamil Nadu,Tirunelveli,Men,87,Women having a bank or savings account that they themselves use (%),91.6,,False,True
Tamil Nadu,Tirunelveli,Men,88,Women having a mobile phone that they themselves use (%),84.1,,False,True
Tamil Nadu,Tirunelveli,Men,89,Women age 15-24 years who use hygienic methods of protection during their menstrual period17 (%),95.5,,False,True
Tamil Nadu,Tirunelveli,Tobacco Use and Alcohol Consumption among Adults (age 15 years and above),90,Women age 15 years and above who use any kind of tobacco (%),1.1,,False,True
Tamil Nadu,Tirunelveli,Tobacco Use and Alcohol Consumption among Adults (age 15 years and above),91,Men age 15 years and above who use any kind of tobacco (%),16.9,,False,True
Tamil Nadu,Tirunelveli,Tobacco Use and Alcohol Consumption among Adults (age 15 years and above),92,Women age 15 years and above who consume alcohol (%),0.1,,False,True
Tamil Nadu,Tirunelveli,Tobacco Use and Alcohol Consumption among Adults (age 15 years and above),93,Men age 15 years and above who consume alcohol (%),17.1,,False,True
Tamil Nadu,Tirupathur,Population and Household Profile,1,Population below age 5 years (%),6.9,,False,True
Tamil Nadu,Tirupathur,Population and Household Profile,2,Population below age 15 years (%),23.2,,False,True
Tamil Nadu,Tirupathur,Population and Household Profile,3,Population age 60 years and above (%),16.0,,False,True
Tamil Nadu,Tirupathur,Population and Household Profile,4,Population living in households with electricity (%),99.3,,False,True
Tamil Nadu,Tirupathur,Population and Household Profile,5,Population living in households with an improved drinking-water source1 (%),99.2,,False,True
Tamil Nadu,Tirupathur,Population and Household Profile,6,Households using iodized salt (%),91.4,,False,True
Tamil Nadu,Tirupathur,Population and Household Profile,7,Households with any usual member covered under a health insurance/financing scheme (%),68.6,,False,True
Tamil Nadu,Tirupathur,Population and Household Profile,8,Households with any usual member having a bank account/post office account (%),98.9,,False,True
Tamil Nadu,Tirupathur,Population and Household Profile,9,Female population age 6 years and above who ever attended school (%),76.3,,False,True
Tamil Nadu,Tirupathur,Population and Household Profile,10,Households with any usual female members owning a house and/or land (alone or jointly with others) (%),19.6,,False,True
Tamil Nadu,Tirupathur,Population and Household Profile,11,Children age 2-4 years who attended pre-school (%),59.4,,False,True
Tamil Nadu,Tirupathur,Characteristics of Adults (age 15-49 years),12,Women with 10 or more years of schooling (%),58.3,,False,True
Tamil Nadu,Tirupathur,Characteristics of Adults (age 15-49 years),13,Men with 10 or more years of schooling (%),70.4,,False,True
Tamil Nadu,Tirupathur,Characteristics of Adults (age 15-49 years),14,Women who have ever used the internet (%),57.7,,False,True
Tamil Nadu,Tirupathur,Characteristics of Adults (age 15-49 years),15,Men who have ever used the internet (%),75.3,,False,True
Tamil Nadu,Tirupathur,Marriage and Fertility,16,Women age 20-24 years married before age 18 years (%),17.3,,False,True
Tamil Nadu,Tirupathur,Marriage and Fertility,17,Men age 25-29 years married before age 21 years (%),*,,True,True
Tamil Nadu,Tirupathur,Marriage and Fertility,18,Three or more births in the 5 years preceding the survey (%),1.3,,False,True
Tamil Nadu,Tirupathur,Marriage and Fertility,19,Women age 15-19 years who were already mothers or pregnant at the time of the survey (%),7.5,,False,True
Tamil Nadu,Tirupathur,Marriage and Fertility,20,Any method2 (%),74.6,,False,True
Tamil Nadu,Tirupathur,Marriage and Fertility,21,Any modern method2 (%),69.6,,False,True
Tamil Nadu,Tirupathur,Marriage and Fertility,22,Any traditional method (%),5.0,,False,True
Tamil Nadu,Tirupathur,Marriage and Fertility,23,Female sterilization (%),64.9,,False,True
Tamil Nadu,Tirupathur,Marriage and Fertility,24,Male sterilization (%),0.0,,False,True
Tamil Nadu,Tirupathur,Marriage and Fertility,25,Total unmet need3 (%),5.1,,False,True
Tamil Nadu,Tirupathur,Marriage and Fertility,26,Unmet need for spacing3 (%),2.7,,False,True
Tamil Nadu,Tirupathur,Marriage and Fertility,27,Unmet need for limiting3 (%),2.4,,False,True
Tamil Nadu,Tirupathur,Antenatal Care (for last birth in the 5 years before the survey),28,Mothers who had an antenatal check-up in the first trimester (%),89.4,,False,True
Tamil Nadu,Tirupathur,Antenatal Care (for last birth in the 5 years before the survey),29,Mothers who had any antenatal care visits (%),100.0,,False,True
Tamil Nadu,Tirupathur,Antenatal Care (for last birth in the 5 years before the survey),30,Mothers who had at least 4 antenatal care visits (%),98.8,,False,True
Tamil Nadu,Tirupathur,Antenatal Care (for last birth in the 5 years before the survey),31,Mothers whose last birth was protected against neonatal tetanus4 (%),99.2,,False,True
Tamil Nadu,Tirupathur,Antenatal Care (for last birth in the 5 years before the survey),32,Mothers who consumed iron folic acid for 100 days or more when they were pregnant (%),92.5,,False,True
Tamil Nadu,Tirupathur,Antenatal Care (for last birth in the 5 years before the survey),33,Mothers who consumed iron folic acid for 180 days or more when they were pregnant (%),74.2,,False,True
Tamil Nadu,Tirupathur,Antenatal Care (for last birth in the 5 years before the survey),34,Registered pregnancies for which the mother received a Mother and Child Protection (MCP) card (%),100.0,,False,True
Tamil Nadu,Tirupathur,Delivery Care (for births in the 5 years before the survey),35,Institutional births (%),100.0,,False,True
Tamil Nadu,Tirupathur,Delivery Care (for births in the 5 years before the survey),36,Institutional births in public facility (%),76.6,,False,True
Tamil Nadu,Tirupathur,Delivery Care (for births in the 5 years before the survey),37,Births attended by skilled health personnel5 (%),100.0,,False,True
Tamil Nadu,Tirupathur,Delivery Care (for births in the 5 years before the survey),38,Births delivered by caesarean section (%),38.4,,False,True
Tamil Nadu,Tirupathur,Delivery Care (for births in the 5 years before the survey),39,Births in a private health facility that were delivered by caesarean section (%),51.3,,True,True
Tamil Nadu,Tirupathur,Delivery Care (for births in the 5 years before the survey),40,Births in a public health facility that were delivered by caesarean section (%),34.4,,False,True
Tamil Nadu,Tirupathur,Postnatal Care (for last birth in the 5 years before the survey),41,Mothers who received postnatal care from a doctor/nurse/LHV/ANM/midwife/other health personnel within 2,98.0,,False,True
Tamil Nadu,Tirupathur,Postnatal Care (for last birth in the 5 years before the survey),42,Children born at home who were taken to a health facility for a check-up within 24 hours of birth (%),*,,True,True
Tamil Nadu,Tirupathur,Postnatal Care (for last birth in the 5 years before the survey),43,Children who received postnatal care from a doctor/nurse/LHV/ANM/midwife/other health personnel within 2,98.6,,False,True
Tamil Nadu,Tirupathur,Child Vaccinations and Vitamin A Supplementation,44,Children age 12-23 months fully vaccinated based on information from either vaccination card or mother's,76.1,,True,True
Tamil Nadu,Tirupathur,Child Vaccinations and Vitamin A Supplementation,45,Children age 12-23 months fully vaccinated based on information from vaccination card only7 (%),79.1,,True,True
Tamil Nadu,Tirupathur,Child Vaccinations and Vitamin A Supplementation,46,Children age 12-23 months who have received any vaccine (%),89.5,,True,True
Tamil Nadu,Tirupathur,Child Vaccinations and Vitamin A Supplementation,47,Children age 12-23 months who have received BCG (%),89.5,,True,True
Tamil Nadu,Tirupathur,Child Vaccinations and Vitamin A Supplementation,48,Children age 12-23 months who have received 3 doses of polio vaccine8 (%),80.2,,True,True
Tamil Nadu,Tirupathur,Child Vaccinations and Vitamin A Supplementation,49,Children age 12-23 months who have received 3 doses of pentavalent vaccine (%),82.8,,True,True
Tamil Nadu,Tirupathur,Child Vaccinations and Vitamin A Supplementation,50,Children age 12-23 months who have received the first dose of measles-containing vaccine (MCV) (%),86.8,,True,True
Tamil Nadu,Tirupathur,Child Vaccinations and Vitamin A Supplementation,51,Children age 24-35 months who have received a second dose of measles-containing vaccine (MCV) (%),62.1,,True,True
Tamil Nadu,Tirupathur,Child Vaccinations and Vitamin A Supplementation,52,Children age 12-23 months who have received birth dose of hepatitis B vaccine (%),84.3,,True,True
Tamil Nadu,Tirupathur,Child Vaccinations and Vitamin A Supplementation,53,Children age 12-23 months who have received 3 doses of rotavirus vaccine (%),79.0,,True,True
Tamil Nadu,Tirupathur,Child Vaccinations and Vitamin A Supplementation,54,Children age 9-35 months who received a vitamin A dose in the last 6 months (%),80.9,,False,True
Tamil Nadu,Tirupathur,Child Vaccinations and Vitamin A Supplementation,55,Children age 12-23 months who received most of their vaccinations in a public health facility (%),93.7,,True,True
Tamil Nadu,Tirupathur,Child Vaccinations and Vitamin A Supplementation,56,Children age 12-23 months who received most of their vaccinations in a private health facility (%),6.3,,True,True
Tamil Nadu,Tirupathur,Treatment of Childhood Diseases (children under age 5 years),57,Prevalence of diarrhoea in the 2 weeks preceding the survey (%),1.3,,False,True
Tamil Nadu,Tirupathur,Treatment of Childhood Diseases (children under age 5 years),58,Prevalence of symptoms of acute respiratory infection (ARI) in the 2 weeks preceding the survey (%),0.0,,False,True
Tamil Nadu,Tirupathur,Treatment of Childhood Diseases (children under age 5 years),59,Children with fever or symptoms of ARI in the 2 weeks preceding the survey taken to a health facility or,*,,True,True
Tamil Nadu,Tirupathur,Child Feeding Practices and Nutritional Status of Children,60,Children under age 3 years breastfed within one hour of birth9 (%),52.1,,False,True
Tamil Nadu,Tirupathur,Child Feeding Practices and Nutritional Status of Children,61,Children under age 6 months exclusively breastfed10 (%),78.4,,True,True
Tamil Nadu,Tirupathur,Child Feeding Practices and Nutritional Status of Children,62,Children under age 6 months currently breastfeeding10 (%),97.2,,True,True
Tamil Nadu,Tirupathur,Child Feeding Practices and Nutritional Status of Children,63,Children under age 6 months exclusively breastfed or breastfeeding and consuming plain water/other,93.3,,True,True
Tamil Nadu,Tirupathur,Child Feeding Practices and Nutritional Status of Children,64,Children age 6-8 months receiving solid or semi-solid food and breastmilk10 (%),*,,True,True
Tamil Nadu,Tirupathur,Child Feeding Practices and Nutritional Status of Children,65,"Breastfeeding children age 6-23 months receiving an adequate diet10, 11 (%)",9.4,,True,True
Tamil Nadu,Tirupathur,Child Feeding Practices and Nutritional Status of Children,66,"Non-breastfeeding children age 6-23 months receiving an adequate diet10, 11 (%)",*,,True,True
Tamil Nadu,Tirupathur,Child Feeding Practices and Nutritional Status of Children,67,"Total children age 6-23 months receiving an adequate diet10, 11 (%)",8.0,,False,True
Tamil Nadu,Tirupathur,Child Feeding Practices and Nutritional Status of Children,68,Children under 5 years who are stunted (height-for-age)12 (%),21.1,,False,True
Tamil Nadu,Tirupathur,Child Feeding Practices and Nutritional Status of Children,69,Children under 5 years who are wasted (weight-for-height)12 (%),13.9,,False,True
Tamil Nadu,Tirupathur,Child Feeding Practices and Nutritional Status of Children,70,Children under 5 years who are severely wasted (weight-for-height)13 (%),4.2,,False,True
Tamil Nadu,Tirupathur,Child Feeding Practices and Nutritional Status of Children,71,Children under 5 years who are underweight (weight-for-age)12 (%),16.9,,False,True
Tamil Nadu,Tirupathur,Child Feeding Practices and Nutritional Status of Children,72,Children under 5 years who are overweight (weight-for-height)14 (%),1.5,,False,True
Tamil Nadu,Tirupathur,Nutritional Status of Adults (age 15-49 years),73,Women whose Body Mass Index (BMI) is below normal (BMI <18.5 kg/m2)15 (%),10.5,,False,True
Tamil Nadu,Tirupathur,Nutritional Status of Adults (age 15-49 years),74,Women who are overweight or obese (BMI ≥25.0 kg/m2)15 (%),45.7,,False,True
Tamil Nadu,Tirupathur,Women,75,Blood sugar level - high (141-160 mg/dl)16 (%),10.2,,False,True
Tamil Nadu,Tirupathur,Women,76,Blood sugar level - very high (>160 mg/dl)16 (%),13.1,,False,True
Tamil Nadu,Tirupathur,Women,77,Blood sugar level - high or very high (>140 mg/dl) or taking medicine to control blood sugar level16 (%),27.2,,False,True
Tamil Nadu,Tirupathur,Men,78,Blood sugar level - high (141-160 mg/dl)16 (%),11.1,,False,True
Tamil Nadu,Tirupathur,Men,79,Blood sugar level - very high (>160 mg/dl)16 (%),15.1,,False,True
Tamil Nadu,Tirupathur,Men,80,Blood sugar level - high or very high (>140 mg/dl) or taking medicine to control blood sugar level16 (%),28.0,,False,True
Tamil Nadu,Tirupathur,Women,81,Mildly elevated blood pressure (Systolic 140-159 mm of Hg and/or Diastolic 90-99 mm of Hg) (%),11.1,,False,True
Tamil Nadu,Tirupathur,Women,82,Moderately or severely elevated blood pressure (Systolic ≥160 mm of Hg and/or Diastolic ≥100 mm,4.3,,False,True
Tamil Nadu,Tirupathur,Women,83,Elevated blood pressure (Systolic ≥140 mm of Hg and/or Diastolic ≥90 mm of Hg) or taking medicine to,23.8,,False,True
Tamil Nadu,Tirupathur,Men,84,Mildly elevated blood pressure (Systolic 140-159 mm of Hg and/or Diastolic 90-99 mm of Hg) (%),15.5,,False,True
Tamil Nadu,Tirupathur,Men,85,Moderately or severely elevated blood pressure (Systolic ≥160 mm of Hg and/or Diastolic ≥100 mm,5.4,,False,True
Tamil Nadu,Tirupathur,Men,86,Elevated blood pressure (Systolic ≥140 mm of Hg and/or Diastolic ≥90 mm of Hg) or taking medicine to,27.2,,False,True
Tamil Nadu,Tirupathur,Men,87,Women having a bank or savings account that they themselves use (%),96.0,,False,True
Tamil Nadu,Tirupathur,Men,88,Women having a mobile phone that they themselves use (%),74.9,,False,True
Tamil Nadu,Tirupathur,Men,89,Women age 15-24 years who use hygienic methods of protection during their menstrual period17 (%),99.5,,False,True
Tamil Nadu,Tirupathur,Tobacco Use and Alcohol Consumption among Adults (age 15 years and above),90,Women age 15 years and above who use any kind of tobacco (%),2.0,,False,True
Tamil Nadu,Tirupathur,Tobacco Use and Alcohol Consumption among Adults (age 15 years and above),91,Men age 15 years and above who use any kind of tobacco (%),14.5,,False,True
Tamil Nadu,Tirupathur,Tobacco Use and Alcohol Consumption among Adults (age 15 years and above),92,Women age 15 years and above who consume alcohol (%),0.3,,False,True
Tamil Nadu,Tirupathur,Tobacco Use and Alcohol Consumption among Adults (age 15 years and above),93,Men age 15 years and above who consume alcohol (%),21.8,,False,True
Tamil Nadu,Tiruppur,Population and Household Profile,1,Population below age 5 years (%),5.9,5.5,False,False
Tamil Nadu,Tiruppur,Population and Household Profile,2,Population below age 15 years (%),18.7,17.8,False,False
Tamil Nadu,Tiruppur,Population and Household Profile,3,Population age 60 years and above (%),15.4,16.5,False,False
Tamil Nadu,Tiruppur,Population and Household Profile,4,Population living in households with electricity (%),99.0,99.5,False,False
Tamil Nadu,Tiruppur,Population and Household Profile,5,Population living in households with an improved drinking-water source1 (%),99.0,99.8,False,False
Tamil Nadu,Tiruppur,Population and Household Profile,6,Households using iodized salt (%),98.3,98.3,False,False
Tamil Nadu,Tiruppur,Population and Household Profile,7,Households with any usual member covered under a health insurance/financing scheme (%),53.7,59.9,False,False
Tamil Nadu,Tiruppur,Population and Household Profile,8,Households with any usual member having a bank account/post office account (%),98.2,96.4,False,False
Tamil Nadu,Tiruppur,Population and Household Profile,9,Female population age 6 years and above who ever attended school (%),78.1,75.8,False,False
Tamil Nadu,Tiruppur,Population and Household Profile,10,Households with any usual female members owning a house and/or land (alone or jointly with others) (%),22.7,15.4,False,False
Tamil Nadu,Tiruppur,Population and Household Profile,11,Children age 2-4 years who attended pre-school (%),62.1,20.5,False,False
Tamil Nadu,Tiruppur,Characteristics of Adults (age 15-49 years),12,Women with 10 or more years of schooling (%),61.7,55.1,False,False
Tamil Nadu,Tiruppur,Characteristics of Adults (age 15-49 years),13,Men with 10 or more years of schooling (%),58.8,55.4,False,False
Tamil Nadu,Tiruppur,Characteristics of Adults (age 15-49 years),14,Women who have ever used the internet (%),64.1,54.0,False,False
Tamil Nadu,Tiruppur,Characteristics of Adults (age 15-49 years),15,Men who have ever used the internet (%),88.7,74.1,False,False
Tamil Nadu,Tiruppur,Marriage and Fertility,16,Women age 20-24 years married before age 18 years (%),9.2,10.5,False,False
Tamil Nadu,Tiruppur,Marriage and Fertility,17,Men age 25-29 years married before age 21 years (%),0.0,*,True,False
Tamil Nadu,Tiruppur,Marriage and Fertility,18,Three or more births in the 5 years preceding the survey (%),0.5,0.7,False,False
Tamil Nadu,Tiruppur,Marriage and Fertility,19,Women age 15-19 years who were already mothers or pregnant at the time of the survey (%),2.9,5.1,False,False
Tamil Nadu,Tiruppur,Marriage and Fertility,20,Any method2 (%),68.1,69.3,False,False
Tamil Nadu,Tiruppur,Marriage and Fertility,21,Any modern method2 (%),65.4,66.0,False,False
Tamil Nadu,Tiruppur,Marriage and Fertility,22,Any traditional method (%),2.7,3.3,False,False
Tamil Nadu,Tiruppur,Marriage and Fertility,23,Female sterilization (%),51.9,59.7,False,False
Tamil Nadu,Tiruppur,Marriage and Fertility,24,Male sterilization (%),0.0,0.0,False,False
Tamil Nadu,Tiruppur,Marriage and Fertility,25,Total unmet need3 (%),6.3,4.6,False,False
Tamil Nadu,Tiruppur,Marriage and Fertility,26,Unmet need for spacing3 (%),3.2,1.3,False,False
Tamil Nadu,Tiruppur,Marriage and Fertility,27,Unmet need for limiting3 (%),3.1,3.3,False,False
Tamil Nadu,Tiruppur,Antenatal Care (for last birth in the 5 years before the survey),28,Mothers who had an antenatal check-up in the first trimester (%),64.8,68.6,False,False
Tamil Nadu,Tiruppur,Antenatal Care (for last birth in the 5 years before the survey),29,Mothers who had any antenatal care visits (%),84.9,96.1,False,False
Tamil Nadu,Tiruppur,Antenatal Care (for last birth in the 5 years before the survey),30,Mothers who had at least 4 antenatal care visits (%),83.6,93.5,False,False
Tamil Nadu,Tiruppur,Antenatal Care (for last birth in the 5 years before the survey),31,Mothers whose last birth was protected against neonatal tetanus4 (%),87.1,95.0,False,False
Tamil Nadu,Tiruppur,Antenatal Care (for last birth in the 5 years before the survey),32,Mothers who consumed iron folic acid for 100 days or more when they were pregnant (%),79.5,95.0,False,False
Tamil Nadu,Tiruppur,Antenatal Care (for last birth in the 5 years before the survey),33,Mothers who consumed iron folic acid for 180 days or more when they were pregnant (%),66.7,74.2,False,False
Tamil Nadu,Tiruppur,Antenatal Care (for last birth in the 5 years before the survey),34,Registered pregnancies for which the mother received a Mother and Child Protection (MCP) card (%),98.5,100.0,False,False
Tamil Nadu,Tiruppur,Delivery Care (for births in the 5 years before the survey),35,Institutional births (%),100.0,100.0,False,False
Tamil Nadu,Tiruppur,Delivery Care (for births in the 5 years before the survey),36,Institutional births in public facility (%),56.0,61.0,False,False
Tamil Nadu,Tiruppur,Delivery Care (for births in the 5 years before the survey),37,Births attended by skilled health personnel5 (%),100.0,100.0,False,False
Tamil Nadu,Tiruppur,Delivery Care (for births in the 5 years before the survey),38,Births delivered by caesarean section (%),54.1,46.4,False,False
Tamil Nadu,Tiruppur,Delivery Care (for births in the 5 years before the survey),39,Births in a private health facility that were delivered by caesarean section (%),55.1,54.1,False,False
Tamil Nadu,Tiruppur,Delivery Care (for births in the 5 years before the survey),40,Births in a public health facility that were delivered by caesarean section (%),53.3,41.5,False,False
Tamil Nadu,Tiruppur,Postnatal Care (for last birth in the 5 years before the survey),41,Mothers who received postnatal care from a doctor/nurse/LHV/ANM/midwife/other health personnel within 2,91.9,98.4,False,False
Tamil Nadu,Tiruppur,Postnatal Care (for last birth in the 5 years before the survey),42,Children born at home who were taken to a health facility for a check-up within 24 hours of birth (%),*,*,True,False
Tamil Nadu,Tiruppur,Postnatal Care (for last birth in the 5 years before the survey),43,Children who received postnatal care from a doctor/nurse/LHV/ANM/midwife/other health personnel within 2,91.9,99.3,False,False
Tamil Nadu,Tiruppur,Child Vaccinations and Vitamin A Supplementation,44,Children age 12-23 months fully vaccinated based on information from either vaccination card or mother's,88.2,*,True,False
Tamil Nadu,Tiruppur,Child Vaccinations and Vitamin A Supplementation,45,Children age 12-23 months fully vaccinated based on information from vaccination card only7 (%),88.0,*,True,False
Tamil Nadu,Tiruppur,Child Vaccinations and Vitamin A Supplementation,46,Children age 12-23 months who have received any vaccine (%),96.6,*,True,False
Tamil Nadu,Tiruppur,Child Vaccinations and Vitamin A Supplementation,47,Children age 12-23 months who have received BCG (%),96.6,*,True,False
Tamil Nadu,Tiruppur,Child Vaccinations and Vitamin A Supplementation,48,Children age 12-23 months who have received 3 doses of polio vaccine8 (%),88.2,*,True,False
Tamil Nadu,Tiruppur,Child Vaccinations and Vitamin A Supplementation,49,Children age 12-23 months who have received 3 doses of pentavalent vaccine (%),88.2,*,True,False
Tamil Nadu,Tiruppur,Child Vaccinations and Vitamin A Supplementation,50,Children age 12-23 months who have received the first dose of measles-containing vaccine (MCV) (%),91.3,*,True,False
Tamil Nadu,Tiruppur,Child Vaccinations and Vitamin A Supplementation,51,Children age 24-35 months who have received a second dose of measles-containing vaccine (MCV) (%),67.3,59.7,True,False
Tamil Nadu,Tiruppur,Child Vaccinations and Vitamin A Supplementation,52,Children age 12-23 months who have received birth dose of hepatitis B vaccine (%),94.0,*,True,False
Tamil Nadu,Tiruppur,Child Vaccinations and Vitamin A Supplementation,53,Children age 12-23 months who have received 3 doses of rotavirus vaccine (%),86.0,*,True,False
Tamil Nadu,Tiruppur,Child Vaccinations and Vitamin A Supplementation,54,Children age 9-35 months who received a vitamin A dose in the last 6 months (%),52.4,74.2,False,False
Tamil Nadu,Tiruppur,Child Vaccinations and Vitamin A Supplementation,55,Children age 12-23 months who received most of their vaccinations in a public health facility (%),82.1,*,True,False
Tamil Nadu,Tiruppur,Child Vaccinations and Vitamin A Supplementation,56,Children age 12-23 months who received most of their vaccinations in a private health facility (%),17.9,*,True,False
Tamil Nadu,Tiruppur,Treatment of Childhood Diseases (children under age 5 years),57,Prevalence of diarrhoea in the 2 weeks preceding the survey (%),8.3,1.5,False,False
Tamil Nadu,Tiruppur,Treatment of Childhood Diseases (children under age 5 years),58,Prevalence of symptoms of acute respiratory infection (ARI) in the 2 weeks preceding the survey (%),0.2,0.7,False,False
Tamil Nadu,Tiruppur,Treatment of Childhood Diseases (children under age 5 years),59,Children with fever or symptoms of ARI in the 2 weeks preceding the survey taken to a health facility or,*,*,True,False
Tamil Nadu,Tiruppur,Child Feeding Practices and Nutritional Status of Children,60,Children under age 3 years breastfed within one hour of birth9 (%),35.1,60.1,False,False
Tamil Nadu,Tiruppur,Child Feeding Practices and Nutritional Status of Children,61,Children under age 6 months exclusively breastfed10 (%),*,*,True,False
Tamil Nadu,Tiruppur,Child Feeding Practices and Nutritional Status of Children,62,Children under age 6 months currently breastfeeding10 (%),*,*,True,False
Tamil Nadu,Tiruppur,Child Feeding Practices and Nutritional Status of Children,63,Children under age 6 months exclusively breastfed or breastfeeding and consuming plain water/other,*,*,True,False
Tamil Nadu,Tiruppur,Child Feeding Practices and Nutritional Status of Children,64,Children age 6-8 months receiving solid or semi-solid food and breastmilk10 (%),*,*,True,False
Tamil Nadu,Tiruppur,Child Feeding Practices and Nutritional Status of Children,65,"Breastfeeding children age 6-23 months receiving an adequate diet10, 11 (%)",12.6,*,True,False
Tamil Nadu,Tiruppur,Child Feeding Practices and Nutritional Status of Children,66,"Non-breastfeeding children age 6-23 months receiving an adequate diet10, 11 (%)",*,*,True,False
Tamil Nadu,Tiruppur,Child Feeding Practices and Nutritional Status of Children,67,"Total children age 6-23 months receiving an adequate diet10, 11 (%)",10.6,16.7,True,False
Tamil Nadu,Tiruppur,Child Feeding Practices and Nutritional Status of Children,68,Children under 5 years who are stunted (height-for-age)12 (%),15.6,21.5,False,False
Tamil Nadu,Tiruppur,Child Feeding Practices and Nutritional Status of Children,69,Children under 5 years who are wasted (weight-for-height)12 (%),9.2,15.3,False,False
Tamil Nadu,Tiruppur,Child Feeding Practices and Nutritional Status of Children,70,Children under 5 years who are severely wasted (weight-for-height)13 (%),3.9,10.3,False,False
Tamil Nadu,Tiruppur,Child Feeding Practices and Nutritional Status of Children,71,Children under 5 years who are underweight (weight-for-age)12 (%),16.8,23.1,False,False
Tamil Nadu,Tiruppur,Child Feeding Practices and Nutritional Status of Children,72,Children under 5 years who are overweight (weight-for-height)14 (%),0.2,6.2,False,False
Tamil Nadu,Tiruppur,Nutritional Status of Adults (age 15-49 years),73,Women whose Body Mass Index (BMI) is below normal (BMI <18.5 kg/m2)15 (%),8.8,9.9,False,False
Tamil Nadu,Tiruppur,Nutritional Status of Adults (age 15-49 years),74,Women who are overweight or obese (BMI ≥25.0 kg/m2)15 (%),47.6,45.0,False,False
Tamil Nadu,Tiruppur,Women,75,Blood sugar level - high (141-160 mg/dl)16 (%),8.2,5.9,False,False
Tamil Nadu,Tiruppur,Women,76,Blood sugar level - very high (>160 mg/dl)16 (%),10.4,11.0,False,False
Tamil Nadu,Tiruppur,Women,77,Blood sugar level - high or very high (>140 mg/dl) or taking medicine to control blood sugar level16 (%),20.1,18.3,False,False
Tamil Nadu,Tiruppur,Men,78,Blood sugar level - high (141-160 mg/dl)16 (%),7.9,6.1,False,False
Tamil Nadu,Tiruppur,Men,79,Blood sugar level - very high (>160 mg/dl)16 (%),15.3,11.0,False,False
Tamil Nadu,Tiruppur,Men,80,Blood sugar level - high or very high (>140 mg/dl) or taking medicine to control blood sugar level16 (%),24.6,18.6,False,False
Tamil Nadu,Tiruppur,Women,81,Mildly elevated blood pressure (Systolic 140-159 mm of Hg and/or Diastolic 90-99 mm of Hg) (%),15.1,15.5,False,False
Tamil Nadu,Tiruppur,Women,82,Moderately or severely elevated blood pressure (Systolic ≥160 mm of Hg and/or Diastolic ≥100 mm,6.6,7.4,False,False
Tamil Nadu,Tiruppur,Women,83,Elevated blood pressure (Systolic ≥140 mm of Hg and/or Diastolic ≥90 mm of Hg) or taking medicine to,27.2,26.8,False,False
Tamil Nadu,Tiruppur,Men,84,Mildly elevated blood pressure (Systolic 140-159 mm of Hg and/or Diastolic 90-99 mm of Hg) (%),16.4,19.0,False,False
Tamil Nadu,Tiruppur,Men,85,Moderately or severely elevated blood pressure (Systolic ≥160 mm of Hg and/or Diastolic ≥100 mm,8.1,7.0,False,False
Tamil Nadu,Tiruppur,Men,86,Elevated blood pressure (Systolic ≥140 mm of Hg and/or Diastolic ≥90 mm of Hg) or taking medicine to,29.9,28.9,False,False
Tamil Nadu,Tiruppur,Men,87,Women having a bank or savings account that they themselves use (%),90.5,90.8,False,False
Tamil Nadu,Tiruppur,Men,88,Women having a mobile phone that they themselves use (%),79.6,71.0,False,False
Tamil Nadu,Tiruppur,Men,89,Women age 15-24 years who use hygienic methods of protection during their menstrual period17 (%),97.7,98.5,False,False
Tamil Nadu,Tiruppur,Tobacco Use and Alcohol Consumption among Adults (age 15 years and above),90,Women age 15 years and above who use any kind of tobacco (%),6.7,5.7,False,False
Tamil Nadu,Tiruppur,Tobacco Use and Alcohol Consumption among Adults (age 15 years and above),91,Men age 15 years and above who use any kind of tobacco (%),24.7,22.8,False,False
Tamil Nadu,Tiruppur,Tobacco Use and Alcohol Consumption among Adults (age 15 years and above),92,Women age 15 years and above who consume alcohol (%),0.3,0.1,False,False
Tamil Nadu,Tiruppur,Tobacco Use and Alcohol Consumption among Adults (age 15 years and above),93,Men age 15 years and above who consume alcohol (%),27.3,26.2,False,False
Tamil Nadu,Tiruvannamalai,Population and Household Profile,1,Population below age 5 years (%),7.2,5.9,False,False
Tamil Nadu,Tiruvannamalai,Population and Household Profile,2,Population below age 15 years (%),22.0,20.9,False,False
Tamil Nadu,Tiruvannamalai,Population and Household Profile,3,Population age 60 years and above (%),16.7,16.8,False,False
Tamil Nadu,Tiruvannamalai,Population and Household Profile,4,Population living in households with electricity (%),99.6,99.0,False,False
Tamil Nadu,Tiruvannamalai,Population and Household Profile,5,Population living in households with an improved drinking-water source1 (%),91.9,98.5,False,False
Tamil Nadu,Tiruvannamalai,Population and Household Profile,6,Households using iodized salt (%),90.9,90.3,False,False
Tamil Nadu,Tiruvannamalai,Population and Household Profile,7,Households with any usual member covered under a health insurance/financing scheme (%),66.1,69.6,False,False
Tamil Nadu,Tiruvannamalai,Population and Household Profile,8,Households with any usual member having a bank account/post office account (%),99.2,96.6,False,False
Tamil Nadu,Tiruvannamalai,Population and Household Profile,9,Female population age 6 years and above who ever attended school (%),74.7,75.5,False,False
Tamil Nadu,Tiruvannamalai,Population and Household Profile,10,Households with any usual female members owning a house and/or land (alone or jointly with others) (%),14.0,18.4,False,False
Tamil Nadu,Tiruvannamalai,Population and Household Profile,11,Children age 2-4 years who attended pre-school (%),68.6,46.4,False,False
Tamil Nadu,Tiruvannamalai,Characteristics of Adults (age 15-49 years),12,Women with 10 or more years of schooling (%),56.4,50.2,False,False
Tamil Nadu,Tiruvannamalai,Characteristics of Adults (age 15-49 years),13,Men with 10 or more years of schooling (%),72.4,58.5,False,False
Tamil Nadu,Tiruvannamalai,Characteristics of Adults (age 15-49 years),14,Women who have ever used the internet (%),42.1,26.0,False,False
Tamil Nadu,Tiruvannamalai,Characteristics of Adults (age 15-49 years),15,Men who have ever used the internet (%),70.9,50.4,False,False
Tamil Nadu,Tiruvannamalai,Marriage and Fertility,16,Women age 20-24 years married before age 18 years (%),15.4,11.6,False,False
Tamil Nadu,Tiruvannamalai,Marriage and Fertility,17,Men age 25-29 years married before age 21 years (%),*,*,True,False
Tamil Nadu,Tiruvannamalai,Marriage and Fertility,18,Three or more births in the 5 years preceding the survey (%),0.9,3.2,False,False
Tamil Nadu,Tiruvannamalai,Marriage and Fertility,19,Women age 15-19 years who were already mothers or pregnant at the time of the survey (%),5.2,8.5,False,False
Tamil Nadu,Tiruvannamalai,Marriage and Fertility,20,Any method2 (%),74.4,71.9,False,False
Tamil Nadu,Tiruvannamalai,Marriage and Fertility,21,Any modern method2 (%),70.6,68.7,False,False
Tamil Nadu,Tiruvannamalai,Marriage and Fertility,22,Any traditional method (%),3.8,3.2,False,False
Tamil Nadu,Tiruvannamalai,Marriage and Fertility,23,Female sterilization (%),62.3,64.5,False,False
Tamil Nadu,Tiruvannamalai,Marriage and Fertility,24,Male sterilization (%),0.2,0.0,False,False
Tamil Nadu,Tiruvannamalai,Marriage and Fertility,25,Total unmet need3 (%),4.1,5.1,False,False
Tamil Nadu,Tiruvannamalai,Marriage and Fertility,26,Unmet need for spacing3 (%),1.3,3.3,False,False
Tamil Nadu,Tiruvannamalai,Marriage and Fertility,27,Unmet need for limiting3 (%),2.8,1.8,False,False
Tamil Nadu,Tiruvannamalai,Antenatal Care (for last birth in the 5 years before the survey),28,Mothers who had an antenatal check-up in the first trimester (%),70.0,81.2,False,False
Tamil Nadu,Tiruvannamalai,Antenatal Care (for last birth in the 5 years before the survey),29,Mothers who had any antenatal care visits (%),96.6,98.2,False,False
Tamil Nadu,Tiruvannamalai,Antenatal Care (for last birth in the 5 years before the survey),30,Mothers who had at least 4 antenatal care visits (%),95.0,97.7,False,False
Tamil Nadu,Tiruvannamalai,Antenatal Care (for last birth in the 5 years before the survey),31,Mothers whose last birth was protected against neonatal tetanus4 (%),91.0,94.3,False,False
Tamil Nadu,Tiruvannamalai,Antenatal Care (for last birth in the 5 years before the survey),32,Mothers who consumed iron folic acid for 100 days or more when they were pregnant (%),72.7,84.5,False,False
Tamil Nadu,Tiruvannamalai,Antenatal Care (for last birth in the 5 years before the survey),33,Mothers who consumed iron folic acid for 180 days or more when they were pregnant (%),54.2,63.5,False,False
Tamil Nadu,Tiruvannamalai,Antenatal Care (for last birth in the 5 years before the survey),34,Registered pregnancies for which the mother received a Mother and Child Protection (MCP) card (%),99.4,100.0,False,False
Tamil Nadu,Tiruvannamalai,Delivery Care (for births in the 5 years before the survey),35,Institutional births (%),99.2,99.1,False,False
Tamil Nadu,Tiruvannamalai,Delivery Care (for births in the 5 years before the survey),36,Institutional births in public facility (%),85.5,85.8,False,False
Tamil Nadu,Tiruvannamalai,Delivery Care (for births in the 5 years before the survey),37,Births attended by skilled health personnel5 (%),99.4,99.1,False,False
Tamil Nadu,Tiruvannamalai,Delivery Care (for births in the 5 years before the survey),38,Births delivered by caesarean section (%),31.7,27.7,False,False
Tamil Nadu,Tiruvannamalai,Delivery Care (for births in the 5 years before the survey),39,Births in a private health facility that were delivered by caesarean section (%),38.4,70.1,True,False
Tamil Nadu,Tiruvannamalai,Delivery Care (for births in the 5 years before the survey),40,Births in a public health facility that were delivered by caesarean section (%),30.9,21.5,False,False
Tamil Nadu,Tiruvannamalai,Postnatal Care (for last birth in the 5 years before the survey),41,Mothers who received postnatal care from a doctor/nurse/LHV/ANM/midwife/other health personnel within 2,90.0,98.1,False,False
Tamil Nadu,Tiruvannamalai,Postnatal Care (for last birth in the 5 years before the survey),42,Children born at home who were taken to a health facility for a check-up within 24 hours of birth (%),*,*,True,False
Tamil Nadu,Tiruvannamalai,Postnatal Care (for last birth in the 5 years before the survey),43,Children who received postnatal care from a doctor/nurse/LHV/ANM/midwife/other health personnel within 2,90.9,98.6,False,False
Tamil Nadu,Tiruvannamalai,Child Vaccinations and Vitamin A Supplementation,44,Children age 12-23 months fully vaccinated based on information from either vaccination card or mother's,87.0,97.1,True,False
Tamil Nadu,Tiruvannamalai,Child Vaccinations and Vitamin A Supplementation,45,Children age 12-23 months fully vaccinated based on information from vaccination card only7 (%),86.6,92.6,True,False
Tamil Nadu,Tiruvannamalai,Child Vaccinations and Vitamin A Supplementation,46,Children age 12-23 months who have received any vaccine (%),95.3,97.1,True,False
Tamil Nadu,Tiruvannamalai,Child Vaccinations and Vitamin A Supplementation,47,Children age 12-23 months who have received BCG (%),95.3,97.1,True,False
Tamil Nadu,Tiruvannamalai,Child Vaccinations and Vitamin A Supplementation,48,Children age 12-23 months who have received 3 doses of polio vaccine8 (%),91.2,97.1,True,False
Tamil Nadu,Tiruvannamalai,Child Vaccinations and Vitamin A Supplementation,49,Children age 12-23 months who have received 3 doses of pentavalent vaccine (%),88.2,97.1,True,False
Tamil Nadu,Tiruvannamalai,Child Vaccinations and Vitamin A Supplementation,50,Children age 12-23 months who have received the first dose of measles-containing vaccine (MCV) (%),91.0,97.1,True,False
Tamil Nadu,Tiruvannamalai,Child Vaccinations and Vitamin A Supplementation,51,Children age 24-35 months who have received a second dose of measles-containing vaccine (MCV) (%),69.5,81.5,True,False
Tamil Nadu,Tiruvannamalai,Child Vaccinations and Vitamin A Supplementation,52,Children age 12-23 months who have received birth dose of hepatitis B vaccine (%),85.7,94.4,True,False
Tamil Nadu,Tiruvannamalai,Child Vaccinations and Vitamin A Supplementation,53,Children age 12-23 months who have received 3 doses of rotavirus vaccine (%),84.6,76.2,True,False
Tamil Nadu,Tiruvannamalai,Child Vaccinations and Vitamin A Supplementation,54,Children age 9-35 months who received a vitamin A dose in the last 6 months (%),77.6,64.3,False,False
Tamil Nadu,Tiruvannamalai,Child Vaccinations and Vitamin A Supplementation,55,Children age 12-23 months who received most of their vaccinations in a public health facility (%),91.6,100.0,True,False
Tamil Nadu,Tiruvannamalai,Child Vaccinations and Vitamin A Supplementation,56,Children age 12-23 months who received most of their vaccinations in a private health facility (%),8.4,0.0,True,False
Tamil Nadu,Tiruvannamalai,Treatment of Childhood Diseases (children under age 5 years),57,Prevalence of diarrhoea in the 2 weeks preceding the survey (%),5.5,6.0,False,False
Tamil Nadu,Tiruvannamalai,Treatment of Childhood Diseases (children under age 5 years),58,Prevalence of symptoms of acute respiratory infection (ARI) in the 2 weeks preceding the survey (%),0.9,2.6,False,False
Tamil Nadu,Tiruvannamalai,Treatment of Childhood Diseases (children under age 5 years),59,Children with fever or symptoms of ARI in the 2 weeks preceding the survey taken to a health facility or,*,*,True,False
Tamil Nadu,Tiruvannamalai,Child Feeding Practices and Nutritional Status of Children,60,Children under age 3 years breastfed within one hour of birth9 (%),53.5,61.5,False,False
Tamil Nadu,Tiruvannamalai,Child Feeding Practices and Nutritional Status of Children,61,Children under age 6 months exclusively breastfed10 (%),51.6,*,True,False
Tamil Nadu,Tiruvannamalai,Child Feeding Practices and Nutritional Status of Children,62,Children under age 6 months currently breastfeeding10 (%),93.5,*,True,False
Tamil Nadu,Tiruvannamalai,Child Feeding Practices and Nutritional Status of Children,63,Children under age 6 months exclusively breastfed or breastfeeding and consuming plain water/other,84.3,*,True,False
Tamil Nadu,Tiruvannamalai,Child Feeding Practices and Nutritional Status of Children,64,Children age 6-8 months receiving solid or semi-solid food and breastmilk10 (%),*,*,True,False
Tamil Nadu,Tiruvannamalai,Child Feeding Practices and Nutritional Status of Children,65,"Breastfeeding children age 6-23 months receiving an adequate diet10, 11 (%)",15.7,2.5,True,False
Tamil Nadu,Tiruvannamalai,Child Feeding Practices and Nutritional Status of Children,66,"Non-breastfeeding children age 6-23 months receiving an adequate diet10, 11 (%)",*,*,True,False
Tamil Nadu,Tiruvannamalai,Child Feeding Practices and Nutritional Status of Children,67,"Total children age 6-23 months receiving an adequate diet10, 11 (%)",21.2,3.6,False,False
Tamil Nadu,Tiruvannamalai,Child Feeding Practices and Nutritional Status of Children,68,Children under 5 years who are stunted (height-for-age)12 (%),21.0,30.6,False,False
Tamil Nadu,Tiruvannamalai,Child Feeding Practices and Nutritional Status of Children,69,Children under 5 years who are wasted (weight-for-height)12 (%),15.5,14.8,False,False
Tamil Nadu,Tiruvannamalai,Child Feeding Practices and Nutritional Status of Children,70,Children under 5 years who are severely wasted (weight-for-height)13 (%),4.6,4.0,False,False
Tamil Nadu,Tiruvannamalai,Child Feeding Practices and Nutritional Status of Children,71,Children under 5 years who are underweight (weight-for-age)12 (%),19.1,25.0,False,False
Tamil Nadu,Tiruvannamalai,Child Feeding Practices and Nutritional Status of Children,72,Children under 5 years who are overweight (weight-for-height)14 (%),2.7,3.3,False,False
Tamil Nadu,Tiruvannamalai,Nutritional Status of Adults (age 15-49 years),73,Women whose Body Mass Index (BMI) is below normal (BMI <18.5 kg/m2)15 (%),14.8,12.6,False,False
Tamil Nadu,Tiruvannamalai,Nutritional Status of Adults (age 15-49 years),74,Women who are overweight or obese (BMI ≥25.0 kg/m2)15 (%),42.7,37.8,False,False
Tamil Nadu,Tiruvannamalai,Women,75,Blood sugar level - high (141-160 mg/dl)16 (%),8.4,6.7,False,False
Tamil Nadu,Tiruvannamalai,Women,76,Blood sugar level - very high (>160 mg/dl)16 (%),14.1,10.1,False,False
Tamil Nadu,Tiruvannamalai,Women,77,Blood sugar level - high or very high (>140 mg/dl) or taking medicine to control blood sugar level16 (%),25.1,18.8,False,False
Tamil Nadu,Tiruvannamalai,Men,78,Blood sugar level - high (141-160 mg/dl)16 (%),9.0,8.0,False,False
Tamil Nadu,Tiruvannamalai,Men,79,Blood sugar level - very high (>160 mg/dl)16 (%),13.2,12.1,False,False
Tamil Nadu,Tiruvannamalai,Men,80,Blood sugar level - high or very high (>140 mg/dl) or taking medicine to control blood sugar level16 (%),24.9,21.8,False,False
Tamil Nadu,Tiruvannamalai,Women,81,Mildly elevated blood pressure (Systolic 140-159 mm of Hg and/or Diastolic 90-99 mm of Hg) (%),11.0,12.3,False,False
Tamil Nadu,Tiruvannamalai,Women,82,Moderately or severely elevated blood pressure (Systolic ≥160 mm of Hg and/or Diastolic ≥100 mm,3.1,3.9,False,False
Tamil Nadu,Tiruvannamalai,Women,83,Elevated blood pressure (Systolic ≥140 mm of Hg and/or Diastolic ≥90 mm of Hg) or taking medicine to,19.8,19.2,False,False
Tamil Nadu,Tiruvannamalai,Men,84,Mildly elevated blood pressure (Systolic 140-159 mm of Hg and/or Diastolic 90-99 mm of Hg) (%),14.4,16.5,False,False
Tamil Nadu,Tiruvannamalai,Men,85,Moderately or severely elevated blood pressure (Systolic ≥160 mm of Hg and/or Diastolic ≥100 mm,5.5,6.2,False,False
Tamil Nadu,Tiruvannamalai,Men,86,Elevated blood pressure (Systolic ≥140 mm of Hg and/or Diastolic ≥90 mm of Hg) or taking medicine to,23.6,25.8,False,False
Tamil Nadu,Tiruvannamalai,Men,87,Women having a bank or savings account that they themselves use (%),86.2,93.3,False,False
Tamil Nadu,Tiruvannamalai,Men,88,Women having a mobile phone that they themselves use (%),65.8,61.2,False,False
Tamil Nadu,Tiruvannamalai,Men,89,Women age 15-24 years who use hygienic methods of protection during their menstrual period17 (%),98.1,98.7,False,False
Tamil Nadu,Tiruvannamalai,Tobacco Use and Alcohol Consumption among Adults (age 15 years and above),90,Women age 15 years and above who use any kind of tobacco (%),4.3,4.8,False,False
Tamil Nadu,Tiruvannamalai,Tobacco Use and Alcohol Consumption among Adults (age 15 years and above),91,Men age 15 years and above who use any kind of tobacco (%),16.5,17.2,False,False
Tamil Nadu,Tiruvannamalai,Tobacco Use and Alcohol Consumption among Adults (age 15 years and above),92,Women age 15 years and above who consume alcohol (%),0.5,0.2,False,False
Tamil Nadu,Tiruvannamalai,Tobacco Use and Alcohol Consumption among Adults (age 15 years and above),93,Men age 15 years and above who consume alcohol (%),28.5,24.2,False,False
Tamil Nadu,Thoothukkudi,Population and Household Profile,1,Population below age 5 years (%),6.2,5.9,False,False
Tamil Nadu,Thoothukkudi,Population and Household Profile,2,Population below age 15 years (%),19.3,20.9,False,False
Tamil Nadu,Thoothukkudi,Population and Household Profile,3,Population age 60 years and above (%),18.3,15.4,False,False
Tamil Nadu,Thoothukkudi,Population and Household Profile,4,Population living in households with electricity (%),100.0,100.0,False,False
Tamil Nadu,Thoothukkudi,Population and Household Profile,5,Population living in households with an improved drinking-water source1 (%),98.2,97.0,False,False
Tamil Nadu,Thoothukkudi,Population and Household Profile,6,Households using iodized salt (%),91.1,89.0,False,False
Tamil Nadu,Thoothukkudi,Population and Household Profile,7,Households with any usual member covered under a health insurance/financing scheme (%),58.1,57.8,False,False
Tamil Nadu,Thoothukkudi,Population and Household Profile,8,Households with any usual member having a bank account/post office account (%),98.1,97.2,False,False
Tamil Nadu,Thoothukkudi,Population and Household Profile,9,Female population age 6 years and above who ever attended school (%),87.0,86.6,False,False
Tamil Nadu,Thoothukkudi,Population and Household Profile,10,Households with any usual female members owning a house and/or land (alone or jointly with others) (%),17.5,15.9,False,False
Tamil Nadu,Thoothukkudi,Population and Household Profile,11,Children age 2-4 years who attended pre-school (%),61.2,26.7,False,False
Tamil Nadu,Thoothukkudi,Characteristics of Adults (age 15-49 years),12,Women with 10 or more years of schooling (%),65.3,59.5,False,False
Tamil Nadu,Thoothukkudi,Characteristics of Adults (age 15-49 years),13,Men with 10 or more years of schooling (%),54.6,59.9,False,False
Tamil Nadu,Thoothukkudi,Characteristics of Adults (age 15-49 years),14,Women who have ever used the internet (%),68.2,54.8,False,False
Tamil Nadu,Thoothukkudi,Characteristics of Adults (age 15-49 years),15,Men who have ever used the internet (%),69.9,68.0,False,False
Tamil Nadu,Thoothukkudi,Marriage and Fertility,16,Women age 20-24 years married before age 18 years (%),5.1,8.9,False,False
Tamil Nadu,Thoothukkudi,Marriage and Fertility,17,Men age 25-29 years married before age 21 years (%),*,*,True,False
Tamil Nadu,Thoothukkudi,Marriage and Fertility,18,Three or more births in the 5 years preceding the survey (%),1.5,0.0,False,False
Tamil Nadu,Thoothukkudi,Marriage and Fertility,19,Women age 15-19 years who were already mothers or pregnant at the time of the survey (%),0.9,0.9,False,False
Tamil Nadu,Thoothukkudi,Marriage and Fertility,20,Any method2 (%),63.2,67.6,False,False
Tamil Nadu,Thoothukkudi,Marriage and Fertility,21,Any modern method2 (%),61.7,63.8,False,False
Tamil Nadu,Thoothukkudi,Marriage and Fertility,22,Any traditional method (%),1.5,3.8,False,False
Tamil Nadu,Thoothukkudi,Marriage and Fertility,23,Female sterilization (%),50.5,52.4,False,False
Tamil Nadu,Thoothukkudi,Marriage and Fertility,24,Male sterilization (%),0.0,0.0,False,False
Tamil Nadu,Thoothukkudi,Marriage and Fertility,25,Total unmet need3 (%),7.3,8.1,False,False
Tamil Nadu,Thoothukkudi,Marriage and Fertility,26,Unmet need for spacing3 (%),3.0,3.0,False,False
Tamil Nadu,Thoothukkudi,Marriage and Fertility,27,Unmet need for limiting3 (%),4.3,5.1,False,False
Tamil Nadu,Thoothukkudi,Antenatal Care (for last birth in the 5 years before the survey),28,Mothers who had an antenatal check-up in the first trimester (%),72.0,59.2,False,False
Tamil Nadu,Thoothukkudi,Antenatal Care (for last birth in the 5 years before the survey),29,Mothers who had any antenatal care visits (%),98.0,88.3,False,False
Tamil Nadu,Thoothukkudi,Antenatal Care (for last birth in the 5 years before the survey),30,Mothers who had at least 4 antenatal care visits (%),95.9,80.7,False,False
Tamil Nadu,Thoothukkudi,Antenatal Care (for last birth in the 5 years before the survey),31,Mothers whose last birth was protected against neonatal tetanus4 (%),92.9,89.1,False,False
Tamil Nadu,Thoothukkudi,Antenatal Care (for last birth in the 5 years before the survey),32,Mothers who consumed iron folic acid for 100 days or more when they were pregnant (%),88.9,86.1,False,False
Tamil Nadu,Thoothukkudi,Antenatal Care (for last birth in the 5 years before the survey),33,Mothers who consumed iron folic acid for 180 days or more when they were pregnant (%),79.9,70.4,False,False
Tamil Nadu,Thoothukkudi,Antenatal Care (for last birth in the 5 years before the survey),34,Registered pregnancies for which the mother received a Mother and Child Protection (MCP) card (%),99.2,100.0,False,False
Tamil Nadu,Thoothukkudi,Delivery Care (for births in the 5 years before the survey),35,Institutional births (%),100.0,100.0,False,False
Tamil Nadu,Thoothukkudi,Delivery Care (for births in the 5 years before the survey),36,Institutional births in public facility (%),60.2,59.1,False,False
Tamil Nadu,Thoothukkudi,Delivery Care (for births in the 5 years before the survey),37,Births attended by skilled health personnel5 (%),100.0,100.0,False,False
Tamil Nadu,Thoothukkudi,Delivery Care (for births in the 5 years before the survey),38,Births delivered by caesarean section (%),41.7,52.0,False,False
Tamil Nadu,Thoothukkudi,Delivery Care (for births in the 5 years before the survey),39,Births in a private health facility that were delivered by caesarean section (%),54.3,70.9,False,False
Tamil Nadu,Thoothukkudi,Delivery Care (for births in the 5 years before the survey),40,Births in a public health facility that were delivered by caesarean section (%),33.4,38.9,False,False
Tamil Nadu,Thoothukkudi,Postnatal Care (for last birth in the 5 years before the survey),41,Mothers who received postnatal care from a doctor/nurse/LHV/ANM/midwife/other health personnel within 2,96.2,94.8,False,False
Tamil Nadu,Thoothukkudi,Postnatal Care (for last birth in the 5 years before the survey),42,Children born at home who were taken to a health facility for a check-up within 24 hours of birth (%),*,*,True,False
Tamil Nadu,Thoothukkudi,Postnatal Care (for last birth in the 5 years before the survey),43,Children who received postnatal care from a doctor/nurse/LHV/ANM/midwife/other health personnel within 2,97.8,97.2,False,False
Tamil Nadu,Thoothukkudi,Child Vaccinations and Vitamin A Supplementation,44,Children age 12-23 months fully vaccinated based on information from either vaccination card or mother's,99.2,100.0,True,False
Tamil Nadu,Thoothukkudi,Child Vaccinations and Vitamin A Supplementation,45,Children age 12-23 months fully vaccinated based on information from vaccination card only7 (%),96.1,100.0,True,False
Tamil Nadu,Thoothukkudi,Child Vaccinations and Vitamin A Supplementation,46,Children age 12-23 months who have received any vaccine (%),100.0,100.0,True,False
Tamil Nadu,Thoothukkudi,Child Vaccinations and Vitamin A Supplementation,47,Children age 12-23 months who have received BCG (%),100.0,100.0,True,False
Tamil Nadu,Thoothukkudi,Child Vaccinations and Vitamin A Supplementation,48,Children age 12-23 months who have received 3 doses of polio vaccine8 (%),100.0,100.0,True,False
Tamil Nadu,Thoothukkudi,Child Vaccinations and Vitamin A Supplementation,49,Children age 12-23 months who have received 3 doses of pentavalent vaccine (%),99.2,100.0,True,False
Tamil Nadu,Thoothukkudi,Child Vaccinations and Vitamin A Supplementation,50,Children age 12-23 months who have received the first dose of measles-containing vaccine (MCV) (%),100.0,100.0,True,False
Tamil Nadu,Thoothukkudi,Child Vaccinations and Vitamin A Supplementation,51,Children age 24-35 months who have received a second dose of measles-containing vaccine (MCV) (%),90.0,86.3,True,False
Tamil Nadu,Thoothukkudi,Child Vaccinations and Vitamin A Supplementation,52,Children age 12-23 months who have received birth dose of hepatitis B vaccine (%),100.0,100.0,True,False
Tamil Nadu,Thoothukkudi,Child Vaccinations and Vitamin A Supplementation,53,Children age 12-23 months who have received 3 doses of rotavirus vaccine (%),96.9,85.2,True,False
Tamil Nadu,Thoothukkudi,Child Vaccinations and Vitamin A Supplementation,54,Children age 9-35 months who received a vitamin A dose in the last 6 months (%),79.0,63.0,False,False
Tamil Nadu,Thoothukkudi,Child Vaccinations and Vitamin A Supplementation,55,Children age 12-23 months who received most of their vaccinations in a public health facility (%),93.5,93.2,True,False
Tamil Nadu,Thoothukkudi,Child Vaccinations and Vitamin A Supplementation,56,Children age 12-23 months who received most of their vaccinations in a private health facility (%),6.5,6.8,True,False
Tamil Nadu,Thoothukkudi,Treatment of Childhood Diseases (children under age 5 years),57,Prevalence of diarrhoea in the 2 weeks preceding the survey (%),1.4,4.8,False,False
Tamil Nadu,Thoothukkudi,Treatment of Childhood Diseases (children under age 5 years),58,Prevalence of symptoms of acute respiratory infection (ARI) in the 2 weeks preceding the survey (%),0.0,0.7,False,False
Tamil Nadu,Thoothukkudi,Treatment of Childhood Diseases (children under age 5 years),59,Children with fever or symptoms of ARI in the 2 weeks preceding the survey taken to a health facility or,*,*,True,False
Tamil Nadu,Thoothukkudi,Child Feeding Practices and Nutritional Status of Children,60,Children under age 3 years breastfed within one hour of birth9 (%),85.8,53.0,False,False
Tamil Nadu,Thoothukkudi,Child Feeding Practices and Nutritional Status of Children,61,Children under age 6 months exclusively breastfed10 (%),*,*,True,False
Tamil Nadu,Thoothukkudi,Child Feeding Practices and Nutritional Status of Children,62,Children under age 6 months currently breastfeeding10 (%),*,*,True,False
Tamil Nadu,Thoothukkudi,Child Feeding Practices and Nutritional Status of Children,63,Children under age 6 months exclusively breastfed or breastfeeding and consuming plain water/other,*,*,True,False
Tamil Nadu,Thoothukkudi,Child Feeding Practices and Nutritional Status of Children,64,Children age 6-8 months receiving solid or semi-solid food and breastmilk10 (%),*,*,True,False
Tamil Nadu,Thoothukkudi,Child Feeding Practices and Nutritional Status of Children,65,"Breastfeeding children age 6-23 months receiving an adequate diet10, 11 (%)",17.4,16.3,True,False
Tamil Nadu,Thoothukkudi,Child Feeding Practices and Nutritional Status of Children,66,"Non-breastfeeding children age 6-23 months receiving an adequate diet10, 11 (%)",*,*,True,False
Tamil Nadu,Thoothukkudi,Child Feeding Practices and Nutritional Status of Children,67,"Total children age 6-23 months receiving an adequate diet10, 11 (%)",15.5,19.9,False,False
Tamil Nadu,Thoothukkudi,Child Feeding Practices and Nutritional Status of Children,68,Children under 5 years who are stunted (height-for-age)12 (%),18.8,20.3,False,False
Tamil Nadu,Thoothukkudi,Child Feeding Practices and Nutritional Status of Children,69,Children under 5 years who are wasted (weight-for-height)12 (%),24.6,18.4,False,False
Tamil Nadu,Thoothukkudi,Child Feeding Practices and Nutritional Status of Children,70,Children under 5 years who are severely wasted (weight-for-height)13 (%),9.8,7.7,False,False
Tamil Nadu,Thoothukkudi,Child Feeding Practices and Nutritional Status of Children,71,Children under 5 years who are underweight (weight-for-age)12 (%),21.9,21.0,False,False
Tamil Nadu,Thoothukkudi,Child Feeding Practices and Nutritional Status of Children,72,Children under 5 years who are overweight (weight-for-height)14 (%),1.4,6.7,False,False
Tamil Nadu,Thoothukkudi,Nutritional Status of Adults (age 15-49 years),73,Women whose Body Mass Index (BMI) is below normal (BMI <18.5 kg/m2)15 (%),12.0,11.9,False,False
Tamil Nadu,Thoothukkudi,Nutritional Status of Adults (age 15-49 years),74,Women who are overweight or obese (BMI ≥25.0 kg/m2)15 (%),45.4,43.4,False,False
Tamil Nadu,Thoothukkudi,Women,75,Blood sugar level - high (141-160 mg/dl)16 (%),8.8,8.4,False,False
Tamil Nadu,Thoothukkudi,Women,76,Blood sugar level - very high (>160 mg/dl)16 (%),13.8,11.5,False,False
Tamil Nadu,Thoothukkudi,Women,77,Blood sugar level - high or very high (>140 mg/dl) or taking medicine to control blood sugar level16 (%),25.2,22.0,False,False
Tamil Nadu,Thoothukkudi,Men,78,Blood sugar level - high (141-160 mg/dl)16 (%),7.8,9.8,False,False
Tamil Nadu,Thoothukkudi,Men,79,Blood sugar level - very high (>160 mg/dl)16 (%),17.2,13.8,False,False
Tamil Nadu,Thoothukkudi,Men,80,Blood sugar level - high or very high (>140 mg/dl) or taking medicine to control blood sugar level16 (%),26.9,25.4,False,False
Tamil Nadu,Thoothukkudi,Women,81,Mildly elevated blood pressure (Systolic 140-159 mm of Hg and/or Diastolic 90-99 mm of Hg) (%),10.9,15.3,False,False
Tamil Nadu,Thoothukkudi,Women,82,Moderately or severely elevated blood pressure (Systolic ≥160 mm of Hg and/or Diastolic ≥100 mm,5.4,5.2,False,False
Tamil Nadu,Thoothukkudi,Women,83,Elevated blood pressure (Systolic ≥140 mm of Hg and/or Diastolic ≥90 mm of Hg) or taking medicine to,22.6,24.5,False,False
Tamil Nadu,Thoothukkudi,Men,84,Mildly elevated blood pressure (Systolic 140-159 mm of Hg and/or Diastolic 90-99 mm of Hg) (%),14.9,17.3,False,False
Tamil Nadu,Thoothukkudi,Men,85,Moderately or severely elevated blood pressure (Systolic ≥160 mm of Hg and/or Diastolic ≥100 mm,5.3,7.5,False,False
Tamil Nadu,Thoothukkudi,Men,86,Elevated blood pressure (Systolic ≥140 mm of Hg and/or Diastolic ≥90 mm of Hg) or taking medicine to,25.7,28.2,False,False
Tamil Nadu,Thoothukkudi,Men,87,Women having a bank or savings account that they themselves use (%),87.3,94.1,False,False
Tamil Nadu,Thoothukkudi,Men,88,Women having a mobile phone that they themselves use (%),80.5,85.4,False,False
Tamil Nadu,Thoothukkudi,Men,89,Women age 15-24 years who use hygienic methods of protection during their menstrual period17 (%),99.1,99.4,False,False
Tamil Nadu,Thoothukkudi,Tobacco Use and Alcohol Consumption among Adults (age 15 years and above),90,Women age 15 years and above who use any kind of tobacco (%),3.0,1.4,False,False
Tamil Nadu,Thoothukkudi,Tobacco Use and Alcohol Consumption among Adults (age 15 years and above),91,Men age 15 years and above who use any kind of tobacco (%),17.1,18.5,False,False
Tamil Nadu,Thoothukkudi,Tobacco Use and Alcohol Consumption among Adults (age 15 years and above),92,Women age 15 years and above who consume alcohol (%),0.1,0.3,False,False
Tamil Nadu,Thoothukkudi,Tobacco Use and Alcohol Consumption among Adults (age 15 years and above),93,Men age 15 years and above who consume alcohol (%),18.0,21.6,False,False
Tamil Nadu,Vellore,Population and Household Profile,1,Population below age 5 years (%),6.4,,False,True
Tamil Nadu,Vellore,Population and Household Profile,2,Population below age 15 years (%),21.7,,False,True
Tamil Nadu,Vellore,Population and Household Profile,3,Population age 60 years and above (%),15.9,,False,True
Tamil Nadu,Vellore,Population and Household Profile,4,Population living in households with electricity (%),99.6,,False,True
Tamil Nadu,Vellore,Population and Household Profile,5,Population living in households with an improved drinking-water source1 (%),97.1,,False,True
Tamil Nadu,Vellore,Population and Household Profile,6,Households using iodized salt (%),95.6,,False,True
Tamil Nadu,Vellore,Population and Household Profile,7,Households with any usual member covered under a health insurance/financing scheme (%),71.5,,False,True
Tamil Nadu,Vellore,Population and Household Profile,8,Households with any usual member having a bank account/post office account (%),98.9,,False,True
Tamil Nadu,Vellore,Population and Household Profile,9,Female population age 6 years and above who ever attended school (%),81.1,,False,True
Tamil Nadu,Vellore,Population and Household Profile,10,Households with any usual female members owning a house and/or land (alone or jointly with others) (%),16.5,,False,True
Tamil Nadu,Vellore,Population and Household Profile,11,Children age 2-4 years who attended pre-school (%),55.8,,False,True
Tamil Nadu,Vellore,Characteristics of Adults (age 15-49 years),12,Women with 10 or more years of schooling (%),58.8,,False,True
Tamil Nadu,Vellore,Characteristics of Adults (age 15-49 years),13,Men with 10 or more years of schooling (%),60.6,,False,True
Tamil Nadu,Vellore,Characteristics of Adults (age 15-49 years),14,Women who have ever used the internet (%),52.2,,False,True
Tamil Nadu,Vellore,Characteristics of Adults (age 15-49 years),15,Men who have ever used the internet (%),77.7,,False,True
Tamil Nadu,Vellore,Marriage and Fertility,16,Women age 20-24 years married before age 18 years (%),13.7,,False,True
Tamil Nadu,Vellore,Marriage and Fertility,17,Men age 25-29 years married before age 21 years (%),*,,True,True
Tamil Nadu,Vellore,Marriage and Fertility,18,Three or more births in the 5 years preceding the survey (%),0.6,,False,True
Tamil Nadu,Vellore,Marriage and Fertility,19,Women age 15-19 years who were already mothers or pregnant at the time of the survey (%),3.0,,False,True
Tamil Nadu,Vellore,Marriage and Fertility,20,Any method2 (%),66.4,,False,True
Tamil Nadu,Vellore,Marriage and Fertility,21,Any modern method2 (%),62.0,,False,True
Tamil Nadu,Vellore,Marriage and Fertility,22,Any traditional method (%),4.4,,False,True
Tamil Nadu,Vellore,Marriage and Fertility,23,Female sterilization (%),57.5,,False,True
Tamil Nadu,Vellore,Marriage and Fertility,24,Male sterilization (%),0.3,,False,True
Tamil Nadu,Vellore,Marriage and Fertility,25,Total unmet need3 (%),6.8,,False,True
Tamil Nadu,Vellore,Marriage and Fertility,26,Unmet need for spacing3 (%),4.1,,False,True
Tamil Nadu,Vellore,Marriage and Fertility,27,Unmet need for limiting3 (%),2.7,,False,True
Tamil Nadu,Vellore,Antenatal Care (for last birth in the 5 years before the survey),28,Mothers who had an antenatal check-up in the first trimester (%),85.3,,False,True
Tamil Nadu,Vellore,Antenatal Care (for last birth in the 5 years before the survey),29,Mothers who had any antenatal care visits (%),99.2,,False,True
Tamil Nadu,Vellore,Antenatal Care (for last birth in the 5 years before the survey),30,Mothers who had at least 4 antenatal care visits (%),97.9,,False,True
Tamil Nadu,Vellore,Antenatal Care (for last birth in the 5 years before the survey),31,Mothers whose last birth was protected against neonatal tetanus4 (%),96.5,,False,True
Tamil Nadu,Vellore,Antenatal Care (for last birth in the 5 years before the survey),32,Mothers who consumed iron folic acid for 100 days or more when they were pregnant (%),80.8,,False,True
Tamil Nadu,Vellore,Antenatal Care (for last birth in the 5 years before the survey),33,Mothers who consumed iron folic acid for 180 days or more when they were pregnant (%),61.6,,False,True
Tamil Nadu,Vellore,Antenatal Care (for last birth in the 5 years before the survey),34,Registered pregnancies for which the mother received a Mother and Child Protection (MCP) card (%),100.0,,False,True
Tamil Nadu,Vellore,Delivery Care (for births in the 5 years before the survey),35,Institutional births (%),98.3,,False,True
Tamil Nadu,Vellore,Delivery Care (for births in the 5 years before the survey),36,Institutional births in public facility (%),58.5,,False,True
Tamil Nadu,Vellore,Delivery Care (for births in the 5 years before the survey),37,Births attended by skilled health personnel5 (%),98.7,,False,True
Tamil Nadu,Vellore,Delivery Care (for births in the 5 years before the survey),38,Births delivered by caesarean section (%),24.1,,False,True
Tamil Nadu,Vellore,Delivery Care (for births in the 5 years before the survey),39,Births in a private health facility that were delivered by caesarean section (%),30.7,,False,True
Tamil Nadu,Vellore,Delivery Care (for births in the 5 years before the survey),40,Births in a public health facility that were delivered by caesarean section (%),20.3,,False,True
Tamil Nadu,Vellore,Postnatal Care (for last birth in the 5 years before the survey),41,Mothers who received postnatal care from a doctor/nurse/LHV/ANM/midwife/other health personnel within 2,91.9,,False,True
Tamil Nadu,Vellore,Postnatal Care (for last birth in the 5 years before the survey),42,Children born at home who were taken to a health facility for a check-up within 24 hours of birth (%),*,,True,True
Tamil Nadu,Vellore,Postnatal Care (for last birth in the 5 years before the survey),43,Children who received postnatal care from a doctor/nurse/LHV/ANM/midwife/other health personnel within 2,93.6,,False,True
Tamil Nadu,Vellore,Child Vaccinations and Vitamin A Supplementation,44,Children age 12-23 months fully vaccinated based on information from either vaccination card or mother's,94.4,,True,True
Tamil Nadu,Vellore,Child Vaccinations and Vitamin A Supplementation,45,Children age 12-23 months fully vaccinated based on information from vaccination card only7 (%),95.2,,True,True
Tamil Nadu,Vellore,Child Vaccinations and Vitamin A Supplementation,46,Children age 12-23 months who have received any vaccine (%),96.9,,True,True
Tamil Nadu,Vellore,Child Vaccinations and Vitamin A Supplementation,47,Children age 12-23 months who have received BCG (%),94.4,,True,True
Tamil Nadu,Vellore,Child Vaccinations and Vitamin A Supplementation,48,Children age 12-23 months who have received 3 doses of polio vaccine8 (%),96.9,,True,True
Tamil Nadu,Vellore,Child Vaccinations and Vitamin A Supplementation,49,Children age 12-23 months who have received 3 doses of pentavalent vaccine (%),96.9,,True,True
Tamil Nadu,Vellore,Child Vaccinations and Vitamin A Supplementation,50,Children age 12-23 months who have received the first dose of measles-containing vaccine (MCV) (%),96.9,,True,True
Tamil Nadu,Vellore,Child Vaccinations and Vitamin A Supplementation,51,Children age 24-35 months who have received a second dose of measles-containing vaccine (MCV) (%),88.5,,False,True
Tamil Nadu,Vellore,Child Vaccinations and Vitamin A Supplementation,52,Children age 12-23 months who have received birth dose of hepatitis B vaccine (%),91.7,,True,True
Tamil Nadu,Vellore,Child Vaccinations and Vitamin A Supplementation,53,Children age 12-23 months who have received 3 doses of rotavirus vaccine (%),90.5,,True,True
Tamil Nadu,Vellore,Child Vaccinations and Vitamin A Supplementation,54,Children age 9-35 months who received a vitamin A dose in the last 6 months (%),77.4,,False,True
Tamil Nadu,Vellore,Child Vaccinations and Vitamin A Supplementation,55,Children age 12-23 months who received most of their vaccinations in a public health facility (%),86.3,,True,True
Tamil Nadu,Vellore,Child Vaccinations and Vitamin A Supplementation,56,Children age 12-23 months who received most of their vaccinations in a private health facility (%),13.7,,True,True
Tamil Nadu,Vellore,Treatment of Childhood Diseases (children under age 5 years),57,Prevalence of diarrhoea in the 2 weeks preceding the survey (%),1.7,,False,True
Tamil Nadu,Vellore,Treatment of Childhood Diseases (children under age 5 years),58,Prevalence of symptoms of acute respiratory infection (ARI) in the 2 weeks preceding the survey (%),0.5,,False,True
Tamil Nadu,Vellore,Treatment of Childhood Diseases (children under age 5 years),59,Children with fever or symptoms of ARI in the 2 weeks preceding the survey taken to a health facility or,*,,True,True
Tamil Nadu,Vellore,Child Feeding Practices and Nutritional Status of Children,60,Children under age 3 years breastfed within one hour of birth9 (%),67.7,,False,True
Tamil Nadu,Vellore,Child Feeding Practices and Nutritional Status of Children,61,Children under age 6 months exclusively breastfed10 (%),*,,True,True
Tamil Nadu,Vellore,Child Feeding Practices and Nutritional Status of Children,62,Children under age 6 months currently breastfeeding10 (%),*,,True,True
Tamil Nadu,Vellore,Child Feeding Practices and Nutritional Status of Children,63,Children under age 6 months exclusively breastfed or breastfeeding and consuming plain water/other,*,,True,True
Tamil Nadu,Vellore,Child Feeding Practices and Nutritional Status of Children,64,Children age 6-8 months receiving solid or semi-solid food and breastmilk10 (%),*,,True,True
Tamil Nadu,Vellore,Child Feeding Practices and Nutritional Status of Children,65,"Breastfeeding children age 6-23 months receiving an adequate diet10, 11 (%)",13.6,,True,True
Tamil Nadu,Vellore,Child Feeding Practices and Nutritional Status of Children,66,"Non-breastfeeding children age 6-23 months receiving an adequate diet10, 11 (%)",*,,True,True
Tamil Nadu,Vellore,Child Feeding Practices and Nutritional Status of Children,67,"Total children age 6-23 months receiving an adequate diet10, 11 (%)",15.5,,False,True
Tamil Nadu,Vellore,Child Feeding Practices and Nutritional Status of Children,68,Children under 5 years who are stunted (height-for-age)12 (%),18.5,,False,True
Tamil Nadu,Vellore,Child Feeding Practices and Nutritional Status of Children,69,Children under 5 years who are wasted (weight-for-height)12 (%),19.9,,False,True
Tamil Nadu,Vellore,Child Feeding Practices and Nutritional Status of Children,70,Children under 5 years who are severely wasted (weight-for-height)13 (%),6.8,,False,True
Tamil Nadu,Vellore,Child Feeding Practices and Nutritional Status of Children,71,Children under 5 years who are underweight (weight-for-age)12 (%),25.9,,False,True
Tamil Nadu,Vellore,Child Feeding Practices and Nutritional Status of Children,72,Children under 5 years who are overweight (weight-for-height)14 (%),0.9,,False,True
Tamil Nadu,Vellore,Nutritional Status of Adults (age 15-49 years),73,Women whose Body Mass Index (BMI) is below normal (BMI <18.5 kg/m2)15 (%),11.3,,False,True
Tamil Nadu,Vellore,Nutritional Status of Adults (age 15-49 years),74,Women who are overweight or obese (BMI ≥25.0 kg/m2)15 (%),51.0,,False,True
Tamil Nadu,Vellore,Women,75,Blood sugar level - high (141-160 mg/dl)16 (%),9.9,,False,True
Tamil Nadu,Vellore,Women,76,Blood sugar level - very high (>160 mg/dl)16 (%),14.9,,False,True
Tamil Nadu,Vellore,Women,77,Blood sugar level - high or very high (>140 mg/dl) or taking medicine to control blood sugar level16 (%),27.6,,False,True
Tamil Nadu,Vellore,Men,78,Blood sugar level - high (141-160 mg/dl)16 (%),9.6,,False,True
Tamil Nadu,Vellore,Men,79,Blood sugar level - very high (>160 mg/dl)16 (%),14.4,,False,True
Tamil Nadu,Vellore,Men,80,Blood sugar level - high or very high (>140 mg/dl) or taking medicine to control blood sugar level16 (%),27.1,,False,True
Tamil Nadu,Vellore,Women,81,Mildly elevated blood pressure (Systolic 140-159 mm of Hg and/or Diastolic 90-99 mm of Hg) (%),12.4,,False,True
Tamil Nadu,Vellore,Women,82,Moderately or severely elevated blood pressure (Systolic ≥160 mm of Hg and/or Diastolic ≥100 mm,5.1,,False,True
Tamil Nadu,Vellore,Women,83,Elevated blood pressure (Systolic ≥140 mm of Hg and/or Diastolic ≥90 mm of Hg) or taking medicine to,25.1,,False,True
Tamil Nadu,Vellore,Men,84,Mildly elevated blood pressure (Systolic 140-159 mm of Hg and/or Diastolic 90-99 mm of Hg) (%),15.9,,False,True
Tamil Nadu,Vellore,Men,85,Moderately or severely elevated blood pressure (Systolic ≥160 mm of Hg and/or Diastolic ≥100 mm,8.9,,False,True
Tamil Nadu,Vellore,Men,86,Elevated blood pressure (Systolic ≥140 mm of Hg and/or Diastolic ≥90 mm of Hg) or taking medicine to,30.5,,False,True
Tamil Nadu,Vellore,Men,87,Women having a bank or savings account that they themselves use (%),91.6,,False,True
Tamil Nadu,Vellore,Men,88,Women having a mobile phone that they themselves use (%),69.1,,False,True
Tamil Nadu,Vellore,Men,89,Women age 15-24 years who use hygienic methods of protection during their menstrual period17 (%),97.0,,False,True
Tamil Nadu,Vellore,Tobacco Use and Alcohol Consumption among Adults (age 15 years and above),90,Women age 15 years and above who use any kind of tobacco (%),2.6,,False,True
Tamil Nadu,Vellore,Tobacco Use and Alcohol Consumption among Adults (age 15 years and above),91,Men age 15 years and above who use any kind of tobacco (%),13.3,,False,True
Tamil Nadu,Vellore,Tobacco Use and Alcohol Consumption among Adults (age 15 years and above),92,Women age 15 years and above who consume alcohol (%),0.3,,False,True
Tamil Nadu,Vellore,Tobacco Use and Alcohol Consumption among Adults (age 15 years and above),93,Men age 15 years and above who consume alcohol (%),20.2,,False,True
Tamil Nadu,Villupuram,Population and Household Profile,1,Population below age 5 years (%),6.2,,False,True
Tamil Nadu,Villupuram,Population and Household Profile,2,Population below age 15 years (%),21.6,,False,True
Tamil Nadu,Villupuram,Population and Household Profile,3,Population age 60 years and above (%),16.0,,False,True
Tamil Nadu,Villupuram,Population and Household Profile,4,Population living in households with electricity (%),99.9,,False,True
Tamil Nadu,Villupuram,Population and Household Profile,5,Population living in households with an improved drinking-water source1 (%),98.9,,False,True
Tamil Nadu,Villupuram,Population and Household Profile,6,Households using iodized salt (%),86.8,,False,True
Tamil Nadu,Villupuram,Population and Household Profile,7,Households with any usual member covered under a health insurance/financing scheme (%),63.9,,False,True
Tamil Nadu,Villupuram,Population and Household Profile,8,Households with any usual member having a bank account/post office account (%),99.2,,False,True
Tamil Nadu,Villupuram,Population and Household Profile,9,Female population age 6 years and above who ever attended school (%),74.9,,False,True
Tamil Nadu,Villupuram,Population and Household Profile,10,Households with any usual female members owning a house and/or land (alone or jointly with others) (%),15.2,,False,True
Tamil Nadu,Villupuram,Population and Household Profile,11,Children age 2-4 years who attended pre-school (%),65.8,,False,True
Tamil Nadu,Villupuram,Characteristics of Adults (age 15-49 years),12,Women with 10 or more years of schooling (%),62.1,,False,True
Tamil Nadu,Villupuram,Characteristics of Adults (age 15-49 years),13,Men with 10 or more years of schooling (%),81.8,,False,True
Tamil Nadu,Villupuram,Characteristics of Adults (age 15-49 years),14,Women who have ever used the internet (%),44.7,,False,True
Tamil Nadu,Villupuram,Characteristics of Adults (age 15-49 years),15,Men who have ever used the internet (%),82.2,,False,True
Tamil Nadu,Villupuram,Marriage and Fertility,16,Women age 20-24 years married before age 18 years (%),5.9,,False,True
Tamil Nadu,Villupuram,Marriage and Fertility,17,Men age 25-29 years married before age 21 years (%),*,,True,True
Tamil Nadu,Villupuram,Marriage and Fertility,18,Three or more births in the 5 years preceding the survey (%),0.0,,False,True
Tamil Nadu,Villupuram,Marriage and Fertility,19,Women age 15-19 years who were already mothers or pregnant at the time of the survey (%),3.8,,False,True
Tamil Nadu,Villupuram,Marriage and Fertility,20,Any method2 (%),78.0,,False,True
Tamil Nadu,Villupuram,Marriage and Fertility,21,Any modern method2 (%),74.2,,False,True
Tamil Nadu,Villupuram,Marriage and Fertility,22,Any traditional method (%),3.8,,False,True
Tamil Nadu,Villupuram,Marriage and Fertility,23,Female sterilization (%),66.3,,False,True
Tamil Nadu,Villupuram,Marriage and Fertility,24,Male sterilization (%),0.0,,False,True
Tamil Nadu,Villupuram,Marriage and Fertility,25,Total unmet need3 (%),4.8,,False,True
Tamil Nadu,Villupuram,Marriage and Fertility,26,Unmet need for spacing3 (%),3.1,,False,True
Tamil Nadu,Villupuram,Marriage and Fertility,27,Unmet need for limiting3 (%),1.7,,False,True
Tamil Nadu,Villupuram,Antenatal Care (for last birth in the 5 years before the survey),28,Mothers who had an antenatal check-up in the first trimester (%),75.4,,False,True
Tamil Nadu,Villupuram,Antenatal Care (for last birth in the 5 years before the survey),29,Mothers who had any antenatal care visits (%),95.3,,False,True
Tamil Nadu,Villupuram,Antenatal Care (for last birth in the 5 years before the survey),30,Mothers who had at least 4 antenatal care visits (%),83.4,,False,True
Tamil Nadu,Villupuram,Antenatal Care (for last birth in the 5 years before the survey),31,Mothers whose last birth was protected against neonatal tetanus4 (%),94.5,,False,True
Tamil Nadu,Villupuram,Antenatal Care (for last birth in the 5 years before the survey),32,Mothers who consumed iron folic acid for 100 days or more when they were pregnant (%),74.9,,False,True
Tamil Nadu,Villupuram,Antenatal Care (for last birth in the 5 years before the survey),33,Mothers who consumed iron folic acid for 180 days or more when they were pregnant (%),53.7,,False,True
Tamil Nadu,Villupuram,Antenatal Care (for last birth in the 5 years before the survey),34,Registered pregnancies for which the mother received a Mother and Child Protection (MCP) card (%),100.0,,False,True
Tamil Nadu,Villupuram,Delivery Care (for births in the 5 years before the survey),35,Institutional births (%),100.0,,False,True
Tamil Nadu,Villupuram,Delivery Care (for births in the 5 years before the survey),36,Institutional births in public facility (%),91.8,,False,True
Tamil Nadu,Villupuram,Delivery Care (for births in the 5 years before the survey),37,Births attended by skilled health personnel5 (%),99.6,,False,True
Tamil Nadu,Villupuram,Delivery Care (for births in the 5 years before the survey),38,Births delivered by caesarean section (%),32.9,,False,True
Tamil Nadu,Villupuram,Delivery Care (for births in the 5 years before the survey),39,Births in a private health facility that were delivered by caesarean section (%),*,,True,True
Tamil Nadu,Villupuram,Delivery Care (for births in the 5 years before the survey),40,Births in a public health facility that were delivered by caesarean section (%),30.8,,False,True
Tamil Nadu,Villupuram,Postnatal Care (for last birth in the 5 years before the survey),41,Mothers who received postnatal care from a doctor/nurse/LHV/ANM/midwife/other health personnel within 2,88.3,,False,True
Tamil Nadu,Villupuram,Postnatal Care (for last birth in the 5 years before the survey),42,Children born at home who were taken to a health facility for a check-up within 24 hours of birth (%),*,,True,True
Tamil Nadu,Villupuram,Postnatal Care (for last birth in the 5 years before the survey),43,Children who received postnatal care from a doctor/nurse/LHV/ANM/midwife/other health personnel within 2,90.4,,False,True
Tamil Nadu,Villupuram,Child Vaccinations and Vitamin A Supplementation,44,Children age 12-23 months fully vaccinated based on information from either vaccination card or mother's,100.0,,True,True
Tamil Nadu,Villupuram,Child Vaccinations and Vitamin A Supplementation,45,Children age 12-23 months fully vaccinated based on information from vaccination card only7 (%),100.0,,True,True
Tamil Nadu,Villupuram,Child Vaccinations and Vitamin A Supplementation,46,Children age 12-23 months who have received any vaccine (%),100.0,,True,True
Tamil Nadu,Villupuram,Child Vaccinations and Vitamin A Supplementation,47,Children age 12-23 months who have received BCG (%),100.0,,True,True
Tamil Nadu,Villupuram,Child Vaccinations and Vitamin A Supplementation,48,Children age 12-23 months who have received 3 doses of polio vaccine8 (%),100.0,,True,True
Tamil Nadu,Villupuram,Child Vaccinations and Vitamin A Supplementation,49,Children age 12-23 months who have received 3 doses of pentavalent vaccine (%),100.0,,True,True
Tamil Nadu,Villupuram,Child Vaccinations and Vitamin A Supplementation,50,Children age 12-23 months who have received the first dose of measles-containing vaccine (MCV) (%),100.0,,True,True
Tamil Nadu,Villupuram,Child Vaccinations and Vitamin A Supplementation,51,Children age 24-35 months who have received a second dose of measles-containing vaccine (MCV) (%),76.3,,True,True
Tamil Nadu,Villupuram,Child Vaccinations and Vitamin A Supplementation,52,Children age 12-23 months who have received birth dose of hepatitis B vaccine (%),96.8,,True,True
Tamil Nadu,Villupuram,Child Vaccinations and Vitamin A Supplementation,53,Children age 12-23 months who have received 3 doses of rotavirus vaccine (%),97.3,,True,True
Tamil Nadu,Villupuram,Child Vaccinations and Vitamin A Supplementation,54,Children age 9-35 months who received a vitamin A dose in the last 6 months (%),84.5,,False,True
Tamil Nadu,Villupuram,Child Vaccinations and Vitamin A Supplementation,55,Children age 12-23 months who received most of their vaccinations in a public health facility (%),96.7,,True,True
Tamil Nadu,Villupuram,Child Vaccinations and Vitamin A Supplementation,56,Children age 12-23 months who received most of their vaccinations in a private health facility (%),1.1,,True,True
Tamil Nadu,Villupuram,Treatment of Childhood Diseases (children under age 5 years),57,Prevalence of diarrhoea in the 2 weeks preceding the survey (%),7.7,,False,True
Tamil Nadu,Villupuram,Treatment of Childhood Diseases (children under age 5 years),58,Prevalence of symptoms of acute respiratory infection (ARI) in the 2 weeks preceding the survey (%),0.5,,False,True
Tamil Nadu,Villupuram,Treatment of Childhood Diseases (children under age 5 years),59,Children with fever or symptoms of ARI in the 2 weeks preceding the survey taken to a health facility or,*,,True,True
Tamil Nadu,Villupuram,Child Feeding Practices and Nutritional Status of Children,60,Children under age 3 years breastfed within one hour of birth9 (%),52.4,,False,True
Tamil Nadu,Villupuram,Child Feeding Practices and Nutritional Status of Children,61,Children under age 6 months exclusively breastfed10 (%),*,,True,True
Tamil Nadu,Villupuram,Child Feeding Practices and Nutritional Status of Children,62,Children under age 6 months currently breastfeeding10 (%),*,,True,True
Tamil Nadu,Villupuram,Child Feeding Practices and Nutritional Status of Children,63,Children under age 6 months exclusively breastfed or breastfeeding and consuming plain water/other,*,,True,True
Tamil Nadu,Villupuram,Child Feeding Practices and Nutritional Status of Children,64,Children age 6-8 months receiving solid or semi-solid food and breastmilk10 (%),*,,True,True
Tamil Nadu,Villupuram,Child Feeding Practices and Nutritional Status of Children,65,"Breastfeeding children age 6-23 months receiving an adequate diet10, 11 (%)",26.5,,True,True
Tamil Nadu,Villupuram,Child Feeding Practices and Nutritional Status of Children,66,"Non-breastfeeding children age 6-23 months receiving an adequate diet10, 11 (%)",*,,True,True
Tamil Nadu,Villupuram,Child Feeding Practices and Nutritional Status of Children,67,"Total children age 6-23 months receiving an adequate diet10, 11 (%)",25.8,,False,True
Tamil Nadu,Villupuram,Child Feeding Practices and Nutritional Status of Children,68,Children under 5 years who are stunted (height-for-age)12 (%),21.2,,False,True
Tamil Nadu,Villupuram,Child Feeding Practices and Nutritional Status of Children,69,Children under 5 years who are wasted (weight-for-height)12 (%),15.8,,False,True
Tamil Nadu,Villupuram,Child Feeding Practices and Nutritional Status of Children,70,Children under 5 years who are severely wasted (weight-for-height)13 (%),5.6,,False,True
Tamil Nadu,Villupuram,Child Feeding Practices and Nutritional Status of Children,71,Children under 5 years who are underweight (weight-for-age)12 (%),26.1,,False,True
Tamil Nadu,Villupuram,Child Feeding Practices and Nutritional Status of Children,72,Children under 5 years who are overweight (weight-for-height)14 (%),0.0,,False,True
Tamil Nadu,Villupuram,Nutritional Status of Adults (age 15-49 years),73,Women whose Body Mass Index (BMI) is below normal (BMI <18.5 kg/m2)15 (%),12.0,,False,True
Tamil Nadu,Villupuram,Nutritional Status of Adults (age 15-49 years),74,Women who are overweight or obese (BMI ≥25.0 kg/m2)15 (%),41.4,,False,True
Tamil Nadu,Villupuram,Women,75,Blood sugar level - high (141-160 mg/dl)16 (%),8.7,,False,True
Tamil Nadu,Villupuram,Women,76,Blood sugar level - very high (>160 mg/dl)16 (%),11.1,,False,True
Tamil Nadu,Villupuram,Women,77,Blood sugar level - high or very high (>140 mg/dl) or taking medicine to control blood sugar level16 (%),21.7,,False,True
Tamil Nadu,Villupuram,Men,78,Blood sugar level - high (141-160 mg/dl)16 (%),7.5,,False,True
Tamil Nadu,Villupuram,Men,79,Blood sugar level - very high (>160 mg/dl)16 (%),11.9,,False,True
Tamil Nadu,Villupuram,Men,80,Blood sugar level - high or very high (>140 mg/dl) or taking medicine to control blood sugar level16 (%),20.8,,False,True
Tamil Nadu,Villupuram,Women,81,Mildly elevated blood pressure (Systolic 140-159 mm of Hg and/or Diastolic 90-99 mm of Hg) (%),11.0,,False,True
Tamil Nadu,Villupuram,Women,82,Moderately or severely elevated blood pressure (Systolic ≥160 mm of Hg and/or Diastolic ≥100 mm,3.2,,False,True
Tamil Nadu,Villupuram,Women,83,Elevated blood pressure (Systolic ≥140 mm of Hg and/or Diastolic ≥90 mm of Hg) or taking medicine to,19.1,,False,True
Tamil Nadu,Villupuram,Men,84,Mildly elevated blood pressure (Systolic 140-159 mm of Hg and/or Diastolic 90-99 mm of Hg) (%),15.7,,False,True
Tamil Nadu,Villupuram,Men,85,Moderately or severely elevated blood pressure (Systolic ≥160 mm of Hg and/or Diastolic ≥100 mm,4.6,,False,True
Tamil Nadu,Villupuram,Men,86,Elevated blood pressure (Systolic ≥140 mm of Hg and/or Diastolic ≥90 mm of Hg) or taking medicine to,23.5,,False,True
Tamil Nadu,Villupuram,Men,87,Women having a bank or savings account that they themselves use (%),93.6,,False,True
Tamil Nadu,Villupuram,Men,88,Women having a mobile phone that they themselves use (%),64.1,,False,True
Tamil Nadu,Villupuram,Men,89,Women age 15-24 years who use hygienic methods of protection during their menstrual period17 (%),98.2,,False,True
Tamil Nadu,Villupuram,Tobacco Use and Alcohol Consumption among Adults (age 15 years and above),90,Women age 15 years and above who use any kind of tobacco (%),6.1,,False,True
Tamil Nadu,Villupuram,Tobacco Use and Alcohol Consumption among Adults (age 15 years and above),91,Men age 15 years and above who use any kind of tobacco (%),18.1,,False,True
Tamil Nadu,Villupuram,Tobacco Use and Alcohol Consumption among Adults (age 15 years and above),92,Women age 15 years and above who consume alcohol (%),0.2,,False,True
Tamil Nadu,Villupuram,Tobacco Use and Alcohol Consumption among Adults (age 15 years and above),93,Men age 15 years and above who consume alcohol (%),29.1,,False,True
Tamil Nadu,Virudhunagar,Population and Household Profile,1,Population below age 5 years (%),6.1,6.5,False,False
Tamil Nadu,Virudhunagar,Population and Household Profile,2,Population below age 15 years (%),19.8,21.4,False,False
Tamil Nadu,Virudhunagar,Population and Household Profile,3,Population age 60 years and above (%),17.8,12.6,False,False
Tamil Nadu,Virudhunagar,Population and Household Profile,4,Population living in households with electricity (%),99.9,99.5,False,False
Tamil Nadu,Virudhunagar,Population and Household Profile,5,Population living in households with an improved drinking-water source1 (%),100.0,97.4,False,False
Tamil Nadu,Virudhunagar,Population and Household Profile,6,Households using iodized salt (%),89.9,89.5,False,False
Tamil Nadu,Virudhunagar,Population and Household Profile,7,Households with any usual member covered under a health insurance/financing scheme (%),59.9,51.3,False,False
Tamil Nadu,Virudhunagar,Population and Household Profile,8,Households with any usual member having a bank account/post office account (%),97.5,92.4,False,False
Tamil Nadu,Virudhunagar,Population and Household Profile,9,Female population age 6 years and above who ever attended school (%),79.0,80.5,False,False
Tamil Nadu,Virudhunagar,Population and Household Profile,10,Households with any usual female members owning a house and/or land (alone or jointly with others) (%),17.2,13.9,False,False
Tamil Nadu,Virudhunagar,Population and Household Profile,11,Children age 2-4 years who attended pre-school (%),70.1,32.2,False,False
Tamil Nadu,Virudhunagar,Characteristics of Adults (age 15-49 years),12,Women with 10 or more years of schooling (%),53.8,53.5,False,False
Tamil Nadu,Virudhunagar,Characteristics of Adults (age 15-49 years),13,Men with 10 or more years of schooling (%),64.0,55.4,False,False
Tamil Nadu,Virudhunagar,Characteristics of Adults (age 15-49 years),14,Women who have ever used the internet (%),62.0,49.5,False,False
Tamil Nadu,Virudhunagar,Characteristics of Adults (age 15-49 years),15,Men who have ever used the internet (%),82.2,59.4,False,False
Tamil Nadu,Virudhunagar,Marriage and Fertility,16,Women age 20-24 years married before age 18 years (%),17.6,15.5,False,False
Tamil Nadu,Virudhunagar,Marriage and Fertility,17,Men age 25-29 years married before age 21 years (%),*,*,True,False
Tamil Nadu,Virudhunagar,Marriage and Fertility,18,Three or more births in the 5 years preceding the survey (%),0.7,0.0,False,False
Tamil Nadu,Virudhunagar,Marriage and Fertility,19,Women age 15-19 years who were already mothers or pregnant at the time of the survey (%),6.3,3.6,False,False
Tamil Nadu,Virudhunagar,Marriage and Fertility,20,Any method2 (%),69.1,68.1,False,False
Tamil Nadu,Virudhunagar,Marriage and Fertility,21,Any modern method2 (%),66.6,66.3,False,False
Tamil Nadu,Virudhunagar,Marriage and Fertility,22,Any traditional method (%),2.5,1.8,False,False
Tamil Nadu,Virudhunagar,Marriage and Fertility,23,Female sterilization (%),61.3,61.2,False,False
Tamil Nadu,Virudhunagar,Marriage and Fertility,24,Male sterilization (%),0.0,0.0,False,False
Tamil Nadu,Virudhunagar,Marriage and Fertility,25,Total unmet need3 (%),6.4,6.4,False,False
Tamil Nadu,Virudhunagar,Marriage and Fertility,26,Unmet need for spacing3 (%),2.6,3.0,False,False
Tamil Nadu,Virudhunagar,Marriage and Fertility,27,Unmet need for limiting3 (%),3.8,3.4,False,False
Tamil Nadu,Virudhunagar,Antenatal Care (for last birth in the 5 years before the survey),28,Mothers who had an antenatal check-up in the first trimester (%),85.3,65.0,False,False
Tamil Nadu,Virudhunagar,Antenatal Care (for last birth in the 5 years before the survey),29,Mothers who had any antenatal care visits (%),97.3,93.2,False,False
Tamil Nadu,Virudhunagar,Antenatal Care (for last birth in the 5 years before the survey),30,Mothers who had at least 4 antenatal care visits (%),95.1,83.4,False,False
Tamil Nadu,Virudhunagar,Antenatal Care (for last birth in the 5 years before the survey),31,Mothers whose last birth was protected against neonatal tetanus4 (%),91.4,86.3,False,False
Tamil Nadu,Virudhunagar,Antenatal Care (for last birth in the 5 years before the survey),32,Mothers who consumed iron folic acid for 100 days or more when they were pregnant (%),90.5,69.5,False,False
Tamil Nadu,Virudhunagar,Antenatal Care (for last birth in the 5 years before the survey),33,Mothers who consumed iron folic acid for 180 days or more when they were pregnant (%),71.4,58.3,False,False
Tamil Nadu,Virudhunagar,Antenatal Care (for last birth in the 5 years before the survey),34,Registered pregnancies for which the mother received a Mother and Child Protection (MCP) card (%),99.1,99.3,False,False
Tamil Nadu,Virudhunagar,Delivery Care (for births in the 5 years before the survey),35,Institutional births (%),100.0,97.8,False,False
Tamil Nadu,Virudhunagar,Delivery Care (for births in the 5 years before the survey),36,Institutional births in public facility (%),59.8,66.3,False,False
Tamil Nadu,Virudhunagar,Delivery Care (for births in the 5 years before the survey),37,Births attended by skilled health personnel5 (%),100.0,100.0,False,False
Tamil Nadu,Virudhunagar,Delivery Care (for births in the 5 years before the survey),38,Births delivered by caesarean section (%),49.2,50.0,False,False
Tamil Nadu,Virudhunagar,Delivery Care (for births in the 5 years before the survey),39,Births in a private health facility that were delivered by caesarean section (%),69.9,65.6,False,False
Tamil Nadu,Virudhunagar,Delivery Care (for births in the 5 years before the survey),40,Births in a public health facility that were delivered by caesarean section (%),35.3,44.3,False,False
Tamil Nadu,Virudhunagar,Postnatal Care (for last birth in the 5 years before the survey),41,Mothers who received postnatal care from a doctor/nurse/LHV/ANM/midwife/other health personnel within 2,93.0,80.2,False,False
Tamil Nadu,Virudhunagar,Postnatal Care (for last birth in the 5 years before the survey),42,Children born at home who were taken to a health facility for a check-up within 24 hours of birth (%),*,*,True,False
Tamil Nadu,Virudhunagar,Postnatal Care (for last birth in the 5 years before the survey),43,Children who received postnatal care from a doctor/nurse/LHV/ANM/midwife/other health personnel within 2,93.2,86.5,False,False
Tamil Nadu,Virudhunagar,Child Vaccinations and Vitamin A Supplementation,44,Children age 12-23 months fully vaccinated based on information from either vaccination card or mother's,89.6,76.7,True,False
Tamil Nadu,Virudhunagar,Child Vaccinations and Vitamin A Supplementation,45,Children age 12-23 months fully vaccinated based on information from vaccination card only7 (%),94.1,77.7,True,False
Tamil Nadu,Virudhunagar,Child Vaccinations and Vitamin A Supplementation,46,Children age 12-23 months who have received any vaccine (%),96.7,100.0,True,False
Tamil Nadu,Virudhunagar,Child Vaccinations and Vitamin A Supplementation,47,Children age 12-23 months who have received BCG (%),96.7,100.0,True,False
Tamil Nadu,Virudhunagar,Child Vaccinations and Vitamin A Supplementation,48,Children age 12-23 months who have received 3 doses of polio vaccine8 (%),89.6,81.4,True,False
Tamil Nadu,Virudhunagar,Child Vaccinations and Vitamin A Supplementation,49,Children age 12-23 months who have received 3 doses of pentavalent vaccine (%),89.6,95.3,True,False
Tamil Nadu,Virudhunagar,Child Vaccinations and Vitamin A Supplementation,50,Children age 12-23 months who have received the first dose of measles-containing vaccine (MCV) (%),96.7,100.0,True,False
Tamil Nadu,Virudhunagar,Child Vaccinations and Vitamin A Supplementation,51,Children age 24-35 months who have received a second dose of measles-containing vaccine (MCV) (%),90.3,72.6,True,False
Tamil Nadu,Virudhunagar,Child Vaccinations and Vitamin A Supplementation,52,Children age 12-23 months who have received birth dose of hepatitis B vaccine (%),94.4,81.9,True,False
Tamil Nadu,Virudhunagar,Child Vaccinations and Vitamin A Supplementation,53,Children age 12-23 months who have received 3 doses of rotavirus vaccine (%),92.2,71.0,True,False
Tamil Nadu,Virudhunagar,Child Vaccinations and Vitamin A Supplementation,54,Children age 9-35 months who received a vitamin A dose in the last 6 months (%),53.4,74.8,False,False
Tamil Nadu,Virudhunagar,Child Vaccinations and Vitamin A Supplementation,55,Children age 12-23 months who received most of their vaccinations in a public health facility (%),93.9,95.3,True,False
Tamil Nadu,Virudhunagar,Child Vaccinations and Vitamin A Supplementation,56,Children age 12-23 months who received most of their vaccinations in a private health facility (%),6.1,4.8,True,False
Tamil Nadu,Virudhunagar,Treatment of Childhood Diseases (children under age 5 years),57,Prevalence of diarrhoea in the 2 weeks preceding the survey (%),8.0,9.3,False,False
Tamil Nadu,Virudhunagar,Treatment of Childhood Diseases (children under age 5 years),58,Prevalence of symptoms of acute respiratory infection (ARI) in the 2 weeks preceding the survey (%),0.0,0.0,False,False
Tamil Nadu,Virudhunagar,Treatment of Childhood Diseases (children under age 5 years),59,Children with fever or symptoms of ARI in the 2 weeks preceding the survey taken to a health facility or,*,*,True,False
Tamil Nadu,Virudhunagar,Child Feeding Practices and Nutritional Status of Children,60,Children under age 3 years breastfed within one hour of birth9 (%),50.7,39.1,False,False
Tamil Nadu,Virudhunagar,Child Feeding Practices and Nutritional Status of Children,61,Children under age 6 months exclusively breastfed10 (%),*,*,True,False
Tamil Nadu,Virudhunagar,Child Feeding Practices and Nutritional Status of Children,62,Children under age 6 months currently breastfeeding10 (%),*,*,True,False
Tamil Nadu,Virudhunagar,Child Feeding Practices and Nutritional Status of Children,63,Children under age 6 months exclusively breastfed or breastfeeding and consuming plain water/other,*,*,True,False
Tamil Nadu,Virudhunagar,Child Feeding Practices and Nutritional Status of Children,64,Children age 6-8 months receiving solid or semi-solid food and breastmilk10 (%),*,*,True,False
Tamil Nadu,Virudhunagar,Child Feeding Practices and Nutritional Status of Children,65,"Breastfeeding children age 6-23 months receiving an adequate diet10, 11 (%)",11.3,21.6,True,False
Tamil Nadu,Virudhunagar,Child Feeding Practices and Nutritional Status of Children,66,"Non-breastfeeding children age 6-23 months receiving an adequate diet10, 11 (%)",*,*,True,False
Tamil Nadu,Virudhunagar,Child Feeding Practices and Nutritional Status of Children,67,"Total children age 6-23 months receiving an adequate diet10, 11 (%)",16.5,18.5,True,False
Tamil Nadu,Virudhunagar,Child Feeding Practices and Nutritional Status of Children,68,Children under 5 years who are stunted (height-for-age)12 (%),23.8,29.2,False,False
Tamil Nadu,Virudhunagar,Child Feeding Practices and Nutritional Status of Children,69,Children under 5 years who are wasted (weight-for-height)12 (%),15.0,14.4,False,False
Tamil Nadu,Virudhunagar,Child Feeding Practices and Nutritional Status of Children,70,Children under 5 years who are severely wasted (weight-for-height)13 (%),5.5,7.6,False,False
Tamil Nadu,Virudhunagar,Child Feeding Practices and Nutritional Status of Children,71,Children under 5 years who are underweight (weight-for-age)12 (%),25.9,23.7,False,False
Tamil Nadu,Virudhunagar,Child Feeding Practices and Nutritional Status of Children,72,Children under 5 years who are overweight (weight-for-height)14 (%),0.9,6.8,False,False
Tamil Nadu,Virudhunagar,Nutritional Status of Adults (age 15-49 years),73,Women whose Body Mass Index (BMI) is below normal (BMI <18.5 kg/m2)15 (%),11.1,14.1,False,False
Tamil Nadu,Virudhunagar,Nutritional Status of Adults (age 15-49 years),74,Women who are overweight or obese (BMI ≥25.0 kg/m2)15 (%),45.0,37.4,False,False
Tamil Nadu,Virudhunagar,Women,75,Blood sugar level - high (141-160 mg/dl)16 (%),9.0,6.2,False,False
Tamil Nadu,Virudhunagar,Women,76,Blood sugar level - very high (>160 mg/dl)16 (%),14.1,10.3,False,False
Tamil Nadu,Virudhunagar,Women,77,Blood sugar level - high or very high (>140 mg/dl) or taking medicine to control blood sugar level16 (%),26.9,19.2,False,False
Tamil Nadu,Virudhunagar,Men,78,Blood sugar level - high (141-160 mg/dl)16 (%),10.9,8.3,False,False
Tamil Nadu,Virudhunagar,Men,79,Blood sugar level - very high (>160 mg/dl)16 (%),16.7,10.6,False,False
Tamil Nadu,Virudhunagar,Men,80,Blood sugar level - high or very high (>140 mg/dl) or taking medicine to control blood sugar level16 (%),30.7,21.6,False,False
Tamil Nadu,Virudhunagar,Women,81,Mildly elevated blood pressure (Systolic 140-159 mm of Hg and/or Diastolic 90-99 mm of Hg) (%),11.4,10.1,False,False
Tamil Nadu,Virudhunagar,Women,82,Moderately or severely elevated blood pressure (Systolic ≥160 mm of Hg and/or Diastolic ≥100 mm,5.1,4.3,False,False
Tamil Nadu,Virudhunagar,Women,83,Elevated blood pressure (Systolic ≥140 mm of Hg and/or Diastolic ≥90 mm of Hg) or taking medicine to,24.4,20.2,False,False
Tamil Nadu,Virudhunagar,Men,84,Mildly elevated blood pressure (Systolic 140-159 mm of Hg and/or Diastolic 90-99 mm of Hg) (%),16.3,13.3,False,False
Tamil Nadu,Virudhunagar,Men,85,Moderately or severely elevated blood pressure (Systolic ≥160 mm of Hg and/or Diastolic ≥100 mm,6.8,6.0,False,False
Tamil Nadu,Virudhunagar,Men,86,Elevated blood pressure (Systolic ≥140 mm of Hg and/or Diastolic ≥90 mm of Hg) or taking medicine to,29.8,22.9,False,False
Tamil Nadu,Virudhunagar,Men,87,Women having a bank or savings account that they themselves use (%),89.3,86.5,False,False
Tamil Nadu,Virudhunagar,Men,88,Women having a mobile phone that they themselves use (%),71.3,78.0,False,False
Tamil Nadu,Virudhunagar,Men,89,Women age 15-24 years who use hygienic methods of protection during their menstrual period17 (%),97.8,97.3,False,False
Tamil Nadu,Virudhunagar,Tobacco Use and Alcohol Consumption among Adults (age 15 years and above),90,Women age 15 years and above who use any kind of tobacco (%),2.3,1.8,False,False
Tamil Nadu,Virudhunagar,Tobacco Use and Alcohol Consumption among Adults (age 15 years and above),91,Men age 15 years and above who use any kind of tobacco (%),18.8,18.8,False,False
Tamil Nadu,Virudhunagar,Tobacco Use and Alcohol Consumption among Adults (age 15 years and above),92,Women age 15 years and above who consume alcohol (%),0.4,0.5,False,False
Tamil Nadu,Virudhunagar,Tobacco Use and Alcohol Consumption among Adults (age 15 years and above),93,Men age 15 years and above who consume alcohol (%),22.7,22.8,False,False
